source name	characteristics[organism]	characteristics[organism part]	characteristics[cell type]	characteristics[disease]	characteristics[material type]	characteristics[sample type]	characteristics[cell line]	characteristics[cellosaurus accession]	characteristics[age]	characteristics[sex]	characteristics[developmental stage]	characteristics[individual]	characteristics[ancestry category]	characteristics[biological replicate]	characteristics[compound]	characteristics[dose]	characteristics[exposure duration]	assay name	technology type	comment[data file]	comment[file uri]	comment[label]	comment[technical replicate]	comment[fraction identifier]	comment[instrument]	comment[proteomics data acquisition method]	comment[cleavage agent details]	comment[dissociation method]	comment[collision energy]	comment[ms1 scan range]	comment[fractionation method]	comment[precursor mass tolerance]	comment[fragment mass tolerance]	comment[sample preparation batch]	comment[modification parameters]	comment[modification parameters]	comment[modification parameters]	comment[modification parameters]	comment[modification parameters]	comment[modification parameters]	comment[modification parameters]	comment[modification parameters]	comment[sdrf version]	comment[sdrf template]	comment[sdrf template]	comment[sdrf template]	factor value[compound]
PXD047934_dmso_rep1	Homo sapiens	not available	not available	not available	cell line	study sample	not available	not available	not available	not available	not available	not available	not available	1	dimethyl sulfoxide	not available	24 hour	272_2023_MN-TMT-Frac1	proteomic profiling by mass spectrometry	272_2023_MN-TMT-Frac1.raw	ftp://ftp.pride.ebi.ac.uk/pride/data/archive/2024/10/PXD047934/272_2023_MN-TMT-Frac1.raw	TMT126	1	1	NT=Q Exactive HF;AC=MS:1002523	NT=Data-dependent acquisition;AC=PRIDE:0000627	NT=Trypsin;AC=MS:1001251	NT=beam-type collision-induced dissociation;AC=MS:1000422	32 NCE	335m/z-1600m/z	NT=High-pH reversed-phase chromatography (hpHRP);AC=PRIDE:0000564	10 ppm	20 ppm	single TMTpro multiplex	NT=Carbamidomethyl;AC=UNIMOD:4;MT=fixed;TA=C;PP=Anywhere	NT=Oxidation;AC=UNIMOD:35;MT=variable;TA=M;PP=Anywhere	NT=Acetyl;AC=UNIMOD:1;MT=variable;PP=Protein N-term	NT=Dioxidation;AC=UNIMOD:425;MT=variable;TA=M,W;PP=Anywhere	NT=Deamidated;AC=UNIMOD:7;MT=variable;TA=N,Q;PP=Anywhere	NT=Gln->pyro-Glu;AC=UNIMOD:28;MT=variable;TA=Q;PP=Any N-term	NT=TMTpro;AC=UNIMOD:2016;MT=fixed;TA=K;PP=Anywhere	NT=TMTpro;AC=UNIMOD:2016;MT=fixed;PP=Any N-term	v3.0.0	ms-proteomics v1.1.0	human v1.1.0	cell-lines v1.1.0	dimethyl sulfoxide
PXD047934_dmso_rep2	Homo sapiens	not available	not available	not available	cell line	study sample	not available	not available	not available	not available	not available	not available	not available	2	dimethyl sulfoxide	not available	24 hour	272_2023_MN-TMT-Frac1	proteomic profiling by mass spectrometry	272_2023_MN-TMT-Frac1.raw	ftp://ftp.pride.ebi.ac.uk/pride/data/archive/2024/10/PXD047934/272_2023_MN-TMT-Frac1.raw	TMT127N	1	1	NT=Q Exactive HF;AC=MS:1002523	NT=Data-dependent acquisition;AC=PRIDE:0000627	NT=Trypsin;AC=MS:1001251	NT=beam-type collision-induced dissociation;AC=MS:1000422	32 NCE	335m/z-1600m/z	NT=High-pH reversed-phase chromatography (hpHRP);AC=PRIDE:0000564	10 ppm	20 ppm	single TMTpro multiplex	NT=Carbamidomethyl;AC=UNIMOD:4;MT=fixed;TA=C;PP=Anywhere	NT=Oxidation;AC=UNIMOD:35;MT=variable;TA=M;PP=Anywhere	NT=Acetyl;AC=UNIMOD:1;MT=variable;PP=Protein N-term	NT=Dioxidation;AC=UNIMOD:425;MT=variable;TA=M,W;PP=Anywhere	NT=Deamidated;AC=UNIMOD:7;MT=variable;TA=N,Q;PP=Anywhere	NT=Gln->pyro-Glu;AC=UNIMOD:28;MT=variable;TA=Q;PP=Any N-term	NT=TMTpro;AC=UNIMOD:2016;MT=fixed;TA=K;PP=Anywhere	NT=TMTpro;AC=UNIMOD:2016;MT=fixed;PP=Any N-term	v3.0.0	ms-proteomics v1.1.0	human v1.1.0	cell-lines v1.1.0	dimethyl sulfoxide
PXD047934_dmso_rep3	Homo sapiens	not available	not available	not available	cell line	study sample	not available	not available	not available	not available	not available	not available	not available	3	dimethyl sulfoxide	not available	24 hour	272_2023_MN-TMT-Frac1	proteomic profiling by mass spectrometry	272_2023_MN-TMT-Frac1.raw	ftp://ftp.pride.ebi.ac.uk/pride/data/archive/2024/10/PXD047934/272_2023_MN-TMT-Frac1.raw	TMT127C	1	1	NT=Q Exactive HF;AC=MS:1002523	NT=Data-dependent acquisition;AC=PRIDE:0000627	NT=Trypsin;AC=MS:1001251	NT=beam-type collision-induced dissociation;AC=MS:1000422	32 NCE	335m/z-1600m/z	NT=High-pH reversed-phase chromatography (hpHRP);AC=PRIDE:0000564	10 ppm	20 ppm	single TMTpro multiplex	NT=Carbamidomethyl;AC=UNIMOD:4;MT=fixed;TA=C;PP=Anywhere	NT=Oxidation;AC=UNIMOD:35;MT=variable;TA=M;PP=Anywhere	NT=Acetyl;AC=UNIMOD:1;MT=variable;PP=Protein N-term	NT=Dioxidation;AC=UNIMOD:425;MT=variable;TA=M,W;PP=Anywhere	NT=Deamidated;AC=UNIMOD:7;MT=variable;TA=N,Q;PP=Anywhere	NT=Gln->pyro-Glu;AC=UNIMOD:28;MT=variable;TA=Q;PP=Any N-term	NT=TMTpro;AC=UNIMOD:2016;MT=fixed;TA=K;PP=Anywhere	NT=TMTpro;AC=UNIMOD:2016;MT=fixed;PP=Any N-term	v3.0.0	ms-proteomics v1.1.0	human v1.1.0	cell-lines v1.1.0	dimethyl sulfoxide
PXD047934_8451_rep1	Homo sapiens	not available	not available	not available	cell line	study sample	not available	not available	not available	not available	not available	not available	not available	1	BI03058451	1 uM	24 hour	272_2023_MN-TMT-Frac1	proteomic profiling by mass spectrometry	272_2023_MN-TMT-Frac1.raw	ftp://ftp.pride.ebi.ac.uk/pride/data/archive/2024/10/PXD047934/272_2023_MN-TMT-Frac1.raw	TMT128N	1	1	NT=Q Exactive HF;AC=MS:1002523	NT=Data-dependent acquisition;AC=PRIDE:0000627	NT=Trypsin;AC=MS:1001251	NT=beam-type collision-induced dissociation;AC=MS:1000422	32 NCE	335m/z-1600m/z	NT=High-pH reversed-phase chromatography (hpHRP);AC=PRIDE:0000564	10 ppm	20 ppm	single TMTpro multiplex	NT=Carbamidomethyl;AC=UNIMOD:4;MT=fixed;TA=C;PP=Anywhere	NT=Oxidation;AC=UNIMOD:35;MT=variable;TA=M;PP=Anywhere	NT=Acetyl;AC=UNIMOD:1;MT=variable;PP=Protein N-term	NT=Dioxidation;AC=UNIMOD:425;MT=variable;TA=M,W;PP=Anywhere	NT=Deamidated;AC=UNIMOD:7;MT=variable;TA=N,Q;PP=Anywhere	NT=Gln->pyro-Glu;AC=UNIMOD:28;MT=variable;TA=Q;PP=Any N-term	NT=TMTpro;AC=UNIMOD:2016;MT=fixed;TA=K;PP=Anywhere	NT=TMTpro;AC=UNIMOD:2016;MT=fixed;PP=Any N-term	v3.0.0	ms-proteomics v1.1.0	human v1.1.0	cell-lines v1.1.0	BI03058451
PXD047934_8451_rep2	Homo sapiens	not available	not available	not available	cell line	study sample	not available	not available	not available	not available	not available	not available	not available	2	BI03058451	1 uM	24 hour	272_2023_MN-TMT-Frac1	proteomic profiling by mass spectrometry	272_2023_MN-TMT-Frac1.raw	ftp://ftp.pride.ebi.ac.uk/pride/data/archive/2024/10/PXD047934/272_2023_MN-TMT-Frac1.raw	TMT128C	1	1	NT=Q Exactive HF;AC=MS:1002523	NT=Data-dependent acquisition;AC=PRIDE:0000627	NT=Trypsin;AC=MS:1001251	NT=beam-type collision-induced dissociation;AC=MS:1000422	32 NCE	335m/z-1600m/z	NT=High-pH reversed-phase chromatography (hpHRP);AC=PRIDE:0000564	10 ppm	20 ppm	single TMTpro multiplex	NT=Carbamidomethyl;AC=UNIMOD:4;MT=fixed;TA=C;PP=Anywhere	NT=Oxidation;AC=UNIMOD:35;MT=variable;TA=M;PP=Anywhere	NT=Acetyl;AC=UNIMOD:1;MT=variable;PP=Protein N-term	NT=Dioxidation;AC=UNIMOD:425;MT=variable;TA=M,W;PP=Anywhere	NT=Deamidated;AC=UNIMOD:7;MT=variable;TA=N,Q;PP=Anywhere	NT=Gln->pyro-Glu;AC=UNIMOD:28;MT=variable;TA=Q;PP=Any N-term	NT=TMTpro;AC=UNIMOD:2016;MT=fixed;TA=K;PP=Anywhere	NT=TMTpro;AC=UNIMOD:2016;MT=fixed;PP=Any N-term	v3.0.0	ms-proteomics v1.1.0	human v1.1.0	cell-lines v1.1.0	BI03058451
PXD047934_8451_rep3	Homo sapiens	not available	not available	not available	cell line	study sample	not available	not available	not available	not available	not available	not available	not available	3	BI03058451	1 uM	24 hour	272_2023_MN-TMT-Frac1	proteomic profiling by mass spectrometry	272_2023_MN-TMT-Frac1.raw	ftp://ftp.pride.ebi.ac.uk/pride/data/archive/2024/10/PXD047934/272_2023_MN-TMT-Frac1.raw	TMT129N	1	1	NT=Q Exactive HF;AC=MS:1002523	NT=Data-dependent acquisition;AC=PRIDE:0000627	NT=Trypsin;AC=MS:1001251	NT=beam-type collision-induced dissociation;AC=MS:1000422	32 NCE	335m/z-1600m/z	NT=High-pH reversed-phase chromatography (hpHRP);AC=PRIDE:0000564	10 ppm	20 ppm	single TMTpro multiplex	NT=Carbamidomethyl;AC=UNIMOD:4;MT=fixed;TA=C;PP=Anywhere	NT=Oxidation;AC=UNIMOD:35;MT=variable;TA=M;PP=Anywhere	NT=Acetyl;AC=UNIMOD:1;MT=variable;PP=Protein N-term	NT=Dioxidation;AC=UNIMOD:425;MT=variable;TA=M,W;PP=Anywhere	NT=Deamidated;AC=UNIMOD:7;MT=variable;TA=N,Q;PP=Anywhere	NT=Gln->pyro-Glu;AC=UNIMOD:28;MT=variable;TA=Q;PP=Any N-term	NT=TMTpro;AC=UNIMOD:2016;MT=fixed;TA=K;PP=Anywhere	NT=TMTpro;AC=UNIMOD:2016;MT=fixed;PP=Any N-term	v3.0.0	ms-proteomics v1.1.0	human v1.1.0	cell-lines v1.1.0	BI03058451
PXD047934_0068_rep1	Homo sapiens	not available	not available	not available	cell line	study sample	not available	not available	not available	not available	not available	not available	not available	1	BI01590068	1 uM	24 hour	272_2023_MN-TMT-Frac1	proteomic profiling by mass spectrometry	272_2023_MN-TMT-Frac1.raw	ftp://ftp.pride.ebi.ac.uk/pride/data/archive/2024/10/PXD047934/272_2023_MN-TMT-Frac1.raw	TMT129C	1	1	NT=Q Exactive HF;AC=MS:1002523	NT=Data-dependent acquisition;AC=PRIDE:0000627	NT=Trypsin;AC=MS:1001251	NT=beam-type collision-induced dissociation;AC=MS:1000422	32 NCE	335m/z-1600m/z	NT=High-pH reversed-phase chromatography (hpHRP);AC=PRIDE:0000564	10 ppm	20 ppm	single TMTpro multiplex	NT=Carbamidomethyl;AC=UNIMOD:4;MT=fixed;TA=C;PP=Anywhere	NT=Oxidation;AC=UNIMOD:35;MT=variable;TA=M;PP=Anywhere	NT=Acetyl;AC=UNIMOD:1;MT=variable;PP=Protein N-term	NT=Dioxidation;AC=UNIMOD:425;MT=variable;TA=M,W;PP=Anywhere	NT=Deamidated;AC=UNIMOD:7;MT=variable;TA=N,Q;PP=Anywhere	NT=Gln->pyro-Glu;AC=UNIMOD:28;MT=variable;TA=Q;PP=Any N-term	NT=TMTpro;AC=UNIMOD:2016;MT=fixed;TA=K;PP=Anywhere	NT=TMTpro;AC=UNIMOD:2016;MT=fixed;PP=Any N-term	v3.0.0	ms-proteomics v1.1.0	human v1.1.0	cell-lines v1.1.0	BI01590068
PXD047934_0068_rep2	Homo sapiens	not available	not available	not available	cell line	study sample	not available	not available	not available	not available	not available	not available	not available	2	BI01590068	1 uM	24 hour	272_2023_MN-TMT-Frac1	proteomic profiling by mass spectrometry	272_2023_MN-TMT-Frac1.raw	ftp://ftp.pride.ebi.ac.uk/pride/data/archive/2024/10/PXD047934/272_2023_MN-TMT-Frac1.raw	TMT130N	1	1	NT=Q Exactive HF;AC=MS:1002523	NT=Data-dependent acquisition;AC=PRIDE:0000627	NT=Trypsin;AC=MS:1001251	NT=beam-type collision-induced dissociation;AC=MS:1000422	32 NCE	335m/z-1600m/z	NT=High-pH reversed-phase chromatography (hpHRP);AC=PRIDE:0000564	10 ppm	20 ppm	single TMTpro multiplex	NT=Carbamidomethyl;AC=UNIMOD:4;MT=fixed;TA=C;PP=Anywhere	NT=Oxidation;AC=UNIMOD:35;MT=variable;TA=M;PP=Anywhere	NT=Acetyl;AC=UNIMOD:1;MT=variable;PP=Protein N-term	NT=Dioxidation;AC=UNIMOD:425;MT=variable;TA=M,W;PP=Anywhere	NT=Deamidated;AC=UNIMOD:7;MT=variable;TA=N,Q;PP=Anywhere	NT=Gln->pyro-Glu;AC=UNIMOD:28;MT=variable;TA=Q;PP=Any N-term	NT=TMTpro;AC=UNIMOD:2016;MT=fixed;TA=K;PP=Anywhere	NT=TMTpro;AC=UNIMOD:2016;MT=fixed;PP=Any N-term	v3.0.0	ms-proteomics v1.1.0	human v1.1.0	cell-lines v1.1.0	BI01590068
PXD047934_0068_rep3	Homo sapiens	not available	not available	not available	cell line	study sample	not available	not available	not available	not available	not available	not available	not available	3	BI01590068	1 uM	24 hour	272_2023_MN-TMT-Frac1	proteomic profiling by mass spectrometry	272_2023_MN-TMT-Frac1.raw	ftp://ftp.pride.ebi.ac.uk/pride/data/archive/2024/10/PXD047934/272_2023_MN-TMT-Frac1.raw	TMT130C	1	1	NT=Q Exactive HF;AC=MS:1002523	NT=Data-dependent acquisition;AC=PRIDE:0000627	NT=Trypsin;AC=MS:1001251	NT=beam-type collision-induced dissociation;AC=MS:1000422	32 NCE	335m/z-1600m/z	NT=High-pH reversed-phase chromatography (hpHRP);AC=PRIDE:0000564	10 ppm	20 ppm	single TMTpro multiplex	NT=Carbamidomethyl;AC=UNIMOD:4;MT=fixed;TA=C;PP=Anywhere	NT=Oxidation;AC=UNIMOD:35;MT=variable;TA=M;PP=Anywhere	NT=Acetyl;AC=UNIMOD:1;MT=variable;PP=Protein N-term	NT=Dioxidation;AC=UNIMOD:425;MT=variable;TA=M,W;PP=Anywhere	NT=Deamidated;AC=UNIMOD:7;MT=variable;TA=N,Q;PP=Anywhere	NT=Gln->pyro-Glu;AC=UNIMOD:28;MT=variable;TA=Q;PP=Any N-term	NT=TMTpro;AC=UNIMOD:2016;MT=fixed;TA=K;PP=Anywhere	NT=TMTpro;AC=UNIMOD:2016;MT=fixed;PP=Any N-term	v3.0.0	ms-proteomics v1.1.0	human v1.1.0	cell-lines v1.1.0	BI01590068
PXD047934_chx_rep1	Homo sapiens	not available	not available	not available	cell line	study sample	not available	not available	not available	not available	not available	not available	not available	1	cycloheximide	100 ug/mL	24 hour	272_2023_MN-TMT-Frac1	proteomic profiling by mass spectrometry	272_2023_MN-TMT-Frac1.raw	ftp://ftp.pride.ebi.ac.uk/pride/data/archive/2024/10/PXD047934/272_2023_MN-TMT-Frac1.raw	TMT131N	1	1	NT=Q Exactive HF;AC=MS:1002523	NT=Data-dependent acquisition;AC=PRIDE:0000627	NT=Trypsin;AC=MS:1001251	NT=beam-type collision-induced dissociation;AC=MS:1000422	32 NCE	335m/z-1600m/z	NT=High-pH reversed-phase chromatography (hpHRP);AC=PRIDE:0000564	10 ppm	20 ppm	single TMTpro multiplex	NT=Carbamidomethyl;AC=UNIMOD:4;MT=fixed;TA=C;PP=Anywhere	NT=Oxidation;AC=UNIMOD:35;MT=variable;TA=M;PP=Anywhere	NT=Acetyl;AC=UNIMOD:1;MT=variable;PP=Protein N-term	NT=Dioxidation;AC=UNIMOD:425;MT=variable;TA=M,W;PP=Anywhere	NT=Deamidated;AC=UNIMOD:7;MT=variable;TA=N,Q;PP=Anywhere	NT=Gln->pyro-Glu;AC=UNIMOD:28;MT=variable;TA=Q;PP=Any N-term	NT=TMTpro;AC=UNIMOD:2016;MT=fixed;TA=K;PP=Anywhere	NT=TMTpro;AC=UNIMOD:2016;MT=fixed;PP=Any N-term	v3.0.0	ms-proteomics v1.1.0	human v1.1.0	cell-lines v1.1.0	cycloheximide
PXD047934_chx_rep2	Homo sapiens	not available	not available	not available	cell line	study sample	not available	not available	not available	not available	not available	not available	not available	2	cycloheximide	100 ug/mL	24 hour	272_2023_MN-TMT-Frac1	proteomic profiling by mass spectrometry	272_2023_MN-TMT-Frac1.raw	ftp://ftp.pride.ebi.ac.uk/pride/data/archive/2024/10/PXD047934/272_2023_MN-TMT-Frac1.raw	TMT131C	1	1	NT=Q Exactive HF;AC=MS:1002523	NT=Data-dependent acquisition;AC=PRIDE:0000627	NT=Trypsin;AC=MS:1001251	NT=beam-type collision-induced dissociation;AC=MS:1000422	32 NCE	335m/z-1600m/z	NT=High-pH reversed-phase chromatography (hpHRP);AC=PRIDE:0000564	10 ppm	20 ppm	single TMTpro multiplex	NT=Carbamidomethyl;AC=UNIMOD:4;MT=fixed;TA=C;PP=Anywhere	NT=Oxidation;AC=UNIMOD:35;MT=variable;TA=M;PP=Anywhere	NT=Acetyl;AC=UNIMOD:1;MT=variable;PP=Protein N-term	NT=Dioxidation;AC=UNIMOD:425;MT=variable;TA=M,W;PP=Anywhere	NT=Deamidated;AC=UNIMOD:7;MT=variable;TA=N,Q;PP=Anywhere	NT=Gln->pyro-Glu;AC=UNIMOD:28;MT=variable;TA=Q;PP=Any N-term	NT=TMTpro;AC=UNIMOD:2016;MT=fixed;TA=K;PP=Anywhere	NT=TMTpro;AC=UNIMOD:2016;MT=fixed;PP=Any N-term	v3.0.0	ms-proteomics v1.1.0	human v1.1.0	cell-lines v1.1.0	cycloheximide
PXD047934_chx_rep3	Homo sapiens	not available	not available	not available	cell line	study sample	not available	not available	not available	not available	not available	not available	not available	3	cycloheximide	100 ug/mL	24 hour	272_2023_MN-TMT-Frac1	proteomic profiling by mass spectrometry	272_2023_MN-TMT-Frac1.raw	ftp://ftp.pride.ebi.ac.uk/pride/data/archive/2024/10/PXD047934/272_2023_MN-TMT-Frac1.raw	TMT132N	1	1	NT=Q Exactive HF;AC=MS:1002523	NT=Data-dependent acquisition;AC=PRIDE:0000627	NT=Trypsin;AC=MS:1001251	NT=beam-type collision-induced dissociation;AC=MS:1000422	32 NCE	335m/z-1600m/z	NT=High-pH reversed-phase chromatography (hpHRP);AC=PRIDE:0000564	10 ppm	20 ppm	single TMTpro multiplex	NT=Carbamidomethyl;AC=UNIMOD:4;MT=fixed;TA=C;PP=Anywhere	NT=Oxidation;AC=UNIMOD:35;MT=variable;TA=M;PP=Anywhere	NT=Acetyl;AC=UNIMOD:1;MT=variable;PP=Protein N-term	NT=Dioxidation;AC=UNIMOD:425;MT=variable;TA=M,W;PP=Anywhere	NT=Deamidated;AC=UNIMOD:7;MT=variable;TA=N,Q;PP=Anywhere	NT=Gln->pyro-Glu;AC=UNIMOD:28;MT=variable;TA=Q;PP=Any N-term	NT=TMTpro;AC=UNIMOD:2016;MT=fixed;TA=K;PP=Anywhere	NT=TMTpro;AC=UNIMOD:2016;MT=fixed;PP=Any N-term	v3.0.0	ms-proteomics v1.1.0	human v1.1.0	cell-lines v1.1.0	cycloheximide
PXD047934_cc885_rep1	Homo sapiens	not available	not available	not available	cell line	study sample	not available	not available	not available	not available	not available	not available	not available	1	CC-885	1 uM	24 hour	272_2023_MN-TMT-Frac1	proteomic profiling by mass spectrometry	272_2023_MN-TMT-Frac1.raw	ftp://ftp.pride.ebi.ac.uk/pride/data/archive/2024/10/PXD047934/272_2023_MN-TMT-Frac1.raw	TMT132C	1	1	NT=Q Exactive HF;AC=MS:1002523	NT=Data-dependent acquisition;AC=PRIDE:0000627	NT=Trypsin;AC=MS:1001251	NT=beam-type collision-induced dissociation;AC=MS:1000422	32 NCE	335m/z-1600m/z	NT=High-pH reversed-phase chromatography (hpHRP);AC=PRIDE:0000564	10 ppm	20 ppm	single TMTpro multiplex	NT=Carbamidomethyl;AC=UNIMOD:4;MT=fixed;TA=C;PP=Anywhere	NT=Oxidation;AC=UNIMOD:35;MT=variable;TA=M;PP=Anywhere	NT=Acetyl;AC=UNIMOD:1;MT=variable;PP=Protein N-term	NT=Dioxidation;AC=UNIMOD:425;MT=variable;TA=M,W;PP=Anywhere	NT=Deamidated;AC=UNIMOD:7;MT=variable;TA=N,Q;PP=Anywhere	NT=Gln->pyro-Glu;AC=UNIMOD:28;MT=variable;TA=Q;PP=Any N-term	NT=TMTpro;AC=UNIMOD:2016;MT=fixed;TA=K;PP=Anywhere	NT=TMTpro;AC=UNIMOD:2016;MT=fixed;PP=Any N-term	v3.0.0	ms-proteomics v1.1.0	human v1.1.0	cell-lines v1.1.0	CC-885
PXD047934_cc885_rep2	Homo sapiens	not available	not available	not available	cell line	study sample	not available	not available	not available	not available	not available	not available	not available	2	CC-885	1 uM	24 hour	272_2023_MN-TMT-Frac1	proteomic profiling by mass spectrometry	272_2023_MN-TMT-Frac1.raw	ftp://ftp.pride.ebi.ac.uk/pride/data/archive/2024/10/PXD047934/272_2023_MN-TMT-Frac1.raw	TMT133N	1	1	NT=Q Exactive HF;AC=MS:1002523	NT=Data-dependent acquisition;AC=PRIDE:0000627	NT=Trypsin;AC=MS:1001251	NT=beam-type collision-induced dissociation;AC=MS:1000422	32 NCE	335m/z-1600m/z	NT=High-pH reversed-phase chromatography (hpHRP);AC=PRIDE:0000564	10 ppm	20 ppm	single TMTpro multiplex	NT=Carbamidomethyl;AC=UNIMOD:4;MT=fixed;TA=C;PP=Anywhere	NT=Oxidation;AC=UNIMOD:35;MT=variable;TA=M;PP=Anywhere	NT=Acetyl;AC=UNIMOD:1;MT=variable;PP=Protein N-term	NT=Dioxidation;AC=UNIMOD:425;MT=variable;TA=M,W;PP=Anywhere	NT=Deamidated;AC=UNIMOD:7;MT=variable;TA=N,Q;PP=Anywhere	NT=Gln->pyro-Glu;AC=UNIMOD:28;MT=variable;TA=Q;PP=Any N-term	NT=TMTpro;AC=UNIMOD:2016;MT=fixed;TA=K;PP=Anywhere	NT=TMTpro;AC=UNIMOD:2016;MT=fixed;PP=Any N-term	v3.0.0	ms-proteomics v1.1.0	human v1.1.0	cell-lines v1.1.0	CC-885
PXD047934_cc885_rep3	Homo sapiens	not available	not available	not available	cell line	study sample	not available	not available	not available	not available	not available	not available	not available	3	CC-885	1 uM	24 hour	272_2023_MN-TMT-Frac1	proteomic profiling by mass spectrometry	272_2023_MN-TMT-Frac1.raw	ftp://ftp.pride.ebi.ac.uk/pride/data/archive/2024/10/PXD047934/272_2023_MN-TMT-Frac1.raw	TMT133C	1	1	NT=Q Exactive HF;AC=MS:1002523	NT=Data-dependent acquisition;AC=PRIDE:0000627	NT=Trypsin;AC=MS:1001251	NT=beam-type collision-induced dissociation;AC=MS:1000422	32 NCE	335m/z-1600m/z	NT=High-pH reversed-phase chromatography (hpHRP);AC=PRIDE:0000564	10 ppm	20 ppm	single TMTpro multiplex	NT=Carbamidomethyl;AC=UNIMOD:4;MT=fixed;TA=C;PP=Anywhere	NT=Oxidation;AC=UNIMOD:35;MT=variable;TA=M;PP=Anywhere	NT=Acetyl;AC=UNIMOD:1;MT=variable;PP=Protein N-term	NT=Dioxidation;AC=UNIMOD:425;MT=variable;TA=M,W;PP=Anywhere	NT=Deamidated;AC=UNIMOD:7;MT=variable;TA=N,Q;PP=Anywhere	NT=Gln->pyro-Glu;AC=UNIMOD:28;MT=variable;TA=Q;PP=Any N-term	NT=TMTpro;AC=UNIMOD:2016;MT=fixed;TA=K;PP=Anywhere	NT=TMTpro;AC=UNIMOD:2016;MT=fixed;PP=Any N-term	v3.0.0	ms-proteomics v1.1.0	human v1.1.0	cell-lines v1.1.0	CC-885
PXD047934_dmso_rep1	Homo sapiens	not available	not available	not available	cell line	study sample	not available	not available	not available	not available	not available	not available	not available	1	dimethyl sulfoxide	not available	24 hour	272_2023_VV-TMT-Frac-11-12-13	proteomic profiling by mass spectrometry	272_2023_VV-TMT-Frac-11-12-13.raw	ftp://ftp.pride.ebi.ac.uk/pride/data/archive/2024/10/PXD047934/272_2023_VV-TMT-Frac-11-12-13.raw	TMT126	not available	not available	NT=Q Exactive HF;AC=MS:1002523	NT=Data-dependent acquisition;AC=PRIDE:0000627	NT=Trypsin;AC=MS:1001251	NT=beam-type collision-induced dissociation;AC=MS:1000422	32 NCE	335m/z-1600m/z	NT=High-pH reversed-phase chromatography (hpHRP);AC=PRIDE:0000564	10 ppm	20 ppm	single TMTpro multiplex	NT=Carbamidomethyl;AC=UNIMOD:4;MT=fixed;TA=C;PP=Anywhere	NT=Oxidation;AC=UNIMOD:35;MT=variable;TA=M;PP=Anywhere	NT=Acetyl;AC=UNIMOD:1;MT=variable;PP=Protein N-term	NT=Dioxidation;AC=UNIMOD:425;MT=variable;TA=M,W;PP=Anywhere	NT=Deamidated;AC=UNIMOD:7;MT=variable;TA=N,Q;PP=Anywhere	NT=Gln->pyro-Glu;AC=UNIMOD:28;MT=variable;TA=Q;PP=Any N-term	NT=TMTpro;AC=UNIMOD:2016;MT=fixed;TA=K;PP=Anywhere	NT=TMTpro;AC=UNIMOD:2016;MT=fixed;PP=Any N-term	v3.0.0	ms-proteomics v1.1.0	human v1.1.0	cell-lines v1.1.0	dimethyl sulfoxide
PXD047934_dmso_rep2	Homo sapiens	not available	not available	not available	cell line	study sample	not available	not available	not available	not available	not available	not available	not available	2	dimethyl sulfoxide	not available	24 hour	272_2023_VV-TMT-Frac-11-12-13	proteomic profiling by mass spectrometry	272_2023_VV-TMT-Frac-11-12-13.raw	ftp://ftp.pride.ebi.ac.uk/pride/data/archive/2024/10/PXD047934/272_2023_VV-TMT-Frac-11-12-13.raw	TMT127N	not available	not available	NT=Q Exactive HF;AC=MS:1002523	NT=Data-dependent acquisition;AC=PRIDE:0000627	NT=Trypsin;AC=MS:1001251	NT=beam-type collision-induced dissociation;AC=MS:1000422	32 NCE	335m/z-1600m/z	NT=High-pH reversed-phase chromatography (hpHRP);AC=PRIDE:0000564	10 ppm	20 ppm	single TMTpro multiplex	NT=Carbamidomethyl;AC=UNIMOD:4;MT=fixed;TA=C;PP=Anywhere	NT=Oxidation;AC=UNIMOD:35;MT=variable;TA=M;PP=Anywhere	NT=Acetyl;AC=UNIMOD:1;MT=variable;PP=Protein N-term	NT=Dioxidation;AC=UNIMOD:425;MT=variable;TA=M,W;PP=Anywhere	NT=Deamidated;AC=UNIMOD:7;MT=variable;TA=N,Q;PP=Anywhere	NT=Gln->pyro-Glu;AC=UNIMOD:28;MT=variable;TA=Q;PP=Any N-term	NT=TMTpro;AC=UNIMOD:2016;MT=fixed;TA=K;PP=Anywhere	NT=TMTpro;AC=UNIMOD:2016;MT=fixed;PP=Any N-term	v3.0.0	ms-proteomics v1.1.0	human v1.1.0	cell-lines v1.1.0	dimethyl sulfoxide
PXD047934_dmso_rep3	Homo sapiens	not available	not available	not available	cell line	study sample	not available	not available	not available	not available	not available	not available	not available	3	dimethyl sulfoxide	not available	24 hour	272_2023_VV-TMT-Frac-11-12-13	proteomic profiling by mass spectrometry	272_2023_VV-TMT-Frac-11-12-13.raw	ftp://ftp.pride.ebi.ac.uk/pride/data/archive/2024/10/PXD047934/272_2023_VV-TMT-Frac-11-12-13.raw	TMT127C	not available	not available	NT=Q Exactive HF;AC=MS:1002523	NT=Data-dependent acquisition;AC=PRIDE:0000627	NT=Trypsin;AC=MS:1001251	NT=beam-type collision-induced dissociation;AC=MS:1000422	32 NCE	335m/z-1600m/z	NT=High-pH reversed-phase chromatography (hpHRP);AC=PRIDE:0000564	10 ppm	20 ppm	single TMTpro multiplex	NT=Carbamidomethyl;AC=UNIMOD:4;MT=fixed;TA=C;PP=Anywhere	NT=Oxidation;AC=UNIMOD:35;MT=variable;TA=M;PP=Anywhere	NT=Acetyl;AC=UNIMOD:1;MT=variable;PP=Protein N-term	NT=Dioxidation;AC=UNIMOD:425;MT=variable;TA=M,W;PP=Anywhere	NT=Deamidated;AC=UNIMOD:7;MT=variable;TA=N,Q;PP=Anywhere	NT=Gln->pyro-Glu;AC=UNIMOD:28;MT=variable;TA=Q;PP=Any N-term	NT=TMTpro;AC=UNIMOD:2016;MT=fixed;TA=K;PP=Anywhere	NT=TMTpro;AC=UNIMOD:2016;MT=fixed;PP=Any N-term	v3.0.0	ms-proteomics v1.1.0	human v1.1.0	cell-lines v1.1.0	dimethyl sulfoxide
PXD047934_8451_rep1	Homo sapiens	not available	not available	not available	cell line	study sample	not available	not available	not available	not available	not available	not available	not available	1	BI03058451	1 uM	24 hour	272_2023_VV-TMT-Frac-11-12-13	proteomic profiling by mass spectrometry	272_2023_VV-TMT-Frac-11-12-13.raw	ftp://ftp.pride.ebi.ac.uk/pride/data/archive/2024/10/PXD047934/272_2023_VV-TMT-Frac-11-12-13.raw	TMT128N	not available	not available	NT=Q Exactive HF;AC=MS:1002523	NT=Data-dependent acquisition;AC=PRIDE:0000627	NT=Trypsin;AC=MS:1001251	NT=beam-type collision-induced dissociation;AC=MS:1000422	32 NCE	335m/z-1600m/z	NT=High-pH reversed-phase chromatography (hpHRP);AC=PRIDE:0000564	10 ppm	20 ppm	single TMTpro multiplex	NT=Carbamidomethyl;AC=UNIMOD:4;MT=fixed;TA=C;PP=Anywhere	NT=Oxidation;AC=UNIMOD:35;MT=variable;TA=M;PP=Anywhere	NT=Acetyl;AC=UNIMOD:1;MT=variable;PP=Protein N-term	NT=Dioxidation;AC=UNIMOD:425;MT=variable;TA=M,W;PP=Anywhere	NT=Deamidated;AC=UNIMOD:7;MT=variable;TA=N,Q;PP=Anywhere	NT=Gln->pyro-Glu;AC=UNIMOD:28;MT=variable;TA=Q;PP=Any N-term	NT=TMTpro;AC=UNIMOD:2016;MT=fixed;TA=K;PP=Anywhere	NT=TMTpro;AC=UNIMOD:2016;MT=fixed;PP=Any N-term	v3.0.0	ms-proteomics v1.1.0	human v1.1.0	cell-lines v1.1.0	BI03058451
PXD047934_8451_rep2	Homo sapiens	not available	not available	not available	cell line	study sample	not available	not available	not available	not available	not available	not available	not available	2	BI03058451	1 uM	24 hour	272_2023_VV-TMT-Frac-11-12-13	proteomic profiling by mass spectrometry	272_2023_VV-TMT-Frac-11-12-13.raw	ftp://ftp.pride.ebi.ac.uk/pride/data/archive/2024/10/PXD047934/272_2023_VV-TMT-Frac-11-12-13.raw	TMT128C	not available	not available	NT=Q Exactive HF;AC=MS:1002523	NT=Data-dependent acquisition;AC=PRIDE:0000627	NT=Trypsin;AC=MS:1001251	NT=beam-type collision-induced dissociation;AC=MS:1000422	32 NCE	335m/z-1600m/z	NT=High-pH reversed-phase chromatography (hpHRP);AC=PRIDE:0000564	10 ppm	20 ppm	single TMTpro multiplex	NT=Carbamidomethyl;AC=UNIMOD:4;MT=fixed;TA=C;PP=Anywhere	NT=Oxidation;AC=UNIMOD:35;MT=variable;TA=M;PP=Anywhere	NT=Acetyl;AC=UNIMOD:1;MT=variable;PP=Protein N-term	NT=Dioxidation;AC=UNIMOD:425;MT=variable;TA=M,W;PP=Anywhere	NT=Deamidated;AC=UNIMOD:7;MT=variable;TA=N,Q;PP=Anywhere	NT=Gln->pyro-Glu;AC=UNIMOD:28;MT=variable;TA=Q;PP=Any N-term	NT=TMTpro;AC=UNIMOD:2016;MT=fixed;TA=K;PP=Anywhere	NT=TMTpro;AC=UNIMOD:2016;MT=fixed;PP=Any N-term	v3.0.0	ms-proteomics v1.1.0	human v1.1.0	cell-lines v1.1.0	BI03058451
PXD047934_8451_rep3	Homo sapiens	not available	not available	not available	cell line	study sample	not available	not available	not available	not available	not available	not available	not available	3	BI03058451	1 uM	24 hour	272_2023_VV-TMT-Frac-11-12-13	proteomic profiling by mass spectrometry	272_2023_VV-TMT-Frac-11-12-13.raw	ftp://ftp.pride.ebi.ac.uk/pride/data/archive/2024/10/PXD047934/272_2023_VV-TMT-Frac-11-12-13.raw	TMT129N	not available	not available	NT=Q Exactive HF;AC=MS:1002523	NT=Data-dependent acquisition;AC=PRIDE:0000627	NT=Trypsin;AC=MS:1001251	NT=beam-type collision-induced dissociation;AC=MS:1000422	32 NCE	335m/z-1600m/z	NT=High-pH reversed-phase chromatography (hpHRP);AC=PRIDE:0000564	10 ppm	20 ppm	single TMTpro multiplex	NT=Carbamidomethyl;AC=UNIMOD:4;MT=fixed;TA=C;PP=Anywhere	NT=Oxidation;AC=UNIMOD:35;MT=variable;TA=M;PP=Anywhere	NT=Acetyl;AC=UNIMOD:1;MT=variable;PP=Protein N-term	NT=Dioxidation;AC=UNIMOD:425;MT=variable;TA=M,W;PP=Anywhere	NT=Deamidated;AC=UNIMOD:7;MT=variable;TA=N,Q;PP=Anywhere	NT=Gln->pyro-Glu;AC=UNIMOD:28;MT=variable;TA=Q;PP=Any N-term	NT=TMTpro;AC=UNIMOD:2016;MT=fixed;TA=K;PP=Anywhere	NT=TMTpro;AC=UNIMOD:2016;MT=fixed;PP=Any N-term	v3.0.0	ms-proteomics v1.1.0	human v1.1.0	cell-lines v1.1.0	BI03058451
PXD047934_0068_rep1	Homo sapiens	not available	not available	not available	cell line	study sample	not available	not available	not available	not available	not available	not available	not available	1	BI01590068	1 uM	24 hour	272_2023_VV-TMT-Frac-11-12-13	proteomic profiling by mass spectrometry	272_2023_VV-TMT-Frac-11-12-13.raw	ftp://ftp.pride.ebi.ac.uk/pride/data/archive/2024/10/PXD047934/272_2023_VV-TMT-Frac-11-12-13.raw	TMT129C	not available	not available	NT=Q Exactive HF;AC=MS:1002523	NT=Data-dependent acquisition;AC=PRIDE:0000627	NT=Trypsin;AC=MS:1001251	NT=beam-type collision-induced dissociation;AC=MS:1000422	32 NCE	335m/z-1600m/z	NT=High-pH reversed-phase chromatography (hpHRP);AC=PRIDE:0000564	10 ppm	20 ppm	single TMTpro multiplex	NT=Carbamidomethyl;AC=UNIMOD:4;MT=fixed;TA=C;PP=Anywhere	NT=Oxidation;AC=UNIMOD:35;MT=variable;TA=M;PP=Anywhere	NT=Acetyl;AC=UNIMOD:1;MT=variable;PP=Protein N-term	NT=Dioxidation;AC=UNIMOD:425;MT=variable;TA=M,W;PP=Anywhere	NT=Deamidated;AC=UNIMOD:7;MT=variable;TA=N,Q;PP=Anywhere	NT=Gln->pyro-Glu;AC=UNIMOD:28;MT=variable;TA=Q;PP=Any N-term	NT=TMTpro;AC=UNIMOD:2016;MT=fixed;TA=K;PP=Anywhere	NT=TMTpro;AC=UNIMOD:2016;MT=fixed;PP=Any N-term	v3.0.0	ms-proteomics v1.1.0	human v1.1.0	cell-lines v1.1.0	BI01590068
PXD047934_0068_rep2	Homo sapiens	not available	not available	not available	cell line	study sample	not available	not available	not available	not available	not available	not available	not available	2	BI01590068	1 uM	24 hour	272_2023_VV-TMT-Frac-11-12-13	proteomic profiling by mass spectrometry	272_2023_VV-TMT-Frac-11-12-13.raw	ftp://ftp.pride.ebi.ac.uk/pride/data/archive/2024/10/PXD047934/272_2023_VV-TMT-Frac-11-12-13.raw	TMT130N	not available	not available	NT=Q Exactive HF;AC=MS:1002523	NT=Data-dependent acquisition;AC=PRIDE:0000627	NT=Trypsin;AC=MS:1001251	NT=beam-type collision-induced dissociation;AC=MS:1000422	32 NCE	335m/z-1600m/z	NT=High-pH reversed-phase chromatography (hpHRP);AC=PRIDE:0000564	10 ppm	20 ppm	single TMTpro multiplex	NT=Carbamidomethyl;AC=UNIMOD:4;MT=fixed;TA=C;PP=Anywhere	NT=Oxidation;AC=UNIMOD:35;MT=variable;TA=M;PP=Anywhere	NT=Acetyl;AC=UNIMOD:1;MT=variable;PP=Protein N-term	NT=Dioxidation;AC=UNIMOD:425;MT=variable;TA=M,W;PP=Anywhere	NT=Deamidated;AC=UNIMOD:7;MT=variable;TA=N,Q;PP=Anywhere	NT=Gln->pyro-Glu;AC=UNIMOD:28;MT=variable;TA=Q;PP=Any N-term	NT=TMTpro;AC=UNIMOD:2016;MT=fixed;TA=K;PP=Anywhere	NT=TMTpro;AC=UNIMOD:2016;MT=fixed;PP=Any N-term	v3.0.0	ms-proteomics v1.1.0	human v1.1.0	cell-lines v1.1.0	BI01590068
PXD047934_0068_rep3	Homo sapiens	not available	not available	not available	cell line	study sample	not available	not available	not available	not available	not available	not available	not available	3	BI01590068	1 uM	24 hour	272_2023_VV-TMT-Frac-11-12-13	proteomic profiling by mass spectrometry	272_2023_VV-TMT-Frac-11-12-13.raw	ftp://ftp.pride.ebi.ac.uk/pride/data/archive/2024/10/PXD047934/272_2023_VV-TMT-Frac-11-12-13.raw	TMT130C	not available	not available	NT=Q Exactive HF;AC=MS:1002523	NT=Data-dependent acquisition;AC=PRIDE:0000627	NT=Trypsin;AC=MS:1001251	NT=beam-type collision-induced dissociation;AC=MS:1000422	32 NCE	335m/z-1600m/z	NT=High-pH reversed-phase chromatography (hpHRP);AC=PRIDE:0000564	10 ppm	20 ppm	single TMTpro multiplex	NT=Carbamidomethyl;AC=UNIMOD:4;MT=fixed;TA=C;PP=Anywhere	NT=Oxidation;AC=UNIMOD:35;MT=variable;TA=M;PP=Anywhere	NT=Acetyl;AC=UNIMOD:1;MT=variable;PP=Protein N-term	NT=Dioxidation;AC=UNIMOD:425;MT=variable;TA=M,W;PP=Anywhere	NT=Deamidated;AC=UNIMOD:7;MT=variable;TA=N,Q;PP=Anywhere	NT=Gln->pyro-Glu;AC=UNIMOD:28;MT=variable;TA=Q;PP=Any N-term	NT=TMTpro;AC=UNIMOD:2016;MT=fixed;TA=K;PP=Anywhere	NT=TMTpro;AC=UNIMOD:2016;MT=fixed;PP=Any N-term	v3.0.0	ms-proteomics v1.1.0	human v1.1.0	cell-lines v1.1.0	BI01590068
PXD047934_chx_rep1	Homo sapiens	not available	not available	not available	cell line	study sample	not available	not available	not available	not available	not available	not available	not available	1	cycloheximide	100 ug/mL	24 hour	272_2023_VV-TMT-Frac-11-12-13	proteomic profiling by mass spectrometry	272_2023_VV-TMT-Frac-11-12-13.raw	ftp://ftp.pride.ebi.ac.uk/pride/data/archive/2024/10/PXD047934/272_2023_VV-TMT-Frac-11-12-13.raw	TMT131N	not available	not available	NT=Q Exactive HF;AC=MS:1002523	NT=Data-dependent acquisition;AC=PRIDE:0000627	NT=Trypsin;AC=MS:1001251	NT=beam-type collision-induced dissociation;AC=MS:1000422	32 NCE	335m/z-1600m/z	NT=High-pH reversed-phase chromatography (hpHRP);AC=PRIDE:0000564	10 ppm	20 ppm	single TMTpro multiplex	NT=Carbamidomethyl;AC=UNIMOD:4;MT=fixed;TA=C;PP=Anywhere	NT=Oxidation;AC=UNIMOD:35;MT=variable;TA=M;PP=Anywhere	NT=Acetyl;AC=UNIMOD:1;MT=variable;PP=Protein N-term	NT=Dioxidation;AC=UNIMOD:425;MT=variable;TA=M,W;PP=Anywhere	NT=Deamidated;AC=UNIMOD:7;MT=variable;TA=N,Q;PP=Anywhere	NT=Gln->pyro-Glu;AC=UNIMOD:28;MT=variable;TA=Q;PP=Any N-term	NT=TMTpro;AC=UNIMOD:2016;MT=fixed;TA=K;PP=Anywhere	NT=TMTpro;AC=UNIMOD:2016;MT=fixed;PP=Any N-term	v3.0.0	ms-proteomics v1.1.0	human v1.1.0	cell-lines v1.1.0	cycloheximide
PXD047934_chx_rep2	Homo sapiens	not available	not available	not available	cell line	study sample	not available	not available	not available	not available	not available	not available	not available	2	cycloheximide	100 ug/mL	24 hour	272_2023_VV-TMT-Frac-11-12-13	proteomic profiling by mass spectrometry	272_2023_VV-TMT-Frac-11-12-13.raw	ftp://ftp.pride.ebi.ac.uk/pride/data/archive/2024/10/PXD047934/272_2023_VV-TMT-Frac-11-12-13.raw	TMT131C	not available	not available	NT=Q Exactive HF;AC=MS:1002523	NT=Data-dependent acquisition;AC=PRIDE:0000627	NT=Trypsin;AC=MS:1001251	NT=beam-type collision-induced dissociation;AC=MS:1000422	32 NCE	335m/z-1600m/z	NT=High-pH reversed-phase chromatography (hpHRP);AC=PRIDE:0000564	10 ppm	20 ppm	single TMTpro multiplex	NT=Carbamidomethyl;AC=UNIMOD:4;MT=fixed;TA=C;PP=Anywhere	NT=Oxidation;AC=UNIMOD:35;MT=variable;TA=M;PP=Anywhere	NT=Acetyl;AC=UNIMOD:1;MT=variable;PP=Protein N-term	NT=Dioxidation;AC=UNIMOD:425;MT=variable;TA=M,W;PP=Anywhere	NT=Deamidated;AC=UNIMOD:7;MT=variable;TA=N,Q;PP=Anywhere	NT=Gln->pyro-Glu;AC=UNIMOD:28;MT=variable;TA=Q;PP=Any N-term	NT=TMTpro;AC=UNIMOD:2016;MT=fixed;TA=K;PP=Anywhere	NT=TMTpro;AC=UNIMOD:2016;MT=fixed;PP=Any N-term	v3.0.0	ms-proteomics v1.1.0	human v1.1.0	cell-lines v1.1.0	cycloheximide
PXD047934_chx_rep3	Homo sapiens	not available	not available	not available	cell line	study sample	not available	not available	not available	not available	not available	not available	not available	3	cycloheximide	100 ug/mL	24 hour	272_2023_VV-TMT-Frac-11-12-13	proteomic profiling by mass spectrometry	272_2023_VV-TMT-Frac-11-12-13.raw	ftp://ftp.pride.ebi.ac.uk/pride/data/archive/2024/10/PXD047934/272_2023_VV-TMT-Frac-11-12-13.raw	TMT132N	not available	not available	NT=Q Exactive HF;AC=MS:1002523	NT=Data-dependent acquisition;AC=PRIDE:0000627	NT=Trypsin;AC=MS:1001251	NT=beam-type collision-induced dissociation;AC=MS:1000422	32 NCE	335m/z-1600m/z	NT=High-pH reversed-phase chromatography (hpHRP);AC=PRIDE:0000564	10 ppm	20 ppm	single TMTpro multiplex	NT=Carbamidomethyl;AC=UNIMOD:4;MT=fixed;TA=C;PP=Anywhere	NT=Oxidation;AC=UNIMOD:35;MT=variable;TA=M;PP=Anywhere	NT=Acetyl;AC=UNIMOD:1;MT=variable;PP=Protein N-term	NT=Dioxidation;AC=UNIMOD:425;MT=variable;TA=M,W;PP=Anywhere	NT=Deamidated;AC=UNIMOD:7;MT=variable;TA=N,Q;PP=Anywhere	NT=Gln->pyro-Glu;AC=UNIMOD:28;MT=variable;TA=Q;PP=Any N-term	NT=TMTpro;AC=UNIMOD:2016;MT=fixed;TA=K;PP=Anywhere	NT=TMTpro;AC=UNIMOD:2016;MT=fixed;PP=Any N-term	v3.0.0	ms-proteomics v1.1.0	human v1.1.0	cell-lines v1.1.0	cycloheximide
PXD047934_cc885_rep1	Homo sapiens	not available	not available	not available	cell line	study sample	not available	not available	not available	not available	not available	not available	not available	1	CC-885	1 uM	24 hour	272_2023_VV-TMT-Frac-11-12-13	proteomic profiling by mass spectrometry	272_2023_VV-TMT-Frac-11-12-13.raw	ftp://ftp.pride.ebi.ac.uk/pride/data/archive/2024/10/PXD047934/272_2023_VV-TMT-Frac-11-12-13.raw	TMT132C	not available	not available	NT=Q Exactive HF;AC=MS:1002523	NT=Data-dependent acquisition;AC=PRIDE:0000627	NT=Trypsin;AC=MS:1001251	NT=beam-type collision-induced dissociation;AC=MS:1000422	32 NCE	335m/z-1600m/z	NT=High-pH reversed-phase chromatography (hpHRP);AC=PRIDE:0000564	10 ppm	20 ppm	single TMTpro multiplex	NT=Carbamidomethyl;AC=UNIMOD:4;MT=fixed;TA=C;PP=Anywhere	NT=Oxidation;AC=UNIMOD:35;MT=variable;TA=M;PP=Anywhere	NT=Acetyl;AC=UNIMOD:1;MT=variable;PP=Protein N-term	NT=Dioxidation;AC=UNIMOD:425;MT=variable;TA=M,W;PP=Anywhere	NT=Deamidated;AC=UNIMOD:7;MT=variable;TA=N,Q;PP=Anywhere	NT=Gln->pyro-Glu;AC=UNIMOD:28;MT=variable;TA=Q;PP=Any N-term	NT=TMTpro;AC=UNIMOD:2016;MT=fixed;TA=K;PP=Anywhere	NT=TMTpro;AC=UNIMOD:2016;MT=fixed;PP=Any N-term	v3.0.0	ms-proteomics v1.1.0	human v1.1.0	cell-lines v1.1.0	CC-885
PXD047934_cc885_rep2	Homo sapiens	not available	not available	not available	cell line	study sample	not available	not available	not available	not available	not available	not available	not available	2	CC-885	1 uM	24 hour	272_2023_VV-TMT-Frac-11-12-13	proteomic profiling by mass spectrometry	272_2023_VV-TMT-Frac-11-12-13.raw	ftp://ftp.pride.ebi.ac.uk/pride/data/archive/2024/10/PXD047934/272_2023_VV-TMT-Frac-11-12-13.raw	TMT133N	not available	not available	NT=Q Exactive HF;AC=MS:1002523	NT=Data-dependent acquisition;AC=PRIDE:0000627	NT=Trypsin;AC=MS:1001251	NT=beam-type collision-induced dissociation;AC=MS:1000422	32 NCE	335m/z-1600m/z	NT=High-pH reversed-phase chromatography (hpHRP);AC=PRIDE:0000564	10 ppm	20 ppm	single TMTpro multiplex	NT=Carbamidomethyl;AC=UNIMOD:4;MT=fixed;TA=C;PP=Anywhere	NT=Oxidation;AC=UNIMOD:35;MT=variable;TA=M;PP=Anywhere	NT=Acetyl;AC=UNIMOD:1;MT=variable;PP=Protein N-term	NT=Dioxidation;AC=UNIMOD:425;MT=variable;TA=M,W;PP=Anywhere	NT=Deamidated;AC=UNIMOD:7;MT=variable;TA=N,Q;PP=Anywhere	NT=Gln->pyro-Glu;AC=UNIMOD:28;MT=variable;TA=Q;PP=Any N-term	NT=TMTpro;AC=UNIMOD:2016;MT=fixed;TA=K;PP=Anywhere	NT=TMTpro;AC=UNIMOD:2016;MT=fixed;PP=Any N-term	v3.0.0	ms-proteomics v1.1.0	human v1.1.0	cell-lines v1.1.0	CC-885
PXD047934_cc885_rep3	Homo sapiens	not available	not available	not available	cell line	study sample	not available	not available	not available	not available	not available	not available	not available	3	CC-885	1 uM	24 hour	272_2023_VV-TMT-Frac-11-12-13	proteomic profiling by mass spectrometry	272_2023_VV-TMT-Frac-11-12-13.raw	ftp://ftp.pride.ebi.ac.uk/pride/data/archive/2024/10/PXD047934/272_2023_VV-TMT-Frac-11-12-13.raw	TMT133C	not available	not available	NT=Q Exactive HF;AC=MS:1002523	NT=Data-dependent acquisition;AC=PRIDE:0000627	NT=Trypsin;AC=MS:1001251	NT=beam-type collision-induced dissociation;AC=MS:1000422	32 NCE	335m/z-1600m/z	NT=High-pH reversed-phase chromatography (hpHRP);AC=PRIDE:0000564	10 ppm	20 ppm	single TMTpro multiplex	NT=Carbamidomethyl;AC=UNIMOD:4;MT=fixed;TA=C;PP=Anywhere	NT=Oxidation;AC=UNIMOD:35;MT=variable;TA=M;PP=Anywhere	NT=Acetyl;AC=UNIMOD:1;MT=variable;PP=Protein N-term	NT=Dioxidation;AC=UNIMOD:425;MT=variable;TA=M,W;PP=Anywhere	NT=Deamidated;AC=UNIMOD:7;MT=variable;TA=N,Q;PP=Anywhere	NT=Gln->pyro-Glu;AC=UNIMOD:28;MT=variable;TA=Q;PP=Any N-term	NT=TMTpro;AC=UNIMOD:2016;MT=fixed;TA=K;PP=Anywhere	NT=TMTpro;AC=UNIMOD:2016;MT=fixed;PP=Any N-term	v3.0.0	ms-proteomics v1.1.0	human v1.1.0	cell-lines v1.1.0	CC-885
PXD047934_dmso_rep1	Homo sapiens	not available	not available	not available	cell line	study sample	not available	not available	not available	not available	not available	not available	not available	1	dimethyl sulfoxide	not available	24 hour	272_2023_VV-TMT-Frac10	proteomic profiling by mass spectrometry	272_2023_VV-TMT-Frac10.raw	ftp://ftp.pride.ebi.ac.uk/pride/data/archive/2024/10/PXD047934/272_2023_VV-TMT-Frac10.raw	TMT126	1	10	NT=Q Exactive HF;AC=MS:1002523	NT=Data-dependent acquisition;AC=PRIDE:0000627	NT=Trypsin;AC=MS:1001251	NT=beam-type collision-induced dissociation;AC=MS:1000422	32 NCE	335m/z-1600m/z	NT=High-pH reversed-phase chromatography (hpHRP);AC=PRIDE:0000564	10 ppm	20 ppm	single TMTpro multiplex	NT=Carbamidomethyl;AC=UNIMOD:4;MT=fixed;TA=C;PP=Anywhere	NT=Oxidation;AC=UNIMOD:35;MT=variable;TA=M;PP=Anywhere	NT=Acetyl;AC=UNIMOD:1;MT=variable;PP=Protein N-term	NT=Dioxidation;AC=UNIMOD:425;MT=variable;TA=M,W;PP=Anywhere	NT=Deamidated;AC=UNIMOD:7;MT=variable;TA=N,Q;PP=Anywhere	NT=Gln->pyro-Glu;AC=UNIMOD:28;MT=variable;TA=Q;PP=Any N-term	NT=TMTpro;AC=UNIMOD:2016;MT=fixed;TA=K;PP=Anywhere	NT=TMTpro;AC=UNIMOD:2016;MT=fixed;PP=Any N-term	v3.0.0	ms-proteomics v1.1.0	human v1.1.0	cell-lines v1.1.0	dimethyl sulfoxide
PXD047934_dmso_rep2	Homo sapiens	not available	not available	not available	cell line	study sample	not available	not available	not available	not available	not available	not available	not available	2	dimethyl sulfoxide	not available	24 hour	272_2023_VV-TMT-Frac10	proteomic profiling by mass spectrometry	272_2023_VV-TMT-Frac10.raw	ftp://ftp.pride.ebi.ac.uk/pride/data/archive/2024/10/PXD047934/272_2023_VV-TMT-Frac10.raw	TMT127N	1	10	NT=Q Exactive HF;AC=MS:1002523	NT=Data-dependent acquisition;AC=PRIDE:0000627	NT=Trypsin;AC=MS:1001251	NT=beam-type collision-induced dissociation;AC=MS:1000422	32 NCE	335m/z-1600m/z	NT=High-pH reversed-phase chromatography (hpHRP);AC=PRIDE:0000564	10 ppm	20 ppm	single TMTpro multiplex	NT=Carbamidomethyl;AC=UNIMOD:4;MT=fixed;TA=C;PP=Anywhere	NT=Oxidation;AC=UNIMOD:35;MT=variable;TA=M;PP=Anywhere	NT=Acetyl;AC=UNIMOD:1;MT=variable;PP=Protein N-term	NT=Dioxidation;AC=UNIMOD:425;MT=variable;TA=M,W;PP=Anywhere	NT=Deamidated;AC=UNIMOD:7;MT=variable;TA=N,Q;PP=Anywhere	NT=Gln->pyro-Glu;AC=UNIMOD:28;MT=variable;TA=Q;PP=Any N-term	NT=TMTpro;AC=UNIMOD:2016;MT=fixed;TA=K;PP=Anywhere	NT=TMTpro;AC=UNIMOD:2016;MT=fixed;PP=Any N-term	v3.0.0	ms-proteomics v1.1.0	human v1.1.0	cell-lines v1.1.0	dimethyl sulfoxide
PXD047934_dmso_rep3	Homo sapiens	not available	not available	not available	cell line	study sample	not available	not available	not available	not available	not available	not available	not available	3	dimethyl sulfoxide	not available	24 hour	272_2023_VV-TMT-Frac10	proteomic profiling by mass spectrometry	272_2023_VV-TMT-Frac10.raw	ftp://ftp.pride.ebi.ac.uk/pride/data/archive/2024/10/PXD047934/272_2023_VV-TMT-Frac10.raw	TMT127C	1	10	NT=Q Exactive HF;AC=MS:1002523	NT=Data-dependent acquisition;AC=PRIDE:0000627	NT=Trypsin;AC=MS:1001251	NT=beam-type collision-induced dissociation;AC=MS:1000422	32 NCE	335m/z-1600m/z	NT=High-pH reversed-phase chromatography (hpHRP);AC=PRIDE:0000564	10 ppm	20 ppm	single TMTpro multiplex	NT=Carbamidomethyl;AC=UNIMOD:4;MT=fixed;TA=C;PP=Anywhere	NT=Oxidation;AC=UNIMOD:35;MT=variable;TA=M;PP=Anywhere	NT=Acetyl;AC=UNIMOD:1;MT=variable;PP=Protein N-term	NT=Dioxidation;AC=UNIMOD:425;MT=variable;TA=M,W;PP=Anywhere	NT=Deamidated;AC=UNIMOD:7;MT=variable;TA=N,Q;PP=Anywhere	NT=Gln->pyro-Glu;AC=UNIMOD:28;MT=variable;TA=Q;PP=Any N-term	NT=TMTpro;AC=UNIMOD:2016;MT=fixed;TA=K;PP=Anywhere	NT=TMTpro;AC=UNIMOD:2016;MT=fixed;PP=Any N-term	v3.0.0	ms-proteomics v1.1.0	human v1.1.0	cell-lines v1.1.0	dimethyl sulfoxide
PXD047934_8451_rep1	Homo sapiens	not available	not available	not available	cell line	study sample	not available	not available	not available	not available	not available	not available	not available	1	BI03058451	1 uM	24 hour	272_2023_VV-TMT-Frac10	proteomic profiling by mass spectrometry	272_2023_VV-TMT-Frac10.raw	ftp://ftp.pride.ebi.ac.uk/pride/data/archive/2024/10/PXD047934/272_2023_VV-TMT-Frac10.raw	TMT128N	1	10	NT=Q Exactive HF;AC=MS:1002523	NT=Data-dependent acquisition;AC=PRIDE:0000627	NT=Trypsin;AC=MS:1001251	NT=beam-type collision-induced dissociation;AC=MS:1000422	32 NCE	335m/z-1600m/z	NT=High-pH reversed-phase chromatography (hpHRP);AC=PRIDE:0000564	10 ppm	20 ppm	single TMTpro multiplex	NT=Carbamidomethyl;AC=UNIMOD:4;MT=fixed;TA=C;PP=Anywhere	NT=Oxidation;AC=UNIMOD:35;MT=variable;TA=M;PP=Anywhere	NT=Acetyl;AC=UNIMOD:1;MT=variable;PP=Protein N-term	NT=Dioxidation;AC=UNIMOD:425;MT=variable;TA=M,W;PP=Anywhere	NT=Deamidated;AC=UNIMOD:7;MT=variable;TA=N,Q;PP=Anywhere	NT=Gln->pyro-Glu;AC=UNIMOD:28;MT=variable;TA=Q;PP=Any N-term	NT=TMTpro;AC=UNIMOD:2016;MT=fixed;TA=K;PP=Anywhere	NT=TMTpro;AC=UNIMOD:2016;MT=fixed;PP=Any N-term	v3.0.0	ms-proteomics v1.1.0	human v1.1.0	cell-lines v1.1.0	BI03058451
PXD047934_8451_rep2	Homo sapiens	not available	not available	not available	cell line	study sample	not available	not available	not available	not available	not available	not available	not available	2	BI03058451	1 uM	24 hour	272_2023_VV-TMT-Frac10	proteomic profiling by mass spectrometry	272_2023_VV-TMT-Frac10.raw	ftp://ftp.pride.ebi.ac.uk/pride/data/archive/2024/10/PXD047934/272_2023_VV-TMT-Frac10.raw	TMT128C	1	10	NT=Q Exactive HF;AC=MS:1002523	NT=Data-dependent acquisition;AC=PRIDE:0000627	NT=Trypsin;AC=MS:1001251	NT=beam-type collision-induced dissociation;AC=MS:1000422	32 NCE	335m/z-1600m/z	NT=High-pH reversed-phase chromatography (hpHRP);AC=PRIDE:0000564	10 ppm	20 ppm	single TMTpro multiplex	NT=Carbamidomethyl;AC=UNIMOD:4;MT=fixed;TA=C;PP=Anywhere	NT=Oxidation;AC=UNIMOD:35;MT=variable;TA=M;PP=Anywhere	NT=Acetyl;AC=UNIMOD:1;MT=variable;PP=Protein N-term	NT=Dioxidation;AC=UNIMOD:425;MT=variable;TA=M,W;PP=Anywhere	NT=Deamidated;AC=UNIMOD:7;MT=variable;TA=N,Q;PP=Anywhere	NT=Gln->pyro-Glu;AC=UNIMOD:28;MT=variable;TA=Q;PP=Any N-term	NT=TMTpro;AC=UNIMOD:2016;MT=fixed;TA=K;PP=Anywhere	NT=TMTpro;AC=UNIMOD:2016;MT=fixed;PP=Any N-term	v3.0.0	ms-proteomics v1.1.0	human v1.1.0	cell-lines v1.1.0	BI03058451
PXD047934_8451_rep3	Homo sapiens	not available	not available	not available	cell line	study sample	not available	not available	not available	not available	not available	not available	not available	3	BI03058451	1 uM	24 hour	272_2023_VV-TMT-Frac10	proteomic profiling by mass spectrometry	272_2023_VV-TMT-Frac10.raw	ftp://ftp.pride.ebi.ac.uk/pride/data/archive/2024/10/PXD047934/272_2023_VV-TMT-Frac10.raw	TMT129N	1	10	NT=Q Exactive HF;AC=MS:1002523	NT=Data-dependent acquisition;AC=PRIDE:0000627	NT=Trypsin;AC=MS:1001251	NT=beam-type collision-induced dissociation;AC=MS:1000422	32 NCE	335m/z-1600m/z	NT=High-pH reversed-phase chromatography (hpHRP);AC=PRIDE:0000564	10 ppm	20 ppm	single TMTpro multiplex	NT=Carbamidomethyl;AC=UNIMOD:4;MT=fixed;TA=C;PP=Anywhere	NT=Oxidation;AC=UNIMOD:35;MT=variable;TA=M;PP=Anywhere	NT=Acetyl;AC=UNIMOD:1;MT=variable;PP=Protein N-term	NT=Dioxidation;AC=UNIMOD:425;MT=variable;TA=M,W;PP=Anywhere	NT=Deamidated;AC=UNIMOD:7;MT=variable;TA=N,Q;PP=Anywhere	NT=Gln->pyro-Glu;AC=UNIMOD:28;MT=variable;TA=Q;PP=Any N-term	NT=TMTpro;AC=UNIMOD:2016;MT=fixed;TA=K;PP=Anywhere	NT=TMTpro;AC=UNIMOD:2016;MT=fixed;PP=Any N-term	v3.0.0	ms-proteomics v1.1.0	human v1.1.0	cell-lines v1.1.0	BI03058451
PXD047934_0068_rep1	Homo sapiens	not available	not available	not available	cell line	study sample	not available	not available	not available	not available	not available	not available	not available	1	BI01590068	1 uM	24 hour	272_2023_VV-TMT-Frac10	proteomic profiling by mass spectrometry	272_2023_VV-TMT-Frac10.raw	ftp://ftp.pride.ebi.ac.uk/pride/data/archive/2024/10/PXD047934/272_2023_VV-TMT-Frac10.raw	TMT129C	1	10	NT=Q Exactive HF;AC=MS:1002523	NT=Data-dependent acquisition;AC=PRIDE:0000627	NT=Trypsin;AC=MS:1001251	NT=beam-type collision-induced dissociation;AC=MS:1000422	32 NCE	335m/z-1600m/z	NT=High-pH reversed-phase chromatography (hpHRP);AC=PRIDE:0000564	10 ppm	20 ppm	single TMTpro multiplex	NT=Carbamidomethyl;AC=UNIMOD:4;MT=fixed;TA=C;PP=Anywhere	NT=Oxidation;AC=UNIMOD:35;MT=variable;TA=M;PP=Anywhere	NT=Acetyl;AC=UNIMOD:1;MT=variable;PP=Protein N-term	NT=Dioxidation;AC=UNIMOD:425;MT=variable;TA=M,W;PP=Anywhere	NT=Deamidated;AC=UNIMOD:7;MT=variable;TA=N,Q;PP=Anywhere	NT=Gln->pyro-Glu;AC=UNIMOD:28;MT=variable;TA=Q;PP=Any N-term	NT=TMTpro;AC=UNIMOD:2016;MT=fixed;TA=K;PP=Anywhere	NT=TMTpro;AC=UNIMOD:2016;MT=fixed;PP=Any N-term	v3.0.0	ms-proteomics v1.1.0	human v1.1.0	cell-lines v1.1.0	BI01590068
PXD047934_0068_rep2	Homo sapiens	not available	not available	not available	cell line	study sample	not available	not available	not available	not available	not available	not available	not available	2	BI01590068	1 uM	24 hour	272_2023_VV-TMT-Frac10	proteomic profiling by mass spectrometry	272_2023_VV-TMT-Frac10.raw	ftp://ftp.pride.ebi.ac.uk/pride/data/archive/2024/10/PXD047934/272_2023_VV-TMT-Frac10.raw	TMT130N	1	10	NT=Q Exactive HF;AC=MS:1002523	NT=Data-dependent acquisition;AC=PRIDE:0000627	NT=Trypsin;AC=MS:1001251	NT=beam-type collision-induced dissociation;AC=MS:1000422	32 NCE	335m/z-1600m/z	NT=High-pH reversed-phase chromatography (hpHRP);AC=PRIDE:0000564	10 ppm	20 ppm	single TMTpro multiplex	NT=Carbamidomethyl;AC=UNIMOD:4;MT=fixed;TA=C;PP=Anywhere	NT=Oxidation;AC=UNIMOD:35;MT=variable;TA=M;PP=Anywhere	NT=Acetyl;AC=UNIMOD:1;MT=variable;PP=Protein N-term	NT=Dioxidation;AC=UNIMOD:425;MT=variable;TA=M,W;PP=Anywhere	NT=Deamidated;AC=UNIMOD:7;MT=variable;TA=N,Q;PP=Anywhere	NT=Gln->pyro-Glu;AC=UNIMOD:28;MT=variable;TA=Q;PP=Any N-term	NT=TMTpro;AC=UNIMOD:2016;MT=fixed;TA=K;PP=Anywhere	NT=TMTpro;AC=UNIMOD:2016;MT=fixed;PP=Any N-term	v3.0.0	ms-proteomics v1.1.0	human v1.1.0	cell-lines v1.1.0	BI01590068
PXD047934_0068_rep3	Homo sapiens	not available	not available	not available	cell line	study sample	not available	not available	not available	not available	not available	not available	not available	3	BI01590068	1 uM	24 hour	272_2023_VV-TMT-Frac10	proteomic profiling by mass spectrometry	272_2023_VV-TMT-Frac10.raw	ftp://ftp.pride.ebi.ac.uk/pride/data/archive/2024/10/PXD047934/272_2023_VV-TMT-Frac10.raw	TMT130C	1	10	NT=Q Exactive HF;AC=MS:1002523	NT=Data-dependent acquisition;AC=PRIDE:0000627	NT=Trypsin;AC=MS:1001251	NT=beam-type collision-induced dissociation;AC=MS:1000422	32 NCE	335m/z-1600m/z	NT=High-pH reversed-phase chromatography (hpHRP);AC=PRIDE:0000564	10 ppm	20 ppm	single TMTpro multiplex	NT=Carbamidomethyl;AC=UNIMOD:4;MT=fixed;TA=C;PP=Anywhere	NT=Oxidation;AC=UNIMOD:35;MT=variable;TA=M;PP=Anywhere	NT=Acetyl;AC=UNIMOD:1;MT=variable;PP=Protein N-term	NT=Dioxidation;AC=UNIMOD:425;MT=variable;TA=M,W;PP=Anywhere	NT=Deamidated;AC=UNIMOD:7;MT=variable;TA=N,Q;PP=Anywhere	NT=Gln->pyro-Glu;AC=UNIMOD:28;MT=variable;TA=Q;PP=Any N-term	NT=TMTpro;AC=UNIMOD:2016;MT=fixed;TA=K;PP=Anywhere	NT=TMTpro;AC=UNIMOD:2016;MT=fixed;PP=Any N-term	v3.0.0	ms-proteomics v1.1.0	human v1.1.0	cell-lines v1.1.0	BI01590068
PXD047934_chx_rep1	Homo sapiens	not available	not available	not available	cell line	study sample	not available	not available	not available	not available	not available	not available	not available	1	cycloheximide	100 ug/mL	24 hour	272_2023_VV-TMT-Frac10	proteomic profiling by mass spectrometry	272_2023_VV-TMT-Frac10.raw	ftp://ftp.pride.ebi.ac.uk/pride/data/archive/2024/10/PXD047934/272_2023_VV-TMT-Frac10.raw	TMT131N	1	10	NT=Q Exactive HF;AC=MS:1002523	NT=Data-dependent acquisition;AC=PRIDE:0000627	NT=Trypsin;AC=MS:1001251	NT=beam-type collision-induced dissociation;AC=MS:1000422	32 NCE	335m/z-1600m/z	NT=High-pH reversed-phase chromatography (hpHRP);AC=PRIDE:0000564	10 ppm	20 ppm	single TMTpro multiplex	NT=Carbamidomethyl;AC=UNIMOD:4;MT=fixed;TA=C;PP=Anywhere	NT=Oxidation;AC=UNIMOD:35;MT=variable;TA=M;PP=Anywhere	NT=Acetyl;AC=UNIMOD:1;MT=variable;PP=Protein N-term	NT=Dioxidation;AC=UNIMOD:425;MT=variable;TA=M,W;PP=Anywhere	NT=Deamidated;AC=UNIMOD:7;MT=variable;TA=N,Q;PP=Anywhere	NT=Gln->pyro-Glu;AC=UNIMOD:28;MT=variable;TA=Q;PP=Any N-term	NT=TMTpro;AC=UNIMOD:2016;MT=fixed;TA=K;PP=Anywhere	NT=TMTpro;AC=UNIMOD:2016;MT=fixed;PP=Any N-term	v3.0.0	ms-proteomics v1.1.0	human v1.1.0	cell-lines v1.1.0	cycloheximide
PXD047934_chx_rep2	Homo sapiens	not available	not available	not available	cell line	study sample	not available	not available	not available	not available	not available	not available	not available	2	cycloheximide	100 ug/mL	24 hour	272_2023_VV-TMT-Frac10	proteomic profiling by mass spectrometry	272_2023_VV-TMT-Frac10.raw	ftp://ftp.pride.ebi.ac.uk/pride/data/archive/2024/10/PXD047934/272_2023_VV-TMT-Frac10.raw	TMT131C	1	10	NT=Q Exactive HF;AC=MS:1002523	NT=Data-dependent acquisition;AC=PRIDE:0000627	NT=Trypsin;AC=MS:1001251	NT=beam-type collision-induced dissociation;AC=MS:1000422	32 NCE	335m/z-1600m/z	NT=High-pH reversed-phase chromatography (hpHRP);AC=PRIDE:0000564	10 ppm	20 ppm	single TMTpro multiplex	NT=Carbamidomethyl;AC=UNIMOD:4;MT=fixed;TA=C;PP=Anywhere	NT=Oxidation;AC=UNIMOD:35;MT=variable;TA=M;PP=Anywhere	NT=Acetyl;AC=UNIMOD:1;MT=variable;PP=Protein N-term	NT=Dioxidation;AC=UNIMOD:425;MT=variable;TA=M,W;PP=Anywhere	NT=Deamidated;AC=UNIMOD:7;MT=variable;TA=N,Q;PP=Anywhere	NT=Gln->pyro-Glu;AC=UNIMOD:28;MT=variable;TA=Q;PP=Any N-term	NT=TMTpro;AC=UNIMOD:2016;MT=fixed;TA=K;PP=Anywhere	NT=TMTpro;AC=UNIMOD:2016;MT=fixed;PP=Any N-term	v3.0.0	ms-proteomics v1.1.0	human v1.1.0	cell-lines v1.1.0	cycloheximide
PXD047934_chx_rep3	Homo sapiens	not available	not available	not available	cell line	study sample	not available	not available	not available	not available	not available	not available	not available	3	cycloheximide	100 ug/mL	24 hour	272_2023_VV-TMT-Frac10	proteomic profiling by mass spectrometry	272_2023_VV-TMT-Frac10.raw	ftp://ftp.pride.ebi.ac.uk/pride/data/archive/2024/10/PXD047934/272_2023_VV-TMT-Frac10.raw	TMT132N	1	10	NT=Q Exactive HF;AC=MS:1002523	NT=Data-dependent acquisition;AC=PRIDE:0000627	NT=Trypsin;AC=MS:1001251	NT=beam-type collision-induced dissociation;AC=MS:1000422	32 NCE	335m/z-1600m/z	NT=High-pH reversed-phase chromatography (hpHRP);AC=PRIDE:0000564	10 ppm	20 ppm	single TMTpro multiplex	NT=Carbamidomethyl;AC=UNIMOD:4;MT=fixed;TA=C;PP=Anywhere	NT=Oxidation;AC=UNIMOD:35;MT=variable;TA=M;PP=Anywhere	NT=Acetyl;AC=UNIMOD:1;MT=variable;PP=Protein N-term	NT=Dioxidation;AC=UNIMOD:425;MT=variable;TA=M,W;PP=Anywhere	NT=Deamidated;AC=UNIMOD:7;MT=variable;TA=N,Q;PP=Anywhere	NT=Gln->pyro-Glu;AC=UNIMOD:28;MT=variable;TA=Q;PP=Any N-term	NT=TMTpro;AC=UNIMOD:2016;MT=fixed;TA=K;PP=Anywhere	NT=TMTpro;AC=UNIMOD:2016;MT=fixed;PP=Any N-term	v3.0.0	ms-proteomics v1.1.0	human v1.1.0	cell-lines v1.1.0	cycloheximide
PXD047934_cc885_rep1	Homo sapiens	not available	not available	not available	cell line	study sample	not available	not available	not available	not available	not available	not available	not available	1	CC-885	1 uM	24 hour	272_2023_VV-TMT-Frac10	proteomic profiling by mass spectrometry	272_2023_VV-TMT-Frac10.raw	ftp://ftp.pride.ebi.ac.uk/pride/data/archive/2024/10/PXD047934/272_2023_VV-TMT-Frac10.raw	TMT132C	1	10	NT=Q Exactive HF;AC=MS:1002523	NT=Data-dependent acquisition;AC=PRIDE:0000627	NT=Trypsin;AC=MS:1001251	NT=beam-type collision-induced dissociation;AC=MS:1000422	32 NCE	335m/z-1600m/z	NT=High-pH reversed-phase chromatography (hpHRP);AC=PRIDE:0000564	10 ppm	20 ppm	single TMTpro multiplex	NT=Carbamidomethyl;AC=UNIMOD:4;MT=fixed;TA=C;PP=Anywhere	NT=Oxidation;AC=UNIMOD:35;MT=variable;TA=M;PP=Anywhere	NT=Acetyl;AC=UNIMOD:1;MT=variable;PP=Protein N-term	NT=Dioxidation;AC=UNIMOD:425;MT=variable;TA=M,W;PP=Anywhere	NT=Deamidated;AC=UNIMOD:7;MT=variable;TA=N,Q;PP=Anywhere	NT=Gln->pyro-Glu;AC=UNIMOD:28;MT=variable;TA=Q;PP=Any N-term	NT=TMTpro;AC=UNIMOD:2016;MT=fixed;TA=K;PP=Anywhere	NT=TMTpro;AC=UNIMOD:2016;MT=fixed;PP=Any N-term	v3.0.0	ms-proteomics v1.1.0	human v1.1.0	cell-lines v1.1.0	CC-885
PXD047934_cc885_rep2	Homo sapiens	not available	not available	not available	cell line	study sample	not available	not available	not available	not available	not available	not available	not available	2	CC-885	1 uM	24 hour	272_2023_VV-TMT-Frac10	proteomic profiling by mass spectrometry	272_2023_VV-TMT-Frac10.raw	ftp://ftp.pride.ebi.ac.uk/pride/data/archive/2024/10/PXD047934/272_2023_VV-TMT-Frac10.raw	TMT133N	1	10	NT=Q Exactive HF;AC=MS:1002523	NT=Data-dependent acquisition;AC=PRIDE:0000627	NT=Trypsin;AC=MS:1001251	NT=beam-type collision-induced dissociation;AC=MS:1000422	32 NCE	335m/z-1600m/z	NT=High-pH reversed-phase chromatography (hpHRP);AC=PRIDE:0000564	10 ppm	20 ppm	single TMTpro multiplex	NT=Carbamidomethyl;AC=UNIMOD:4;MT=fixed;TA=C;PP=Anywhere	NT=Oxidation;AC=UNIMOD:35;MT=variable;TA=M;PP=Anywhere	NT=Acetyl;AC=UNIMOD:1;MT=variable;PP=Protein N-term	NT=Dioxidation;AC=UNIMOD:425;MT=variable;TA=M,W;PP=Anywhere	NT=Deamidated;AC=UNIMOD:7;MT=variable;TA=N,Q;PP=Anywhere	NT=Gln->pyro-Glu;AC=UNIMOD:28;MT=variable;TA=Q;PP=Any N-term	NT=TMTpro;AC=UNIMOD:2016;MT=fixed;TA=K;PP=Anywhere	NT=TMTpro;AC=UNIMOD:2016;MT=fixed;PP=Any N-term	v3.0.0	ms-proteomics v1.1.0	human v1.1.0	cell-lines v1.1.0	CC-885
PXD047934_cc885_rep3	Homo sapiens	not available	not available	not available	cell line	study sample	not available	not available	not available	not available	not available	not available	not available	3	CC-885	1 uM	24 hour	272_2023_VV-TMT-Frac10	proteomic profiling by mass spectrometry	272_2023_VV-TMT-Frac10.raw	ftp://ftp.pride.ebi.ac.uk/pride/data/archive/2024/10/PXD047934/272_2023_VV-TMT-Frac10.raw	TMT133C	1	10	NT=Q Exactive HF;AC=MS:1002523	NT=Data-dependent acquisition;AC=PRIDE:0000627	NT=Trypsin;AC=MS:1001251	NT=beam-type collision-induced dissociation;AC=MS:1000422	32 NCE	335m/z-1600m/z	NT=High-pH reversed-phase chromatography (hpHRP);AC=PRIDE:0000564	10 ppm	20 ppm	single TMTpro multiplex	NT=Carbamidomethyl;AC=UNIMOD:4;MT=fixed;TA=C;PP=Anywhere	NT=Oxidation;AC=UNIMOD:35;MT=variable;TA=M;PP=Anywhere	NT=Acetyl;AC=UNIMOD:1;MT=variable;PP=Protein N-term	NT=Dioxidation;AC=UNIMOD:425;MT=variable;TA=M,W;PP=Anywhere	NT=Deamidated;AC=UNIMOD:7;MT=variable;TA=N,Q;PP=Anywhere	NT=Gln->pyro-Glu;AC=UNIMOD:28;MT=variable;TA=Q;PP=Any N-term	NT=TMTpro;AC=UNIMOD:2016;MT=fixed;TA=K;PP=Anywhere	NT=TMTpro;AC=UNIMOD:2016;MT=fixed;PP=Any N-term	v3.0.0	ms-proteomics v1.1.0	human v1.1.0	cell-lines v1.1.0	CC-885
PXD047934_dmso_rep1	Homo sapiens	not available	not available	not available	cell line	study sample	not available	not available	not available	not available	not available	not available	not available	1	dimethyl sulfoxide	not available	24 hour	272_2023_VV-TMT-Frac11	proteomic profiling by mass spectrometry	272_2023_VV-TMT-Frac11.raw	ftp://ftp.pride.ebi.ac.uk/pride/data/archive/2024/10/PXD047934/272_2023_VV-TMT-Frac11.raw	TMT126	1	11	NT=Q Exactive HF;AC=MS:1002523	NT=Data-dependent acquisition;AC=PRIDE:0000627	NT=Trypsin;AC=MS:1001251	NT=beam-type collision-induced dissociation;AC=MS:1000422	32 NCE	335m/z-1600m/z	NT=High-pH reversed-phase chromatography (hpHRP);AC=PRIDE:0000564	10 ppm	20 ppm	single TMTpro multiplex	NT=Carbamidomethyl;AC=UNIMOD:4;MT=fixed;TA=C;PP=Anywhere	NT=Oxidation;AC=UNIMOD:35;MT=variable;TA=M;PP=Anywhere	NT=Acetyl;AC=UNIMOD:1;MT=variable;PP=Protein N-term	NT=Dioxidation;AC=UNIMOD:425;MT=variable;TA=M,W;PP=Anywhere	NT=Deamidated;AC=UNIMOD:7;MT=variable;TA=N,Q;PP=Anywhere	NT=Gln->pyro-Glu;AC=UNIMOD:28;MT=variable;TA=Q;PP=Any N-term	NT=TMTpro;AC=UNIMOD:2016;MT=fixed;TA=K;PP=Anywhere	NT=TMTpro;AC=UNIMOD:2016;MT=fixed;PP=Any N-term	v3.0.0	ms-proteomics v1.1.0	human v1.1.0	cell-lines v1.1.0	dimethyl sulfoxide
PXD047934_dmso_rep2	Homo sapiens	not available	not available	not available	cell line	study sample	not available	not available	not available	not available	not available	not available	not available	2	dimethyl sulfoxide	not available	24 hour	272_2023_VV-TMT-Frac11	proteomic profiling by mass spectrometry	272_2023_VV-TMT-Frac11.raw	ftp://ftp.pride.ebi.ac.uk/pride/data/archive/2024/10/PXD047934/272_2023_VV-TMT-Frac11.raw	TMT127N	1	11	NT=Q Exactive HF;AC=MS:1002523	NT=Data-dependent acquisition;AC=PRIDE:0000627	NT=Trypsin;AC=MS:1001251	NT=beam-type collision-induced dissociation;AC=MS:1000422	32 NCE	335m/z-1600m/z	NT=High-pH reversed-phase chromatography (hpHRP);AC=PRIDE:0000564	10 ppm	20 ppm	single TMTpro multiplex	NT=Carbamidomethyl;AC=UNIMOD:4;MT=fixed;TA=C;PP=Anywhere	NT=Oxidation;AC=UNIMOD:35;MT=variable;TA=M;PP=Anywhere	NT=Acetyl;AC=UNIMOD:1;MT=variable;PP=Protein N-term	NT=Dioxidation;AC=UNIMOD:425;MT=variable;TA=M,W;PP=Anywhere	NT=Deamidated;AC=UNIMOD:7;MT=variable;TA=N,Q;PP=Anywhere	NT=Gln->pyro-Glu;AC=UNIMOD:28;MT=variable;TA=Q;PP=Any N-term	NT=TMTpro;AC=UNIMOD:2016;MT=fixed;TA=K;PP=Anywhere	NT=TMTpro;AC=UNIMOD:2016;MT=fixed;PP=Any N-term	v3.0.0	ms-proteomics v1.1.0	human v1.1.0	cell-lines v1.1.0	dimethyl sulfoxide
PXD047934_dmso_rep3	Homo sapiens	not available	not available	not available	cell line	study sample	not available	not available	not available	not available	not available	not available	not available	3	dimethyl sulfoxide	not available	24 hour	272_2023_VV-TMT-Frac11	proteomic profiling by mass spectrometry	272_2023_VV-TMT-Frac11.raw	ftp://ftp.pride.ebi.ac.uk/pride/data/archive/2024/10/PXD047934/272_2023_VV-TMT-Frac11.raw	TMT127C	1	11	NT=Q Exactive HF;AC=MS:1002523	NT=Data-dependent acquisition;AC=PRIDE:0000627	NT=Trypsin;AC=MS:1001251	NT=beam-type collision-induced dissociation;AC=MS:1000422	32 NCE	335m/z-1600m/z	NT=High-pH reversed-phase chromatography (hpHRP);AC=PRIDE:0000564	10 ppm	20 ppm	single TMTpro multiplex	NT=Carbamidomethyl;AC=UNIMOD:4;MT=fixed;TA=C;PP=Anywhere	NT=Oxidation;AC=UNIMOD:35;MT=variable;TA=M;PP=Anywhere	NT=Acetyl;AC=UNIMOD:1;MT=variable;PP=Protein N-term	NT=Dioxidation;AC=UNIMOD:425;MT=variable;TA=M,W;PP=Anywhere	NT=Deamidated;AC=UNIMOD:7;MT=variable;TA=N,Q;PP=Anywhere	NT=Gln->pyro-Glu;AC=UNIMOD:28;MT=variable;TA=Q;PP=Any N-term	NT=TMTpro;AC=UNIMOD:2016;MT=fixed;TA=K;PP=Anywhere	NT=TMTpro;AC=UNIMOD:2016;MT=fixed;PP=Any N-term	v3.0.0	ms-proteomics v1.1.0	human v1.1.0	cell-lines v1.1.0	dimethyl sulfoxide
PXD047934_8451_rep1	Homo sapiens	not available	not available	not available	cell line	study sample	not available	not available	not available	not available	not available	not available	not available	1	BI03058451	1 uM	24 hour	272_2023_VV-TMT-Frac11	proteomic profiling by mass spectrometry	272_2023_VV-TMT-Frac11.raw	ftp://ftp.pride.ebi.ac.uk/pride/data/archive/2024/10/PXD047934/272_2023_VV-TMT-Frac11.raw	TMT128N	1	11	NT=Q Exactive HF;AC=MS:1002523	NT=Data-dependent acquisition;AC=PRIDE:0000627	NT=Trypsin;AC=MS:1001251	NT=beam-type collision-induced dissociation;AC=MS:1000422	32 NCE	335m/z-1600m/z	NT=High-pH reversed-phase chromatography (hpHRP);AC=PRIDE:0000564	10 ppm	20 ppm	single TMTpro multiplex	NT=Carbamidomethyl;AC=UNIMOD:4;MT=fixed;TA=C;PP=Anywhere	NT=Oxidation;AC=UNIMOD:35;MT=variable;TA=M;PP=Anywhere	NT=Acetyl;AC=UNIMOD:1;MT=variable;PP=Protein N-term	NT=Dioxidation;AC=UNIMOD:425;MT=variable;TA=M,W;PP=Anywhere	NT=Deamidated;AC=UNIMOD:7;MT=variable;TA=N,Q;PP=Anywhere	NT=Gln->pyro-Glu;AC=UNIMOD:28;MT=variable;TA=Q;PP=Any N-term	NT=TMTpro;AC=UNIMOD:2016;MT=fixed;TA=K;PP=Anywhere	NT=TMTpro;AC=UNIMOD:2016;MT=fixed;PP=Any N-term	v3.0.0	ms-proteomics v1.1.0	human v1.1.0	cell-lines v1.1.0	BI03058451
PXD047934_8451_rep2	Homo sapiens	not available	not available	not available	cell line	study sample	not available	not available	not available	not available	not available	not available	not available	2	BI03058451	1 uM	24 hour	272_2023_VV-TMT-Frac11	proteomic profiling by mass spectrometry	272_2023_VV-TMT-Frac11.raw	ftp://ftp.pride.ebi.ac.uk/pride/data/archive/2024/10/PXD047934/272_2023_VV-TMT-Frac11.raw	TMT128C	1	11	NT=Q Exactive HF;AC=MS:1002523	NT=Data-dependent acquisition;AC=PRIDE:0000627	NT=Trypsin;AC=MS:1001251	NT=beam-type collision-induced dissociation;AC=MS:1000422	32 NCE	335m/z-1600m/z	NT=High-pH reversed-phase chromatography (hpHRP);AC=PRIDE:0000564	10 ppm	20 ppm	single TMTpro multiplex	NT=Carbamidomethyl;AC=UNIMOD:4;MT=fixed;TA=C;PP=Anywhere	NT=Oxidation;AC=UNIMOD:35;MT=variable;TA=M;PP=Anywhere	NT=Acetyl;AC=UNIMOD:1;MT=variable;PP=Protein N-term	NT=Dioxidation;AC=UNIMOD:425;MT=variable;TA=M,W;PP=Anywhere	NT=Deamidated;AC=UNIMOD:7;MT=variable;TA=N,Q;PP=Anywhere	NT=Gln->pyro-Glu;AC=UNIMOD:28;MT=variable;TA=Q;PP=Any N-term	NT=TMTpro;AC=UNIMOD:2016;MT=fixed;TA=K;PP=Anywhere	NT=TMTpro;AC=UNIMOD:2016;MT=fixed;PP=Any N-term	v3.0.0	ms-proteomics v1.1.0	human v1.1.0	cell-lines v1.1.0	BI03058451
PXD047934_8451_rep3	Homo sapiens	not available	not available	not available	cell line	study sample	not available	not available	not available	not available	not available	not available	not available	3	BI03058451	1 uM	24 hour	272_2023_VV-TMT-Frac11	proteomic profiling by mass spectrometry	272_2023_VV-TMT-Frac11.raw	ftp://ftp.pride.ebi.ac.uk/pride/data/archive/2024/10/PXD047934/272_2023_VV-TMT-Frac11.raw	TMT129N	1	11	NT=Q Exactive HF;AC=MS:1002523	NT=Data-dependent acquisition;AC=PRIDE:0000627	NT=Trypsin;AC=MS:1001251	NT=beam-type collision-induced dissociation;AC=MS:1000422	32 NCE	335m/z-1600m/z	NT=High-pH reversed-phase chromatography (hpHRP);AC=PRIDE:0000564	10 ppm	20 ppm	single TMTpro multiplex	NT=Carbamidomethyl;AC=UNIMOD:4;MT=fixed;TA=C;PP=Anywhere	NT=Oxidation;AC=UNIMOD:35;MT=variable;TA=M;PP=Anywhere	NT=Acetyl;AC=UNIMOD:1;MT=variable;PP=Protein N-term	NT=Dioxidation;AC=UNIMOD:425;MT=variable;TA=M,W;PP=Anywhere	NT=Deamidated;AC=UNIMOD:7;MT=variable;TA=N,Q;PP=Anywhere	NT=Gln->pyro-Glu;AC=UNIMOD:28;MT=variable;TA=Q;PP=Any N-term	NT=TMTpro;AC=UNIMOD:2016;MT=fixed;TA=K;PP=Anywhere	NT=TMTpro;AC=UNIMOD:2016;MT=fixed;PP=Any N-term	v3.0.0	ms-proteomics v1.1.0	human v1.1.0	cell-lines v1.1.0	BI03058451
PXD047934_0068_rep1	Homo sapiens	not available	not available	not available	cell line	study sample	not available	not available	not available	not available	not available	not available	not available	1	BI01590068	1 uM	24 hour	272_2023_VV-TMT-Frac11	proteomic profiling by mass spectrometry	272_2023_VV-TMT-Frac11.raw	ftp://ftp.pride.ebi.ac.uk/pride/data/archive/2024/10/PXD047934/272_2023_VV-TMT-Frac11.raw	TMT129C	1	11	NT=Q Exactive HF;AC=MS:1002523	NT=Data-dependent acquisition;AC=PRIDE:0000627	NT=Trypsin;AC=MS:1001251	NT=beam-type collision-induced dissociation;AC=MS:1000422	32 NCE	335m/z-1600m/z	NT=High-pH reversed-phase chromatography (hpHRP);AC=PRIDE:0000564	10 ppm	20 ppm	single TMTpro multiplex	NT=Carbamidomethyl;AC=UNIMOD:4;MT=fixed;TA=C;PP=Anywhere	NT=Oxidation;AC=UNIMOD:35;MT=variable;TA=M;PP=Anywhere	NT=Acetyl;AC=UNIMOD:1;MT=variable;PP=Protein N-term	NT=Dioxidation;AC=UNIMOD:425;MT=variable;TA=M,W;PP=Anywhere	NT=Deamidated;AC=UNIMOD:7;MT=variable;TA=N,Q;PP=Anywhere	NT=Gln->pyro-Glu;AC=UNIMOD:28;MT=variable;TA=Q;PP=Any N-term	NT=TMTpro;AC=UNIMOD:2016;MT=fixed;TA=K;PP=Anywhere	NT=TMTpro;AC=UNIMOD:2016;MT=fixed;PP=Any N-term	v3.0.0	ms-proteomics v1.1.0	human v1.1.0	cell-lines v1.1.0	BI01590068
PXD047934_0068_rep2	Homo sapiens	not available	not available	not available	cell line	study sample	not available	not available	not available	not available	not available	not available	not available	2	BI01590068	1 uM	24 hour	272_2023_VV-TMT-Frac11	proteomic profiling by mass spectrometry	272_2023_VV-TMT-Frac11.raw	ftp://ftp.pride.ebi.ac.uk/pride/data/archive/2024/10/PXD047934/272_2023_VV-TMT-Frac11.raw	TMT130N	1	11	NT=Q Exactive HF;AC=MS:1002523	NT=Data-dependent acquisition;AC=PRIDE:0000627	NT=Trypsin;AC=MS:1001251	NT=beam-type collision-induced dissociation;AC=MS:1000422	32 NCE	335m/z-1600m/z	NT=High-pH reversed-phase chromatography (hpHRP);AC=PRIDE:0000564	10 ppm	20 ppm	single TMTpro multiplex	NT=Carbamidomethyl;AC=UNIMOD:4;MT=fixed;TA=C;PP=Anywhere	NT=Oxidation;AC=UNIMOD:35;MT=variable;TA=M;PP=Anywhere	NT=Acetyl;AC=UNIMOD:1;MT=variable;PP=Protein N-term	NT=Dioxidation;AC=UNIMOD:425;MT=variable;TA=M,W;PP=Anywhere	NT=Deamidated;AC=UNIMOD:7;MT=variable;TA=N,Q;PP=Anywhere	NT=Gln->pyro-Glu;AC=UNIMOD:28;MT=variable;TA=Q;PP=Any N-term	NT=TMTpro;AC=UNIMOD:2016;MT=fixed;TA=K;PP=Anywhere	NT=TMTpro;AC=UNIMOD:2016;MT=fixed;PP=Any N-term	v3.0.0	ms-proteomics v1.1.0	human v1.1.0	cell-lines v1.1.0	BI01590068
PXD047934_0068_rep3	Homo sapiens	not available	not available	not available	cell line	study sample	not available	not available	not available	not available	not available	not available	not available	3	BI01590068	1 uM	24 hour	272_2023_VV-TMT-Frac11	proteomic profiling by mass spectrometry	272_2023_VV-TMT-Frac11.raw	ftp://ftp.pride.ebi.ac.uk/pride/data/archive/2024/10/PXD047934/272_2023_VV-TMT-Frac11.raw	TMT130C	1	11	NT=Q Exactive HF;AC=MS:1002523	NT=Data-dependent acquisition;AC=PRIDE:0000627	NT=Trypsin;AC=MS:1001251	NT=beam-type collision-induced dissociation;AC=MS:1000422	32 NCE	335m/z-1600m/z	NT=High-pH reversed-phase chromatography (hpHRP);AC=PRIDE:0000564	10 ppm	20 ppm	single TMTpro multiplex	NT=Carbamidomethyl;AC=UNIMOD:4;MT=fixed;TA=C;PP=Anywhere	NT=Oxidation;AC=UNIMOD:35;MT=variable;TA=M;PP=Anywhere	NT=Acetyl;AC=UNIMOD:1;MT=variable;PP=Protein N-term	NT=Dioxidation;AC=UNIMOD:425;MT=variable;TA=M,W;PP=Anywhere	NT=Deamidated;AC=UNIMOD:7;MT=variable;TA=N,Q;PP=Anywhere	NT=Gln->pyro-Glu;AC=UNIMOD:28;MT=variable;TA=Q;PP=Any N-term	NT=TMTpro;AC=UNIMOD:2016;MT=fixed;TA=K;PP=Anywhere	NT=TMTpro;AC=UNIMOD:2016;MT=fixed;PP=Any N-term	v3.0.0	ms-proteomics v1.1.0	human v1.1.0	cell-lines v1.1.0	BI01590068
PXD047934_chx_rep1	Homo sapiens	not available	not available	not available	cell line	study sample	not available	not available	not available	not available	not available	not available	not available	1	cycloheximide	100 ug/mL	24 hour	272_2023_VV-TMT-Frac11	proteomic profiling by mass spectrometry	272_2023_VV-TMT-Frac11.raw	ftp://ftp.pride.ebi.ac.uk/pride/data/archive/2024/10/PXD047934/272_2023_VV-TMT-Frac11.raw	TMT131N	1	11	NT=Q Exactive HF;AC=MS:1002523	NT=Data-dependent acquisition;AC=PRIDE:0000627	NT=Trypsin;AC=MS:1001251	NT=beam-type collision-induced dissociation;AC=MS:1000422	32 NCE	335m/z-1600m/z	NT=High-pH reversed-phase chromatography (hpHRP);AC=PRIDE:0000564	10 ppm	20 ppm	single TMTpro multiplex	NT=Carbamidomethyl;AC=UNIMOD:4;MT=fixed;TA=C;PP=Anywhere	NT=Oxidation;AC=UNIMOD:35;MT=variable;TA=M;PP=Anywhere	NT=Acetyl;AC=UNIMOD:1;MT=variable;PP=Protein N-term	NT=Dioxidation;AC=UNIMOD:425;MT=variable;TA=M,W;PP=Anywhere	NT=Deamidated;AC=UNIMOD:7;MT=variable;TA=N,Q;PP=Anywhere	NT=Gln->pyro-Glu;AC=UNIMOD:28;MT=variable;TA=Q;PP=Any N-term	NT=TMTpro;AC=UNIMOD:2016;MT=fixed;TA=K;PP=Anywhere	NT=TMTpro;AC=UNIMOD:2016;MT=fixed;PP=Any N-term	v3.0.0	ms-proteomics v1.1.0	human v1.1.0	cell-lines v1.1.0	cycloheximide
PXD047934_chx_rep2	Homo sapiens	not available	not available	not available	cell line	study sample	not available	not available	not available	not available	not available	not available	not available	2	cycloheximide	100 ug/mL	24 hour	272_2023_VV-TMT-Frac11	proteomic profiling by mass spectrometry	272_2023_VV-TMT-Frac11.raw	ftp://ftp.pride.ebi.ac.uk/pride/data/archive/2024/10/PXD047934/272_2023_VV-TMT-Frac11.raw	TMT131C	1	11	NT=Q Exactive HF;AC=MS:1002523	NT=Data-dependent acquisition;AC=PRIDE:0000627	NT=Trypsin;AC=MS:1001251	NT=beam-type collision-induced dissociation;AC=MS:1000422	32 NCE	335m/z-1600m/z	NT=High-pH reversed-phase chromatography (hpHRP);AC=PRIDE:0000564	10 ppm	20 ppm	single TMTpro multiplex	NT=Carbamidomethyl;AC=UNIMOD:4;MT=fixed;TA=C;PP=Anywhere	NT=Oxidation;AC=UNIMOD:35;MT=variable;TA=M;PP=Anywhere	NT=Acetyl;AC=UNIMOD:1;MT=variable;PP=Protein N-term	NT=Dioxidation;AC=UNIMOD:425;MT=variable;TA=M,W;PP=Anywhere	NT=Deamidated;AC=UNIMOD:7;MT=variable;TA=N,Q;PP=Anywhere	NT=Gln->pyro-Glu;AC=UNIMOD:28;MT=variable;TA=Q;PP=Any N-term	NT=TMTpro;AC=UNIMOD:2016;MT=fixed;TA=K;PP=Anywhere	NT=TMTpro;AC=UNIMOD:2016;MT=fixed;PP=Any N-term	v3.0.0	ms-proteomics v1.1.0	human v1.1.0	cell-lines v1.1.0	cycloheximide
PXD047934_chx_rep3	Homo sapiens	not available	not available	not available	cell line	study sample	not available	not available	not available	not available	not available	not available	not available	3	cycloheximide	100 ug/mL	24 hour	272_2023_VV-TMT-Frac11	proteomic profiling by mass spectrometry	272_2023_VV-TMT-Frac11.raw	ftp://ftp.pride.ebi.ac.uk/pride/data/archive/2024/10/PXD047934/272_2023_VV-TMT-Frac11.raw	TMT132N	1	11	NT=Q Exactive HF;AC=MS:1002523	NT=Data-dependent acquisition;AC=PRIDE:0000627	NT=Trypsin;AC=MS:1001251	NT=beam-type collision-induced dissociation;AC=MS:1000422	32 NCE	335m/z-1600m/z	NT=High-pH reversed-phase chromatography (hpHRP);AC=PRIDE:0000564	10 ppm	20 ppm	single TMTpro multiplex	NT=Carbamidomethyl;AC=UNIMOD:4;MT=fixed;TA=C;PP=Anywhere	NT=Oxidation;AC=UNIMOD:35;MT=variable;TA=M;PP=Anywhere	NT=Acetyl;AC=UNIMOD:1;MT=variable;PP=Protein N-term	NT=Dioxidation;AC=UNIMOD:425;MT=variable;TA=M,W;PP=Anywhere	NT=Deamidated;AC=UNIMOD:7;MT=variable;TA=N,Q;PP=Anywhere	NT=Gln->pyro-Glu;AC=UNIMOD:28;MT=variable;TA=Q;PP=Any N-term	NT=TMTpro;AC=UNIMOD:2016;MT=fixed;TA=K;PP=Anywhere	NT=TMTpro;AC=UNIMOD:2016;MT=fixed;PP=Any N-term	v3.0.0	ms-proteomics v1.1.0	human v1.1.0	cell-lines v1.1.0	cycloheximide
PXD047934_cc885_rep1	Homo sapiens	not available	not available	not available	cell line	study sample	not available	not available	not available	not available	not available	not available	not available	1	CC-885	1 uM	24 hour	272_2023_VV-TMT-Frac11	proteomic profiling by mass spectrometry	272_2023_VV-TMT-Frac11.raw	ftp://ftp.pride.ebi.ac.uk/pride/data/archive/2024/10/PXD047934/272_2023_VV-TMT-Frac11.raw	TMT132C	1	11	NT=Q Exactive HF;AC=MS:1002523	NT=Data-dependent acquisition;AC=PRIDE:0000627	NT=Trypsin;AC=MS:1001251	NT=beam-type collision-induced dissociation;AC=MS:1000422	32 NCE	335m/z-1600m/z	NT=High-pH reversed-phase chromatography (hpHRP);AC=PRIDE:0000564	10 ppm	20 ppm	single TMTpro multiplex	NT=Carbamidomethyl;AC=UNIMOD:4;MT=fixed;TA=C;PP=Anywhere	NT=Oxidation;AC=UNIMOD:35;MT=variable;TA=M;PP=Anywhere	NT=Acetyl;AC=UNIMOD:1;MT=variable;PP=Protein N-term	NT=Dioxidation;AC=UNIMOD:425;MT=variable;TA=M,W;PP=Anywhere	NT=Deamidated;AC=UNIMOD:7;MT=variable;TA=N,Q;PP=Anywhere	NT=Gln->pyro-Glu;AC=UNIMOD:28;MT=variable;TA=Q;PP=Any N-term	NT=TMTpro;AC=UNIMOD:2016;MT=fixed;TA=K;PP=Anywhere	NT=TMTpro;AC=UNIMOD:2016;MT=fixed;PP=Any N-term	v3.0.0	ms-proteomics v1.1.0	human v1.1.0	cell-lines v1.1.0	CC-885
PXD047934_cc885_rep2	Homo sapiens	not available	not available	not available	cell line	study sample	not available	not available	not available	not available	not available	not available	not available	2	CC-885	1 uM	24 hour	272_2023_VV-TMT-Frac11	proteomic profiling by mass spectrometry	272_2023_VV-TMT-Frac11.raw	ftp://ftp.pride.ebi.ac.uk/pride/data/archive/2024/10/PXD047934/272_2023_VV-TMT-Frac11.raw	TMT133N	1	11	NT=Q Exactive HF;AC=MS:1002523	NT=Data-dependent acquisition;AC=PRIDE:0000627	NT=Trypsin;AC=MS:1001251	NT=beam-type collision-induced dissociation;AC=MS:1000422	32 NCE	335m/z-1600m/z	NT=High-pH reversed-phase chromatography (hpHRP);AC=PRIDE:0000564	10 ppm	20 ppm	single TMTpro multiplex	NT=Carbamidomethyl;AC=UNIMOD:4;MT=fixed;TA=C;PP=Anywhere	NT=Oxidation;AC=UNIMOD:35;MT=variable;TA=M;PP=Anywhere	NT=Acetyl;AC=UNIMOD:1;MT=variable;PP=Protein N-term	NT=Dioxidation;AC=UNIMOD:425;MT=variable;TA=M,W;PP=Anywhere	NT=Deamidated;AC=UNIMOD:7;MT=variable;TA=N,Q;PP=Anywhere	NT=Gln->pyro-Glu;AC=UNIMOD:28;MT=variable;TA=Q;PP=Any N-term	NT=TMTpro;AC=UNIMOD:2016;MT=fixed;TA=K;PP=Anywhere	NT=TMTpro;AC=UNIMOD:2016;MT=fixed;PP=Any N-term	v3.0.0	ms-proteomics v1.1.0	human v1.1.0	cell-lines v1.1.0	CC-885
PXD047934_cc885_rep3	Homo sapiens	not available	not available	not available	cell line	study sample	not available	not available	not available	not available	not available	not available	not available	3	CC-885	1 uM	24 hour	272_2023_VV-TMT-Frac11	proteomic profiling by mass spectrometry	272_2023_VV-TMT-Frac11.raw	ftp://ftp.pride.ebi.ac.uk/pride/data/archive/2024/10/PXD047934/272_2023_VV-TMT-Frac11.raw	TMT133C	1	11	NT=Q Exactive HF;AC=MS:1002523	NT=Data-dependent acquisition;AC=PRIDE:0000627	NT=Trypsin;AC=MS:1001251	NT=beam-type collision-induced dissociation;AC=MS:1000422	32 NCE	335m/z-1600m/z	NT=High-pH reversed-phase chromatography (hpHRP);AC=PRIDE:0000564	10 ppm	20 ppm	single TMTpro multiplex	NT=Carbamidomethyl;AC=UNIMOD:4;MT=fixed;TA=C;PP=Anywhere	NT=Oxidation;AC=UNIMOD:35;MT=variable;TA=M;PP=Anywhere	NT=Acetyl;AC=UNIMOD:1;MT=variable;PP=Protein N-term	NT=Dioxidation;AC=UNIMOD:425;MT=variable;TA=M,W;PP=Anywhere	NT=Deamidated;AC=UNIMOD:7;MT=variable;TA=N,Q;PP=Anywhere	NT=Gln->pyro-Glu;AC=UNIMOD:28;MT=variable;TA=Q;PP=Any N-term	NT=TMTpro;AC=UNIMOD:2016;MT=fixed;TA=K;PP=Anywhere	NT=TMTpro;AC=UNIMOD:2016;MT=fixed;PP=Any N-term	v3.0.0	ms-proteomics v1.1.0	human v1.1.0	cell-lines v1.1.0	CC-885
PXD047934_dmso_rep1	Homo sapiens	not available	not available	not available	cell line	study sample	not available	not available	not available	not available	not available	not available	not available	1	dimethyl sulfoxide	not available	24 hour	272_2023_VV-TMT-Frac12	proteomic profiling by mass spectrometry	272_2023_VV-TMT-Frac12.raw	ftp://ftp.pride.ebi.ac.uk/pride/data/archive/2024/10/PXD047934/272_2023_VV-TMT-Frac12.raw	TMT126	1	12	NT=Q Exactive HF;AC=MS:1002523	NT=Data-dependent acquisition;AC=PRIDE:0000627	NT=Trypsin;AC=MS:1001251	NT=beam-type collision-induced dissociation;AC=MS:1000422	32 NCE	335m/z-1600m/z	NT=High-pH reversed-phase chromatography (hpHRP);AC=PRIDE:0000564	10 ppm	20 ppm	single TMTpro multiplex	NT=Carbamidomethyl;AC=UNIMOD:4;MT=fixed;TA=C;PP=Anywhere	NT=Oxidation;AC=UNIMOD:35;MT=variable;TA=M;PP=Anywhere	NT=Acetyl;AC=UNIMOD:1;MT=variable;PP=Protein N-term	NT=Dioxidation;AC=UNIMOD:425;MT=variable;TA=M,W;PP=Anywhere	NT=Deamidated;AC=UNIMOD:7;MT=variable;TA=N,Q;PP=Anywhere	NT=Gln->pyro-Glu;AC=UNIMOD:28;MT=variable;TA=Q;PP=Any N-term	NT=TMTpro;AC=UNIMOD:2016;MT=fixed;TA=K;PP=Anywhere	NT=TMTpro;AC=UNIMOD:2016;MT=fixed;PP=Any N-term	v3.0.0	ms-proteomics v1.1.0	human v1.1.0	cell-lines v1.1.0	dimethyl sulfoxide
PXD047934_dmso_rep2	Homo sapiens	not available	not available	not available	cell line	study sample	not available	not available	not available	not available	not available	not available	not available	2	dimethyl sulfoxide	not available	24 hour	272_2023_VV-TMT-Frac12	proteomic profiling by mass spectrometry	272_2023_VV-TMT-Frac12.raw	ftp://ftp.pride.ebi.ac.uk/pride/data/archive/2024/10/PXD047934/272_2023_VV-TMT-Frac12.raw	TMT127N	1	12	NT=Q Exactive HF;AC=MS:1002523	NT=Data-dependent acquisition;AC=PRIDE:0000627	NT=Trypsin;AC=MS:1001251	NT=beam-type collision-induced dissociation;AC=MS:1000422	32 NCE	335m/z-1600m/z	NT=High-pH reversed-phase chromatography (hpHRP);AC=PRIDE:0000564	10 ppm	20 ppm	single TMTpro multiplex	NT=Carbamidomethyl;AC=UNIMOD:4;MT=fixed;TA=C;PP=Anywhere	NT=Oxidation;AC=UNIMOD:35;MT=variable;TA=M;PP=Anywhere	NT=Acetyl;AC=UNIMOD:1;MT=variable;PP=Protein N-term	NT=Dioxidation;AC=UNIMOD:425;MT=variable;TA=M,W;PP=Anywhere	NT=Deamidated;AC=UNIMOD:7;MT=variable;TA=N,Q;PP=Anywhere	NT=Gln->pyro-Glu;AC=UNIMOD:28;MT=variable;TA=Q;PP=Any N-term	NT=TMTpro;AC=UNIMOD:2016;MT=fixed;TA=K;PP=Anywhere	NT=TMTpro;AC=UNIMOD:2016;MT=fixed;PP=Any N-term	v3.0.0	ms-proteomics v1.1.0	human v1.1.0	cell-lines v1.1.0	dimethyl sulfoxide
PXD047934_dmso_rep3	Homo sapiens	not available	not available	not available	cell line	study sample	not available	not available	not available	not available	not available	not available	not available	3	dimethyl sulfoxide	not available	24 hour	272_2023_VV-TMT-Frac12	proteomic profiling by mass spectrometry	272_2023_VV-TMT-Frac12.raw	ftp://ftp.pride.ebi.ac.uk/pride/data/archive/2024/10/PXD047934/272_2023_VV-TMT-Frac12.raw	TMT127C	1	12	NT=Q Exactive HF;AC=MS:1002523	NT=Data-dependent acquisition;AC=PRIDE:0000627	NT=Trypsin;AC=MS:1001251	NT=beam-type collision-induced dissociation;AC=MS:1000422	32 NCE	335m/z-1600m/z	NT=High-pH reversed-phase chromatography (hpHRP);AC=PRIDE:0000564	10 ppm	20 ppm	single TMTpro multiplex	NT=Carbamidomethyl;AC=UNIMOD:4;MT=fixed;TA=C;PP=Anywhere	NT=Oxidation;AC=UNIMOD:35;MT=variable;TA=M;PP=Anywhere	NT=Acetyl;AC=UNIMOD:1;MT=variable;PP=Protein N-term	NT=Dioxidation;AC=UNIMOD:425;MT=variable;TA=M,W;PP=Anywhere	NT=Deamidated;AC=UNIMOD:7;MT=variable;TA=N,Q;PP=Anywhere	NT=Gln->pyro-Glu;AC=UNIMOD:28;MT=variable;TA=Q;PP=Any N-term	NT=TMTpro;AC=UNIMOD:2016;MT=fixed;TA=K;PP=Anywhere	NT=TMTpro;AC=UNIMOD:2016;MT=fixed;PP=Any N-term	v3.0.0	ms-proteomics v1.1.0	human v1.1.0	cell-lines v1.1.0	dimethyl sulfoxide
PXD047934_8451_rep1	Homo sapiens	not available	not available	not available	cell line	study sample	not available	not available	not available	not available	not available	not available	not available	1	BI03058451	1 uM	24 hour	272_2023_VV-TMT-Frac12	proteomic profiling by mass spectrometry	272_2023_VV-TMT-Frac12.raw	ftp://ftp.pride.ebi.ac.uk/pride/data/archive/2024/10/PXD047934/272_2023_VV-TMT-Frac12.raw	TMT128N	1	12	NT=Q Exactive HF;AC=MS:1002523	NT=Data-dependent acquisition;AC=PRIDE:0000627	NT=Trypsin;AC=MS:1001251	NT=beam-type collision-induced dissociation;AC=MS:1000422	32 NCE	335m/z-1600m/z	NT=High-pH reversed-phase chromatography (hpHRP);AC=PRIDE:0000564	10 ppm	20 ppm	single TMTpro multiplex	NT=Carbamidomethyl;AC=UNIMOD:4;MT=fixed;TA=C;PP=Anywhere	NT=Oxidation;AC=UNIMOD:35;MT=variable;TA=M;PP=Anywhere	NT=Acetyl;AC=UNIMOD:1;MT=variable;PP=Protein N-term	NT=Dioxidation;AC=UNIMOD:425;MT=variable;TA=M,W;PP=Anywhere	NT=Deamidated;AC=UNIMOD:7;MT=variable;TA=N,Q;PP=Anywhere	NT=Gln->pyro-Glu;AC=UNIMOD:28;MT=variable;TA=Q;PP=Any N-term	NT=TMTpro;AC=UNIMOD:2016;MT=fixed;TA=K;PP=Anywhere	NT=TMTpro;AC=UNIMOD:2016;MT=fixed;PP=Any N-term	v3.0.0	ms-proteomics v1.1.0	human v1.1.0	cell-lines v1.1.0	BI03058451
PXD047934_8451_rep2	Homo sapiens	not available	not available	not available	cell line	study sample	not available	not available	not available	not available	not available	not available	not available	2	BI03058451	1 uM	24 hour	272_2023_VV-TMT-Frac12	proteomic profiling by mass spectrometry	272_2023_VV-TMT-Frac12.raw	ftp://ftp.pride.ebi.ac.uk/pride/data/archive/2024/10/PXD047934/272_2023_VV-TMT-Frac12.raw	TMT128C	1	12	NT=Q Exactive HF;AC=MS:1002523	NT=Data-dependent acquisition;AC=PRIDE:0000627	NT=Trypsin;AC=MS:1001251	NT=beam-type collision-induced dissociation;AC=MS:1000422	32 NCE	335m/z-1600m/z	NT=High-pH reversed-phase chromatography (hpHRP);AC=PRIDE:0000564	10 ppm	20 ppm	single TMTpro multiplex	NT=Carbamidomethyl;AC=UNIMOD:4;MT=fixed;TA=C;PP=Anywhere	NT=Oxidation;AC=UNIMOD:35;MT=variable;TA=M;PP=Anywhere	NT=Acetyl;AC=UNIMOD:1;MT=variable;PP=Protein N-term	NT=Dioxidation;AC=UNIMOD:425;MT=variable;TA=M,W;PP=Anywhere	NT=Deamidated;AC=UNIMOD:7;MT=variable;TA=N,Q;PP=Anywhere	NT=Gln->pyro-Glu;AC=UNIMOD:28;MT=variable;TA=Q;PP=Any N-term	NT=TMTpro;AC=UNIMOD:2016;MT=fixed;TA=K;PP=Anywhere	NT=TMTpro;AC=UNIMOD:2016;MT=fixed;PP=Any N-term	v3.0.0	ms-proteomics v1.1.0	human v1.1.0	cell-lines v1.1.0	BI03058451
PXD047934_8451_rep3	Homo sapiens	not available	not available	not available	cell line	study sample	not available	not available	not available	not available	not available	not available	not available	3	BI03058451	1 uM	24 hour	272_2023_VV-TMT-Frac12	proteomic profiling by mass spectrometry	272_2023_VV-TMT-Frac12.raw	ftp://ftp.pride.ebi.ac.uk/pride/data/archive/2024/10/PXD047934/272_2023_VV-TMT-Frac12.raw	TMT129N	1	12	NT=Q Exactive HF;AC=MS:1002523	NT=Data-dependent acquisition;AC=PRIDE:0000627	NT=Trypsin;AC=MS:1001251	NT=beam-type collision-induced dissociation;AC=MS:1000422	32 NCE	335m/z-1600m/z	NT=High-pH reversed-phase chromatography (hpHRP);AC=PRIDE:0000564	10 ppm	20 ppm	single TMTpro multiplex	NT=Carbamidomethyl;AC=UNIMOD:4;MT=fixed;TA=C;PP=Anywhere	NT=Oxidation;AC=UNIMOD:35;MT=variable;TA=M;PP=Anywhere	NT=Acetyl;AC=UNIMOD:1;MT=variable;PP=Protein N-term	NT=Dioxidation;AC=UNIMOD:425;MT=variable;TA=M,W;PP=Anywhere	NT=Deamidated;AC=UNIMOD:7;MT=variable;TA=N,Q;PP=Anywhere	NT=Gln->pyro-Glu;AC=UNIMOD:28;MT=variable;TA=Q;PP=Any N-term	NT=TMTpro;AC=UNIMOD:2016;MT=fixed;TA=K;PP=Anywhere	NT=TMTpro;AC=UNIMOD:2016;MT=fixed;PP=Any N-term	v3.0.0	ms-proteomics v1.1.0	human v1.1.0	cell-lines v1.1.0	BI03058451
PXD047934_0068_rep1	Homo sapiens	not available	not available	not available	cell line	study sample	not available	not available	not available	not available	not available	not available	not available	1	BI01590068	1 uM	24 hour	272_2023_VV-TMT-Frac12	proteomic profiling by mass spectrometry	272_2023_VV-TMT-Frac12.raw	ftp://ftp.pride.ebi.ac.uk/pride/data/archive/2024/10/PXD047934/272_2023_VV-TMT-Frac12.raw	TMT129C	1	12	NT=Q Exactive HF;AC=MS:1002523	NT=Data-dependent acquisition;AC=PRIDE:0000627	NT=Trypsin;AC=MS:1001251	NT=beam-type collision-induced dissociation;AC=MS:1000422	32 NCE	335m/z-1600m/z	NT=High-pH reversed-phase chromatography (hpHRP);AC=PRIDE:0000564	10 ppm	20 ppm	single TMTpro multiplex	NT=Carbamidomethyl;AC=UNIMOD:4;MT=fixed;TA=C;PP=Anywhere	NT=Oxidation;AC=UNIMOD:35;MT=variable;TA=M;PP=Anywhere	NT=Acetyl;AC=UNIMOD:1;MT=variable;PP=Protein N-term	NT=Dioxidation;AC=UNIMOD:425;MT=variable;TA=M,W;PP=Anywhere	NT=Deamidated;AC=UNIMOD:7;MT=variable;TA=N,Q;PP=Anywhere	NT=Gln->pyro-Glu;AC=UNIMOD:28;MT=variable;TA=Q;PP=Any N-term	NT=TMTpro;AC=UNIMOD:2016;MT=fixed;TA=K;PP=Anywhere	NT=TMTpro;AC=UNIMOD:2016;MT=fixed;PP=Any N-term	v3.0.0	ms-proteomics v1.1.0	human v1.1.0	cell-lines v1.1.0	BI01590068
PXD047934_0068_rep2	Homo sapiens	not available	not available	not available	cell line	study sample	not available	not available	not available	not available	not available	not available	not available	2	BI01590068	1 uM	24 hour	272_2023_VV-TMT-Frac12	proteomic profiling by mass spectrometry	272_2023_VV-TMT-Frac12.raw	ftp://ftp.pride.ebi.ac.uk/pride/data/archive/2024/10/PXD047934/272_2023_VV-TMT-Frac12.raw	TMT130N	1	12	NT=Q Exactive HF;AC=MS:1002523	NT=Data-dependent acquisition;AC=PRIDE:0000627	NT=Trypsin;AC=MS:1001251	NT=beam-type collision-induced dissociation;AC=MS:1000422	32 NCE	335m/z-1600m/z	NT=High-pH reversed-phase chromatography (hpHRP);AC=PRIDE:0000564	10 ppm	20 ppm	single TMTpro multiplex	NT=Carbamidomethyl;AC=UNIMOD:4;MT=fixed;TA=C;PP=Anywhere	NT=Oxidation;AC=UNIMOD:35;MT=variable;TA=M;PP=Anywhere	NT=Acetyl;AC=UNIMOD:1;MT=variable;PP=Protein N-term	NT=Dioxidation;AC=UNIMOD:425;MT=variable;TA=M,W;PP=Anywhere	NT=Deamidated;AC=UNIMOD:7;MT=variable;TA=N,Q;PP=Anywhere	NT=Gln->pyro-Glu;AC=UNIMOD:28;MT=variable;TA=Q;PP=Any N-term	NT=TMTpro;AC=UNIMOD:2016;MT=fixed;TA=K;PP=Anywhere	NT=TMTpro;AC=UNIMOD:2016;MT=fixed;PP=Any N-term	v3.0.0	ms-proteomics v1.1.0	human v1.1.0	cell-lines v1.1.0	BI01590068
PXD047934_0068_rep3	Homo sapiens	not available	not available	not available	cell line	study sample	not available	not available	not available	not available	not available	not available	not available	3	BI01590068	1 uM	24 hour	272_2023_VV-TMT-Frac12	proteomic profiling by mass spectrometry	272_2023_VV-TMT-Frac12.raw	ftp://ftp.pride.ebi.ac.uk/pride/data/archive/2024/10/PXD047934/272_2023_VV-TMT-Frac12.raw	TMT130C	1	12	NT=Q Exactive HF;AC=MS:1002523	NT=Data-dependent acquisition;AC=PRIDE:0000627	NT=Trypsin;AC=MS:1001251	NT=beam-type collision-induced dissociation;AC=MS:1000422	32 NCE	335m/z-1600m/z	NT=High-pH reversed-phase chromatography (hpHRP);AC=PRIDE:0000564	10 ppm	20 ppm	single TMTpro multiplex	NT=Carbamidomethyl;AC=UNIMOD:4;MT=fixed;TA=C;PP=Anywhere	NT=Oxidation;AC=UNIMOD:35;MT=variable;TA=M;PP=Anywhere	NT=Acetyl;AC=UNIMOD:1;MT=variable;PP=Protein N-term	NT=Dioxidation;AC=UNIMOD:425;MT=variable;TA=M,W;PP=Anywhere	NT=Deamidated;AC=UNIMOD:7;MT=variable;TA=N,Q;PP=Anywhere	NT=Gln->pyro-Glu;AC=UNIMOD:28;MT=variable;TA=Q;PP=Any N-term	NT=TMTpro;AC=UNIMOD:2016;MT=fixed;TA=K;PP=Anywhere	NT=TMTpro;AC=UNIMOD:2016;MT=fixed;PP=Any N-term	v3.0.0	ms-proteomics v1.1.0	human v1.1.0	cell-lines v1.1.0	BI01590068
PXD047934_chx_rep1	Homo sapiens	not available	not available	not available	cell line	study sample	not available	not available	not available	not available	not available	not available	not available	1	cycloheximide	100 ug/mL	24 hour	272_2023_VV-TMT-Frac12	proteomic profiling by mass spectrometry	272_2023_VV-TMT-Frac12.raw	ftp://ftp.pride.ebi.ac.uk/pride/data/archive/2024/10/PXD047934/272_2023_VV-TMT-Frac12.raw	TMT131N	1	12	NT=Q Exactive HF;AC=MS:1002523	NT=Data-dependent acquisition;AC=PRIDE:0000627	NT=Trypsin;AC=MS:1001251	NT=beam-type collision-induced dissociation;AC=MS:1000422	32 NCE	335m/z-1600m/z	NT=High-pH reversed-phase chromatography (hpHRP);AC=PRIDE:0000564	10 ppm	20 ppm	single TMTpro multiplex	NT=Carbamidomethyl;AC=UNIMOD:4;MT=fixed;TA=C;PP=Anywhere	NT=Oxidation;AC=UNIMOD:35;MT=variable;TA=M;PP=Anywhere	NT=Acetyl;AC=UNIMOD:1;MT=variable;PP=Protein N-term	NT=Dioxidation;AC=UNIMOD:425;MT=variable;TA=M,W;PP=Anywhere	NT=Deamidated;AC=UNIMOD:7;MT=variable;TA=N,Q;PP=Anywhere	NT=Gln->pyro-Glu;AC=UNIMOD:28;MT=variable;TA=Q;PP=Any N-term	NT=TMTpro;AC=UNIMOD:2016;MT=fixed;TA=K;PP=Anywhere	NT=TMTpro;AC=UNIMOD:2016;MT=fixed;PP=Any N-term	v3.0.0	ms-proteomics v1.1.0	human v1.1.0	cell-lines v1.1.0	cycloheximide
PXD047934_chx_rep2	Homo sapiens	not available	not available	not available	cell line	study sample	not available	not available	not available	not available	not available	not available	not available	2	cycloheximide	100 ug/mL	24 hour	272_2023_VV-TMT-Frac12	proteomic profiling by mass spectrometry	272_2023_VV-TMT-Frac12.raw	ftp://ftp.pride.ebi.ac.uk/pride/data/archive/2024/10/PXD047934/272_2023_VV-TMT-Frac12.raw	TMT131C	1	12	NT=Q Exactive HF;AC=MS:1002523	NT=Data-dependent acquisition;AC=PRIDE:0000627	NT=Trypsin;AC=MS:1001251	NT=beam-type collision-induced dissociation;AC=MS:1000422	32 NCE	335m/z-1600m/z	NT=High-pH reversed-phase chromatography (hpHRP);AC=PRIDE:0000564	10 ppm	20 ppm	single TMTpro multiplex	NT=Carbamidomethyl;AC=UNIMOD:4;MT=fixed;TA=C;PP=Anywhere	NT=Oxidation;AC=UNIMOD:35;MT=variable;TA=M;PP=Anywhere	NT=Acetyl;AC=UNIMOD:1;MT=variable;PP=Protein N-term	NT=Dioxidation;AC=UNIMOD:425;MT=variable;TA=M,W;PP=Anywhere	NT=Deamidated;AC=UNIMOD:7;MT=variable;TA=N,Q;PP=Anywhere	NT=Gln->pyro-Glu;AC=UNIMOD:28;MT=variable;TA=Q;PP=Any N-term	NT=TMTpro;AC=UNIMOD:2016;MT=fixed;TA=K;PP=Anywhere	NT=TMTpro;AC=UNIMOD:2016;MT=fixed;PP=Any N-term	v3.0.0	ms-proteomics v1.1.0	human v1.1.0	cell-lines v1.1.0	cycloheximide
PXD047934_chx_rep3	Homo sapiens	not available	not available	not available	cell line	study sample	not available	not available	not available	not available	not available	not available	not available	3	cycloheximide	100 ug/mL	24 hour	272_2023_VV-TMT-Frac12	proteomic profiling by mass spectrometry	272_2023_VV-TMT-Frac12.raw	ftp://ftp.pride.ebi.ac.uk/pride/data/archive/2024/10/PXD047934/272_2023_VV-TMT-Frac12.raw	TMT132N	1	12	NT=Q Exactive HF;AC=MS:1002523	NT=Data-dependent acquisition;AC=PRIDE:0000627	NT=Trypsin;AC=MS:1001251	NT=beam-type collision-induced dissociation;AC=MS:1000422	32 NCE	335m/z-1600m/z	NT=High-pH reversed-phase chromatography (hpHRP);AC=PRIDE:0000564	10 ppm	20 ppm	single TMTpro multiplex	NT=Carbamidomethyl;AC=UNIMOD:4;MT=fixed;TA=C;PP=Anywhere	NT=Oxidation;AC=UNIMOD:35;MT=variable;TA=M;PP=Anywhere	NT=Acetyl;AC=UNIMOD:1;MT=variable;PP=Protein N-term	NT=Dioxidation;AC=UNIMOD:425;MT=variable;TA=M,W;PP=Anywhere	NT=Deamidated;AC=UNIMOD:7;MT=variable;TA=N,Q;PP=Anywhere	NT=Gln->pyro-Glu;AC=UNIMOD:28;MT=variable;TA=Q;PP=Any N-term	NT=TMTpro;AC=UNIMOD:2016;MT=fixed;TA=K;PP=Anywhere	NT=TMTpro;AC=UNIMOD:2016;MT=fixed;PP=Any N-term	v3.0.0	ms-proteomics v1.1.0	human v1.1.0	cell-lines v1.1.0	cycloheximide
PXD047934_cc885_rep1	Homo sapiens	not available	not available	not available	cell line	study sample	not available	not available	not available	not available	not available	not available	not available	1	CC-885	1 uM	24 hour	272_2023_VV-TMT-Frac12	proteomic profiling by mass spectrometry	272_2023_VV-TMT-Frac12.raw	ftp://ftp.pride.ebi.ac.uk/pride/data/archive/2024/10/PXD047934/272_2023_VV-TMT-Frac12.raw	TMT132C	1	12	NT=Q Exactive HF;AC=MS:1002523	NT=Data-dependent acquisition;AC=PRIDE:0000627	NT=Trypsin;AC=MS:1001251	NT=beam-type collision-induced dissociation;AC=MS:1000422	32 NCE	335m/z-1600m/z	NT=High-pH reversed-phase chromatography (hpHRP);AC=PRIDE:0000564	10 ppm	20 ppm	single TMTpro multiplex	NT=Carbamidomethyl;AC=UNIMOD:4;MT=fixed;TA=C;PP=Anywhere	NT=Oxidation;AC=UNIMOD:35;MT=variable;TA=M;PP=Anywhere	NT=Acetyl;AC=UNIMOD:1;MT=variable;PP=Protein N-term	NT=Dioxidation;AC=UNIMOD:425;MT=variable;TA=M,W;PP=Anywhere	NT=Deamidated;AC=UNIMOD:7;MT=variable;TA=N,Q;PP=Anywhere	NT=Gln->pyro-Glu;AC=UNIMOD:28;MT=variable;TA=Q;PP=Any N-term	NT=TMTpro;AC=UNIMOD:2016;MT=fixed;TA=K;PP=Anywhere	NT=TMTpro;AC=UNIMOD:2016;MT=fixed;PP=Any N-term	v3.0.0	ms-proteomics v1.1.0	human v1.1.0	cell-lines v1.1.0	CC-885
PXD047934_cc885_rep2	Homo sapiens	not available	not available	not available	cell line	study sample	not available	not available	not available	not available	not available	not available	not available	2	CC-885	1 uM	24 hour	272_2023_VV-TMT-Frac12	proteomic profiling by mass spectrometry	272_2023_VV-TMT-Frac12.raw	ftp://ftp.pride.ebi.ac.uk/pride/data/archive/2024/10/PXD047934/272_2023_VV-TMT-Frac12.raw	TMT133N	1	12	NT=Q Exactive HF;AC=MS:1002523	NT=Data-dependent acquisition;AC=PRIDE:0000627	NT=Trypsin;AC=MS:1001251	NT=beam-type collision-induced dissociation;AC=MS:1000422	32 NCE	335m/z-1600m/z	NT=High-pH reversed-phase chromatography (hpHRP);AC=PRIDE:0000564	10 ppm	20 ppm	single TMTpro multiplex	NT=Carbamidomethyl;AC=UNIMOD:4;MT=fixed;TA=C;PP=Anywhere	NT=Oxidation;AC=UNIMOD:35;MT=variable;TA=M;PP=Anywhere	NT=Acetyl;AC=UNIMOD:1;MT=variable;PP=Protein N-term	NT=Dioxidation;AC=UNIMOD:425;MT=variable;TA=M,W;PP=Anywhere	NT=Deamidated;AC=UNIMOD:7;MT=variable;TA=N,Q;PP=Anywhere	NT=Gln->pyro-Glu;AC=UNIMOD:28;MT=variable;TA=Q;PP=Any N-term	NT=TMTpro;AC=UNIMOD:2016;MT=fixed;TA=K;PP=Anywhere	NT=TMTpro;AC=UNIMOD:2016;MT=fixed;PP=Any N-term	v3.0.0	ms-proteomics v1.1.0	human v1.1.0	cell-lines v1.1.0	CC-885
PXD047934_cc885_rep3	Homo sapiens	not available	not available	not available	cell line	study sample	not available	not available	not available	not available	not available	not available	not available	3	CC-885	1 uM	24 hour	272_2023_VV-TMT-Frac12	proteomic profiling by mass spectrometry	272_2023_VV-TMT-Frac12.raw	ftp://ftp.pride.ebi.ac.uk/pride/data/archive/2024/10/PXD047934/272_2023_VV-TMT-Frac12.raw	TMT133C	1	12	NT=Q Exactive HF;AC=MS:1002523	NT=Data-dependent acquisition;AC=PRIDE:0000627	NT=Trypsin;AC=MS:1001251	NT=beam-type collision-induced dissociation;AC=MS:1000422	32 NCE	335m/z-1600m/z	NT=High-pH reversed-phase chromatography (hpHRP);AC=PRIDE:0000564	10 ppm	20 ppm	single TMTpro multiplex	NT=Carbamidomethyl;AC=UNIMOD:4;MT=fixed;TA=C;PP=Anywhere	NT=Oxidation;AC=UNIMOD:35;MT=variable;TA=M;PP=Anywhere	NT=Acetyl;AC=UNIMOD:1;MT=variable;PP=Protein N-term	NT=Dioxidation;AC=UNIMOD:425;MT=variable;TA=M,W;PP=Anywhere	NT=Deamidated;AC=UNIMOD:7;MT=variable;TA=N,Q;PP=Anywhere	NT=Gln->pyro-Glu;AC=UNIMOD:28;MT=variable;TA=Q;PP=Any N-term	NT=TMTpro;AC=UNIMOD:2016;MT=fixed;TA=K;PP=Anywhere	NT=TMTpro;AC=UNIMOD:2016;MT=fixed;PP=Any N-term	v3.0.0	ms-proteomics v1.1.0	human v1.1.0	cell-lines v1.1.0	CC-885
PXD047934_dmso_rep1	Homo sapiens	not available	not available	not available	cell line	study sample	not available	not available	not available	not available	not available	not available	not available	1	dimethyl sulfoxide	not available	24 hour	272_2023_VV-TMT-Frac13	proteomic profiling by mass spectrometry	272_2023_VV-TMT-Frac13.raw	ftp://ftp.pride.ebi.ac.uk/pride/data/archive/2024/10/PXD047934/272_2023_VV-TMT-Frac13.raw	TMT126	1	13	NT=Q Exactive HF;AC=MS:1002523	NT=Data-dependent acquisition;AC=PRIDE:0000627	NT=Trypsin;AC=MS:1001251	NT=beam-type collision-induced dissociation;AC=MS:1000422	32 NCE	335m/z-1600m/z	NT=High-pH reversed-phase chromatography (hpHRP);AC=PRIDE:0000564	10 ppm	20 ppm	single TMTpro multiplex	NT=Carbamidomethyl;AC=UNIMOD:4;MT=fixed;TA=C;PP=Anywhere	NT=Oxidation;AC=UNIMOD:35;MT=variable;TA=M;PP=Anywhere	NT=Acetyl;AC=UNIMOD:1;MT=variable;PP=Protein N-term	NT=Dioxidation;AC=UNIMOD:425;MT=variable;TA=M,W;PP=Anywhere	NT=Deamidated;AC=UNIMOD:7;MT=variable;TA=N,Q;PP=Anywhere	NT=Gln->pyro-Glu;AC=UNIMOD:28;MT=variable;TA=Q;PP=Any N-term	NT=TMTpro;AC=UNIMOD:2016;MT=fixed;TA=K;PP=Anywhere	NT=TMTpro;AC=UNIMOD:2016;MT=fixed;PP=Any N-term	v3.0.0	ms-proteomics v1.1.0	human v1.1.0	cell-lines v1.1.0	dimethyl sulfoxide
PXD047934_dmso_rep2	Homo sapiens	not available	not available	not available	cell line	study sample	not available	not available	not available	not available	not available	not available	not available	2	dimethyl sulfoxide	not available	24 hour	272_2023_VV-TMT-Frac13	proteomic profiling by mass spectrometry	272_2023_VV-TMT-Frac13.raw	ftp://ftp.pride.ebi.ac.uk/pride/data/archive/2024/10/PXD047934/272_2023_VV-TMT-Frac13.raw	TMT127N	1	13	NT=Q Exactive HF;AC=MS:1002523	NT=Data-dependent acquisition;AC=PRIDE:0000627	NT=Trypsin;AC=MS:1001251	NT=beam-type collision-induced dissociation;AC=MS:1000422	32 NCE	335m/z-1600m/z	NT=High-pH reversed-phase chromatography (hpHRP);AC=PRIDE:0000564	10 ppm	20 ppm	single TMTpro multiplex	NT=Carbamidomethyl;AC=UNIMOD:4;MT=fixed;TA=C;PP=Anywhere	NT=Oxidation;AC=UNIMOD:35;MT=variable;TA=M;PP=Anywhere	NT=Acetyl;AC=UNIMOD:1;MT=variable;PP=Protein N-term	NT=Dioxidation;AC=UNIMOD:425;MT=variable;TA=M,W;PP=Anywhere	NT=Deamidated;AC=UNIMOD:7;MT=variable;TA=N,Q;PP=Anywhere	NT=Gln->pyro-Glu;AC=UNIMOD:28;MT=variable;TA=Q;PP=Any N-term	NT=TMTpro;AC=UNIMOD:2016;MT=fixed;TA=K;PP=Anywhere	NT=TMTpro;AC=UNIMOD:2016;MT=fixed;PP=Any N-term	v3.0.0	ms-proteomics v1.1.0	human v1.1.0	cell-lines v1.1.0	dimethyl sulfoxide
PXD047934_dmso_rep3	Homo sapiens	not available	not available	not available	cell line	study sample	not available	not available	not available	not available	not available	not available	not available	3	dimethyl sulfoxide	not available	24 hour	272_2023_VV-TMT-Frac13	proteomic profiling by mass spectrometry	272_2023_VV-TMT-Frac13.raw	ftp://ftp.pride.ebi.ac.uk/pride/data/archive/2024/10/PXD047934/272_2023_VV-TMT-Frac13.raw	TMT127C	1	13	NT=Q Exactive HF;AC=MS:1002523	NT=Data-dependent acquisition;AC=PRIDE:0000627	NT=Trypsin;AC=MS:1001251	NT=beam-type collision-induced dissociation;AC=MS:1000422	32 NCE	335m/z-1600m/z	NT=High-pH reversed-phase chromatography (hpHRP);AC=PRIDE:0000564	10 ppm	20 ppm	single TMTpro multiplex	NT=Carbamidomethyl;AC=UNIMOD:4;MT=fixed;TA=C;PP=Anywhere	NT=Oxidation;AC=UNIMOD:35;MT=variable;TA=M;PP=Anywhere	NT=Acetyl;AC=UNIMOD:1;MT=variable;PP=Protein N-term	NT=Dioxidation;AC=UNIMOD:425;MT=variable;TA=M,W;PP=Anywhere	NT=Deamidated;AC=UNIMOD:7;MT=variable;TA=N,Q;PP=Anywhere	NT=Gln->pyro-Glu;AC=UNIMOD:28;MT=variable;TA=Q;PP=Any N-term	NT=TMTpro;AC=UNIMOD:2016;MT=fixed;TA=K;PP=Anywhere	NT=TMTpro;AC=UNIMOD:2016;MT=fixed;PP=Any N-term	v3.0.0	ms-proteomics v1.1.0	human v1.1.0	cell-lines v1.1.0	dimethyl sulfoxide
PXD047934_8451_rep1	Homo sapiens	not available	not available	not available	cell line	study sample	not available	not available	not available	not available	not available	not available	not available	1	BI03058451	1 uM	24 hour	272_2023_VV-TMT-Frac13	proteomic profiling by mass spectrometry	272_2023_VV-TMT-Frac13.raw	ftp://ftp.pride.ebi.ac.uk/pride/data/archive/2024/10/PXD047934/272_2023_VV-TMT-Frac13.raw	TMT128N	1	13	NT=Q Exactive HF;AC=MS:1002523	NT=Data-dependent acquisition;AC=PRIDE:0000627	NT=Trypsin;AC=MS:1001251	NT=beam-type collision-induced dissociation;AC=MS:1000422	32 NCE	335m/z-1600m/z	NT=High-pH reversed-phase chromatography (hpHRP);AC=PRIDE:0000564	10 ppm	20 ppm	single TMTpro multiplex	NT=Carbamidomethyl;AC=UNIMOD:4;MT=fixed;TA=C;PP=Anywhere	NT=Oxidation;AC=UNIMOD:35;MT=variable;TA=M;PP=Anywhere	NT=Acetyl;AC=UNIMOD:1;MT=variable;PP=Protein N-term	NT=Dioxidation;AC=UNIMOD:425;MT=variable;TA=M,W;PP=Anywhere	NT=Deamidated;AC=UNIMOD:7;MT=variable;TA=N,Q;PP=Anywhere	NT=Gln->pyro-Glu;AC=UNIMOD:28;MT=variable;TA=Q;PP=Any N-term	NT=TMTpro;AC=UNIMOD:2016;MT=fixed;TA=K;PP=Anywhere	NT=TMTpro;AC=UNIMOD:2016;MT=fixed;PP=Any N-term	v3.0.0	ms-proteomics v1.1.0	human v1.1.0	cell-lines v1.1.0	BI03058451
PXD047934_8451_rep2	Homo sapiens	not available	not available	not available	cell line	study sample	not available	not available	not available	not available	not available	not available	not available	2	BI03058451	1 uM	24 hour	272_2023_VV-TMT-Frac13	proteomic profiling by mass spectrometry	272_2023_VV-TMT-Frac13.raw	ftp://ftp.pride.ebi.ac.uk/pride/data/archive/2024/10/PXD047934/272_2023_VV-TMT-Frac13.raw	TMT128C	1	13	NT=Q Exactive HF;AC=MS:1002523	NT=Data-dependent acquisition;AC=PRIDE:0000627	NT=Trypsin;AC=MS:1001251	NT=beam-type collision-induced dissociation;AC=MS:1000422	32 NCE	335m/z-1600m/z	NT=High-pH reversed-phase chromatography (hpHRP);AC=PRIDE:0000564	10 ppm	20 ppm	single TMTpro multiplex	NT=Carbamidomethyl;AC=UNIMOD:4;MT=fixed;TA=C;PP=Anywhere	NT=Oxidation;AC=UNIMOD:35;MT=variable;TA=M;PP=Anywhere	NT=Acetyl;AC=UNIMOD:1;MT=variable;PP=Protein N-term	NT=Dioxidation;AC=UNIMOD:425;MT=variable;TA=M,W;PP=Anywhere	NT=Deamidated;AC=UNIMOD:7;MT=variable;TA=N,Q;PP=Anywhere	NT=Gln->pyro-Glu;AC=UNIMOD:28;MT=variable;TA=Q;PP=Any N-term	NT=TMTpro;AC=UNIMOD:2016;MT=fixed;TA=K;PP=Anywhere	NT=TMTpro;AC=UNIMOD:2016;MT=fixed;PP=Any N-term	v3.0.0	ms-proteomics v1.1.0	human v1.1.0	cell-lines v1.1.0	BI03058451
PXD047934_8451_rep3	Homo sapiens	not available	not available	not available	cell line	study sample	not available	not available	not available	not available	not available	not available	not available	3	BI03058451	1 uM	24 hour	272_2023_VV-TMT-Frac13	proteomic profiling by mass spectrometry	272_2023_VV-TMT-Frac13.raw	ftp://ftp.pride.ebi.ac.uk/pride/data/archive/2024/10/PXD047934/272_2023_VV-TMT-Frac13.raw	TMT129N	1	13	NT=Q Exactive HF;AC=MS:1002523	NT=Data-dependent acquisition;AC=PRIDE:0000627	NT=Trypsin;AC=MS:1001251	NT=beam-type collision-induced dissociation;AC=MS:1000422	32 NCE	335m/z-1600m/z	NT=High-pH reversed-phase chromatography (hpHRP);AC=PRIDE:0000564	10 ppm	20 ppm	single TMTpro multiplex	NT=Carbamidomethyl;AC=UNIMOD:4;MT=fixed;TA=C;PP=Anywhere	NT=Oxidation;AC=UNIMOD:35;MT=variable;TA=M;PP=Anywhere	NT=Acetyl;AC=UNIMOD:1;MT=variable;PP=Protein N-term	NT=Dioxidation;AC=UNIMOD:425;MT=variable;TA=M,W;PP=Anywhere	NT=Deamidated;AC=UNIMOD:7;MT=variable;TA=N,Q;PP=Anywhere	NT=Gln->pyro-Glu;AC=UNIMOD:28;MT=variable;TA=Q;PP=Any N-term	NT=TMTpro;AC=UNIMOD:2016;MT=fixed;TA=K;PP=Anywhere	NT=TMTpro;AC=UNIMOD:2016;MT=fixed;PP=Any N-term	v3.0.0	ms-proteomics v1.1.0	human v1.1.0	cell-lines v1.1.0	BI03058451
PXD047934_0068_rep1	Homo sapiens	not available	not available	not available	cell line	study sample	not available	not available	not available	not available	not available	not available	not available	1	BI01590068	1 uM	24 hour	272_2023_VV-TMT-Frac13	proteomic profiling by mass spectrometry	272_2023_VV-TMT-Frac13.raw	ftp://ftp.pride.ebi.ac.uk/pride/data/archive/2024/10/PXD047934/272_2023_VV-TMT-Frac13.raw	TMT129C	1	13	NT=Q Exactive HF;AC=MS:1002523	NT=Data-dependent acquisition;AC=PRIDE:0000627	NT=Trypsin;AC=MS:1001251	NT=beam-type collision-induced dissociation;AC=MS:1000422	32 NCE	335m/z-1600m/z	NT=High-pH reversed-phase chromatography (hpHRP);AC=PRIDE:0000564	10 ppm	20 ppm	single TMTpro multiplex	NT=Carbamidomethyl;AC=UNIMOD:4;MT=fixed;TA=C;PP=Anywhere	NT=Oxidation;AC=UNIMOD:35;MT=variable;TA=M;PP=Anywhere	NT=Acetyl;AC=UNIMOD:1;MT=variable;PP=Protein N-term	NT=Dioxidation;AC=UNIMOD:425;MT=variable;TA=M,W;PP=Anywhere	NT=Deamidated;AC=UNIMOD:7;MT=variable;TA=N,Q;PP=Anywhere	NT=Gln->pyro-Glu;AC=UNIMOD:28;MT=variable;TA=Q;PP=Any N-term	NT=TMTpro;AC=UNIMOD:2016;MT=fixed;TA=K;PP=Anywhere	NT=TMTpro;AC=UNIMOD:2016;MT=fixed;PP=Any N-term	v3.0.0	ms-proteomics v1.1.0	human v1.1.0	cell-lines v1.1.0	BI01590068
PXD047934_0068_rep2	Homo sapiens	not available	not available	not available	cell line	study sample	not available	not available	not available	not available	not available	not available	not available	2	BI01590068	1 uM	24 hour	272_2023_VV-TMT-Frac13	proteomic profiling by mass spectrometry	272_2023_VV-TMT-Frac13.raw	ftp://ftp.pride.ebi.ac.uk/pride/data/archive/2024/10/PXD047934/272_2023_VV-TMT-Frac13.raw	TMT130N	1	13	NT=Q Exactive HF;AC=MS:1002523	NT=Data-dependent acquisition;AC=PRIDE:0000627	NT=Trypsin;AC=MS:1001251	NT=beam-type collision-induced dissociation;AC=MS:1000422	32 NCE	335m/z-1600m/z	NT=High-pH reversed-phase chromatography (hpHRP);AC=PRIDE:0000564	10 ppm	20 ppm	single TMTpro multiplex	NT=Carbamidomethyl;AC=UNIMOD:4;MT=fixed;TA=C;PP=Anywhere	NT=Oxidation;AC=UNIMOD:35;MT=variable;TA=M;PP=Anywhere	NT=Acetyl;AC=UNIMOD:1;MT=variable;PP=Protein N-term	NT=Dioxidation;AC=UNIMOD:425;MT=variable;TA=M,W;PP=Anywhere	NT=Deamidated;AC=UNIMOD:7;MT=variable;TA=N,Q;PP=Anywhere	NT=Gln->pyro-Glu;AC=UNIMOD:28;MT=variable;TA=Q;PP=Any N-term	NT=TMTpro;AC=UNIMOD:2016;MT=fixed;TA=K;PP=Anywhere	NT=TMTpro;AC=UNIMOD:2016;MT=fixed;PP=Any N-term	v3.0.0	ms-proteomics v1.1.0	human v1.1.0	cell-lines v1.1.0	BI01590068
PXD047934_0068_rep3	Homo sapiens	not available	not available	not available	cell line	study sample	not available	not available	not available	not available	not available	not available	not available	3	BI01590068	1 uM	24 hour	272_2023_VV-TMT-Frac13	proteomic profiling by mass spectrometry	272_2023_VV-TMT-Frac13.raw	ftp://ftp.pride.ebi.ac.uk/pride/data/archive/2024/10/PXD047934/272_2023_VV-TMT-Frac13.raw	TMT130C	1	13	NT=Q Exactive HF;AC=MS:1002523	NT=Data-dependent acquisition;AC=PRIDE:0000627	NT=Trypsin;AC=MS:1001251	NT=beam-type collision-induced dissociation;AC=MS:1000422	32 NCE	335m/z-1600m/z	NT=High-pH reversed-phase chromatography (hpHRP);AC=PRIDE:0000564	10 ppm	20 ppm	single TMTpro multiplex	NT=Carbamidomethyl;AC=UNIMOD:4;MT=fixed;TA=C;PP=Anywhere	NT=Oxidation;AC=UNIMOD:35;MT=variable;TA=M;PP=Anywhere	NT=Acetyl;AC=UNIMOD:1;MT=variable;PP=Protein N-term	NT=Dioxidation;AC=UNIMOD:425;MT=variable;TA=M,W;PP=Anywhere	NT=Deamidated;AC=UNIMOD:7;MT=variable;TA=N,Q;PP=Anywhere	NT=Gln->pyro-Glu;AC=UNIMOD:28;MT=variable;TA=Q;PP=Any N-term	NT=TMTpro;AC=UNIMOD:2016;MT=fixed;TA=K;PP=Anywhere	NT=TMTpro;AC=UNIMOD:2016;MT=fixed;PP=Any N-term	v3.0.0	ms-proteomics v1.1.0	human v1.1.0	cell-lines v1.1.0	BI01590068
PXD047934_chx_rep1	Homo sapiens	not available	not available	not available	cell line	study sample	not available	not available	not available	not available	not available	not available	not available	1	cycloheximide	100 ug/mL	24 hour	272_2023_VV-TMT-Frac13	proteomic profiling by mass spectrometry	272_2023_VV-TMT-Frac13.raw	ftp://ftp.pride.ebi.ac.uk/pride/data/archive/2024/10/PXD047934/272_2023_VV-TMT-Frac13.raw	TMT131N	1	13	NT=Q Exactive HF;AC=MS:1002523	NT=Data-dependent acquisition;AC=PRIDE:0000627	NT=Trypsin;AC=MS:1001251	NT=beam-type collision-induced dissociation;AC=MS:1000422	32 NCE	335m/z-1600m/z	NT=High-pH reversed-phase chromatography (hpHRP);AC=PRIDE:0000564	10 ppm	20 ppm	single TMTpro multiplex	NT=Carbamidomethyl;AC=UNIMOD:4;MT=fixed;TA=C;PP=Anywhere	NT=Oxidation;AC=UNIMOD:35;MT=variable;TA=M;PP=Anywhere	NT=Acetyl;AC=UNIMOD:1;MT=variable;PP=Protein N-term	NT=Dioxidation;AC=UNIMOD:425;MT=variable;TA=M,W;PP=Anywhere	NT=Deamidated;AC=UNIMOD:7;MT=variable;TA=N,Q;PP=Anywhere	NT=Gln->pyro-Glu;AC=UNIMOD:28;MT=variable;TA=Q;PP=Any N-term	NT=TMTpro;AC=UNIMOD:2016;MT=fixed;TA=K;PP=Anywhere	NT=TMTpro;AC=UNIMOD:2016;MT=fixed;PP=Any N-term	v3.0.0	ms-proteomics v1.1.0	human v1.1.0	cell-lines v1.1.0	cycloheximide
PXD047934_chx_rep2	Homo sapiens	not available	not available	not available	cell line	study sample	not available	not available	not available	not available	not available	not available	not available	2	cycloheximide	100 ug/mL	24 hour	272_2023_VV-TMT-Frac13	proteomic profiling by mass spectrometry	272_2023_VV-TMT-Frac13.raw	ftp://ftp.pride.ebi.ac.uk/pride/data/archive/2024/10/PXD047934/272_2023_VV-TMT-Frac13.raw	TMT131C	1	13	NT=Q Exactive HF;AC=MS:1002523	NT=Data-dependent acquisition;AC=PRIDE:0000627	NT=Trypsin;AC=MS:1001251	NT=beam-type collision-induced dissociation;AC=MS:1000422	32 NCE	335m/z-1600m/z	NT=High-pH reversed-phase chromatography (hpHRP);AC=PRIDE:0000564	10 ppm	20 ppm	single TMTpro multiplex	NT=Carbamidomethyl;AC=UNIMOD:4;MT=fixed;TA=C;PP=Anywhere	NT=Oxidation;AC=UNIMOD:35;MT=variable;TA=M;PP=Anywhere	NT=Acetyl;AC=UNIMOD:1;MT=variable;PP=Protein N-term	NT=Dioxidation;AC=UNIMOD:425;MT=variable;TA=M,W;PP=Anywhere	NT=Deamidated;AC=UNIMOD:7;MT=variable;TA=N,Q;PP=Anywhere	NT=Gln->pyro-Glu;AC=UNIMOD:28;MT=variable;TA=Q;PP=Any N-term	NT=TMTpro;AC=UNIMOD:2016;MT=fixed;TA=K;PP=Anywhere	NT=TMTpro;AC=UNIMOD:2016;MT=fixed;PP=Any N-term	v3.0.0	ms-proteomics v1.1.0	human v1.1.0	cell-lines v1.1.0	cycloheximide
PXD047934_chx_rep3	Homo sapiens	not available	not available	not available	cell line	study sample	not available	not available	not available	not available	not available	not available	not available	3	cycloheximide	100 ug/mL	24 hour	272_2023_VV-TMT-Frac13	proteomic profiling by mass spectrometry	272_2023_VV-TMT-Frac13.raw	ftp://ftp.pride.ebi.ac.uk/pride/data/archive/2024/10/PXD047934/272_2023_VV-TMT-Frac13.raw	TMT132N	1	13	NT=Q Exactive HF;AC=MS:1002523	NT=Data-dependent acquisition;AC=PRIDE:0000627	NT=Trypsin;AC=MS:1001251	NT=beam-type collision-induced dissociation;AC=MS:1000422	32 NCE	335m/z-1600m/z	NT=High-pH reversed-phase chromatography (hpHRP);AC=PRIDE:0000564	10 ppm	20 ppm	single TMTpro multiplex	NT=Carbamidomethyl;AC=UNIMOD:4;MT=fixed;TA=C;PP=Anywhere	NT=Oxidation;AC=UNIMOD:35;MT=variable;TA=M;PP=Anywhere	NT=Acetyl;AC=UNIMOD:1;MT=variable;PP=Protein N-term	NT=Dioxidation;AC=UNIMOD:425;MT=variable;TA=M,W;PP=Anywhere	NT=Deamidated;AC=UNIMOD:7;MT=variable;TA=N,Q;PP=Anywhere	NT=Gln->pyro-Glu;AC=UNIMOD:28;MT=variable;TA=Q;PP=Any N-term	NT=TMTpro;AC=UNIMOD:2016;MT=fixed;TA=K;PP=Anywhere	NT=TMTpro;AC=UNIMOD:2016;MT=fixed;PP=Any N-term	v3.0.0	ms-proteomics v1.1.0	human v1.1.0	cell-lines v1.1.0	cycloheximide
PXD047934_cc885_rep1	Homo sapiens	not available	not available	not available	cell line	study sample	not available	not available	not available	not available	not available	not available	not available	1	CC-885	1 uM	24 hour	272_2023_VV-TMT-Frac13	proteomic profiling by mass spectrometry	272_2023_VV-TMT-Frac13.raw	ftp://ftp.pride.ebi.ac.uk/pride/data/archive/2024/10/PXD047934/272_2023_VV-TMT-Frac13.raw	TMT132C	1	13	NT=Q Exactive HF;AC=MS:1002523	NT=Data-dependent acquisition;AC=PRIDE:0000627	NT=Trypsin;AC=MS:1001251	NT=beam-type collision-induced dissociation;AC=MS:1000422	32 NCE	335m/z-1600m/z	NT=High-pH reversed-phase chromatography (hpHRP);AC=PRIDE:0000564	10 ppm	20 ppm	single TMTpro multiplex	NT=Carbamidomethyl;AC=UNIMOD:4;MT=fixed;TA=C;PP=Anywhere	NT=Oxidation;AC=UNIMOD:35;MT=variable;TA=M;PP=Anywhere	NT=Acetyl;AC=UNIMOD:1;MT=variable;PP=Protein N-term	NT=Dioxidation;AC=UNIMOD:425;MT=variable;TA=M,W;PP=Anywhere	NT=Deamidated;AC=UNIMOD:7;MT=variable;TA=N,Q;PP=Anywhere	NT=Gln->pyro-Glu;AC=UNIMOD:28;MT=variable;TA=Q;PP=Any N-term	NT=TMTpro;AC=UNIMOD:2016;MT=fixed;TA=K;PP=Anywhere	NT=TMTpro;AC=UNIMOD:2016;MT=fixed;PP=Any N-term	v3.0.0	ms-proteomics v1.1.0	human v1.1.0	cell-lines v1.1.0	CC-885
PXD047934_cc885_rep2	Homo sapiens	not available	not available	not available	cell line	study sample	not available	not available	not available	not available	not available	not available	not available	2	CC-885	1 uM	24 hour	272_2023_VV-TMT-Frac13	proteomic profiling by mass spectrometry	272_2023_VV-TMT-Frac13.raw	ftp://ftp.pride.ebi.ac.uk/pride/data/archive/2024/10/PXD047934/272_2023_VV-TMT-Frac13.raw	TMT133N	1	13	NT=Q Exactive HF;AC=MS:1002523	NT=Data-dependent acquisition;AC=PRIDE:0000627	NT=Trypsin;AC=MS:1001251	NT=beam-type collision-induced dissociation;AC=MS:1000422	32 NCE	335m/z-1600m/z	NT=High-pH reversed-phase chromatography (hpHRP);AC=PRIDE:0000564	10 ppm	20 ppm	single TMTpro multiplex	NT=Carbamidomethyl;AC=UNIMOD:4;MT=fixed;TA=C;PP=Anywhere	NT=Oxidation;AC=UNIMOD:35;MT=variable;TA=M;PP=Anywhere	NT=Acetyl;AC=UNIMOD:1;MT=variable;PP=Protein N-term	NT=Dioxidation;AC=UNIMOD:425;MT=variable;TA=M,W;PP=Anywhere	NT=Deamidated;AC=UNIMOD:7;MT=variable;TA=N,Q;PP=Anywhere	NT=Gln->pyro-Glu;AC=UNIMOD:28;MT=variable;TA=Q;PP=Any N-term	NT=TMTpro;AC=UNIMOD:2016;MT=fixed;TA=K;PP=Anywhere	NT=TMTpro;AC=UNIMOD:2016;MT=fixed;PP=Any N-term	v3.0.0	ms-proteomics v1.1.0	human v1.1.0	cell-lines v1.1.0	CC-885
PXD047934_cc885_rep3	Homo sapiens	not available	not available	not available	cell line	study sample	not available	not available	not available	not available	not available	not available	not available	3	CC-885	1 uM	24 hour	272_2023_VV-TMT-Frac13	proteomic profiling by mass spectrometry	272_2023_VV-TMT-Frac13.raw	ftp://ftp.pride.ebi.ac.uk/pride/data/archive/2024/10/PXD047934/272_2023_VV-TMT-Frac13.raw	TMT133C	1	13	NT=Q Exactive HF;AC=MS:1002523	NT=Data-dependent acquisition;AC=PRIDE:0000627	NT=Trypsin;AC=MS:1001251	NT=beam-type collision-induced dissociation;AC=MS:1000422	32 NCE	335m/z-1600m/z	NT=High-pH reversed-phase chromatography (hpHRP);AC=PRIDE:0000564	10 ppm	20 ppm	single TMTpro multiplex	NT=Carbamidomethyl;AC=UNIMOD:4;MT=fixed;TA=C;PP=Anywhere	NT=Oxidation;AC=UNIMOD:35;MT=variable;TA=M;PP=Anywhere	NT=Acetyl;AC=UNIMOD:1;MT=variable;PP=Protein N-term	NT=Dioxidation;AC=UNIMOD:425;MT=variable;TA=M,W;PP=Anywhere	NT=Deamidated;AC=UNIMOD:7;MT=variable;TA=N,Q;PP=Anywhere	NT=Gln->pyro-Glu;AC=UNIMOD:28;MT=variable;TA=Q;PP=Any N-term	NT=TMTpro;AC=UNIMOD:2016;MT=fixed;TA=K;PP=Anywhere	NT=TMTpro;AC=UNIMOD:2016;MT=fixed;PP=Any N-term	v3.0.0	ms-proteomics v1.1.0	human v1.1.0	cell-lines v1.1.0	CC-885
PXD047934_dmso_rep1	Homo sapiens	not available	not available	not available	cell line	study sample	not available	not available	not available	not available	not available	not available	not available	1	dimethyl sulfoxide	not available	24 hour	272_2023_VV-TMT-Frac14	proteomic profiling by mass spectrometry	272_2023_VV-TMT-Frac14.raw	ftp://ftp.pride.ebi.ac.uk/pride/data/archive/2024/10/PXD047934/272_2023_VV-TMT-Frac14.raw	TMT126	1	14	NT=Q Exactive HF;AC=MS:1002523	NT=Data-dependent acquisition;AC=PRIDE:0000627	NT=Trypsin;AC=MS:1001251	NT=beam-type collision-induced dissociation;AC=MS:1000422	32 NCE	335m/z-1600m/z	NT=High-pH reversed-phase chromatography (hpHRP);AC=PRIDE:0000564	10 ppm	20 ppm	single TMTpro multiplex	NT=Carbamidomethyl;AC=UNIMOD:4;MT=fixed;TA=C;PP=Anywhere	NT=Oxidation;AC=UNIMOD:35;MT=variable;TA=M;PP=Anywhere	NT=Acetyl;AC=UNIMOD:1;MT=variable;PP=Protein N-term	NT=Dioxidation;AC=UNIMOD:425;MT=variable;TA=M,W;PP=Anywhere	NT=Deamidated;AC=UNIMOD:7;MT=variable;TA=N,Q;PP=Anywhere	NT=Gln->pyro-Glu;AC=UNIMOD:28;MT=variable;TA=Q;PP=Any N-term	NT=TMTpro;AC=UNIMOD:2016;MT=fixed;TA=K;PP=Anywhere	NT=TMTpro;AC=UNIMOD:2016;MT=fixed;PP=Any N-term	v3.0.0	ms-proteomics v1.1.0	human v1.1.0	cell-lines v1.1.0	dimethyl sulfoxide
PXD047934_dmso_rep2	Homo sapiens	not available	not available	not available	cell line	study sample	not available	not available	not available	not available	not available	not available	not available	2	dimethyl sulfoxide	not available	24 hour	272_2023_VV-TMT-Frac14	proteomic profiling by mass spectrometry	272_2023_VV-TMT-Frac14.raw	ftp://ftp.pride.ebi.ac.uk/pride/data/archive/2024/10/PXD047934/272_2023_VV-TMT-Frac14.raw	TMT127N	1	14	NT=Q Exactive HF;AC=MS:1002523	NT=Data-dependent acquisition;AC=PRIDE:0000627	NT=Trypsin;AC=MS:1001251	NT=beam-type collision-induced dissociation;AC=MS:1000422	32 NCE	335m/z-1600m/z	NT=High-pH reversed-phase chromatography (hpHRP);AC=PRIDE:0000564	10 ppm	20 ppm	single TMTpro multiplex	NT=Carbamidomethyl;AC=UNIMOD:4;MT=fixed;TA=C;PP=Anywhere	NT=Oxidation;AC=UNIMOD:35;MT=variable;TA=M;PP=Anywhere	NT=Acetyl;AC=UNIMOD:1;MT=variable;PP=Protein N-term	NT=Dioxidation;AC=UNIMOD:425;MT=variable;TA=M,W;PP=Anywhere	NT=Deamidated;AC=UNIMOD:7;MT=variable;TA=N,Q;PP=Anywhere	NT=Gln->pyro-Glu;AC=UNIMOD:28;MT=variable;TA=Q;PP=Any N-term	NT=TMTpro;AC=UNIMOD:2016;MT=fixed;TA=K;PP=Anywhere	NT=TMTpro;AC=UNIMOD:2016;MT=fixed;PP=Any N-term	v3.0.0	ms-proteomics v1.1.0	human v1.1.0	cell-lines v1.1.0	dimethyl sulfoxide
PXD047934_dmso_rep3	Homo sapiens	not available	not available	not available	cell line	study sample	not available	not available	not available	not available	not available	not available	not available	3	dimethyl sulfoxide	not available	24 hour	272_2023_VV-TMT-Frac14	proteomic profiling by mass spectrometry	272_2023_VV-TMT-Frac14.raw	ftp://ftp.pride.ebi.ac.uk/pride/data/archive/2024/10/PXD047934/272_2023_VV-TMT-Frac14.raw	TMT127C	1	14	NT=Q Exactive HF;AC=MS:1002523	NT=Data-dependent acquisition;AC=PRIDE:0000627	NT=Trypsin;AC=MS:1001251	NT=beam-type collision-induced dissociation;AC=MS:1000422	32 NCE	335m/z-1600m/z	NT=High-pH reversed-phase chromatography (hpHRP);AC=PRIDE:0000564	10 ppm	20 ppm	single TMTpro multiplex	NT=Carbamidomethyl;AC=UNIMOD:4;MT=fixed;TA=C;PP=Anywhere	NT=Oxidation;AC=UNIMOD:35;MT=variable;TA=M;PP=Anywhere	NT=Acetyl;AC=UNIMOD:1;MT=variable;PP=Protein N-term	NT=Dioxidation;AC=UNIMOD:425;MT=variable;TA=M,W;PP=Anywhere	NT=Deamidated;AC=UNIMOD:7;MT=variable;TA=N,Q;PP=Anywhere	NT=Gln->pyro-Glu;AC=UNIMOD:28;MT=variable;TA=Q;PP=Any N-term	NT=TMTpro;AC=UNIMOD:2016;MT=fixed;TA=K;PP=Anywhere	NT=TMTpro;AC=UNIMOD:2016;MT=fixed;PP=Any N-term	v3.0.0	ms-proteomics v1.1.0	human v1.1.0	cell-lines v1.1.0	dimethyl sulfoxide
PXD047934_8451_rep1	Homo sapiens	not available	not available	not available	cell line	study sample	not available	not available	not available	not available	not available	not available	not available	1	BI03058451	1 uM	24 hour	272_2023_VV-TMT-Frac14	proteomic profiling by mass spectrometry	272_2023_VV-TMT-Frac14.raw	ftp://ftp.pride.ebi.ac.uk/pride/data/archive/2024/10/PXD047934/272_2023_VV-TMT-Frac14.raw	TMT128N	1	14	NT=Q Exactive HF;AC=MS:1002523	NT=Data-dependent acquisition;AC=PRIDE:0000627	NT=Trypsin;AC=MS:1001251	NT=beam-type collision-induced dissociation;AC=MS:1000422	32 NCE	335m/z-1600m/z	NT=High-pH reversed-phase chromatography (hpHRP);AC=PRIDE:0000564	10 ppm	20 ppm	single TMTpro multiplex	NT=Carbamidomethyl;AC=UNIMOD:4;MT=fixed;TA=C;PP=Anywhere	NT=Oxidation;AC=UNIMOD:35;MT=variable;TA=M;PP=Anywhere	NT=Acetyl;AC=UNIMOD:1;MT=variable;PP=Protein N-term	NT=Dioxidation;AC=UNIMOD:425;MT=variable;TA=M,W;PP=Anywhere	NT=Deamidated;AC=UNIMOD:7;MT=variable;TA=N,Q;PP=Anywhere	NT=Gln->pyro-Glu;AC=UNIMOD:28;MT=variable;TA=Q;PP=Any N-term	NT=TMTpro;AC=UNIMOD:2016;MT=fixed;TA=K;PP=Anywhere	NT=TMTpro;AC=UNIMOD:2016;MT=fixed;PP=Any N-term	v3.0.0	ms-proteomics v1.1.0	human v1.1.0	cell-lines v1.1.0	BI03058451
PXD047934_8451_rep2	Homo sapiens	not available	not available	not available	cell line	study sample	not available	not available	not available	not available	not available	not available	not available	2	BI03058451	1 uM	24 hour	272_2023_VV-TMT-Frac14	proteomic profiling by mass spectrometry	272_2023_VV-TMT-Frac14.raw	ftp://ftp.pride.ebi.ac.uk/pride/data/archive/2024/10/PXD047934/272_2023_VV-TMT-Frac14.raw	TMT128C	1	14	NT=Q Exactive HF;AC=MS:1002523	NT=Data-dependent acquisition;AC=PRIDE:0000627	NT=Trypsin;AC=MS:1001251	NT=beam-type collision-induced dissociation;AC=MS:1000422	32 NCE	335m/z-1600m/z	NT=High-pH reversed-phase chromatography (hpHRP);AC=PRIDE:0000564	10 ppm	20 ppm	single TMTpro multiplex	NT=Carbamidomethyl;AC=UNIMOD:4;MT=fixed;TA=C;PP=Anywhere	NT=Oxidation;AC=UNIMOD:35;MT=variable;TA=M;PP=Anywhere	NT=Acetyl;AC=UNIMOD:1;MT=variable;PP=Protein N-term	NT=Dioxidation;AC=UNIMOD:425;MT=variable;TA=M,W;PP=Anywhere	NT=Deamidated;AC=UNIMOD:7;MT=variable;TA=N,Q;PP=Anywhere	NT=Gln->pyro-Glu;AC=UNIMOD:28;MT=variable;TA=Q;PP=Any N-term	NT=TMTpro;AC=UNIMOD:2016;MT=fixed;TA=K;PP=Anywhere	NT=TMTpro;AC=UNIMOD:2016;MT=fixed;PP=Any N-term	v3.0.0	ms-proteomics v1.1.0	human v1.1.0	cell-lines v1.1.0	BI03058451
PXD047934_8451_rep3	Homo sapiens	not available	not available	not available	cell line	study sample	not available	not available	not available	not available	not available	not available	not available	3	BI03058451	1 uM	24 hour	272_2023_VV-TMT-Frac14	proteomic profiling by mass spectrometry	272_2023_VV-TMT-Frac14.raw	ftp://ftp.pride.ebi.ac.uk/pride/data/archive/2024/10/PXD047934/272_2023_VV-TMT-Frac14.raw	TMT129N	1	14	NT=Q Exactive HF;AC=MS:1002523	NT=Data-dependent acquisition;AC=PRIDE:0000627	NT=Trypsin;AC=MS:1001251	NT=beam-type collision-induced dissociation;AC=MS:1000422	32 NCE	335m/z-1600m/z	NT=High-pH reversed-phase chromatography (hpHRP);AC=PRIDE:0000564	10 ppm	20 ppm	single TMTpro multiplex	NT=Carbamidomethyl;AC=UNIMOD:4;MT=fixed;TA=C;PP=Anywhere	NT=Oxidation;AC=UNIMOD:35;MT=variable;TA=M;PP=Anywhere	NT=Acetyl;AC=UNIMOD:1;MT=variable;PP=Protein N-term	NT=Dioxidation;AC=UNIMOD:425;MT=variable;TA=M,W;PP=Anywhere	NT=Deamidated;AC=UNIMOD:7;MT=variable;TA=N,Q;PP=Anywhere	NT=Gln->pyro-Glu;AC=UNIMOD:28;MT=variable;TA=Q;PP=Any N-term	NT=TMTpro;AC=UNIMOD:2016;MT=fixed;TA=K;PP=Anywhere	NT=TMTpro;AC=UNIMOD:2016;MT=fixed;PP=Any N-term	v3.0.0	ms-proteomics v1.1.0	human v1.1.0	cell-lines v1.1.0	BI03058451
PXD047934_0068_rep1	Homo sapiens	not available	not available	not available	cell line	study sample	not available	not available	not available	not available	not available	not available	not available	1	BI01590068	1 uM	24 hour	272_2023_VV-TMT-Frac14	proteomic profiling by mass spectrometry	272_2023_VV-TMT-Frac14.raw	ftp://ftp.pride.ebi.ac.uk/pride/data/archive/2024/10/PXD047934/272_2023_VV-TMT-Frac14.raw	TMT129C	1	14	NT=Q Exactive HF;AC=MS:1002523	NT=Data-dependent acquisition;AC=PRIDE:0000627	NT=Trypsin;AC=MS:1001251	NT=beam-type collision-induced dissociation;AC=MS:1000422	32 NCE	335m/z-1600m/z	NT=High-pH reversed-phase chromatography (hpHRP);AC=PRIDE:0000564	10 ppm	20 ppm	single TMTpro multiplex	NT=Carbamidomethyl;AC=UNIMOD:4;MT=fixed;TA=C;PP=Anywhere	NT=Oxidation;AC=UNIMOD:35;MT=variable;TA=M;PP=Anywhere	NT=Acetyl;AC=UNIMOD:1;MT=variable;PP=Protein N-term	NT=Dioxidation;AC=UNIMOD:425;MT=variable;TA=M,W;PP=Anywhere	NT=Deamidated;AC=UNIMOD:7;MT=variable;TA=N,Q;PP=Anywhere	NT=Gln->pyro-Glu;AC=UNIMOD:28;MT=variable;TA=Q;PP=Any N-term	NT=TMTpro;AC=UNIMOD:2016;MT=fixed;TA=K;PP=Anywhere	NT=TMTpro;AC=UNIMOD:2016;MT=fixed;PP=Any N-term	v3.0.0	ms-proteomics v1.1.0	human v1.1.0	cell-lines v1.1.0	BI01590068
PXD047934_0068_rep2	Homo sapiens	not available	not available	not available	cell line	study sample	not available	not available	not available	not available	not available	not available	not available	2	BI01590068	1 uM	24 hour	272_2023_VV-TMT-Frac14	proteomic profiling by mass spectrometry	272_2023_VV-TMT-Frac14.raw	ftp://ftp.pride.ebi.ac.uk/pride/data/archive/2024/10/PXD047934/272_2023_VV-TMT-Frac14.raw	TMT130N	1	14	NT=Q Exactive HF;AC=MS:1002523	NT=Data-dependent acquisition;AC=PRIDE:0000627	NT=Trypsin;AC=MS:1001251	NT=beam-type collision-induced dissociation;AC=MS:1000422	32 NCE	335m/z-1600m/z	NT=High-pH reversed-phase chromatography (hpHRP);AC=PRIDE:0000564	10 ppm	20 ppm	single TMTpro multiplex	NT=Carbamidomethyl;AC=UNIMOD:4;MT=fixed;TA=C;PP=Anywhere	NT=Oxidation;AC=UNIMOD:35;MT=variable;TA=M;PP=Anywhere	NT=Acetyl;AC=UNIMOD:1;MT=variable;PP=Protein N-term	NT=Dioxidation;AC=UNIMOD:425;MT=variable;TA=M,W;PP=Anywhere	NT=Deamidated;AC=UNIMOD:7;MT=variable;TA=N,Q;PP=Anywhere	NT=Gln->pyro-Glu;AC=UNIMOD:28;MT=variable;TA=Q;PP=Any N-term	NT=TMTpro;AC=UNIMOD:2016;MT=fixed;TA=K;PP=Anywhere	NT=TMTpro;AC=UNIMOD:2016;MT=fixed;PP=Any N-term	v3.0.0	ms-proteomics v1.1.0	human v1.1.0	cell-lines v1.1.0	BI01590068
PXD047934_0068_rep3	Homo sapiens	not available	not available	not available	cell line	study sample	not available	not available	not available	not available	not available	not available	not available	3	BI01590068	1 uM	24 hour	272_2023_VV-TMT-Frac14	proteomic profiling by mass spectrometry	272_2023_VV-TMT-Frac14.raw	ftp://ftp.pride.ebi.ac.uk/pride/data/archive/2024/10/PXD047934/272_2023_VV-TMT-Frac14.raw	TMT130C	1	14	NT=Q Exactive HF;AC=MS:1002523	NT=Data-dependent acquisition;AC=PRIDE:0000627	NT=Trypsin;AC=MS:1001251	NT=beam-type collision-induced dissociation;AC=MS:1000422	32 NCE	335m/z-1600m/z	NT=High-pH reversed-phase chromatography (hpHRP);AC=PRIDE:0000564	10 ppm	20 ppm	single TMTpro multiplex	NT=Carbamidomethyl;AC=UNIMOD:4;MT=fixed;TA=C;PP=Anywhere	NT=Oxidation;AC=UNIMOD:35;MT=variable;TA=M;PP=Anywhere	NT=Acetyl;AC=UNIMOD:1;MT=variable;PP=Protein N-term	NT=Dioxidation;AC=UNIMOD:425;MT=variable;TA=M,W;PP=Anywhere	NT=Deamidated;AC=UNIMOD:7;MT=variable;TA=N,Q;PP=Anywhere	NT=Gln->pyro-Glu;AC=UNIMOD:28;MT=variable;TA=Q;PP=Any N-term	NT=TMTpro;AC=UNIMOD:2016;MT=fixed;TA=K;PP=Anywhere	NT=TMTpro;AC=UNIMOD:2016;MT=fixed;PP=Any N-term	v3.0.0	ms-proteomics v1.1.0	human v1.1.0	cell-lines v1.1.0	BI01590068
PXD047934_chx_rep1	Homo sapiens	not available	not available	not available	cell line	study sample	not available	not available	not available	not available	not available	not available	not available	1	cycloheximide	100 ug/mL	24 hour	272_2023_VV-TMT-Frac14	proteomic profiling by mass spectrometry	272_2023_VV-TMT-Frac14.raw	ftp://ftp.pride.ebi.ac.uk/pride/data/archive/2024/10/PXD047934/272_2023_VV-TMT-Frac14.raw	TMT131N	1	14	NT=Q Exactive HF;AC=MS:1002523	NT=Data-dependent acquisition;AC=PRIDE:0000627	NT=Trypsin;AC=MS:1001251	NT=beam-type collision-induced dissociation;AC=MS:1000422	32 NCE	335m/z-1600m/z	NT=High-pH reversed-phase chromatography (hpHRP);AC=PRIDE:0000564	10 ppm	20 ppm	single TMTpro multiplex	NT=Carbamidomethyl;AC=UNIMOD:4;MT=fixed;TA=C;PP=Anywhere	NT=Oxidation;AC=UNIMOD:35;MT=variable;TA=M;PP=Anywhere	NT=Acetyl;AC=UNIMOD:1;MT=variable;PP=Protein N-term	NT=Dioxidation;AC=UNIMOD:425;MT=variable;TA=M,W;PP=Anywhere	NT=Deamidated;AC=UNIMOD:7;MT=variable;TA=N,Q;PP=Anywhere	NT=Gln->pyro-Glu;AC=UNIMOD:28;MT=variable;TA=Q;PP=Any N-term	NT=TMTpro;AC=UNIMOD:2016;MT=fixed;TA=K;PP=Anywhere	NT=TMTpro;AC=UNIMOD:2016;MT=fixed;PP=Any N-term	v3.0.0	ms-proteomics v1.1.0	human v1.1.0	cell-lines v1.1.0	cycloheximide
PXD047934_chx_rep2	Homo sapiens	not available	not available	not available	cell line	study sample	not available	not available	not available	not available	not available	not available	not available	2	cycloheximide	100 ug/mL	24 hour	272_2023_VV-TMT-Frac14	proteomic profiling by mass spectrometry	272_2023_VV-TMT-Frac14.raw	ftp://ftp.pride.ebi.ac.uk/pride/data/archive/2024/10/PXD047934/272_2023_VV-TMT-Frac14.raw	TMT131C	1	14	NT=Q Exactive HF;AC=MS:1002523	NT=Data-dependent acquisition;AC=PRIDE:0000627	NT=Trypsin;AC=MS:1001251	NT=beam-type collision-induced dissociation;AC=MS:1000422	32 NCE	335m/z-1600m/z	NT=High-pH reversed-phase chromatography (hpHRP);AC=PRIDE:0000564	10 ppm	20 ppm	single TMTpro multiplex	NT=Carbamidomethyl;AC=UNIMOD:4;MT=fixed;TA=C;PP=Anywhere	NT=Oxidation;AC=UNIMOD:35;MT=variable;TA=M;PP=Anywhere	NT=Acetyl;AC=UNIMOD:1;MT=variable;PP=Protein N-term	NT=Dioxidation;AC=UNIMOD:425;MT=variable;TA=M,W;PP=Anywhere	NT=Deamidated;AC=UNIMOD:7;MT=variable;TA=N,Q;PP=Anywhere	NT=Gln->pyro-Glu;AC=UNIMOD:28;MT=variable;TA=Q;PP=Any N-term	NT=TMTpro;AC=UNIMOD:2016;MT=fixed;TA=K;PP=Anywhere	NT=TMTpro;AC=UNIMOD:2016;MT=fixed;PP=Any N-term	v3.0.0	ms-proteomics v1.1.0	human v1.1.0	cell-lines v1.1.0	cycloheximide
PXD047934_chx_rep3	Homo sapiens	not available	not available	not available	cell line	study sample	not available	not available	not available	not available	not available	not available	not available	3	cycloheximide	100 ug/mL	24 hour	272_2023_VV-TMT-Frac14	proteomic profiling by mass spectrometry	272_2023_VV-TMT-Frac14.raw	ftp://ftp.pride.ebi.ac.uk/pride/data/archive/2024/10/PXD047934/272_2023_VV-TMT-Frac14.raw	TMT132N	1	14	NT=Q Exactive HF;AC=MS:1002523	NT=Data-dependent acquisition;AC=PRIDE:0000627	NT=Trypsin;AC=MS:1001251	NT=beam-type collision-induced dissociation;AC=MS:1000422	32 NCE	335m/z-1600m/z	NT=High-pH reversed-phase chromatography (hpHRP);AC=PRIDE:0000564	10 ppm	20 ppm	single TMTpro multiplex	NT=Carbamidomethyl;AC=UNIMOD:4;MT=fixed;TA=C;PP=Anywhere	NT=Oxidation;AC=UNIMOD:35;MT=variable;TA=M;PP=Anywhere	NT=Acetyl;AC=UNIMOD:1;MT=variable;PP=Protein N-term	NT=Dioxidation;AC=UNIMOD:425;MT=variable;TA=M,W;PP=Anywhere	NT=Deamidated;AC=UNIMOD:7;MT=variable;TA=N,Q;PP=Anywhere	NT=Gln->pyro-Glu;AC=UNIMOD:28;MT=variable;TA=Q;PP=Any N-term	NT=TMTpro;AC=UNIMOD:2016;MT=fixed;TA=K;PP=Anywhere	NT=TMTpro;AC=UNIMOD:2016;MT=fixed;PP=Any N-term	v3.0.0	ms-proteomics v1.1.0	human v1.1.0	cell-lines v1.1.0	cycloheximide
PXD047934_cc885_rep1	Homo sapiens	not available	not available	not available	cell line	study sample	not available	not available	not available	not available	not available	not available	not available	1	CC-885	1 uM	24 hour	272_2023_VV-TMT-Frac14	proteomic profiling by mass spectrometry	272_2023_VV-TMT-Frac14.raw	ftp://ftp.pride.ebi.ac.uk/pride/data/archive/2024/10/PXD047934/272_2023_VV-TMT-Frac14.raw	TMT132C	1	14	NT=Q Exactive HF;AC=MS:1002523	NT=Data-dependent acquisition;AC=PRIDE:0000627	NT=Trypsin;AC=MS:1001251	NT=beam-type collision-induced dissociation;AC=MS:1000422	32 NCE	335m/z-1600m/z	NT=High-pH reversed-phase chromatography (hpHRP);AC=PRIDE:0000564	10 ppm	20 ppm	single TMTpro multiplex	NT=Carbamidomethyl;AC=UNIMOD:4;MT=fixed;TA=C;PP=Anywhere	NT=Oxidation;AC=UNIMOD:35;MT=variable;TA=M;PP=Anywhere	NT=Acetyl;AC=UNIMOD:1;MT=variable;PP=Protein N-term	NT=Dioxidation;AC=UNIMOD:425;MT=variable;TA=M,W;PP=Anywhere	NT=Deamidated;AC=UNIMOD:7;MT=variable;TA=N,Q;PP=Anywhere	NT=Gln->pyro-Glu;AC=UNIMOD:28;MT=variable;TA=Q;PP=Any N-term	NT=TMTpro;AC=UNIMOD:2016;MT=fixed;TA=K;PP=Anywhere	NT=TMTpro;AC=UNIMOD:2016;MT=fixed;PP=Any N-term	v3.0.0	ms-proteomics v1.1.0	human v1.1.0	cell-lines v1.1.0	CC-885
PXD047934_cc885_rep2	Homo sapiens	not available	not available	not available	cell line	study sample	not available	not available	not available	not available	not available	not available	not available	2	CC-885	1 uM	24 hour	272_2023_VV-TMT-Frac14	proteomic profiling by mass spectrometry	272_2023_VV-TMT-Frac14.raw	ftp://ftp.pride.ebi.ac.uk/pride/data/archive/2024/10/PXD047934/272_2023_VV-TMT-Frac14.raw	TMT133N	1	14	NT=Q Exactive HF;AC=MS:1002523	NT=Data-dependent acquisition;AC=PRIDE:0000627	NT=Trypsin;AC=MS:1001251	NT=beam-type collision-induced dissociation;AC=MS:1000422	32 NCE	335m/z-1600m/z	NT=High-pH reversed-phase chromatography (hpHRP);AC=PRIDE:0000564	10 ppm	20 ppm	single TMTpro multiplex	NT=Carbamidomethyl;AC=UNIMOD:4;MT=fixed;TA=C;PP=Anywhere	NT=Oxidation;AC=UNIMOD:35;MT=variable;TA=M;PP=Anywhere	NT=Acetyl;AC=UNIMOD:1;MT=variable;PP=Protein N-term	NT=Dioxidation;AC=UNIMOD:425;MT=variable;TA=M,W;PP=Anywhere	NT=Deamidated;AC=UNIMOD:7;MT=variable;TA=N,Q;PP=Anywhere	NT=Gln->pyro-Glu;AC=UNIMOD:28;MT=variable;TA=Q;PP=Any N-term	NT=TMTpro;AC=UNIMOD:2016;MT=fixed;TA=K;PP=Anywhere	NT=TMTpro;AC=UNIMOD:2016;MT=fixed;PP=Any N-term	v3.0.0	ms-proteomics v1.1.0	human v1.1.0	cell-lines v1.1.0	CC-885
PXD047934_cc885_rep3	Homo sapiens	not available	not available	not available	cell line	study sample	not available	not available	not available	not available	not available	not available	not available	3	CC-885	1 uM	24 hour	272_2023_VV-TMT-Frac14	proteomic profiling by mass spectrometry	272_2023_VV-TMT-Frac14.raw	ftp://ftp.pride.ebi.ac.uk/pride/data/archive/2024/10/PXD047934/272_2023_VV-TMT-Frac14.raw	TMT133C	1	14	NT=Q Exactive HF;AC=MS:1002523	NT=Data-dependent acquisition;AC=PRIDE:0000627	NT=Trypsin;AC=MS:1001251	NT=beam-type collision-induced dissociation;AC=MS:1000422	32 NCE	335m/z-1600m/z	NT=High-pH reversed-phase chromatography (hpHRP);AC=PRIDE:0000564	10 ppm	20 ppm	single TMTpro multiplex	NT=Carbamidomethyl;AC=UNIMOD:4;MT=fixed;TA=C;PP=Anywhere	NT=Oxidation;AC=UNIMOD:35;MT=variable;TA=M;PP=Anywhere	NT=Acetyl;AC=UNIMOD:1;MT=variable;PP=Protein N-term	NT=Dioxidation;AC=UNIMOD:425;MT=variable;TA=M,W;PP=Anywhere	NT=Deamidated;AC=UNIMOD:7;MT=variable;TA=N,Q;PP=Anywhere	NT=Gln->pyro-Glu;AC=UNIMOD:28;MT=variable;TA=Q;PP=Any N-term	NT=TMTpro;AC=UNIMOD:2016;MT=fixed;TA=K;PP=Anywhere	NT=TMTpro;AC=UNIMOD:2016;MT=fixed;PP=Any N-term	v3.0.0	ms-proteomics v1.1.0	human v1.1.0	cell-lines v1.1.0	CC-885
PXD047934_dmso_rep1	Homo sapiens	not available	not available	not available	cell line	study sample	not available	not available	not available	not available	not available	not available	not available	1	dimethyl sulfoxide	not available	24 hour	272_2023_VV-TMT-Frac15	proteomic profiling by mass spectrometry	272_2023_VV-TMT-Frac15.raw	ftp://ftp.pride.ebi.ac.uk/pride/data/archive/2024/10/PXD047934/272_2023_VV-TMT-Frac15.raw	TMT126	1	15	NT=Q Exactive HF;AC=MS:1002523	NT=Data-dependent acquisition;AC=PRIDE:0000627	NT=Trypsin;AC=MS:1001251	NT=beam-type collision-induced dissociation;AC=MS:1000422	32 NCE	335m/z-1600m/z	NT=High-pH reversed-phase chromatography (hpHRP);AC=PRIDE:0000564	10 ppm	20 ppm	single TMTpro multiplex	NT=Carbamidomethyl;AC=UNIMOD:4;MT=fixed;TA=C;PP=Anywhere	NT=Oxidation;AC=UNIMOD:35;MT=variable;TA=M;PP=Anywhere	NT=Acetyl;AC=UNIMOD:1;MT=variable;PP=Protein N-term	NT=Dioxidation;AC=UNIMOD:425;MT=variable;TA=M,W;PP=Anywhere	NT=Deamidated;AC=UNIMOD:7;MT=variable;TA=N,Q;PP=Anywhere	NT=Gln->pyro-Glu;AC=UNIMOD:28;MT=variable;TA=Q;PP=Any N-term	NT=TMTpro;AC=UNIMOD:2016;MT=fixed;TA=K;PP=Anywhere	NT=TMTpro;AC=UNIMOD:2016;MT=fixed;PP=Any N-term	v3.0.0	ms-proteomics v1.1.0	human v1.1.0	cell-lines v1.1.0	dimethyl sulfoxide
PXD047934_dmso_rep2	Homo sapiens	not available	not available	not available	cell line	study sample	not available	not available	not available	not available	not available	not available	not available	2	dimethyl sulfoxide	not available	24 hour	272_2023_VV-TMT-Frac15	proteomic profiling by mass spectrometry	272_2023_VV-TMT-Frac15.raw	ftp://ftp.pride.ebi.ac.uk/pride/data/archive/2024/10/PXD047934/272_2023_VV-TMT-Frac15.raw	TMT127N	1	15	NT=Q Exactive HF;AC=MS:1002523	NT=Data-dependent acquisition;AC=PRIDE:0000627	NT=Trypsin;AC=MS:1001251	NT=beam-type collision-induced dissociation;AC=MS:1000422	32 NCE	335m/z-1600m/z	NT=High-pH reversed-phase chromatography (hpHRP);AC=PRIDE:0000564	10 ppm	20 ppm	single TMTpro multiplex	NT=Carbamidomethyl;AC=UNIMOD:4;MT=fixed;TA=C;PP=Anywhere	NT=Oxidation;AC=UNIMOD:35;MT=variable;TA=M;PP=Anywhere	NT=Acetyl;AC=UNIMOD:1;MT=variable;PP=Protein N-term	NT=Dioxidation;AC=UNIMOD:425;MT=variable;TA=M,W;PP=Anywhere	NT=Deamidated;AC=UNIMOD:7;MT=variable;TA=N,Q;PP=Anywhere	NT=Gln->pyro-Glu;AC=UNIMOD:28;MT=variable;TA=Q;PP=Any N-term	NT=TMTpro;AC=UNIMOD:2016;MT=fixed;TA=K;PP=Anywhere	NT=TMTpro;AC=UNIMOD:2016;MT=fixed;PP=Any N-term	v3.0.0	ms-proteomics v1.1.0	human v1.1.0	cell-lines v1.1.0	dimethyl sulfoxide
PXD047934_dmso_rep3	Homo sapiens	not available	not available	not available	cell line	study sample	not available	not available	not available	not available	not available	not available	not available	3	dimethyl sulfoxide	not available	24 hour	272_2023_VV-TMT-Frac15	proteomic profiling by mass spectrometry	272_2023_VV-TMT-Frac15.raw	ftp://ftp.pride.ebi.ac.uk/pride/data/archive/2024/10/PXD047934/272_2023_VV-TMT-Frac15.raw	TMT127C	1	15	NT=Q Exactive HF;AC=MS:1002523	NT=Data-dependent acquisition;AC=PRIDE:0000627	NT=Trypsin;AC=MS:1001251	NT=beam-type collision-induced dissociation;AC=MS:1000422	32 NCE	335m/z-1600m/z	NT=High-pH reversed-phase chromatography (hpHRP);AC=PRIDE:0000564	10 ppm	20 ppm	single TMTpro multiplex	NT=Carbamidomethyl;AC=UNIMOD:4;MT=fixed;TA=C;PP=Anywhere	NT=Oxidation;AC=UNIMOD:35;MT=variable;TA=M;PP=Anywhere	NT=Acetyl;AC=UNIMOD:1;MT=variable;PP=Protein N-term	NT=Dioxidation;AC=UNIMOD:425;MT=variable;TA=M,W;PP=Anywhere	NT=Deamidated;AC=UNIMOD:7;MT=variable;TA=N,Q;PP=Anywhere	NT=Gln->pyro-Glu;AC=UNIMOD:28;MT=variable;TA=Q;PP=Any N-term	NT=TMTpro;AC=UNIMOD:2016;MT=fixed;TA=K;PP=Anywhere	NT=TMTpro;AC=UNIMOD:2016;MT=fixed;PP=Any N-term	v3.0.0	ms-proteomics v1.1.0	human v1.1.0	cell-lines v1.1.0	dimethyl sulfoxide
PXD047934_8451_rep1	Homo sapiens	not available	not available	not available	cell line	study sample	not available	not available	not available	not available	not available	not available	not available	1	BI03058451	1 uM	24 hour	272_2023_VV-TMT-Frac15	proteomic profiling by mass spectrometry	272_2023_VV-TMT-Frac15.raw	ftp://ftp.pride.ebi.ac.uk/pride/data/archive/2024/10/PXD047934/272_2023_VV-TMT-Frac15.raw	TMT128N	1	15	NT=Q Exactive HF;AC=MS:1002523	NT=Data-dependent acquisition;AC=PRIDE:0000627	NT=Trypsin;AC=MS:1001251	NT=beam-type collision-induced dissociation;AC=MS:1000422	32 NCE	335m/z-1600m/z	NT=High-pH reversed-phase chromatography (hpHRP);AC=PRIDE:0000564	10 ppm	20 ppm	single TMTpro multiplex	NT=Carbamidomethyl;AC=UNIMOD:4;MT=fixed;TA=C;PP=Anywhere	NT=Oxidation;AC=UNIMOD:35;MT=variable;TA=M;PP=Anywhere	NT=Acetyl;AC=UNIMOD:1;MT=variable;PP=Protein N-term	NT=Dioxidation;AC=UNIMOD:425;MT=variable;TA=M,W;PP=Anywhere	NT=Deamidated;AC=UNIMOD:7;MT=variable;TA=N,Q;PP=Anywhere	NT=Gln->pyro-Glu;AC=UNIMOD:28;MT=variable;TA=Q;PP=Any N-term	NT=TMTpro;AC=UNIMOD:2016;MT=fixed;TA=K;PP=Anywhere	NT=TMTpro;AC=UNIMOD:2016;MT=fixed;PP=Any N-term	v3.0.0	ms-proteomics v1.1.0	human v1.1.0	cell-lines v1.1.0	BI03058451
PXD047934_8451_rep2	Homo sapiens	not available	not available	not available	cell line	study sample	not available	not available	not available	not available	not available	not available	not available	2	BI03058451	1 uM	24 hour	272_2023_VV-TMT-Frac15	proteomic profiling by mass spectrometry	272_2023_VV-TMT-Frac15.raw	ftp://ftp.pride.ebi.ac.uk/pride/data/archive/2024/10/PXD047934/272_2023_VV-TMT-Frac15.raw	TMT128C	1	15	NT=Q Exactive HF;AC=MS:1002523	NT=Data-dependent acquisition;AC=PRIDE:0000627	NT=Trypsin;AC=MS:1001251	NT=beam-type collision-induced dissociation;AC=MS:1000422	32 NCE	335m/z-1600m/z	NT=High-pH reversed-phase chromatography (hpHRP);AC=PRIDE:0000564	10 ppm	20 ppm	single TMTpro multiplex	NT=Carbamidomethyl;AC=UNIMOD:4;MT=fixed;TA=C;PP=Anywhere	NT=Oxidation;AC=UNIMOD:35;MT=variable;TA=M;PP=Anywhere	NT=Acetyl;AC=UNIMOD:1;MT=variable;PP=Protein N-term	NT=Dioxidation;AC=UNIMOD:425;MT=variable;TA=M,W;PP=Anywhere	NT=Deamidated;AC=UNIMOD:7;MT=variable;TA=N,Q;PP=Anywhere	NT=Gln->pyro-Glu;AC=UNIMOD:28;MT=variable;TA=Q;PP=Any N-term	NT=TMTpro;AC=UNIMOD:2016;MT=fixed;TA=K;PP=Anywhere	NT=TMTpro;AC=UNIMOD:2016;MT=fixed;PP=Any N-term	v3.0.0	ms-proteomics v1.1.0	human v1.1.0	cell-lines v1.1.0	BI03058451
PXD047934_8451_rep3	Homo sapiens	not available	not available	not available	cell line	study sample	not available	not available	not available	not available	not available	not available	not available	3	BI03058451	1 uM	24 hour	272_2023_VV-TMT-Frac15	proteomic profiling by mass spectrometry	272_2023_VV-TMT-Frac15.raw	ftp://ftp.pride.ebi.ac.uk/pride/data/archive/2024/10/PXD047934/272_2023_VV-TMT-Frac15.raw	TMT129N	1	15	NT=Q Exactive HF;AC=MS:1002523	NT=Data-dependent acquisition;AC=PRIDE:0000627	NT=Trypsin;AC=MS:1001251	NT=beam-type collision-induced dissociation;AC=MS:1000422	32 NCE	335m/z-1600m/z	NT=High-pH reversed-phase chromatography (hpHRP);AC=PRIDE:0000564	10 ppm	20 ppm	single TMTpro multiplex	NT=Carbamidomethyl;AC=UNIMOD:4;MT=fixed;TA=C;PP=Anywhere	NT=Oxidation;AC=UNIMOD:35;MT=variable;TA=M;PP=Anywhere	NT=Acetyl;AC=UNIMOD:1;MT=variable;PP=Protein N-term	NT=Dioxidation;AC=UNIMOD:425;MT=variable;TA=M,W;PP=Anywhere	NT=Deamidated;AC=UNIMOD:7;MT=variable;TA=N,Q;PP=Anywhere	NT=Gln->pyro-Glu;AC=UNIMOD:28;MT=variable;TA=Q;PP=Any N-term	NT=TMTpro;AC=UNIMOD:2016;MT=fixed;TA=K;PP=Anywhere	NT=TMTpro;AC=UNIMOD:2016;MT=fixed;PP=Any N-term	v3.0.0	ms-proteomics v1.1.0	human v1.1.0	cell-lines v1.1.0	BI03058451
PXD047934_0068_rep1	Homo sapiens	not available	not available	not available	cell line	study sample	not available	not available	not available	not available	not available	not available	not available	1	BI01590068	1 uM	24 hour	272_2023_VV-TMT-Frac15	proteomic profiling by mass spectrometry	272_2023_VV-TMT-Frac15.raw	ftp://ftp.pride.ebi.ac.uk/pride/data/archive/2024/10/PXD047934/272_2023_VV-TMT-Frac15.raw	TMT129C	1	15	NT=Q Exactive HF;AC=MS:1002523	NT=Data-dependent acquisition;AC=PRIDE:0000627	NT=Trypsin;AC=MS:1001251	NT=beam-type collision-induced dissociation;AC=MS:1000422	32 NCE	335m/z-1600m/z	NT=High-pH reversed-phase chromatography (hpHRP);AC=PRIDE:0000564	10 ppm	20 ppm	single TMTpro multiplex	NT=Carbamidomethyl;AC=UNIMOD:4;MT=fixed;TA=C;PP=Anywhere	NT=Oxidation;AC=UNIMOD:35;MT=variable;TA=M;PP=Anywhere	NT=Acetyl;AC=UNIMOD:1;MT=variable;PP=Protein N-term	NT=Dioxidation;AC=UNIMOD:425;MT=variable;TA=M,W;PP=Anywhere	NT=Deamidated;AC=UNIMOD:7;MT=variable;TA=N,Q;PP=Anywhere	NT=Gln->pyro-Glu;AC=UNIMOD:28;MT=variable;TA=Q;PP=Any N-term	NT=TMTpro;AC=UNIMOD:2016;MT=fixed;TA=K;PP=Anywhere	NT=TMTpro;AC=UNIMOD:2016;MT=fixed;PP=Any N-term	v3.0.0	ms-proteomics v1.1.0	human v1.1.0	cell-lines v1.1.0	BI01590068
PXD047934_0068_rep2	Homo sapiens	not available	not available	not available	cell line	study sample	not available	not available	not available	not available	not available	not available	not available	2	BI01590068	1 uM	24 hour	272_2023_VV-TMT-Frac15	proteomic profiling by mass spectrometry	272_2023_VV-TMT-Frac15.raw	ftp://ftp.pride.ebi.ac.uk/pride/data/archive/2024/10/PXD047934/272_2023_VV-TMT-Frac15.raw	TMT130N	1	15	NT=Q Exactive HF;AC=MS:1002523	NT=Data-dependent acquisition;AC=PRIDE:0000627	NT=Trypsin;AC=MS:1001251	NT=beam-type collision-induced dissociation;AC=MS:1000422	32 NCE	335m/z-1600m/z	NT=High-pH reversed-phase chromatography (hpHRP);AC=PRIDE:0000564	10 ppm	20 ppm	single TMTpro multiplex	NT=Carbamidomethyl;AC=UNIMOD:4;MT=fixed;TA=C;PP=Anywhere	NT=Oxidation;AC=UNIMOD:35;MT=variable;TA=M;PP=Anywhere	NT=Acetyl;AC=UNIMOD:1;MT=variable;PP=Protein N-term	NT=Dioxidation;AC=UNIMOD:425;MT=variable;TA=M,W;PP=Anywhere	NT=Deamidated;AC=UNIMOD:7;MT=variable;TA=N,Q;PP=Anywhere	NT=Gln->pyro-Glu;AC=UNIMOD:28;MT=variable;TA=Q;PP=Any N-term	NT=TMTpro;AC=UNIMOD:2016;MT=fixed;TA=K;PP=Anywhere	NT=TMTpro;AC=UNIMOD:2016;MT=fixed;PP=Any N-term	v3.0.0	ms-proteomics v1.1.0	human v1.1.0	cell-lines v1.1.0	BI01590068
PXD047934_0068_rep3	Homo sapiens	not available	not available	not available	cell line	study sample	not available	not available	not available	not available	not available	not available	not available	3	BI01590068	1 uM	24 hour	272_2023_VV-TMT-Frac15	proteomic profiling by mass spectrometry	272_2023_VV-TMT-Frac15.raw	ftp://ftp.pride.ebi.ac.uk/pride/data/archive/2024/10/PXD047934/272_2023_VV-TMT-Frac15.raw	TMT130C	1	15	NT=Q Exactive HF;AC=MS:1002523	NT=Data-dependent acquisition;AC=PRIDE:0000627	NT=Trypsin;AC=MS:1001251	NT=beam-type collision-induced dissociation;AC=MS:1000422	32 NCE	335m/z-1600m/z	NT=High-pH reversed-phase chromatography (hpHRP);AC=PRIDE:0000564	10 ppm	20 ppm	single TMTpro multiplex	NT=Carbamidomethyl;AC=UNIMOD:4;MT=fixed;TA=C;PP=Anywhere	NT=Oxidation;AC=UNIMOD:35;MT=variable;TA=M;PP=Anywhere	NT=Acetyl;AC=UNIMOD:1;MT=variable;PP=Protein N-term	NT=Dioxidation;AC=UNIMOD:425;MT=variable;TA=M,W;PP=Anywhere	NT=Deamidated;AC=UNIMOD:7;MT=variable;TA=N,Q;PP=Anywhere	NT=Gln->pyro-Glu;AC=UNIMOD:28;MT=variable;TA=Q;PP=Any N-term	NT=TMTpro;AC=UNIMOD:2016;MT=fixed;TA=K;PP=Anywhere	NT=TMTpro;AC=UNIMOD:2016;MT=fixed;PP=Any N-term	v3.0.0	ms-proteomics v1.1.0	human v1.1.0	cell-lines v1.1.0	BI01590068
PXD047934_chx_rep1	Homo sapiens	not available	not available	not available	cell line	study sample	not available	not available	not available	not available	not available	not available	not available	1	cycloheximide	100 ug/mL	24 hour	272_2023_VV-TMT-Frac15	proteomic profiling by mass spectrometry	272_2023_VV-TMT-Frac15.raw	ftp://ftp.pride.ebi.ac.uk/pride/data/archive/2024/10/PXD047934/272_2023_VV-TMT-Frac15.raw	TMT131N	1	15	NT=Q Exactive HF;AC=MS:1002523	NT=Data-dependent acquisition;AC=PRIDE:0000627	NT=Trypsin;AC=MS:1001251	NT=beam-type collision-induced dissociation;AC=MS:1000422	32 NCE	335m/z-1600m/z	NT=High-pH reversed-phase chromatography (hpHRP);AC=PRIDE:0000564	10 ppm	20 ppm	single TMTpro multiplex	NT=Carbamidomethyl;AC=UNIMOD:4;MT=fixed;TA=C;PP=Anywhere	NT=Oxidation;AC=UNIMOD:35;MT=variable;TA=M;PP=Anywhere	NT=Acetyl;AC=UNIMOD:1;MT=variable;PP=Protein N-term	NT=Dioxidation;AC=UNIMOD:425;MT=variable;TA=M,W;PP=Anywhere	NT=Deamidated;AC=UNIMOD:7;MT=variable;TA=N,Q;PP=Anywhere	NT=Gln->pyro-Glu;AC=UNIMOD:28;MT=variable;TA=Q;PP=Any N-term	NT=TMTpro;AC=UNIMOD:2016;MT=fixed;TA=K;PP=Anywhere	NT=TMTpro;AC=UNIMOD:2016;MT=fixed;PP=Any N-term	v3.0.0	ms-proteomics v1.1.0	human v1.1.0	cell-lines v1.1.0	cycloheximide
PXD047934_chx_rep2	Homo sapiens	not available	not available	not available	cell line	study sample	not available	not available	not available	not available	not available	not available	not available	2	cycloheximide	100 ug/mL	24 hour	272_2023_VV-TMT-Frac15	proteomic profiling by mass spectrometry	272_2023_VV-TMT-Frac15.raw	ftp://ftp.pride.ebi.ac.uk/pride/data/archive/2024/10/PXD047934/272_2023_VV-TMT-Frac15.raw	TMT131C	1	15	NT=Q Exactive HF;AC=MS:1002523	NT=Data-dependent acquisition;AC=PRIDE:0000627	NT=Trypsin;AC=MS:1001251	NT=beam-type collision-induced dissociation;AC=MS:1000422	32 NCE	335m/z-1600m/z	NT=High-pH reversed-phase chromatography (hpHRP);AC=PRIDE:0000564	10 ppm	20 ppm	single TMTpro multiplex	NT=Carbamidomethyl;AC=UNIMOD:4;MT=fixed;TA=C;PP=Anywhere	NT=Oxidation;AC=UNIMOD:35;MT=variable;TA=M;PP=Anywhere	NT=Acetyl;AC=UNIMOD:1;MT=variable;PP=Protein N-term	NT=Dioxidation;AC=UNIMOD:425;MT=variable;TA=M,W;PP=Anywhere	NT=Deamidated;AC=UNIMOD:7;MT=variable;TA=N,Q;PP=Anywhere	NT=Gln->pyro-Glu;AC=UNIMOD:28;MT=variable;TA=Q;PP=Any N-term	NT=TMTpro;AC=UNIMOD:2016;MT=fixed;TA=K;PP=Anywhere	NT=TMTpro;AC=UNIMOD:2016;MT=fixed;PP=Any N-term	v3.0.0	ms-proteomics v1.1.0	human v1.1.0	cell-lines v1.1.0	cycloheximide
PXD047934_chx_rep3	Homo sapiens	not available	not available	not available	cell line	study sample	not available	not available	not available	not available	not available	not available	not available	3	cycloheximide	100 ug/mL	24 hour	272_2023_VV-TMT-Frac15	proteomic profiling by mass spectrometry	272_2023_VV-TMT-Frac15.raw	ftp://ftp.pride.ebi.ac.uk/pride/data/archive/2024/10/PXD047934/272_2023_VV-TMT-Frac15.raw	TMT132N	1	15	NT=Q Exactive HF;AC=MS:1002523	NT=Data-dependent acquisition;AC=PRIDE:0000627	NT=Trypsin;AC=MS:1001251	NT=beam-type collision-induced dissociation;AC=MS:1000422	32 NCE	335m/z-1600m/z	NT=High-pH reversed-phase chromatography (hpHRP);AC=PRIDE:0000564	10 ppm	20 ppm	single TMTpro multiplex	NT=Carbamidomethyl;AC=UNIMOD:4;MT=fixed;TA=C;PP=Anywhere	NT=Oxidation;AC=UNIMOD:35;MT=variable;TA=M;PP=Anywhere	NT=Acetyl;AC=UNIMOD:1;MT=variable;PP=Protein N-term	NT=Dioxidation;AC=UNIMOD:425;MT=variable;TA=M,W;PP=Anywhere	NT=Deamidated;AC=UNIMOD:7;MT=variable;TA=N,Q;PP=Anywhere	NT=Gln->pyro-Glu;AC=UNIMOD:28;MT=variable;TA=Q;PP=Any N-term	NT=TMTpro;AC=UNIMOD:2016;MT=fixed;TA=K;PP=Anywhere	NT=TMTpro;AC=UNIMOD:2016;MT=fixed;PP=Any N-term	v3.0.0	ms-proteomics v1.1.0	human v1.1.0	cell-lines v1.1.0	cycloheximide
PXD047934_cc885_rep1	Homo sapiens	not available	not available	not available	cell line	study sample	not available	not available	not available	not available	not available	not available	not available	1	CC-885	1 uM	24 hour	272_2023_VV-TMT-Frac15	proteomic profiling by mass spectrometry	272_2023_VV-TMT-Frac15.raw	ftp://ftp.pride.ebi.ac.uk/pride/data/archive/2024/10/PXD047934/272_2023_VV-TMT-Frac15.raw	TMT132C	1	15	NT=Q Exactive HF;AC=MS:1002523	NT=Data-dependent acquisition;AC=PRIDE:0000627	NT=Trypsin;AC=MS:1001251	NT=beam-type collision-induced dissociation;AC=MS:1000422	32 NCE	335m/z-1600m/z	NT=High-pH reversed-phase chromatography (hpHRP);AC=PRIDE:0000564	10 ppm	20 ppm	single TMTpro multiplex	NT=Carbamidomethyl;AC=UNIMOD:4;MT=fixed;TA=C;PP=Anywhere	NT=Oxidation;AC=UNIMOD:35;MT=variable;TA=M;PP=Anywhere	NT=Acetyl;AC=UNIMOD:1;MT=variable;PP=Protein N-term	NT=Dioxidation;AC=UNIMOD:425;MT=variable;TA=M,W;PP=Anywhere	NT=Deamidated;AC=UNIMOD:7;MT=variable;TA=N,Q;PP=Anywhere	NT=Gln->pyro-Glu;AC=UNIMOD:28;MT=variable;TA=Q;PP=Any N-term	NT=TMTpro;AC=UNIMOD:2016;MT=fixed;TA=K;PP=Anywhere	NT=TMTpro;AC=UNIMOD:2016;MT=fixed;PP=Any N-term	v3.0.0	ms-proteomics v1.1.0	human v1.1.0	cell-lines v1.1.0	CC-885
PXD047934_cc885_rep2	Homo sapiens	not available	not available	not available	cell line	study sample	not available	not available	not available	not available	not available	not available	not available	2	CC-885	1 uM	24 hour	272_2023_VV-TMT-Frac15	proteomic profiling by mass spectrometry	272_2023_VV-TMT-Frac15.raw	ftp://ftp.pride.ebi.ac.uk/pride/data/archive/2024/10/PXD047934/272_2023_VV-TMT-Frac15.raw	TMT133N	1	15	NT=Q Exactive HF;AC=MS:1002523	NT=Data-dependent acquisition;AC=PRIDE:0000627	NT=Trypsin;AC=MS:1001251	NT=beam-type collision-induced dissociation;AC=MS:1000422	32 NCE	335m/z-1600m/z	NT=High-pH reversed-phase chromatography (hpHRP);AC=PRIDE:0000564	10 ppm	20 ppm	single TMTpro multiplex	NT=Carbamidomethyl;AC=UNIMOD:4;MT=fixed;TA=C;PP=Anywhere	NT=Oxidation;AC=UNIMOD:35;MT=variable;TA=M;PP=Anywhere	NT=Acetyl;AC=UNIMOD:1;MT=variable;PP=Protein N-term	NT=Dioxidation;AC=UNIMOD:425;MT=variable;TA=M,W;PP=Anywhere	NT=Deamidated;AC=UNIMOD:7;MT=variable;TA=N,Q;PP=Anywhere	NT=Gln->pyro-Glu;AC=UNIMOD:28;MT=variable;TA=Q;PP=Any N-term	NT=TMTpro;AC=UNIMOD:2016;MT=fixed;TA=K;PP=Anywhere	NT=TMTpro;AC=UNIMOD:2016;MT=fixed;PP=Any N-term	v3.0.0	ms-proteomics v1.1.0	human v1.1.0	cell-lines v1.1.0	CC-885
PXD047934_cc885_rep3	Homo sapiens	not available	not available	not available	cell line	study sample	not available	not available	not available	not available	not available	not available	not available	3	CC-885	1 uM	24 hour	272_2023_VV-TMT-Frac15	proteomic profiling by mass spectrometry	272_2023_VV-TMT-Frac15.raw	ftp://ftp.pride.ebi.ac.uk/pride/data/archive/2024/10/PXD047934/272_2023_VV-TMT-Frac15.raw	TMT133C	1	15	NT=Q Exactive HF;AC=MS:1002523	NT=Data-dependent acquisition;AC=PRIDE:0000627	NT=Trypsin;AC=MS:1001251	NT=beam-type collision-induced dissociation;AC=MS:1000422	32 NCE	335m/z-1600m/z	NT=High-pH reversed-phase chromatography (hpHRP);AC=PRIDE:0000564	10 ppm	20 ppm	single TMTpro multiplex	NT=Carbamidomethyl;AC=UNIMOD:4;MT=fixed;TA=C;PP=Anywhere	NT=Oxidation;AC=UNIMOD:35;MT=variable;TA=M;PP=Anywhere	NT=Acetyl;AC=UNIMOD:1;MT=variable;PP=Protein N-term	NT=Dioxidation;AC=UNIMOD:425;MT=variable;TA=M,W;PP=Anywhere	NT=Deamidated;AC=UNIMOD:7;MT=variable;TA=N,Q;PP=Anywhere	NT=Gln->pyro-Glu;AC=UNIMOD:28;MT=variable;TA=Q;PP=Any N-term	NT=TMTpro;AC=UNIMOD:2016;MT=fixed;TA=K;PP=Anywhere	NT=TMTpro;AC=UNIMOD:2016;MT=fixed;PP=Any N-term	v3.0.0	ms-proteomics v1.1.0	human v1.1.0	cell-lines v1.1.0	CC-885
PXD047934_dmso_rep1	Homo sapiens	not available	not available	not available	cell line	study sample	not available	not available	not available	not available	not available	not available	not available	1	dimethyl sulfoxide	not available	24 hour	272_2023_VV-TMT-Frac16	proteomic profiling by mass spectrometry	272_2023_VV-TMT-Frac16.raw	ftp://ftp.pride.ebi.ac.uk/pride/data/archive/2024/10/PXD047934/272_2023_VV-TMT-Frac16.raw	TMT126	1	16	NT=Q Exactive HF;AC=MS:1002523	NT=Data-dependent acquisition;AC=PRIDE:0000627	NT=Trypsin;AC=MS:1001251	NT=beam-type collision-induced dissociation;AC=MS:1000422	32 NCE	335m/z-1600m/z	NT=High-pH reversed-phase chromatography (hpHRP);AC=PRIDE:0000564	10 ppm	20 ppm	single TMTpro multiplex	NT=Carbamidomethyl;AC=UNIMOD:4;MT=fixed;TA=C;PP=Anywhere	NT=Oxidation;AC=UNIMOD:35;MT=variable;TA=M;PP=Anywhere	NT=Acetyl;AC=UNIMOD:1;MT=variable;PP=Protein N-term	NT=Dioxidation;AC=UNIMOD:425;MT=variable;TA=M,W;PP=Anywhere	NT=Deamidated;AC=UNIMOD:7;MT=variable;TA=N,Q;PP=Anywhere	NT=Gln->pyro-Glu;AC=UNIMOD:28;MT=variable;TA=Q;PP=Any N-term	NT=TMTpro;AC=UNIMOD:2016;MT=fixed;TA=K;PP=Anywhere	NT=TMTpro;AC=UNIMOD:2016;MT=fixed;PP=Any N-term	v3.0.0	ms-proteomics v1.1.0	human v1.1.0	cell-lines v1.1.0	dimethyl sulfoxide
PXD047934_dmso_rep2	Homo sapiens	not available	not available	not available	cell line	study sample	not available	not available	not available	not available	not available	not available	not available	2	dimethyl sulfoxide	not available	24 hour	272_2023_VV-TMT-Frac16	proteomic profiling by mass spectrometry	272_2023_VV-TMT-Frac16.raw	ftp://ftp.pride.ebi.ac.uk/pride/data/archive/2024/10/PXD047934/272_2023_VV-TMT-Frac16.raw	TMT127N	1	16	NT=Q Exactive HF;AC=MS:1002523	NT=Data-dependent acquisition;AC=PRIDE:0000627	NT=Trypsin;AC=MS:1001251	NT=beam-type collision-induced dissociation;AC=MS:1000422	32 NCE	335m/z-1600m/z	NT=High-pH reversed-phase chromatography (hpHRP);AC=PRIDE:0000564	10 ppm	20 ppm	single TMTpro multiplex	NT=Carbamidomethyl;AC=UNIMOD:4;MT=fixed;TA=C;PP=Anywhere	NT=Oxidation;AC=UNIMOD:35;MT=variable;TA=M;PP=Anywhere	NT=Acetyl;AC=UNIMOD:1;MT=variable;PP=Protein N-term	NT=Dioxidation;AC=UNIMOD:425;MT=variable;TA=M,W;PP=Anywhere	NT=Deamidated;AC=UNIMOD:7;MT=variable;TA=N,Q;PP=Anywhere	NT=Gln->pyro-Glu;AC=UNIMOD:28;MT=variable;TA=Q;PP=Any N-term	NT=TMTpro;AC=UNIMOD:2016;MT=fixed;TA=K;PP=Anywhere	NT=TMTpro;AC=UNIMOD:2016;MT=fixed;PP=Any N-term	v3.0.0	ms-proteomics v1.1.0	human v1.1.0	cell-lines v1.1.0	dimethyl sulfoxide
PXD047934_dmso_rep3	Homo sapiens	not available	not available	not available	cell line	study sample	not available	not available	not available	not available	not available	not available	not available	3	dimethyl sulfoxide	not available	24 hour	272_2023_VV-TMT-Frac16	proteomic profiling by mass spectrometry	272_2023_VV-TMT-Frac16.raw	ftp://ftp.pride.ebi.ac.uk/pride/data/archive/2024/10/PXD047934/272_2023_VV-TMT-Frac16.raw	TMT127C	1	16	NT=Q Exactive HF;AC=MS:1002523	NT=Data-dependent acquisition;AC=PRIDE:0000627	NT=Trypsin;AC=MS:1001251	NT=beam-type collision-induced dissociation;AC=MS:1000422	32 NCE	335m/z-1600m/z	NT=High-pH reversed-phase chromatography (hpHRP);AC=PRIDE:0000564	10 ppm	20 ppm	single TMTpro multiplex	NT=Carbamidomethyl;AC=UNIMOD:4;MT=fixed;TA=C;PP=Anywhere	NT=Oxidation;AC=UNIMOD:35;MT=variable;TA=M;PP=Anywhere	NT=Acetyl;AC=UNIMOD:1;MT=variable;PP=Protein N-term	NT=Dioxidation;AC=UNIMOD:425;MT=variable;TA=M,W;PP=Anywhere	NT=Deamidated;AC=UNIMOD:7;MT=variable;TA=N,Q;PP=Anywhere	NT=Gln->pyro-Glu;AC=UNIMOD:28;MT=variable;TA=Q;PP=Any N-term	NT=TMTpro;AC=UNIMOD:2016;MT=fixed;TA=K;PP=Anywhere	NT=TMTpro;AC=UNIMOD:2016;MT=fixed;PP=Any N-term	v3.0.0	ms-proteomics v1.1.0	human v1.1.0	cell-lines v1.1.0	dimethyl sulfoxide
PXD047934_8451_rep1	Homo sapiens	not available	not available	not available	cell line	study sample	not available	not available	not available	not available	not available	not available	not available	1	BI03058451	1 uM	24 hour	272_2023_VV-TMT-Frac16	proteomic profiling by mass spectrometry	272_2023_VV-TMT-Frac16.raw	ftp://ftp.pride.ebi.ac.uk/pride/data/archive/2024/10/PXD047934/272_2023_VV-TMT-Frac16.raw	TMT128N	1	16	NT=Q Exactive HF;AC=MS:1002523	NT=Data-dependent acquisition;AC=PRIDE:0000627	NT=Trypsin;AC=MS:1001251	NT=beam-type collision-induced dissociation;AC=MS:1000422	32 NCE	335m/z-1600m/z	NT=High-pH reversed-phase chromatography (hpHRP);AC=PRIDE:0000564	10 ppm	20 ppm	single TMTpro multiplex	NT=Carbamidomethyl;AC=UNIMOD:4;MT=fixed;TA=C;PP=Anywhere	NT=Oxidation;AC=UNIMOD:35;MT=variable;TA=M;PP=Anywhere	NT=Acetyl;AC=UNIMOD:1;MT=variable;PP=Protein N-term	NT=Dioxidation;AC=UNIMOD:425;MT=variable;TA=M,W;PP=Anywhere	NT=Deamidated;AC=UNIMOD:7;MT=variable;TA=N,Q;PP=Anywhere	NT=Gln->pyro-Glu;AC=UNIMOD:28;MT=variable;TA=Q;PP=Any N-term	NT=TMTpro;AC=UNIMOD:2016;MT=fixed;TA=K;PP=Anywhere	NT=TMTpro;AC=UNIMOD:2016;MT=fixed;PP=Any N-term	v3.0.0	ms-proteomics v1.1.0	human v1.1.0	cell-lines v1.1.0	BI03058451
PXD047934_8451_rep2	Homo sapiens	not available	not available	not available	cell line	study sample	not available	not available	not available	not available	not available	not available	not available	2	BI03058451	1 uM	24 hour	272_2023_VV-TMT-Frac16	proteomic profiling by mass spectrometry	272_2023_VV-TMT-Frac16.raw	ftp://ftp.pride.ebi.ac.uk/pride/data/archive/2024/10/PXD047934/272_2023_VV-TMT-Frac16.raw	TMT128C	1	16	NT=Q Exactive HF;AC=MS:1002523	NT=Data-dependent acquisition;AC=PRIDE:0000627	NT=Trypsin;AC=MS:1001251	NT=beam-type collision-induced dissociation;AC=MS:1000422	32 NCE	335m/z-1600m/z	NT=High-pH reversed-phase chromatography (hpHRP);AC=PRIDE:0000564	10 ppm	20 ppm	single TMTpro multiplex	NT=Carbamidomethyl;AC=UNIMOD:4;MT=fixed;TA=C;PP=Anywhere	NT=Oxidation;AC=UNIMOD:35;MT=variable;TA=M;PP=Anywhere	NT=Acetyl;AC=UNIMOD:1;MT=variable;PP=Protein N-term	NT=Dioxidation;AC=UNIMOD:425;MT=variable;TA=M,W;PP=Anywhere	NT=Deamidated;AC=UNIMOD:7;MT=variable;TA=N,Q;PP=Anywhere	NT=Gln->pyro-Glu;AC=UNIMOD:28;MT=variable;TA=Q;PP=Any N-term	NT=TMTpro;AC=UNIMOD:2016;MT=fixed;TA=K;PP=Anywhere	NT=TMTpro;AC=UNIMOD:2016;MT=fixed;PP=Any N-term	v3.0.0	ms-proteomics v1.1.0	human v1.1.0	cell-lines v1.1.0	BI03058451
PXD047934_8451_rep3	Homo sapiens	not available	not available	not available	cell line	study sample	not available	not available	not available	not available	not available	not available	not available	3	BI03058451	1 uM	24 hour	272_2023_VV-TMT-Frac16	proteomic profiling by mass spectrometry	272_2023_VV-TMT-Frac16.raw	ftp://ftp.pride.ebi.ac.uk/pride/data/archive/2024/10/PXD047934/272_2023_VV-TMT-Frac16.raw	TMT129N	1	16	NT=Q Exactive HF;AC=MS:1002523	NT=Data-dependent acquisition;AC=PRIDE:0000627	NT=Trypsin;AC=MS:1001251	NT=beam-type collision-induced dissociation;AC=MS:1000422	32 NCE	335m/z-1600m/z	NT=High-pH reversed-phase chromatography (hpHRP);AC=PRIDE:0000564	10 ppm	20 ppm	single TMTpro multiplex	NT=Carbamidomethyl;AC=UNIMOD:4;MT=fixed;TA=C;PP=Anywhere	NT=Oxidation;AC=UNIMOD:35;MT=variable;TA=M;PP=Anywhere	NT=Acetyl;AC=UNIMOD:1;MT=variable;PP=Protein N-term	NT=Dioxidation;AC=UNIMOD:425;MT=variable;TA=M,W;PP=Anywhere	NT=Deamidated;AC=UNIMOD:7;MT=variable;TA=N,Q;PP=Anywhere	NT=Gln->pyro-Glu;AC=UNIMOD:28;MT=variable;TA=Q;PP=Any N-term	NT=TMTpro;AC=UNIMOD:2016;MT=fixed;TA=K;PP=Anywhere	NT=TMTpro;AC=UNIMOD:2016;MT=fixed;PP=Any N-term	v3.0.0	ms-proteomics v1.1.0	human v1.1.0	cell-lines v1.1.0	BI03058451
PXD047934_0068_rep1	Homo sapiens	not available	not available	not available	cell line	study sample	not available	not available	not available	not available	not available	not available	not available	1	BI01590068	1 uM	24 hour	272_2023_VV-TMT-Frac16	proteomic profiling by mass spectrometry	272_2023_VV-TMT-Frac16.raw	ftp://ftp.pride.ebi.ac.uk/pride/data/archive/2024/10/PXD047934/272_2023_VV-TMT-Frac16.raw	TMT129C	1	16	NT=Q Exactive HF;AC=MS:1002523	NT=Data-dependent acquisition;AC=PRIDE:0000627	NT=Trypsin;AC=MS:1001251	NT=beam-type collision-induced dissociation;AC=MS:1000422	32 NCE	335m/z-1600m/z	NT=High-pH reversed-phase chromatography (hpHRP);AC=PRIDE:0000564	10 ppm	20 ppm	single TMTpro multiplex	NT=Carbamidomethyl;AC=UNIMOD:4;MT=fixed;TA=C;PP=Anywhere	NT=Oxidation;AC=UNIMOD:35;MT=variable;TA=M;PP=Anywhere	NT=Acetyl;AC=UNIMOD:1;MT=variable;PP=Protein N-term	NT=Dioxidation;AC=UNIMOD:425;MT=variable;TA=M,W;PP=Anywhere	NT=Deamidated;AC=UNIMOD:7;MT=variable;TA=N,Q;PP=Anywhere	NT=Gln->pyro-Glu;AC=UNIMOD:28;MT=variable;TA=Q;PP=Any N-term	NT=TMTpro;AC=UNIMOD:2016;MT=fixed;TA=K;PP=Anywhere	NT=TMTpro;AC=UNIMOD:2016;MT=fixed;PP=Any N-term	v3.0.0	ms-proteomics v1.1.0	human v1.1.0	cell-lines v1.1.0	BI01590068
PXD047934_0068_rep2	Homo sapiens	not available	not available	not available	cell line	study sample	not available	not available	not available	not available	not available	not available	not available	2	BI01590068	1 uM	24 hour	272_2023_VV-TMT-Frac16	proteomic profiling by mass spectrometry	272_2023_VV-TMT-Frac16.raw	ftp://ftp.pride.ebi.ac.uk/pride/data/archive/2024/10/PXD047934/272_2023_VV-TMT-Frac16.raw	TMT130N	1	16	NT=Q Exactive HF;AC=MS:1002523	NT=Data-dependent acquisition;AC=PRIDE:0000627	NT=Trypsin;AC=MS:1001251	NT=beam-type collision-induced dissociation;AC=MS:1000422	32 NCE	335m/z-1600m/z	NT=High-pH reversed-phase chromatography (hpHRP);AC=PRIDE:0000564	10 ppm	20 ppm	single TMTpro multiplex	NT=Carbamidomethyl;AC=UNIMOD:4;MT=fixed;TA=C;PP=Anywhere	NT=Oxidation;AC=UNIMOD:35;MT=variable;TA=M;PP=Anywhere	NT=Acetyl;AC=UNIMOD:1;MT=variable;PP=Protein N-term	NT=Dioxidation;AC=UNIMOD:425;MT=variable;TA=M,W;PP=Anywhere	NT=Deamidated;AC=UNIMOD:7;MT=variable;TA=N,Q;PP=Anywhere	NT=Gln->pyro-Glu;AC=UNIMOD:28;MT=variable;TA=Q;PP=Any N-term	NT=TMTpro;AC=UNIMOD:2016;MT=fixed;TA=K;PP=Anywhere	NT=TMTpro;AC=UNIMOD:2016;MT=fixed;PP=Any N-term	v3.0.0	ms-proteomics v1.1.0	human v1.1.0	cell-lines v1.1.0	BI01590068
PXD047934_0068_rep3	Homo sapiens	not available	not available	not available	cell line	study sample	not available	not available	not available	not available	not available	not available	not available	3	BI01590068	1 uM	24 hour	272_2023_VV-TMT-Frac16	proteomic profiling by mass spectrometry	272_2023_VV-TMT-Frac16.raw	ftp://ftp.pride.ebi.ac.uk/pride/data/archive/2024/10/PXD047934/272_2023_VV-TMT-Frac16.raw	TMT130C	1	16	NT=Q Exactive HF;AC=MS:1002523	NT=Data-dependent acquisition;AC=PRIDE:0000627	NT=Trypsin;AC=MS:1001251	NT=beam-type collision-induced dissociation;AC=MS:1000422	32 NCE	335m/z-1600m/z	NT=High-pH reversed-phase chromatography (hpHRP);AC=PRIDE:0000564	10 ppm	20 ppm	single TMTpro multiplex	NT=Carbamidomethyl;AC=UNIMOD:4;MT=fixed;TA=C;PP=Anywhere	NT=Oxidation;AC=UNIMOD:35;MT=variable;TA=M;PP=Anywhere	NT=Acetyl;AC=UNIMOD:1;MT=variable;PP=Protein N-term	NT=Dioxidation;AC=UNIMOD:425;MT=variable;TA=M,W;PP=Anywhere	NT=Deamidated;AC=UNIMOD:7;MT=variable;TA=N,Q;PP=Anywhere	NT=Gln->pyro-Glu;AC=UNIMOD:28;MT=variable;TA=Q;PP=Any N-term	NT=TMTpro;AC=UNIMOD:2016;MT=fixed;TA=K;PP=Anywhere	NT=TMTpro;AC=UNIMOD:2016;MT=fixed;PP=Any N-term	v3.0.0	ms-proteomics v1.1.0	human v1.1.0	cell-lines v1.1.0	BI01590068
PXD047934_chx_rep1	Homo sapiens	not available	not available	not available	cell line	study sample	not available	not available	not available	not available	not available	not available	not available	1	cycloheximide	100 ug/mL	24 hour	272_2023_VV-TMT-Frac16	proteomic profiling by mass spectrometry	272_2023_VV-TMT-Frac16.raw	ftp://ftp.pride.ebi.ac.uk/pride/data/archive/2024/10/PXD047934/272_2023_VV-TMT-Frac16.raw	TMT131N	1	16	NT=Q Exactive HF;AC=MS:1002523	NT=Data-dependent acquisition;AC=PRIDE:0000627	NT=Trypsin;AC=MS:1001251	NT=beam-type collision-induced dissociation;AC=MS:1000422	32 NCE	335m/z-1600m/z	NT=High-pH reversed-phase chromatography (hpHRP);AC=PRIDE:0000564	10 ppm	20 ppm	single TMTpro multiplex	NT=Carbamidomethyl;AC=UNIMOD:4;MT=fixed;TA=C;PP=Anywhere	NT=Oxidation;AC=UNIMOD:35;MT=variable;TA=M;PP=Anywhere	NT=Acetyl;AC=UNIMOD:1;MT=variable;PP=Protein N-term	NT=Dioxidation;AC=UNIMOD:425;MT=variable;TA=M,W;PP=Anywhere	NT=Deamidated;AC=UNIMOD:7;MT=variable;TA=N,Q;PP=Anywhere	NT=Gln->pyro-Glu;AC=UNIMOD:28;MT=variable;TA=Q;PP=Any N-term	NT=TMTpro;AC=UNIMOD:2016;MT=fixed;TA=K;PP=Anywhere	NT=TMTpro;AC=UNIMOD:2016;MT=fixed;PP=Any N-term	v3.0.0	ms-proteomics v1.1.0	human v1.1.0	cell-lines v1.1.0	cycloheximide
PXD047934_chx_rep2	Homo sapiens	not available	not available	not available	cell line	study sample	not available	not available	not available	not available	not available	not available	not available	2	cycloheximide	100 ug/mL	24 hour	272_2023_VV-TMT-Frac16	proteomic profiling by mass spectrometry	272_2023_VV-TMT-Frac16.raw	ftp://ftp.pride.ebi.ac.uk/pride/data/archive/2024/10/PXD047934/272_2023_VV-TMT-Frac16.raw	TMT131C	1	16	NT=Q Exactive HF;AC=MS:1002523	NT=Data-dependent acquisition;AC=PRIDE:0000627	NT=Trypsin;AC=MS:1001251	NT=beam-type collision-induced dissociation;AC=MS:1000422	32 NCE	335m/z-1600m/z	NT=High-pH reversed-phase chromatography (hpHRP);AC=PRIDE:0000564	10 ppm	20 ppm	single TMTpro multiplex	NT=Carbamidomethyl;AC=UNIMOD:4;MT=fixed;TA=C;PP=Anywhere	NT=Oxidation;AC=UNIMOD:35;MT=variable;TA=M;PP=Anywhere	NT=Acetyl;AC=UNIMOD:1;MT=variable;PP=Protein N-term	NT=Dioxidation;AC=UNIMOD:425;MT=variable;TA=M,W;PP=Anywhere	NT=Deamidated;AC=UNIMOD:7;MT=variable;TA=N,Q;PP=Anywhere	NT=Gln->pyro-Glu;AC=UNIMOD:28;MT=variable;TA=Q;PP=Any N-term	NT=TMTpro;AC=UNIMOD:2016;MT=fixed;TA=K;PP=Anywhere	NT=TMTpro;AC=UNIMOD:2016;MT=fixed;PP=Any N-term	v3.0.0	ms-proteomics v1.1.0	human v1.1.0	cell-lines v1.1.0	cycloheximide
PXD047934_chx_rep3	Homo sapiens	not available	not available	not available	cell line	study sample	not available	not available	not available	not available	not available	not available	not available	3	cycloheximide	100 ug/mL	24 hour	272_2023_VV-TMT-Frac16	proteomic profiling by mass spectrometry	272_2023_VV-TMT-Frac16.raw	ftp://ftp.pride.ebi.ac.uk/pride/data/archive/2024/10/PXD047934/272_2023_VV-TMT-Frac16.raw	TMT132N	1	16	NT=Q Exactive HF;AC=MS:1002523	NT=Data-dependent acquisition;AC=PRIDE:0000627	NT=Trypsin;AC=MS:1001251	NT=beam-type collision-induced dissociation;AC=MS:1000422	32 NCE	335m/z-1600m/z	NT=High-pH reversed-phase chromatography (hpHRP);AC=PRIDE:0000564	10 ppm	20 ppm	single TMTpro multiplex	NT=Carbamidomethyl;AC=UNIMOD:4;MT=fixed;TA=C;PP=Anywhere	NT=Oxidation;AC=UNIMOD:35;MT=variable;TA=M;PP=Anywhere	NT=Acetyl;AC=UNIMOD:1;MT=variable;PP=Protein N-term	NT=Dioxidation;AC=UNIMOD:425;MT=variable;TA=M,W;PP=Anywhere	NT=Deamidated;AC=UNIMOD:7;MT=variable;TA=N,Q;PP=Anywhere	NT=Gln->pyro-Glu;AC=UNIMOD:28;MT=variable;TA=Q;PP=Any N-term	NT=TMTpro;AC=UNIMOD:2016;MT=fixed;TA=K;PP=Anywhere	NT=TMTpro;AC=UNIMOD:2016;MT=fixed;PP=Any N-term	v3.0.0	ms-proteomics v1.1.0	human v1.1.0	cell-lines v1.1.0	cycloheximide
PXD047934_cc885_rep1	Homo sapiens	not available	not available	not available	cell line	study sample	not available	not available	not available	not available	not available	not available	not available	1	CC-885	1 uM	24 hour	272_2023_VV-TMT-Frac16	proteomic profiling by mass spectrometry	272_2023_VV-TMT-Frac16.raw	ftp://ftp.pride.ebi.ac.uk/pride/data/archive/2024/10/PXD047934/272_2023_VV-TMT-Frac16.raw	TMT132C	1	16	NT=Q Exactive HF;AC=MS:1002523	NT=Data-dependent acquisition;AC=PRIDE:0000627	NT=Trypsin;AC=MS:1001251	NT=beam-type collision-induced dissociation;AC=MS:1000422	32 NCE	335m/z-1600m/z	NT=High-pH reversed-phase chromatography (hpHRP);AC=PRIDE:0000564	10 ppm	20 ppm	single TMTpro multiplex	NT=Carbamidomethyl;AC=UNIMOD:4;MT=fixed;TA=C;PP=Anywhere	NT=Oxidation;AC=UNIMOD:35;MT=variable;TA=M;PP=Anywhere	NT=Acetyl;AC=UNIMOD:1;MT=variable;PP=Protein N-term	NT=Dioxidation;AC=UNIMOD:425;MT=variable;TA=M,W;PP=Anywhere	NT=Deamidated;AC=UNIMOD:7;MT=variable;TA=N,Q;PP=Anywhere	NT=Gln->pyro-Glu;AC=UNIMOD:28;MT=variable;TA=Q;PP=Any N-term	NT=TMTpro;AC=UNIMOD:2016;MT=fixed;TA=K;PP=Anywhere	NT=TMTpro;AC=UNIMOD:2016;MT=fixed;PP=Any N-term	v3.0.0	ms-proteomics v1.1.0	human v1.1.0	cell-lines v1.1.0	CC-885
PXD047934_cc885_rep2	Homo sapiens	not available	not available	not available	cell line	study sample	not available	not available	not available	not available	not available	not available	not available	2	CC-885	1 uM	24 hour	272_2023_VV-TMT-Frac16	proteomic profiling by mass spectrometry	272_2023_VV-TMT-Frac16.raw	ftp://ftp.pride.ebi.ac.uk/pride/data/archive/2024/10/PXD047934/272_2023_VV-TMT-Frac16.raw	TMT133N	1	16	NT=Q Exactive HF;AC=MS:1002523	NT=Data-dependent acquisition;AC=PRIDE:0000627	NT=Trypsin;AC=MS:1001251	NT=beam-type collision-induced dissociation;AC=MS:1000422	32 NCE	335m/z-1600m/z	NT=High-pH reversed-phase chromatography (hpHRP);AC=PRIDE:0000564	10 ppm	20 ppm	single TMTpro multiplex	NT=Carbamidomethyl;AC=UNIMOD:4;MT=fixed;TA=C;PP=Anywhere	NT=Oxidation;AC=UNIMOD:35;MT=variable;TA=M;PP=Anywhere	NT=Acetyl;AC=UNIMOD:1;MT=variable;PP=Protein N-term	NT=Dioxidation;AC=UNIMOD:425;MT=variable;TA=M,W;PP=Anywhere	NT=Deamidated;AC=UNIMOD:7;MT=variable;TA=N,Q;PP=Anywhere	NT=Gln->pyro-Glu;AC=UNIMOD:28;MT=variable;TA=Q;PP=Any N-term	NT=TMTpro;AC=UNIMOD:2016;MT=fixed;TA=K;PP=Anywhere	NT=TMTpro;AC=UNIMOD:2016;MT=fixed;PP=Any N-term	v3.0.0	ms-proteomics v1.1.0	human v1.1.0	cell-lines v1.1.0	CC-885
PXD047934_cc885_rep3	Homo sapiens	not available	not available	not available	cell line	study sample	not available	not available	not available	not available	not available	not available	not available	3	CC-885	1 uM	24 hour	272_2023_VV-TMT-Frac16	proteomic profiling by mass spectrometry	272_2023_VV-TMT-Frac16.raw	ftp://ftp.pride.ebi.ac.uk/pride/data/archive/2024/10/PXD047934/272_2023_VV-TMT-Frac16.raw	TMT133C	1	16	NT=Q Exactive HF;AC=MS:1002523	NT=Data-dependent acquisition;AC=PRIDE:0000627	NT=Trypsin;AC=MS:1001251	NT=beam-type collision-induced dissociation;AC=MS:1000422	32 NCE	335m/z-1600m/z	NT=High-pH reversed-phase chromatography (hpHRP);AC=PRIDE:0000564	10 ppm	20 ppm	single TMTpro multiplex	NT=Carbamidomethyl;AC=UNIMOD:4;MT=fixed;TA=C;PP=Anywhere	NT=Oxidation;AC=UNIMOD:35;MT=variable;TA=M;PP=Anywhere	NT=Acetyl;AC=UNIMOD:1;MT=variable;PP=Protein N-term	NT=Dioxidation;AC=UNIMOD:425;MT=variable;TA=M,W;PP=Anywhere	NT=Deamidated;AC=UNIMOD:7;MT=variable;TA=N,Q;PP=Anywhere	NT=Gln->pyro-Glu;AC=UNIMOD:28;MT=variable;TA=Q;PP=Any N-term	NT=TMTpro;AC=UNIMOD:2016;MT=fixed;TA=K;PP=Anywhere	NT=TMTpro;AC=UNIMOD:2016;MT=fixed;PP=Any N-term	v3.0.0	ms-proteomics v1.1.0	human v1.1.0	cell-lines v1.1.0	CC-885
PXD047934_dmso_rep1	Homo sapiens	not available	not available	not available	cell line	study sample	not available	not available	not available	not available	not available	not available	not available	1	dimethyl sulfoxide	not available	24 hour	272_2023_VV-TMT-Frac17	proteomic profiling by mass spectrometry	272_2023_VV-TMT-Frac17.raw	ftp://ftp.pride.ebi.ac.uk/pride/data/archive/2024/10/PXD047934/272_2023_VV-TMT-Frac17.raw	TMT126	1	17	NT=Q Exactive HF;AC=MS:1002523	NT=Data-dependent acquisition;AC=PRIDE:0000627	NT=Trypsin;AC=MS:1001251	NT=beam-type collision-induced dissociation;AC=MS:1000422	32 NCE	335m/z-1600m/z	NT=High-pH reversed-phase chromatography (hpHRP);AC=PRIDE:0000564	10 ppm	20 ppm	single TMTpro multiplex	NT=Carbamidomethyl;AC=UNIMOD:4;MT=fixed;TA=C;PP=Anywhere	NT=Oxidation;AC=UNIMOD:35;MT=variable;TA=M;PP=Anywhere	NT=Acetyl;AC=UNIMOD:1;MT=variable;PP=Protein N-term	NT=Dioxidation;AC=UNIMOD:425;MT=variable;TA=M,W;PP=Anywhere	NT=Deamidated;AC=UNIMOD:7;MT=variable;TA=N,Q;PP=Anywhere	NT=Gln->pyro-Glu;AC=UNIMOD:28;MT=variable;TA=Q;PP=Any N-term	NT=TMTpro;AC=UNIMOD:2016;MT=fixed;TA=K;PP=Anywhere	NT=TMTpro;AC=UNIMOD:2016;MT=fixed;PP=Any N-term	v3.0.0	ms-proteomics v1.1.0	human v1.1.0	cell-lines v1.1.0	dimethyl sulfoxide
PXD047934_dmso_rep2	Homo sapiens	not available	not available	not available	cell line	study sample	not available	not available	not available	not available	not available	not available	not available	2	dimethyl sulfoxide	not available	24 hour	272_2023_VV-TMT-Frac17	proteomic profiling by mass spectrometry	272_2023_VV-TMT-Frac17.raw	ftp://ftp.pride.ebi.ac.uk/pride/data/archive/2024/10/PXD047934/272_2023_VV-TMT-Frac17.raw	TMT127N	1	17	NT=Q Exactive HF;AC=MS:1002523	NT=Data-dependent acquisition;AC=PRIDE:0000627	NT=Trypsin;AC=MS:1001251	NT=beam-type collision-induced dissociation;AC=MS:1000422	32 NCE	335m/z-1600m/z	NT=High-pH reversed-phase chromatography (hpHRP);AC=PRIDE:0000564	10 ppm	20 ppm	single TMTpro multiplex	NT=Carbamidomethyl;AC=UNIMOD:4;MT=fixed;TA=C;PP=Anywhere	NT=Oxidation;AC=UNIMOD:35;MT=variable;TA=M;PP=Anywhere	NT=Acetyl;AC=UNIMOD:1;MT=variable;PP=Protein N-term	NT=Dioxidation;AC=UNIMOD:425;MT=variable;TA=M,W;PP=Anywhere	NT=Deamidated;AC=UNIMOD:7;MT=variable;TA=N,Q;PP=Anywhere	NT=Gln->pyro-Glu;AC=UNIMOD:28;MT=variable;TA=Q;PP=Any N-term	NT=TMTpro;AC=UNIMOD:2016;MT=fixed;TA=K;PP=Anywhere	NT=TMTpro;AC=UNIMOD:2016;MT=fixed;PP=Any N-term	v3.0.0	ms-proteomics v1.1.0	human v1.1.0	cell-lines v1.1.0	dimethyl sulfoxide
PXD047934_dmso_rep3	Homo sapiens	not available	not available	not available	cell line	study sample	not available	not available	not available	not available	not available	not available	not available	3	dimethyl sulfoxide	not available	24 hour	272_2023_VV-TMT-Frac17	proteomic profiling by mass spectrometry	272_2023_VV-TMT-Frac17.raw	ftp://ftp.pride.ebi.ac.uk/pride/data/archive/2024/10/PXD047934/272_2023_VV-TMT-Frac17.raw	TMT127C	1	17	NT=Q Exactive HF;AC=MS:1002523	NT=Data-dependent acquisition;AC=PRIDE:0000627	NT=Trypsin;AC=MS:1001251	NT=beam-type collision-induced dissociation;AC=MS:1000422	32 NCE	335m/z-1600m/z	NT=High-pH reversed-phase chromatography (hpHRP);AC=PRIDE:0000564	10 ppm	20 ppm	single TMTpro multiplex	NT=Carbamidomethyl;AC=UNIMOD:4;MT=fixed;TA=C;PP=Anywhere	NT=Oxidation;AC=UNIMOD:35;MT=variable;TA=M;PP=Anywhere	NT=Acetyl;AC=UNIMOD:1;MT=variable;PP=Protein N-term	NT=Dioxidation;AC=UNIMOD:425;MT=variable;TA=M,W;PP=Anywhere	NT=Deamidated;AC=UNIMOD:7;MT=variable;TA=N,Q;PP=Anywhere	NT=Gln->pyro-Glu;AC=UNIMOD:28;MT=variable;TA=Q;PP=Any N-term	NT=TMTpro;AC=UNIMOD:2016;MT=fixed;TA=K;PP=Anywhere	NT=TMTpro;AC=UNIMOD:2016;MT=fixed;PP=Any N-term	v3.0.0	ms-proteomics v1.1.0	human v1.1.0	cell-lines v1.1.0	dimethyl sulfoxide
PXD047934_8451_rep1	Homo sapiens	not available	not available	not available	cell line	study sample	not available	not available	not available	not available	not available	not available	not available	1	BI03058451	1 uM	24 hour	272_2023_VV-TMT-Frac17	proteomic profiling by mass spectrometry	272_2023_VV-TMT-Frac17.raw	ftp://ftp.pride.ebi.ac.uk/pride/data/archive/2024/10/PXD047934/272_2023_VV-TMT-Frac17.raw	TMT128N	1	17	NT=Q Exactive HF;AC=MS:1002523	NT=Data-dependent acquisition;AC=PRIDE:0000627	NT=Trypsin;AC=MS:1001251	NT=beam-type collision-induced dissociation;AC=MS:1000422	32 NCE	335m/z-1600m/z	NT=High-pH reversed-phase chromatography (hpHRP);AC=PRIDE:0000564	10 ppm	20 ppm	single TMTpro multiplex	NT=Carbamidomethyl;AC=UNIMOD:4;MT=fixed;TA=C;PP=Anywhere	NT=Oxidation;AC=UNIMOD:35;MT=variable;TA=M;PP=Anywhere	NT=Acetyl;AC=UNIMOD:1;MT=variable;PP=Protein N-term	NT=Dioxidation;AC=UNIMOD:425;MT=variable;TA=M,W;PP=Anywhere	NT=Deamidated;AC=UNIMOD:7;MT=variable;TA=N,Q;PP=Anywhere	NT=Gln->pyro-Glu;AC=UNIMOD:28;MT=variable;TA=Q;PP=Any N-term	NT=TMTpro;AC=UNIMOD:2016;MT=fixed;TA=K;PP=Anywhere	NT=TMTpro;AC=UNIMOD:2016;MT=fixed;PP=Any N-term	v3.0.0	ms-proteomics v1.1.0	human v1.1.0	cell-lines v1.1.0	BI03058451
PXD047934_8451_rep2	Homo sapiens	not available	not available	not available	cell line	study sample	not available	not available	not available	not available	not available	not available	not available	2	BI03058451	1 uM	24 hour	272_2023_VV-TMT-Frac17	proteomic profiling by mass spectrometry	272_2023_VV-TMT-Frac17.raw	ftp://ftp.pride.ebi.ac.uk/pride/data/archive/2024/10/PXD047934/272_2023_VV-TMT-Frac17.raw	TMT128C	1	17	NT=Q Exactive HF;AC=MS:1002523	NT=Data-dependent acquisition;AC=PRIDE:0000627	NT=Trypsin;AC=MS:1001251	NT=beam-type collision-induced dissociation;AC=MS:1000422	32 NCE	335m/z-1600m/z	NT=High-pH reversed-phase chromatography (hpHRP);AC=PRIDE:0000564	10 ppm	20 ppm	single TMTpro multiplex	NT=Carbamidomethyl;AC=UNIMOD:4;MT=fixed;TA=C;PP=Anywhere	NT=Oxidation;AC=UNIMOD:35;MT=variable;TA=M;PP=Anywhere	NT=Acetyl;AC=UNIMOD:1;MT=variable;PP=Protein N-term	NT=Dioxidation;AC=UNIMOD:425;MT=variable;TA=M,W;PP=Anywhere	NT=Deamidated;AC=UNIMOD:7;MT=variable;TA=N,Q;PP=Anywhere	NT=Gln->pyro-Glu;AC=UNIMOD:28;MT=variable;TA=Q;PP=Any N-term	NT=TMTpro;AC=UNIMOD:2016;MT=fixed;TA=K;PP=Anywhere	NT=TMTpro;AC=UNIMOD:2016;MT=fixed;PP=Any N-term	v3.0.0	ms-proteomics v1.1.0	human v1.1.0	cell-lines v1.1.0	BI03058451
PXD047934_8451_rep3	Homo sapiens	not available	not available	not available	cell line	study sample	not available	not available	not available	not available	not available	not available	not available	3	BI03058451	1 uM	24 hour	272_2023_VV-TMT-Frac17	proteomic profiling by mass spectrometry	272_2023_VV-TMT-Frac17.raw	ftp://ftp.pride.ebi.ac.uk/pride/data/archive/2024/10/PXD047934/272_2023_VV-TMT-Frac17.raw	TMT129N	1	17	NT=Q Exactive HF;AC=MS:1002523	NT=Data-dependent acquisition;AC=PRIDE:0000627	NT=Trypsin;AC=MS:1001251	NT=beam-type collision-induced dissociation;AC=MS:1000422	32 NCE	335m/z-1600m/z	NT=High-pH reversed-phase chromatography (hpHRP);AC=PRIDE:0000564	10 ppm	20 ppm	single TMTpro multiplex	NT=Carbamidomethyl;AC=UNIMOD:4;MT=fixed;TA=C;PP=Anywhere	NT=Oxidation;AC=UNIMOD:35;MT=variable;TA=M;PP=Anywhere	NT=Acetyl;AC=UNIMOD:1;MT=variable;PP=Protein N-term	NT=Dioxidation;AC=UNIMOD:425;MT=variable;TA=M,W;PP=Anywhere	NT=Deamidated;AC=UNIMOD:7;MT=variable;TA=N,Q;PP=Anywhere	NT=Gln->pyro-Glu;AC=UNIMOD:28;MT=variable;TA=Q;PP=Any N-term	NT=TMTpro;AC=UNIMOD:2016;MT=fixed;TA=K;PP=Anywhere	NT=TMTpro;AC=UNIMOD:2016;MT=fixed;PP=Any N-term	v3.0.0	ms-proteomics v1.1.0	human v1.1.0	cell-lines v1.1.0	BI03058451
PXD047934_0068_rep1	Homo sapiens	not available	not available	not available	cell line	study sample	not available	not available	not available	not available	not available	not available	not available	1	BI01590068	1 uM	24 hour	272_2023_VV-TMT-Frac17	proteomic profiling by mass spectrometry	272_2023_VV-TMT-Frac17.raw	ftp://ftp.pride.ebi.ac.uk/pride/data/archive/2024/10/PXD047934/272_2023_VV-TMT-Frac17.raw	TMT129C	1	17	NT=Q Exactive HF;AC=MS:1002523	NT=Data-dependent acquisition;AC=PRIDE:0000627	NT=Trypsin;AC=MS:1001251	NT=beam-type collision-induced dissociation;AC=MS:1000422	32 NCE	335m/z-1600m/z	NT=High-pH reversed-phase chromatography (hpHRP);AC=PRIDE:0000564	10 ppm	20 ppm	single TMTpro multiplex	NT=Carbamidomethyl;AC=UNIMOD:4;MT=fixed;TA=C;PP=Anywhere	NT=Oxidation;AC=UNIMOD:35;MT=variable;TA=M;PP=Anywhere	NT=Acetyl;AC=UNIMOD:1;MT=variable;PP=Protein N-term	NT=Dioxidation;AC=UNIMOD:425;MT=variable;TA=M,W;PP=Anywhere	NT=Deamidated;AC=UNIMOD:7;MT=variable;TA=N,Q;PP=Anywhere	NT=Gln->pyro-Glu;AC=UNIMOD:28;MT=variable;TA=Q;PP=Any N-term	NT=TMTpro;AC=UNIMOD:2016;MT=fixed;TA=K;PP=Anywhere	NT=TMTpro;AC=UNIMOD:2016;MT=fixed;PP=Any N-term	v3.0.0	ms-proteomics v1.1.0	human v1.1.0	cell-lines v1.1.0	BI01590068
PXD047934_0068_rep2	Homo sapiens	not available	not available	not available	cell line	study sample	not available	not available	not available	not available	not available	not available	not available	2	BI01590068	1 uM	24 hour	272_2023_VV-TMT-Frac17	proteomic profiling by mass spectrometry	272_2023_VV-TMT-Frac17.raw	ftp://ftp.pride.ebi.ac.uk/pride/data/archive/2024/10/PXD047934/272_2023_VV-TMT-Frac17.raw	TMT130N	1	17	NT=Q Exactive HF;AC=MS:1002523	NT=Data-dependent acquisition;AC=PRIDE:0000627	NT=Trypsin;AC=MS:1001251	NT=beam-type collision-induced dissociation;AC=MS:1000422	32 NCE	335m/z-1600m/z	NT=High-pH reversed-phase chromatography (hpHRP);AC=PRIDE:0000564	10 ppm	20 ppm	single TMTpro multiplex	NT=Carbamidomethyl;AC=UNIMOD:4;MT=fixed;TA=C;PP=Anywhere	NT=Oxidation;AC=UNIMOD:35;MT=variable;TA=M;PP=Anywhere	NT=Acetyl;AC=UNIMOD:1;MT=variable;PP=Protein N-term	NT=Dioxidation;AC=UNIMOD:425;MT=variable;TA=M,W;PP=Anywhere	NT=Deamidated;AC=UNIMOD:7;MT=variable;TA=N,Q;PP=Anywhere	NT=Gln->pyro-Glu;AC=UNIMOD:28;MT=variable;TA=Q;PP=Any N-term	NT=TMTpro;AC=UNIMOD:2016;MT=fixed;TA=K;PP=Anywhere	NT=TMTpro;AC=UNIMOD:2016;MT=fixed;PP=Any N-term	v3.0.0	ms-proteomics v1.1.0	human v1.1.0	cell-lines v1.1.0	BI01590068
PXD047934_0068_rep3	Homo sapiens	not available	not available	not available	cell line	study sample	not available	not available	not available	not available	not available	not available	not available	3	BI01590068	1 uM	24 hour	272_2023_VV-TMT-Frac17	proteomic profiling by mass spectrometry	272_2023_VV-TMT-Frac17.raw	ftp://ftp.pride.ebi.ac.uk/pride/data/archive/2024/10/PXD047934/272_2023_VV-TMT-Frac17.raw	TMT130C	1	17	NT=Q Exactive HF;AC=MS:1002523	NT=Data-dependent acquisition;AC=PRIDE:0000627	NT=Trypsin;AC=MS:1001251	NT=beam-type collision-induced dissociation;AC=MS:1000422	32 NCE	335m/z-1600m/z	NT=High-pH reversed-phase chromatography (hpHRP);AC=PRIDE:0000564	10 ppm	20 ppm	single TMTpro multiplex	NT=Carbamidomethyl;AC=UNIMOD:4;MT=fixed;TA=C;PP=Anywhere	NT=Oxidation;AC=UNIMOD:35;MT=variable;TA=M;PP=Anywhere	NT=Acetyl;AC=UNIMOD:1;MT=variable;PP=Protein N-term	NT=Dioxidation;AC=UNIMOD:425;MT=variable;TA=M,W;PP=Anywhere	NT=Deamidated;AC=UNIMOD:7;MT=variable;TA=N,Q;PP=Anywhere	NT=Gln->pyro-Glu;AC=UNIMOD:28;MT=variable;TA=Q;PP=Any N-term	NT=TMTpro;AC=UNIMOD:2016;MT=fixed;TA=K;PP=Anywhere	NT=TMTpro;AC=UNIMOD:2016;MT=fixed;PP=Any N-term	v3.0.0	ms-proteomics v1.1.0	human v1.1.0	cell-lines v1.1.0	BI01590068
PXD047934_chx_rep1	Homo sapiens	not available	not available	not available	cell line	study sample	not available	not available	not available	not available	not available	not available	not available	1	cycloheximide	100 ug/mL	24 hour	272_2023_VV-TMT-Frac17	proteomic profiling by mass spectrometry	272_2023_VV-TMT-Frac17.raw	ftp://ftp.pride.ebi.ac.uk/pride/data/archive/2024/10/PXD047934/272_2023_VV-TMT-Frac17.raw	TMT131N	1	17	NT=Q Exactive HF;AC=MS:1002523	NT=Data-dependent acquisition;AC=PRIDE:0000627	NT=Trypsin;AC=MS:1001251	NT=beam-type collision-induced dissociation;AC=MS:1000422	32 NCE	335m/z-1600m/z	NT=High-pH reversed-phase chromatography (hpHRP);AC=PRIDE:0000564	10 ppm	20 ppm	single TMTpro multiplex	NT=Carbamidomethyl;AC=UNIMOD:4;MT=fixed;TA=C;PP=Anywhere	NT=Oxidation;AC=UNIMOD:35;MT=variable;TA=M;PP=Anywhere	NT=Acetyl;AC=UNIMOD:1;MT=variable;PP=Protein N-term	NT=Dioxidation;AC=UNIMOD:425;MT=variable;TA=M,W;PP=Anywhere	NT=Deamidated;AC=UNIMOD:7;MT=variable;TA=N,Q;PP=Anywhere	NT=Gln->pyro-Glu;AC=UNIMOD:28;MT=variable;TA=Q;PP=Any N-term	NT=TMTpro;AC=UNIMOD:2016;MT=fixed;TA=K;PP=Anywhere	NT=TMTpro;AC=UNIMOD:2016;MT=fixed;PP=Any N-term	v3.0.0	ms-proteomics v1.1.0	human v1.1.0	cell-lines v1.1.0	cycloheximide
PXD047934_chx_rep2	Homo sapiens	not available	not available	not available	cell line	study sample	not available	not available	not available	not available	not available	not available	not available	2	cycloheximide	100 ug/mL	24 hour	272_2023_VV-TMT-Frac17	proteomic profiling by mass spectrometry	272_2023_VV-TMT-Frac17.raw	ftp://ftp.pride.ebi.ac.uk/pride/data/archive/2024/10/PXD047934/272_2023_VV-TMT-Frac17.raw	TMT131C	1	17	NT=Q Exactive HF;AC=MS:1002523	NT=Data-dependent acquisition;AC=PRIDE:0000627	NT=Trypsin;AC=MS:1001251	NT=beam-type collision-induced dissociation;AC=MS:1000422	32 NCE	335m/z-1600m/z	NT=High-pH reversed-phase chromatography (hpHRP);AC=PRIDE:0000564	10 ppm	20 ppm	single TMTpro multiplex	NT=Carbamidomethyl;AC=UNIMOD:4;MT=fixed;TA=C;PP=Anywhere	NT=Oxidation;AC=UNIMOD:35;MT=variable;TA=M;PP=Anywhere	NT=Acetyl;AC=UNIMOD:1;MT=variable;PP=Protein N-term	NT=Dioxidation;AC=UNIMOD:425;MT=variable;TA=M,W;PP=Anywhere	NT=Deamidated;AC=UNIMOD:7;MT=variable;TA=N,Q;PP=Anywhere	NT=Gln->pyro-Glu;AC=UNIMOD:28;MT=variable;TA=Q;PP=Any N-term	NT=TMTpro;AC=UNIMOD:2016;MT=fixed;TA=K;PP=Anywhere	NT=TMTpro;AC=UNIMOD:2016;MT=fixed;PP=Any N-term	v3.0.0	ms-proteomics v1.1.0	human v1.1.0	cell-lines v1.1.0	cycloheximide
PXD047934_chx_rep3	Homo sapiens	not available	not available	not available	cell line	study sample	not available	not available	not available	not available	not available	not available	not available	3	cycloheximide	100 ug/mL	24 hour	272_2023_VV-TMT-Frac17	proteomic profiling by mass spectrometry	272_2023_VV-TMT-Frac17.raw	ftp://ftp.pride.ebi.ac.uk/pride/data/archive/2024/10/PXD047934/272_2023_VV-TMT-Frac17.raw	TMT132N	1	17	NT=Q Exactive HF;AC=MS:1002523	NT=Data-dependent acquisition;AC=PRIDE:0000627	NT=Trypsin;AC=MS:1001251	NT=beam-type collision-induced dissociation;AC=MS:1000422	32 NCE	335m/z-1600m/z	NT=High-pH reversed-phase chromatography (hpHRP);AC=PRIDE:0000564	10 ppm	20 ppm	single TMTpro multiplex	NT=Carbamidomethyl;AC=UNIMOD:4;MT=fixed;TA=C;PP=Anywhere	NT=Oxidation;AC=UNIMOD:35;MT=variable;TA=M;PP=Anywhere	NT=Acetyl;AC=UNIMOD:1;MT=variable;PP=Protein N-term	NT=Dioxidation;AC=UNIMOD:425;MT=variable;TA=M,W;PP=Anywhere	NT=Deamidated;AC=UNIMOD:7;MT=variable;TA=N,Q;PP=Anywhere	NT=Gln->pyro-Glu;AC=UNIMOD:28;MT=variable;TA=Q;PP=Any N-term	NT=TMTpro;AC=UNIMOD:2016;MT=fixed;TA=K;PP=Anywhere	NT=TMTpro;AC=UNIMOD:2016;MT=fixed;PP=Any N-term	v3.0.0	ms-proteomics v1.1.0	human v1.1.0	cell-lines v1.1.0	cycloheximide
PXD047934_cc885_rep1	Homo sapiens	not available	not available	not available	cell line	study sample	not available	not available	not available	not available	not available	not available	not available	1	CC-885	1 uM	24 hour	272_2023_VV-TMT-Frac17	proteomic profiling by mass spectrometry	272_2023_VV-TMT-Frac17.raw	ftp://ftp.pride.ebi.ac.uk/pride/data/archive/2024/10/PXD047934/272_2023_VV-TMT-Frac17.raw	TMT132C	1	17	NT=Q Exactive HF;AC=MS:1002523	NT=Data-dependent acquisition;AC=PRIDE:0000627	NT=Trypsin;AC=MS:1001251	NT=beam-type collision-induced dissociation;AC=MS:1000422	32 NCE	335m/z-1600m/z	NT=High-pH reversed-phase chromatography (hpHRP);AC=PRIDE:0000564	10 ppm	20 ppm	single TMTpro multiplex	NT=Carbamidomethyl;AC=UNIMOD:4;MT=fixed;TA=C;PP=Anywhere	NT=Oxidation;AC=UNIMOD:35;MT=variable;TA=M;PP=Anywhere	NT=Acetyl;AC=UNIMOD:1;MT=variable;PP=Protein N-term	NT=Dioxidation;AC=UNIMOD:425;MT=variable;TA=M,W;PP=Anywhere	NT=Deamidated;AC=UNIMOD:7;MT=variable;TA=N,Q;PP=Anywhere	NT=Gln->pyro-Glu;AC=UNIMOD:28;MT=variable;TA=Q;PP=Any N-term	NT=TMTpro;AC=UNIMOD:2016;MT=fixed;TA=K;PP=Anywhere	NT=TMTpro;AC=UNIMOD:2016;MT=fixed;PP=Any N-term	v3.0.0	ms-proteomics v1.1.0	human v1.1.0	cell-lines v1.1.0	CC-885
PXD047934_cc885_rep2	Homo sapiens	not available	not available	not available	cell line	study sample	not available	not available	not available	not available	not available	not available	not available	2	CC-885	1 uM	24 hour	272_2023_VV-TMT-Frac17	proteomic profiling by mass spectrometry	272_2023_VV-TMT-Frac17.raw	ftp://ftp.pride.ebi.ac.uk/pride/data/archive/2024/10/PXD047934/272_2023_VV-TMT-Frac17.raw	TMT133N	1	17	NT=Q Exactive HF;AC=MS:1002523	NT=Data-dependent acquisition;AC=PRIDE:0000627	NT=Trypsin;AC=MS:1001251	NT=beam-type collision-induced dissociation;AC=MS:1000422	32 NCE	335m/z-1600m/z	NT=High-pH reversed-phase chromatography (hpHRP);AC=PRIDE:0000564	10 ppm	20 ppm	single TMTpro multiplex	NT=Carbamidomethyl;AC=UNIMOD:4;MT=fixed;TA=C;PP=Anywhere	NT=Oxidation;AC=UNIMOD:35;MT=variable;TA=M;PP=Anywhere	NT=Acetyl;AC=UNIMOD:1;MT=variable;PP=Protein N-term	NT=Dioxidation;AC=UNIMOD:425;MT=variable;TA=M,W;PP=Anywhere	NT=Deamidated;AC=UNIMOD:7;MT=variable;TA=N,Q;PP=Anywhere	NT=Gln->pyro-Glu;AC=UNIMOD:28;MT=variable;TA=Q;PP=Any N-term	NT=TMTpro;AC=UNIMOD:2016;MT=fixed;TA=K;PP=Anywhere	NT=TMTpro;AC=UNIMOD:2016;MT=fixed;PP=Any N-term	v3.0.0	ms-proteomics v1.1.0	human v1.1.0	cell-lines v1.1.0	CC-885
PXD047934_cc885_rep3	Homo sapiens	not available	not available	not available	cell line	study sample	not available	not available	not available	not available	not available	not available	not available	3	CC-885	1 uM	24 hour	272_2023_VV-TMT-Frac17	proteomic profiling by mass spectrometry	272_2023_VV-TMT-Frac17.raw	ftp://ftp.pride.ebi.ac.uk/pride/data/archive/2024/10/PXD047934/272_2023_VV-TMT-Frac17.raw	TMT133C	1	17	NT=Q Exactive HF;AC=MS:1002523	NT=Data-dependent acquisition;AC=PRIDE:0000627	NT=Trypsin;AC=MS:1001251	NT=beam-type collision-induced dissociation;AC=MS:1000422	32 NCE	335m/z-1600m/z	NT=High-pH reversed-phase chromatography (hpHRP);AC=PRIDE:0000564	10 ppm	20 ppm	single TMTpro multiplex	NT=Carbamidomethyl;AC=UNIMOD:4;MT=fixed;TA=C;PP=Anywhere	NT=Oxidation;AC=UNIMOD:35;MT=variable;TA=M;PP=Anywhere	NT=Acetyl;AC=UNIMOD:1;MT=variable;PP=Protein N-term	NT=Dioxidation;AC=UNIMOD:425;MT=variable;TA=M,W;PP=Anywhere	NT=Deamidated;AC=UNIMOD:7;MT=variable;TA=N,Q;PP=Anywhere	NT=Gln->pyro-Glu;AC=UNIMOD:28;MT=variable;TA=Q;PP=Any N-term	NT=TMTpro;AC=UNIMOD:2016;MT=fixed;TA=K;PP=Anywhere	NT=TMTpro;AC=UNIMOD:2016;MT=fixed;PP=Any N-term	v3.0.0	ms-proteomics v1.1.0	human v1.1.0	cell-lines v1.1.0	CC-885
PXD047934_dmso_rep1	Homo sapiens	not available	not available	not available	cell line	study sample	not available	not available	not available	not available	not available	not available	not available	1	dimethyl sulfoxide	not available	24 hour	272_2023_VV-TMT-Frac18	proteomic profiling by mass spectrometry	272_2023_VV-TMT-Frac18.raw	ftp://ftp.pride.ebi.ac.uk/pride/data/archive/2024/10/PXD047934/272_2023_VV-TMT-Frac18.raw	TMT126	1	18	NT=Q Exactive HF;AC=MS:1002523	NT=Data-dependent acquisition;AC=PRIDE:0000627	NT=Trypsin;AC=MS:1001251	NT=beam-type collision-induced dissociation;AC=MS:1000422	32 NCE	335m/z-1600m/z	NT=High-pH reversed-phase chromatography (hpHRP);AC=PRIDE:0000564	10 ppm	20 ppm	single TMTpro multiplex	NT=Carbamidomethyl;AC=UNIMOD:4;MT=fixed;TA=C;PP=Anywhere	NT=Oxidation;AC=UNIMOD:35;MT=variable;TA=M;PP=Anywhere	NT=Acetyl;AC=UNIMOD:1;MT=variable;PP=Protein N-term	NT=Dioxidation;AC=UNIMOD:425;MT=variable;TA=M,W;PP=Anywhere	NT=Deamidated;AC=UNIMOD:7;MT=variable;TA=N,Q;PP=Anywhere	NT=Gln->pyro-Glu;AC=UNIMOD:28;MT=variable;TA=Q;PP=Any N-term	NT=TMTpro;AC=UNIMOD:2016;MT=fixed;TA=K;PP=Anywhere	NT=TMTpro;AC=UNIMOD:2016;MT=fixed;PP=Any N-term	v3.0.0	ms-proteomics v1.1.0	human v1.1.0	cell-lines v1.1.0	dimethyl sulfoxide
PXD047934_dmso_rep2	Homo sapiens	not available	not available	not available	cell line	study sample	not available	not available	not available	not available	not available	not available	not available	2	dimethyl sulfoxide	not available	24 hour	272_2023_VV-TMT-Frac18	proteomic profiling by mass spectrometry	272_2023_VV-TMT-Frac18.raw	ftp://ftp.pride.ebi.ac.uk/pride/data/archive/2024/10/PXD047934/272_2023_VV-TMT-Frac18.raw	TMT127N	1	18	NT=Q Exactive HF;AC=MS:1002523	NT=Data-dependent acquisition;AC=PRIDE:0000627	NT=Trypsin;AC=MS:1001251	NT=beam-type collision-induced dissociation;AC=MS:1000422	32 NCE	335m/z-1600m/z	NT=High-pH reversed-phase chromatography (hpHRP);AC=PRIDE:0000564	10 ppm	20 ppm	single TMTpro multiplex	NT=Carbamidomethyl;AC=UNIMOD:4;MT=fixed;TA=C;PP=Anywhere	NT=Oxidation;AC=UNIMOD:35;MT=variable;TA=M;PP=Anywhere	NT=Acetyl;AC=UNIMOD:1;MT=variable;PP=Protein N-term	NT=Dioxidation;AC=UNIMOD:425;MT=variable;TA=M,W;PP=Anywhere	NT=Deamidated;AC=UNIMOD:7;MT=variable;TA=N,Q;PP=Anywhere	NT=Gln->pyro-Glu;AC=UNIMOD:28;MT=variable;TA=Q;PP=Any N-term	NT=TMTpro;AC=UNIMOD:2016;MT=fixed;TA=K;PP=Anywhere	NT=TMTpro;AC=UNIMOD:2016;MT=fixed;PP=Any N-term	v3.0.0	ms-proteomics v1.1.0	human v1.1.0	cell-lines v1.1.0	dimethyl sulfoxide
PXD047934_dmso_rep3	Homo sapiens	not available	not available	not available	cell line	study sample	not available	not available	not available	not available	not available	not available	not available	3	dimethyl sulfoxide	not available	24 hour	272_2023_VV-TMT-Frac18	proteomic profiling by mass spectrometry	272_2023_VV-TMT-Frac18.raw	ftp://ftp.pride.ebi.ac.uk/pride/data/archive/2024/10/PXD047934/272_2023_VV-TMT-Frac18.raw	TMT127C	1	18	NT=Q Exactive HF;AC=MS:1002523	NT=Data-dependent acquisition;AC=PRIDE:0000627	NT=Trypsin;AC=MS:1001251	NT=beam-type collision-induced dissociation;AC=MS:1000422	32 NCE	335m/z-1600m/z	NT=High-pH reversed-phase chromatography (hpHRP);AC=PRIDE:0000564	10 ppm	20 ppm	single TMTpro multiplex	NT=Carbamidomethyl;AC=UNIMOD:4;MT=fixed;TA=C;PP=Anywhere	NT=Oxidation;AC=UNIMOD:35;MT=variable;TA=M;PP=Anywhere	NT=Acetyl;AC=UNIMOD:1;MT=variable;PP=Protein N-term	NT=Dioxidation;AC=UNIMOD:425;MT=variable;TA=M,W;PP=Anywhere	NT=Deamidated;AC=UNIMOD:7;MT=variable;TA=N,Q;PP=Anywhere	NT=Gln->pyro-Glu;AC=UNIMOD:28;MT=variable;TA=Q;PP=Any N-term	NT=TMTpro;AC=UNIMOD:2016;MT=fixed;TA=K;PP=Anywhere	NT=TMTpro;AC=UNIMOD:2016;MT=fixed;PP=Any N-term	v3.0.0	ms-proteomics v1.1.0	human v1.1.0	cell-lines v1.1.0	dimethyl sulfoxide
PXD047934_8451_rep1	Homo sapiens	not available	not available	not available	cell line	study sample	not available	not available	not available	not available	not available	not available	not available	1	BI03058451	1 uM	24 hour	272_2023_VV-TMT-Frac18	proteomic profiling by mass spectrometry	272_2023_VV-TMT-Frac18.raw	ftp://ftp.pride.ebi.ac.uk/pride/data/archive/2024/10/PXD047934/272_2023_VV-TMT-Frac18.raw	TMT128N	1	18	NT=Q Exactive HF;AC=MS:1002523	NT=Data-dependent acquisition;AC=PRIDE:0000627	NT=Trypsin;AC=MS:1001251	NT=beam-type collision-induced dissociation;AC=MS:1000422	32 NCE	335m/z-1600m/z	NT=High-pH reversed-phase chromatography (hpHRP);AC=PRIDE:0000564	10 ppm	20 ppm	single TMTpro multiplex	NT=Carbamidomethyl;AC=UNIMOD:4;MT=fixed;TA=C;PP=Anywhere	NT=Oxidation;AC=UNIMOD:35;MT=variable;TA=M;PP=Anywhere	NT=Acetyl;AC=UNIMOD:1;MT=variable;PP=Protein N-term	NT=Dioxidation;AC=UNIMOD:425;MT=variable;TA=M,W;PP=Anywhere	NT=Deamidated;AC=UNIMOD:7;MT=variable;TA=N,Q;PP=Anywhere	NT=Gln->pyro-Glu;AC=UNIMOD:28;MT=variable;TA=Q;PP=Any N-term	NT=TMTpro;AC=UNIMOD:2016;MT=fixed;TA=K;PP=Anywhere	NT=TMTpro;AC=UNIMOD:2016;MT=fixed;PP=Any N-term	v3.0.0	ms-proteomics v1.1.0	human v1.1.0	cell-lines v1.1.0	BI03058451
PXD047934_8451_rep2	Homo sapiens	not available	not available	not available	cell line	study sample	not available	not available	not available	not available	not available	not available	not available	2	BI03058451	1 uM	24 hour	272_2023_VV-TMT-Frac18	proteomic profiling by mass spectrometry	272_2023_VV-TMT-Frac18.raw	ftp://ftp.pride.ebi.ac.uk/pride/data/archive/2024/10/PXD047934/272_2023_VV-TMT-Frac18.raw	TMT128C	1	18	NT=Q Exactive HF;AC=MS:1002523	NT=Data-dependent acquisition;AC=PRIDE:0000627	NT=Trypsin;AC=MS:1001251	NT=beam-type collision-induced dissociation;AC=MS:1000422	32 NCE	335m/z-1600m/z	NT=High-pH reversed-phase chromatography (hpHRP);AC=PRIDE:0000564	10 ppm	20 ppm	single TMTpro multiplex	NT=Carbamidomethyl;AC=UNIMOD:4;MT=fixed;TA=C;PP=Anywhere	NT=Oxidation;AC=UNIMOD:35;MT=variable;TA=M;PP=Anywhere	NT=Acetyl;AC=UNIMOD:1;MT=variable;PP=Protein N-term	NT=Dioxidation;AC=UNIMOD:425;MT=variable;TA=M,W;PP=Anywhere	NT=Deamidated;AC=UNIMOD:7;MT=variable;TA=N,Q;PP=Anywhere	NT=Gln->pyro-Glu;AC=UNIMOD:28;MT=variable;TA=Q;PP=Any N-term	NT=TMTpro;AC=UNIMOD:2016;MT=fixed;TA=K;PP=Anywhere	NT=TMTpro;AC=UNIMOD:2016;MT=fixed;PP=Any N-term	v3.0.0	ms-proteomics v1.1.0	human v1.1.0	cell-lines v1.1.0	BI03058451
PXD047934_8451_rep3	Homo sapiens	not available	not available	not available	cell line	study sample	not available	not available	not available	not available	not available	not available	not available	3	BI03058451	1 uM	24 hour	272_2023_VV-TMT-Frac18	proteomic profiling by mass spectrometry	272_2023_VV-TMT-Frac18.raw	ftp://ftp.pride.ebi.ac.uk/pride/data/archive/2024/10/PXD047934/272_2023_VV-TMT-Frac18.raw	TMT129N	1	18	NT=Q Exactive HF;AC=MS:1002523	NT=Data-dependent acquisition;AC=PRIDE:0000627	NT=Trypsin;AC=MS:1001251	NT=beam-type collision-induced dissociation;AC=MS:1000422	32 NCE	335m/z-1600m/z	NT=High-pH reversed-phase chromatography (hpHRP);AC=PRIDE:0000564	10 ppm	20 ppm	single TMTpro multiplex	NT=Carbamidomethyl;AC=UNIMOD:4;MT=fixed;TA=C;PP=Anywhere	NT=Oxidation;AC=UNIMOD:35;MT=variable;TA=M;PP=Anywhere	NT=Acetyl;AC=UNIMOD:1;MT=variable;PP=Protein N-term	NT=Dioxidation;AC=UNIMOD:425;MT=variable;TA=M,W;PP=Anywhere	NT=Deamidated;AC=UNIMOD:7;MT=variable;TA=N,Q;PP=Anywhere	NT=Gln->pyro-Glu;AC=UNIMOD:28;MT=variable;TA=Q;PP=Any N-term	NT=TMTpro;AC=UNIMOD:2016;MT=fixed;TA=K;PP=Anywhere	NT=TMTpro;AC=UNIMOD:2016;MT=fixed;PP=Any N-term	v3.0.0	ms-proteomics v1.1.0	human v1.1.0	cell-lines v1.1.0	BI03058451
PXD047934_0068_rep1	Homo sapiens	not available	not available	not available	cell line	study sample	not available	not available	not available	not available	not available	not available	not available	1	BI01590068	1 uM	24 hour	272_2023_VV-TMT-Frac18	proteomic profiling by mass spectrometry	272_2023_VV-TMT-Frac18.raw	ftp://ftp.pride.ebi.ac.uk/pride/data/archive/2024/10/PXD047934/272_2023_VV-TMT-Frac18.raw	TMT129C	1	18	NT=Q Exactive HF;AC=MS:1002523	NT=Data-dependent acquisition;AC=PRIDE:0000627	NT=Trypsin;AC=MS:1001251	NT=beam-type collision-induced dissociation;AC=MS:1000422	32 NCE	335m/z-1600m/z	NT=High-pH reversed-phase chromatography (hpHRP);AC=PRIDE:0000564	10 ppm	20 ppm	single TMTpro multiplex	NT=Carbamidomethyl;AC=UNIMOD:4;MT=fixed;TA=C;PP=Anywhere	NT=Oxidation;AC=UNIMOD:35;MT=variable;TA=M;PP=Anywhere	NT=Acetyl;AC=UNIMOD:1;MT=variable;PP=Protein N-term	NT=Dioxidation;AC=UNIMOD:425;MT=variable;TA=M,W;PP=Anywhere	NT=Deamidated;AC=UNIMOD:7;MT=variable;TA=N,Q;PP=Anywhere	NT=Gln->pyro-Glu;AC=UNIMOD:28;MT=variable;TA=Q;PP=Any N-term	NT=TMTpro;AC=UNIMOD:2016;MT=fixed;TA=K;PP=Anywhere	NT=TMTpro;AC=UNIMOD:2016;MT=fixed;PP=Any N-term	v3.0.0	ms-proteomics v1.1.0	human v1.1.0	cell-lines v1.1.0	BI01590068
PXD047934_0068_rep2	Homo sapiens	not available	not available	not available	cell line	study sample	not available	not available	not available	not available	not available	not available	not available	2	BI01590068	1 uM	24 hour	272_2023_VV-TMT-Frac18	proteomic profiling by mass spectrometry	272_2023_VV-TMT-Frac18.raw	ftp://ftp.pride.ebi.ac.uk/pride/data/archive/2024/10/PXD047934/272_2023_VV-TMT-Frac18.raw	TMT130N	1	18	NT=Q Exactive HF;AC=MS:1002523	NT=Data-dependent acquisition;AC=PRIDE:0000627	NT=Trypsin;AC=MS:1001251	NT=beam-type collision-induced dissociation;AC=MS:1000422	32 NCE	335m/z-1600m/z	NT=High-pH reversed-phase chromatography (hpHRP);AC=PRIDE:0000564	10 ppm	20 ppm	single TMTpro multiplex	NT=Carbamidomethyl;AC=UNIMOD:4;MT=fixed;TA=C;PP=Anywhere	NT=Oxidation;AC=UNIMOD:35;MT=variable;TA=M;PP=Anywhere	NT=Acetyl;AC=UNIMOD:1;MT=variable;PP=Protein N-term	NT=Dioxidation;AC=UNIMOD:425;MT=variable;TA=M,W;PP=Anywhere	NT=Deamidated;AC=UNIMOD:7;MT=variable;TA=N,Q;PP=Anywhere	NT=Gln->pyro-Glu;AC=UNIMOD:28;MT=variable;TA=Q;PP=Any N-term	NT=TMTpro;AC=UNIMOD:2016;MT=fixed;TA=K;PP=Anywhere	NT=TMTpro;AC=UNIMOD:2016;MT=fixed;PP=Any N-term	v3.0.0	ms-proteomics v1.1.0	human v1.1.0	cell-lines v1.1.0	BI01590068
PXD047934_0068_rep3	Homo sapiens	not available	not available	not available	cell line	study sample	not available	not available	not available	not available	not available	not available	not available	3	BI01590068	1 uM	24 hour	272_2023_VV-TMT-Frac18	proteomic profiling by mass spectrometry	272_2023_VV-TMT-Frac18.raw	ftp://ftp.pride.ebi.ac.uk/pride/data/archive/2024/10/PXD047934/272_2023_VV-TMT-Frac18.raw	TMT130C	1	18	NT=Q Exactive HF;AC=MS:1002523	NT=Data-dependent acquisition;AC=PRIDE:0000627	NT=Trypsin;AC=MS:1001251	NT=beam-type collision-induced dissociation;AC=MS:1000422	32 NCE	335m/z-1600m/z	NT=High-pH reversed-phase chromatography (hpHRP);AC=PRIDE:0000564	10 ppm	20 ppm	single TMTpro multiplex	NT=Carbamidomethyl;AC=UNIMOD:4;MT=fixed;TA=C;PP=Anywhere	NT=Oxidation;AC=UNIMOD:35;MT=variable;TA=M;PP=Anywhere	NT=Acetyl;AC=UNIMOD:1;MT=variable;PP=Protein N-term	NT=Dioxidation;AC=UNIMOD:425;MT=variable;TA=M,W;PP=Anywhere	NT=Deamidated;AC=UNIMOD:7;MT=variable;TA=N,Q;PP=Anywhere	NT=Gln->pyro-Glu;AC=UNIMOD:28;MT=variable;TA=Q;PP=Any N-term	NT=TMTpro;AC=UNIMOD:2016;MT=fixed;TA=K;PP=Anywhere	NT=TMTpro;AC=UNIMOD:2016;MT=fixed;PP=Any N-term	v3.0.0	ms-proteomics v1.1.0	human v1.1.0	cell-lines v1.1.0	BI01590068
PXD047934_chx_rep1	Homo sapiens	not available	not available	not available	cell line	study sample	not available	not available	not available	not available	not available	not available	not available	1	cycloheximide	100 ug/mL	24 hour	272_2023_VV-TMT-Frac18	proteomic profiling by mass spectrometry	272_2023_VV-TMT-Frac18.raw	ftp://ftp.pride.ebi.ac.uk/pride/data/archive/2024/10/PXD047934/272_2023_VV-TMT-Frac18.raw	TMT131N	1	18	NT=Q Exactive HF;AC=MS:1002523	NT=Data-dependent acquisition;AC=PRIDE:0000627	NT=Trypsin;AC=MS:1001251	NT=beam-type collision-induced dissociation;AC=MS:1000422	32 NCE	335m/z-1600m/z	NT=High-pH reversed-phase chromatography (hpHRP);AC=PRIDE:0000564	10 ppm	20 ppm	single TMTpro multiplex	NT=Carbamidomethyl;AC=UNIMOD:4;MT=fixed;TA=C;PP=Anywhere	NT=Oxidation;AC=UNIMOD:35;MT=variable;TA=M;PP=Anywhere	NT=Acetyl;AC=UNIMOD:1;MT=variable;PP=Protein N-term	NT=Dioxidation;AC=UNIMOD:425;MT=variable;TA=M,W;PP=Anywhere	NT=Deamidated;AC=UNIMOD:7;MT=variable;TA=N,Q;PP=Anywhere	NT=Gln->pyro-Glu;AC=UNIMOD:28;MT=variable;TA=Q;PP=Any N-term	NT=TMTpro;AC=UNIMOD:2016;MT=fixed;TA=K;PP=Anywhere	NT=TMTpro;AC=UNIMOD:2016;MT=fixed;PP=Any N-term	v3.0.0	ms-proteomics v1.1.0	human v1.1.0	cell-lines v1.1.0	cycloheximide
PXD047934_chx_rep2	Homo sapiens	not available	not available	not available	cell line	study sample	not available	not available	not available	not available	not available	not available	not available	2	cycloheximide	100 ug/mL	24 hour	272_2023_VV-TMT-Frac18	proteomic profiling by mass spectrometry	272_2023_VV-TMT-Frac18.raw	ftp://ftp.pride.ebi.ac.uk/pride/data/archive/2024/10/PXD047934/272_2023_VV-TMT-Frac18.raw	TMT131C	1	18	NT=Q Exactive HF;AC=MS:1002523	NT=Data-dependent acquisition;AC=PRIDE:0000627	NT=Trypsin;AC=MS:1001251	NT=beam-type collision-induced dissociation;AC=MS:1000422	32 NCE	335m/z-1600m/z	NT=High-pH reversed-phase chromatography (hpHRP);AC=PRIDE:0000564	10 ppm	20 ppm	single TMTpro multiplex	NT=Carbamidomethyl;AC=UNIMOD:4;MT=fixed;TA=C;PP=Anywhere	NT=Oxidation;AC=UNIMOD:35;MT=variable;TA=M;PP=Anywhere	NT=Acetyl;AC=UNIMOD:1;MT=variable;PP=Protein N-term	NT=Dioxidation;AC=UNIMOD:425;MT=variable;TA=M,W;PP=Anywhere	NT=Deamidated;AC=UNIMOD:7;MT=variable;TA=N,Q;PP=Anywhere	NT=Gln->pyro-Glu;AC=UNIMOD:28;MT=variable;TA=Q;PP=Any N-term	NT=TMTpro;AC=UNIMOD:2016;MT=fixed;TA=K;PP=Anywhere	NT=TMTpro;AC=UNIMOD:2016;MT=fixed;PP=Any N-term	v3.0.0	ms-proteomics v1.1.0	human v1.1.0	cell-lines v1.1.0	cycloheximide
PXD047934_chx_rep3	Homo sapiens	not available	not available	not available	cell line	study sample	not available	not available	not available	not available	not available	not available	not available	3	cycloheximide	100 ug/mL	24 hour	272_2023_VV-TMT-Frac18	proteomic profiling by mass spectrometry	272_2023_VV-TMT-Frac18.raw	ftp://ftp.pride.ebi.ac.uk/pride/data/archive/2024/10/PXD047934/272_2023_VV-TMT-Frac18.raw	TMT132N	1	18	NT=Q Exactive HF;AC=MS:1002523	NT=Data-dependent acquisition;AC=PRIDE:0000627	NT=Trypsin;AC=MS:1001251	NT=beam-type collision-induced dissociation;AC=MS:1000422	32 NCE	335m/z-1600m/z	NT=High-pH reversed-phase chromatography (hpHRP);AC=PRIDE:0000564	10 ppm	20 ppm	single TMTpro multiplex	NT=Carbamidomethyl;AC=UNIMOD:4;MT=fixed;TA=C;PP=Anywhere	NT=Oxidation;AC=UNIMOD:35;MT=variable;TA=M;PP=Anywhere	NT=Acetyl;AC=UNIMOD:1;MT=variable;PP=Protein N-term	NT=Dioxidation;AC=UNIMOD:425;MT=variable;TA=M,W;PP=Anywhere	NT=Deamidated;AC=UNIMOD:7;MT=variable;TA=N,Q;PP=Anywhere	NT=Gln->pyro-Glu;AC=UNIMOD:28;MT=variable;TA=Q;PP=Any N-term	NT=TMTpro;AC=UNIMOD:2016;MT=fixed;TA=K;PP=Anywhere	NT=TMTpro;AC=UNIMOD:2016;MT=fixed;PP=Any N-term	v3.0.0	ms-proteomics v1.1.0	human v1.1.0	cell-lines v1.1.0	cycloheximide
PXD047934_cc885_rep1	Homo sapiens	not available	not available	not available	cell line	study sample	not available	not available	not available	not available	not available	not available	not available	1	CC-885	1 uM	24 hour	272_2023_VV-TMT-Frac18	proteomic profiling by mass spectrometry	272_2023_VV-TMT-Frac18.raw	ftp://ftp.pride.ebi.ac.uk/pride/data/archive/2024/10/PXD047934/272_2023_VV-TMT-Frac18.raw	TMT132C	1	18	NT=Q Exactive HF;AC=MS:1002523	NT=Data-dependent acquisition;AC=PRIDE:0000627	NT=Trypsin;AC=MS:1001251	NT=beam-type collision-induced dissociation;AC=MS:1000422	32 NCE	335m/z-1600m/z	NT=High-pH reversed-phase chromatography (hpHRP);AC=PRIDE:0000564	10 ppm	20 ppm	single TMTpro multiplex	NT=Carbamidomethyl;AC=UNIMOD:4;MT=fixed;TA=C;PP=Anywhere	NT=Oxidation;AC=UNIMOD:35;MT=variable;TA=M;PP=Anywhere	NT=Acetyl;AC=UNIMOD:1;MT=variable;PP=Protein N-term	NT=Dioxidation;AC=UNIMOD:425;MT=variable;TA=M,W;PP=Anywhere	NT=Deamidated;AC=UNIMOD:7;MT=variable;TA=N,Q;PP=Anywhere	NT=Gln->pyro-Glu;AC=UNIMOD:28;MT=variable;TA=Q;PP=Any N-term	NT=TMTpro;AC=UNIMOD:2016;MT=fixed;TA=K;PP=Anywhere	NT=TMTpro;AC=UNIMOD:2016;MT=fixed;PP=Any N-term	v3.0.0	ms-proteomics v1.1.0	human v1.1.0	cell-lines v1.1.0	CC-885
PXD047934_cc885_rep2	Homo sapiens	not available	not available	not available	cell line	study sample	not available	not available	not available	not available	not available	not available	not available	2	CC-885	1 uM	24 hour	272_2023_VV-TMT-Frac18	proteomic profiling by mass spectrometry	272_2023_VV-TMT-Frac18.raw	ftp://ftp.pride.ebi.ac.uk/pride/data/archive/2024/10/PXD047934/272_2023_VV-TMT-Frac18.raw	TMT133N	1	18	NT=Q Exactive HF;AC=MS:1002523	NT=Data-dependent acquisition;AC=PRIDE:0000627	NT=Trypsin;AC=MS:1001251	NT=beam-type collision-induced dissociation;AC=MS:1000422	32 NCE	335m/z-1600m/z	NT=High-pH reversed-phase chromatography (hpHRP);AC=PRIDE:0000564	10 ppm	20 ppm	single TMTpro multiplex	NT=Carbamidomethyl;AC=UNIMOD:4;MT=fixed;TA=C;PP=Anywhere	NT=Oxidation;AC=UNIMOD:35;MT=variable;TA=M;PP=Anywhere	NT=Acetyl;AC=UNIMOD:1;MT=variable;PP=Protein N-term	NT=Dioxidation;AC=UNIMOD:425;MT=variable;TA=M,W;PP=Anywhere	NT=Deamidated;AC=UNIMOD:7;MT=variable;TA=N,Q;PP=Anywhere	NT=Gln->pyro-Glu;AC=UNIMOD:28;MT=variable;TA=Q;PP=Any N-term	NT=TMTpro;AC=UNIMOD:2016;MT=fixed;TA=K;PP=Anywhere	NT=TMTpro;AC=UNIMOD:2016;MT=fixed;PP=Any N-term	v3.0.0	ms-proteomics v1.1.0	human v1.1.0	cell-lines v1.1.0	CC-885
PXD047934_cc885_rep3	Homo sapiens	not available	not available	not available	cell line	study sample	not available	not available	not available	not available	not available	not available	not available	3	CC-885	1 uM	24 hour	272_2023_VV-TMT-Frac18	proteomic profiling by mass spectrometry	272_2023_VV-TMT-Frac18.raw	ftp://ftp.pride.ebi.ac.uk/pride/data/archive/2024/10/PXD047934/272_2023_VV-TMT-Frac18.raw	TMT133C	1	18	NT=Q Exactive HF;AC=MS:1002523	NT=Data-dependent acquisition;AC=PRIDE:0000627	NT=Trypsin;AC=MS:1001251	NT=beam-type collision-induced dissociation;AC=MS:1000422	32 NCE	335m/z-1600m/z	NT=High-pH reversed-phase chromatography (hpHRP);AC=PRIDE:0000564	10 ppm	20 ppm	single TMTpro multiplex	NT=Carbamidomethyl;AC=UNIMOD:4;MT=fixed;TA=C;PP=Anywhere	NT=Oxidation;AC=UNIMOD:35;MT=variable;TA=M;PP=Anywhere	NT=Acetyl;AC=UNIMOD:1;MT=variable;PP=Protein N-term	NT=Dioxidation;AC=UNIMOD:425;MT=variable;TA=M,W;PP=Anywhere	NT=Deamidated;AC=UNIMOD:7;MT=variable;TA=N,Q;PP=Anywhere	NT=Gln->pyro-Glu;AC=UNIMOD:28;MT=variable;TA=Q;PP=Any N-term	NT=TMTpro;AC=UNIMOD:2016;MT=fixed;TA=K;PP=Anywhere	NT=TMTpro;AC=UNIMOD:2016;MT=fixed;PP=Any N-term	v3.0.0	ms-proteomics v1.1.0	human v1.1.0	cell-lines v1.1.0	CC-885
PXD047934_dmso_rep1	Homo sapiens	not available	not available	not available	cell line	study sample	not available	not available	not available	not available	not available	not available	not available	1	dimethyl sulfoxide	not available	24 hour	272_2023_VV-TMT-Frac19	proteomic profiling by mass spectrometry	272_2023_VV-TMT-Frac19.raw	ftp://ftp.pride.ebi.ac.uk/pride/data/archive/2024/10/PXD047934/272_2023_VV-TMT-Frac19.raw	TMT126	1	19	NT=Q Exactive HF;AC=MS:1002523	NT=Data-dependent acquisition;AC=PRIDE:0000627	NT=Trypsin;AC=MS:1001251	NT=beam-type collision-induced dissociation;AC=MS:1000422	32 NCE	335m/z-1600m/z	NT=High-pH reversed-phase chromatography (hpHRP);AC=PRIDE:0000564	10 ppm	20 ppm	single TMTpro multiplex	NT=Carbamidomethyl;AC=UNIMOD:4;MT=fixed;TA=C;PP=Anywhere	NT=Oxidation;AC=UNIMOD:35;MT=variable;TA=M;PP=Anywhere	NT=Acetyl;AC=UNIMOD:1;MT=variable;PP=Protein N-term	NT=Dioxidation;AC=UNIMOD:425;MT=variable;TA=M,W;PP=Anywhere	NT=Deamidated;AC=UNIMOD:7;MT=variable;TA=N,Q;PP=Anywhere	NT=Gln->pyro-Glu;AC=UNIMOD:28;MT=variable;TA=Q;PP=Any N-term	NT=TMTpro;AC=UNIMOD:2016;MT=fixed;TA=K;PP=Anywhere	NT=TMTpro;AC=UNIMOD:2016;MT=fixed;PP=Any N-term	v3.0.0	ms-proteomics v1.1.0	human v1.1.0	cell-lines v1.1.0	dimethyl sulfoxide
PXD047934_dmso_rep2	Homo sapiens	not available	not available	not available	cell line	study sample	not available	not available	not available	not available	not available	not available	not available	2	dimethyl sulfoxide	not available	24 hour	272_2023_VV-TMT-Frac19	proteomic profiling by mass spectrometry	272_2023_VV-TMT-Frac19.raw	ftp://ftp.pride.ebi.ac.uk/pride/data/archive/2024/10/PXD047934/272_2023_VV-TMT-Frac19.raw	TMT127N	1	19	NT=Q Exactive HF;AC=MS:1002523	NT=Data-dependent acquisition;AC=PRIDE:0000627	NT=Trypsin;AC=MS:1001251	NT=beam-type collision-induced dissociation;AC=MS:1000422	32 NCE	335m/z-1600m/z	NT=High-pH reversed-phase chromatography (hpHRP);AC=PRIDE:0000564	10 ppm	20 ppm	single TMTpro multiplex	NT=Carbamidomethyl;AC=UNIMOD:4;MT=fixed;TA=C;PP=Anywhere	NT=Oxidation;AC=UNIMOD:35;MT=variable;TA=M;PP=Anywhere	NT=Acetyl;AC=UNIMOD:1;MT=variable;PP=Protein N-term	NT=Dioxidation;AC=UNIMOD:425;MT=variable;TA=M,W;PP=Anywhere	NT=Deamidated;AC=UNIMOD:7;MT=variable;TA=N,Q;PP=Anywhere	NT=Gln->pyro-Glu;AC=UNIMOD:28;MT=variable;TA=Q;PP=Any N-term	NT=TMTpro;AC=UNIMOD:2016;MT=fixed;TA=K;PP=Anywhere	NT=TMTpro;AC=UNIMOD:2016;MT=fixed;PP=Any N-term	v3.0.0	ms-proteomics v1.1.0	human v1.1.0	cell-lines v1.1.0	dimethyl sulfoxide
PXD047934_dmso_rep3	Homo sapiens	not available	not available	not available	cell line	study sample	not available	not available	not available	not available	not available	not available	not available	3	dimethyl sulfoxide	not available	24 hour	272_2023_VV-TMT-Frac19	proteomic profiling by mass spectrometry	272_2023_VV-TMT-Frac19.raw	ftp://ftp.pride.ebi.ac.uk/pride/data/archive/2024/10/PXD047934/272_2023_VV-TMT-Frac19.raw	TMT127C	1	19	NT=Q Exactive HF;AC=MS:1002523	NT=Data-dependent acquisition;AC=PRIDE:0000627	NT=Trypsin;AC=MS:1001251	NT=beam-type collision-induced dissociation;AC=MS:1000422	32 NCE	335m/z-1600m/z	NT=High-pH reversed-phase chromatography (hpHRP);AC=PRIDE:0000564	10 ppm	20 ppm	single TMTpro multiplex	NT=Carbamidomethyl;AC=UNIMOD:4;MT=fixed;TA=C;PP=Anywhere	NT=Oxidation;AC=UNIMOD:35;MT=variable;TA=M;PP=Anywhere	NT=Acetyl;AC=UNIMOD:1;MT=variable;PP=Protein N-term	NT=Dioxidation;AC=UNIMOD:425;MT=variable;TA=M,W;PP=Anywhere	NT=Deamidated;AC=UNIMOD:7;MT=variable;TA=N,Q;PP=Anywhere	NT=Gln->pyro-Glu;AC=UNIMOD:28;MT=variable;TA=Q;PP=Any N-term	NT=TMTpro;AC=UNIMOD:2016;MT=fixed;TA=K;PP=Anywhere	NT=TMTpro;AC=UNIMOD:2016;MT=fixed;PP=Any N-term	v3.0.0	ms-proteomics v1.1.0	human v1.1.0	cell-lines v1.1.0	dimethyl sulfoxide
PXD047934_8451_rep1	Homo sapiens	not available	not available	not available	cell line	study sample	not available	not available	not available	not available	not available	not available	not available	1	BI03058451	1 uM	24 hour	272_2023_VV-TMT-Frac19	proteomic profiling by mass spectrometry	272_2023_VV-TMT-Frac19.raw	ftp://ftp.pride.ebi.ac.uk/pride/data/archive/2024/10/PXD047934/272_2023_VV-TMT-Frac19.raw	TMT128N	1	19	NT=Q Exactive HF;AC=MS:1002523	NT=Data-dependent acquisition;AC=PRIDE:0000627	NT=Trypsin;AC=MS:1001251	NT=beam-type collision-induced dissociation;AC=MS:1000422	32 NCE	335m/z-1600m/z	NT=High-pH reversed-phase chromatography (hpHRP);AC=PRIDE:0000564	10 ppm	20 ppm	single TMTpro multiplex	NT=Carbamidomethyl;AC=UNIMOD:4;MT=fixed;TA=C;PP=Anywhere	NT=Oxidation;AC=UNIMOD:35;MT=variable;TA=M;PP=Anywhere	NT=Acetyl;AC=UNIMOD:1;MT=variable;PP=Protein N-term	NT=Dioxidation;AC=UNIMOD:425;MT=variable;TA=M,W;PP=Anywhere	NT=Deamidated;AC=UNIMOD:7;MT=variable;TA=N,Q;PP=Anywhere	NT=Gln->pyro-Glu;AC=UNIMOD:28;MT=variable;TA=Q;PP=Any N-term	NT=TMTpro;AC=UNIMOD:2016;MT=fixed;TA=K;PP=Anywhere	NT=TMTpro;AC=UNIMOD:2016;MT=fixed;PP=Any N-term	v3.0.0	ms-proteomics v1.1.0	human v1.1.0	cell-lines v1.1.0	BI03058451
PXD047934_8451_rep2	Homo sapiens	not available	not available	not available	cell line	study sample	not available	not available	not available	not available	not available	not available	not available	2	BI03058451	1 uM	24 hour	272_2023_VV-TMT-Frac19	proteomic profiling by mass spectrometry	272_2023_VV-TMT-Frac19.raw	ftp://ftp.pride.ebi.ac.uk/pride/data/archive/2024/10/PXD047934/272_2023_VV-TMT-Frac19.raw	TMT128C	1	19	NT=Q Exactive HF;AC=MS:1002523	NT=Data-dependent acquisition;AC=PRIDE:0000627	NT=Trypsin;AC=MS:1001251	NT=beam-type collision-induced dissociation;AC=MS:1000422	32 NCE	335m/z-1600m/z	NT=High-pH reversed-phase chromatography (hpHRP);AC=PRIDE:0000564	10 ppm	20 ppm	single TMTpro multiplex	NT=Carbamidomethyl;AC=UNIMOD:4;MT=fixed;TA=C;PP=Anywhere	NT=Oxidation;AC=UNIMOD:35;MT=variable;TA=M;PP=Anywhere	NT=Acetyl;AC=UNIMOD:1;MT=variable;PP=Protein N-term	NT=Dioxidation;AC=UNIMOD:425;MT=variable;TA=M,W;PP=Anywhere	NT=Deamidated;AC=UNIMOD:7;MT=variable;TA=N,Q;PP=Anywhere	NT=Gln->pyro-Glu;AC=UNIMOD:28;MT=variable;TA=Q;PP=Any N-term	NT=TMTpro;AC=UNIMOD:2016;MT=fixed;TA=K;PP=Anywhere	NT=TMTpro;AC=UNIMOD:2016;MT=fixed;PP=Any N-term	v3.0.0	ms-proteomics v1.1.0	human v1.1.0	cell-lines v1.1.0	BI03058451
PXD047934_8451_rep3	Homo sapiens	not available	not available	not available	cell line	study sample	not available	not available	not available	not available	not available	not available	not available	3	BI03058451	1 uM	24 hour	272_2023_VV-TMT-Frac19	proteomic profiling by mass spectrometry	272_2023_VV-TMT-Frac19.raw	ftp://ftp.pride.ebi.ac.uk/pride/data/archive/2024/10/PXD047934/272_2023_VV-TMT-Frac19.raw	TMT129N	1	19	NT=Q Exactive HF;AC=MS:1002523	NT=Data-dependent acquisition;AC=PRIDE:0000627	NT=Trypsin;AC=MS:1001251	NT=beam-type collision-induced dissociation;AC=MS:1000422	32 NCE	335m/z-1600m/z	NT=High-pH reversed-phase chromatography (hpHRP);AC=PRIDE:0000564	10 ppm	20 ppm	single TMTpro multiplex	NT=Carbamidomethyl;AC=UNIMOD:4;MT=fixed;TA=C;PP=Anywhere	NT=Oxidation;AC=UNIMOD:35;MT=variable;TA=M;PP=Anywhere	NT=Acetyl;AC=UNIMOD:1;MT=variable;PP=Protein N-term	NT=Dioxidation;AC=UNIMOD:425;MT=variable;TA=M,W;PP=Anywhere	NT=Deamidated;AC=UNIMOD:7;MT=variable;TA=N,Q;PP=Anywhere	NT=Gln->pyro-Glu;AC=UNIMOD:28;MT=variable;TA=Q;PP=Any N-term	NT=TMTpro;AC=UNIMOD:2016;MT=fixed;TA=K;PP=Anywhere	NT=TMTpro;AC=UNIMOD:2016;MT=fixed;PP=Any N-term	v3.0.0	ms-proteomics v1.1.0	human v1.1.0	cell-lines v1.1.0	BI03058451
PXD047934_0068_rep1	Homo sapiens	not available	not available	not available	cell line	study sample	not available	not available	not available	not available	not available	not available	not available	1	BI01590068	1 uM	24 hour	272_2023_VV-TMT-Frac19	proteomic profiling by mass spectrometry	272_2023_VV-TMT-Frac19.raw	ftp://ftp.pride.ebi.ac.uk/pride/data/archive/2024/10/PXD047934/272_2023_VV-TMT-Frac19.raw	TMT129C	1	19	NT=Q Exactive HF;AC=MS:1002523	NT=Data-dependent acquisition;AC=PRIDE:0000627	NT=Trypsin;AC=MS:1001251	NT=beam-type collision-induced dissociation;AC=MS:1000422	32 NCE	335m/z-1600m/z	NT=High-pH reversed-phase chromatography (hpHRP);AC=PRIDE:0000564	10 ppm	20 ppm	single TMTpro multiplex	NT=Carbamidomethyl;AC=UNIMOD:4;MT=fixed;TA=C;PP=Anywhere	NT=Oxidation;AC=UNIMOD:35;MT=variable;TA=M;PP=Anywhere	NT=Acetyl;AC=UNIMOD:1;MT=variable;PP=Protein N-term	NT=Dioxidation;AC=UNIMOD:425;MT=variable;TA=M,W;PP=Anywhere	NT=Deamidated;AC=UNIMOD:7;MT=variable;TA=N,Q;PP=Anywhere	NT=Gln->pyro-Glu;AC=UNIMOD:28;MT=variable;TA=Q;PP=Any N-term	NT=TMTpro;AC=UNIMOD:2016;MT=fixed;TA=K;PP=Anywhere	NT=TMTpro;AC=UNIMOD:2016;MT=fixed;PP=Any N-term	v3.0.0	ms-proteomics v1.1.0	human v1.1.0	cell-lines v1.1.0	BI01590068
PXD047934_0068_rep2	Homo sapiens	not available	not available	not available	cell line	study sample	not available	not available	not available	not available	not available	not available	not available	2	BI01590068	1 uM	24 hour	272_2023_VV-TMT-Frac19	proteomic profiling by mass spectrometry	272_2023_VV-TMT-Frac19.raw	ftp://ftp.pride.ebi.ac.uk/pride/data/archive/2024/10/PXD047934/272_2023_VV-TMT-Frac19.raw	TMT130N	1	19	NT=Q Exactive HF;AC=MS:1002523	NT=Data-dependent acquisition;AC=PRIDE:0000627	NT=Trypsin;AC=MS:1001251	NT=beam-type collision-induced dissociation;AC=MS:1000422	32 NCE	335m/z-1600m/z	NT=High-pH reversed-phase chromatography (hpHRP);AC=PRIDE:0000564	10 ppm	20 ppm	single TMTpro multiplex	NT=Carbamidomethyl;AC=UNIMOD:4;MT=fixed;TA=C;PP=Anywhere	NT=Oxidation;AC=UNIMOD:35;MT=variable;TA=M;PP=Anywhere	NT=Acetyl;AC=UNIMOD:1;MT=variable;PP=Protein N-term	NT=Dioxidation;AC=UNIMOD:425;MT=variable;TA=M,W;PP=Anywhere	NT=Deamidated;AC=UNIMOD:7;MT=variable;TA=N,Q;PP=Anywhere	NT=Gln->pyro-Glu;AC=UNIMOD:28;MT=variable;TA=Q;PP=Any N-term	NT=TMTpro;AC=UNIMOD:2016;MT=fixed;TA=K;PP=Anywhere	NT=TMTpro;AC=UNIMOD:2016;MT=fixed;PP=Any N-term	v3.0.0	ms-proteomics v1.1.0	human v1.1.0	cell-lines v1.1.0	BI01590068
PXD047934_0068_rep3	Homo sapiens	not available	not available	not available	cell line	study sample	not available	not available	not available	not available	not available	not available	not available	3	BI01590068	1 uM	24 hour	272_2023_VV-TMT-Frac19	proteomic profiling by mass spectrometry	272_2023_VV-TMT-Frac19.raw	ftp://ftp.pride.ebi.ac.uk/pride/data/archive/2024/10/PXD047934/272_2023_VV-TMT-Frac19.raw	TMT130C	1	19	NT=Q Exactive HF;AC=MS:1002523	NT=Data-dependent acquisition;AC=PRIDE:0000627	NT=Trypsin;AC=MS:1001251	NT=beam-type collision-induced dissociation;AC=MS:1000422	32 NCE	335m/z-1600m/z	NT=High-pH reversed-phase chromatography (hpHRP);AC=PRIDE:0000564	10 ppm	20 ppm	single TMTpro multiplex	NT=Carbamidomethyl;AC=UNIMOD:4;MT=fixed;TA=C;PP=Anywhere	NT=Oxidation;AC=UNIMOD:35;MT=variable;TA=M;PP=Anywhere	NT=Acetyl;AC=UNIMOD:1;MT=variable;PP=Protein N-term	NT=Dioxidation;AC=UNIMOD:425;MT=variable;TA=M,W;PP=Anywhere	NT=Deamidated;AC=UNIMOD:7;MT=variable;TA=N,Q;PP=Anywhere	NT=Gln->pyro-Glu;AC=UNIMOD:28;MT=variable;TA=Q;PP=Any N-term	NT=TMTpro;AC=UNIMOD:2016;MT=fixed;TA=K;PP=Anywhere	NT=TMTpro;AC=UNIMOD:2016;MT=fixed;PP=Any N-term	v3.0.0	ms-proteomics v1.1.0	human v1.1.0	cell-lines v1.1.0	BI01590068
PXD047934_chx_rep1	Homo sapiens	not available	not available	not available	cell line	study sample	not available	not available	not available	not available	not available	not available	not available	1	cycloheximide	100 ug/mL	24 hour	272_2023_VV-TMT-Frac19	proteomic profiling by mass spectrometry	272_2023_VV-TMT-Frac19.raw	ftp://ftp.pride.ebi.ac.uk/pride/data/archive/2024/10/PXD047934/272_2023_VV-TMT-Frac19.raw	TMT131N	1	19	NT=Q Exactive HF;AC=MS:1002523	NT=Data-dependent acquisition;AC=PRIDE:0000627	NT=Trypsin;AC=MS:1001251	NT=beam-type collision-induced dissociation;AC=MS:1000422	32 NCE	335m/z-1600m/z	NT=High-pH reversed-phase chromatography (hpHRP);AC=PRIDE:0000564	10 ppm	20 ppm	single TMTpro multiplex	NT=Carbamidomethyl;AC=UNIMOD:4;MT=fixed;TA=C;PP=Anywhere	NT=Oxidation;AC=UNIMOD:35;MT=variable;TA=M;PP=Anywhere	NT=Acetyl;AC=UNIMOD:1;MT=variable;PP=Protein N-term	NT=Dioxidation;AC=UNIMOD:425;MT=variable;TA=M,W;PP=Anywhere	NT=Deamidated;AC=UNIMOD:7;MT=variable;TA=N,Q;PP=Anywhere	NT=Gln->pyro-Glu;AC=UNIMOD:28;MT=variable;TA=Q;PP=Any N-term	NT=TMTpro;AC=UNIMOD:2016;MT=fixed;TA=K;PP=Anywhere	NT=TMTpro;AC=UNIMOD:2016;MT=fixed;PP=Any N-term	v3.0.0	ms-proteomics v1.1.0	human v1.1.0	cell-lines v1.1.0	cycloheximide
PXD047934_chx_rep2	Homo sapiens	not available	not available	not available	cell line	study sample	not available	not available	not available	not available	not available	not available	not available	2	cycloheximide	100 ug/mL	24 hour	272_2023_VV-TMT-Frac19	proteomic profiling by mass spectrometry	272_2023_VV-TMT-Frac19.raw	ftp://ftp.pride.ebi.ac.uk/pride/data/archive/2024/10/PXD047934/272_2023_VV-TMT-Frac19.raw	TMT131C	1	19	NT=Q Exactive HF;AC=MS:1002523	NT=Data-dependent acquisition;AC=PRIDE:0000627	NT=Trypsin;AC=MS:1001251	NT=beam-type collision-induced dissociation;AC=MS:1000422	32 NCE	335m/z-1600m/z	NT=High-pH reversed-phase chromatography (hpHRP);AC=PRIDE:0000564	10 ppm	20 ppm	single TMTpro multiplex	NT=Carbamidomethyl;AC=UNIMOD:4;MT=fixed;TA=C;PP=Anywhere	NT=Oxidation;AC=UNIMOD:35;MT=variable;TA=M;PP=Anywhere	NT=Acetyl;AC=UNIMOD:1;MT=variable;PP=Protein N-term	NT=Dioxidation;AC=UNIMOD:425;MT=variable;TA=M,W;PP=Anywhere	NT=Deamidated;AC=UNIMOD:7;MT=variable;TA=N,Q;PP=Anywhere	NT=Gln->pyro-Glu;AC=UNIMOD:28;MT=variable;TA=Q;PP=Any N-term	NT=TMTpro;AC=UNIMOD:2016;MT=fixed;TA=K;PP=Anywhere	NT=TMTpro;AC=UNIMOD:2016;MT=fixed;PP=Any N-term	v3.0.0	ms-proteomics v1.1.0	human v1.1.0	cell-lines v1.1.0	cycloheximide
PXD047934_chx_rep3	Homo sapiens	not available	not available	not available	cell line	study sample	not available	not available	not available	not available	not available	not available	not available	3	cycloheximide	100 ug/mL	24 hour	272_2023_VV-TMT-Frac19	proteomic profiling by mass spectrometry	272_2023_VV-TMT-Frac19.raw	ftp://ftp.pride.ebi.ac.uk/pride/data/archive/2024/10/PXD047934/272_2023_VV-TMT-Frac19.raw	TMT132N	1	19	NT=Q Exactive HF;AC=MS:1002523	NT=Data-dependent acquisition;AC=PRIDE:0000627	NT=Trypsin;AC=MS:1001251	NT=beam-type collision-induced dissociation;AC=MS:1000422	32 NCE	335m/z-1600m/z	NT=High-pH reversed-phase chromatography (hpHRP);AC=PRIDE:0000564	10 ppm	20 ppm	single TMTpro multiplex	NT=Carbamidomethyl;AC=UNIMOD:4;MT=fixed;TA=C;PP=Anywhere	NT=Oxidation;AC=UNIMOD:35;MT=variable;TA=M;PP=Anywhere	NT=Acetyl;AC=UNIMOD:1;MT=variable;PP=Protein N-term	NT=Dioxidation;AC=UNIMOD:425;MT=variable;TA=M,W;PP=Anywhere	NT=Deamidated;AC=UNIMOD:7;MT=variable;TA=N,Q;PP=Anywhere	NT=Gln->pyro-Glu;AC=UNIMOD:28;MT=variable;TA=Q;PP=Any N-term	NT=TMTpro;AC=UNIMOD:2016;MT=fixed;TA=K;PP=Anywhere	NT=TMTpro;AC=UNIMOD:2016;MT=fixed;PP=Any N-term	v3.0.0	ms-proteomics v1.1.0	human v1.1.0	cell-lines v1.1.0	cycloheximide
PXD047934_cc885_rep1	Homo sapiens	not available	not available	not available	cell line	study sample	not available	not available	not available	not available	not available	not available	not available	1	CC-885	1 uM	24 hour	272_2023_VV-TMT-Frac19	proteomic profiling by mass spectrometry	272_2023_VV-TMT-Frac19.raw	ftp://ftp.pride.ebi.ac.uk/pride/data/archive/2024/10/PXD047934/272_2023_VV-TMT-Frac19.raw	TMT132C	1	19	NT=Q Exactive HF;AC=MS:1002523	NT=Data-dependent acquisition;AC=PRIDE:0000627	NT=Trypsin;AC=MS:1001251	NT=beam-type collision-induced dissociation;AC=MS:1000422	32 NCE	335m/z-1600m/z	NT=High-pH reversed-phase chromatography (hpHRP);AC=PRIDE:0000564	10 ppm	20 ppm	single TMTpro multiplex	NT=Carbamidomethyl;AC=UNIMOD:4;MT=fixed;TA=C;PP=Anywhere	NT=Oxidation;AC=UNIMOD:35;MT=variable;TA=M;PP=Anywhere	NT=Acetyl;AC=UNIMOD:1;MT=variable;PP=Protein N-term	NT=Dioxidation;AC=UNIMOD:425;MT=variable;TA=M,W;PP=Anywhere	NT=Deamidated;AC=UNIMOD:7;MT=variable;TA=N,Q;PP=Anywhere	NT=Gln->pyro-Glu;AC=UNIMOD:28;MT=variable;TA=Q;PP=Any N-term	NT=TMTpro;AC=UNIMOD:2016;MT=fixed;TA=K;PP=Anywhere	NT=TMTpro;AC=UNIMOD:2016;MT=fixed;PP=Any N-term	v3.0.0	ms-proteomics v1.1.0	human v1.1.0	cell-lines v1.1.0	CC-885
PXD047934_cc885_rep2	Homo sapiens	not available	not available	not available	cell line	study sample	not available	not available	not available	not available	not available	not available	not available	2	CC-885	1 uM	24 hour	272_2023_VV-TMT-Frac19	proteomic profiling by mass spectrometry	272_2023_VV-TMT-Frac19.raw	ftp://ftp.pride.ebi.ac.uk/pride/data/archive/2024/10/PXD047934/272_2023_VV-TMT-Frac19.raw	TMT133N	1	19	NT=Q Exactive HF;AC=MS:1002523	NT=Data-dependent acquisition;AC=PRIDE:0000627	NT=Trypsin;AC=MS:1001251	NT=beam-type collision-induced dissociation;AC=MS:1000422	32 NCE	335m/z-1600m/z	NT=High-pH reversed-phase chromatography (hpHRP);AC=PRIDE:0000564	10 ppm	20 ppm	single TMTpro multiplex	NT=Carbamidomethyl;AC=UNIMOD:4;MT=fixed;TA=C;PP=Anywhere	NT=Oxidation;AC=UNIMOD:35;MT=variable;TA=M;PP=Anywhere	NT=Acetyl;AC=UNIMOD:1;MT=variable;PP=Protein N-term	NT=Dioxidation;AC=UNIMOD:425;MT=variable;TA=M,W;PP=Anywhere	NT=Deamidated;AC=UNIMOD:7;MT=variable;TA=N,Q;PP=Anywhere	NT=Gln->pyro-Glu;AC=UNIMOD:28;MT=variable;TA=Q;PP=Any N-term	NT=TMTpro;AC=UNIMOD:2016;MT=fixed;TA=K;PP=Anywhere	NT=TMTpro;AC=UNIMOD:2016;MT=fixed;PP=Any N-term	v3.0.0	ms-proteomics v1.1.0	human v1.1.0	cell-lines v1.1.0	CC-885
PXD047934_cc885_rep3	Homo sapiens	not available	not available	not available	cell line	study sample	not available	not available	not available	not available	not available	not available	not available	3	CC-885	1 uM	24 hour	272_2023_VV-TMT-Frac19	proteomic profiling by mass spectrometry	272_2023_VV-TMT-Frac19.raw	ftp://ftp.pride.ebi.ac.uk/pride/data/archive/2024/10/PXD047934/272_2023_VV-TMT-Frac19.raw	TMT133C	1	19	NT=Q Exactive HF;AC=MS:1002523	NT=Data-dependent acquisition;AC=PRIDE:0000627	NT=Trypsin;AC=MS:1001251	NT=beam-type collision-induced dissociation;AC=MS:1000422	32 NCE	335m/z-1600m/z	NT=High-pH reversed-phase chromatography (hpHRP);AC=PRIDE:0000564	10 ppm	20 ppm	single TMTpro multiplex	NT=Carbamidomethyl;AC=UNIMOD:4;MT=fixed;TA=C;PP=Anywhere	NT=Oxidation;AC=UNIMOD:35;MT=variable;TA=M;PP=Anywhere	NT=Acetyl;AC=UNIMOD:1;MT=variable;PP=Protein N-term	NT=Dioxidation;AC=UNIMOD:425;MT=variable;TA=M,W;PP=Anywhere	NT=Deamidated;AC=UNIMOD:7;MT=variable;TA=N,Q;PP=Anywhere	NT=Gln->pyro-Glu;AC=UNIMOD:28;MT=variable;TA=Q;PP=Any N-term	NT=TMTpro;AC=UNIMOD:2016;MT=fixed;TA=K;PP=Anywhere	NT=TMTpro;AC=UNIMOD:2016;MT=fixed;PP=Any N-term	v3.0.0	ms-proteomics v1.1.0	human v1.1.0	cell-lines v1.1.0	CC-885
PXD047934_dmso_rep1	Homo sapiens	not available	not available	not available	cell line	study sample	not available	not available	not available	not available	not available	not available	not available	1	dimethyl sulfoxide	not available	24 hour	272_2023_VV-TMT-Frac2	proteomic profiling by mass spectrometry	272_2023_VV-TMT-Frac2.raw	ftp://ftp.pride.ebi.ac.uk/pride/data/archive/2024/10/PXD047934/272_2023_VV-TMT-Frac2.raw	TMT126	1	2	NT=Q Exactive HF;AC=MS:1002523	NT=Data-dependent acquisition;AC=PRIDE:0000627	NT=Trypsin;AC=MS:1001251	NT=beam-type collision-induced dissociation;AC=MS:1000422	32 NCE	335m/z-1600m/z	NT=High-pH reversed-phase chromatography (hpHRP);AC=PRIDE:0000564	10 ppm	20 ppm	single TMTpro multiplex	NT=Carbamidomethyl;AC=UNIMOD:4;MT=fixed;TA=C;PP=Anywhere	NT=Oxidation;AC=UNIMOD:35;MT=variable;TA=M;PP=Anywhere	NT=Acetyl;AC=UNIMOD:1;MT=variable;PP=Protein N-term	NT=Dioxidation;AC=UNIMOD:425;MT=variable;TA=M,W;PP=Anywhere	NT=Deamidated;AC=UNIMOD:7;MT=variable;TA=N,Q;PP=Anywhere	NT=Gln->pyro-Glu;AC=UNIMOD:28;MT=variable;TA=Q;PP=Any N-term	NT=TMTpro;AC=UNIMOD:2016;MT=fixed;TA=K;PP=Anywhere	NT=TMTpro;AC=UNIMOD:2016;MT=fixed;PP=Any N-term	v3.0.0	ms-proteomics v1.1.0	human v1.1.0	cell-lines v1.1.0	dimethyl sulfoxide
PXD047934_dmso_rep2	Homo sapiens	not available	not available	not available	cell line	study sample	not available	not available	not available	not available	not available	not available	not available	2	dimethyl sulfoxide	not available	24 hour	272_2023_VV-TMT-Frac2	proteomic profiling by mass spectrometry	272_2023_VV-TMT-Frac2.raw	ftp://ftp.pride.ebi.ac.uk/pride/data/archive/2024/10/PXD047934/272_2023_VV-TMT-Frac2.raw	TMT127N	1	2	NT=Q Exactive HF;AC=MS:1002523	NT=Data-dependent acquisition;AC=PRIDE:0000627	NT=Trypsin;AC=MS:1001251	NT=beam-type collision-induced dissociation;AC=MS:1000422	32 NCE	335m/z-1600m/z	NT=High-pH reversed-phase chromatography (hpHRP);AC=PRIDE:0000564	10 ppm	20 ppm	single TMTpro multiplex	NT=Carbamidomethyl;AC=UNIMOD:4;MT=fixed;TA=C;PP=Anywhere	NT=Oxidation;AC=UNIMOD:35;MT=variable;TA=M;PP=Anywhere	NT=Acetyl;AC=UNIMOD:1;MT=variable;PP=Protein N-term	NT=Dioxidation;AC=UNIMOD:425;MT=variable;TA=M,W;PP=Anywhere	NT=Deamidated;AC=UNIMOD:7;MT=variable;TA=N,Q;PP=Anywhere	NT=Gln->pyro-Glu;AC=UNIMOD:28;MT=variable;TA=Q;PP=Any N-term	NT=TMTpro;AC=UNIMOD:2016;MT=fixed;TA=K;PP=Anywhere	NT=TMTpro;AC=UNIMOD:2016;MT=fixed;PP=Any N-term	v3.0.0	ms-proteomics v1.1.0	human v1.1.0	cell-lines v1.1.0	dimethyl sulfoxide
PXD047934_dmso_rep3	Homo sapiens	not available	not available	not available	cell line	study sample	not available	not available	not available	not available	not available	not available	not available	3	dimethyl sulfoxide	not available	24 hour	272_2023_VV-TMT-Frac2	proteomic profiling by mass spectrometry	272_2023_VV-TMT-Frac2.raw	ftp://ftp.pride.ebi.ac.uk/pride/data/archive/2024/10/PXD047934/272_2023_VV-TMT-Frac2.raw	TMT127C	1	2	NT=Q Exactive HF;AC=MS:1002523	NT=Data-dependent acquisition;AC=PRIDE:0000627	NT=Trypsin;AC=MS:1001251	NT=beam-type collision-induced dissociation;AC=MS:1000422	32 NCE	335m/z-1600m/z	NT=High-pH reversed-phase chromatography (hpHRP);AC=PRIDE:0000564	10 ppm	20 ppm	single TMTpro multiplex	NT=Carbamidomethyl;AC=UNIMOD:4;MT=fixed;TA=C;PP=Anywhere	NT=Oxidation;AC=UNIMOD:35;MT=variable;TA=M;PP=Anywhere	NT=Acetyl;AC=UNIMOD:1;MT=variable;PP=Protein N-term	NT=Dioxidation;AC=UNIMOD:425;MT=variable;TA=M,W;PP=Anywhere	NT=Deamidated;AC=UNIMOD:7;MT=variable;TA=N,Q;PP=Anywhere	NT=Gln->pyro-Glu;AC=UNIMOD:28;MT=variable;TA=Q;PP=Any N-term	NT=TMTpro;AC=UNIMOD:2016;MT=fixed;TA=K;PP=Anywhere	NT=TMTpro;AC=UNIMOD:2016;MT=fixed;PP=Any N-term	v3.0.0	ms-proteomics v1.1.0	human v1.1.0	cell-lines v1.1.0	dimethyl sulfoxide
PXD047934_8451_rep1	Homo sapiens	not available	not available	not available	cell line	study sample	not available	not available	not available	not available	not available	not available	not available	1	BI03058451	1 uM	24 hour	272_2023_VV-TMT-Frac2	proteomic profiling by mass spectrometry	272_2023_VV-TMT-Frac2.raw	ftp://ftp.pride.ebi.ac.uk/pride/data/archive/2024/10/PXD047934/272_2023_VV-TMT-Frac2.raw	TMT128N	1	2	NT=Q Exactive HF;AC=MS:1002523	NT=Data-dependent acquisition;AC=PRIDE:0000627	NT=Trypsin;AC=MS:1001251	NT=beam-type collision-induced dissociation;AC=MS:1000422	32 NCE	335m/z-1600m/z	NT=High-pH reversed-phase chromatography (hpHRP);AC=PRIDE:0000564	10 ppm	20 ppm	single TMTpro multiplex	NT=Carbamidomethyl;AC=UNIMOD:4;MT=fixed;TA=C;PP=Anywhere	NT=Oxidation;AC=UNIMOD:35;MT=variable;TA=M;PP=Anywhere	NT=Acetyl;AC=UNIMOD:1;MT=variable;PP=Protein N-term	NT=Dioxidation;AC=UNIMOD:425;MT=variable;TA=M,W;PP=Anywhere	NT=Deamidated;AC=UNIMOD:7;MT=variable;TA=N,Q;PP=Anywhere	NT=Gln->pyro-Glu;AC=UNIMOD:28;MT=variable;TA=Q;PP=Any N-term	NT=TMTpro;AC=UNIMOD:2016;MT=fixed;TA=K;PP=Anywhere	NT=TMTpro;AC=UNIMOD:2016;MT=fixed;PP=Any N-term	v3.0.0	ms-proteomics v1.1.0	human v1.1.0	cell-lines v1.1.0	BI03058451
PXD047934_8451_rep2	Homo sapiens	not available	not available	not available	cell line	study sample	not available	not available	not available	not available	not available	not available	not available	2	BI03058451	1 uM	24 hour	272_2023_VV-TMT-Frac2	proteomic profiling by mass spectrometry	272_2023_VV-TMT-Frac2.raw	ftp://ftp.pride.ebi.ac.uk/pride/data/archive/2024/10/PXD047934/272_2023_VV-TMT-Frac2.raw	TMT128C	1	2	NT=Q Exactive HF;AC=MS:1002523	NT=Data-dependent acquisition;AC=PRIDE:0000627	NT=Trypsin;AC=MS:1001251	NT=beam-type collision-induced dissociation;AC=MS:1000422	32 NCE	335m/z-1600m/z	NT=High-pH reversed-phase chromatography (hpHRP);AC=PRIDE:0000564	10 ppm	20 ppm	single TMTpro multiplex	NT=Carbamidomethyl;AC=UNIMOD:4;MT=fixed;TA=C;PP=Anywhere	NT=Oxidation;AC=UNIMOD:35;MT=variable;TA=M;PP=Anywhere	NT=Acetyl;AC=UNIMOD:1;MT=variable;PP=Protein N-term	NT=Dioxidation;AC=UNIMOD:425;MT=variable;TA=M,W;PP=Anywhere	NT=Deamidated;AC=UNIMOD:7;MT=variable;TA=N,Q;PP=Anywhere	NT=Gln->pyro-Glu;AC=UNIMOD:28;MT=variable;TA=Q;PP=Any N-term	NT=TMTpro;AC=UNIMOD:2016;MT=fixed;TA=K;PP=Anywhere	NT=TMTpro;AC=UNIMOD:2016;MT=fixed;PP=Any N-term	v3.0.0	ms-proteomics v1.1.0	human v1.1.0	cell-lines v1.1.0	BI03058451
PXD047934_8451_rep3	Homo sapiens	not available	not available	not available	cell line	study sample	not available	not available	not available	not available	not available	not available	not available	3	BI03058451	1 uM	24 hour	272_2023_VV-TMT-Frac2	proteomic profiling by mass spectrometry	272_2023_VV-TMT-Frac2.raw	ftp://ftp.pride.ebi.ac.uk/pride/data/archive/2024/10/PXD047934/272_2023_VV-TMT-Frac2.raw	TMT129N	1	2	NT=Q Exactive HF;AC=MS:1002523	NT=Data-dependent acquisition;AC=PRIDE:0000627	NT=Trypsin;AC=MS:1001251	NT=beam-type collision-induced dissociation;AC=MS:1000422	32 NCE	335m/z-1600m/z	NT=High-pH reversed-phase chromatography (hpHRP);AC=PRIDE:0000564	10 ppm	20 ppm	single TMTpro multiplex	NT=Carbamidomethyl;AC=UNIMOD:4;MT=fixed;TA=C;PP=Anywhere	NT=Oxidation;AC=UNIMOD:35;MT=variable;TA=M;PP=Anywhere	NT=Acetyl;AC=UNIMOD:1;MT=variable;PP=Protein N-term	NT=Dioxidation;AC=UNIMOD:425;MT=variable;TA=M,W;PP=Anywhere	NT=Deamidated;AC=UNIMOD:7;MT=variable;TA=N,Q;PP=Anywhere	NT=Gln->pyro-Glu;AC=UNIMOD:28;MT=variable;TA=Q;PP=Any N-term	NT=TMTpro;AC=UNIMOD:2016;MT=fixed;TA=K;PP=Anywhere	NT=TMTpro;AC=UNIMOD:2016;MT=fixed;PP=Any N-term	v3.0.0	ms-proteomics v1.1.0	human v1.1.0	cell-lines v1.1.0	BI03058451
PXD047934_0068_rep1	Homo sapiens	not available	not available	not available	cell line	study sample	not available	not available	not available	not available	not available	not available	not available	1	BI01590068	1 uM	24 hour	272_2023_VV-TMT-Frac2	proteomic profiling by mass spectrometry	272_2023_VV-TMT-Frac2.raw	ftp://ftp.pride.ebi.ac.uk/pride/data/archive/2024/10/PXD047934/272_2023_VV-TMT-Frac2.raw	TMT129C	1	2	NT=Q Exactive HF;AC=MS:1002523	NT=Data-dependent acquisition;AC=PRIDE:0000627	NT=Trypsin;AC=MS:1001251	NT=beam-type collision-induced dissociation;AC=MS:1000422	32 NCE	335m/z-1600m/z	NT=High-pH reversed-phase chromatography (hpHRP);AC=PRIDE:0000564	10 ppm	20 ppm	single TMTpro multiplex	NT=Carbamidomethyl;AC=UNIMOD:4;MT=fixed;TA=C;PP=Anywhere	NT=Oxidation;AC=UNIMOD:35;MT=variable;TA=M;PP=Anywhere	NT=Acetyl;AC=UNIMOD:1;MT=variable;PP=Protein N-term	NT=Dioxidation;AC=UNIMOD:425;MT=variable;TA=M,W;PP=Anywhere	NT=Deamidated;AC=UNIMOD:7;MT=variable;TA=N,Q;PP=Anywhere	NT=Gln->pyro-Glu;AC=UNIMOD:28;MT=variable;TA=Q;PP=Any N-term	NT=TMTpro;AC=UNIMOD:2016;MT=fixed;TA=K;PP=Anywhere	NT=TMTpro;AC=UNIMOD:2016;MT=fixed;PP=Any N-term	v3.0.0	ms-proteomics v1.1.0	human v1.1.0	cell-lines v1.1.0	BI01590068
PXD047934_0068_rep2	Homo sapiens	not available	not available	not available	cell line	study sample	not available	not available	not available	not available	not available	not available	not available	2	BI01590068	1 uM	24 hour	272_2023_VV-TMT-Frac2	proteomic profiling by mass spectrometry	272_2023_VV-TMT-Frac2.raw	ftp://ftp.pride.ebi.ac.uk/pride/data/archive/2024/10/PXD047934/272_2023_VV-TMT-Frac2.raw	TMT130N	1	2	NT=Q Exactive HF;AC=MS:1002523	NT=Data-dependent acquisition;AC=PRIDE:0000627	NT=Trypsin;AC=MS:1001251	NT=beam-type collision-induced dissociation;AC=MS:1000422	32 NCE	335m/z-1600m/z	NT=High-pH reversed-phase chromatography (hpHRP);AC=PRIDE:0000564	10 ppm	20 ppm	single TMTpro multiplex	NT=Carbamidomethyl;AC=UNIMOD:4;MT=fixed;TA=C;PP=Anywhere	NT=Oxidation;AC=UNIMOD:35;MT=variable;TA=M;PP=Anywhere	NT=Acetyl;AC=UNIMOD:1;MT=variable;PP=Protein N-term	NT=Dioxidation;AC=UNIMOD:425;MT=variable;TA=M,W;PP=Anywhere	NT=Deamidated;AC=UNIMOD:7;MT=variable;TA=N,Q;PP=Anywhere	NT=Gln->pyro-Glu;AC=UNIMOD:28;MT=variable;TA=Q;PP=Any N-term	NT=TMTpro;AC=UNIMOD:2016;MT=fixed;TA=K;PP=Anywhere	NT=TMTpro;AC=UNIMOD:2016;MT=fixed;PP=Any N-term	v3.0.0	ms-proteomics v1.1.0	human v1.1.0	cell-lines v1.1.0	BI01590068
PXD047934_0068_rep3	Homo sapiens	not available	not available	not available	cell line	study sample	not available	not available	not available	not available	not available	not available	not available	3	BI01590068	1 uM	24 hour	272_2023_VV-TMT-Frac2	proteomic profiling by mass spectrometry	272_2023_VV-TMT-Frac2.raw	ftp://ftp.pride.ebi.ac.uk/pride/data/archive/2024/10/PXD047934/272_2023_VV-TMT-Frac2.raw	TMT130C	1	2	NT=Q Exactive HF;AC=MS:1002523	NT=Data-dependent acquisition;AC=PRIDE:0000627	NT=Trypsin;AC=MS:1001251	NT=beam-type collision-induced dissociation;AC=MS:1000422	32 NCE	335m/z-1600m/z	NT=High-pH reversed-phase chromatography (hpHRP);AC=PRIDE:0000564	10 ppm	20 ppm	single TMTpro multiplex	NT=Carbamidomethyl;AC=UNIMOD:4;MT=fixed;TA=C;PP=Anywhere	NT=Oxidation;AC=UNIMOD:35;MT=variable;TA=M;PP=Anywhere	NT=Acetyl;AC=UNIMOD:1;MT=variable;PP=Protein N-term	NT=Dioxidation;AC=UNIMOD:425;MT=variable;TA=M,W;PP=Anywhere	NT=Deamidated;AC=UNIMOD:7;MT=variable;TA=N,Q;PP=Anywhere	NT=Gln->pyro-Glu;AC=UNIMOD:28;MT=variable;TA=Q;PP=Any N-term	NT=TMTpro;AC=UNIMOD:2016;MT=fixed;TA=K;PP=Anywhere	NT=TMTpro;AC=UNIMOD:2016;MT=fixed;PP=Any N-term	v3.0.0	ms-proteomics v1.1.0	human v1.1.0	cell-lines v1.1.0	BI01590068
PXD047934_chx_rep1	Homo sapiens	not available	not available	not available	cell line	study sample	not available	not available	not available	not available	not available	not available	not available	1	cycloheximide	100 ug/mL	24 hour	272_2023_VV-TMT-Frac2	proteomic profiling by mass spectrometry	272_2023_VV-TMT-Frac2.raw	ftp://ftp.pride.ebi.ac.uk/pride/data/archive/2024/10/PXD047934/272_2023_VV-TMT-Frac2.raw	TMT131N	1	2	NT=Q Exactive HF;AC=MS:1002523	NT=Data-dependent acquisition;AC=PRIDE:0000627	NT=Trypsin;AC=MS:1001251	NT=beam-type collision-induced dissociation;AC=MS:1000422	32 NCE	335m/z-1600m/z	NT=High-pH reversed-phase chromatography (hpHRP);AC=PRIDE:0000564	10 ppm	20 ppm	single TMTpro multiplex	NT=Carbamidomethyl;AC=UNIMOD:4;MT=fixed;TA=C;PP=Anywhere	NT=Oxidation;AC=UNIMOD:35;MT=variable;TA=M;PP=Anywhere	NT=Acetyl;AC=UNIMOD:1;MT=variable;PP=Protein N-term	NT=Dioxidation;AC=UNIMOD:425;MT=variable;TA=M,W;PP=Anywhere	NT=Deamidated;AC=UNIMOD:7;MT=variable;TA=N,Q;PP=Anywhere	NT=Gln->pyro-Glu;AC=UNIMOD:28;MT=variable;TA=Q;PP=Any N-term	NT=TMTpro;AC=UNIMOD:2016;MT=fixed;TA=K;PP=Anywhere	NT=TMTpro;AC=UNIMOD:2016;MT=fixed;PP=Any N-term	v3.0.0	ms-proteomics v1.1.0	human v1.1.0	cell-lines v1.1.0	cycloheximide
PXD047934_chx_rep2	Homo sapiens	not available	not available	not available	cell line	study sample	not available	not available	not available	not available	not available	not available	not available	2	cycloheximide	100 ug/mL	24 hour	272_2023_VV-TMT-Frac2	proteomic profiling by mass spectrometry	272_2023_VV-TMT-Frac2.raw	ftp://ftp.pride.ebi.ac.uk/pride/data/archive/2024/10/PXD047934/272_2023_VV-TMT-Frac2.raw	TMT131C	1	2	NT=Q Exactive HF;AC=MS:1002523	NT=Data-dependent acquisition;AC=PRIDE:0000627	NT=Trypsin;AC=MS:1001251	NT=beam-type collision-induced dissociation;AC=MS:1000422	32 NCE	335m/z-1600m/z	NT=High-pH reversed-phase chromatography (hpHRP);AC=PRIDE:0000564	10 ppm	20 ppm	single TMTpro multiplex	NT=Carbamidomethyl;AC=UNIMOD:4;MT=fixed;TA=C;PP=Anywhere	NT=Oxidation;AC=UNIMOD:35;MT=variable;TA=M;PP=Anywhere	NT=Acetyl;AC=UNIMOD:1;MT=variable;PP=Protein N-term	NT=Dioxidation;AC=UNIMOD:425;MT=variable;TA=M,W;PP=Anywhere	NT=Deamidated;AC=UNIMOD:7;MT=variable;TA=N,Q;PP=Anywhere	NT=Gln->pyro-Glu;AC=UNIMOD:28;MT=variable;TA=Q;PP=Any N-term	NT=TMTpro;AC=UNIMOD:2016;MT=fixed;TA=K;PP=Anywhere	NT=TMTpro;AC=UNIMOD:2016;MT=fixed;PP=Any N-term	v3.0.0	ms-proteomics v1.1.0	human v1.1.0	cell-lines v1.1.0	cycloheximide
PXD047934_chx_rep3	Homo sapiens	not available	not available	not available	cell line	study sample	not available	not available	not available	not available	not available	not available	not available	3	cycloheximide	100 ug/mL	24 hour	272_2023_VV-TMT-Frac2	proteomic profiling by mass spectrometry	272_2023_VV-TMT-Frac2.raw	ftp://ftp.pride.ebi.ac.uk/pride/data/archive/2024/10/PXD047934/272_2023_VV-TMT-Frac2.raw	TMT132N	1	2	NT=Q Exactive HF;AC=MS:1002523	NT=Data-dependent acquisition;AC=PRIDE:0000627	NT=Trypsin;AC=MS:1001251	NT=beam-type collision-induced dissociation;AC=MS:1000422	32 NCE	335m/z-1600m/z	NT=High-pH reversed-phase chromatography (hpHRP);AC=PRIDE:0000564	10 ppm	20 ppm	single TMTpro multiplex	NT=Carbamidomethyl;AC=UNIMOD:4;MT=fixed;TA=C;PP=Anywhere	NT=Oxidation;AC=UNIMOD:35;MT=variable;TA=M;PP=Anywhere	NT=Acetyl;AC=UNIMOD:1;MT=variable;PP=Protein N-term	NT=Dioxidation;AC=UNIMOD:425;MT=variable;TA=M,W;PP=Anywhere	NT=Deamidated;AC=UNIMOD:7;MT=variable;TA=N,Q;PP=Anywhere	NT=Gln->pyro-Glu;AC=UNIMOD:28;MT=variable;TA=Q;PP=Any N-term	NT=TMTpro;AC=UNIMOD:2016;MT=fixed;TA=K;PP=Anywhere	NT=TMTpro;AC=UNIMOD:2016;MT=fixed;PP=Any N-term	v3.0.0	ms-proteomics v1.1.0	human v1.1.0	cell-lines v1.1.0	cycloheximide
PXD047934_cc885_rep1	Homo sapiens	not available	not available	not available	cell line	study sample	not available	not available	not available	not available	not available	not available	not available	1	CC-885	1 uM	24 hour	272_2023_VV-TMT-Frac2	proteomic profiling by mass spectrometry	272_2023_VV-TMT-Frac2.raw	ftp://ftp.pride.ebi.ac.uk/pride/data/archive/2024/10/PXD047934/272_2023_VV-TMT-Frac2.raw	TMT132C	1	2	NT=Q Exactive HF;AC=MS:1002523	NT=Data-dependent acquisition;AC=PRIDE:0000627	NT=Trypsin;AC=MS:1001251	NT=beam-type collision-induced dissociation;AC=MS:1000422	32 NCE	335m/z-1600m/z	NT=High-pH reversed-phase chromatography (hpHRP);AC=PRIDE:0000564	10 ppm	20 ppm	single TMTpro multiplex	NT=Carbamidomethyl;AC=UNIMOD:4;MT=fixed;TA=C;PP=Anywhere	NT=Oxidation;AC=UNIMOD:35;MT=variable;TA=M;PP=Anywhere	NT=Acetyl;AC=UNIMOD:1;MT=variable;PP=Protein N-term	NT=Dioxidation;AC=UNIMOD:425;MT=variable;TA=M,W;PP=Anywhere	NT=Deamidated;AC=UNIMOD:7;MT=variable;TA=N,Q;PP=Anywhere	NT=Gln->pyro-Glu;AC=UNIMOD:28;MT=variable;TA=Q;PP=Any N-term	NT=TMTpro;AC=UNIMOD:2016;MT=fixed;TA=K;PP=Anywhere	NT=TMTpro;AC=UNIMOD:2016;MT=fixed;PP=Any N-term	v3.0.0	ms-proteomics v1.1.0	human v1.1.0	cell-lines v1.1.0	CC-885
PXD047934_cc885_rep2	Homo sapiens	not available	not available	not available	cell line	study sample	not available	not available	not available	not available	not available	not available	not available	2	CC-885	1 uM	24 hour	272_2023_VV-TMT-Frac2	proteomic profiling by mass spectrometry	272_2023_VV-TMT-Frac2.raw	ftp://ftp.pride.ebi.ac.uk/pride/data/archive/2024/10/PXD047934/272_2023_VV-TMT-Frac2.raw	TMT133N	1	2	NT=Q Exactive HF;AC=MS:1002523	NT=Data-dependent acquisition;AC=PRIDE:0000627	NT=Trypsin;AC=MS:1001251	NT=beam-type collision-induced dissociation;AC=MS:1000422	32 NCE	335m/z-1600m/z	NT=High-pH reversed-phase chromatography (hpHRP);AC=PRIDE:0000564	10 ppm	20 ppm	single TMTpro multiplex	NT=Carbamidomethyl;AC=UNIMOD:4;MT=fixed;TA=C;PP=Anywhere	NT=Oxidation;AC=UNIMOD:35;MT=variable;TA=M;PP=Anywhere	NT=Acetyl;AC=UNIMOD:1;MT=variable;PP=Protein N-term	NT=Dioxidation;AC=UNIMOD:425;MT=variable;TA=M,W;PP=Anywhere	NT=Deamidated;AC=UNIMOD:7;MT=variable;TA=N,Q;PP=Anywhere	NT=Gln->pyro-Glu;AC=UNIMOD:28;MT=variable;TA=Q;PP=Any N-term	NT=TMTpro;AC=UNIMOD:2016;MT=fixed;TA=K;PP=Anywhere	NT=TMTpro;AC=UNIMOD:2016;MT=fixed;PP=Any N-term	v3.0.0	ms-proteomics v1.1.0	human v1.1.0	cell-lines v1.1.0	CC-885
PXD047934_cc885_rep3	Homo sapiens	not available	not available	not available	cell line	study sample	not available	not available	not available	not available	not available	not available	not available	3	CC-885	1 uM	24 hour	272_2023_VV-TMT-Frac2	proteomic profiling by mass spectrometry	272_2023_VV-TMT-Frac2.raw	ftp://ftp.pride.ebi.ac.uk/pride/data/archive/2024/10/PXD047934/272_2023_VV-TMT-Frac2.raw	TMT133C	1	2	NT=Q Exactive HF;AC=MS:1002523	NT=Data-dependent acquisition;AC=PRIDE:0000627	NT=Trypsin;AC=MS:1001251	NT=beam-type collision-induced dissociation;AC=MS:1000422	32 NCE	335m/z-1600m/z	NT=High-pH reversed-phase chromatography (hpHRP);AC=PRIDE:0000564	10 ppm	20 ppm	single TMTpro multiplex	NT=Carbamidomethyl;AC=UNIMOD:4;MT=fixed;TA=C;PP=Anywhere	NT=Oxidation;AC=UNIMOD:35;MT=variable;TA=M;PP=Anywhere	NT=Acetyl;AC=UNIMOD:1;MT=variable;PP=Protein N-term	NT=Dioxidation;AC=UNIMOD:425;MT=variable;TA=M,W;PP=Anywhere	NT=Deamidated;AC=UNIMOD:7;MT=variable;TA=N,Q;PP=Anywhere	NT=Gln->pyro-Glu;AC=UNIMOD:28;MT=variable;TA=Q;PP=Any N-term	NT=TMTpro;AC=UNIMOD:2016;MT=fixed;TA=K;PP=Anywhere	NT=TMTpro;AC=UNIMOD:2016;MT=fixed;PP=Any N-term	v3.0.0	ms-proteomics v1.1.0	human v1.1.0	cell-lines v1.1.0	CC-885
PXD047934_dmso_rep1	Homo sapiens	not available	not available	not available	cell line	study sample	not available	not available	not available	not available	not available	not available	not available	1	dimethyl sulfoxide	not available	24 hour	272_2023_VV-TMT-Frac20	proteomic profiling by mass spectrometry	272_2023_VV-TMT-Frac20.raw	ftp://ftp.pride.ebi.ac.uk/pride/data/archive/2024/10/PXD047934/272_2023_VV-TMT-Frac20.raw	TMT126	1	20	NT=Q Exactive HF;AC=MS:1002523	NT=Data-dependent acquisition;AC=PRIDE:0000627	NT=Trypsin;AC=MS:1001251	NT=beam-type collision-induced dissociation;AC=MS:1000422	32 NCE	335m/z-1600m/z	NT=High-pH reversed-phase chromatography (hpHRP);AC=PRIDE:0000564	10 ppm	20 ppm	single TMTpro multiplex	NT=Carbamidomethyl;AC=UNIMOD:4;MT=fixed;TA=C;PP=Anywhere	NT=Oxidation;AC=UNIMOD:35;MT=variable;TA=M;PP=Anywhere	NT=Acetyl;AC=UNIMOD:1;MT=variable;PP=Protein N-term	NT=Dioxidation;AC=UNIMOD:425;MT=variable;TA=M,W;PP=Anywhere	NT=Deamidated;AC=UNIMOD:7;MT=variable;TA=N,Q;PP=Anywhere	NT=Gln->pyro-Glu;AC=UNIMOD:28;MT=variable;TA=Q;PP=Any N-term	NT=TMTpro;AC=UNIMOD:2016;MT=fixed;TA=K;PP=Anywhere	NT=TMTpro;AC=UNIMOD:2016;MT=fixed;PP=Any N-term	v3.0.0	ms-proteomics v1.1.0	human v1.1.0	cell-lines v1.1.0	dimethyl sulfoxide
PXD047934_dmso_rep2	Homo sapiens	not available	not available	not available	cell line	study sample	not available	not available	not available	not available	not available	not available	not available	2	dimethyl sulfoxide	not available	24 hour	272_2023_VV-TMT-Frac20	proteomic profiling by mass spectrometry	272_2023_VV-TMT-Frac20.raw	ftp://ftp.pride.ebi.ac.uk/pride/data/archive/2024/10/PXD047934/272_2023_VV-TMT-Frac20.raw	TMT127N	1	20	NT=Q Exactive HF;AC=MS:1002523	NT=Data-dependent acquisition;AC=PRIDE:0000627	NT=Trypsin;AC=MS:1001251	NT=beam-type collision-induced dissociation;AC=MS:1000422	32 NCE	335m/z-1600m/z	NT=High-pH reversed-phase chromatography (hpHRP);AC=PRIDE:0000564	10 ppm	20 ppm	single TMTpro multiplex	NT=Carbamidomethyl;AC=UNIMOD:4;MT=fixed;TA=C;PP=Anywhere	NT=Oxidation;AC=UNIMOD:35;MT=variable;TA=M;PP=Anywhere	NT=Acetyl;AC=UNIMOD:1;MT=variable;PP=Protein N-term	NT=Dioxidation;AC=UNIMOD:425;MT=variable;TA=M,W;PP=Anywhere	NT=Deamidated;AC=UNIMOD:7;MT=variable;TA=N,Q;PP=Anywhere	NT=Gln->pyro-Glu;AC=UNIMOD:28;MT=variable;TA=Q;PP=Any N-term	NT=TMTpro;AC=UNIMOD:2016;MT=fixed;TA=K;PP=Anywhere	NT=TMTpro;AC=UNIMOD:2016;MT=fixed;PP=Any N-term	v3.0.0	ms-proteomics v1.1.0	human v1.1.0	cell-lines v1.1.0	dimethyl sulfoxide
PXD047934_dmso_rep3	Homo sapiens	not available	not available	not available	cell line	study sample	not available	not available	not available	not available	not available	not available	not available	3	dimethyl sulfoxide	not available	24 hour	272_2023_VV-TMT-Frac20	proteomic profiling by mass spectrometry	272_2023_VV-TMT-Frac20.raw	ftp://ftp.pride.ebi.ac.uk/pride/data/archive/2024/10/PXD047934/272_2023_VV-TMT-Frac20.raw	TMT127C	1	20	NT=Q Exactive HF;AC=MS:1002523	NT=Data-dependent acquisition;AC=PRIDE:0000627	NT=Trypsin;AC=MS:1001251	NT=beam-type collision-induced dissociation;AC=MS:1000422	32 NCE	335m/z-1600m/z	NT=High-pH reversed-phase chromatography (hpHRP);AC=PRIDE:0000564	10 ppm	20 ppm	single TMTpro multiplex	NT=Carbamidomethyl;AC=UNIMOD:4;MT=fixed;TA=C;PP=Anywhere	NT=Oxidation;AC=UNIMOD:35;MT=variable;TA=M;PP=Anywhere	NT=Acetyl;AC=UNIMOD:1;MT=variable;PP=Protein N-term	NT=Dioxidation;AC=UNIMOD:425;MT=variable;TA=M,W;PP=Anywhere	NT=Deamidated;AC=UNIMOD:7;MT=variable;TA=N,Q;PP=Anywhere	NT=Gln->pyro-Glu;AC=UNIMOD:28;MT=variable;TA=Q;PP=Any N-term	NT=TMTpro;AC=UNIMOD:2016;MT=fixed;TA=K;PP=Anywhere	NT=TMTpro;AC=UNIMOD:2016;MT=fixed;PP=Any N-term	v3.0.0	ms-proteomics v1.1.0	human v1.1.0	cell-lines v1.1.0	dimethyl sulfoxide
PXD047934_8451_rep1	Homo sapiens	not available	not available	not available	cell line	study sample	not available	not available	not available	not available	not available	not available	not available	1	BI03058451	1 uM	24 hour	272_2023_VV-TMT-Frac20	proteomic profiling by mass spectrometry	272_2023_VV-TMT-Frac20.raw	ftp://ftp.pride.ebi.ac.uk/pride/data/archive/2024/10/PXD047934/272_2023_VV-TMT-Frac20.raw	TMT128N	1	20	NT=Q Exactive HF;AC=MS:1002523	NT=Data-dependent acquisition;AC=PRIDE:0000627	NT=Trypsin;AC=MS:1001251	NT=beam-type collision-induced dissociation;AC=MS:1000422	32 NCE	335m/z-1600m/z	NT=High-pH reversed-phase chromatography (hpHRP);AC=PRIDE:0000564	10 ppm	20 ppm	single TMTpro multiplex	NT=Carbamidomethyl;AC=UNIMOD:4;MT=fixed;TA=C;PP=Anywhere	NT=Oxidation;AC=UNIMOD:35;MT=variable;TA=M;PP=Anywhere	NT=Acetyl;AC=UNIMOD:1;MT=variable;PP=Protein N-term	NT=Dioxidation;AC=UNIMOD:425;MT=variable;TA=M,W;PP=Anywhere	NT=Deamidated;AC=UNIMOD:7;MT=variable;TA=N,Q;PP=Anywhere	NT=Gln->pyro-Glu;AC=UNIMOD:28;MT=variable;TA=Q;PP=Any N-term	NT=TMTpro;AC=UNIMOD:2016;MT=fixed;TA=K;PP=Anywhere	NT=TMTpro;AC=UNIMOD:2016;MT=fixed;PP=Any N-term	v3.0.0	ms-proteomics v1.1.0	human v1.1.0	cell-lines v1.1.0	BI03058451
PXD047934_8451_rep2	Homo sapiens	not available	not available	not available	cell line	study sample	not available	not available	not available	not available	not available	not available	not available	2	BI03058451	1 uM	24 hour	272_2023_VV-TMT-Frac20	proteomic profiling by mass spectrometry	272_2023_VV-TMT-Frac20.raw	ftp://ftp.pride.ebi.ac.uk/pride/data/archive/2024/10/PXD047934/272_2023_VV-TMT-Frac20.raw	TMT128C	1	20	NT=Q Exactive HF;AC=MS:1002523	NT=Data-dependent acquisition;AC=PRIDE:0000627	NT=Trypsin;AC=MS:1001251	NT=beam-type collision-induced dissociation;AC=MS:1000422	32 NCE	335m/z-1600m/z	NT=High-pH reversed-phase chromatography (hpHRP);AC=PRIDE:0000564	10 ppm	20 ppm	single TMTpro multiplex	NT=Carbamidomethyl;AC=UNIMOD:4;MT=fixed;TA=C;PP=Anywhere	NT=Oxidation;AC=UNIMOD:35;MT=variable;TA=M;PP=Anywhere	NT=Acetyl;AC=UNIMOD:1;MT=variable;PP=Protein N-term	NT=Dioxidation;AC=UNIMOD:425;MT=variable;TA=M,W;PP=Anywhere	NT=Deamidated;AC=UNIMOD:7;MT=variable;TA=N,Q;PP=Anywhere	NT=Gln->pyro-Glu;AC=UNIMOD:28;MT=variable;TA=Q;PP=Any N-term	NT=TMTpro;AC=UNIMOD:2016;MT=fixed;TA=K;PP=Anywhere	NT=TMTpro;AC=UNIMOD:2016;MT=fixed;PP=Any N-term	v3.0.0	ms-proteomics v1.1.0	human v1.1.0	cell-lines v1.1.0	BI03058451
PXD047934_8451_rep3	Homo sapiens	not available	not available	not available	cell line	study sample	not available	not available	not available	not available	not available	not available	not available	3	BI03058451	1 uM	24 hour	272_2023_VV-TMT-Frac20	proteomic profiling by mass spectrometry	272_2023_VV-TMT-Frac20.raw	ftp://ftp.pride.ebi.ac.uk/pride/data/archive/2024/10/PXD047934/272_2023_VV-TMT-Frac20.raw	TMT129N	1	20	NT=Q Exactive HF;AC=MS:1002523	NT=Data-dependent acquisition;AC=PRIDE:0000627	NT=Trypsin;AC=MS:1001251	NT=beam-type collision-induced dissociation;AC=MS:1000422	32 NCE	335m/z-1600m/z	NT=High-pH reversed-phase chromatography (hpHRP);AC=PRIDE:0000564	10 ppm	20 ppm	single TMTpro multiplex	NT=Carbamidomethyl;AC=UNIMOD:4;MT=fixed;TA=C;PP=Anywhere	NT=Oxidation;AC=UNIMOD:35;MT=variable;TA=M;PP=Anywhere	NT=Acetyl;AC=UNIMOD:1;MT=variable;PP=Protein N-term	NT=Dioxidation;AC=UNIMOD:425;MT=variable;TA=M,W;PP=Anywhere	NT=Deamidated;AC=UNIMOD:7;MT=variable;TA=N,Q;PP=Anywhere	NT=Gln->pyro-Glu;AC=UNIMOD:28;MT=variable;TA=Q;PP=Any N-term	NT=TMTpro;AC=UNIMOD:2016;MT=fixed;TA=K;PP=Anywhere	NT=TMTpro;AC=UNIMOD:2016;MT=fixed;PP=Any N-term	v3.0.0	ms-proteomics v1.1.0	human v1.1.0	cell-lines v1.1.0	BI03058451
PXD047934_0068_rep1	Homo sapiens	not available	not available	not available	cell line	study sample	not available	not available	not available	not available	not available	not available	not available	1	BI01590068	1 uM	24 hour	272_2023_VV-TMT-Frac20	proteomic profiling by mass spectrometry	272_2023_VV-TMT-Frac20.raw	ftp://ftp.pride.ebi.ac.uk/pride/data/archive/2024/10/PXD047934/272_2023_VV-TMT-Frac20.raw	TMT129C	1	20	NT=Q Exactive HF;AC=MS:1002523	NT=Data-dependent acquisition;AC=PRIDE:0000627	NT=Trypsin;AC=MS:1001251	NT=beam-type collision-induced dissociation;AC=MS:1000422	32 NCE	335m/z-1600m/z	NT=High-pH reversed-phase chromatography (hpHRP);AC=PRIDE:0000564	10 ppm	20 ppm	single TMTpro multiplex	NT=Carbamidomethyl;AC=UNIMOD:4;MT=fixed;TA=C;PP=Anywhere	NT=Oxidation;AC=UNIMOD:35;MT=variable;TA=M;PP=Anywhere	NT=Acetyl;AC=UNIMOD:1;MT=variable;PP=Protein N-term	NT=Dioxidation;AC=UNIMOD:425;MT=variable;TA=M,W;PP=Anywhere	NT=Deamidated;AC=UNIMOD:7;MT=variable;TA=N,Q;PP=Anywhere	NT=Gln->pyro-Glu;AC=UNIMOD:28;MT=variable;TA=Q;PP=Any N-term	NT=TMTpro;AC=UNIMOD:2016;MT=fixed;TA=K;PP=Anywhere	NT=TMTpro;AC=UNIMOD:2016;MT=fixed;PP=Any N-term	v3.0.0	ms-proteomics v1.1.0	human v1.1.0	cell-lines v1.1.0	BI01590068
PXD047934_0068_rep2	Homo sapiens	not available	not available	not available	cell line	study sample	not available	not available	not available	not available	not available	not available	not available	2	BI01590068	1 uM	24 hour	272_2023_VV-TMT-Frac20	proteomic profiling by mass spectrometry	272_2023_VV-TMT-Frac20.raw	ftp://ftp.pride.ebi.ac.uk/pride/data/archive/2024/10/PXD047934/272_2023_VV-TMT-Frac20.raw	TMT130N	1	20	NT=Q Exactive HF;AC=MS:1002523	NT=Data-dependent acquisition;AC=PRIDE:0000627	NT=Trypsin;AC=MS:1001251	NT=beam-type collision-induced dissociation;AC=MS:1000422	32 NCE	335m/z-1600m/z	NT=High-pH reversed-phase chromatography (hpHRP);AC=PRIDE:0000564	10 ppm	20 ppm	single TMTpro multiplex	NT=Carbamidomethyl;AC=UNIMOD:4;MT=fixed;TA=C;PP=Anywhere	NT=Oxidation;AC=UNIMOD:35;MT=variable;TA=M;PP=Anywhere	NT=Acetyl;AC=UNIMOD:1;MT=variable;PP=Protein N-term	NT=Dioxidation;AC=UNIMOD:425;MT=variable;TA=M,W;PP=Anywhere	NT=Deamidated;AC=UNIMOD:7;MT=variable;TA=N,Q;PP=Anywhere	NT=Gln->pyro-Glu;AC=UNIMOD:28;MT=variable;TA=Q;PP=Any N-term	NT=TMTpro;AC=UNIMOD:2016;MT=fixed;TA=K;PP=Anywhere	NT=TMTpro;AC=UNIMOD:2016;MT=fixed;PP=Any N-term	v3.0.0	ms-proteomics v1.1.0	human v1.1.0	cell-lines v1.1.0	BI01590068
PXD047934_0068_rep3	Homo sapiens	not available	not available	not available	cell line	study sample	not available	not available	not available	not available	not available	not available	not available	3	BI01590068	1 uM	24 hour	272_2023_VV-TMT-Frac20	proteomic profiling by mass spectrometry	272_2023_VV-TMT-Frac20.raw	ftp://ftp.pride.ebi.ac.uk/pride/data/archive/2024/10/PXD047934/272_2023_VV-TMT-Frac20.raw	TMT130C	1	20	NT=Q Exactive HF;AC=MS:1002523	NT=Data-dependent acquisition;AC=PRIDE:0000627	NT=Trypsin;AC=MS:1001251	NT=beam-type collision-induced dissociation;AC=MS:1000422	32 NCE	335m/z-1600m/z	NT=High-pH reversed-phase chromatography (hpHRP);AC=PRIDE:0000564	10 ppm	20 ppm	single TMTpro multiplex	NT=Carbamidomethyl;AC=UNIMOD:4;MT=fixed;TA=C;PP=Anywhere	NT=Oxidation;AC=UNIMOD:35;MT=variable;TA=M;PP=Anywhere	NT=Acetyl;AC=UNIMOD:1;MT=variable;PP=Protein N-term	NT=Dioxidation;AC=UNIMOD:425;MT=variable;TA=M,W;PP=Anywhere	NT=Deamidated;AC=UNIMOD:7;MT=variable;TA=N,Q;PP=Anywhere	NT=Gln->pyro-Glu;AC=UNIMOD:28;MT=variable;TA=Q;PP=Any N-term	NT=TMTpro;AC=UNIMOD:2016;MT=fixed;TA=K;PP=Anywhere	NT=TMTpro;AC=UNIMOD:2016;MT=fixed;PP=Any N-term	v3.0.0	ms-proteomics v1.1.0	human v1.1.0	cell-lines v1.1.0	BI01590068
PXD047934_chx_rep1	Homo sapiens	not available	not available	not available	cell line	study sample	not available	not available	not available	not available	not available	not available	not available	1	cycloheximide	100 ug/mL	24 hour	272_2023_VV-TMT-Frac20	proteomic profiling by mass spectrometry	272_2023_VV-TMT-Frac20.raw	ftp://ftp.pride.ebi.ac.uk/pride/data/archive/2024/10/PXD047934/272_2023_VV-TMT-Frac20.raw	TMT131N	1	20	NT=Q Exactive HF;AC=MS:1002523	NT=Data-dependent acquisition;AC=PRIDE:0000627	NT=Trypsin;AC=MS:1001251	NT=beam-type collision-induced dissociation;AC=MS:1000422	32 NCE	335m/z-1600m/z	NT=High-pH reversed-phase chromatography (hpHRP);AC=PRIDE:0000564	10 ppm	20 ppm	single TMTpro multiplex	NT=Carbamidomethyl;AC=UNIMOD:4;MT=fixed;TA=C;PP=Anywhere	NT=Oxidation;AC=UNIMOD:35;MT=variable;TA=M;PP=Anywhere	NT=Acetyl;AC=UNIMOD:1;MT=variable;PP=Protein N-term	NT=Dioxidation;AC=UNIMOD:425;MT=variable;TA=M,W;PP=Anywhere	NT=Deamidated;AC=UNIMOD:7;MT=variable;TA=N,Q;PP=Anywhere	NT=Gln->pyro-Glu;AC=UNIMOD:28;MT=variable;TA=Q;PP=Any N-term	NT=TMTpro;AC=UNIMOD:2016;MT=fixed;TA=K;PP=Anywhere	NT=TMTpro;AC=UNIMOD:2016;MT=fixed;PP=Any N-term	v3.0.0	ms-proteomics v1.1.0	human v1.1.0	cell-lines v1.1.0	cycloheximide
PXD047934_chx_rep2	Homo sapiens	not available	not available	not available	cell line	study sample	not available	not available	not available	not available	not available	not available	not available	2	cycloheximide	100 ug/mL	24 hour	272_2023_VV-TMT-Frac20	proteomic profiling by mass spectrometry	272_2023_VV-TMT-Frac20.raw	ftp://ftp.pride.ebi.ac.uk/pride/data/archive/2024/10/PXD047934/272_2023_VV-TMT-Frac20.raw	TMT131C	1	20	NT=Q Exactive HF;AC=MS:1002523	NT=Data-dependent acquisition;AC=PRIDE:0000627	NT=Trypsin;AC=MS:1001251	NT=beam-type collision-induced dissociation;AC=MS:1000422	32 NCE	335m/z-1600m/z	NT=High-pH reversed-phase chromatography (hpHRP);AC=PRIDE:0000564	10 ppm	20 ppm	single TMTpro multiplex	NT=Carbamidomethyl;AC=UNIMOD:4;MT=fixed;TA=C;PP=Anywhere	NT=Oxidation;AC=UNIMOD:35;MT=variable;TA=M;PP=Anywhere	NT=Acetyl;AC=UNIMOD:1;MT=variable;PP=Protein N-term	NT=Dioxidation;AC=UNIMOD:425;MT=variable;TA=M,W;PP=Anywhere	NT=Deamidated;AC=UNIMOD:7;MT=variable;TA=N,Q;PP=Anywhere	NT=Gln->pyro-Glu;AC=UNIMOD:28;MT=variable;TA=Q;PP=Any N-term	NT=TMTpro;AC=UNIMOD:2016;MT=fixed;TA=K;PP=Anywhere	NT=TMTpro;AC=UNIMOD:2016;MT=fixed;PP=Any N-term	v3.0.0	ms-proteomics v1.1.0	human v1.1.0	cell-lines v1.1.0	cycloheximide
PXD047934_chx_rep3	Homo sapiens	not available	not available	not available	cell line	study sample	not available	not available	not available	not available	not available	not available	not available	3	cycloheximide	100 ug/mL	24 hour	272_2023_VV-TMT-Frac20	proteomic profiling by mass spectrometry	272_2023_VV-TMT-Frac20.raw	ftp://ftp.pride.ebi.ac.uk/pride/data/archive/2024/10/PXD047934/272_2023_VV-TMT-Frac20.raw	TMT132N	1	20	NT=Q Exactive HF;AC=MS:1002523	NT=Data-dependent acquisition;AC=PRIDE:0000627	NT=Trypsin;AC=MS:1001251	NT=beam-type collision-induced dissociation;AC=MS:1000422	32 NCE	335m/z-1600m/z	NT=High-pH reversed-phase chromatography (hpHRP);AC=PRIDE:0000564	10 ppm	20 ppm	single TMTpro multiplex	NT=Carbamidomethyl;AC=UNIMOD:4;MT=fixed;TA=C;PP=Anywhere	NT=Oxidation;AC=UNIMOD:35;MT=variable;TA=M;PP=Anywhere	NT=Acetyl;AC=UNIMOD:1;MT=variable;PP=Protein N-term	NT=Dioxidation;AC=UNIMOD:425;MT=variable;TA=M,W;PP=Anywhere	NT=Deamidated;AC=UNIMOD:7;MT=variable;TA=N,Q;PP=Anywhere	NT=Gln->pyro-Glu;AC=UNIMOD:28;MT=variable;TA=Q;PP=Any N-term	NT=TMTpro;AC=UNIMOD:2016;MT=fixed;TA=K;PP=Anywhere	NT=TMTpro;AC=UNIMOD:2016;MT=fixed;PP=Any N-term	v3.0.0	ms-proteomics v1.1.0	human v1.1.0	cell-lines v1.1.0	cycloheximide
PXD047934_cc885_rep1	Homo sapiens	not available	not available	not available	cell line	study sample	not available	not available	not available	not available	not available	not available	not available	1	CC-885	1 uM	24 hour	272_2023_VV-TMT-Frac20	proteomic profiling by mass spectrometry	272_2023_VV-TMT-Frac20.raw	ftp://ftp.pride.ebi.ac.uk/pride/data/archive/2024/10/PXD047934/272_2023_VV-TMT-Frac20.raw	TMT132C	1	20	NT=Q Exactive HF;AC=MS:1002523	NT=Data-dependent acquisition;AC=PRIDE:0000627	NT=Trypsin;AC=MS:1001251	NT=beam-type collision-induced dissociation;AC=MS:1000422	32 NCE	335m/z-1600m/z	NT=High-pH reversed-phase chromatography (hpHRP);AC=PRIDE:0000564	10 ppm	20 ppm	single TMTpro multiplex	NT=Carbamidomethyl;AC=UNIMOD:4;MT=fixed;TA=C;PP=Anywhere	NT=Oxidation;AC=UNIMOD:35;MT=variable;TA=M;PP=Anywhere	NT=Acetyl;AC=UNIMOD:1;MT=variable;PP=Protein N-term	NT=Dioxidation;AC=UNIMOD:425;MT=variable;TA=M,W;PP=Anywhere	NT=Deamidated;AC=UNIMOD:7;MT=variable;TA=N,Q;PP=Anywhere	NT=Gln->pyro-Glu;AC=UNIMOD:28;MT=variable;TA=Q;PP=Any N-term	NT=TMTpro;AC=UNIMOD:2016;MT=fixed;TA=K;PP=Anywhere	NT=TMTpro;AC=UNIMOD:2016;MT=fixed;PP=Any N-term	v3.0.0	ms-proteomics v1.1.0	human v1.1.0	cell-lines v1.1.0	CC-885
PXD047934_cc885_rep2	Homo sapiens	not available	not available	not available	cell line	study sample	not available	not available	not available	not available	not available	not available	not available	2	CC-885	1 uM	24 hour	272_2023_VV-TMT-Frac20	proteomic profiling by mass spectrometry	272_2023_VV-TMT-Frac20.raw	ftp://ftp.pride.ebi.ac.uk/pride/data/archive/2024/10/PXD047934/272_2023_VV-TMT-Frac20.raw	TMT133N	1	20	NT=Q Exactive HF;AC=MS:1002523	NT=Data-dependent acquisition;AC=PRIDE:0000627	NT=Trypsin;AC=MS:1001251	NT=beam-type collision-induced dissociation;AC=MS:1000422	32 NCE	335m/z-1600m/z	NT=High-pH reversed-phase chromatography (hpHRP);AC=PRIDE:0000564	10 ppm	20 ppm	single TMTpro multiplex	NT=Carbamidomethyl;AC=UNIMOD:4;MT=fixed;TA=C;PP=Anywhere	NT=Oxidation;AC=UNIMOD:35;MT=variable;TA=M;PP=Anywhere	NT=Acetyl;AC=UNIMOD:1;MT=variable;PP=Protein N-term	NT=Dioxidation;AC=UNIMOD:425;MT=variable;TA=M,W;PP=Anywhere	NT=Deamidated;AC=UNIMOD:7;MT=variable;TA=N,Q;PP=Anywhere	NT=Gln->pyro-Glu;AC=UNIMOD:28;MT=variable;TA=Q;PP=Any N-term	NT=TMTpro;AC=UNIMOD:2016;MT=fixed;TA=K;PP=Anywhere	NT=TMTpro;AC=UNIMOD:2016;MT=fixed;PP=Any N-term	v3.0.0	ms-proteomics v1.1.0	human v1.1.0	cell-lines v1.1.0	CC-885
PXD047934_cc885_rep3	Homo sapiens	not available	not available	not available	cell line	study sample	not available	not available	not available	not available	not available	not available	not available	3	CC-885	1 uM	24 hour	272_2023_VV-TMT-Frac20	proteomic profiling by mass spectrometry	272_2023_VV-TMT-Frac20.raw	ftp://ftp.pride.ebi.ac.uk/pride/data/archive/2024/10/PXD047934/272_2023_VV-TMT-Frac20.raw	TMT133C	1	20	NT=Q Exactive HF;AC=MS:1002523	NT=Data-dependent acquisition;AC=PRIDE:0000627	NT=Trypsin;AC=MS:1001251	NT=beam-type collision-induced dissociation;AC=MS:1000422	32 NCE	335m/z-1600m/z	NT=High-pH reversed-phase chromatography (hpHRP);AC=PRIDE:0000564	10 ppm	20 ppm	single TMTpro multiplex	NT=Carbamidomethyl;AC=UNIMOD:4;MT=fixed;TA=C;PP=Anywhere	NT=Oxidation;AC=UNIMOD:35;MT=variable;TA=M;PP=Anywhere	NT=Acetyl;AC=UNIMOD:1;MT=variable;PP=Protein N-term	NT=Dioxidation;AC=UNIMOD:425;MT=variable;TA=M,W;PP=Anywhere	NT=Deamidated;AC=UNIMOD:7;MT=variable;TA=N,Q;PP=Anywhere	NT=Gln->pyro-Glu;AC=UNIMOD:28;MT=variable;TA=Q;PP=Any N-term	NT=TMTpro;AC=UNIMOD:2016;MT=fixed;TA=K;PP=Anywhere	NT=TMTpro;AC=UNIMOD:2016;MT=fixed;PP=Any N-term	v3.0.0	ms-proteomics v1.1.0	human v1.1.0	cell-lines v1.1.0	CC-885
PXD047934_dmso_rep1	Homo sapiens	not available	not available	not available	cell line	study sample	not available	not available	not available	not available	not available	not available	not available	1	dimethyl sulfoxide	not available	24 hour	272_2023_VV-TMT-Frac3	proteomic profiling by mass spectrometry	272_2023_VV-TMT-Frac3.raw	ftp://ftp.pride.ebi.ac.uk/pride/data/archive/2024/10/PXD047934/272_2023_VV-TMT-Frac3.raw	TMT126	1	3	NT=Q Exactive HF;AC=MS:1002523	NT=Data-dependent acquisition;AC=PRIDE:0000627	NT=Trypsin;AC=MS:1001251	NT=beam-type collision-induced dissociation;AC=MS:1000422	32 NCE	335m/z-1600m/z	NT=High-pH reversed-phase chromatography (hpHRP);AC=PRIDE:0000564	10 ppm	20 ppm	single TMTpro multiplex	NT=Carbamidomethyl;AC=UNIMOD:4;MT=fixed;TA=C;PP=Anywhere	NT=Oxidation;AC=UNIMOD:35;MT=variable;TA=M;PP=Anywhere	NT=Acetyl;AC=UNIMOD:1;MT=variable;PP=Protein N-term	NT=Dioxidation;AC=UNIMOD:425;MT=variable;TA=M,W;PP=Anywhere	NT=Deamidated;AC=UNIMOD:7;MT=variable;TA=N,Q;PP=Anywhere	NT=Gln->pyro-Glu;AC=UNIMOD:28;MT=variable;TA=Q;PP=Any N-term	NT=TMTpro;AC=UNIMOD:2016;MT=fixed;TA=K;PP=Anywhere	NT=TMTpro;AC=UNIMOD:2016;MT=fixed;PP=Any N-term	v3.0.0	ms-proteomics v1.1.0	human v1.1.0	cell-lines v1.1.0	dimethyl sulfoxide
PXD047934_dmso_rep2	Homo sapiens	not available	not available	not available	cell line	study sample	not available	not available	not available	not available	not available	not available	not available	2	dimethyl sulfoxide	not available	24 hour	272_2023_VV-TMT-Frac3	proteomic profiling by mass spectrometry	272_2023_VV-TMT-Frac3.raw	ftp://ftp.pride.ebi.ac.uk/pride/data/archive/2024/10/PXD047934/272_2023_VV-TMT-Frac3.raw	TMT127N	1	3	NT=Q Exactive HF;AC=MS:1002523	NT=Data-dependent acquisition;AC=PRIDE:0000627	NT=Trypsin;AC=MS:1001251	NT=beam-type collision-induced dissociation;AC=MS:1000422	32 NCE	335m/z-1600m/z	NT=High-pH reversed-phase chromatography (hpHRP);AC=PRIDE:0000564	10 ppm	20 ppm	single TMTpro multiplex	NT=Carbamidomethyl;AC=UNIMOD:4;MT=fixed;TA=C;PP=Anywhere	NT=Oxidation;AC=UNIMOD:35;MT=variable;TA=M;PP=Anywhere	NT=Acetyl;AC=UNIMOD:1;MT=variable;PP=Protein N-term	NT=Dioxidation;AC=UNIMOD:425;MT=variable;TA=M,W;PP=Anywhere	NT=Deamidated;AC=UNIMOD:7;MT=variable;TA=N,Q;PP=Anywhere	NT=Gln->pyro-Glu;AC=UNIMOD:28;MT=variable;TA=Q;PP=Any N-term	NT=TMTpro;AC=UNIMOD:2016;MT=fixed;TA=K;PP=Anywhere	NT=TMTpro;AC=UNIMOD:2016;MT=fixed;PP=Any N-term	v3.0.0	ms-proteomics v1.1.0	human v1.1.0	cell-lines v1.1.0	dimethyl sulfoxide
PXD047934_dmso_rep3	Homo sapiens	not available	not available	not available	cell line	study sample	not available	not available	not available	not available	not available	not available	not available	3	dimethyl sulfoxide	not available	24 hour	272_2023_VV-TMT-Frac3	proteomic profiling by mass spectrometry	272_2023_VV-TMT-Frac3.raw	ftp://ftp.pride.ebi.ac.uk/pride/data/archive/2024/10/PXD047934/272_2023_VV-TMT-Frac3.raw	TMT127C	1	3	NT=Q Exactive HF;AC=MS:1002523	NT=Data-dependent acquisition;AC=PRIDE:0000627	NT=Trypsin;AC=MS:1001251	NT=beam-type collision-induced dissociation;AC=MS:1000422	32 NCE	335m/z-1600m/z	NT=High-pH reversed-phase chromatography (hpHRP);AC=PRIDE:0000564	10 ppm	20 ppm	single TMTpro multiplex	NT=Carbamidomethyl;AC=UNIMOD:4;MT=fixed;TA=C;PP=Anywhere	NT=Oxidation;AC=UNIMOD:35;MT=variable;TA=M;PP=Anywhere	NT=Acetyl;AC=UNIMOD:1;MT=variable;PP=Protein N-term	NT=Dioxidation;AC=UNIMOD:425;MT=variable;TA=M,W;PP=Anywhere	NT=Deamidated;AC=UNIMOD:7;MT=variable;TA=N,Q;PP=Anywhere	NT=Gln->pyro-Glu;AC=UNIMOD:28;MT=variable;TA=Q;PP=Any N-term	NT=TMTpro;AC=UNIMOD:2016;MT=fixed;TA=K;PP=Anywhere	NT=TMTpro;AC=UNIMOD:2016;MT=fixed;PP=Any N-term	v3.0.0	ms-proteomics v1.1.0	human v1.1.0	cell-lines v1.1.0	dimethyl sulfoxide
PXD047934_8451_rep1	Homo sapiens	not available	not available	not available	cell line	study sample	not available	not available	not available	not available	not available	not available	not available	1	BI03058451	1 uM	24 hour	272_2023_VV-TMT-Frac3	proteomic profiling by mass spectrometry	272_2023_VV-TMT-Frac3.raw	ftp://ftp.pride.ebi.ac.uk/pride/data/archive/2024/10/PXD047934/272_2023_VV-TMT-Frac3.raw	TMT128N	1	3	NT=Q Exactive HF;AC=MS:1002523	NT=Data-dependent acquisition;AC=PRIDE:0000627	NT=Trypsin;AC=MS:1001251	NT=beam-type collision-induced dissociation;AC=MS:1000422	32 NCE	335m/z-1600m/z	NT=High-pH reversed-phase chromatography (hpHRP);AC=PRIDE:0000564	10 ppm	20 ppm	single TMTpro multiplex	NT=Carbamidomethyl;AC=UNIMOD:4;MT=fixed;TA=C;PP=Anywhere	NT=Oxidation;AC=UNIMOD:35;MT=variable;TA=M;PP=Anywhere	NT=Acetyl;AC=UNIMOD:1;MT=variable;PP=Protein N-term	NT=Dioxidation;AC=UNIMOD:425;MT=variable;TA=M,W;PP=Anywhere	NT=Deamidated;AC=UNIMOD:7;MT=variable;TA=N,Q;PP=Anywhere	NT=Gln->pyro-Glu;AC=UNIMOD:28;MT=variable;TA=Q;PP=Any N-term	NT=TMTpro;AC=UNIMOD:2016;MT=fixed;TA=K;PP=Anywhere	NT=TMTpro;AC=UNIMOD:2016;MT=fixed;PP=Any N-term	v3.0.0	ms-proteomics v1.1.0	human v1.1.0	cell-lines v1.1.0	BI03058451
PXD047934_8451_rep2	Homo sapiens	not available	not available	not available	cell line	study sample	not available	not available	not available	not available	not available	not available	not available	2	BI03058451	1 uM	24 hour	272_2023_VV-TMT-Frac3	proteomic profiling by mass spectrometry	272_2023_VV-TMT-Frac3.raw	ftp://ftp.pride.ebi.ac.uk/pride/data/archive/2024/10/PXD047934/272_2023_VV-TMT-Frac3.raw	TMT128C	1	3	NT=Q Exactive HF;AC=MS:1002523	NT=Data-dependent acquisition;AC=PRIDE:0000627	NT=Trypsin;AC=MS:1001251	NT=beam-type collision-induced dissociation;AC=MS:1000422	32 NCE	335m/z-1600m/z	NT=High-pH reversed-phase chromatography (hpHRP);AC=PRIDE:0000564	10 ppm	20 ppm	single TMTpro multiplex	NT=Carbamidomethyl;AC=UNIMOD:4;MT=fixed;TA=C;PP=Anywhere	NT=Oxidation;AC=UNIMOD:35;MT=variable;TA=M;PP=Anywhere	NT=Acetyl;AC=UNIMOD:1;MT=variable;PP=Protein N-term	NT=Dioxidation;AC=UNIMOD:425;MT=variable;TA=M,W;PP=Anywhere	NT=Deamidated;AC=UNIMOD:7;MT=variable;TA=N,Q;PP=Anywhere	NT=Gln->pyro-Glu;AC=UNIMOD:28;MT=variable;TA=Q;PP=Any N-term	NT=TMTpro;AC=UNIMOD:2016;MT=fixed;TA=K;PP=Anywhere	NT=TMTpro;AC=UNIMOD:2016;MT=fixed;PP=Any N-term	v3.0.0	ms-proteomics v1.1.0	human v1.1.0	cell-lines v1.1.0	BI03058451
PXD047934_8451_rep3	Homo sapiens	not available	not available	not available	cell line	study sample	not available	not available	not available	not available	not available	not available	not available	3	BI03058451	1 uM	24 hour	272_2023_VV-TMT-Frac3	proteomic profiling by mass spectrometry	272_2023_VV-TMT-Frac3.raw	ftp://ftp.pride.ebi.ac.uk/pride/data/archive/2024/10/PXD047934/272_2023_VV-TMT-Frac3.raw	TMT129N	1	3	NT=Q Exactive HF;AC=MS:1002523	NT=Data-dependent acquisition;AC=PRIDE:0000627	NT=Trypsin;AC=MS:1001251	NT=beam-type collision-induced dissociation;AC=MS:1000422	32 NCE	335m/z-1600m/z	NT=High-pH reversed-phase chromatography (hpHRP);AC=PRIDE:0000564	10 ppm	20 ppm	single TMTpro multiplex	NT=Carbamidomethyl;AC=UNIMOD:4;MT=fixed;TA=C;PP=Anywhere	NT=Oxidation;AC=UNIMOD:35;MT=variable;TA=M;PP=Anywhere	NT=Acetyl;AC=UNIMOD:1;MT=variable;PP=Protein N-term	NT=Dioxidation;AC=UNIMOD:425;MT=variable;TA=M,W;PP=Anywhere	NT=Deamidated;AC=UNIMOD:7;MT=variable;TA=N,Q;PP=Anywhere	NT=Gln->pyro-Glu;AC=UNIMOD:28;MT=variable;TA=Q;PP=Any N-term	NT=TMTpro;AC=UNIMOD:2016;MT=fixed;TA=K;PP=Anywhere	NT=TMTpro;AC=UNIMOD:2016;MT=fixed;PP=Any N-term	v3.0.0	ms-proteomics v1.1.0	human v1.1.0	cell-lines v1.1.0	BI03058451
PXD047934_0068_rep1	Homo sapiens	not available	not available	not available	cell line	study sample	not available	not available	not available	not available	not available	not available	not available	1	BI01590068	1 uM	24 hour	272_2023_VV-TMT-Frac3	proteomic profiling by mass spectrometry	272_2023_VV-TMT-Frac3.raw	ftp://ftp.pride.ebi.ac.uk/pride/data/archive/2024/10/PXD047934/272_2023_VV-TMT-Frac3.raw	TMT129C	1	3	NT=Q Exactive HF;AC=MS:1002523	NT=Data-dependent acquisition;AC=PRIDE:0000627	NT=Trypsin;AC=MS:1001251	NT=beam-type collision-induced dissociation;AC=MS:1000422	32 NCE	335m/z-1600m/z	NT=High-pH reversed-phase chromatography (hpHRP);AC=PRIDE:0000564	10 ppm	20 ppm	single TMTpro multiplex	NT=Carbamidomethyl;AC=UNIMOD:4;MT=fixed;TA=C;PP=Anywhere	NT=Oxidation;AC=UNIMOD:35;MT=variable;TA=M;PP=Anywhere	NT=Acetyl;AC=UNIMOD:1;MT=variable;PP=Protein N-term	NT=Dioxidation;AC=UNIMOD:425;MT=variable;TA=M,W;PP=Anywhere	NT=Deamidated;AC=UNIMOD:7;MT=variable;TA=N,Q;PP=Anywhere	NT=Gln->pyro-Glu;AC=UNIMOD:28;MT=variable;TA=Q;PP=Any N-term	NT=TMTpro;AC=UNIMOD:2016;MT=fixed;TA=K;PP=Anywhere	NT=TMTpro;AC=UNIMOD:2016;MT=fixed;PP=Any N-term	v3.0.0	ms-proteomics v1.1.0	human v1.1.0	cell-lines v1.1.0	BI01590068
PXD047934_0068_rep2	Homo sapiens	not available	not available	not available	cell line	study sample	not available	not available	not available	not available	not available	not available	not available	2	BI01590068	1 uM	24 hour	272_2023_VV-TMT-Frac3	proteomic profiling by mass spectrometry	272_2023_VV-TMT-Frac3.raw	ftp://ftp.pride.ebi.ac.uk/pride/data/archive/2024/10/PXD047934/272_2023_VV-TMT-Frac3.raw	TMT130N	1	3	NT=Q Exactive HF;AC=MS:1002523	NT=Data-dependent acquisition;AC=PRIDE:0000627	NT=Trypsin;AC=MS:1001251	NT=beam-type collision-induced dissociation;AC=MS:1000422	32 NCE	335m/z-1600m/z	NT=High-pH reversed-phase chromatography (hpHRP);AC=PRIDE:0000564	10 ppm	20 ppm	single TMTpro multiplex	NT=Carbamidomethyl;AC=UNIMOD:4;MT=fixed;TA=C;PP=Anywhere	NT=Oxidation;AC=UNIMOD:35;MT=variable;TA=M;PP=Anywhere	NT=Acetyl;AC=UNIMOD:1;MT=variable;PP=Protein N-term	NT=Dioxidation;AC=UNIMOD:425;MT=variable;TA=M,W;PP=Anywhere	NT=Deamidated;AC=UNIMOD:7;MT=variable;TA=N,Q;PP=Anywhere	NT=Gln->pyro-Glu;AC=UNIMOD:28;MT=variable;TA=Q;PP=Any N-term	NT=TMTpro;AC=UNIMOD:2016;MT=fixed;TA=K;PP=Anywhere	NT=TMTpro;AC=UNIMOD:2016;MT=fixed;PP=Any N-term	v3.0.0	ms-proteomics v1.1.0	human v1.1.0	cell-lines v1.1.0	BI01590068
PXD047934_0068_rep3	Homo sapiens	not available	not available	not available	cell line	study sample	not available	not available	not available	not available	not available	not available	not available	3	BI01590068	1 uM	24 hour	272_2023_VV-TMT-Frac3	proteomic profiling by mass spectrometry	272_2023_VV-TMT-Frac3.raw	ftp://ftp.pride.ebi.ac.uk/pride/data/archive/2024/10/PXD047934/272_2023_VV-TMT-Frac3.raw	TMT130C	1	3	NT=Q Exactive HF;AC=MS:1002523	NT=Data-dependent acquisition;AC=PRIDE:0000627	NT=Trypsin;AC=MS:1001251	NT=beam-type collision-induced dissociation;AC=MS:1000422	32 NCE	335m/z-1600m/z	NT=High-pH reversed-phase chromatography (hpHRP);AC=PRIDE:0000564	10 ppm	20 ppm	single TMTpro multiplex	NT=Carbamidomethyl;AC=UNIMOD:4;MT=fixed;TA=C;PP=Anywhere	NT=Oxidation;AC=UNIMOD:35;MT=variable;TA=M;PP=Anywhere	NT=Acetyl;AC=UNIMOD:1;MT=variable;PP=Protein N-term	NT=Dioxidation;AC=UNIMOD:425;MT=variable;TA=M,W;PP=Anywhere	NT=Deamidated;AC=UNIMOD:7;MT=variable;TA=N,Q;PP=Anywhere	NT=Gln->pyro-Glu;AC=UNIMOD:28;MT=variable;TA=Q;PP=Any N-term	NT=TMTpro;AC=UNIMOD:2016;MT=fixed;TA=K;PP=Anywhere	NT=TMTpro;AC=UNIMOD:2016;MT=fixed;PP=Any N-term	v3.0.0	ms-proteomics v1.1.0	human v1.1.0	cell-lines v1.1.0	BI01590068
PXD047934_chx_rep1	Homo sapiens	not available	not available	not available	cell line	study sample	not available	not available	not available	not available	not available	not available	not available	1	cycloheximide	100 ug/mL	24 hour	272_2023_VV-TMT-Frac3	proteomic profiling by mass spectrometry	272_2023_VV-TMT-Frac3.raw	ftp://ftp.pride.ebi.ac.uk/pride/data/archive/2024/10/PXD047934/272_2023_VV-TMT-Frac3.raw	TMT131N	1	3	NT=Q Exactive HF;AC=MS:1002523	NT=Data-dependent acquisition;AC=PRIDE:0000627	NT=Trypsin;AC=MS:1001251	NT=beam-type collision-induced dissociation;AC=MS:1000422	32 NCE	335m/z-1600m/z	NT=High-pH reversed-phase chromatography (hpHRP);AC=PRIDE:0000564	10 ppm	20 ppm	single TMTpro multiplex	NT=Carbamidomethyl;AC=UNIMOD:4;MT=fixed;TA=C;PP=Anywhere	NT=Oxidation;AC=UNIMOD:35;MT=variable;TA=M;PP=Anywhere	NT=Acetyl;AC=UNIMOD:1;MT=variable;PP=Protein N-term	NT=Dioxidation;AC=UNIMOD:425;MT=variable;TA=M,W;PP=Anywhere	NT=Deamidated;AC=UNIMOD:7;MT=variable;TA=N,Q;PP=Anywhere	NT=Gln->pyro-Glu;AC=UNIMOD:28;MT=variable;TA=Q;PP=Any N-term	NT=TMTpro;AC=UNIMOD:2016;MT=fixed;TA=K;PP=Anywhere	NT=TMTpro;AC=UNIMOD:2016;MT=fixed;PP=Any N-term	v3.0.0	ms-proteomics v1.1.0	human v1.1.0	cell-lines v1.1.0	cycloheximide
PXD047934_chx_rep2	Homo sapiens	not available	not available	not available	cell line	study sample	not available	not available	not available	not available	not available	not available	not available	2	cycloheximide	100 ug/mL	24 hour	272_2023_VV-TMT-Frac3	proteomic profiling by mass spectrometry	272_2023_VV-TMT-Frac3.raw	ftp://ftp.pride.ebi.ac.uk/pride/data/archive/2024/10/PXD047934/272_2023_VV-TMT-Frac3.raw	TMT131C	1	3	NT=Q Exactive HF;AC=MS:1002523	NT=Data-dependent acquisition;AC=PRIDE:0000627	NT=Trypsin;AC=MS:1001251	NT=beam-type collision-induced dissociation;AC=MS:1000422	32 NCE	335m/z-1600m/z	NT=High-pH reversed-phase chromatography (hpHRP);AC=PRIDE:0000564	10 ppm	20 ppm	single TMTpro multiplex	NT=Carbamidomethyl;AC=UNIMOD:4;MT=fixed;TA=C;PP=Anywhere	NT=Oxidation;AC=UNIMOD:35;MT=variable;TA=M;PP=Anywhere	NT=Acetyl;AC=UNIMOD:1;MT=variable;PP=Protein N-term	NT=Dioxidation;AC=UNIMOD:425;MT=variable;TA=M,W;PP=Anywhere	NT=Deamidated;AC=UNIMOD:7;MT=variable;TA=N,Q;PP=Anywhere	NT=Gln->pyro-Glu;AC=UNIMOD:28;MT=variable;TA=Q;PP=Any N-term	NT=TMTpro;AC=UNIMOD:2016;MT=fixed;TA=K;PP=Anywhere	NT=TMTpro;AC=UNIMOD:2016;MT=fixed;PP=Any N-term	v3.0.0	ms-proteomics v1.1.0	human v1.1.0	cell-lines v1.1.0	cycloheximide
PXD047934_chx_rep3	Homo sapiens	not available	not available	not available	cell line	study sample	not available	not available	not available	not available	not available	not available	not available	3	cycloheximide	100 ug/mL	24 hour	272_2023_VV-TMT-Frac3	proteomic profiling by mass spectrometry	272_2023_VV-TMT-Frac3.raw	ftp://ftp.pride.ebi.ac.uk/pride/data/archive/2024/10/PXD047934/272_2023_VV-TMT-Frac3.raw	TMT132N	1	3	NT=Q Exactive HF;AC=MS:1002523	NT=Data-dependent acquisition;AC=PRIDE:0000627	NT=Trypsin;AC=MS:1001251	NT=beam-type collision-induced dissociation;AC=MS:1000422	32 NCE	335m/z-1600m/z	NT=High-pH reversed-phase chromatography (hpHRP);AC=PRIDE:0000564	10 ppm	20 ppm	single TMTpro multiplex	NT=Carbamidomethyl;AC=UNIMOD:4;MT=fixed;TA=C;PP=Anywhere	NT=Oxidation;AC=UNIMOD:35;MT=variable;TA=M;PP=Anywhere	NT=Acetyl;AC=UNIMOD:1;MT=variable;PP=Protein N-term	NT=Dioxidation;AC=UNIMOD:425;MT=variable;TA=M,W;PP=Anywhere	NT=Deamidated;AC=UNIMOD:7;MT=variable;TA=N,Q;PP=Anywhere	NT=Gln->pyro-Glu;AC=UNIMOD:28;MT=variable;TA=Q;PP=Any N-term	NT=TMTpro;AC=UNIMOD:2016;MT=fixed;TA=K;PP=Anywhere	NT=TMTpro;AC=UNIMOD:2016;MT=fixed;PP=Any N-term	v3.0.0	ms-proteomics v1.1.0	human v1.1.0	cell-lines v1.1.0	cycloheximide
PXD047934_cc885_rep1	Homo sapiens	not available	not available	not available	cell line	study sample	not available	not available	not available	not available	not available	not available	not available	1	CC-885	1 uM	24 hour	272_2023_VV-TMT-Frac3	proteomic profiling by mass spectrometry	272_2023_VV-TMT-Frac3.raw	ftp://ftp.pride.ebi.ac.uk/pride/data/archive/2024/10/PXD047934/272_2023_VV-TMT-Frac3.raw	TMT132C	1	3	NT=Q Exactive HF;AC=MS:1002523	NT=Data-dependent acquisition;AC=PRIDE:0000627	NT=Trypsin;AC=MS:1001251	NT=beam-type collision-induced dissociation;AC=MS:1000422	32 NCE	335m/z-1600m/z	NT=High-pH reversed-phase chromatography (hpHRP);AC=PRIDE:0000564	10 ppm	20 ppm	single TMTpro multiplex	NT=Carbamidomethyl;AC=UNIMOD:4;MT=fixed;TA=C;PP=Anywhere	NT=Oxidation;AC=UNIMOD:35;MT=variable;TA=M;PP=Anywhere	NT=Acetyl;AC=UNIMOD:1;MT=variable;PP=Protein N-term	NT=Dioxidation;AC=UNIMOD:425;MT=variable;TA=M,W;PP=Anywhere	NT=Deamidated;AC=UNIMOD:7;MT=variable;TA=N,Q;PP=Anywhere	NT=Gln->pyro-Glu;AC=UNIMOD:28;MT=variable;TA=Q;PP=Any N-term	NT=TMTpro;AC=UNIMOD:2016;MT=fixed;TA=K;PP=Anywhere	NT=TMTpro;AC=UNIMOD:2016;MT=fixed;PP=Any N-term	v3.0.0	ms-proteomics v1.1.0	human v1.1.0	cell-lines v1.1.0	CC-885
PXD047934_cc885_rep2	Homo sapiens	not available	not available	not available	cell line	study sample	not available	not available	not available	not available	not available	not available	not available	2	CC-885	1 uM	24 hour	272_2023_VV-TMT-Frac3	proteomic profiling by mass spectrometry	272_2023_VV-TMT-Frac3.raw	ftp://ftp.pride.ebi.ac.uk/pride/data/archive/2024/10/PXD047934/272_2023_VV-TMT-Frac3.raw	TMT133N	1	3	NT=Q Exactive HF;AC=MS:1002523	NT=Data-dependent acquisition;AC=PRIDE:0000627	NT=Trypsin;AC=MS:1001251	NT=beam-type collision-induced dissociation;AC=MS:1000422	32 NCE	335m/z-1600m/z	NT=High-pH reversed-phase chromatography (hpHRP);AC=PRIDE:0000564	10 ppm	20 ppm	single TMTpro multiplex	NT=Carbamidomethyl;AC=UNIMOD:4;MT=fixed;TA=C;PP=Anywhere	NT=Oxidation;AC=UNIMOD:35;MT=variable;TA=M;PP=Anywhere	NT=Acetyl;AC=UNIMOD:1;MT=variable;PP=Protein N-term	NT=Dioxidation;AC=UNIMOD:425;MT=variable;TA=M,W;PP=Anywhere	NT=Deamidated;AC=UNIMOD:7;MT=variable;TA=N,Q;PP=Anywhere	NT=Gln->pyro-Glu;AC=UNIMOD:28;MT=variable;TA=Q;PP=Any N-term	NT=TMTpro;AC=UNIMOD:2016;MT=fixed;TA=K;PP=Anywhere	NT=TMTpro;AC=UNIMOD:2016;MT=fixed;PP=Any N-term	v3.0.0	ms-proteomics v1.1.0	human v1.1.0	cell-lines v1.1.0	CC-885
PXD047934_cc885_rep3	Homo sapiens	not available	not available	not available	cell line	study sample	not available	not available	not available	not available	not available	not available	not available	3	CC-885	1 uM	24 hour	272_2023_VV-TMT-Frac3	proteomic profiling by mass spectrometry	272_2023_VV-TMT-Frac3.raw	ftp://ftp.pride.ebi.ac.uk/pride/data/archive/2024/10/PXD047934/272_2023_VV-TMT-Frac3.raw	TMT133C	1	3	NT=Q Exactive HF;AC=MS:1002523	NT=Data-dependent acquisition;AC=PRIDE:0000627	NT=Trypsin;AC=MS:1001251	NT=beam-type collision-induced dissociation;AC=MS:1000422	32 NCE	335m/z-1600m/z	NT=High-pH reversed-phase chromatography (hpHRP);AC=PRIDE:0000564	10 ppm	20 ppm	single TMTpro multiplex	NT=Carbamidomethyl;AC=UNIMOD:4;MT=fixed;TA=C;PP=Anywhere	NT=Oxidation;AC=UNIMOD:35;MT=variable;TA=M;PP=Anywhere	NT=Acetyl;AC=UNIMOD:1;MT=variable;PP=Protein N-term	NT=Dioxidation;AC=UNIMOD:425;MT=variable;TA=M,W;PP=Anywhere	NT=Deamidated;AC=UNIMOD:7;MT=variable;TA=N,Q;PP=Anywhere	NT=Gln->pyro-Glu;AC=UNIMOD:28;MT=variable;TA=Q;PP=Any N-term	NT=TMTpro;AC=UNIMOD:2016;MT=fixed;TA=K;PP=Anywhere	NT=TMTpro;AC=UNIMOD:2016;MT=fixed;PP=Any N-term	v3.0.0	ms-proteomics v1.1.0	human v1.1.0	cell-lines v1.1.0	CC-885
PXD047934_dmso_rep1	Homo sapiens	not available	not available	not available	cell line	study sample	not available	not available	not available	not available	not available	not available	not available	1	dimethyl sulfoxide	not available	24 hour	272_2023_VV-TMT-Frac4	proteomic profiling by mass spectrometry	272_2023_VV-TMT-Frac4.raw	ftp://ftp.pride.ebi.ac.uk/pride/data/archive/2024/10/PXD047934/272_2023_VV-TMT-Frac4.raw	TMT126	1	4	NT=Q Exactive HF;AC=MS:1002523	NT=Data-dependent acquisition;AC=PRIDE:0000627	NT=Trypsin;AC=MS:1001251	NT=beam-type collision-induced dissociation;AC=MS:1000422	32 NCE	335m/z-1600m/z	NT=High-pH reversed-phase chromatography (hpHRP);AC=PRIDE:0000564	10 ppm	20 ppm	single TMTpro multiplex	NT=Carbamidomethyl;AC=UNIMOD:4;MT=fixed;TA=C;PP=Anywhere	NT=Oxidation;AC=UNIMOD:35;MT=variable;TA=M;PP=Anywhere	NT=Acetyl;AC=UNIMOD:1;MT=variable;PP=Protein N-term	NT=Dioxidation;AC=UNIMOD:425;MT=variable;TA=M,W;PP=Anywhere	NT=Deamidated;AC=UNIMOD:7;MT=variable;TA=N,Q;PP=Anywhere	NT=Gln->pyro-Glu;AC=UNIMOD:28;MT=variable;TA=Q;PP=Any N-term	NT=TMTpro;AC=UNIMOD:2016;MT=fixed;TA=K;PP=Anywhere	NT=TMTpro;AC=UNIMOD:2016;MT=fixed;PP=Any N-term	v3.0.0	ms-proteomics v1.1.0	human v1.1.0	cell-lines v1.1.0	dimethyl sulfoxide
PXD047934_dmso_rep2	Homo sapiens	not available	not available	not available	cell line	study sample	not available	not available	not available	not available	not available	not available	not available	2	dimethyl sulfoxide	not available	24 hour	272_2023_VV-TMT-Frac4	proteomic profiling by mass spectrometry	272_2023_VV-TMT-Frac4.raw	ftp://ftp.pride.ebi.ac.uk/pride/data/archive/2024/10/PXD047934/272_2023_VV-TMT-Frac4.raw	TMT127N	1	4	NT=Q Exactive HF;AC=MS:1002523	NT=Data-dependent acquisition;AC=PRIDE:0000627	NT=Trypsin;AC=MS:1001251	NT=beam-type collision-induced dissociation;AC=MS:1000422	32 NCE	335m/z-1600m/z	NT=High-pH reversed-phase chromatography (hpHRP);AC=PRIDE:0000564	10 ppm	20 ppm	single TMTpro multiplex	NT=Carbamidomethyl;AC=UNIMOD:4;MT=fixed;TA=C;PP=Anywhere	NT=Oxidation;AC=UNIMOD:35;MT=variable;TA=M;PP=Anywhere	NT=Acetyl;AC=UNIMOD:1;MT=variable;PP=Protein N-term	NT=Dioxidation;AC=UNIMOD:425;MT=variable;TA=M,W;PP=Anywhere	NT=Deamidated;AC=UNIMOD:7;MT=variable;TA=N,Q;PP=Anywhere	NT=Gln->pyro-Glu;AC=UNIMOD:28;MT=variable;TA=Q;PP=Any N-term	NT=TMTpro;AC=UNIMOD:2016;MT=fixed;TA=K;PP=Anywhere	NT=TMTpro;AC=UNIMOD:2016;MT=fixed;PP=Any N-term	v3.0.0	ms-proteomics v1.1.0	human v1.1.0	cell-lines v1.1.0	dimethyl sulfoxide
PXD047934_dmso_rep3	Homo sapiens	not available	not available	not available	cell line	study sample	not available	not available	not available	not available	not available	not available	not available	3	dimethyl sulfoxide	not available	24 hour	272_2023_VV-TMT-Frac4	proteomic profiling by mass spectrometry	272_2023_VV-TMT-Frac4.raw	ftp://ftp.pride.ebi.ac.uk/pride/data/archive/2024/10/PXD047934/272_2023_VV-TMT-Frac4.raw	TMT127C	1	4	NT=Q Exactive HF;AC=MS:1002523	NT=Data-dependent acquisition;AC=PRIDE:0000627	NT=Trypsin;AC=MS:1001251	NT=beam-type collision-induced dissociation;AC=MS:1000422	32 NCE	335m/z-1600m/z	NT=High-pH reversed-phase chromatography (hpHRP);AC=PRIDE:0000564	10 ppm	20 ppm	single TMTpro multiplex	NT=Carbamidomethyl;AC=UNIMOD:4;MT=fixed;TA=C;PP=Anywhere	NT=Oxidation;AC=UNIMOD:35;MT=variable;TA=M;PP=Anywhere	NT=Acetyl;AC=UNIMOD:1;MT=variable;PP=Protein N-term	NT=Dioxidation;AC=UNIMOD:425;MT=variable;TA=M,W;PP=Anywhere	NT=Deamidated;AC=UNIMOD:7;MT=variable;TA=N,Q;PP=Anywhere	NT=Gln->pyro-Glu;AC=UNIMOD:28;MT=variable;TA=Q;PP=Any N-term	NT=TMTpro;AC=UNIMOD:2016;MT=fixed;TA=K;PP=Anywhere	NT=TMTpro;AC=UNIMOD:2016;MT=fixed;PP=Any N-term	v3.0.0	ms-proteomics v1.1.0	human v1.1.0	cell-lines v1.1.0	dimethyl sulfoxide
PXD047934_8451_rep1	Homo sapiens	not available	not available	not available	cell line	study sample	not available	not available	not available	not available	not available	not available	not available	1	BI03058451	1 uM	24 hour	272_2023_VV-TMT-Frac4	proteomic profiling by mass spectrometry	272_2023_VV-TMT-Frac4.raw	ftp://ftp.pride.ebi.ac.uk/pride/data/archive/2024/10/PXD047934/272_2023_VV-TMT-Frac4.raw	TMT128N	1	4	NT=Q Exactive HF;AC=MS:1002523	NT=Data-dependent acquisition;AC=PRIDE:0000627	NT=Trypsin;AC=MS:1001251	NT=beam-type collision-induced dissociation;AC=MS:1000422	32 NCE	335m/z-1600m/z	NT=High-pH reversed-phase chromatography (hpHRP);AC=PRIDE:0000564	10 ppm	20 ppm	single TMTpro multiplex	NT=Carbamidomethyl;AC=UNIMOD:4;MT=fixed;TA=C;PP=Anywhere	NT=Oxidation;AC=UNIMOD:35;MT=variable;TA=M;PP=Anywhere	NT=Acetyl;AC=UNIMOD:1;MT=variable;PP=Protein N-term	NT=Dioxidation;AC=UNIMOD:425;MT=variable;TA=M,W;PP=Anywhere	NT=Deamidated;AC=UNIMOD:7;MT=variable;TA=N,Q;PP=Anywhere	NT=Gln->pyro-Glu;AC=UNIMOD:28;MT=variable;TA=Q;PP=Any N-term	NT=TMTpro;AC=UNIMOD:2016;MT=fixed;TA=K;PP=Anywhere	NT=TMTpro;AC=UNIMOD:2016;MT=fixed;PP=Any N-term	v3.0.0	ms-proteomics v1.1.0	human v1.1.0	cell-lines v1.1.0	BI03058451
PXD047934_8451_rep2	Homo sapiens	not available	not available	not available	cell line	study sample	not available	not available	not available	not available	not available	not available	not available	2	BI03058451	1 uM	24 hour	272_2023_VV-TMT-Frac4	proteomic profiling by mass spectrometry	272_2023_VV-TMT-Frac4.raw	ftp://ftp.pride.ebi.ac.uk/pride/data/archive/2024/10/PXD047934/272_2023_VV-TMT-Frac4.raw	TMT128C	1	4	NT=Q Exactive HF;AC=MS:1002523	NT=Data-dependent acquisition;AC=PRIDE:0000627	NT=Trypsin;AC=MS:1001251	NT=beam-type collision-induced dissociation;AC=MS:1000422	32 NCE	335m/z-1600m/z	NT=High-pH reversed-phase chromatography (hpHRP);AC=PRIDE:0000564	10 ppm	20 ppm	single TMTpro multiplex	NT=Carbamidomethyl;AC=UNIMOD:4;MT=fixed;TA=C;PP=Anywhere	NT=Oxidation;AC=UNIMOD:35;MT=variable;TA=M;PP=Anywhere	NT=Acetyl;AC=UNIMOD:1;MT=variable;PP=Protein N-term	NT=Dioxidation;AC=UNIMOD:425;MT=variable;TA=M,W;PP=Anywhere	NT=Deamidated;AC=UNIMOD:7;MT=variable;TA=N,Q;PP=Anywhere	NT=Gln->pyro-Glu;AC=UNIMOD:28;MT=variable;TA=Q;PP=Any N-term	NT=TMTpro;AC=UNIMOD:2016;MT=fixed;TA=K;PP=Anywhere	NT=TMTpro;AC=UNIMOD:2016;MT=fixed;PP=Any N-term	v3.0.0	ms-proteomics v1.1.0	human v1.1.0	cell-lines v1.1.0	BI03058451
PXD047934_8451_rep3	Homo sapiens	not available	not available	not available	cell line	study sample	not available	not available	not available	not available	not available	not available	not available	3	BI03058451	1 uM	24 hour	272_2023_VV-TMT-Frac4	proteomic profiling by mass spectrometry	272_2023_VV-TMT-Frac4.raw	ftp://ftp.pride.ebi.ac.uk/pride/data/archive/2024/10/PXD047934/272_2023_VV-TMT-Frac4.raw	TMT129N	1	4	NT=Q Exactive HF;AC=MS:1002523	NT=Data-dependent acquisition;AC=PRIDE:0000627	NT=Trypsin;AC=MS:1001251	NT=beam-type collision-induced dissociation;AC=MS:1000422	32 NCE	335m/z-1600m/z	NT=High-pH reversed-phase chromatography (hpHRP);AC=PRIDE:0000564	10 ppm	20 ppm	single TMTpro multiplex	NT=Carbamidomethyl;AC=UNIMOD:4;MT=fixed;TA=C;PP=Anywhere	NT=Oxidation;AC=UNIMOD:35;MT=variable;TA=M;PP=Anywhere	NT=Acetyl;AC=UNIMOD:1;MT=variable;PP=Protein N-term	NT=Dioxidation;AC=UNIMOD:425;MT=variable;TA=M,W;PP=Anywhere	NT=Deamidated;AC=UNIMOD:7;MT=variable;TA=N,Q;PP=Anywhere	NT=Gln->pyro-Glu;AC=UNIMOD:28;MT=variable;TA=Q;PP=Any N-term	NT=TMTpro;AC=UNIMOD:2016;MT=fixed;TA=K;PP=Anywhere	NT=TMTpro;AC=UNIMOD:2016;MT=fixed;PP=Any N-term	v3.0.0	ms-proteomics v1.1.0	human v1.1.0	cell-lines v1.1.0	BI03058451
PXD047934_0068_rep1	Homo sapiens	not available	not available	not available	cell line	study sample	not available	not available	not available	not available	not available	not available	not available	1	BI01590068	1 uM	24 hour	272_2023_VV-TMT-Frac4	proteomic profiling by mass spectrometry	272_2023_VV-TMT-Frac4.raw	ftp://ftp.pride.ebi.ac.uk/pride/data/archive/2024/10/PXD047934/272_2023_VV-TMT-Frac4.raw	TMT129C	1	4	NT=Q Exactive HF;AC=MS:1002523	NT=Data-dependent acquisition;AC=PRIDE:0000627	NT=Trypsin;AC=MS:1001251	NT=beam-type collision-induced dissociation;AC=MS:1000422	32 NCE	335m/z-1600m/z	NT=High-pH reversed-phase chromatography (hpHRP);AC=PRIDE:0000564	10 ppm	20 ppm	single TMTpro multiplex	NT=Carbamidomethyl;AC=UNIMOD:4;MT=fixed;TA=C;PP=Anywhere	NT=Oxidation;AC=UNIMOD:35;MT=variable;TA=M;PP=Anywhere	NT=Acetyl;AC=UNIMOD:1;MT=variable;PP=Protein N-term	NT=Dioxidation;AC=UNIMOD:425;MT=variable;TA=M,W;PP=Anywhere	NT=Deamidated;AC=UNIMOD:7;MT=variable;TA=N,Q;PP=Anywhere	NT=Gln->pyro-Glu;AC=UNIMOD:28;MT=variable;TA=Q;PP=Any N-term	NT=TMTpro;AC=UNIMOD:2016;MT=fixed;TA=K;PP=Anywhere	NT=TMTpro;AC=UNIMOD:2016;MT=fixed;PP=Any N-term	v3.0.0	ms-proteomics v1.1.0	human v1.1.0	cell-lines v1.1.0	BI01590068
PXD047934_0068_rep2	Homo sapiens	not available	not available	not available	cell line	study sample	not available	not available	not available	not available	not available	not available	not available	2	BI01590068	1 uM	24 hour	272_2023_VV-TMT-Frac4	proteomic profiling by mass spectrometry	272_2023_VV-TMT-Frac4.raw	ftp://ftp.pride.ebi.ac.uk/pride/data/archive/2024/10/PXD047934/272_2023_VV-TMT-Frac4.raw	TMT130N	1	4	NT=Q Exactive HF;AC=MS:1002523	NT=Data-dependent acquisition;AC=PRIDE:0000627	NT=Trypsin;AC=MS:1001251	NT=beam-type collision-induced dissociation;AC=MS:1000422	32 NCE	335m/z-1600m/z	NT=High-pH reversed-phase chromatography (hpHRP);AC=PRIDE:0000564	10 ppm	20 ppm	single TMTpro multiplex	NT=Carbamidomethyl;AC=UNIMOD:4;MT=fixed;TA=C;PP=Anywhere	NT=Oxidation;AC=UNIMOD:35;MT=variable;TA=M;PP=Anywhere	NT=Acetyl;AC=UNIMOD:1;MT=variable;PP=Protein N-term	NT=Dioxidation;AC=UNIMOD:425;MT=variable;TA=M,W;PP=Anywhere	NT=Deamidated;AC=UNIMOD:7;MT=variable;TA=N,Q;PP=Anywhere	NT=Gln->pyro-Glu;AC=UNIMOD:28;MT=variable;TA=Q;PP=Any N-term	NT=TMTpro;AC=UNIMOD:2016;MT=fixed;TA=K;PP=Anywhere	NT=TMTpro;AC=UNIMOD:2016;MT=fixed;PP=Any N-term	v3.0.0	ms-proteomics v1.1.0	human v1.1.0	cell-lines v1.1.0	BI01590068
PXD047934_0068_rep3	Homo sapiens	not available	not available	not available	cell line	study sample	not available	not available	not available	not available	not available	not available	not available	3	BI01590068	1 uM	24 hour	272_2023_VV-TMT-Frac4	proteomic profiling by mass spectrometry	272_2023_VV-TMT-Frac4.raw	ftp://ftp.pride.ebi.ac.uk/pride/data/archive/2024/10/PXD047934/272_2023_VV-TMT-Frac4.raw	TMT130C	1	4	NT=Q Exactive HF;AC=MS:1002523	NT=Data-dependent acquisition;AC=PRIDE:0000627	NT=Trypsin;AC=MS:1001251	NT=beam-type collision-induced dissociation;AC=MS:1000422	32 NCE	335m/z-1600m/z	NT=High-pH reversed-phase chromatography (hpHRP);AC=PRIDE:0000564	10 ppm	20 ppm	single TMTpro multiplex	NT=Carbamidomethyl;AC=UNIMOD:4;MT=fixed;TA=C;PP=Anywhere	NT=Oxidation;AC=UNIMOD:35;MT=variable;TA=M;PP=Anywhere	NT=Acetyl;AC=UNIMOD:1;MT=variable;PP=Protein N-term	NT=Dioxidation;AC=UNIMOD:425;MT=variable;TA=M,W;PP=Anywhere	NT=Deamidated;AC=UNIMOD:7;MT=variable;TA=N,Q;PP=Anywhere	NT=Gln->pyro-Glu;AC=UNIMOD:28;MT=variable;TA=Q;PP=Any N-term	NT=TMTpro;AC=UNIMOD:2016;MT=fixed;TA=K;PP=Anywhere	NT=TMTpro;AC=UNIMOD:2016;MT=fixed;PP=Any N-term	v3.0.0	ms-proteomics v1.1.0	human v1.1.0	cell-lines v1.1.0	BI01590068
PXD047934_chx_rep1	Homo sapiens	not available	not available	not available	cell line	study sample	not available	not available	not available	not available	not available	not available	not available	1	cycloheximide	100 ug/mL	24 hour	272_2023_VV-TMT-Frac4	proteomic profiling by mass spectrometry	272_2023_VV-TMT-Frac4.raw	ftp://ftp.pride.ebi.ac.uk/pride/data/archive/2024/10/PXD047934/272_2023_VV-TMT-Frac4.raw	TMT131N	1	4	NT=Q Exactive HF;AC=MS:1002523	NT=Data-dependent acquisition;AC=PRIDE:0000627	NT=Trypsin;AC=MS:1001251	NT=beam-type collision-induced dissociation;AC=MS:1000422	32 NCE	335m/z-1600m/z	NT=High-pH reversed-phase chromatography (hpHRP);AC=PRIDE:0000564	10 ppm	20 ppm	single TMTpro multiplex	NT=Carbamidomethyl;AC=UNIMOD:4;MT=fixed;TA=C;PP=Anywhere	NT=Oxidation;AC=UNIMOD:35;MT=variable;TA=M;PP=Anywhere	NT=Acetyl;AC=UNIMOD:1;MT=variable;PP=Protein N-term	NT=Dioxidation;AC=UNIMOD:425;MT=variable;TA=M,W;PP=Anywhere	NT=Deamidated;AC=UNIMOD:7;MT=variable;TA=N,Q;PP=Anywhere	NT=Gln->pyro-Glu;AC=UNIMOD:28;MT=variable;TA=Q;PP=Any N-term	NT=TMTpro;AC=UNIMOD:2016;MT=fixed;TA=K;PP=Anywhere	NT=TMTpro;AC=UNIMOD:2016;MT=fixed;PP=Any N-term	v3.0.0	ms-proteomics v1.1.0	human v1.1.0	cell-lines v1.1.0	cycloheximide
PXD047934_chx_rep2	Homo sapiens	not available	not available	not available	cell line	study sample	not available	not available	not available	not available	not available	not available	not available	2	cycloheximide	100 ug/mL	24 hour	272_2023_VV-TMT-Frac4	proteomic profiling by mass spectrometry	272_2023_VV-TMT-Frac4.raw	ftp://ftp.pride.ebi.ac.uk/pride/data/archive/2024/10/PXD047934/272_2023_VV-TMT-Frac4.raw	TMT131C	1	4	NT=Q Exactive HF;AC=MS:1002523	NT=Data-dependent acquisition;AC=PRIDE:0000627	NT=Trypsin;AC=MS:1001251	NT=beam-type collision-induced dissociation;AC=MS:1000422	32 NCE	335m/z-1600m/z	NT=High-pH reversed-phase chromatography (hpHRP);AC=PRIDE:0000564	10 ppm	20 ppm	single TMTpro multiplex	NT=Carbamidomethyl;AC=UNIMOD:4;MT=fixed;TA=C;PP=Anywhere	NT=Oxidation;AC=UNIMOD:35;MT=variable;TA=M;PP=Anywhere	NT=Acetyl;AC=UNIMOD:1;MT=variable;PP=Protein N-term	NT=Dioxidation;AC=UNIMOD:425;MT=variable;TA=M,W;PP=Anywhere	NT=Deamidated;AC=UNIMOD:7;MT=variable;TA=N,Q;PP=Anywhere	NT=Gln->pyro-Glu;AC=UNIMOD:28;MT=variable;TA=Q;PP=Any N-term	NT=TMTpro;AC=UNIMOD:2016;MT=fixed;TA=K;PP=Anywhere	NT=TMTpro;AC=UNIMOD:2016;MT=fixed;PP=Any N-term	v3.0.0	ms-proteomics v1.1.0	human v1.1.0	cell-lines v1.1.0	cycloheximide
PXD047934_chx_rep3	Homo sapiens	not available	not available	not available	cell line	study sample	not available	not available	not available	not available	not available	not available	not available	3	cycloheximide	100 ug/mL	24 hour	272_2023_VV-TMT-Frac4	proteomic profiling by mass spectrometry	272_2023_VV-TMT-Frac4.raw	ftp://ftp.pride.ebi.ac.uk/pride/data/archive/2024/10/PXD047934/272_2023_VV-TMT-Frac4.raw	TMT132N	1	4	NT=Q Exactive HF;AC=MS:1002523	NT=Data-dependent acquisition;AC=PRIDE:0000627	NT=Trypsin;AC=MS:1001251	NT=beam-type collision-induced dissociation;AC=MS:1000422	32 NCE	335m/z-1600m/z	NT=High-pH reversed-phase chromatography (hpHRP);AC=PRIDE:0000564	10 ppm	20 ppm	single TMTpro multiplex	NT=Carbamidomethyl;AC=UNIMOD:4;MT=fixed;TA=C;PP=Anywhere	NT=Oxidation;AC=UNIMOD:35;MT=variable;TA=M;PP=Anywhere	NT=Acetyl;AC=UNIMOD:1;MT=variable;PP=Protein N-term	NT=Dioxidation;AC=UNIMOD:425;MT=variable;TA=M,W;PP=Anywhere	NT=Deamidated;AC=UNIMOD:7;MT=variable;TA=N,Q;PP=Anywhere	NT=Gln->pyro-Glu;AC=UNIMOD:28;MT=variable;TA=Q;PP=Any N-term	NT=TMTpro;AC=UNIMOD:2016;MT=fixed;TA=K;PP=Anywhere	NT=TMTpro;AC=UNIMOD:2016;MT=fixed;PP=Any N-term	v3.0.0	ms-proteomics v1.1.0	human v1.1.0	cell-lines v1.1.0	cycloheximide
PXD047934_cc885_rep1	Homo sapiens	not available	not available	not available	cell line	study sample	not available	not available	not available	not available	not available	not available	not available	1	CC-885	1 uM	24 hour	272_2023_VV-TMT-Frac4	proteomic profiling by mass spectrometry	272_2023_VV-TMT-Frac4.raw	ftp://ftp.pride.ebi.ac.uk/pride/data/archive/2024/10/PXD047934/272_2023_VV-TMT-Frac4.raw	TMT132C	1	4	NT=Q Exactive HF;AC=MS:1002523	NT=Data-dependent acquisition;AC=PRIDE:0000627	NT=Trypsin;AC=MS:1001251	NT=beam-type collision-induced dissociation;AC=MS:1000422	32 NCE	335m/z-1600m/z	NT=High-pH reversed-phase chromatography (hpHRP);AC=PRIDE:0000564	10 ppm	20 ppm	single TMTpro multiplex	NT=Carbamidomethyl;AC=UNIMOD:4;MT=fixed;TA=C;PP=Anywhere	NT=Oxidation;AC=UNIMOD:35;MT=variable;TA=M;PP=Anywhere	NT=Acetyl;AC=UNIMOD:1;MT=variable;PP=Protein N-term	NT=Dioxidation;AC=UNIMOD:425;MT=variable;TA=M,W;PP=Anywhere	NT=Deamidated;AC=UNIMOD:7;MT=variable;TA=N,Q;PP=Anywhere	NT=Gln->pyro-Glu;AC=UNIMOD:28;MT=variable;TA=Q;PP=Any N-term	NT=TMTpro;AC=UNIMOD:2016;MT=fixed;TA=K;PP=Anywhere	NT=TMTpro;AC=UNIMOD:2016;MT=fixed;PP=Any N-term	v3.0.0	ms-proteomics v1.1.0	human v1.1.0	cell-lines v1.1.0	CC-885
PXD047934_cc885_rep2	Homo sapiens	not available	not available	not available	cell line	study sample	not available	not available	not available	not available	not available	not available	not available	2	CC-885	1 uM	24 hour	272_2023_VV-TMT-Frac4	proteomic profiling by mass spectrometry	272_2023_VV-TMT-Frac4.raw	ftp://ftp.pride.ebi.ac.uk/pride/data/archive/2024/10/PXD047934/272_2023_VV-TMT-Frac4.raw	TMT133N	1	4	NT=Q Exactive HF;AC=MS:1002523	NT=Data-dependent acquisition;AC=PRIDE:0000627	NT=Trypsin;AC=MS:1001251	NT=beam-type collision-induced dissociation;AC=MS:1000422	32 NCE	335m/z-1600m/z	NT=High-pH reversed-phase chromatography (hpHRP);AC=PRIDE:0000564	10 ppm	20 ppm	single TMTpro multiplex	NT=Carbamidomethyl;AC=UNIMOD:4;MT=fixed;TA=C;PP=Anywhere	NT=Oxidation;AC=UNIMOD:35;MT=variable;TA=M;PP=Anywhere	NT=Acetyl;AC=UNIMOD:1;MT=variable;PP=Protein N-term	NT=Dioxidation;AC=UNIMOD:425;MT=variable;TA=M,W;PP=Anywhere	NT=Deamidated;AC=UNIMOD:7;MT=variable;TA=N,Q;PP=Anywhere	NT=Gln->pyro-Glu;AC=UNIMOD:28;MT=variable;TA=Q;PP=Any N-term	NT=TMTpro;AC=UNIMOD:2016;MT=fixed;TA=K;PP=Anywhere	NT=TMTpro;AC=UNIMOD:2016;MT=fixed;PP=Any N-term	v3.0.0	ms-proteomics v1.1.0	human v1.1.0	cell-lines v1.1.0	CC-885
PXD047934_cc885_rep3	Homo sapiens	not available	not available	not available	cell line	study sample	not available	not available	not available	not available	not available	not available	not available	3	CC-885	1 uM	24 hour	272_2023_VV-TMT-Frac4	proteomic profiling by mass spectrometry	272_2023_VV-TMT-Frac4.raw	ftp://ftp.pride.ebi.ac.uk/pride/data/archive/2024/10/PXD047934/272_2023_VV-TMT-Frac4.raw	TMT133C	1	4	NT=Q Exactive HF;AC=MS:1002523	NT=Data-dependent acquisition;AC=PRIDE:0000627	NT=Trypsin;AC=MS:1001251	NT=beam-type collision-induced dissociation;AC=MS:1000422	32 NCE	335m/z-1600m/z	NT=High-pH reversed-phase chromatography (hpHRP);AC=PRIDE:0000564	10 ppm	20 ppm	single TMTpro multiplex	NT=Carbamidomethyl;AC=UNIMOD:4;MT=fixed;TA=C;PP=Anywhere	NT=Oxidation;AC=UNIMOD:35;MT=variable;TA=M;PP=Anywhere	NT=Acetyl;AC=UNIMOD:1;MT=variable;PP=Protein N-term	NT=Dioxidation;AC=UNIMOD:425;MT=variable;TA=M,W;PP=Anywhere	NT=Deamidated;AC=UNIMOD:7;MT=variable;TA=N,Q;PP=Anywhere	NT=Gln->pyro-Glu;AC=UNIMOD:28;MT=variable;TA=Q;PP=Any N-term	NT=TMTpro;AC=UNIMOD:2016;MT=fixed;TA=K;PP=Anywhere	NT=TMTpro;AC=UNIMOD:2016;MT=fixed;PP=Any N-term	v3.0.0	ms-proteomics v1.1.0	human v1.1.0	cell-lines v1.1.0	CC-885
PXD047934_dmso_rep1	Homo sapiens	not available	not available	not available	cell line	study sample	not available	not available	not available	not available	not available	not available	not available	1	dimethyl sulfoxide	not available	24 hour	272_2023_VV-TMT-Frac5	proteomic profiling by mass spectrometry	272_2023_VV-TMT-Frac5.raw	ftp://ftp.pride.ebi.ac.uk/pride/data/archive/2024/10/PXD047934/272_2023_VV-TMT-Frac5.raw	TMT126	1	5	NT=Q Exactive HF;AC=MS:1002523	NT=Data-dependent acquisition;AC=PRIDE:0000627	NT=Trypsin;AC=MS:1001251	NT=beam-type collision-induced dissociation;AC=MS:1000422	32 NCE	335m/z-1600m/z	NT=High-pH reversed-phase chromatography (hpHRP);AC=PRIDE:0000564	10 ppm	20 ppm	single TMTpro multiplex	NT=Carbamidomethyl;AC=UNIMOD:4;MT=fixed;TA=C;PP=Anywhere	NT=Oxidation;AC=UNIMOD:35;MT=variable;TA=M;PP=Anywhere	NT=Acetyl;AC=UNIMOD:1;MT=variable;PP=Protein N-term	NT=Dioxidation;AC=UNIMOD:425;MT=variable;TA=M,W;PP=Anywhere	NT=Deamidated;AC=UNIMOD:7;MT=variable;TA=N,Q;PP=Anywhere	NT=Gln->pyro-Glu;AC=UNIMOD:28;MT=variable;TA=Q;PP=Any N-term	NT=TMTpro;AC=UNIMOD:2016;MT=fixed;TA=K;PP=Anywhere	NT=TMTpro;AC=UNIMOD:2016;MT=fixed;PP=Any N-term	v3.0.0	ms-proteomics v1.1.0	human v1.1.0	cell-lines v1.1.0	dimethyl sulfoxide
PXD047934_dmso_rep2	Homo sapiens	not available	not available	not available	cell line	study sample	not available	not available	not available	not available	not available	not available	not available	2	dimethyl sulfoxide	not available	24 hour	272_2023_VV-TMT-Frac5	proteomic profiling by mass spectrometry	272_2023_VV-TMT-Frac5.raw	ftp://ftp.pride.ebi.ac.uk/pride/data/archive/2024/10/PXD047934/272_2023_VV-TMT-Frac5.raw	TMT127N	1	5	NT=Q Exactive HF;AC=MS:1002523	NT=Data-dependent acquisition;AC=PRIDE:0000627	NT=Trypsin;AC=MS:1001251	NT=beam-type collision-induced dissociation;AC=MS:1000422	32 NCE	335m/z-1600m/z	NT=High-pH reversed-phase chromatography (hpHRP);AC=PRIDE:0000564	10 ppm	20 ppm	single TMTpro multiplex	NT=Carbamidomethyl;AC=UNIMOD:4;MT=fixed;TA=C;PP=Anywhere	NT=Oxidation;AC=UNIMOD:35;MT=variable;TA=M;PP=Anywhere	NT=Acetyl;AC=UNIMOD:1;MT=variable;PP=Protein N-term	NT=Dioxidation;AC=UNIMOD:425;MT=variable;TA=M,W;PP=Anywhere	NT=Deamidated;AC=UNIMOD:7;MT=variable;TA=N,Q;PP=Anywhere	NT=Gln->pyro-Glu;AC=UNIMOD:28;MT=variable;TA=Q;PP=Any N-term	NT=TMTpro;AC=UNIMOD:2016;MT=fixed;TA=K;PP=Anywhere	NT=TMTpro;AC=UNIMOD:2016;MT=fixed;PP=Any N-term	v3.0.0	ms-proteomics v1.1.0	human v1.1.0	cell-lines v1.1.0	dimethyl sulfoxide
PXD047934_dmso_rep3	Homo sapiens	not available	not available	not available	cell line	study sample	not available	not available	not available	not available	not available	not available	not available	3	dimethyl sulfoxide	not available	24 hour	272_2023_VV-TMT-Frac5	proteomic profiling by mass spectrometry	272_2023_VV-TMT-Frac5.raw	ftp://ftp.pride.ebi.ac.uk/pride/data/archive/2024/10/PXD047934/272_2023_VV-TMT-Frac5.raw	TMT127C	1	5	NT=Q Exactive HF;AC=MS:1002523	NT=Data-dependent acquisition;AC=PRIDE:0000627	NT=Trypsin;AC=MS:1001251	NT=beam-type collision-induced dissociation;AC=MS:1000422	32 NCE	335m/z-1600m/z	NT=High-pH reversed-phase chromatography (hpHRP);AC=PRIDE:0000564	10 ppm	20 ppm	single TMTpro multiplex	NT=Carbamidomethyl;AC=UNIMOD:4;MT=fixed;TA=C;PP=Anywhere	NT=Oxidation;AC=UNIMOD:35;MT=variable;TA=M;PP=Anywhere	NT=Acetyl;AC=UNIMOD:1;MT=variable;PP=Protein N-term	NT=Dioxidation;AC=UNIMOD:425;MT=variable;TA=M,W;PP=Anywhere	NT=Deamidated;AC=UNIMOD:7;MT=variable;TA=N,Q;PP=Anywhere	NT=Gln->pyro-Glu;AC=UNIMOD:28;MT=variable;TA=Q;PP=Any N-term	NT=TMTpro;AC=UNIMOD:2016;MT=fixed;TA=K;PP=Anywhere	NT=TMTpro;AC=UNIMOD:2016;MT=fixed;PP=Any N-term	v3.0.0	ms-proteomics v1.1.0	human v1.1.0	cell-lines v1.1.0	dimethyl sulfoxide
PXD047934_8451_rep1	Homo sapiens	not available	not available	not available	cell line	study sample	not available	not available	not available	not available	not available	not available	not available	1	BI03058451	1 uM	24 hour	272_2023_VV-TMT-Frac5	proteomic profiling by mass spectrometry	272_2023_VV-TMT-Frac5.raw	ftp://ftp.pride.ebi.ac.uk/pride/data/archive/2024/10/PXD047934/272_2023_VV-TMT-Frac5.raw	TMT128N	1	5	NT=Q Exactive HF;AC=MS:1002523	NT=Data-dependent acquisition;AC=PRIDE:0000627	NT=Trypsin;AC=MS:1001251	NT=beam-type collision-induced dissociation;AC=MS:1000422	32 NCE	335m/z-1600m/z	NT=High-pH reversed-phase chromatography (hpHRP);AC=PRIDE:0000564	10 ppm	20 ppm	single TMTpro multiplex	NT=Carbamidomethyl;AC=UNIMOD:4;MT=fixed;TA=C;PP=Anywhere	NT=Oxidation;AC=UNIMOD:35;MT=variable;TA=M;PP=Anywhere	NT=Acetyl;AC=UNIMOD:1;MT=variable;PP=Protein N-term	NT=Dioxidation;AC=UNIMOD:425;MT=variable;TA=M,W;PP=Anywhere	NT=Deamidated;AC=UNIMOD:7;MT=variable;TA=N,Q;PP=Anywhere	NT=Gln->pyro-Glu;AC=UNIMOD:28;MT=variable;TA=Q;PP=Any N-term	NT=TMTpro;AC=UNIMOD:2016;MT=fixed;TA=K;PP=Anywhere	NT=TMTpro;AC=UNIMOD:2016;MT=fixed;PP=Any N-term	v3.0.0	ms-proteomics v1.1.0	human v1.1.0	cell-lines v1.1.0	BI03058451
PXD047934_8451_rep2	Homo sapiens	not available	not available	not available	cell line	study sample	not available	not available	not available	not available	not available	not available	not available	2	BI03058451	1 uM	24 hour	272_2023_VV-TMT-Frac5	proteomic profiling by mass spectrometry	272_2023_VV-TMT-Frac5.raw	ftp://ftp.pride.ebi.ac.uk/pride/data/archive/2024/10/PXD047934/272_2023_VV-TMT-Frac5.raw	TMT128C	1	5	NT=Q Exactive HF;AC=MS:1002523	NT=Data-dependent acquisition;AC=PRIDE:0000627	NT=Trypsin;AC=MS:1001251	NT=beam-type collision-induced dissociation;AC=MS:1000422	32 NCE	335m/z-1600m/z	NT=High-pH reversed-phase chromatography (hpHRP);AC=PRIDE:0000564	10 ppm	20 ppm	single TMTpro multiplex	NT=Carbamidomethyl;AC=UNIMOD:4;MT=fixed;TA=C;PP=Anywhere	NT=Oxidation;AC=UNIMOD:35;MT=variable;TA=M;PP=Anywhere	NT=Acetyl;AC=UNIMOD:1;MT=variable;PP=Protein N-term	NT=Dioxidation;AC=UNIMOD:425;MT=variable;TA=M,W;PP=Anywhere	NT=Deamidated;AC=UNIMOD:7;MT=variable;TA=N,Q;PP=Anywhere	NT=Gln->pyro-Glu;AC=UNIMOD:28;MT=variable;TA=Q;PP=Any N-term	NT=TMTpro;AC=UNIMOD:2016;MT=fixed;TA=K;PP=Anywhere	NT=TMTpro;AC=UNIMOD:2016;MT=fixed;PP=Any N-term	v3.0.0	ms-proteomics v1.1.0	human v1.1.0	cell-lines v1.1.0	BI03058451
PXD047934_8451_rep3	Homo sapiens	not available	not available	not available	cell line	study sample	not available	not available	not available	not available	not available	not available	not available	3	BI03058451	1 uM	24 hour	272_2023_VV-TMT-Frac5	proteomic profiling by mass spectrometry	272_2023_VV-TMT-Frac5.raw	ftp://ftp.pride.ebi.ac.uk/pride/data/archive/2024/10/PXD047934/272_2023_VV-TMT-Frac5.raw	TMT129N	1	5	NT=Q Exactive HF;AC=MS:1002523	NT=Data-dependent acquisition;AC=PRIDE:0000627	NT=Trypsin;AC=MS:1001251	NT=beam-type collision-induced dissociation;AC=MS:1000422	32 NCE	335m/z-1600m/z	NT=High-pH reversed-phase chromatography (hpHRP);AC=PRIDE:0000564	10 ppm	20 ppm	single TMTpro multiplex	NT=Carbamidomethyl;AC=UNIMOD:4;MT=fixed;TA=C;PP=Anywhere	NT=Oxidation;AC=UNIMOD:35;MT=variable;TA=M;PP=Anywhere	NT=Acetyl;AC=UNIMOD:1;MT=variable;PP=Protein N-term	NT=Dioxidation;AC=UNIMOD:425;MT=variable;TA=M,W;PP=Anywhere	NT=Deamidated;AC=UNIMOD:7;MT=variable;TA=N,Q;PP=Anywhere	NT=Gln->pyro-Glu;AC=UNIMOD:28;MT=variable;TA=Q;PP=Any N-term	NT=TMTpro;AC=UNIMOD:2016;MT=fixed;TA=K;PP=Anywhere	NT=TMTpro;AC=UNIMOD:2016;MT=fixed;PP=Any N-term	v3.0.0	ms-proteomics v1.1.0	human v1.1.0	cell-lines v1.1.0	BI03058451
PXD047934_0068_rep1	Homo sapiens	not available	not available	not available	cell line	study sample	not available	not available	not available	not available	not available	not available	not available	1	BI01590068	1 uM	24 hour	272_2023_VV-TMT-Frac5	proteomic profiling by mass spectrometry	272_2023_VV-TMT-Frac5.raw	ftp://ftp.pride.ebi.ac.uk/pride/data/archive/2024/10/PXD047934/272_2023_VV-TMT-Frac5.raw	TMT129C	1	5	NT=Q Exactive HF;AC=MS:1002523	NT=Data-dependent acquisition;AC=PRIDE:0000627	NT=Trypsin;AC=MS:1001251	NT=beam-type collision-induced dissociation;AC=MS:1000422	32 NCE	335m/z-1600m/z	NT=High-pH reversed-phase chromatography (hpHRP);AC=PRIDE:0000564	10 ppm	20 ppm	single TMTpro multiplex	NT=Carbamidomethyl;AC=UNIMOD:4;MT=fixed;TA=C;PP=Anywhere	NT=Oxidation;AC=UNIMOD:35;MT=variable;TA=M;PP=Anywhere	NT=Acetyl;AC=UNIMOD:1;MT=variable;PP=Protein N-term	NT=Dioxidation;AC=UNIMOD:425;MT=variable;TA=M,W;PP=Anywhere	NT=Deamidated;AC=UNIMOD:7;MT=variable;TA=N,Q;PP=Anywhere	NT=Gln->pyro-Glu;AC=UNIMOD:28;MT=variable;TA=Q;PP=Any N-term	NT=TMTpro;AC=UNIMOD:2016;MT=fixed;TA=K;PP=Anywhere	NT=TMTpro;AC=UNIMOD:2016;MT=fixed;PP=Any N-term	v3.0.0	ms-proteomics v1.1.0	human v1.1.0	cell-lines v1.1.0	BI01590068
PXD047934_0068_rep2	Homo sapiens	not available	not available	not available	cell line	study sample	not available	not available	not available	not available	not available	not available	not available	2	BI01590068	1 uM	24 hour	272_2023_VV-TMT-Frac5	proteomic profiling by mass spectrometry	272_2023_VV-TMT-Frac5.raw	ftp://ftp.pride.ebi.ac.uk/pride/data/archive/2024/10/PXD047934/272_2023_VV-TMT-Frac5.raw	TMT130N	1	5	NT=Q Exactive HF;AC=MS:1002523	NT=Data-dependent acquisition;AC=PRIDE:0000627	NT=Trypsin;AC=MS:1001251	NT=beam-type collision-induced dissociation;AC=MS:1000422	32 NCE	335m/z-1600m/z	NT=High-pH reversed-phase chromatography (hpHRP);AC=PRIDE:0000564	10 ppm	20 ppm	single TMTpro multiplex	NT=Carbamidomethyl;AC=UNIMOD:4;MT=fixed;TA=C;PP=Anywhere	NT=Oxidation;AC=UNIMOD:35;MT=variable;TA=M;PP=Anywhere	NT=Acetyl;AC=UNIMOD:1;MT=variable;PP=Protein N-term	NT=Dioxidation;AC=UNIMOD:425;MT=variable;TA=M,W;PP=Anywhere	NT=Deamidated;AC=UNIMOD:7;MT=variable;TA=N,Q;PP=Anywhere	NT=Gln->pyro-Glu;AC=UNIMOD:28;MT=variable;TA=Q;PP=Any N-term	NT=TMTpro;AC=UNIMOD:2016;MT=fixed;TA=K;PP=Anywhere	NT=TMTpro;AC=UNIMOD:2016;MT=fixed;PP=Any N-term	v3.0.0	ms-proteomics v1.1.0	human v1.1.0	cell-lines v1.1.0	BI01590068
PXD047934_0068_rep3	Homo sapiens	not available	not available	not available	cell line	study sample	not available	not available	not available	not available	not available	not available	not available	3	BI01590068	1 uM	24 hour	272_2023_VV-TMT-Frac5	proteomic profiling by mass spectrometry	272_2023_VV-TMT-Frac5.raw	ftp://ftp.pride.ebi.ac.uk/pride/data/archive/2024/10/PXD047934/272_2023_VV-TMT-Frac5.raw	TMT130C	1	5	NT=Q Exactive HF;AC=MS:1002523	NT=Data-dependent acquisition;AC=PRIDE:0000627	NT=Trypsin;AC=MS:1001251	NT=beam-type collision-induced dissociation;AC=MS:1000422	32 NCE	335m/z-1600m/z	NT=High-pH reversed-phase chromatography (hpHRP);AC=PRIDE:0000564	10 ppm	20 ppm	single TMTpro multiplex	NT=Carbamidomethyl;AC=UNIMOD:4;MT=fixed;TA=C;PP=Anywhere	NT=Oxidation;AC=UNIMOD:35;MT=variable;TA=M;PP=Anywhere	NT=Acetyl;AC=UNIMOD:1;MT=variable;PP=Protein N-term	NT=Dioxidation;AC=UNIMOD:425;MT=variable;TA=M,W;PP=Anywhere	NT=Deamidated;AC=UNIMOD:7;MT=variable;TA=N,Q;PP=Anywhere	NT=Gln->pyro-Glu;AC=UNIMOD:28;MT=variable;TA=Q;PP=Any N-term	NT=TMTpro;AC=UNIMOD:2016;MT=fixed;TA=K;PP=Anywhere	NT=TMTpro;AC=UNIMOD:2016;MT=fixed;PP=Any N-term	v3.0.0	ms-proteomics v1.1.0	human v1.1.0	cell-lines v1.1.0	BI01590068
PXD047934_chx_rep1	Homo sapiens	not available	not available	not available	cell line	study sample	not available	not available	not available	not available	not available	not available	not available	1	cycloheximide	100 ug/mL	24 hour	272_2023_VV-TMT-Frac5	proteomic profiling by mass spectrometry	272_2023_VV-TMT-Frac5.raw	ftp://ftp.pride.ebi.ac.uk/pride/data/archive/2024/10/PXD047934/272_2023_VV-TMT-Frac5.raw	TMT131N	1	5	NT=Q Exactive HF;AC=MS:1002523	NT=Data-dependent acquisition;AC=PRIDE:0000627	NT=Trypsin;AC=MS:1001251	NT=beam-type collision-induced dissociation;AC=MS:1000422	32 NCE	335m/z-1600m/z	NT=High-pH reversed-phase chromatography (hpHRP);AC=PRIDE:0000564	10 ppm	20 ppm	single TMTpro multiplex	NT=Carbamidomethyl;AC=UNIMOD:4;MT=fixed;TA=C;PP=Anywhere	NT=Oxidation;AC=UNIMOD:35;MT=variable;TA=M;PP=Anywhere	NT=Acetyl;AC=UNIMOD:1;MT=variable;PP=Protein N-term	NT=Dioxidation;AC=UNIMOD:425;MT=variable;TA=M,W;PP=Anywhere	NT=Deamidated;AC=UNIMOD:7;MT=variable;TA=N,Q;PP=Anywhere	NT=Gln->pyro-Glu;AC=UNIMOD:28;MT=variable;TA=Q;PP=Any N-term	NT=TMTpro;AC=UNIMOD:2016;MT=fixed;TA=K;PP=Anywhere	NT=TMTpro;AC=UNIMOD:2016;MT=fixed;PP=Any N-term	v3.0.0	ms-proteomics v1.1.0	human v1.1.0	cell-lines v1.1.0	cycloheximide
PXD047934_chx_rep2	Homo sapiens	not available	not available	not available	cell line	study sample	not available	not available	not available	not available	not available	not available	not available	2	cycloheximide	100 ug/mL	24 hour	272_2023_VV-TMT-Frac5	proteomic profiling by mass spectrometry	272_2023_VV-TMT-Frac5.raw	ftp://ftp.pride.ebi.ac.uk/pride/data/archive/2024/10/PXD047934/272_2023_VV-TMT-Frac5.raw	TMT131C	1	5	NT=Q Exactive HF;AC=MS:1002523	NT=Data-dependent acquisition;AC=PRIDE:0000627	NT=Trypsin;AC=MS:1001251	NT=beam-type collision-induced dissociation;AC=MS:1000422	32 NCE	335m/z-1600m/z	NT=High-pH reversed-phase chromatography (hpHRP);AC=PRIDE:0000564	10 ppm	20 ppm	single TMTpro multiplex	NT=Carbamidomethyl;AC=UNIMOD:4;MT=fixed;TA=C;PP=Anywhere	NT=Oxidation;AC=UNIMOD:35;MT=variable;TA=M;PP=Anywhere	NT=Acetyl;AC=UNIMOD:1;MT=variable;PP=Protein N-term	NT=Dioxidation;AC=UNIMOD:425;MT=variable;TA=M,W;PP=Anywhere	NT=Deamidated;AC=UNIMOD:7;MT=variable;TA=N,Q;PP=Anywhere	NT=Gln->pyro-Glu;AC=UNIMOD:28;MT=variable;TA=Q;PP=Any N-term	NT=TMTpro;AC=UNIMOD:2016;MT=fixed;TA=K;PP=Anywhere	NT=TMTpro;AC=UNIMOD:2016;MT=fixed;PP=Any N-term	v3.0.0	ms-proteomics v1.1.0	human v1.1.0	cell-lines v1.1.0	cycloheximide
PXD047934_chx_rep3	Homo sapiens	not available	not available	not available	cell line	study sample	not available	not available	not available	not available	not available	not available	not available	3	cycloheximide	100 ug/mL	24 hour	272_2023_VV-TMT-Frac5	proteomic profiling by mass spectrometry	272_2023_VV-TMT-Frac5.raw	ftp://ftp.pride.ebi.ac.uk/pride/data/archive/2024/10/PXD047934/272_2023_VV-TMT-Frac5.raw	TMT132N	1	5	NT=Q Exactive HF;AC=MS:1002523	NT=Data-dependent acquisition;AC=PRIDE:0000627	NT=Trypsin;AC=MS:1001251	NT=beam-type collision-induced dissociation;AC=MS:1000422	32 NCE	335m/z-1600m/z	NT=High-pH reversed-phase chromatography (hpHRP);AC=PRIDE:0000564	10 ppm	20 ppm	single TMTpro multiplex	NT=Carbamidomethyl;AC=UNIMOD:4;MT=fixed;TA=C;PP=Anywhere	NT=Oxidation;AC=UNIMOD:35;MT=variable;TA=M;PP=Anywhere	NT=Acetyl;AC=UNIMOD:1;MT=variable;PP=Protein N-term	NT=Dioxidation;AC=UNIMOD:425;MT=variable;TA=M,W;PP=Anywhere	NT=Deamidated;AC=UNIMOD:7;MT=variable;TA=N,Q;PP=Anywhere	NT=Gln->pyro-Glu;AC=UNIMOD:28;MT=variable;TA=Q;PP=Any N-term	NT=TMTpro;AC=UNIMOD:2016;MT=fixed;TA=K;PP=Anywhere	NT=TMTpro;AC=UNIMOD:2016;MT=fixed;PP=Any N-term	v3.0.0	ms-proteomics v1.1.0	human v1.1.0	cell-lines v1.1.0	cycloheximide
PXD047934_cc885_rep1	Homo sapiens	not available	not available	not available	cell line	study sample	not available	not available	not available	not available	not available	not available	not available	1	CC-885	1 uM	24 hour	272_2023_VV-TMT-Frac5	proteomic profiling by mass spectrometry	272_2023_VV-TMT-Frac5.raw	ftp://ftp.pride.ebi.ac.uk/pride/data/archive/2024/10/PXD047934/272_2023_VV-TMT-Frac5.raw	TMT132C	1	5	NT=Q Exactive HF;AC=MS:1002523	NT=Data-dependent acquisition;AC=PRIDE:0000627	NT=Trypsin;AC=MS:1001251	NT=beam-type collision-induced dissociation;AC=MS:1000422	32 NCE	335m/z-1600m/z	NT=High-pH reversed-phase chromatography (hpHRP);AC=PRIDE:0000564	10 ppm	20 ppm	single TMTpro multiplex	NT=Carbamidomethyl;AC=UNIMOD:4;MT=fixed;TA=C;PP=Anywhere	NT=Oxidation;AC=UNIMOD:35;MT=variable;TA=M;PP=Anywhere	NT=Acetyl;AC=UNIMOD:1;MT=variable;PP=Protein N-term	NT=Dioxidation;AC=UNIMOD:425;MT=variable;TA=M,W;PP=Anywhere	NT=Deamidated;AC=UNIMOD:7;MT=variable;TA=N,Q;PP=Anywhere	NT=Gln->pyro-Glu;AC=UNIMOD:28;MT=variable;TA=Q;PP=Any N-term	NT=TMTpro;AC=UNIMOD:2016;MT=fixed;TA=K;PP=Anywhere	NT=TMTpro;AC=UNIMOD:2016;MT=fixed;PP=Any N-term	v3.0.0	ms-proteomics v1.1.0	human v1.1.0	cell-lines v1.1.0	CC-885
PXD047934_cc885_rep2	Homo sapiens	not available	not available	not available	cell line	study sample	not available	not available	not available	not available	not available	not available	not available	2	CC-885	1 uM	24 hour	272_2023_VV-TMT-Frac5	proteomic profiling by mass spectrometry	272_2023_VV-TMT-Frac5.raw	ftp://ftp.pride.ebi.ac.uk/pride/data/archive/2024/10/PXD047934/272_2023_VV-TMT-Frac5.raw	TMT133N	1	5	NT=Q Exactive HF;AC=MS:1002523	NT=Data-dependent acquisition;AC=PRIDE:0000627	NT=Trypsin;AC=MS:1001251	NT=beam-type collision-induced dissociation;AC=MS:1000422	32 NCE	335m/z-1600m/z	NT=High-pH reversed-phase chromatography (hpHRP);AC=PRIDE:0000564	10 ppm	20 ppm	single TMTpro multiplex	NT=Carbamidomethyl;AC=UNIMOD:4;MT=fixed;TA=C;PP=Anywhere	NT=Oxidation;AC=UNIMOD:35;MT=variable;TA=M;PP=Anywhere	NT=Acetyl;AC=UNIMOD:1;MT=variable;PP=Protein N-term	NT=Dioxidation;AC=UNIMOD:425;MT=variable;TA=M,W;PP=Anywhere	NT=Deamidated;AC=UNIMOD:7;MT=variable;TA=N,Q;PP=Anywhere	NT=Gln->pyro-Glu;AC=UNIMOD:28;MT=variable;TA=Q;PP=Any N-term	NT=TMTpro;AC=UNIMOD:2016;MT=fixed;TA=K;PP=Anywhere	NT=TMTpro;AC=UNIMOD:2016;MT=fixed;PP=Any N-term	v3.0.0	ms-proteomics v1.1.0	human v1.1.0	cell-lines v1.1.0	CC-885
PXD047934_cc885_rep3	Homo sapiens	not available	not available	not available	cell line	study sample	not available	not available	not available	not available	not available	not available	not available	3	CC-885	1 uM	24 hour	272_2023_VV-TMT-Frac5	proteomic profiling by mass spectrometry	272_2023_VV-TMT-Frac5.raw	ftp://ftp.pride.ebi.ac.uk/pride/data/archive/2024/10/PXD047934/272_2023_VV-TMT-Frac5.raw	TMT133C	1	5	NT=Q Exactive HF;AC=MS:1002523	NT=Data-dependent acquisition;AC=PRIDE:0000627	NT=Trypsin;AC=MS:1001251	NT=beam-type collision-induced dissociation;AC=MS:1000422	32 NCE	335m/z-1600m/z	NT=High-pH reversed-phase chromatography (hpHRP);AC=PRIDE:0000564	10 ppm	20 ppm	single TMTpro multiplex	NT=Carbamidomethyl;AC=UNIMOD:4;MT=fixed;TA=C;PP=Anywhere	NT=Oxidation;AC=UNIMOD:35;MT=variable;TA=M;PP=Anywhere	NT=Acetyl;AC=UNIMOD:1;MT=variable;PP=Protein N-term	NT=Dioxidation;AC=UNIMOD:425;MT=variable;TA=M,W;PP=Anywhere	NT=Deamidated;AC=UNIMOD:7;MT=variable;TA=N,Q;PP=Anywhere	NT=Gln->pyro-Glu;AC=UNIMOD:28;MT=variable;TA=Q;PP=Any N-term	NT=TMTpro;AC=UNIMOD:2016;MT=fixed;TA=K;PP=Anywhere	NT=TMTpro;AC=UNIMOD:2016;MT=fixed;PP=Any N-term	v3.0.0	ms-proteomics v1.1.0	human v1.1.0	cell-lines v1.1.0	CC-885
PXD047934_dmso_rep1	Homo sapiens	not available	not available	not available	cell line	study sample	not available	not available	not available	not available	not available	not available	not available	1	dimethyl sulfoxide	not available	24 hour	272_2023_VV-TMT-Frac6	proteomic profiling by mass spectrometry	272_2023_VV-TMT-Frac6.raw	ftp://ftp.pride.ebi.ac.uk/pride/data/archive/2024/10/PXD047934/272_2023_VV-TMT-Frac6.raw	TMT126	1	6	NT=Q Exactive HF;AC=MS:1002523	NT=Data-dependent acquisition;AC=PRIDE:0000627	NT=Trypsin;AC=MS:1001251	NT=beam-type collision-induced dissociation;AC=MS:1000422	32 NCE	335m/z-1600m/z	NT=High-pH reversed-phase chromatography (hpHRP);AC=PRIDE:0000564	10 ppm	20 ppm	single TMTpro multiplex	NT=Carbamidomethyl;AC=UNIMOD:4;MT=fixed;TA=C;PP=Anywhere	NT=Oxidation;AC=UNIMOD:35;MT=variable;TA=M;PP=Anywhere	NT=Acetyl;AC=UNIMOD:1;MT=variable;PP=Protein N-term	NT=Dioxidation;AC=UNIMOD:425;MT=variable;TA=M,W;PP=Anywhere	NT=Deamidated;AC=UNIMOD:7;MT=variable;TA=N,Q;PP=Anywhere	NT=Gln->pyro-Glu;AC=UNIMOD:28;MT=variable;TA=Q;PP=Any N-term	NT=TMTpro;AC=UNIMOD:2016;MT=fixed;TA=K;PP=Anywhere	NT=TMTpro;AC=UNIMOD:2016;MT=fixed;PP=Any N-term	v3.0.0	ms-proteomics v1.1.0	human v1.1.0	cell-lines v1.1.0	dimethyl sulfoxide
PXD047934_dmso_rep2	Homo sapiens	not available	not available	not available	cell line	study sample	not available	not available	not available	not available	not available	not available	not available	2	dimethyl sulfoxide	not available	24 hour	272_2023_VV-TMT-Frac6	proteomic profiling by mass spectrometry	272_2023_VV-TMT-Frac6.raw	ftp://ftp.pride.ebi.ac.uk/pride/data/archive/2024/10/PXD047934/272_2023_VV-TMT-Frac6.raw	TMT127N	1	6	NT=Q Exactive HF;AC=MS:1002523	NT=Data-dependent acquisition;AC=PRIDE:0000627	NT=Trypsin;AC=MS:1001251	NT=beam-type collision-induced dissociation;AC=MS:1000422	32 NCE	335m/z-1600m/z	NT=High-pH reversed-phase chromatography (hpHRP);AC=PRIDE:0000564	10 ppm	20 ppm	single TMTpro multiplex	NT=Carbamidomethyl;AC=UNIMOD:4;MT=fixed;TA=C;PP=Anywhere	NT=Oxidation;AC=UNIMOD:35;MT=variable;TA=M;PP=Anywhere	NT=Acetyl;AC=UNIMOD:1;MT=variable;PP=Protein N-term	NT=Dioxidation;AC=UNIMOD:425;MT=variable;TA=M,W;PP=Anywhere	NT=Deamidated;AC=UNIMOD:7;MT=variable;TA=N,Q;PP=Anywhere	NT=Gln->pyro-Glu;AC=UNIMOD:28;MT=variable;TA=Q;PP=Any N-term	NT=TMTpro;AC=UNIMOD:2016;MT=fixed;TA=K;PP=Anywhere	NT=TMTpro;AC=UNIMOD:2016;MT=fixed;PP=Any N-term	v3.0.0	ms-proteomics v1.1.0	human v1.1.0	cell-lines v1.1.0	dimethyl sulfoxide
PXD047934_dmso_rep3	Homo sapiens	not available	not available	not available	cell line	study sample	not available	not available	not available	not available	not available	not available	not available	3	dimethyl sulfoxide	not available	24 hour	272_2023_VV-TMT-Frac6	proteomic profiling by mass spectrometry	272_2023_VV-TMT-Frac6.raw	ftp://ftp.pride.ebi.ac.uk/pride/data/archive/2024/10/PXD047934/272_2023_VV-TMT-Frac6.raw	TMT127C	1	6	NT=Q Exactive HF;AC=MS:1002523	NT=Data-dependent acquisition;AC=PRIDE:0000627	NT=Trypsin;AC=MS:1001251	NT=beam-type collision-induced dissociation;AC=MS:1000422	32 NCE	335m/z-1600m/z	NT=High-pH reversed-phase chromatography (hpHRP);AC=PRIDE:0000564	10 ppm	20 ppm	single TMTpro multiplex	NT=Carbamidomethyl;AC=UNIMOD:4;MT=fixed;TA=C;PP=Anywhere	NT=Oxidation;AC=UNIMOD:35;MT=variable;TA=M;PP=Anywhere	NT=Acetyl;AC=UNIMOD:1;MT=variable;PP=Protein N-term	NT=Dioxidation;AC=UNIMOD:425;MT=variable;TA=M,W;PP=Anywhere	NT=Deamidated;AC=UNIMOD:7;MT=variable;TA=N,Q;PP=Anywhere	NT=Gln->pyro-Glu;AC=UNIMOD:28;MT=variable;TA=Q;PP=Any N-term	NT=TMTpro;AC=UNIMOD:2016;MT=fixed;TA=K;PP=Anywhere	NT=TMTpro;AC=UNIMOD:2016;MT=fixed;PP=Any N-term	v3.0.0	ms-proteomics v1.1.0	human v1.1.0	cell-lines v1.1.0	dimethyl sulfoxide
PXD047934_8451_rep1	Homo sapiens	not available	not available	not available	cell line	study sample	not available	not available	not available	not available	not available	not available	not available	1	BI03058451	1 uM	24 hour	272_2023_VV-TMT-Frac6	proteomic profiling by mass spectrometry	272_2023_VV-TMT-Frac6.raw	ftp://ftp.pride.ebi.ac.uk/pride/data/archive/2024/10/PXD047934/272_2023_VV-TMT-Frac6.raw	TMT128N	1	6	NT=Q Exactive HF;AC=MS:1002523	NT=Data-dependent acquisition;AC=PRIDE:0000627	NT=Trypsin;AC=MS:1001251	NT=beam-type collision-induced dissociation;AC=MS:1000422	32 NCE	335m/z-1600m/z	NT=High-pH reversed-phase chromatography (hpHRP);AC=PRIDE:0000564	10 ppm	20 ppm	single TMTpro multiplex	NT=Carbamidomethyl;AC=UNIMOD:4;MT=fixed;TA=C;PP=Anywhere	NT=Oxidation;AC=UNIMOD:35;MT=variable;TA=M;PP=Anywhere	NT=Acetyl;AC=UNIMOD:1;MT=variable;PP=Protein N-term	NT=Dioxidation;AC=UNIMOD:425;MT=variable;TA=M,W;PP=Anywhere	NT=Deamidated;AC=UNIMOD:7;MT=variable;TA=N,Q;PP=Anywhere	NT=Gln->pyro-Glu;AC=UNIMOD:28;MT=variable;TA=Q;PP=Any N-term	NT=TMTpro;AC=UNIMOD:2016;MT=fixed;TA=K;PP=Anywhere	NT=TMTpro;AC=UNIMOD:2016;MT=fixed;PP=Any N-term	v3.0.0	ms-proteomics v1.1.0	human v1.1.0	cell-lines v1.1.0	BI03058451
PXD047934_8451_rep2	Homo sapiens	not available	not available	not available	cell line	study sample	not available	not available	not available	not available	not available	not available	not available	2	BI03058451	1 uM	24 hour	272_2023_VV-TMT-Frac6	proteomic profiling by mass spectrometry	272_2023_VV-TMT-Frac6.raw	ftp://ftp.pride.ebi.ac.uk/pride/data/archive/2024/10/PXD047934/272_2023_VV-TMT-Frac6.raw	TMT128C	1	6	NT=Q Exactive HF;AC=MS:1002523	NT=Data-dependent acquisition;AC=PRIDE:0000627	NT=Trypsin;AC=MS:1001251	NT=beam-type collision-induced dissociation;AC=MS:1000422	32 NCE	335m/z-1600m/z	NT=High-pH reversed-phase chromatography (hpHRP);AC=PRIDE:0000564	10 ppm	20 ppm	single TMTpro multiplex	NT=Carbamidomethyl;AC=UNIMOD:4;MT=fixed;TA=C;PP=Anywhere	NT=Oxidation;AC=UNIMOD:35;MT=variable;TA=M;PP=Anywhere	NT=Acetyl;AC=UNIMOD:1;MT=variable;PP=Protein N-term	NT=Dioxidation;AC=UNIMOD:425;MT=variable;TA=M,W;PP=Anywhere	NT=Deamidated;AC=UNIMOD:7;MT=variable;TA=N,Q;PP=Anywhere	NT=Gln->pyro-Glu;AC=UNIMOD:28;MT=variable;TA=Q;PP=Any N-term	NT=TMTpro;AC=UNIMOD:2016;MT=fixed;TA=K;PP=Anywhere	NT=TMTpro;AC=UNIMOD:2016;MT=fixed;PP=Any N-term	v3.0.0	ms-proteomics v1.1.0	human v1.1.0	cell-lines v1.1.0	BI03058451
PXD047934_8451_rep3	Homo sapiens	not available	not available	not available	cell line	study sample	not available	not available	not available	not available	not available	not available	not available	3	BI03058451	1 uM	24 hour	272_2023_VV-TMT-Frac6	proteomic profiling by mass spectrometry	272_2023_VV-TMT-Frac6.raw	ftp://ftp.pride.ebi.ac.uk/pride/data/archive/2024/10/PXD047934/272_2023_VV-TMT-Frac6.raw	TMT129N	1	6	NT=Q Exactive HF;AC=MS:1002523	NT=Data-dependent acquisition;AC=PRIDE:0000627	NT=Trypsin;AC=MS:1001251	NT=beam-type collision-induced dissociation;AC=MS:1000422	32 NCE	335m/z-1600m/z	NT=High-pH reversed-phase chromatography (hpHRP);AC=PRIDE:0000564	10 ppm	20 ppm	single TMTpro multiplex	NT=Carbamidomethyl;AC=UNIMOD:4;MT=fixed;TA=C;PP=Anywhere	NT=Oxidation;AC=UNIMOD:35;MT=variable;TA=M;PP=Anywhere	NT=Acetyl;AC=UNIMOD:1;MT=variable;PP=Protein N-term	NT=Dioxidation;AC=UNIMOD:425;MT=variable;TA=M,W;PP=Anywhere	NT=Deamidated;AC=UNIMOD:7;MT=variable;TA=N,Q;PP=Anywhere	NT=Gln->pyro-Glu;AC=UNIMOD:28;MT=variable;TA=Q;PP=Any N-term	NT=TMTpro;AC=UNIMOD:2016;MT=fixed;TA=K;PP=Anywhere	NT=TMTpro;AC=UNIMOD:2016;MT=fixed;PP=Any N-term	v3.0.0	ms-proteomics v1.1.0	human v1.1.0	cell-lines v1.1.0	BI03058451
PXD047934_0068_rep1	Homo sapiens	not available	not available	not available	cell line	study sample	not available	not available	not available	not available	not available	not available	not available	1	BI01590068	1 uM	24 hour	272_2023_VV-TMT-Frac6	proteomic profiling by mass spectrometry	272_2023_VV-TMT-Frac6.raw	ftp://ftp.pride.ebi.ac.uk/pride/data/archive/2024/10/PXD047934/272_2023_VV-TMT-Frac6.raw	TMT129C	1	6	NT=Q Exactive HF;AC=MS:1002523	NT=Data-dependent acquisition;AC=PRIDE:0000627	NT=Trypsin;AC=MS:1001251	NT=beam-type collision-induced dissociation;AC=MS:1000422	32 NCE	335m/z-1600m/z	NT=High-pH reversed-phase chromatography (hpHRP);AC=PRIDE:0000564	10 ppm	20 ppm	single TMTpro multiplex	NT=Carbamidomethyl;AC=UNIMOD:4;MT=fixed;TA=C;PP=Anywhere	NT=Oxidation;AC=UNIMOD:35;MT=variable;TA=M;PP=Anywhere	NT=Acetyl;AC=UNIMOD:1;MT=variable;PP=Protein N-term	NT=Dioxidation;AC=UNIMOD:425;MT=variable;TA=M,W;PP=Anywhere	NT=Deamidated;AC=UNIMOD:7;MT=variable;TA=N,Q;PP=Anywhere	NT=Gln->pyro-Glu;AC=UNIMOD:28;MT=variable;TA=Q;PP=Any N-term	NT=TMTpro;AC=UNIMOD:2016;MT=fixed;TA=K;PP=Anywhere	NT=TMTpro;AC=UNIMOD:2016;MT=fixed;PP=Any N-term	v3.0.0	ms-proteomics v1.1.0	human v1.1.0	cell-lines v1.1.0	BI01590068
PXD047934_0068_rep2	Homo sapiens	not available	not available	not available	cell line	study sample	not available	not available	not available	not available	not available	not available	not available	2	BI01590068	1 uM	24 hour	272_2023_VV-TMT-Frac6	proteomic profiling by mass spectrometry	272_2023_VV-TMT-Frac6.raw	ftp://ftp.pride.ebi.ac.uk/pride/data/archive/2024/10/PXD047934/272_2023_VV-TMT-Frac6.raw	TMT130N	1	6	NT=Q Exactive HF;AC=MS:1002523	NT=Data-dependent acquisition;AC=PRIDE:0000627	NT=Trypsin;AC=MS:1001251	NT=beam-type collision-induced dissociation;AC=MS:1000422	32 NCE	335m/z-1600m/z	NT=High-pH reversed-phase chromatography (hpHRP);AC=PRIDE:0000564	10 ppm	20 ppm	single TMTpro multiplex	NT=Carbamidomethyl;AC=UNIMOD:4;MT=fixed;TA=C;PP=Anywhere	NT=Oxidation;AC=UNIMOD:35;MT=variable;TA=M;PP=Anywhere	NT=Acetyl;AC=UNIMOD:1;MT=variable;PP=Protein N-term	NT=Dioxidation;AC=UNIMOD:425;MT=variable;TA=M,W;PP=Anywhere	NT=Deamidated;AC=UNIMOD:7;MT=variable;TA=N,Q;PP=Anywhere	NT=Gln->pyro-Glu;AC=UNIMOD:28;MT=variable;TA=Q;PP=Any N-term	NT=TMTpro;AC=UNIMOD:2016;MT=fixed;TA=K;PP=Anywhere	NT=TMTpro;AC=UNIMOD:2016;MT=fixed;PP=Any N-term	v3.0.0	ms-proteomics v1.1.0	human v1.1.0	cell-lines v1.1.0	BI01590068
PXD047934_0068_rep3	Homo sapiens	not available	not available	not available	cell line	study sample	not available	not available	not available	not available	not available	not available	not available	3	BI01590068	1 uM	24 hour	272_2023_VV-TMT-Frac6	proteomic profiling by mass spectrometry	272_2023_VV-TMT-Frac6.raw	ftp://ftp.pride.ebi.ac.uk/pride/data/archive/2024/10/PXD047934/272_2023_VV-TMT-Frac6.raw	TMT130C	1	6	NT=Q Exactive HF;AC=MS:1002523	NT=Data-dependent acquisition;AC=PRIDE:0000627	NT=Trypsin;AC=MS:1001251	NT=beam-type collision-induced dissociation;AC=MS:1000422	32 NCE	335m/z-1600m/z	NT=High-pH reversed-phase chromatography (hpHRP);AC=PRIDE:0000564	10 ppm	20 ppm	single TMTpro multiplex	NT=Carbamidomethyl;AC=UNIMOD:4;MT=fixed;TA=C;PP=Anywhere	NT=Oxidation;AC=UNIMOD:35;MT=variable;TA=M;PP=Anywhere	NT=Acetyl;AC=UNIMOD:1;MT=variable;PP=Protein N-term	NT=Dioxidation;AC=UNIMOD:425;MT=variable;TA=M,W;PP=Anywhere	NT=Deamidated;AC=UNIMOD:7;MT=variable;TA=N,Q;PP=Anywhere	NT=Gln->pyro-Glu;AC=UNIMOD:28;MT=variable;TA=Q;PP=Any N-term	NT=TMTpro;AC=UNIMOD:2016;MT=fixed;TA=K;PP=Anywhere	NT=TMTpro;AC=UNIMOD:2016;MT=fixed;PP=Any N-term	v3.0.0	ms-proteomics v1.1.0	human v1.1.0	cell-lines v1.1.0	BI01590068
PXD047934_chx_rep1	Homo sapiens	not available	not available	not available	cell line	study sample	not available	not available	not available	not available	not available	not available	not available	1	cycloheximide	100 ug/mL	24 hour	272_2023_VV-TMT-Frac6	proteomic profiling by mass spectrometry	272_2023_VV-TMT-Frac6.raw	ftp://ftp.pride.ebi.ac.uk/pride/data/archive/2024/10/PXD047934/272_2023_VV-TMT-Frac6.raw	TMT131N	1	6	NT=Q Exactive HF;AC=MS:1002523	NT=Data-dependent acquisition;AC=PRIDE:0000627	NT=Trypsin;AC=MS:1001251	NT=beam-type collision-induced dissociation;AC=MS:1000422	32 NCE	335m/z-1600m/z	NT=High-pH reversed-phase chromatography (hpHRP);AC=PRIDE:0000564	10 ppm	20 ppm	single TMTpro multiplex	NT=Carbamidomethyl;AC=UNIMOD:4;MT=fixed;TA=C;PP=Anywhere	NT=Oxidation;AC=UNIMOD:35;MT=variable;TA=M;PP=Anywhere	NT=Acetyl;AC=UNIMOD:1;MT=variable;PP=Protein N-term	NT=Dioxidation;AC=UNIMOD:425;MT=variable;TA=M,W;PP=Anywhere	NT=Deamidated;AC=UNIMOD:7;MT=variable;TA=N,Q;PP=Anywhere	NT=Gln->pyro-Glu;AC=UNIMOD:28;MT=variable;TA=Q;PP=Any N-term	NT=TMTpro;AC=UNIMOD:2016;MT=fixed;TA=K;PP=Anywhere	NT=TMTpro;AC=UNIMOD:2016;MT=fixed;PP=Any N-term	v3.0.0	ms-proteomics v1.1.0	human v1.1.0	cell-lines v1.1.0	cycloheximide
PXD047934_chx_rep2	Homo sapiens	not available	not available	not available	cell line	study sample	not available	not available	not available	not available	not available	not available	not available	2	cycloheximide	100 ug/mL	24 hour	272_2023_VV-TMT-Frac6	proteomic profiling by mass spectrometry	272_2023_VV-TMT-Frac6.raw	ftp://ftp.pride.ebi.ac.uk/pride/data/archive/2024/10/PXD047934/272_2023_VV-TMT-Frac6.raw	TMT131C	1	6	NT=Q Exactive HF;AC=MS:1002523	NT=Data-dependent acquisition;AC=PRIDE:0000627	NT=Trypsin;AC=MS:1001251	NT=beam-type collision-induced dissociation;AC=MS:1000422	32 NCE	335m/z-1600m/z	NT=High-pH reversed-phase chromatography (hpHRP);AC=PRIDE:0000564	10 ppm	20 ppm	single TMTpro multiplex	NT=Carbamidomethyl;AC=UNIMOD:4;MT=fixed;TA=C;PP=Anywhere	NT=Oxidation;AC=UNIMOD:35;MT=variable;TA=M;PP=Anywhere	NT=Acetyl;AC=UNIMOD:1;MT=variable;PP=Protein N-term	NT=Dioxidation;AC=UNIMOD:425;MT=variable;TA=M,W;PP=Anywhere	NT=Deamidated;AC=UNIMOD:7;MT=variable;TA=N,Q;PP=Anywhere	NT=Gln->pyro-Glu;AC=UNIMOD:28;MT=variable;TA=Q;PP=Any N-term	NT=TMTpro;AC=UNIMOD:2016;MT=fixed;TA=K;PP=Anywhere	NT=TMTpro;AC=UNIMOD:2016;MT=fixed;PP=Any N-term	v3.0.0	ms-proteomics v1.1.0	human v1.1.0	cell-lines v1.1.0	cycloheximide
PXD047934_chx_rep3	Homo sapiens	not available	not available	not available	cell line	study sample	not available	not available	not available	not available	not available	not available	not available	3	cycloheximide	100 ug/mL	24 hour	272_2023_VV-TMT-Frac6	proteomic profiling by mass spectrometry	272_2023_VV-TMT-Frac6.raw	ftp://ftp.pride.ebi.ac.uk/pride/data/archive/2024/10/PXD047934/272_2023_VV-TMT-Frac6.raw	TMT132N	1	6	NT=Q Exactive HF;AC=MS:1002523	NT=Data-dependent acquisition;AC=PRIDE:0000627	NT=Trypsin;AC=MS:1001251	NT=beam-type collision-induced dissociation;AC=MS:1000422	32 NCE	335m/z-1600m/z	NT=High-pH reversed-phase chromatography (hpHRP);AC=PRIDE:0000564	10 ppm	20 ppm	single TMTpro multiplex	NT=Carbamidomethyl;AC=UNIMOD:4;MT=fixed;TA=C;PP=Anywhere	NT=Oxidation;AC=UNIMOD:35;MT=variable;TA=M;PP=Anywhere	NT=Acetyl;AC=UNIMOD:1;MT=variable;PP=Protein N-term	NT=Dioxidation;AC=UNIMOD:425;MT=variable;TA=M,W;PP=Anywhere	NT=Deamidated;AC=UNIMOD:7;MT=variable;TA=N,Q;PP=Anywhere	NT=Gln->pyro-Glu;AC=UNIMOD:28;MT=variable;TA=Q;PP=Any N-term	NT=TMTpro;AC=UNIMOD:2016;MT=fixed;TA=K;PP=Anywhere	NT=TMTpro;AC=UNIMOD:2016;MT=fixed;PP=Any N-term	v3.0.0	ms-proteomics v1.1.0	human v1.1.0	cell-lines v1.1.0	cycloheximide
PXD047934_cc885_rep1	Homo sapiens	not available	not available	not available	cell line	study sample	not available	not available	not available	not available	not available	not available	not available	1	CC-885	1 uM	24 hour	272_2023_VV-TMT-Frac6	proteomic profiling by mass spectrometry	272_2023_VV-TMT-Frac6.raw	ftp://ftp.pride.ebi.ac.uk/pride/data/archive/2024/10/PXD047934/272_2023_VV-TMT-Frac6.raw	TMT132C	1	6	NT=Q Exactive HF;AC=MS:1002523	NT=Data-dependent acquisition;AC=PRIDE:0000627	NT=Trypsin;AC=MS:1001251	NT=beam-type collision-induced dissociation;AC=MS:1000422	32 NCE	335m/z-1600m/z	NT=High-pH reversed-phase chromatography (hpHRP);AC=PRIDE:0000564	10 ppm	20 ppm	single TMTpro multiplex	NT=Carbamidomethyl;AC=UNIMOD:4;MT=fixed;TA=C;PP=Anywhere	NT=Oxidation;AC=UNIMOD:35;MT=variable;TA=M;PP=Anywhere	NT=Acetyl;AC=UNIMOD:1;MT=variable;PP=Protein N-term	NT=Dioxidation;AC=UNIMOD:425;MT=variable;TA=M,W;PP=Anywhere	NT=Deamidated;AC=UNIMOD:7;MT=variable;TA=N,Q;PP=Anywhere	NT=Gln->pyro-Glu;AC=UNIMOD:28;MT=variable;TA=Q;PP=Any N-term	NT=TMTpro;AC=UNIMOD:2016;MT=fixed;TA=K;PP=Anywhere	NT=TMTpro;AC=UNIMOD:2016;MT=fixed;PP=Any N-term	v3.0.0	ms-proteomics v1.1.0	human v1.1.0	cell-lines v1.1.0	CC-885
PXD047934_cc885_rep2	Homo sapiens	not available	not available	not available	cell line	study sample	not available	not available	not available	not available	not available	not available	not available	2	CC-885	1 uM	24 hour	272_2023_VV-TMT-Frac6	proteomic profiling by mass spectrometry	272_2023_VV-TMT-Frac6.raw	ftp://ftp.pride.ebi.ac.uk/pride/data/archive/2024/10/PXD047934/272_2023_VV-TMT-Frac6.raw	TMT133N	1	6	NT=Q Exactive HF;AC=MS:1002523	NT=Data-dependent acquisition;AC=PRIDE:0000627	NT=Trypsin;AC=MS:1001251	NT=beam-type collision-induced dissociation;AC=MS:1000422	32 NCE	335m/z-1600m/z	NT=High-pH reversed-phase chromatography (hpHRP);AC=PRIDE:0000564	10 ppm	20 ppm	single TMTpro multiplex	NT=Carbamidomethyl;AC=UNIMOD:4;MT=fixed;TA=C;PP=Anywhere	NT=Oxidation;AC=UNIMOD:35;MT=variable;TA=M;PP=Anywhere	NT=Acetyl;AC=UNIMOD:1;MT=variable;PP=Protein N-term	NT=Dioxidation;AC=UNIMOD:425;MT=variable;TA=M,W;PP=Anywhere	NT=Deamidated;AC=UNIMOD:7;MT=variable;TA=N,Q;PP=Anywhere	NT=Gln->pyro-Glu;AC=UNIMOD:28;MT=variable;TA=Q;PP=Any N-term	NT=TMTpro;AC=UNIMOD:2016;MT=fixed;TA=K;PP=Anywhere	NT=TMTpro;AC=UNIMOD:2016;MT=fixed;PP=Any N-term	v3.0.0	ms-proteomics v1.1.0	human v1.1.0	cell-lines v1.1.0	CC-885
PXD047934_cc885_rep3	Homo sapiens	not available	not available	not available	cell line	study sample	not available	not available	not available	not available	not available	not available	not available	3	CC-885	1 uM	24 hour	272_2023_VV-TMT-Frac6	proteomic profiling by mass spectrometry	272_2023_VV-TMT-Frac6.raw	ftp://ftp.pride.ebi.ac.uk/pride/data/archive/2024/10/PXD047934/272_2023_VV-TMT-Frac6.raw	TMT133C	1	6	NT=Q Exactive HF;AC=MS:1002523	NT=Data-dependent acquisition;AC=PRIDE:0000627	NT=Trypsin;AC=MS:1001251	NT=beam-type collision-induced dissociation;AC=MS:1000422	32 NCE	335m/z-1600m/z	NT=High-pH reversed-phase chromatography (hpHRP);AC=PRIDE:0000564	10 ppm	20 ppm	single TMTpro multiplex	NT=Carbamidomethyl;AC=UNIMOD:4;MT=fixed;TA=C;PP=Anywhere	NT=Oxidation;AC=UNIMOD:35;MT=variable;TA=M;PP=Anywhere	NT=Acetyl;AC=UNIMOD:1;MT=variable;PP=Protein N-term	NT=Dioxidation;AC=UNIMOD:425;MT=variable;TA=M,W;PP=Anywhere	NT=Deamidated;AC=UNIMOD:7;MT=variable;TA=N,Q;PP=Anywhere	NT=Gln->pyro-Glu;AC=UNIMOD:28;MT=variable;TA=Q;PP=Any N-term	NT=TMTpro;AC=UNIMOD:2016;MT=fixed;TA=K;PP=Anywhere	NT=TMTpro;AC=UNIMOD:2016;MT=fixed;PP=Any N-term	v3.0.0	ms-proteomics v1.1.0	human v1.1.0	cell-lines v1.1.0	CC-885
PXD047934_dmso_rep1	Homo sapiens	not available	not available	not available	cell line	study sample	not available	not available	not available	not available	not available	not available	not available	1	dimethyl sulfoxide	not available	24 hour	272_2023_VV-TMT-Frac7	proteomic profiling by mass spectrometry	272_2023_VV-TMT-Frac7.raw	ftp://ftp.pride.ebi.ac.uk/pride/data/archive/2024/10/PXD047934/272_2023_VV-TMT-Frac7.raw	TMT126	1	7	NT=Q Exactive HF;AC=MS:1002523	NT=Data-dependent acquisition;AC=PRIDE:0000627	NT=Trypsin;AC=MS:1001251	NT=beam-type collision-induced dissociation;AC=MS:1000422	32 NCE	335m/z-1600m/z	NT=High-pH reversed-phase chromatography (hpHRP);AC=PRIDE:0000564	10 ppm	20 ppm	single TMTpro multiplex	NT=Carbamidomethyl;AC=UNIMOD:4;MT=fixed;TA=C;PP=Anywhere	NT=Oxidation;AC=UNIMOD:35;MT=variable;TA=M;PP=Anywhere	NT=Acetyl;AC=UNIMOD:1;MT=variable;PP=Protein N-term	NT=Dioxidation;AC=UNIMOD:425;MT=variable;TA=M,W;PP=Anywhere	NT=Deamidated;AC=UNIMOD:7;MT=variable;TA=N,Q;PP=Anywhere	NT=Gln->pyro-Glu;AC=UNIMOD:28;MT=variable;TA=Q;PP=Any N-term	NT=TMTpro;AC=UNIMOD:2016;MT=fixed;TA=K;PP=Anywhere	NT=TMTpro;AC=UNIMOD:2016;MT=fixed;PP=Any N-term	v3.0.0	ms-proteomics v1.1.0	human v1.1.0	cell-lines v1.1.0	dimethyl sulfoxide
PXD047934_dmso_rep2	Homo sapiens	not available	not available	not available	cell line	study sample	not available	not available	not available	not available	not available	not available	not available	2	dimethyl sulfoxide	not available	24 hour	272_2023_VV-TMT-Frac7	proteomic profiling by mass spectrometry	272_2023_VV-TMT-Frac7.raw	ftp://ftp.pride.ebi.ac.uk/pride/data/archive/2024/10/PXD047934/272_2023_VV-TMT-Frac7.raw	TMT127N	1	7	NT=Q Exactive HF;AC=MS:1002523	NT=Data-dependent acquisition;AC=PRIDE:0000627	NT=Trypsin;AC=MS:1001251	NT=beam-type collision-induced dissociation;AC=MS:1000422	32 NCE	335m/z-1600m/z	NT=High-pH reversed-phase chromatography (hpHRP);AC=PRIDE:0000564	10 ppm	20 ppm	single TMTpro multiplex	NT=Carbamidomethyl;AC=UNIMOD:4;MT=fixed;TA=C;PP=Anywhere	NT=Oxidation;AC=UNIMOD:35;MT=variable;TA=M;PP=Anywhere	NT=Acetyl;AC=UNIMOD:1;MT=variable;PP=Protein N-term	NT=Dioxidation;AC=UNIMOD:425;MT=variable;TA=M,W;PP=Anywhere	NT=Deamidated;AC=UNIMOD:7;MT=variable;TA=N,Q;PP=Anywhere	NT=Gln->pyro-Glu;AC=UNIMOD:28;MT=variable;TA=Q;PP=Any N-term	NT=TMTpro;AC=UNIMOD:2016;MT=fixed;TA=K;PP=Anywhere	NT=TMTpro;AC=UNIMOD:2016;MT=fixed;PP=Any N-term	v3.0.0	ms-proteomics v1.1.0	human v1.1.0	cell-lines v1.1.0	dimethyl sulfoxide
PXD047934_dmso_rep3	Homo sapiens	not available	not available	not available	cell line	study sample	not available	not available	not available	not available	not available	not available	not available	3	dimethyl sulfoxide	not available	24 hour	272_2023_VV-TMT-Frac7	proteomic profiling by mass spectrometry	272_2023_VV-TMT-Frac7.raw	ftp://ftp.pride.ebi.ac.uk/pride/data/archive/2024/10/PXD047934/272_2023_VV-TMT-Frac7.raw	TMT127C	1	7	NT=Q Exactive HF;AC=MS:1002523	NT=Data-dependent acquisition;AC=PRIDE:0000627	NT=Trypsin;AC=MS:1001251	NT=beam-type collision-induced dissociation;AC=MS:1000422	32 NCE	335m/z-1600m/z	NT=High-pH reversed-phase chromatography (hpHRP);AC=PRIDE:0000564	10 ppm	20 ppm	single TMTpro multiplex	NT=Carbamidomethyl;AC=UNIMOD:4;MT=fixed;TA=C;PP=Anywhere	NT=Oxidation;AC=UNIMOD:35;MT=variable;TA=M;PP=Anywhere	NT=Acetyl;AC=UNIMOD:1;MT=variable;PP=Protein N-term	NT=Dioxidation;AC=UNIMOD:425;MT=variable;TA=M,W;PP=Anywhere	NT=Deamidated;AC=UNIMOD:7;MT=variable;TA=N,Q;PP=Anywhere	NT=Gln->pyro-Glu;AC=UNIMOD:28;MT=variable;TA=Q;PP=Any N-term	NT=TMTpro;AC=UNIMOD:2016;MT=fixed;TA=K;PP=Anywhere	NT=TMTpro;AC=UNIMOD:2016;MT=fixed;PP=Any N-term	v3.0.0	ms-proteomics v1.1.0	human v1.1.0	cell-lines v1.1.0	dimethyl sulfoxide
PXD047934_8451_rep1	Homo sapiens	not available	not available	not available	cell line	study sample	not available	not available	not available	not available	not available	not available	not available	1	BI03058451	1 uM	24 hour	272_2023_VV-TMT-Frac7	proteomic profiling by mass spectrometry	272_2023_VV-TMT-Frac7.raw	ftp://ftp.pride.ebi.ac.uk/pride/data/archive/2024/10/PXD047934/272_2023_VV-TMT-Frac7.raw	TMT128N	1	7	NT=Q Exactive HF;AC=MS:1002523	NT=Data-dependent acquisition;AC=PRIDE:0000627	NT=Trypsin;AC=MS:1001251	NT=beam-type collision-induced dissociation;AC=MS:1000422	32 NCE	335m/z-1600m/z	NT=High-pH reversed-phase chromatography (hpHRP);AC=PRIDE:0000564	10 ppm	20 ppm	single TMTpro multiplex	NT=Carbamidomethyl;AC=UNIMOD:4;MT=fixed;TA=C;PP=Anywhere	NT=Oxidation;AC=UNIMOD:35;MT=variable;TA=M;PP=Anywhere	NT=Acetyl;AC=UNIMOD:1;MT=variable;PP=Protein N-term	NT=Dioxidation;AC=UNIMOD:425;MT=variable;TA=M,W;PP=Anywhere	NT=Deamidated;AC=UNIMOD:7;MT=variable;TA=N,Q;PP=Anywhere	NT=Gln->pyro-Glu;AC=UNIMOD:28;MT=variable;TA=Q;PP=Any N-term	NT=TMTpro;AC=UNIMOD:2016;MT=fixed;TA=K;PP=Anywhere	NT=TMTpro;AC=UNIMOD:2016;MT=fixed;PP=Any N-term	v3.0.0	ms-proteomics v1.1.0	human v1.1.0	cell-lines v1.1.0	BI03058451
PXD047934_8451_rep2	Homo sapiens	not available	not available	not available	cell line	study sample	not available	not available	not available	not available	not available	not available	not available	2	BI03058451	1 uM	24 hour	272_2023_VV-TMT-Frac7	proteomic profiling by mass spectrometry	272_2023_VV-TMT-Frac7.raw	ftp://ftp.pride.ebi.ac.uk/pride/data/archive/2024/10/PXD047934/272_2023_VV-TMT-Frac7.raw	TMT128C	1	7	NT=Q Exactive HF;AC=MS:1002523	NT=Data-dependent acquisition;AC=PRIDE:0000627	NT=Trypsin;AC=MS:1001251	NT=beam-type collision-induced dissociation;AC=MS:1000422	32 NCE	335m/z-1600m/z	NT=High-pH reversed-phase chromatography (hpHRP);AC=PRIDE:0000564	10 ppm	20 ppm	single TMTpro multiplex	NT=Carbamidomethyl;AC=UNIMOD:4;MT=fixed;TA=C;PP=Anywhere	NT=Oxidation;AC=UNIMOD:35;MT=variable;TA=M;PP=Anywhere	NT=Acetyl;AC=UNIMOD:1;MT=variable;PP=Protein N-term	NT=Dioxidation;AC=UNIMOD:425;MT=variable;TA=M,W;PP=Anywhere	NT=Deamidated;AC=UNIMOD:7;MT=variable;TA=N,Q;PP=Anywhere	NT=Gln->pyro-Glu;AC=UNIMOD:28;MT=variable;TA=Q;PP=Any N-term	NT=TMTpro;AC=UNIMOD:2016;MT=fixed;TA=K;PP=Anywhere	NT=TMTpro;AC=UNIMOD:2016;MT=fixed;PP=Any N-term	v3.0.0	ms-proteomics v1.1.0	human v1.1.0	cell-lines v1.1.0	BI03058451
PXD047934_8451_rep3	Homo sapiens	not available	not available	not available	cell line	study sample	not available	not available	not available	not available	not available	not available	not available	3	BI03058451	1 uM	24 hour	272_2023_VV-TMT-Frac7	proteomic profiling by mass spectrometry	272_2023_VV-TMT-Frac7.raw	ftp://ftp.pride.ebi.ac.uk/pride/data/archive/2024/10/PXD047934/272_2023_VV-TMT-Frac7.raw	TMT129N	1	7	NT=Q Exactive HF;AC=MS:1002523	NT=Data-dependent acquisition;AC=PRIDE:0000627	NT=Trypsin;AC=MS:1001251	NT=beam-type collision-induced dissociation;AC=MS:1000422	32 NCE	335m/z-1600m/z	NT=High-pH reversed-phase chromatography (hpHRP);AC=PRIDE:0000564	10 ppm	20 ppm	single TMTpro multiplex	NT=Carbamidomethyl;AC=UNIMOD:4;MT=fixed;TA=C;PP=Anywhere	NT=Oxidation;AC=UNIMOD:35;MT=variable;TA=M;PP=Anywhere	NT=Acetyl;AC=UNIMOD:1;MT=variable;PP=Protein N-term	NT=Dioxidation;AC=UNIMOD:425;MT=variable;TA=M,W;PP=Anywhere	NT=Deamidated;AC=UNIMOD:7;MT=variable;TA=N,Q;PP=Anywhere	NT=Gln->pyro-Glu;AC=UNIMOD:28;MT=variable;TA=Q;PP=Any N-term	NT=TMTpro;AC=UNIMOD:2016;MT=fixed;TA=K;PP=Anywhere	NT=TMTpro;AC=UNIMOD:2016;MT=fixed;PP=Any N-term	v3.0.0	ms-proteomics v1.1.0	human v1.1.0	cell-lines v1.1.0	BI03058451
PXD047934_0068_rep1	Homo sapiens	not available	not available	not available	cell line	study sample	not available	not available	not available	not available	not available	not available	not available	1	BI01590068	1 uM	24 hour	272_2023_VV-TMT-Frac7	proteomic profiling by mass spectrometry	272_2023_VV-TMT-Frac7.raw	ftp://ftp.pride.ebi.ac.uk/pride/data/archive/2024/10/PXD047934/272_2023_VV-TMT-Frac7.raw	TMT129C	1	7	NT=Q Exactive HF;AC=MS:1002523	NT=Data-dependent acquisition;AC=PRIDE:0000627	NT=Trypsin;AC=MS:1001251	NT=beam-type collision-induced dissociation;AC=MS:1000422	32 NCE	335m/z-1600m/z	NT=High-pH reversed-phase chromatography (hpHRP);AC=PRIDE:0000564	10 ppm	20 ppm	single TMTpro multiplex	NT=Carbamidomethyl;AC=UNIMOD:4;MT=fixed;TA=C;PP=Anywhere	NT=Oxidation;AC=UNIMOD:35;MT=variable;TA=M;PP=Anywhere	NT=Acetyl;AC=UNIMOD:1;MT=variable;PP=Protein N-term	NT=Dioxidation;AC=UNIMOD:425;MT=variable;TA=M,W;PP=Anywhere	NT=Deamidated;AC=UNIMOD:7;MT=variable;TA=N,Q;PP=Anywhere	NT=Gln->pyro-Glu;AC=UNIMOD:28;MT=variable;TA=Q;PP=Any N-term	NT=TMTpro;AC=UNIMOD:2016;MT=fixed;TA=K;PP=Anywhere	NT=TMTpro;AC=UNIMOD:2016;MT=fixed;PP=Any N-term	v3.0.0	ms-proteomics v1.1.0	human v1.1.0	cell-lines v1.1.0	BI01590068
PXD047934_0068_rep2	Homo sapiens	not available	not available	not available	cell line	study sample	not available	not available	not available	not available	not available	not available	not available	2	BI01590068	1 uM	24 hour	272_2023_VV-TMT-Frac7	proteomic profiling by mass spectrometry	272_2023_VV-TMT-Frac7.raw	ftp://ftp.pride.ebi.ac.uk/pride/data/archive/2024/10/PXD047934/272_2023_VV-TMT-Frac7.raw	TMT130N	1	7	NT=Q Exactive HF;AC=MS:1002523	NT=Data-dependent acquisition;AC=PRIDE:0000627	NT=Trypsin;AC=MS:1001251	NT=beam-type collision-induced dissociation;AC=MS:1000422	32 NCE	335m/z-1600m/z	NT=High-pH reversed-phase chromatography (hpHRP);AC=PRIDE:0000564	10 ppm	20 ppm	single TMTpro multiplex	NT=Carbamidomethyl;AC=UNIMOD:4;MT=fixed;TA=C;PP=Anywhere	NT=Oxidation;AC=UNIMOD:35;MT=variable;TA=M;PP=Anywhere	NT=Acetyl;AC=UNIMOD:1;MT=variable;PP=Protein N-term	NT=Dioxidation;AC=UNIMOD:425;MT=variable;TA=M,W;PP=Anywhere	NT=Deamidated;AC=UNIMOD:7;MT=variable;TA=N,Q;PP=Anywhere	NT=Gln->pyro-Glu;AC=UNIMOD:28;MT=variable;TA=Q;PP=Any N-term	NT=TMTpro;AC=UNIMOD:2016;MT=fixed;TA=K;PP=Anywhere	NT=TMTpro;AC=UNIMOD:2016;MT=fixed;PP=Any N-term	v3.0.0	ms-proteomics v1.1.0	human v1.1.0	cell-lines v1.1.0	BI01590068
PXD047934_0068_rep3	Homo sapiens	not available	not available	not available	cell line	study sample	not available	not available	not available	not available	not available	not available	not available	3	BI01590068	1 uM	24 hour	272_2023_VV-TMT-Frac7	proteomic profiling by mass spectrometry	272_2023_VV-TMT-Frac7.raw	ftp://ftp.pride.ebi.ac.uk/pride/data/archive/2024/10/PXD047934/272_2023_VV-TMT-Frac7.raw	TMT130C	1	7	NT=Q Exactive HF;AC=MS:1002523	NT=Data-dependent acquisition;AC=PRIDE:0000627	NT=Trypsin;AC=MS:1001251	NT=beam-type collision-induced dissociation;AC=MS:1000422	32 NCE	335m/z-1600m/z	NT=High-pH reversed-phase chromatography (hpHRP);AC=PRIDE:0000564	10 ppm	20 ppm	single TMTpro multiplex	NT=Carbamidomethyl;AC=UNIMOD:4;MT=fixed;TA=C;PP=Anywhere	NT=Oxidation;AC=UNIMOD:35;MT=variable;TA=M;PP=Anywhere	NT=Acetyl;AC=UNIMOD:1;MT=variable;PP=Protein N-term	NT=Dioxidation;AC=UNIMOD:425;MT=variable;TA=M,W;PP=Anywhere	NT=Deamidated;AC=UNIMOD:7;MT=variable;TA=N,Q;PP=Anywhere	NT=Gln->pyro-Glu;AC=UNIMOD:28;MT=variable;TA=Q;PP=Any N-term	NT=TMTpro;AC=UNIMOD:2016;MT=fixed;TA=K;PP=Anywhere	NT=TMTpro;AC=UNIMOD:2016;MT=fixed;PP=Any N-term	v3.0.0	ms-proteomics v1.1.0	human v1.1.0	cell-lines v1.1.0	BI01590068
PXD047934_chx_rep1	Homo sapiens	not available	not available	not available	cell line	study sample	not available	not available	not available	not available	not available	not available	not available	1	cycloheximide	100 ug/mL	24 hour	272_2023_VV-TMT-Frac7	proteomic profiling by mass spectrometry	272_2023_VV-TMT-Frac7.raw	ftp://ftp.pride.ebi.ac.uk/pride/data/archive/2024/10/PXD047934/272_2023_VV-TMT-Frac7.raw	TMT131N	1	7	NT=Q Exactive HF;AC=MS:1002523	NT=Data-dependent acquisition;AC=PRIDE:0000627	NT=Trypsin;AC=MS:1001251	NT=beam-type collision-induced dissociation;AC=MS:1000422	32 NCE	335m/z-1600m/z	NT=High-pH reversed-phase chromatography (hpHRP);AC=PRIDE:0000564	10 ppm	20 ppm	single TMTpro multiplex	NT=Carbamidomethyl;AC=UNIMOD:4;MT=fixed;TA=C;PP=Anywhere	NT=Oxidation;AC=UNIMOD:35;MT=variable;TA=M;PP=Anywhere	NT=Acetyl;AC=UNIMOD:1;MT=variable;PP=Protein N-term	NT=Dioxidation;AC=UNIMOD:425;MT=variable;TA=M,W;PP=Anywhere	NT=Deamidated;AC=UNIMOD:7;MT=variable;TA=N,Q;PP=Anywhere	NT=Gln->pyro-Glu;AC=UNIMOD:28;MT=variable;TA=Q;PP=Any N-term	NT=TMTpro;AC=UNIMOD:2016;MT=fixed;TA=K;PP=Anywhere	NT=TMTpro;AC=UNIMOD:2016;MT=fixed;PP=Any N-term	v3.0.0	ms-proteomics v1.1.0	human v1.1.0	cell-lines v1.1.0	cycloheximide
PXD047934_chx_rep2	Homo sapiens	not available	not available	not available	cell line	study sample	not available	not available	not available	not available	not available	not available	not available	2	cycloheximide	100 ug/mL	24 hour	272_2023_VV-TMT-Frac7	proteomic profiling by mass spectrometry	272_2023_VV-TMT-Frac7.raw	ftp://ftp.pride.ebi.ac.uk/pride/data/archive/2024/10/PXD047934/272_2023_VV-TMT-Frac7.raw	TMT131C	1	7	NT=Q Exactive HF;AC=MS:1002523	NT=Data-dependent acquisition;AC=PRIDE:0000627	NT=Trypsin;AC=MS:1001251	NT=beam-type collision-induced dissociation;AC=MS:1000422	32 NCE	335m/z-1600m/z	NT=High-pH reversed-phase chromatography (hpHRP);AC=PRIDE:0000564	10 ppm	20 ppm	single TMTpro multiplex	NT=Carbamidomethyl;AC=UNIMOD:4;MT=fixed;TA=C;PP=Anywhere	NT=Oxidation;AC=UNIMOD:35;MT=variable;TA=M;PP=Anywhere	NT=Acetyl;AC=UNIMOD:1;MT=variable;PP=Protein N-term	NT=Dioxidation;AC=UNIMOD:425;MT=variable;TA=M,W;PP=Anywhere	NT=Deamidated;AC=UNIMOD:7;MT=variable;TA=N,Q;PP=Anywhere	NT=Gln->pyro-Glu;AC=UNIMOD:28;MT=variable;TA=Q;PP=Any N-term	NT=TMTpro;AC=UNIMOD:2016;MT=fixed;TA=K;PP=Anywhere	NT=TMTpro;AC=UNIMOD:2016;MT=fixed;PP=Any N-term	v3.0.0	ms-proteomics v1.1.0	human v1.1.0	cell-lines v1.1.0	cycloheximide
PXD047934_chx_rep3	Homo sapiens	not available	not available	not available	cell line	study sample	not available	not available	not available	not available	not available	not available	not available	3	cycloheximide	100 ug/mL	24 hour	272_2023_VV-TMT-Frac7	proteomic profiling by mass spectrometry	272_2023_VV-TMT-Frac7.raw	ftp://ftp.pride.ebi.ac.uk/pride/data/archive/2024/10/PXD047934/272_2023_VV-TMT-Frac7.raw	TMT132N	1	7	NT=Q Exactive HF;AC=MS:1002523	NT=Data-dependent acquisition;AC=PRIDE:0000627	NT=Trypsin;AC=MS:1001251	NT=beam-type collision-induced dissociation;AC=MS:1000422	32 NCE	335m/z-1600m/z	NT=High-pH reversed-phase chromatography (hpHRP);AC=PRIDE:0000564	10 ppm	20 ppm	single TMTpro multiplex	NT=Carbamidomethyl;AC=UNIMOD:4;MT=fixed;TA=C;PP=Anywhere	NT=Oxidation;AC=UNIMOD:35;MT=variable;TA=M;PP=Anywhere	NT=Acetyl;AC=UNIMOD:1;MT=variable;PP=Protein N-term	NT=Dioxidation;AC=UNIMOD:425;MT=variable;TA=M,W;PP=Anywhere	NT=Deamidated;AC=UNIMOD:7;MT=variable;TA=N,Q;PP=Anywhere	NT=Gln->pyro-Glu;AC=UNIMOD:28;MT=variable;TA=Q;PP=Any N-term	NT=TMTpro;AC=UNIMOD:2016;MT=fixed;TA=K;PP=Anywhere	NT=TMTpro;AC=UNIMOD:2016;MT=fixed;PP=Any N-term	v3.0.0	ms-proteomics v1.1.0	human v1.1.0	cell-lines v1.1.0	cycloheximide
PXD047934_cc885_rep1	Homo sapiens	not available	not available	not available	cell line	study sample	not available	not available	not available	not available	not available	not available	not available	1	CC-885	1 uM	24 hour	272_2023_VV-TMT-Frac7	proteomic profiling by mass spectrometry	272_2023_VV-TMT-Frac7.raw	ftp://ftp.pride.ebi.ac.uk/pride/data/archive/2024/10/PXD047934/272_2023_VV-TMT-Frac7.raw	TMT132C	1	7	NT=Q Exactive HF;AC=MS:1002523	NT=Data-dependent acquisition;AC=PRIDE:0000627	NT=Trypsin;AC=MS:1001251	NT=beam-type collision-induced dissociation;AC=MS:1000422	32 NCE	335m/z-1600m/z	NT=High-pH reversed-phase chromatography (hpHRP);AC=PRIDE:0000564	10 ppm	20 ppm	single TMTpro multiplex	NT=Carbamidomethyl;AC=UNIMOD:4;MT=fixed;TA=C;PP=Anywhere	NT=Oxidation;AC=UNIMOD:35;MT=variable;TA=M;PP=Anywhere	NT=Acetyl;AC=UNIMOD:1;MT=variable;PP=Protein N-term	NT=Dioxidation;AC=UNIMOD:425;MT=variable;TA=M,W;PP=Anywhere	NT=Deamidated;AC=UNIMOD:7;MT=variable;TA=N,Q;PP=Anywhere	NT=Gln->pyro-Glu;AC=UNIMOD:28;MT=variable;TA=Q;PP=Any N-term	NT=TMTpro;AC=UNIMOD:2016;MT=fixed;TA=K;PP=Anywhere	NT=TMTpro;AC=UNIMOD:2016;MT=fixed;PP=Any N-term	v3.0.0	ms-proteomics v1.1.0	human v1.1.0	cell-lines v1.1.0	CC-885
PXD047934_cc885_rep2	Homo sapiens	not available	not available	not available	cell line	study sample	not available	not available	not available	not available	not available	not available	not available	2	CC-885	1 uM	24 hour	272_2023_VV-TMT-Frac7	proteomic profiling by mass spectrometry	272_2023_VV-TMT-Frac7.raw	ftp://ftp.pride.ebi.ac.uk/pride/data/archive/2024/10/PXD047934/272_2023_VV-TMT-Frac7.raw	TMT133N	1	7	NT=Q Exactive HF;AC=MS:1002523	NT=Data-dependent acquisition;AC=PRIDE:0000627	NT=Trypsin;AC=MS:1001251	NT=beam-type collision-induced dissociation;AC=MS:1000422	32 NCE	335m/z-1600m/z	NT=High-pH reversed-phase chromatography (hpHRP);AC=PRIDE:0000564	10 ppm	20 ppm	single TMTpro multiplex	NT=Carbamidomethyl;AC=UNIMOD:4;MT=fixed;TA=C;PP=Anywhere	NT=Oxidation;AC=UNIMOD:35;MT=variable;TA=M;PP=Anywhere	NT=Acetyl;AC=UNIMOD:1;MT=variable;PP=Protein N-term	NT=Dioxidation;AC=UNIMOD:425;MT=variable;TA=M,W;PP=Anywhere	NT=Deamidated;AC=UNIMOD:7;MT=variable;TA=N,Q;PP=Anywhere	NT=Gln->pyro-Glu;AC=UNIMOD:28;MT=variable;TA=Q;PP=Any N-term	NT=TMTpro;AC=UNIMOD:2016;MT=fixed;TA=K;PP=Anywhere	NT=TMTpro;AC=UNIMOD:2016;MT=fixed;PP=Any N-term	v3.0.0	ms-proteomics v1.1.0	human v1.1.0	cell-lines v1.1.0	CC-885
PXD047934_cc885_rep3	Homo sapiens	not available	not available	not available	cell line	study sample	not available	not available	not available	not available	not available	not available	not available	3	CC-885	1 uM	24 hour	272_2023_VV-TMT-Frac7	proteomic profiling by mass spectrometry	272_2023_VV-TMT-Frac7.raw	ftp://ftp.pride.ebi.ac.uk/pride/data/archive/2024/10/PXD047934/272_2023_VV-TMT-Frac7.raw	TMT133C	1	7	NT=Q Exactive HF;AC=MS:1002523	NT=Data-dependent acquisition;AC=PRIDE:0000627	NT=Trypsin;AC=MS:1001251	NT=beam-type collision-induced dissociation;AC=MS:1000422	32 NCE	335m/z-1600m/z	NT=High-pH reversed-phase chromatography (hpHRP);AC=PRIDE:0000564	10 ppm	20 ppm	single TMTpro multiplex	NT=Carbamidomethyl;AC=UNIMOD:4;MT=fixed;TA=C;PP=Anywhere	NT=Oxidation;AC=UNIMOD:35;MT=variable;TA=M;PP=Anywhere	NT=Acetyl;AC=UNIMOD:1;MT=variable;PP=Protein N-term	NT=Dioxidation;AC=UNIMOD:425;MT=variable;TA=M,W;PP=Anywhere	NT=Deamidated;AC=UNIMOD:7;MT=variable;TA=N,Q;PP=Anywhere	NT=Gln->pyro-Glu;AC=UNIMOD:28;MT=variable;TA=Q;PP=Any N-term	NT=TMTpro;AC=UNIMOD:2016;MT=fixed;TA=K;PP=Anywhere	NT=TMTpro;AC=UNIMOD:2016;MT=fixed;PP=Any N-term	v3.0.0	ms-proteomics v1.1.0	human v1.1.0	cell-lines v1.1.0	CC-885
PXD047934_dmso_rep1	Homo sapiens	not available	not available	not available	cell line	study sample	not available	not available	not available	not available	not available	not available	not available	1	dimethyl sulfoxide	not available	24 hour	272_2023_VV-TMT-Frac8	proteomic profiling by mass spectrometry	272_2023_VV-TMT-Frac8.raw	ftp://ftp.pride.ebi.ac.uk/pride/data/archive/2024/10/PXD047934/272_2023_VV-TMT-Frac8.raw	TMT126	1	8	NT=Q Exactive HF;AC=MS:1002523	NT=Data-dependent acquisition;AC=PRIDE:0000627	NT=Trypsin;AC=MS:1001251	NT=beam-type collision-induced dissociation;AC=MS:1000422	32 NCE	335m/z-1600m/z	NT=High-pH reversed-phase chromatography (hpHRP);AC=PRIDE:0000564	10 ppm	20 ppm	single TMTpro multiplex	NT=Carbamidomethyl;AC=UNIMOD:4;MT=fixed;TA=C;PP=Anywhere	NT=Oxidation;AC=UNIMOD:35;MT=variable;TA=M;PP=Anywhere	NT=Acetyl;AC=UNIMOD:1;MT=variable;PP=Protein N-term	NT=Dioxidation;AC=UNIMOD:425;MT=variable;TA=M,W;PP=Anywhere	NT=Deamidated;AC=UNIMOD:7;MT=variable;TA=N,Q;PP=Anywhere	NT=Gln->pyro-Glu;AC=UNIMOD:28;MT=variable;TA=Q;PP=Any N-term	NT=TMTpro;AC=UNIMOD:2016;MT=fixed;TA=K;PP=Anywhere	NT=TMTpro;AC=UNIMOD:2016;MT=fixed;PP=Any N-term	v3.0.0	ms-proteomics v1.1.0	human v1.1.0	cell-lines v1.1.0	dimethyl sulfoxide
PXD047934_dmso_rep2	Homo sapiens	not available	not available	not available	cell line	study sample	not available	not available	not available	not available	not available	not available	not available	2	dimethyl sulfoxide	not available	24 hour	272_2023_VV-TMT-Frac8	proteomic profiling by mass spectrometry	272_2023_VV-TMT-Frac8.raw	ftp://ftp.pride.ebi.ac.uk/pride/data/archive/2024/10/PXD047934/272_2023_VV-TMT-Frac8.raw	TMT127N	1	8	NT=Q Exactive HF;AC=MS:1002523	NT=Data-dependent acquisition;AC=PRIDE:0000627	NT=Trypsin;AC=MS:1001251	NT=beam-type collision-induced dissociation;AC=MS:1000422	32 NCE	335m/z-1600m/z	NT=High-pH reversed-phase chromatography (hpHRP);AC=PRIDE:0000564	10 ppm	20 ppm	single TMTpro multiplex	NT=Carbamidomethyl;AC=UNIMOD:4;MT=fixed;TA=C;PP=Anywhere	NT=Oxidation;AC=UNIMOD:35;MT=variable;TA=M;PP=Anywhere	NT=Acetyl;AC=UNIMOD:1;MT=variable;PP=Protein N-term	NT=Dioxidation;AC=UNIMOD:425;MT=variable;TA=M,W;PP=Anywhere	NT=Deamidated;AC=UNIMOD:7;MT=variable;TA=N,Q;PP=Anywhere	NT=Gln->pyro-Glu;AC=UNIMOD:28;MT=variable;TA=Q;PP=Any N-term	NT=TMTpro;AC=UNIMOD:2016;MT=fixed;TA=K;PP=Anywhere	NT=TMTpro;AC=UNIMOD:2016;MT=fixed;PP=Any N-term	v3.0.0	ms-proteomics v1.1.0	human v1.1.0	cell-lines v1.1.0	dimethyl sulfoxide
PXD047934_dmso_rep3	Homo sapiens	not available	not available	not available	cell line	study sample	not available	not available	not available	not available	not available	not available	not available	3	dimethyl sulfoxide	not available	24 hour	272_2023_VV-TMT-Frac8	proteomic profiling by mass spectrometry	272_2023_VV-TMT-Frac8.raw	ftp://ftp.pride.ebi.ac.uk/pride/data/archive/2024/10/PXD047934/272_2023_VV-TMT-Frac8.raw	TMT127C	1	8	NT=Q Exactive HF;AC=MS:1002523	NT=Data-dependent acquisition;AC=PRIDE:0000627	NT=Trypsin;AC=MS:1001251	NT=beam-type collision-induced dissociation;AC=MS:1000422	32 NCE	335m/z-1600m/z	NT=High-pH reversed-phase chromatography (hpHRP);AC=PRIDE:0000564	10 ppm	20 ppm	single TMTpro multiplex	NT=Carbamidomethyl;AC=UNIMOD:4;MT=fixed;TA=C;PP=Anywhere	NT=Oxidation;AC=UNIMOD:35;MT=variable;TA=M;PP=Anywhere	NT=Acetyl;AC=UNIMOD:1;MT=variable;PP=Protein N-term	NT=Dioxidation;AC=UNIMOD:425;MT=variable;TA=M,W;PP=Anywhere	NT=Deamidated;AC=UNIMOD:7;MT=variable;TA=N,Q;PP=Anywhere	NT=Gln->pyro-Glu;AC=UNIMOD:28;MT=variable;TA=Q;PP=Any N-term	NT=TMTpro;AC=UNIMOD:2016;MT=fixed;TA=K;PP=Anywhere	NT=TMTpro;AC=UNIMOD:2016;MT=fixed;PP=Any N-term	v3.0.0	ms-proteomics v1.1.0	human v1.1.0	cell-lines v1.1.0	dimethyl sulfoxide
PXD047934_8451_rep1	Homo sapiens	not available	not available	not available	cell line	study sample	not available	not available	not available	not available	not available	not available	not available	1	BI03058451	1 uM	24 hour	272_2023_VV-TMT-Frac8	proteomic profiling by mass spectrometry	272_2023_VV-TMT-Frac8.raw	ftp://ftp.pride.ebi.ac.uk/pride/data/archive/2024/10/PXD047934/272_2023_VV-TMT-Frac8.raw	TMT128N	1	8	NT=Q Exactive HF;AC=MS:1002523	NT=Data-dependent acquisition;AC=PRIDE:0000627	NT=Trypsin;AC=MS:1001251	NT=beam-type collision-induced dissociation;AC=MS:1000422	32 NCE	335m/z-1600m/z	NT=High-pH reversed-phase chromatography (hpHRP);AC=PRIDE:0000564	10 ppm	20 ppm	single TMTpro multiplex	NT=Carbamidomethyl;AC=UNIMOD:4;MT=fixed;TA=C;PP=Anywhere	NT=Oxidation;AC=UNIMOD:35;MT=variable;TA=M;PP=Anywhere	NT=Acetyl;AC=UNIMOD:1;MT=variable;PP=Protein N-term	NT=Dioxidation;AC=UNIMOD:425;MT=variable;TA=M,W;PP=Anywhere	NT=Deamidated;AC=UNIMOD:7;MT=variable;TA=N,Q;PP=Anywhere	NT=Gln->pyro-Glu;AC=UNIMOD:28;MT=variable;TA=Q;PP=Any N-term	NT=TMTpro;AC=UNIMOD:2016;MT=fixed;TA=K;PP=Anywhere	NT=TMTpro;AC=UNIMOD:2016;MT=fixed;PP=Any N-term	v3.0.0	ms-proteomics v1.1.0	human v1.1.0	cell-lines v1.1.0	BI03058451
PXD047934_8451_rep2	Homo sapiens	not available	not available	not available	cell line	study sample	not available	not available	not available	not available	not available	not available	not available	2	BI03058451	1 uM	24 hour	272_2023_VV-TMT-Frac8	proteomic profiling by mass spectrometry	272_2023_VV-TMT-Frac8.raw	ftp://ftp.pride.ebi.ac.uk/pride/data/archive/2024/10/PXD047934/272_2023_VV-TMT-Frac8.raw	TMT128C	1	8	NT=Q Exactive HF;AC=MS:1002523	NT=Data-dependent acquisition;AC=PRIDE:0000627	NT=Trypsin;AC=MS:1001251	NT=beam-type collision-induced dissociation;AC=MS:1000422	32 NCE	335m/z-1600m/z	NT=High-pH reversed-phase chromatography (hpHRP);AC=PRIDE:0000564	10 ppm	20 ppm	single TMTpro multiplex	NT=Carbamidomethyl;AC=UNIMOD:4;MT=fixed;TA=C;PP=Anywhere	NT=Oxidation;AC=UNIMOD:35;MT=variable;TA=M;PP=Anywhere	NT=Acetyl;AC=UNIMOD:1;MT=variable;PP=Protein N-term	NT=Dioxidation;AC=UNIMOD:425;MT=variable;TA=M,W;PP=Anywhere	NT=Deamidated;AC=UNIMOD:7;MT=variable;TA=N,Q;PP=Anywhere	NT=Gln->pyro-Glu;AC=UNIMOD:28;MT=variable;TA=Q;PP=Any N-term	NT=TMTpro;AC=UNIMOD:2016;MT=fixed;TA=K;PP=Anywhere	NT=TMTpro;AC=UNIMOD:2016;MT=fixed;PP=Any N-term	v3.0.0	ms-proteomics v1.1.0	human v1.1.0	cell-lines v1.1.0	BI03058451
PXD047934_8451_rep3	Homo sapiens	not available	not available	not available	cell line	study sample	not available	not available	not available	not available	not available	not available	not available	3	BI03058451	1 uM	24 hour	272_2023_VV-TMT-Frac8	proteomic profiling by mass spectrometry	272_2023_VV-TMT-Frac8.raw	ftp://ftp.pride.ebi.ac.uk/pride/data/archive/2024/10/PXD047934/272_2023_VV-TMT-Frac8.raw	TMT129N	1	8	NT=Q Exactive HF;AC=MS:1002523	NT=Data-dependent acquisition;AC=PRIDE:0000627	NT=Trypsin;AC=MS:1001251	NT=beam-type collision-induced dissociation;AC=MS:1000422	32 NCE	335m/z-1600m/z	NT=High-pH reversed-phase chromatography (hpHRP);AC=PRIDE:0000564	10 ppm	20 ppm	single TMTpro multiplex	NT=Carbamidomethyl;AC=UNIMOD:4;MT=fixed;TA=C;PP=Anywhere	NT=Oxidation;AC=UNIMOD:35;MT=variable;TA=M;PP=Anywhere	NT=Acetyl;AC=UNIMOD:1;MT=variable;PP=Protein N-term	NT=Dioxidation;AC=UNIMOD:425;MT=variable;TA=M,W;PP=Anywhere	NT=Deamidated;AC=UNIMOD:7;MT=variable;TA=N,Q;PP=Anywhere	NT=Gln->pyro-Glu;AC=UNIMOD:28;MT=variable;TA=Q;PP=Any N-term	NT=TMTpro;AC=UNIMOD:2016;MT=fixed;TA=K;PP=Anywhere	NT=TMTpro;AC=UNIMOD:2016;MT=fixed;PP=Any N-term	v3.0.0	ms-proteomics v1.1.0	human v1.1.0	cell-lines v1.1.0	BI03058451
PXD047934_0068_rep1	Homo sapiens	not available	not available	not available	cell line	study sample	not available	not available	not available	not available	not available	not available	not available	1	BI01590068	1 uM	24 hour	272_2023_VV-TMT-Frac8	proteomic profiling by mass spectrometry	272_2023_VV-TMT-Frac8.raw	ftp://ftp.pride.ebi.ac.uk/pride/data/archive/2024/10/PXD047934/272_2023_VV-TMT-Frac8.raw	TMT129C	1	8	NT=Q Exactive HF;AC=MS:1002523	NT=Data-dependent acquisition;AC=PRIDE:0000627	NT=Trypsin;AC=MS:1001251	NT=beam-type collision-induced dissociation;AC=MS:1000422	32 NCE	335m/z-1600m/z	NT=High-pH reversed-phase chromatography (hpHRP);AC=PRIDE:0000564	10 ppm	20 ppm	single TMTpro multiplex	NT=Carbamidomethyl;AC=UNIMOD:4;MT=fixed;TA=C;PP=Anywhere	NT=Oxidation;AC=UNIMOD:35;MT=variable;TA=M;PP=Anywhere	NT=Acetyl;AC=UNIMOD:1;MT=variable;PP=Protein N-term	NT=Dioxidation;AC=UNIMOD:425;MT=variable;TA=M,W;PP=Anywhere	NT=Deamidated;AC=UNIMOD:7;MT=variable;TA=N,Q;PP=Anywhere	NT=Gln->pyro-Glu;AC=UNIMOD:28;MT=variable;TA=Q;PP=Any N-term	NT=TMTpro;AC=UNIMOD:2016;MT=fixed;TA=K;PP=Anywhere	NT=TMTpro;AC=UNIMOD:2016;MT=fixed;PP=Any N-term	v3.0.0	ms-proteomics v1.1.0	human v1.1.0	cell-lines v1.1.0	BI01590068
PXD047934_0068_rep2	Homo sapiens	not available	not available	not available	cell line	study sample	not available	not available	not available	not available	not available	not available	not available	2	BI01590068	1 uM	24 hour	272_2023_VV-TMT-Frac8	proteomic profiling by mass spectrometry	272_2023_VV-TMT-Frac8.raw	ftp://ftp.pride.ebi.ac.uk/pride/data/archive/2024/10/PXD047934/272_2023_VV-TMT-Frac8.raw	TMT130N	1	8	NT=Q Exactive HF;AC=MS:1002523	NT=Data-dependent acquisition;AC=PRIDE:0000627	NT=Trypsin;AC=MS:1001251	NT=beam-type collision-induced dissociation;AC=MS:1000422	32 NCE	335m/z-1600m/z	NT=High-pH reversed-phase chromatography (hpHRP);AC=PRIDE:0000564	10 ppm	20 ppm	single TMTpro multiplex	NT=Carbamidomethyl;AC=UNIMOD:4;MT=fixed;TA=C;PP=Anywhere	NT=Oxidation;AC=UNIMOD:35;MT=variable;TA=M;PP=Anywhere	NT=Acetyl;AC=UNIMOD:1;MT=variable;PP=Protein N-term	NT=Dioxidation;AC=UNIMOD:425;MT=variable;TA=M,W;PP=Anywhere	NT=Deamidated;AC=UNIMOD:7;MT=variable;TA=N,Q;PP=Anywhere	NT=Gln->pyro-Glu;AC=UNIMOD:28;MT=variable;TA=Q;PP=Any N-term	NT=TMTpro;AC=UNIMOD:2016;MT=fixed;TA=K;PP=Anywhere	NT=TMTpro;AC=UNIMOD:2016;MT=fixed;PP=Any N-term	v3.0.0	ms-proteomics v1.1.0	human v1.1.0	cell-lines v1.1.0	BI01590068
PXD047934_0068_rep3	Homo sapiens	not available	not available	not available	cell line	study sample	not available	not available	not available	not available	not available	not available	not available	3	BI01590068	1 uM	24 hour	272_2023_VV-TMT-Frac8	proteomic profiling by mass spectrometry	272_2023_VV-TMT-Frac8.raw	ftp://ftp.pride.ebi.ac.uk/pride/data/archive/2024/10/PXD047934/272_2023_VV-TMT-Frac8.raw	TMT130C	1	8	NT=Q Exactive HF;AC=MS:1002523	NT=Data-dependent acquisition;AC=PRIDE:0000627	NT=Trypsin;AC=MS:1001251	NT=beam-type collision-induced dissociation;AC=MS:1000422	32 NCE	335m/z-1600m/z	NT=High-pH reversed-phase chromatography (hpHRP);AC=PRIDE:0000564	10 ppm	20 ppm	single TMTpro multiplex	NT=Carbamidomethyl;AC=UNIMOD:4;MT=fixed;TA=C;PP=Anywhere	NT=Oxidation;AC=UNIMOD:35;MT=variable;TA=M;PP=Anywhere	NT=Acetyl;AC=UNIMOD:1;MT=variable;PP=Protein N-term	NT=Dioxidation;AC=UNIMOD:425;MT=variable;TA=M,W;PP=Anywhere	NT=Deamidated;AC=UNIMOD:7;MT=variable;TA=N,Q;PP=Anywhere	NT=Gln->pyro-Glu;AC=UNIMOD:28;MT=variable;TA=Q;PP=Any N-term	NT=TMTpro;AC=UNIMOD:2016;MT=fixed;TA=K;PP=Anywhere	NT=TMTpro;AC=UNIMOD:2016;MT=fixed;PP=Any N-term	v3.0.0	ms-proteomics v1.1.0	human v1.1.0	cell-lines v1.1.0	BI01590068
PXD047934_chx_rep1	Homo sapiens	not available	not available	not available	cell line	study sample	not available	not available	not available	not available	not available	not available	not available	1	cycloheximide	100 ug/mL	24 hour	272_2023_VV-TMT-Frac8	proteomic profiling by mass spectrometry	272_2023_VV-TMT-Frac8.raw	ftp://ftp.pride.ebi.ac.uk/pride/data/archive/2024/10/PXD047934/272_2023_VV-TMT-Frac8.raw	TMT131N	1	8	NT=Q Exactive HF;AC=MS:1002523	NT=Data-dependent acquisition;AC=PRIDE:0000627	NT=Trypsin;AC=MS:1001251	NT=beam-type collision-induced dissociation;AC=MS:1000422	32 NCE	335m/z-1600m/z	NT=High-pH reversed-phase chromatography (hpHRP);AC=PRIDE:0000564	10 ppm	20 ppm	single TMTpro multiplex	NT=Carbamidomethyl;AC=UNIMOD:4;MT=fixed;TA=C;PP=Anywhere	NT=Oxidation;AC=UNIMOD:35;MT=variable;TA=M;PP=Anywhere	NT=Acetyl;AC=UNIMOD:1;MT=variable;PP=Protein N-term	NT=Dioxidation;AC=UNIMOD:425;MT=variable;TA=M,W;PP=Anywhere	NT=Deamidated;AC=UNIMOD:7;MT=variable;TA=N,Q;PP=Anywhere	NT=Gln->pyro-Glu;AC=UNIMOD:28;MT=variable;TA=Q;PP=Any N-term	NT=TMTpro;AC=UNIMOD:2016;MT=fixed;TA=K;PP=Anywhere	NT=TMTpro;AC=UNIMOD:2016;MT=fixed;PP=Any N-term	v3.0.0	ms-proteomics v1.1.0	human v1.1.0	cell-lines v1.1.0	cycloheximide
PXD047934_chx_rep2	Homo sapiens	not available	not available	not available	cell line	study sample	not available	not available	not available	not available	not available	not available	not available	2	cycloheximide	100 ug/mL	24 hour	272_2023_VV-TMT-Frac8	proteomic profiling by mass spectrometry	272_2023_VV-TMT-Frac8.raw	ftp://ftp.pride.ebi.ac.uk/pride/data/archive/2024/10/PXD047934/272_2023_VV-TMT-Frac8.raw	TMT131C	1	8	NT=Q Exactive HF;AC=MS:1002523	NT=Data-dependent acquisition;AC=PRIDE:0000627	NT=Trypsin;AC=MS:1001251	NT=beam-type collision-induced dissociation;AC=MS:1000422	32 NCE	335m/z-1600m/z	NT=High-pH reversed-phase chromatography (hpHRP);AC=PRIDE:0000564	10 ppm	20 ppm	single TMTpro multiplex	NT=Carbamidomethyl;AC=UNIMOD:4;MT=fixed;TA=C;PP=Anywhere	NT=Oxidation;AC=UNIMOD:35;MT=variable;TA=M;PP=Anywhere	NT=Acetyl;AC=UNIMOD:1;MT=variable;PP=Protein N-term	NT=Dioxidation;AC=UNIMOD:425;MT=variable;TA=M,W;PP=Anywhere	NT=Deamidated;AC=UNIMOD:7;MT=variable;TA=N,Q;PP=Anywhere	NT=Gln->pyro-Glu;AC=UNIMOD:28;MT=variable;TA=Q;PP=Any N-term	NT=TMTpro;AC=UNIMOD:2016;MT=fixed;TA=K;PP=Anywhere	NT=TMTpro;AC=UNIMOD:2016;MT=fixed;PP=Any N-term	v3.0.0	ms-proteomics v1.1.0	human v1.1.0	cell-lines v1.1.0	cycloheximide
PXD047934_chx_rep3	Homo sapiens	not available	not available	not available	cell line	study sample	not available	not available	not available	not available	not available	not available	not available	3	cycloheximide	100 ug/mL	24 hour	272_2023_VV-TMT-Frac8	proteomic profiling by mass spectrometry	272_2023_VV-TMT-Frac8.raw	ftp://ftp.pride.ebi.ac.uk/pride/data/archive/2024/10/PXD047934/272_2023_VV-TMT-Frac8.raw	TMT132N	1	8	NT=Q Exactive HF;AC=MS:1002523	NT=Data-dependent acquisition;AC=PRIDE:0000627	NT=Trypsin;AC=MS:1001251	NT=beam-type collision-induced dissociation;AC=MS:1000422	32 NCE	335m/z-1600m/z	NT=High-pH reversed-phase chromatography (hpHRP);AC=PRIDE:0000564	10 ppm	20 ppm	single TMTpro multiplex	NT=Carbamidomethyl;AC=UNIMOD:4;MT=fixed;TA=C;PP=Anywhere	NT=Oxidation;AC=UNIMOD:35;MT=variable;TA=M;PP=Anywhere	NT=Acetyl;AC=UNIMOD:1;MT=variable;PP=Protein N-term	NT=Dioxidation;AC=UNIMOD:425;MT=variable;TA=M,W;PP=Anywhere	NT=Deamidated;AC=UNIMOD:7;MT=variable;TA=N,Q;PP=Anywhere	NT=Gln->pyro-Glu;AC=UNIMOD:28;MT=variable;TA=Q;PP=Any N-term	NT=TMTpro;AC=UNIMOD:2016;MT=fixed;TA=K;PP=Anywhere	NT=TMTpro;AC=UNIMOD:2016;MT=fixed;PP=Any N-term	v3.0.0	ms-proteomics v1.1.0	human v1.1.0	cell-lines v1.1.0	cycloheximide
PXD047934_cc885_rep1	Homo sapiens	not available	not available	not available	cell line	study sample	not available	not available	not available	not available	not available	not available	not available	1	CC-885	1 uM	24 hour	272_2023_VV-TMT-Frac8	proteomic profiling by mass spectrometry	272_2023_VV-TMT-Frac8.raw	ftp://ftp.pride.ebi.ac.uk/pride/data/archive/2024/10/PXD047934/272_2023_VV-TMT-Frac8.raw	TMT132C	1	8	NT=Q Exactive HF;AC=MS:1002523	NT=Data-dependent acquisition;AC=PRIDE:0000627	NT=Trypsin;AC=MS:1001251	NT=beam-type collision-induced dissociation;AC=MS:1000422	32 NCE	335m/z-1600m/z	NT=High-pH reversed-phase chromatography (hpHRP);AC=PRIDE:0000564	10 ppm	20 ppm	single TMTpro multiplex	NT=Carbamidomethyl;AC=UNIMOD:4;MT=fixed;TA=C;PP=Anywhere	NT=Oxidation;AC=UNIMOD:35;MT=variable;TA=M;PP=Anywhere	NT=Acetyl;AC=UNIMOD:1;MT=variable;PP=Protein N-term	NT=Dioxidation;AC=UNIMOD:425;MT=variable;TA=M,W;PP=Anywhere	NT=Deamidated;AC=UNIMOD:7;MT=variable;TA=N,Q;PP=Anywhere	NT=Gln->pyro-Glu;AC=UNIMOD:28;MT=variable;TA=Q;PP=Any N-term	NT=TMTpro;AC=UNIMOD:2016;MT=fixed;TA=K;PP=Anywhere	NT=TMTpro;AC=UNIMOD:2016;MT=fixed;PP=Any N-term	v3.0.0	ms-proteomics v1.1.0	human v1.1.0	cell-lines v1.1.0	CC-885
PXD047934_cc885_rep2	Homo sapiens	not available	not available	not available	cell line	study sample	not available	not available	not available	not available	not available	not available	not available	2	CC-885	1 uM	24 hour	272_2023_VV-TMT-Frac8	proteomic profiling by mass spectrometry	272_2023_VV-TMT-Frac8.raw	ftp://ftp.pride.ebi.ac.uk/pride/data/archive/2024/10/PXD047934/272_2023_VV-TMT-Frac8.raw	TMT133N	1	8	NT=Q Exactive HF;AC=MS:1002523	NT=Data-dependent acquisition;AC=PRIDE:0000627	NT=Trypsin;AC=MS:1001251	NT=beam-type collision-induced dissociation;AC=MS:1000422	32 NCE	335m/z-1600m/z	NT=High-pH reversed-phase chromatography (hpHRP);AC=PRIDE:0000564	10 ppm	20 ppm	single TMTpro multiplex	NT=Carbamidomethyl;AC=UNIMOD:4;MT=fixed;TA=C;PP=Anywhere	NT=Oxidation;AC=UNIMOD:35;MT=variable;TA=M;PP=Anywhere	NT=Acetyl;AC=UNIMOD:1;MT=variable;PP=Protein N-term	NT=Dioxidation;AC=UNIMOD:425;MT=variable;TA=M,W;PP=Anywhere	NT=Deamidated;AC=UNIMOD:7;MT=variable;TA=N,Q;PP=Anywhere	NT=Gln->pyro-Glu;AC=UNIMOD:28;MT=variable;TA=Q;PP=Any N-term	NT=TMTpro;AC=UNIMOD:2016;MT=fixed;TA=K;PP=Anywhere	NT=TMTpro;AC=UNIMOD:2016;MT=fixed;PP=Any N-term	v3.0.0	ms-proteomics v1.1.0	human v1.1.0	cell-lines v1.1.0	CC-885
PXD047934_cc885_rep3	Homo sapiens	not available	not available	not available	cell line	study sample	not available	not available	not available	not available	not available	not available	not available	3	CC-885	1 uM	24 hour	272_2023_VV-TMT-Frac8	proteomic profiling by mass spectrometry	272_2023_VV-TMT-Frac8.raw	ftp://ftp.pride.ebi.ac.uk/pride/data/archive/2024/10/PXD047934/272_2023_VV-TMT-Frac8.raw	TMT133C	1	8	NT=Q Exactive HF;AC=MS:1002523	NT=Data-dependent acquisition;AC=PRIDE:0000627	NT=Trypsin;AC=MS:1001251	NT=beam-type collision-induced dissociation;AC=MS:1000422	32 NCE	335m/z-1600m/z	NT=High-pH reversed-phase chromatography (hpHRP);AC=PRIDE:0000564	10 ppm	20 ppm	single TMTpro multiplex	NT=Carbamidomethyl;AC=UNIMOD:4;MT=fixed;TA=C;PP=Anywhere	NT=Oxidation;AC=UNIMOD:35;MT=variable;TA=M;PP=Anywhere	NT=Acetyl;AC=UNIMOD:1;MT=variable;PP=Protein N-term	NT=Dioxidation;AC=UNIMOD:425;MT=variable;TA=M,W;PP=Anywhere	NT=Deamidated;AC=UNIMOD:7;MT=variable;TA=N,Q;PP=Anywhere	NT=Gln->pyro-Glu;AC=UNIMOD:28;MT=variable;TA=Q;PP=Any N-term	NT=TMTpro;AC=UNIMOD:2016;MT=fixed;TA=K;PP=Anywhere	NT=TMTpro;AC=UNIMOD:2016;MT=fixed;PP=Any N-term	v3.0.0	ms-proteomics v1.1.0	human v1.1.0	cell-lines v1.1.0	CC-885
PXD047934_dmso_rep1	Homo sapiens	not available	not available	not available	cell line	study sample	not available	not available	not available	not available	not available	not available	not available	1	dimethyl sulfoxide	not available	24 hour	272_2023_VV-TMT-Frac9	proteomic profiling by mass spectrometry	272_2023_VV-TMT-Frac9.raw	ftp://ftp.pride.ebi.ac.uk/pride/data/archive/2024/10/PXD047934/272_2023_VV-TMT-Frac9.raw	TMT126	1	9	NT=Q Exactive HF;AC=MS:1002523	NT=Data-dependent acquisition;AC=PRIDE:0000627	NT=Trypsin;AC=MS:1001251	NT=beam-type collision-induced dissociation;AC=MS:1000422	32 NCE	335m/z-1600m/z	NT=High-pH reversed-phase chromatography (hpHRP);AC=PRIDE:0000564	10 ppm	20 ppm	single TMTpro multiplex	NT=Carbamidomethyl;AC=UNIMOD:4;MT=fixed;TA=C;PP=Anywhere	NT=Oxidation;AC=UNIMOD:35;MT=variable;TA=M;PP=Anywhere	NT=Acetyl;AC=UNIMOD:1;MT=variable;PP=Protein N-term	NT=Dioxidation;AC=UNIMOD:425;MT=variable;TA=M,W;PP=Anywhere	NT=Deamidated;AC=UNIMOD:7;MT=variable;TA=N,Q;PP=Anywhere	NT=Gln->pyro-Glu;AC=UNIMOD:28;MT=variable;TA=Q;PP=Any N-term	NT=TMTpro;AC=UNIMOD:2016;MT=fixed;TA=K;PP=Anywhere	NT=TMTpro;AC=UNIMOD:2016;MT=fixed;PP=Any N-term	v3.0.0	ms-proteomics v1.1.0	human v1.1.0	cell-lines v1.1.0	dimethyl sulfoxide
PXD047934_dmso_rep2	Homo sapiens	not available	not available	not available	cell line	study sample	not available	not available	not available	not available	not available	not available	not available	2	dimethyl sulfoxide	not available	24 hour	272_2023_VV-TMT-Frac9	proteomic profiling by mass spectrometry	272_2023_VV-TMT-Frac9.raw	ftp://ftp.pride.ebi.ac.uk/pride/data/archive/2024/10/PXD047934/272_2023_VV-TMT-Frac9.raw	TMT127N	1	9	NT=Q Exactive HF;AC=MS:1002523	NT=Data-dependent acquisition;AC=PRIDE:0000627	NT=Trypsin;AC=MS:1001251	NT=beam-type collision-induced dissociation;AC=MS:1000422	32 NCE	335m/z-1600m/z	NT=High-pH reversed-phase chromatography (hpHRP);AC=PRIDE:0000564	10 ppm	20 ppm	single TMTpro multiplex	NT=Carbamidomethyl;AC=UNIMOD:4;MT=fixed;TA=C;PP=Anywhere	NT=Oxidation;AC=UNIMOD:35;MT=variable;TA=M;PP=Anywhere	NT=Acetyl;AC=UNIMOD:1;MT=variable;PP=Protein N-term	NT=Dioxidation;AC=UNIMOD:425;MT=variable;TA=M,W;PP=Anywhere	NT=Deamidated;AC=UNIMOD:7;MT=variable;TA=N,Q;PP=Anywhere	NT=Gln->pyro-Glu;AC=UNIMOD:28;MT=variable;TA=Q;PP=Any N-term	NT=TMTpro;AC=UNIMOD:2016;MT=fixed;TA=K;PP=Anywhere	NT=TMTpro;AC=UNIMOD:2016;MT=fixed;PP=Any N-term	v3.0.0	ms-proteomics v1.1.0	human v1.1.0	cell-lines v1.1.0	dimethyl sulfoxide
PXD047934_dmso_rep3	Homo sapiens	not available	not available	not available	cell line	study sample	not available	not available	not available	not available	not available	not available	not available	3	dimethyl sulfoxide	not available	24 hour	272_2023_VV-TMT-Frac9	proteomic profiling by mass spectrometry	272_2023_VV-TMT-Frac9.raw	ftp://ftp.pride.ebi.ac.uk/pride/data/archive/2024/10/PXD047934/272_2023_VV-TMT-Frac9.raw	TMT127C	1	9	NT=Q Exactive HF;AC=MS:1002523	NT=Data-dependent acquisition;AC=PRIDE:0000627	NT=Trypsin;AC=MS:1001251	NT=beam-type collision-induced dissociation;AC=MS:1000422	32 NCE	335m/z-1600m/z	NT=High-pH reversed-phase chromatography (hpHRP);AC=PRIDE:0000564	10 ppm	20 ppm	single TMTpro multiplex	NT=Carbamidomethyl;AC=UNIMOD:4;MT=fixed;TA=C;PP=Anywhere	NT=Oxidation;AC=UNIMOD:35;MT=variable;TA=M;PP=Anywhere	NT=Acetyl;AC=UNIMOD:1;MT=variable;PP=Protein N-term	NT=Dioxidation;AC=UNIMOD:425;MT=variable;TA=M,W;PP=Anywhere	NT=Deamidated;AC=UNIMOD:7;MT=variable;TA=N,Q;PP=Anywhere	NT=Gln->pyro-Glu;AC=UNIMOD:28;MT=variable;TA=Q;PP=Any N-term	NT=TMTpro;AC=UNIMOD:2016;MT=fixed;TA=K;PP=Anywhere	NT=TMTpro;AC=UNIMOD:2016;MT=fixed;PP=Any N-term	v3.0.0	ms-proteomics v1.1.0	human v1.1.0	cell-lines v1.1.0	dimethyl sulfoxide
PXD047934_8451_rep1	Homo sapiens	not available	not available	not available	cell line	study sample	not available	not available	not available	not available	not available	not available	not available	1	BI03058451	1 uM	24 hour	272_2023_VV-TMT-Frac9	proteomic profiling by mass spectrometry	272_2023_VV-TMT-Frac9.raw	ftp://ftp.pride.ebi.ac.uk/pride/data/archive/2024/10/PXD047934/272_2023_VV-TMT-Frac9.raw	TMT128N	1	9	NT=Q Exactive HF;AC=MS:1002523	NT=Data-dependent acquisition;AC=PRIDE:0000627	NT=Trypsin;AC=MS:1001251	NT=beam-type collision-induced dissociation;AC=MS:1000422	32 NCE	335m/z-1600m/z	NT=High-pH reversed-phase chromatography (hpHRP);AC=PRIDE:0000564	10 ppm	20 ppm	single TMTpro multiplex	NT=Carbamidomethyl;AC=UNIMOD:4;MT=fixed;TA=C;PP=Anywhere	NT=Oxidation;AC=UNIMOD:35;MT=variable;TA=M;PP=Anywhere	NT=Acetyl;AC=UNIMOD:1;MT=variable;PP=Protein N-term	NT=Dioxidation;AC=UNIMOD:425;MT=variable;TA=M,W;PP=Anywhere	NT=Deamidated;AC=UNIMOD:7;MT=variable;TA=N,Q;PP=Anywhere	NT=Gln->pyro-Glu;AC=UNIMOD:28;MT=variable;TA=Q;PP=Any N-term	NT=TMTpro;AC=UNIMOD:2016;MT=fixed;TA=K;PP=Anywhere	NT=TMTpro;AC=UNIMOD:2016;MT=fixed;PP=Any N-term	v3.0.0	ms-proteomics v1.1.0	human v1.1.0	cell-lines v1.1.0	BI03058451
PXD047934_8451_rep2	Homo sapiens	not available	not available	not available	cell line	study sample	not available	not available	not available	not available	not available	not available	not available	2	BI03058451	1 uM	24 hour	272_2023_VV-TMT-Frac9	proteomic profiling by mass spectrometry	272_2023_VV-TMT-Frac9.raw	ftp://ftp.pride.ebi.ac.uk/pride/data/archive/2024/10/PXD047934/272_2023_VV-TMT-Frac9.raw	TMT128C	1	9	NT=Q Exactive HF;AC=MS:1002523	NT=Data-dependent acquisition;AC=PRIDE:0000627	NT=Trypsin;AC=MS:1001251	NT=beam-type collision-induced dissociation;AC=MS:1000422	32 NCE	335m/z-1600m/z	NT=High-pH reversed-phase chromatography (hpHRP);AC=PRIDE:0000564	10 ppm	20 ppm	single TMTpro multiplex	NT=Carbamidomethyl;AC=UNIMOD:4;MT=fixed;TA=C;PP=Anywhere	NT=Oxidation;AC=UNIMOD:35;MT=variable;TA=M;PP=Anywhere	NT=Acetyl;AC=UNIMOD:1;MT=variable;PP=Protein N-term	NT=Dioxidation;AC=UNIMOD:425;MT=variable;TA=M,W;PP=Anywhere	NT=Deamidated;AC=UNIMOD:7;MT=variable;TA=N,Q;PP=Anywhere	NT=Gln->pyro-Glu;AC=UNIMOD:28;MT=variable;TA=Q;PP=Any N-term	NT=TMTpro;AC=UNIMOD:2016;MT=fixed;TA=K;PP=Anywhere	NT=TMTpro;AC=UNIMOD:2016;MT=fixed;PP=Any N-term	v3.0.0	ms-proteomics v1.1.0	human v1.1.0	cell-lines v1.1.0	BI03058451
PXD047934_8451_rep3	Homo sapiens	not available	not available	not available	cell line	study sample	not available	not available	not available	not available	not available	not available	not available	3	BI03058451	1 uM	24 hour	272_2023_VV-TMT-Frac9	proteomic profiling by mass spectrometry	272_2023_VV-TMT-Frac9.raw	ftp://ftp.pride.ebi.ac.uk/pride/data/archive/2024/10/PXD047934/272_2023_VV-TMT-Frac9.raw	TMT129N	1	9	NT=Q Exactive HF;AC=MS:1002523	NT=Data-dependent acquisition;AC=PRIDE:0000627	NT=Trypsin;AC=MS:1001251	NT=beam-type collision-induced dissociation;AC=MS:1000422	32 NCE	335m/z-1600m/z	NT=High-pH reversed-phase chromatography (hpHRP);AC=PRIDE:0000564	10 ppm	20 ppm	single TMTpro multiplex	NT=Carbamidomethyl;AC=UNIMOD:4;MT=fixed;TA=C;PP=Anywhere	NT=Oxidation;AC=UNIMOD:35;MT=variable;TA=M;PP=Anywhere	NT=Acetyl;AC=UNIMOD:1;MT=variable;PP=Protein N-term	NT=Dioxidation;AC=UNIMOD:425;MT=variable;TA=M,W;PP=Anywhere	NT=Deamidated;AC=UNIMOD:7;MT=variable;TA=N,Q;PP=Anywhere	NT=Gln->pyro-Glu;AC=UNIMOD:28;MT=variable;TA=Q;PP=Any N-term	NT=TMTpro;AC=UNIMOD:2016;MT=fixed;TA=K;PP=Anywhere	NT=TMTpro;AC=UNIMOD:2016;MT=fixed;PP=Any N-term	v3.0.0	ms-proteomics v1.1.0	human v1.1.0	cell-lines v1.1.0	BI03058451
PXD047934_0068_rep1	Homo sapiens	not available	not available	not available	cell line	study sample	not available	not available	not available	not available	not available	not available	not available	1	BI01590068	1 uM	24 hour	272_2023_VV-TMT-Frac9	proteomic profiling by mass spectrometry	272_2023_VV-TMT-Frac9.raw	ftp://ftp.pride.ebi.ac.uk/pride/data/archive/2024/10/PXD047934/272_2023_VV-TMT-Frac9.raw	TMT129C	1	9	NT=Q Exactive HF;AC=MS:1002523	NT=Data-dependent acquisition;AC=PRIDE:0000627	NT=Trypsin;AC=MS:1001251	NT=beam-type collision-induced dissociation;AC=MS:1000422	32 NCE	335m/z-1600m/z	NT=High-pH reversed-phase chromatography (hpHRP);AC=PRIDE:0000564	10 ppm	20 ppm	single TMTpro multiplex	NT=Carbamidomethyl;AC=UNIMOD:4;MT=fixed;TA=C;PP=Anywhere	NT=Oxidation;AC=UNIMOD:35;MT=variable;TA=M;PP=Anywhere	NT=Acetyl;AC=UNIMOD:1;MT=variable;PP=Protein N-term	NT=Dioxidation;AC=UNIMOD:425;MT=variable;TA=M,W;PP=Anywhere	NT=Deamidated;AC=UNIMOD:7;MT=variable;TA=N,Q;PP=Anywhere	NT=Gln->pyro-Glu;AC=UNIMOD:28;MT=variable;TA=Q;PP=Any N-term	NT=TMTpro;AC=UNIMOD:2016;MT=fixed;TA=K;PP=Anywhere	NT=TMTpro;AC=UNIMOD:2016;MT=fixed;PP=Any N-term	v3.0.0	ms-proteomics v1.1.0	human v1.1.0	cell-lines v1.1.0	BI01590068
PXD047934_0068_rep2	Homo sapiens	not available	not available	not available	cell line	study sample	not available	not available	not available	not available	not available	not available	not available	2	BI01590068	1 uM	24 hour	272_2023_VV-TMT-Frac9	proteomic profiling by mass spectrometry	272_2023_VV-TMT-Frac9.raw	ftp://ftp.pride.ebi.ac.uk/pride/data/archive/2024/10/PXD047934/272_2023_VV-TMT-Frac9.raw	TMT130N	1	9	NT=Q Exactive HF;AC=MS:1002523	NT=Data-dependent acquisition;AC=PRIDE:0000627	NT=Trypsin;AC=MS:1001251	NT=beam-type collision-induced dissociation;AC=MS:1000422	32 NCE	335m/z-1600m/z	NT=High-pH reversed-phase chromatography (hpHRP);AC=PRIDE:0000564	10 ppm	20 ppm	single TMTpro multiplex	NT=Carbamidomethyl;AC=UNIMOD:4;MT=fixed;TA=C;PP=Anywhere	NT=Oxidation;AC=UNIMOD:35;MT=variable;TA=M;PP=Anywhere	NT=Acetyl;AC=UNIMOD:1;MT=variable;PP=Protein N-term	NT=Dioxidation;AC=UNIMOD:425;MT=variable;TA=M,W;PP=Anywhere	NT=Deamidated;AC=UNIMOD:7;MT=variable;TA=N,Q;PP=Anywhere	NT=Gln->pyro-Glu;AC=UNIMOD:28;MT=variable;TA=Q;PP=Any N-term	NT=TMTpro;AC=UNIMOD:2016;MT=fixed;TA=K;PP=Anywhere	NT=TMTpro;AC=UNIMOD:2016;MT=fixed;PP=Any N-term	v3.0.0	ms-proteomics v1.1.0	human v1.1.0	cell-lines v1.1.0	BI01590068
PXD047934_0068_rep3	Homo sapiens	not available	not available	not available	cell line	study sample	not available	not available	not available	not available	not available	not available	not available	3	BI01590068	1 uM	24 hour	272_2023_VV-TMT-Frac9	proteomic profiling by mass spectrometry	272_2023_VV-TMT-Frac9.raw	ftp://ftp.pride.ebi.ac.uk/pride/data/archive/2024/10/PXD047934/272_2023_VV-TMT-Frac9.raw	TMT130C	1	9	NT=Q Exactive HF;AC=MS:1002523	NT=Data-dependent acquisition;AC=PRIDE:0000627	NT=Trypsin;AC=MS:1001251	NT=beam-type collision-induced dissociation;AC=MS:1000422	32 NCE	335m/z-1600m/z	NT=High-pH reversed-phase chromatography (hpHRP);AC=PRIDE:0000564	10 ppm	20 ppm	single TMTpro multiplex	NT=Carbamidomethyl;AC=UNIMOD:4;MT=fixed;TA=C;PP=Anywhere	NT=Oxidation;AC=UNIMOD:35;MT=variable;TA=M;PP=Anywhere	NT=Acetyl;AC=UNIMOD:1;MT=variable;PP=Protein N-term	NT=Dioxidation;AC=UNIMOD:425;MT=variable;TA=M,W;PP=Anywhere	NT=Deamidated;AC=UNIMOD:7;MT=variable;TA=N,Q;PP=Anywhere	NT=Gln->pyro-Glu;AC=UNIMOD:28;MT=variable;TA=Q;PP=Any N-term	NT=TMTpro;AC=UNIMOD:2016;MT=fixed;TA=K;PP=Anywhere	NT=TMTpro;AC=UNIMOD:2016;MT=fixed;PP=Any N-term	v3.0.0	ms-proteomics v1.1.0	human v1.1.0	cell-lines v1.1.0	BI01590068
PXD047934_chx_rep1	Homo sapiens	not available	not available	not available	cell line	study sample	not available	not available	not available	not available	not available	not available	not available	1	cycloheximide	100 ug/mL	24 hour	272_2023_VV-TMT-Frac9	proteomic profiling by mass spectrometry	272_2023_VV-TMT-Frac9.raw	ftp://ftp.pride.ebi.ac.uk/pride/data/archive/2024/10/PXD047934/272_2023_VV-TMT-Frac9.raw	TMT131N	1	9	NT=Q Exactive HF;AC=MS:1002523	NT=Data-dependent acquisition;AC=PRIDE:0000627	NT=Trypsin;AC=MS:1001251	NT=beam-type collision-induced dissociation;AC=MS:1000422	32 NCE	335m/z-1600m/z	NT=High-pH reversed-phase chromatography (hpHRP);AC=PRIDE:0000564	10 ppm	20 ppm	single TMTpro multiplex	NT=Carbamidomethyl;AC=UNIMOD:4;MT=fixed;TA=C;PP=Anywhere	NT=Oxidation;AC=UNIMOD:35;MT=variable;TA=M;PP=Anywhere	NT=Acetyl;AC=UNIMOD:1;MT=variable;PP=Protein N-term	NT=Dioxidation;AC=UNIMOD:425;MT=variable;TA=M,W;PP=Anywhere	NT=Deamidated;AC=UNIMOD:7;MT=variable;TA=N,Q;PP=Anywhere	NT=Gln->pyro-Glu;AC=UNIMOD:28;MT=variable;TA=Q;PP=Any N-term	NT=TMTpro;AC=UNIMOD:2016;MT=fixed;TA=K;PP=Anywhere	NT=TMTpro;AC=UNIMOD:2016;MT=fixed;PP=Any N-term	v3.0.0	ms-proteomics v1.1.0	human v1.1.0	cell-lines v1.1.0	cycloheximide
PXD047934_chx_rep2	Homo sapiens	not available	not available	not available	cell line	study sample	not available	not available	not available	not available	not available	not available	not available	2	cycloheximide	100 ug/mL	24 hour	272_2023_VV-TMT-Frac9	proteomic profiling by mass spectrometry	272_2023_VV-TMT-Frac9.raw	ftp://ftp.pride.ebi.ac.uk/pride/data/archive/2024/10/PXD047934/272_2023_VV-TMT-Frac9.raw	TMT131C	1	9	NT=Q Exactive HF;AC=MS:1002523	NT=Data-dependent acquisition;AC=PRIDE:0000627	NT=Trypsin;AC=MS:1001251	NT=beam-type collision-induced dissociation;AC=MS:1000422	32 NCE	335m/z-1600m/z	NT=High-pH reversed-phase chromatography (hpHRP);AC=PRIDE:0000564	10 ppm	20 ppm	single TMTpro multiplex	NT=Carbamidomethyl;AC=UNIMOD:4;MT=fixed;TA=C;PP=Anywhere	NT=Oxidation;AC=UNIMOD:35;MT=variable;TA=M;PP=Anywhere	NT=Acetyl;AC=UNIMOD:1;MT=variable;PP=Protein N-term	NT=Dioxidation;AC=UNIMOD:425;MT=variable;TA=M,W;PP=Anywhere	NT=Deamidated;AC=UNIMOD:7;MT=variable;TA=N,Q;PP=Anywhere	NT=Gln->pyro-Glu;AC=UNIMOD:28;MT=variable;TA=Q;PP=Any N-term	NT=TMTpro;AC=UNIMOD:2016;MT=fixed;TA=K;PP=Anywhere	NT=TMTpro;AC=UNIMOD:2016;MT=fixed;PP=Any N-term	v3.0.0	ms-proteomics v1.1.0	human v1.1.0	cell-lines v1.1.0	cycloheximide
PXD047934_chx_rep3	Homo sapiens	not available	not available	not available	cell line	study sample	not available	not available	not available	not available	not available	not available	not available	3	cycloheximide	100 ug/mL	24 hour	272_2023_VV-TMT-Frac9	proteomic profiling by mass spectrometry	272_2023_VV-TMT-Frac9.raw	ftp://ftp.pride.ebi.ac.uk/pride/data/archive/2024/10/PXD047934/272_2023_VV-TMT-Frac9.raw	TMT132N	1	9	NT=Q Exactive HF;AC=MS:1002523	NT=Data-dependent acquisition;AC=PRIDE:0000627	NT=Trypsin;AC=MS:1001251	NT=beam-type collision-induced dissociation;AC=MS:1000422	32 NCE	335m/z-1600m/z	NT=High-pH reversed-phase chromatography (hpHRP);AC=PRIDE:0000564	10 ppm	20 ppm	single TMTpro multiplex	NT=Carbamidomethyl;AC=UNIMOD:4;MT=fixed;TA=C;PP=Anywhere	NT=Oxidation;AC=UNIMOD:35;MT=variable;TA=M;PP=Anywhere	NT=Acetyl;AC=UNIMOD:1;MT=variable;PP=Protein N-term	NT=Dioxidation;AC=UNIMOD:425;MT=variable;TA=M,W;PP=Anywhere	NT=Deamidated;AC=UNIMOD:7;MT=variable;TA=N,Q;PP=Anywhere	NT=Gln->pyro-Glu;AC=UNIMOD:28;MT=variable;TA=Q;PP=Any N-term	NT=TMTpro;AC=UNIMOD:2016;MT=fixed;TA=K;PP=Anywhere	NT=TMTpro;AC=UNIMOD:2016;MT=fixed;PP=Any N-term	v3.0.0	ms-proteomics v1.1.0	human v1.1.0	cell-lines v1.1.0	cycloheximide
PXD047934_cc885_rep1	Homo sapiens	not available	not available	not available	cell line	study sample	not available	not available	not available	not available	not available	not available	not available	1	CC-885	1 uM	24 hour	272_2023_VV-TMT-Frac9	proteomic profiling by mass spectrometry	272_2023_VV-TMT-Frac9.raw	ftp://ftp.pride.ebi.ac.uk/pride/data/archive/2024/10/PXD047934/272_2023_VV-TMT-Frac9.raw	TMT132C	1	9	NT=Q Exactive HF;AC=MS:1002523	NT=Data-dependent acquisition;AC=PRIDE:0000627	NT=Trypsin;AC=MS:1001251	NT=beam-type collision-induced dissociation;AC=MS:1000422	32 NCE	335m/z-1600m/z	NT=High-pH reversed-phase chromatography (hpHRP);AC=PRIDE:0000564	10 ppm	20 ppm	single TMTpro multiplex	NT=Carbamidomethyl;AC=UNIMOD:4;MT=fixed;TA=C;PP=Anywhere	NT=Oxidation;AC=UNIMOD:35;MT=variable;TA=M;PP=Anywhere	NT=Acetyl;AC=UNIMOD:1;MT=variable;PP=Protein N-term	NT=Dioxidation;AC=UNIMOD:425;MT=variable;TA=M,W;PP=Anywhere	NT=Deamidated;AC=UNIMOD:7;MT=variable;TA=N,Q;PP=Anywhere	NT=Gln->pyro-Glu;AC=UNIMOD:28;MT=variable;TA=Q;PP=Any N-term	NT=TMTpro;AC=UNIMOD:2016;MT=fixed;TA=K;PP=Anywhere	NT=TMTpro;AC=UNIMOD:2016;MT=fixed;PP=Any N-term	v3.0.0	ms-proteomics v1.1.0	human v1.1.0	cell-lines v1.1.0	CC-885
PXD047934_cc885_rep2	Homo sapiens	not available	not available	not available	cell line	study sample	not available	not available	not available	not available	not available	not available	not available	2	CC-885	1 uM	24 hour	272_2023_VV-TMT-Frac9	proteomic profiling by mass spectrometry	272_2023_VV-TMT-Frac9.raw	ftp://ftp.pride.ebi.ac.uk/pride/data/archive/2024/10/PXD047934/272_2023_VV-TMT-Frac9.raw	TMT133N	1	9	NT=Q Exactive HF;AC=MS:1002523	NT=Data-dependent acquisition;AC=PRIDE:0000627	NT=Trypsin;AC=MS:1001251	NT=beam-type collision-induced dissociation;AC=MS:1000422	32 NCE	335m/z-1600m/z	NT=High-pH reversed-phase chromatography (hpHRP);AC=PRIDE:0000564	10 ppm	20 ppm	single TMTpro multiplex	NT=Carbamidomethyl;AC=UNIMOD:4;MT=fixed;TA=C;PP=Anywhere	NT=Oxidation;AC=UNIMOD:35;MT=variable;TA=M;PP=Anywhere	NT=Acetyl;AC=UNIMOD:1;MT=variable;PP=Protein N-term	NT=Dioxidation;AC=UNIMOD:425;MT=variable;TA=M,W;PP=Anywhere	NT=Deamidated;AC=UNIMOD:7;MT=variable;TA=N,Q;PP=Anywhere	NT=Gln->pyro-Glu;AC=UNIMOD:28;MT=variable;TA=Q;PP=Any N-term	NT=TMTpro;AC=UNIMOD:2016;MT=fixed;TA=K;PP=Anywhere	NT=TMTpro;AC=UNIMOD:2016;MT=fixed;PP=Any N-term	v3.0.0	ms-proteomics v1.1.0	human v1.1.0	cell-lines v1.1.0	CC-885
PXD047934_cc885_rep3	Homo sapiens	not available	not available	not available	cell line	study sample	not available	not available	not available	not available	not available	not available	not available	3	CC-885	1 uM	24 hour	272_2023_VV-TMT-Frac9	proteomic profiling by mass spectrometry	272_2023_VV-TMT-Frac9.raw	ftp://ftp.pride.ebi.ac.uk/pride/data/archive/2024/10/PXD047934/272_2023_VV-TMT-Frac9.raw	TMT133C	1	9	NT=Q Exactive HF;AC=MS:1002523	NT=Data-dependent acquisition;AC=PRIDE:0000627	NT=Trypsin;AC=MS:1001251	NT=beam-type collision-induced dissociation;AC=MS:1000422	32 NCE	335m/z-1600m/z	NT=High-pH reversed-phase chromatography (hpHRP);AC=PRIDE:0000564	10 ppm	20 ppm	single TMTpro multiplex	NT=Carbamidomethyl;AC=UNIMOD:4;MT=fixed;TA=C;PP=Anywhere	NT=Oxidation;AC=UNIMOD:35;MT=variable;TA=M;PP=Anywhere	NT=Acetyl;AC=UNIMOD:1;MT=variable;PP=Protein N-term	NT=Dioxidation;AC=UNIMOD:425;MT=variable;TA=M,W;PP=Anywhere	NT=Deamidated;AC=UNIMOD:7;MT=variable;TA=N,Q;PP=Anywhere	NT=Gln->pyro-Glu;AC=UNIMOD:28;MT=variable;TA=Q;PP=Any N-term	NT=TMTpro;AC=UNIMOD:2016;MT=fixed;TA=K;PP=Anywhere	NT=TMTpro;AC=UNIMOD:2016;MT=fixed;PP=Any N-term	v3.0.0	ms-proteomics v1.1.0	human v1.1.0	cell-lines v1.1.0	CC-885
