source name	characteristics[organism]	characteristics[organism part]	characteristics[disease]	characteristics[cell type]	characteristics[spiked compound]	characteristics[biological replicate]	characteristics[material description]	assay name	technology type	comment[label]	comment[instrument]	comment[precursor mass tolerance]	comment[fragment mass tolerance]	comment[cleavage agent details]	comment[modification parameters]	comment[modification parameters]	comment[modification parameters]	comment[technical replicate]	comment[fraction identifier]	comment[file uri]	comment[proteomics data acquisition method]	comment[data file]	comment[sdrf version]	comment[sdrf template]	comment[annotation source]	comment[annotation provenance]	comment[modification parameters]	comment[cleavage agent details]	comment[modification parameters]	comment[ms1 scan range]	comment[ms2 mass analyzer]	comment[collision energy]	comment[isolation window width]	factor value[spiked compound]
PXD040449_reagent_blank	not applicable	not available	not available	not applicable	not applicable	1	Peptide-free TMTpro reagent control prepared in parallel; reporter 126C in the publication (TMT126 in this SDRF).	run 1	proteomic profiling by mass spectrometry	TMT126	AC=MS:1002877;NT=Q Exactive HF-X	not available	20 ppm	NT=Trypsin/P;AC=MS:1001313	NT=Carbamidomethyl;TA=C;MT=Fixed;AC=UNIMOD:4	NT=Oxidation;MT=Variable;TA=M;AC=UNIMOD:35	NT=TMTpro;AC=UNIMOD:2016;TA=K;MT=Variable	1	1	https://ftp.pride.ebi.ac.uk/pride/data/archive/2023/12/PXD040449/20201030_QExHFX1_RSLC1_Madern_Hartl_UW_MFPL__complexity_P1.raw	NT=Data-dependent acquisition;AC=PRIDE:0000627	20201030_QExHFX1_RSLC1_Madern_Hartl_UW_MFPL__complexity_P1.raw	v1.1.0	NT=ms-proteomics;VV=v1.1.0	https://www.ebi.ac.uk/pride/archive/projects/PXD040449 | https://doi.org/10.1016/j.mcpro.2023.100694	Codex-assisted curation; rechecked 2026-09-23 against the primary article, author RAW-to-experiment workbook, deposited MaxQuant summary/parameters/mzTab, author analysis code and all six native RAW method headers. The TMT126 reaction is an actual peptide-free control; unassigned 127N/127C/131N channels are omitted. Group0 contains human peptides and no yeast peptides. https://doi.org/10.1016/j.mcpro.2023.100694	NT=TMTpro;AC=UNIMOD:2016;PP=Any N-term;MT=Variable	NT=Lys-C;AC=MS:1001309	NT=Acetyl;AC=UNIMOD:1;PP=Protein N-term;MT=Variable	375m/z-1500m/z	NT=orbitrap;AC=MS:1000484	35 NCE	0.7 m/z	not applicable
YH_Group0_rep1	Homo sapiens	not available	not available	not applicable	CT=spike-in;CN=Saccharomyces cerevisiae;CR=yeast:human=0	1	TMTpro-labeled human Jurkat E6-1 cell proteome digest without yeast peptides; human-containing zero-yeast control.	run 1	proteomic profiling by mass spectrometry	TMT128N	AC=MS:1002877;NT=Q Exactive HF-X	not available	20 ppm	NT=Trypsin/P;AC=MS:1001313	NT=Carbamidomethyl;TA=C;MT=Fixed;AC=UNIMOD:4	NT=Oxidation;MT=Variable;TA=M;AC=UNIMOD:35	NT=TMTpro;AC=UNIMOD:2016;TA=K;MT=Variable	1	1	https://ftp.pride.ebi.ac.uk/pride/data/archive/2023/12/PXD040449/20201030_QExHFX1_RSLC1_Madern_Hartl_UW_MFPL__complexity_P1.raw	NT=Data-dependent acquisition;AC=PRIDE:0000627	20201030_QExHFX1_RSLC1_Madern_Hartl_UW_MFPL__complexity_P1.raw	v1.1.0	NT=ms-proteomics;VV=v1.1.0	https://www.ebi.ac.uk/pride/archive/projects/PXD040449 | https://doi.org/10.1016/j.mcpro.2023.100694	Codex-assisted curation; rechecked 2026-09-23 against the primary article, author RAW-to-experiment workbook, deposited MaxQuant summary/parameters/mzTab, author analysis code and all six native RAW method headers. The TMT126 reaction is an actual peptide-free control; unassigned 127N/127C/131N channels are omitted. Group0 contains human peptides and no yeast peptides. https://doi.org/10.1016/j.mcpro.2023.100694	NT=TMTpro;AC=UNIMOD:2016;PP=Any N-term;MT=Variable	NT=Lys-C;AC=MS:1001309	NT=Acetyl;AC=UNIMOD:1;PP=Protein N-term;MT=Variable	375m/z-1500m/z	NT=orbitrap;AC=MS:1000484	35 NCE	0.7 m/z	CT=spike-in;CN=Saccharomyces cerevisiae;CR=yeast:human=0
YH_Group6_rep1	Homo sapiens	not available	not available	not applicable	CT=spike-in;CN=Saccharomyces cerevisiae;CR=yeast:human=0.06	1	TMTpro-labeled mixture of human Jurkat E6-1 and Saccharomyces cerevisiae W303-1A cell proteome digests.	run 1	proteomic profiling by mass spectrometry	TMT128C	AC=MS:1002877;NT=Q Exactive HF-X	not available	20 ppm	NT=Trypsin/P;AC=MS:1001313	NT=Carbamidomethyl;TA=C;MT=Fixed;AC=UNIMOD:4	NT=Oxidation;MT=Variable;TA=M;AC=UNIMOD:35	NT=TMTpro;AC=UNIMOD:2016;TA=K;MT=Variable	1	1	https://ftp.pride.ebi.ac.uk/pride/data/archive/2023/12/PXD040449/20201030_QExHFX1_RSLC1_Madern_Hartl_UW_MFPL__complexity_P1.raw	NT=Data-dependent acquisition;AC=PRIDE:0000627	20201030_QExHFX1_RSLC1_Madern_Hartl_UW_MFPL__complexity_P1.raw	v1.1.0	NT=ms-proteomics;VV=v1.1.0	https://www.ebi.ac.uk/pride/archive/projects/PXD040449 | https://doi.org/10.1016/j.mcpro.2023.100694	Codex-assisted curation; rechecked 2026-09-23 against the primary article, author RAW-to-experiment workbook, deposited MaxQuant summary/parameters/mzTab, author analysis code and all six native RAW method headers. The TMT126 reaction is an actual peptide-free control; unassigned 127N/127C/131N channels are omitted. Group0 contains human peptides and no yeast peptides. https://doi.org/10.1016/j.mcpro.2023.100694	NT=TMTpro;AC=UNIMOD:2016;PP=Any N-term;MT=Variable	NT=Lys-C;AC=MS:1001309	NT=Acetyl;AC=UNIMOD:1;PP=Protein N-term;MT=Variable	375m/z-1500m/z	NT=orbitrap;AC=MS:1000484	35 NCE	0.7 m/z	CT=spike-in;CN=Saccharomyces cerevisiae;CR=yeast:human=0.06
YH_Group0_rep2	Homo sapiens	not available	not available	not applicable	CT=spike-in;CN=Saccharomyces cerevisiae;CR=yeast:human=0	1	TMTpro-labeled human Jurkat E6-1 cell proteome digest without yeast peptides; human-containing zero-yeast control.	run 1	proteomic profiling by mass spectrometry	TMT129N	AC=MS:1002877;NT=Q Exactive HF-X	not available	20 ppm	NT=Trypsin/P;AC=MS:1001313	NT=Carbamidomethyl;TA=C;MT=Fixed;AC=UNIMOD:4	NT=Oxidation;MT=Variable;TA=M;AC=UNIMOD:35	NT=TMTpro;AC=UNIMOD:2016;TA=K;MT=Variable	2	1	https://ftp.pride.ebi.ac.uk/pride/data/archive/2023/12/PXD040449/20201030_QExHFX1_RSLC1_Madern_Hartl_UW_MFPL__complexity_P1.raw	NT=Data-dependent acquisition;AC=PRIDE:0000627	20201030_QExHFX1_RSLC1_Madern_Hartl_UW_MFPL__complexity_P1.raw	v1.1.0	NT=ms-proteomics;VV=v1.1.0	https://www.ebi.ac.uk/pride/archive/projects/PXD040449 | https://doi.org/10.1016/j.mcpro.2023.100694	Codex-assisted curation; rechecked 2026-09-23 against the primary article, author RAW-to-experiment workbook, deposited MaxQuant summary/parameters/mzTab, author analysis code and all six native RAW method headers. The TMT126 reaction is an actual peptide-free control; unassigned 127N/127C/131N channels are omitted. Group0 contains human peptides and no yeast peptides. https://doi.org/10.1016/j.mcpro.2023.100694	NT=TMTpro;AC=UNIMOD:2016;PP=Any N-term;MT=Variable	NT=Lys-C;AC=MS:1001309	NT=Acetyl;AC=UNIMOD:1;PP=Protein N-term;MT=Variable	375m/z-1500m/z	NT=orbitrap;AC=MS:1000484	35 NCE	0.7 m/z	CT=spike-in;CN=Saccharomyces cerevisiae;CR=yeast:human=0
YH_Group6_rep2	Homo sapiens	not available	not available	not applicable	CT=spike-in;CN=Saccharomyces cerevisiae;CR=yeast:human=0.06	1	TMTpro-labeled mixture of human Jurkat E6-1 and Saccharomyces cerevisiae W303-1A cell proteome digests.	run 1	proteomic profiling by mass spectrometry	TMT129C	AC=MS:1002877;NT=Q Exactive HF-X	not available	20 ppm	NT=Trypsin/P;AC=MS:1001313	NT=Carbamidomethyl;TA=C;MT=Fixed;AC=UNIMOD:4	NT=Oxidation;MT=Variable;TA=M;AC=UNIMOD:35	NT=TMTpro;AC=UNIMOD:2016;TA=K;MT=Variable	2	1	https://ftp.pride.ebi.ac.uk/pride/data/archive/2023/12/PXD040449/20201030_QExHFX1_RSLC1_Madern_Hartl_UW_MFPL__complexity_P1.raw	NT=Data-dependent acquisition;AC=PRIDE:0000627	20201030_QExHFX1_RSLC1_Madern_Hartl_UW_MFPL__complexity_P1.raw	v1.1.0	NT=ms-proteomics;VV=v1.1.0	https://www.ebi.ac.uk/pride/archive/projects/PXD040449 | https://doi.org/10.1016/j.mcpro.2023.100694	Codex-assisted curation; rechecked 2026-09-23 against the primary article, author RAW-to-experiment workbook, deposited MaxQuant summary/parameters/mzTab, author analysis code and all six native RAW method headers. The TMT126 reaction is an actual peptide-free control; unassigned 127N/127C/131N channels are omitted. Group0 contains human peptides and no yeast peptides. https://doi.org/10.1016/j.mcpro.2023.100694	NT=TMTpro;AC=UNIMOD:2016;PP=Any N-term;MT=Variable	NT=Lys-C;AC=MS:1001309	NT=Acetyl;AC=UNIMOD:1;PP=Protein N-term;MT=Variable	375m/z-1500m/z	NT=orbitrap;AC=MS:1000484	35 NCE	0.7 m/z	CT=spike-in;CN=Saccharomyces cerevisiae;CR=yeast:human=0.06
YH_Group0_rep3	Homo sapiens	not available	not available	not applicable	CT=spike-in;CN=Saccharomyces cerevisiae;CR=yeast:human=0	1	TMTpro-labeled human Jurkat E6-1 cell proteome digest without yeast peptides; human-containing zero-yeast control.	run 1	proteomic profiling by mass spectrometry	TMT130N	AC=MS:1002877;NT=Q Exactive HF-X	not available	20 ppm	NT=Trypsin/P;AC=MS:1001313	NT=Carbamidomethyl;TA=C;MT=Fixed;AC=UNIMOD:4	NT=Oxidation;MT=Variable;TA=M;AC=UNIMOD:35	NT=TMTpro;AC=UNIMOD:2016;TA=K;MT=Variable	3	1	https://ftp.pride.ebi.ac.uk/pride/data/archive/2023/12/PXD040449/20201030_QExHFX1_RSLC1_Madern_Hartl_UW_MFPL__complexity_P1.raw	NT=Data-dependent acquisition;AC=PRIDE:0000627	20201030_QExHFX1_RSLC1_Madern_Hartl_UW_MFPL__complexity_P1.raw	v1.1.0	NT=ms-proteomics;VV=v1.1.0	https://www.ebi.ac.uk/pride/archive/projects/PXD040449 | https://doi.org/10.1016/j.mcpro.2023.100694	Codex-assisted curation; rechecked 2026-09-23 against the primary article, author RAW-to-experiment workbook, deposited MaxQuant summary/parameters/mzTab, author analysis code and all six native RAW method headers. The TMT126 reaction is an actual peptide-free control; unassigned 127N/127C/131N channels are omitted. Group0 contains human peptides and no yeast peptides. https://doi.org/10.1016/j.mcpro.2023.100694	NT=TMTpro;AC=UNIMOD:2016;PP=Any N-term;MT=Variable	NT=Lys-C;AC=MS:1001309	NT=Acetyl;AC=UNIMOD:1;PP=Protein N-term;MT=Variable	375m/z-1500m/z	NT=orbitrap;AC=MS:1000484	35 NCE	0.7 m/z	CT=spike-in;CN=Saccharomyces cerevisiae;CR=yeast:human=0
YH_Group6_rep3	Homo sapiens	not available	not available	not applicable	CT=spike-in;CN=Saccharomyces cerevisiae;CR=yeast:human=0.06	1	TMTpro-labeled mixture of human Jurkat E6-1 and Saccharomyces cerevisiae W303-1A cell proteome digests.	run 1	proteomic profiling by mass spectrometry	TMT130C	AC=MS:1002877;NT=Q Exactive HF-X	not available	20 ppm	NT=Trypsin/P;AC=MS:1001313	NT=Carbamidomethyl;TA=C;MT=Fixed;AC=UNIMOD:4	NT=Oxidation;MT=Variable;TA=M;AC=UNIMOD:35	NT=TMTpro;AC=UNIMOD:2016;TA=K;MT=Variable	3	1	https://ftp.pride.ebi.ac.uk/pride/data/archive/2023/12/PXD040449/20201030_QExHFX1_RSLC1_Madern_Hartl_UW_MFPL__complexity_P1.raw	NT=Data-dependent acquisition;AC=PRIDE:0000627	20201030_QExHFX1_RSLC1_Madern_Hartl_UW_MFPL__complexity_P1.raw	v1.1.0	NT=ms-proteomics;VV=v1.1.0	https://www.ebi.ac.uk/pride/archive/projects/PXD040449 | https://doi.org/10.1016/j.mcpro.2023.100694	Codex-assisted curation; rechecked 2026-09-23 against the primary article, author RAW-to-experiment workbook, deposited MaxQuant summary/parameters/mzTab, author analysis code and all six native RAW method headers. The TMT126 reaction is an actual peptide-free control; unassigned 127N/127C/131N channels are omitted. Group0 contains human peptides and no yeast peptides. https://doi.org/10.1016/j.mcpro.2023.100694	NT=TMTpro;AC=UNIMOD:2016;PP=Any N-term;MT=Variable	NT=Lys-C;AC=MS:1001309	NT=Acetyl;AC=UNIMOD:1;PP=Protein N-term;MT=Variable	375m/z-1500m/z	NT=orbitrap;AC=MS:1000484	35 NCE	0.7 m/z	CT=spike-in;CN=Saccharomyces cerevisiae;CR=yeast:human=0.06
YH_Group9_rep1	Homo sapiens	not available	not available	not applicable	CT=spike-in;CN=Saccharomyces cerevisiae;CR=yeast:human=0.09	1	TMTpro-labeled mixture of human Jurkat E6-1 and Saccharomyces cerevisiae W303-1A cell proteome digests.	run 1	proteomic profiling by mass spectrometry	TMT131C	AC=MS:1002877;NT=Q Exactive HF-X	not available	20 ppm	NT=Trypsin/P;AC=MS:1001313	NT=Carbamidomethyl;TA=C;MT=Fixed;AC=UNIMOD:4	NT=Oxidation;MT=Variable;TA=M;AC=UNIMOD:35	NT=TMTpro;AC=UNIMOD:2016;TA=K;MT=Variable	1	1	https://ftp.pride.ebi.ac.uk/pride/data/archive/2023/12/PXD040449/20201030_QExHFX1_RSLC1_Madern_Hartl_UW_MFPL__complexity_P1.raw	NT=Data-dependent acquisition;AC=PRIDE:0000627	20201030_QExHFX1_RSLC1_Madern_Hartl_UW_MFPL__complexity_P1.raw	v1.1.0	NT=ms-proteomics;VV=v1.1.0	https://www.ebi.ac.uk/pride/archive/projects/PXD040449 | https://doi.org/10.1016/j.mcpro.2023.100694	Codex-assisted curation; rechecked 2026-09-23 against the primary article, author RAW-to-experiment workbook, deposited MaxQuant summary/parameters/mzTab, author analysis code and all six native RAW method headers. The TMT126 reaction is an actual peptide-free control; unassigned 127N/127C/131N channels are omitted. Group0 contains human peptides and no yeast peptides. https://doi.org/10.1016/j.mcpro.2023.100694	NT=TMTpro;AC=UNIMOD:2016;PP=Any N-term;MT=Variable	NT=Lys-C;AC=MS:1001309	NT=Acetyl;AC=UNIMOD:1;PP=Protein N-term;MT=Variable	375m/z-1500m/z	NT=orbitrap;AC=MS:1000484	35 NCE	0.7 m/z	CT=spike-in;CN=Saccharomyces cerevisiae;CR=yeast:human=0.09
YH_Group12_rep1	Homo sapiens	not available	not available	not applicable	CT=spike-in;CN=Saccharomyces cerevisiae;CR=yeast:human=0.12	1	TMTpro-labeled mixture of human Jurkat E6-1 and Saccharomyces cerevisiae W303-1A cell proteome digests.	run 1	proteomic profiling by mass spectrometry	TMT132N	AC=MS:1002877;NT=Q Exactive HF-X	not available	20 ppm	NT=Trypsin/P;AC=MS:1001313	NT=Carbamidomethyl;TA=C;MT=Fixed;AC=UNIMOD:4	NT=Oxidation;MT=Variable;TA=M;AC=UNIMOD:35	NT=TMTpro;AC=UNIMOD:2016;TA=K;MT=Variable	1	1	https://ftp.pride.ebi.ac.uk/pride/data/archive/2023/12/PXD040449/20201030_QExHFX1_RSLC1_Madern_Hartl_UW_MFPL__complexity_P1.raw	NT=Data-dependent acquisition;AC=PRIDE:0000627	20201030_QExHFX1_RSLC1_Madern_Hartl_UW_MFPL__complexity_P1.raw	v1.1.0	NT=ms-proteomics;VV=v1.1.0	https://www.ebi.ac.uk/pride/archive/projects/PXD040449 | https://doi.org/10.1016/j.mcpro.2023.100694	Codex-assisted curation; rechecked 2026-09-23 against the primary article, author RAW-to-experiment workbook, deposited MaxQuant summary/parameters/mzTab, author analysis code and all six native RAW method headers. The TMT126 reaction is an actual peptide-free control; unassigned 127N/127C/131N channels are omitted. Group0 contains human peptides and no yeast peptides. https://doi.org/10.1016/j.mcpro.2023.100694	NT=TMTpro;AC=UNIMOD:2016;PP=Any N-term;MT=Variable	NT=Lys-C;AC=MS:1001309	NT=Acetyl;AC=UNIMOD:1;PP=Protein N-term;MT=Variable	375m/z-1500m/z	NT=orbitrap;AC=MS:1000484	35 NCE	0.7 m/z	CT=spike-in;CN=Saccharomyces cerevisiae;CR=yeast:human=0.12
YH_Group9_rep2	Homo sapiens	not available	not available	not applicable	CT=spike-in;CN=Saccharomyces cerevisiae;CR=yeast:human=0.09	1	TMTpro-labeled mixture of human Jurkat E6-1 and Saccharomyces cerevisiae W303-1A cell proteome digests.	run 1	proteomic profiling by mass spectrometry	TMT132C	AC=MS:1002877;NT=Q Exactive HF-X	not available	20 ppm	NT=Trypsin/P;AC=MS:1001313	NT=Carbamidomethyl;TA=C;MT=Fixed;AC=UNIMOD:4	NT=Oxidation;MT=Variable;TA=M;AC=UNIMOD:35	NT=TMTpro;AC=UNIMOD:2016;TA=K;MT=Variable	2	1	https://ftp.pride.ebi.ac.uk/pride/data/archive/2023/12/PXD040449/20201030_QExHFX1_RSLC1_Madern_Hartl_UW_MFPL__complexity_P1.raw	NT=Data-dependent acquisition;AC=PRIDE:0000627	20201030_QExHFX1_RSLC1_Madern_Hartl_UW_MFPL__complexity_P1.raw	v1.1.0	NT=ms-proteomics;VV=v1.1.0	https://www.ebi.ac.uk/pride/archive/projects/PXD040449 | https://doi.org/10.1016/j.mcpro.2023.100694	Codex-assisted curation; rechecked 2026-09-23 against the primary article, author RAW-to-experiment workbook, deposited MaxQuant summary/parameters/mzTab, author analysis code and all six native RAW method headers. The TMT126 reaction is an actual peptide-free control; unassigned 127N/127C/131N channels are omitted. Group0 contains human peptides and no yeast peptides. https://doi.org/10.1016/j.mcpro.2023.100694	NT=TMTpro;AC=UNIMOD:2016;PP=Any N-term;MT=Variable	NT=Lys-C;AC=MS:1001309	NT=Acetyl;AC=UNIMOD:1;PP=Protein N-term;MT=Variable	375m/z-1500m/z	NT=orbitrap;AC=MS:1000484	35 NCE	0.7 m/z	CT=spike-in;CN=Saccharomyces cerevisiae;CR=yeast:human=0.09
YH_Group12_rep2	Homo sapiens	not available	not available	not applicable	CT=spike-in;CN=Saccharomyces cerevisiae;CR=yeast:human=0.12	1	TMTpro-labeled mixture of human Jurkat E6-1 and Saccharomyces cerevisiae W303-1A cell proteome digests.	run 1	proteomic profiling by mass spectrometry	TMT133N	AC=MS:1002877;NT=Q Exactive HF-X	not available	20 ppm	NT=Trypsin/P;AC=MS:1001313	NT=Carbamidomethyl;TA=C;MT=Fixed;AC=UNIMOD:4	NT=Oxidation;MT=Variable;TA=M;AC=UNIMOD:35	NT=TMTpro;AC=UNIMOD:2016;TA=K;MT=Variable	2	1	https://ftp.pride.ebi.ac.uk/pride/data/archive/2023/12/PXD040449/20201030_QExHFX1_RSLC1_Madern_Hartl_UW_MFPL__complexity_P1.raw	NT=Data-dependent acquisition;AC=PRIDE:0000627	20201030_QExHFX1_RSLC1_Madern_Hartl_UW_MFPL__complexity_P1.raw	v1.1.0	NT=ms-proteomics;VV=v1.1.0	https://www.ebi.ac.uk/pride/archive/projects/PXD040449 | https://doi.org/10.1016/j.mcpro.2023.100694	Codex-assisted curation; rechecked 2026-09-23 against the primary article, author RAW-to-experiment workbook, deposited MaxQuant summary/parameters/mzTab, author analysis code and all six native RAW method headers. The TMT126 reaction is an actual peptide-free control; unassigned 127N/127C/131N channels are omitted. Group0 contains human peptides and no yeast peptides. https://doi.org/10.1016/j.mcpro.2023.100694	NT=TMTpro;AC=UNIMOD:2016;PP=Any N-term;MT=Variable	NT=Lys-C;AC=MS:1001309	NT=Acetyl;AC=UNIMOD:1;PP=Protein N-term;MT=Variable	375m/z-1500m/z	NT=orbitrap;AC=MS:1000484	35 NCE	0.7 m/z	CT=spike-in;CN=Saccharomyces cerevisiae;CR=yeast:human=0.12
YH_Group9_rep3	Homo sapiens	not available	not available	not applicable	CT=spike-in;CN=Saccharomyces cerevisiae;CR=yeast:human=0.09	1	TMTpro-labeled mixture of human Jurkat E6-1 and Saccharomyces cerevisiae W303-1A cell proteome digests.	run 1	proteomic profiling by mass spectrometry	TMT133C	AC=MS:1002877;NT=Q Exactive HF-X	not available	20 ppm	NT=Trypsin/P;AC=MS:1001313	NT=Carbamidomethyl;TA=C;MT=Fixed;AC=UNIMOD:4	NT=Oxidation;MT=Variable;TA=M;AC=UNIMOD:35	NT=TMTpro;AC=UNIMOD:2016;TA=K;MT=Variable	3	1	https://ftp.pride.ebi.ac.uk/pride/data/archive/2023/12/PXD040449/20201030_QExHFX1_RSLC1_Madern_Hartl_UW_MFPL__complexity_P1.raw	NT=Data-dependent acquisition;AC=PRIDE:0000627	20201030_QExHFX1_RSLC1_Madern_Hartl_UW_MFPL__complexity_P1.raw	v1.1.0	NT=ms-proteomics;VV=v1.1.0	https://www.ebi.ac.uk/pride/archive/projects/PXD040449 | https://doi.org/10.1016/j.mcpro.2023.100694	Codex-assisted curation; rechecked 2026-09-23 against the primary article, author RAW-to-experiment workbook, deposited MaxQuant summary/parameters/mzTab, author analysis code and all six native RAW method headers. The TMT126 reaction is an actual peptide-free control; unassigned 127N/127C/131N channels are omitted. Group0 contains human peptides and no yeast peptides. https://doi.org/10.1016/j.mcpro.2023.100694	NT=TMTpro;AC=UNIMOD:2016;PP=Any N-term;MT=Variable	NT=Lys-C;AC=MS:1001309	NT=Acetyl;AC=UNIMOD:1;PP=Protein N-term;MT=Variable	375m/z-1500m/z	NT=orbitrap;AC=MS:1000484	35 NCE	0.7 m/z	CT=spike-in;CN=Saccharomyces cerevisiae;CR=yeast:human=0.09
YH_Group12_rep3	Homo sapiens	not available	not available	not applicable	CT=spike-in;CN=Saccharomyces cerevisiae;CR=yeast:human=0.12	1	TMTpro-labeled mixture of human Jurkat E6-1 and Saccharomyces cerevisiae W303-1A cell proteome digests.	run 1	proteomic profiling by mass spectrometry	TMT134N	AC=MS:1002877;NT=Q Exactive HF-X	not available	20 ppm	NT=Trypsin/P;AC=MS:1001313	NT=Carbamidomethyl;TA=C;MT=Fixed;AC=UNIMOD:4	NT=Oxidation;MT=Variable;TA=M;AC=UNIMOD:35	NT=TMTpro;AC=UNIMOD:2016;TA=K;MT=Variable	3	1	https://ftp.pride.ebi.ac.uk/pride/data/archive/2023/12/PXD040449/20201030_QExHFX1_RSLC1_Madern_Hartl_UW_MFPL__complexity_P1.raw	NT=Data-dependent acquisition;AC=PRIDE:0000627	20201030_QExHFX1_RSLC1_Madern_Hartl_UW_MFPL__complexity_P1.raw	v1.1.0	NT=ms-proteomics;VV=v1.1.0	https://www.ebi.ac.uk/pride/archive/projects/PXD040449 | https://doi.org/10.1016/j.mcpro.2023.100694	Codex-assisted curation; rechecked 2026-09-23 against the primary article, author RAW-to-experiment workbook, deposited MaxQuant summary/parameters/mzTab, author analysis code and all six native RAW method headers. The TMT126 reaction is an actual peptide-free control; unassigned 127N/127C/131N channels are omitted. Group0 contains human peptides and no yeast peptides. https://doi.org/10.1016/j.mcpro.2023.100694	NT=TMTpro;AC=UNIMOD:2016;PP=Any N-term;MT=Variable	NT=Lys-C;AC=MS:1001309	NT=Acetyl;AC=UNIMOD:1;PP=Protein N-term;MT=Variable	375m/z-1500m/z	NT=orbitrap;AC=MS:1000484	35 NCE	0.7 m/z	CT=spike-in;CN=Saccharomyces cerevisiae;CR=yeast:human=0.12
PXD040449_reagent_blank	not applicable	not available	not available	not applicable	not applicable	1	Peptide-free TMTpro reagent control prepared in parallel; reporter 126C in the publication (TMT126 in this SDRF).	run 2	proteomic profiling by mass spectrometry	TMT126	AC=MS:1002877;NT=Q Exactive HF-X	not available	20 ppm	NT=Trypsin/P;AC=MS:1001313	NT=Carbamidomethyl;TA=C;MT=Fixed;AC=UNIMOD:4	NT=Oxidation;MT=Variable;TA=M;AC=UNIMOD:35	NT=TMTpro;AC=UNIMOD:2016;TA=K;MT=Variable	1	2	https://ftp.pride.ebi.ac.uk/pride/data/archive/2023/12/PXD040449/20201030_QExHFX1_RSLC1_Madern_Hartl_UW_MFPL__complexity_P2.raw	NT=Data-dependent acquisition;AC=PRIDE:0000627	20201030_QExHFX1_RSLC1_Madern_Hartl_UW_MFPL__complexity_P2.raw	v1.1.0	NT=ms-proteomics;VV=v1.1.0	https://www.ebi.ac.uk/pride/archive/projects/PXD040449 | https://doi.org/10.1016/j.mcpro.2023.100694	Codex-assisted curation; rechecked 2026-09-23 against the primary article, author RAW-to-experiment workbook, deposited MaxQuant summary/parameters/mzTab, author analysis code and all six native RAW method headers. The TMT126 reaction is an actual peptide-free control; unassigned 127N/127C/131N channels are omitted. Group0 contains human peptides and no yeast peptides. https://doi.org/10.1016/j.mcpro.2023.100694	NT=TMTpro;AC=UNIMOD:2016;PP=Any N-term;MT=Variable	NT=Lys-C;AC=MS:1001309	NT=Acetyl;AC=UNIMOD:1;PP=Protein N-term;MT=Variable	375m/z-1500m/z	NT=orbitrap;AC=MS:1000484	35 NCE	0.7 m/z	not applicable
YH_Group0_rep1	Homo sapiens	not available	not available	not applicable	CT=spike-in;CN=Saccharomyces cerevisiae;CR=yeast:human=0	1	TMTpro-labeled human Jurkat E6-1 cell proteome digest without yeast peptides; human-containing zero-yeast control.	run 2	proteomic profiling by mass spectrometry	TMT128N	AC=MS:1002877;NT=Q Exactive HF-X	not available	20 ppm	NT=Trypsin/P;AC=MS:1001313	NT=Carbamidomethyl;TA=C;MT=Fixed;AC=UNIMOD:4	NT=Oxidation;MT=Variable;TA=M;AC=UNIMOD:35	NT=TMTpro;AC=UNIMOD:2016;TA=K;MT=Variable	1	2	https://ftp.pride.ebi.ac.uk/pride/data/archive/2023/12/PXD040449/20201030_QExHFX1_RSLC1_Madern_Hartl_UW_MFPL__complexity_P2.raw	NT=Data-dependent acquisition;AC=PRIDE:0000627	20201030_QExHFX1_RSLC1_Madern_Hartl_UW_MFPL__complexity_P2.raw	v1.1.0	NT=ms-proteomics;VV=v1.1.0	https://www.ebi.ac.uk/pride/archive/projects/PXD040449 | https://doi.org/10.1016/j.mcpro.2023.100694	Codex-assisted curation; rechecked 2026-09-23 against the primary article, author RAW-to-experiment workbook, deposited MaxQuant summary/parameters/mzTab, author analysis code and all six native RAW method headers. The TMT126 reaction is an actual peptide-free control; unassigned 127N/127C/131N channels are omitted. Group0 contains human peptides and no yeast peptides. https://doi.org/10.1016/j.mcpro.2023.100694	NT=TMTpro;AC=UNIMOD:2016;PP=Any N-term;MT=Variable	NT=Lys-C;AC=MS:1001309	NT=Acetyl;AC=UNIMOD:1;PP=Protein N-term;MT=Variable	375m/z-1500m/z	NT=orbitrap;AC=MS:1000484	35 NCE	0.7 m/z	CT=spike-in;CN=Saccharomyces cerevisiae;CR=yeast:human=0
YH_Group6_rep1	Homo sapiens	not available	not available	not applicable	CT=spike-in;CN=Saccharomyces cerevisiae;CR=yeast:human=0.06	1	TMTpro-labeled mixture of human Jurkat E6-1 and Saccharomyces cerevisiae W303-1A cell proteome digests.	run 2	proteomic profiling by mass spectrometry	TMT128C	AC=MS:1002877;NT=Q Exactive HF-X	not available	20 ppm	NT=Trypsin/P;AC=MS:1001313	NT=Carbamidomethyl;TA=C;MT=Fixed;AC=UNIMOD:4	NT=Oxidation;MT=Variable;TA=M;AC=UNIMOD:35	NT=TMTpro;AC=UNIMOD:2016;TA=K;MT=Variable	1	2	https://ftp.pride.ebi.ac.uk/pride/data/archive/2023/12/PXD040449/20201030_QExHFX1_RSLC1_Madern_Hartl_UW_MFPL__complexity_P2.raw	NT=Data-dependent acquisition;AC=PRIDE:0000627	20201030_QExHFX1_RSLC1_Madern_Hartl_UW_MFPL__complexity_P2.raw	v1.1.0	NT=ms-proteomics;VV=v1.1.0	https://www.ebi.ac.uk/pride/archive/projects/PXD040449 | https://doi.org/10.1016/j.mcpro.2023.100694	Codex-assisted curation; rechecked 2026-09-23 against the primary article, author RAW-to-experiment workbook, deposited MaxQuant summary/parameters/mzTab, author analysis code and all six native RAW method headers. The TMT126 reaction is an actual peptide-free control; unassigned 127N/127C/131N channels are omitted. Group0 contains human peptides and no yeast peptides. https://doi.org/10.1016/j.mcpro.2023.100694	NT=TMTpro;AC=UNIMOD:2016;PP=Any N-term;MT=Variable	NT=Lys-C;AC=MS:1001309	NT=Acetyl;AC=UNIMOD:1;PP=Protein N-term;MT=Variable	375m/z-1500m/z	NT=orbitrap;AC=MS:1000484	35 NCE	0.7 m/z	CT=spike-in;CN=Saccharomyces cerevisiae;CR=yeast:human=0.06
YH_Group0_rep2	Homo sapiens	not available	not available	not applicable	CT=spike-in;CN=Saccharomyces cerevisiae;CR=yeast:human=0	1	TMTpro-labeled human Jurkat E6-1 cell proteome digest without yeast peptides; human-containing zero-yeast control.	run 2	proteomic profiling by mass spectrometry	TMT129N	AC=MS:1002877;NT=Q Exactive HF-X	not available	20 ppm	NT=Trypsin/P;AC=MS:1001313	NT=Carbamidomethyl;TA=C;MT=Fixed;AC=UNIMOD:4	NT=Oxidation;MT=Variable;TA=M;AC=UNIMOD:35	NT=TMTpro;AC=UNIMOD:2016;TA=K;MT=Variable	2	2	https://ftp.pride.ebi.ac.uk/pride/data/archive/2023/12/PXD040449/20201030_QExHFX1_RSLC1_Madern_Hartl_UW_MFPL__complexity_P2.raw	NT=Data-dependent acquisition;AC=PRIDE:0000627	20201030_QExHFX1_RSLC1_Madern_Hartl_UW_MFPL__complexity_P2.raw	v1.1.0	NT=ms-proteomics;VV=v1.1.0	https://www.ebi.ac.uk/pride/archive/projects/PXD040449 | https://doi.org/10.1016/j.mcpro.2023.100694	Codex-assisted curation; rechecked 2026-09-23 against the primary article, author RAW-to-experiment workbook, deposited MaxQuant summary/parameters/mzTab, author analysis code and all six native RAW method headers. The TMT126 reaction is an actual peptide-free control; unassigned 127N/127C/131N channels are omitted. Group0 contains human peptides and no yeast peptides. https://doi.org/10.1016/j.mcpro.2023.100694	NT=TMTpro;AC=UNIMOD:2016;PP=Any N-term;MT=Variable	NT=Lys-C;AC=MS:1001309	NT=Acetyl;AC=UNIMOD:1;PP=Protein N-term;MT=Variable	375m/z-1500m/z	NT=orbitrap;AC=MS:1000484	35 NCE	0.7 m/z	CT=spike-in;CN=Saccharomyces cerevisiae;CR=yeast:human=0
YH_Group6_rep2	Homo sapiens	not available	not available	not applicable	CT=spike-in;CN=Saccharomyces cerevisiae;CR=yeast:human=0.06	1	TMTpro-labeled mixture of human Jurkat E6-1 and Saccharomyces cerevisiae W303-1A cell proteome digests.	run 2	proteomic profiling by mass spectrometry	TMT129C	AC=MS:1002877;NT=Q Exactive HF-X	not available	20 ppm	NT=Trypsin/P;AC=MS:1001313	NT=Carbamidomethyl;TA=C;MT=Fixed;AC=UNIMOD:4	NT=Oxidation;MT=Variable;TA=M;AC=UNIMOD:35	NT=TMTpro;AC=UNIMOD:2016;TA=K;MT=Variable	2	2	https://ftp.pride.ebi.ac.uk/pride/data/archive/2023/12/PXD040449/20201030_QExHFX1_RSLC1_Madern_Hartl_UW_MFPL__complexity_P2.raw	NT=Data-dependent acquisition;AC=PRIDE:0000627	20201030_QExHFX1_RSLC1_Madern_Hartl_UW_MFPL__complexity_P2.raw	v1.1.0	NT=ms-proteomics;VV=v1.1.0	https://www.ebi.ac.uk/pride/archive/projects/PXD040449 | https://doi.org/10.1016/j.mcpro.2023.100694	Codex-assisted curation; rechecked 2026-09-23 against the primary article, author RAW-to-experiment workbook, deposited MaxQuant summary/parameters/mzTab, author analysis code and all six native RAW method headers. The TMT126 reaction is an actual peptide-free control; unassigned 127N/127C/131N channels are omitted. Group0 contains human peptides and no yeast peptides. https://doi.org/10.1016/j.mcpro.2023.100694	NT=TMTpro;AC=UNIMOD:2016;PP=Any N-term;MT=Variable	NT=Lys-C;AC=MS:1001309	NT=Acetyl;AC=UNIMOD:1;PP=Protein N-term;MT=Variable	375m/z-1500m/z	NT=orbitrap;AC=MS:1000484	35 NCE	0.7 m/z	CT=spike-in;CN=Saccharomyces cerevisiae;CR=yeast:human=0.06
YH_Group0_rep3	Homo sapiens	not available	not available	not applicable	CT=spike-in;CN=Saccharomyces cerevisiae;CR=yeast:human=0	1	TMTpro-labeled human Jurkat E6-1 cell proteome digest without yeast peptides; human-containing zero-yeast control.	run 2	proteomic profiling by mass spectrometry	TMT130N	AC=MS:1002877;NT=Q Exactive HF-X	not available	20 ppm	NT=Trypsin/P;AC=MS:1001313	NT=Carbamidomethyl;TA=C;MT=Fixed;AC=UNIMOD:4	NT=Oxidation;MT=Variable;TA=M;AC=UNIMOD:35	NT=TMTpro;AC=UNIMOD:2016;TA=K;MT=Variable	3	2	https://ftp.pride.ebi.ac.uk/pride/data/archive/2023/12/PXD040449/20201030_QExHFX1_RSLC1_Madern_Hartl_UW_MFPL__complexity_P2.raw	NT=Data-dependent acquisition;AC=PRIDE:0000627	20201030_QExHFX1_RSLC1_Madern_Hartl_UW_MFPL__complexity_P2.raw	v1.1.0	NT=ms-proteomics;VV=v1.1.0	https://www.ebi.ac.uk/pride/archive/projects/PXD040449 | https://doi.org/10.1016/j.mcpro.2023.100694	Codex-assisted curation; rechecked 2026-09-23 against the primary article, author RAW-to-experiment workbook, deposited MaxQuant summary/parameters/mzTab, author analysis code and all six native RAW method headers. The TMT126 reaction is an actual peptide-free control; unassigned 127N/127C/131N channels are omitted. Group0 contains human peptides and no yeast peptides. https://doi.org/10.1016/j.mcpro.2023.100694	NT=TMTpro;AC=UNIMOD:2016;PP=Any N-term;MT=Variable	NT=Lys-C;AC=MS:1001309	NT=Acetyl;AC=UNIMOD:1;PP=Protein N-term;MT=Variable	375m/z-1500m/z	NT=orbitrap;AC=MS:1000484	35 NCE	0.7 m/z	CT=spike-in;CN=Saccharomyces cerevisiae;CR=yeast:human=0
YH_Group6_rep3	Homo sapiens	not available	not available	not applicable	CT=spike-in;CN=Saccharomyces cerevisiae;CR=yeast:human=0.06	1	TMTpro-labeled mixture of human Jurkat E6-1 and Saccharomyces cerevisiae W303-1A cell proteome digests.	run 2	proteomic profiling by mass spectrometry	TMT130C	AC=MS:1002877;NT=Q Exactive HF-X	not available	20 ppm	NT=Trypsin/P;AC=MS:1001313	NT=Carbamidomethyl;TA=C;MT=Fixed;AC=UNIMOD:4	NT=Oxidation;MT=Variable;TA=M;AC=UNIMOD:35	NT=TMTpro;AC=UNIMOD:2016;TA=K;MT=Variable	3	2	https://ftp.pride.ebi.ac.uk/pride/data/archive/2023/12/PXD040449/20201030_QExHFX1_RSLC1_Madern_Hartl_UW_MFPL__complexity_P2.raw	NT=Data-dependent acquisition;AC=PRIDE:0000627	20201030_QExHFX1_RSLC1_Madern_Hartl_UW_MFPL__complexity_P2.raw	v1.1.0	NT=ms-proteomics;VV=v1.1.0	https://www.ebi.ac.uk/pride/archive/projects/PXD040449 | https://doi.org/10.1016/j.mcpro.2023.100694	Codex-assisted curation; rechecked 2026-09-23 against the primary article, author RAW-to-experiment workbook, deposited MaxQuant summary/parameters/mzTab, author analysis code and all six native RAW method headers. The TMT126 reaction is an actual peptide-free control; unassigned 127N/127C/131N channels are omitted. Group0 contains human peptides and no yeast peptides. https://doi.org/10.1016/j.mcpro.2023.100694	NT=TMTpro;AC=UNIMOD:2016;PP=Any N-term;MT=Variable	NT=Lys-C;AC=MS:1001309	NT=Acetyl;AC=UNIMOD:1;PP=Protein N-term;MT=Variable	375m/z-1500m/z	NT=orbitrap;AC=MS:1000484	35 NCE	0.7 m/z	CT=spike-in;CN=Saccharomyces cerevisiae;CR=yeast:human=0.06
YH_Group9_rep1	Homo sapiens	not available	not available	not applicable	CT=spike-in;CN=Saccharomyces cerevisiae;CR=yeast:human=0.09	1	TMTpro-labeled mixture of human Jurkat E6-1 and Saccharomyces cerevisiae W303-1A cell proteome digests.	run 2	proteomic profiling by mass spectrometry	TMT131C	AC=MS:1002877;NT=Q Exactive HF-X	not available	20 ppm	NT=Trypsin/P;AC=MS:1001313	NT=Carbamidomethyl;TA=C;MT=Fixed;AC=UNIMOD:4	NT=Oxidation;MT=Variable;TA=M;AC=UNIMOD:35	NT=TMTpro;AC=UNIMOD:2016;TA=K;MT=Variable	1	2	https://ftp.pride.ebi.ac.uk/pride/data/archive/2023/12/PXD040449/20201030_QExHFX1_RSLC1_Madern_Hartl_UW_MFPL__complexity_P2.raw	NT=Data-dependent acquisition;AC=PRIDE:0000627	20201030_QExHFX1_RSLC1_Madern_Hartl_UW_MFPL__complexity_P2.raw	v1.1.0	NT=ms-proteomics;VV=v1.1.0	https://www.ebi.ac.uk/pride/archive/projects/PXD040449 | https://doi.org/10.1016/j.mcpro.2023.100694	Codex-assisted curation; rechecked 2026-09-23 against the primary article, author RAW-to-experiment workbook, deposited MaxQuant summary/parameters/mzTab, author analysis code and all six native RAW method headers. The TMT126 reaction is an actual peptide-free control; unassigned 127N/127C/131N channels are omitted. Group0 contains human peptides and no yeast peptides. https://doi.org/10.1016/j.mcpro.2023.100694	NT=TMTpro;AC=UNIMOD:2016;PP=Any N-term;MT=Variable	NT=Lys-C;AC=MS:1001309	NT=Acetyl;AC=UNIMOD:1;PP=Protein N-term;MT=Variable	375m/z-1500m/z	NT=orbitrap;AC=MS:1000484	35 NCE	0.7 m/z	CT=spike-in;CN=Saccharomyces cerevisiae;CR=yeast:human=0.09
YH_Group12_rep1	Homo sapiens	not available	not available	not applicable	CT=spike-in;CN=Saccharomyces cerevisiae;CR=yeast:human=0.12	1	TMTpro-labeled mixture of human Jurkat E6-1 and Saccharomyces cerevisiae W303-1A cell proteome digests.	run 2	proteomic profiling by mass spectrometry	TMT132N	AC=MS:1002877;NT=Q Exactive HF-X	not available	20 ppm	NT=Trypsin/P;AC=MS:1001313	NT=Carbamidomethyl;TA=C;MT=Fixed;AC=UNIMOD:4	NT=Oxidation;MT=Variable;TA=M;AC=UNIMOD:35	NT=TMTpro;AC=UNIMOD:2016;TA=K;MT=Variable	1	2	https://ftp.pride.ebi.ac.uk/pride/data/archive/2023/12/PXD040449/20201030_QExHFX1_RSLC1_Madern_Hartl_UW_MFPL__complexity_P2.raw	NT=Data-dependent acquisition;AC=PRIDE:0000627	20201030_QExHFX1_RSLC1_Madern_Hartl_UW_MFPL__complexity_P2.raw	v1.1.0	NT=ms-proteomics;VV=v1.1.0	https://www.ebi.ac.uk/pride/archive/projects/PXD040449 | https://doi.org/10.1016/j.mcpro.2023.100694	Codex-assisted curation; rechecked 2026-09-23 against the primary article, author RAW-to-experiment workbook, deposited MaxQuant summary/parameters/mzTab, author analysis code and all six native RAW method headers. The TMT126 reaction is an actual peptide-free control; unassigned 127N/127C/131N channels are omitted. Group0 contains human peptides and no yeast peptides. https://doi.org/10.1016/j.mcpro.2023.100694	NT=TMTpro;AC=UNIMOD:2016;PP=Any N-term;MT=Variable	NT=Lys-C;AC=MS:1001309	NT=Acetyl;AC=UNIMOD:1;PP=Protein N-term;MT=Variable	375m/z-1500m/z	NT=orbitrap;AC=MS:1000484	35 NCE	0.7 m/z	CT=spike-in;CN=Saccharomyces cerevisiae;CR=yeast:human=0.12
YH_Group9_rep2	Homo sapiens	not available	not available	not applicable	CT=spike-in;CN=Saccharomyces cerevisiae;CR=yeast:human=0.09	1	TMTpro-labeled mixture of human Jurkat E6-1 and Saccharomyces cerevisiae W303-1A cell proteome digests.	run 2	proteomic profiling by mass spectrometry	TMT132C	AC=MS:1002877;NT=Q Exactive HF-X	not available	20 ppm	NT=Trypsin/P;AC=MS:1001313	NT=Carbamidomethyl;TA=C;MT=Fixed;AC=UNIMOD:4	NT=Oxidation;MT=Variable;TA=M;AC=UNIMOD:35	NT=TMTpro;AC=UNIMOD:2016;TA=K;MT=Variable	2	2	https://ftp.pride.ebi.ac.uk/pride/data/archive/2023/12/PXD040449/20201030_QExHFX1_RSLC1_Madern_Hartl_UW_MFPL__complexity_P2.raw	NT=Data-dependent acquisition;AC=PRIDE:0000627	20201030_QExHFX1_RSLC1_Madern_Hartl_UW_MFPL__complexity_P2.raw	v1.1.0	NT=ms-proteomics;VV=v1.1.0	https://www.ebi.ac.uk/pride/archive/projects/PXD040449 | https://doi.org/10.1016/j.mcpro.2023.100694	Codex-assisted curation; rechecked 2026-09-23 against the primary article, author RAW-to-experiment workbook, deposited MaxQuant summary/parameters/mzTab, author analysis code and all six native RAW method headers. The TMT126 reaction is an actual peptide-free control; unassigned 127N/127C/131N channels are omitted. Group0 contains human peptides and no yeast peptides. https://doi.org/10.1016/j.mcpro.2023.100694	NT=TMTpro;AC=UNIMOD:2016;PP=Any N-term;MT=Variable	NT=Lys-C;AC=MS:1001309	NT=Acetyl;AC=UNIMOD:1;PP=Protein N-term;MT=Variable	375m/z-1500m/z	NT=orbitrap;AC=MS:1000484	35 NCE	0.7 m/z	CT=spike-in;CN=Saccharomyces cerevisiae;CR=yeast:human=0.09
YH_Group12_rep2	Homo sapiens	not available	not available	not applicable	CT=spike-in;CN=Saccharomyces cerevisiae;CR=yeast:human=0.12	1	TMTpro-labeled mixture of human Jurkat E6-1 and Saccharomyces cerevisiae W303-1A cell proteome digests.	run 2	proteomic profiling by mass spectrometry	TMT133N	AC=MS:1002877;NT=Q Exactive HF-X	not available	20 ppm	NT=Trypsin/P;AC=MS:1001313	NT=Carbamidomethyl;TA=C;MT=Fixed;AC=UNIMOD:4	NT=Oxidation;MT=Variable;TA=M;AC=UNIMOD:35	NT=TMTpro;AC=UNIMOD:2016;TA=K;MT=Variable	2	2	https://ftp.pride.ebi.ac.uk/pride/data/archive/2023/12/PXD040449/20201030_QExHFX1_RSLC1_Madern_Hartl_UW_MFPL__complexity_P2.raw	NT=Data-dependent acquisition;AC=PRIDE:0000627	20201030_QExHFX1_RSLC1_Madern_Hartl_UW_MFPL__complexity_P2.raw	v1.1.0	NT=ms-proteomics;VV=v1.1.0	https://www.ebi.ac.uk/pride/archive/projects/PXD040449 | https://doi.org/10.1016/j.mcpro.2023.100694	Codex-assisted curation; rechecked 2026-09-23 against the primary article, author RAW-to-experiment workbook, deposited MaxQuant summary/parameters/mzTab, author analysis code and all six native RAW method headers. The TMT126 reaction is an actual peptide-free control; unassigned 127N/127C/131N channels are omitted. Group0 contains human peptides and no yeast peptides. https://doi.org/10.1016/j.mcpro.2023.100694	NT=TMTpro;AC=UNIMOD:2016;PP=Any N-term;MT=Variable	NT=Lys-C;AC=MS:1001309	NT=Acetyl;AC=UNIMOD:1;PP=Protein N-term;MT=Variable	375m/z-1500m/z	NT=orbitrap;AC=MS:1000484	35 NCE	0.7 m/z	CT=spike-in;CN=Saccharomyces cerevisiae;CR=yeast:human=0.12
YH_Group9_rep3	Homo sapiens	not available	not available	not applicable	CT=spike-in;CN=Saccharomyces cerevisiae;CR=yeast:human=0.09	1	TMTpro-labeled mixture of human Jurkat E6-1 and Saccharomyces cerevisiae W303-1A cell proteome digests.	run 2	proteomic profiling by mass spectrometry	TMT133C	AC=MS:1002877;NT=Q Exactive HF-X	not available	20 ppm	NT=Trypsin/P;AC=MS:1001313	NT=Carbamidomethyl;TA=C;MT=Fixed;AC=UNIMOD:4	NT=Oxidation;MT=Variable;TA=M;AC=UNIMOD:35	NT=TMTpro;AC=UNIMOD:2016;TA=K;MT=Variable	3	2	https://ftp.pride.ebi.ac.uk/pride/data/archive/2023/12/PXD040449/20201030_QExHFX1_RSLC1_Madern_Hartl_UW_MFPL__complexity_P2.raw	NT=Data-dependent acquisition;AC=PRIDE:0000627	20201030_QExHFX1_RSLC1_Madern_Hartl_UW_MFPL__complexity_P2.raw	v1.1.0	NT=ms-proteomics;VV=v1.1.0	https://www.ebi.ac.uk/pride/archive/projects/PXD040449 | https://doi.org/10.1016/j.mcpro.2023.100694	Codex-assisted curation; rechecked 2026-09-23 against the primary article, author RAW-to-experiment workbook, deposited MaxQuant summary/parameters/mzTab, author analysis code and all six native RAW method headers. The TMT126 reaction is an actual peptide-free control; unassigned 127N/127C/131N channels are omitted. Group0 contains human peptides and no yeast peptides. https://doi.org/10.1016/j.mcpro.2023.100694	NT=TMTpro;AC=UNIMOD:2016;PP=Any N-term;MT=Variable	NT=Lys-C;AC=MS:1001309	NT=Acetyl;AC=UNIMOD:1;PP=Protein N-term;MT=Variable	375m/z-1500m/z	NT=orbitrap;AC=MS:1000484	35 NCE	0.7 m/z	CT=spike-in;CN=Saccharomyces cerevisiae;CR=yeast:human=0.09
YH_Group12_rep3	Homo sapiens	not available	not available	not applicable	CT=spike-in;CN=Saccharomyces cerevisiae;CR=yeast:human=0.12	1	TMTpro-labeled mixture of human Jurkat E6-1 and Saccharomyces cerevisiae W303-1A cell proteome digests.	run 2	proteomic profiling by mass spectrometry	TMT134N	AC=MS:1002877;NT=Q Exactive HF-X	not available	20 ppm	NT=Trypsin/P;AC=MS:1001313	NT=Carbamidomethyl;TA=C;MT=Fixed;AC=UNIMOD:4	NT=Oxidation;MT=Variable;TA=M;AC=UNIMOD:35	NT=TMTpro;AC=UNIMOD:2016;TA=K;MT=Variable	3	2	https://ftp.pride.ebi.ac.uk/pride/data/archive/2023/12/PXD040449/20201030_QExHFX1_RSLC1_Madern_Hartl_UW_MFPL__complexity_P2.raw	NT=Data-dependent acquisition;AC=PRIDE:0000627	20201030_QExHFX1_RSLC1_Madern_Hartl_UW_MFPL__complexity_P2.raw	v1.1.0	NT=ms-proteomics;VV=v1.1.0	https://www.ebi.ac.uk/pride/archive/projects/PXD040449 | https://doi.org/10.1016/j.mcpro.2023.100694	Codex-assisted curation; rechecked 2026-09-23 against the primary article, author RAW-to-experiment workbook, deposited MaxQuant summary/parameters/mzTab, author analysis code and all six native RAW method headers. The TMT126 reaction is an actual peptide-free control; unassigned 127N/127C/131N channels are omitted. Group0 contains human peptides and no yeast peptides. https://doi.org/10.1016/j.mcpro.2023.100694	NT=TMTpro;AC=UNIMOD:2016;PP=Any N-term;MT=Variable	NT=Lys-C;AC=MS:1001309	NT=Acetyl;AC=UNIMOD:1;PP=Protein N-term;MT=Variable	375m/z-1500m/z	NT=orbitrap;AC=MS:1000484	35 NCE	0.7 m/z	CT=spike-in;CN=Saccharomyces cerevisiae;CR=yeast:human=0.12
PXD040449_reagent_blank	not applicable	not available	not available	not applicable	not applicable	1	Peptide-free TMTpro reagent control prepared in parallel; reporter 126C in the publication (TMT126 in this SDRF).	run 3	proteomic profiling by mass spectrometry	TMT126	AC=MS:1002877;NT=Q Exactive HF-X	not available	20 ppm	NT=Trypsin/P;AC=MS:1001313	NT=Carbamidomethyl;TA=C;MT=Fixed;AC=UNIMOD:4	NT=Oxidation;MT=Variable;TA=M;AC=UNIMOD:35	NT=TMTpro;AC=UNIMOD:2016;TA=K;MT=Variable	1	3	https://ftp.pride.ebi.ac.uk/pride/data/archive/2023/12/PXD040449/20201030_QExHFX1_RSLC1_Madern_Hartl_UW_MFPL__complexity_P3.raw	NT=Data-dependent acquisition;AC=PRIDE:0000627	20201030_QExHFX1_RSLC1_Madern_Hartl_UW_MFPL__complexity_P3.raw	v1.1.0	NT=ms-proteomics;VV=v1.1.0	https://www.ebi.ac.uk/pride/archive/projects/PXD040449 | https://doi.org/10.1016/j.mcpro.2023.100694	Codex-assisted curation; rechecked 2026-09-23 against the primary article, author RAW-to-experiment workbook, deposited MaxQuant summary/parameters/mzTab, author analysis code and all six native RAW method headers. The TMT126 reaction is an actual peptide-free control; unassigned 127N/127C/131N channels are omitted. Group0 contains human peptides and no yeast peptides. https://doi.org/10.1016/j.mcpro.2023.100694	NT=TMTpro;AC=UNIMOD:2016;PP=Any N-term;MT=Variable	NT=Lys-C;AC=MS:1001309	NT=Acetyl;AC=UNIMOD:1;PP=Protein N-term;MT=Variable	375m/z-1500m/z	NT=orbitrap;AC=MS:1000484	35 NCE	0.7 m/z	not applicable
YH_Group0_rep1	Homo sapiens	not available	not available	not applicable	CT=spike-in;CN=Saccharomyces cerevisiae;CR=yeast:human=0	1	TMTpro-labeled human Jurkat E6-1 cell proteome digest without yeast peptides; human-containing zero-yeast control.	run 3	proteomic profiling by mass spectrometry	TMT128N	AC=MS:1002877;NT=Q Exactive HF-X	not available	20 ppm	NT=Trypsin/P;AC=MS:1001313	NT=Carbamidomethyl;TA=C;MT=Fixed;AC=UNIMOD:4	NT=Oxidation;MT=Variable;TA=M;AC=UNIMOD:35	NT=TMTpro;AC=UNIMOD:2016;TA=K;MT=Variable	1	3	https://ftp.pride.ebi.ac.uk/pride/data/archive/2023/12/PXD040449/20201030_QExHFX1_RSLC1_Madern_Hartl_UW_MFPL__complexity_P3.raw	NT=Data-dependent acquisition;AC=PRIDE:0000627	20201030_QExHFX1_RSLC1_Madern_Hartl_UW_MFPL__complexity_P3.raw	v1.1.0	NT=ms-proteomics;VV=v1.1.0	https://www.ebi.ac.uk/pride/archive/projects/PXD040449 | https://doi.org/10.1016/j.mcpro.2023.100694	Codex-assisted curation; rechecked 2026-09-23 against the primary article, author RAW-to-experiment workbook, deposited MaxQuant summary/parameters/mzTab, author analysis code and all six native RAW method headers. The TMT126 reaction is an actual peptide-free control; unassigned 127N/127C/131N channels are omitted. Group0 contains human peptides and no yeast peptides. https://doi.org/10.1016/j.mcpro.2023.100694	NT=TMTpro;AC=UNIMOD:2016;PP=Any N-term;MT=Variable	NT=Lys-C;AC=MS:1001309	NT=Acetyl;AC=UNIMOD:1;PP=Protein N-term;MT=Variable	375m/z-1500m/z	NT=orbitrap;AC=MS:1000484	35 NCE	0.7 m/z	CT=spike-in;CN=Saccharomyces cerevisiae;CR=yeast:human=0
YH_Group6_rep1	Homo sapiens	not available	not available	not applicable	CT=spike-in;CN=Saccharomyces cerevisiae;CR=yeast:human=0.06	1	TMTpro-labeled mixture of human Jurkat E6-1 and Saccharomyces cerevisiae W303-1A cell proteome digests.	run 3	proteomic profiling by mass spectrometry	TMT128C	AC=MS:1002877;NT=Q Exactive HF-X	not available	20 ppm	NT=Trypsin/P;AC=MS:1001313	NT=Carbamidomethyl;TA=C;MT=Fixed;AC=UNIMOD:4	NT=Oxidation;MT=Variable;TA=M;AC=UNIMOD:35	NT=TMTpro;AC=UNIMOD:2016;TA=K;MT=Variable	1	3	https://ftp.pride.ebi.ac.uk/pride/data/archive/2023/12/PXD040449/20201030_QExHFX1_RSLC1_Madern_Hartl_UW_MFPL__complexity_P3.raw	NT=Data-dependent acquisition;AC=PRIDE:0000627	20201030_QExHFX1_RSLC1_Madern_Hartl_UW_MFPL__complexity_P3.raw	v1.1.0	NT=ms-proteomics;VV=v1.1.0	https://www.ebi.ac.uk/pride/archive/projects/PXD040449 | https://doi.org/10.1016/j.mcpro.2023.100694	Codex-assisted curation; rechecked 2026-09-23 against the primary article, author RAW-to-experiment workbook, deposited MaxQuant summary/parameters/mzTab, author analysis code and all six native RAW method headers. The TMT126 reaction is an actual peptide-free control; unassigned 127N/127C/131N channels are omitted. Group0 contains human peptides and no yeast peptides. https://doi.org/10.1016/j.mcpro.2023.100694	NT=TMTpro;AC=UNIMOD:2016;PP=Any N-term;MT=Variable	NT=Lys-C;AC=MS:1001309	NT=Acetyl;AC=UNIMOD:1;PP=Protein N-term;MT=Variable	375m/z-1500m/z	NT=orbitrap;AC=MS:1000484	35 NCE	0.7 m/z	CT=spike-in;CN=Saccharomyces cerevisiae;CR=yeast:human=0.06
YH_Group0_rep2	Homo sapiens	not available	not available	not applicable	CT=spike-in;CN=Saccharomyces cerevisiae;CR=yeast:human=0	1	TMTpro-labeled human Jurkat E6-1 cell proteome digest without yeast peptides; human-containing zero-yeast control.	run 3	proteomic profiling by mass spectrometry	TMT129N	AC=MS:1002877;NT=Q Exactive HF-X	not available	20 ppm	NT=Trypsin/P;AC=MS:1001313	NT=Carbamidomethyl;TA=C;MT=Fixed;AC=UNIMOD:4	NT=Oxidation;MT=Variable;TA=M;AC=UNIMOD:35	NT=TMTpro;AC=UNIMOD:2016;TA=K;MT=Variable	2	3	https://ftp.pride.ebi.ac.uk/pride/data/archive/2023/12/PXD040449/20201030_QExHFX1_RSLC1_Madern_Hartl_UW_MFPL__complexity_P3.raw	NT=Data-dependent acquisition;AC=PRIDE:0000627	20201030_QExHFX1_RSLC1_Madern_Hartl_UW_MFPL__complexity_P3.raw	v1.1.0	NT=ms-proteomics;VV=v1.1.0	https://www.ebi.ac.uk/pride/archive/projects/PXD040449 | https://doi.org/10.1016/j.mcpro.2023.100694	Codex-assisted curation; rechecked 2026-09-23 against the primary article, author RAW-to-experiment workbook, deposited MaxQuant summary/parameters/mzTab, author analysis code and all six native RAW method headers. The TMT126 reaction is an actual peptide-free control; unassigned 127N/127C/131N channels are omitted. Group0 contains human peptides and no yeast peptides. https://doi.org/10.1016/j.mcpro.2023.100694	NT=TMTpro;AC=UNIMOD:2016;PP=Any N-term;MT=Variable	NT=Lys-C;AC=MS:1001309	NT=Acetyl;AC=UNIMOD:1;PP=Protein N-term;MT=Variable	375m/z-1500m/z	NT=orbitrap;AC=MS:1000484	35 NCE	0.7 m/z	CT=spike-in;CN=Saccharomyces cerevisiae;CR=yeast:human=0
YH_Group6_rep2	Homo sapiens	not available	not available	not applicable	CT=spike-in;CN=Saccharomyces cerevisiae;CR=yeast:human=0.06	1	TMTpro-labeled mixture of human Jurkat E6-1 and Saccharomyces cerevisiae W303-1A cell proteome digests.	run 3	proteomic profiling by mass spectrometry	TMT129C	AC=MS:1002877;NT=Q Exactive HF-X	not available	20 ppm	NT=Trypsin/P;AC=MS:1001313	NT=Carbamidomethyl;TA=C;MT=Fixed;AC=UNIMOD:4	NT=Oxidation;MT=Variable;TA=M;AC=UNIMOD:35	NT=TMTpro;AC=UNIMOD:2016;TA=K;MT=Variable	2	3	https://ftp.pride.ebi.ac.uk/pride/data/archive/2023/12/PXD040449/20201030_QExHFX1_RSLC1_Madern_Hartl_UW_MFPL__complexity_P3.raw	NT=Data-dependent acquisition;AC=PRIDE:0000627	20201030_QExHFX1_RSLC1_Madern_Hartl_UW_MFPL__complexity_P3.raw	v1.1.0	NT=ms-proteomics;VV=v1.1.0	https://www.ebi.ac.uk/pride/archive/projects/PXD040449 | https://doi.org/10.1016/j.mcpro.2023.100694	Codex-assisted curation; rechecked 2026-09-23 against the primary article, author RAW-to-experiment workbook, deposited MaxQuant summary/parameters/mzTab, author analysis code and all six native RAW method headers. The TMT126 reaction is an actual peptide-free control; unassigned 127N/127C/131N channels are omitted. Group0 contains human peptides and no yeast peptides. https://doi.org/10.1016/j.mcpro.2023.100694	NT=TMTpro;AC=UNIMOD:2016;PP=Any N-term;MT=Variable	NT=Lys-C;AC=MS:1001309	NT=Acetyl;AC=UNIMOD:1;PP=Protein N-term;MT=Variable	375m/z-1500m/z	NT=orbitrap;AC=MS:1000484	35 NCE	0.7 m/z	CT=spike-in;CN=Saccharomyces cerevisiae;CR=yeast:human=0.06
YH_Group0_rep3	Homo sapiens	not available	not available	not applicable	CT=spike-in;CN=Saccharomyces cerevisiae;CR=yeast:human=0	1	TMTpro-labeled human Jurkat E6-1 cell proteome digest without yeast peptides; human-containing zero-yeast control.	run 3	proteomic profiling by mass spectrometry	TMT130N	AC=MS:1002877;NT=Q Exactive HF-X	not available	20 ppm	NT=Trypsin/P;AC=MS:1001313	NT=Carbamidomethyl;TA=C;MT=Fixed;AC=UNIMOD:4	NT=Oxidation;MT=Variable;TA=M;AC=UNIMOD:35	NT=TMTpro;AC=UNIMOD:2016;TA=K;MT=Variable	3	3	https://ftp.pride.ebi.ac.uk/pride/data/archive/2023/12/PXD040449/20201030_QExHFX1_RSLC1_Madern_Hartl_UW_MFPL__complexity_P3.raw	NT=Data-dependent acquisition;AC=PRIDE:0000627	20201030_QExHFX1_RSLC1_Madern_Hartl_UW_MFPL__complexity_P3.raw	v1.1.0	NT=ms-proteomics;VV=v1.1.0	https://www.ebi.ac.uk/pride/archive/projects/PXD040449 | https://doi.org/10.1016/j.mcpro.2023.100694	Codex-assisted curation; rechecked 2026-09-23 against the primary article, author RAW-to-experiment workbook, deposited MaxQuant summary/parameters/mzTab, author analysis code and all six native RAW method headers. The TMT126 reaction is an actual peptide-free control; unassigned 127N/127C/131N channels are omitted. Group0 contains human peptides and no yeast peptides. https://doi.org/10.1016/j.mcpro.2023.100694	NT=TMTpro;AC=UNIMOD:2016;PP=Any N-term;MT=Variable	NT=Lys-C;AC=MS:1001309	NT=Acetyl;AC=UNIMOD:1;PP=Protein N-term;MT=Variable	375m/z-1500m/z	NT=orbitrap;AC=MS:1000484	35 NCE	0.7 m/z	CT=spike-in;CN=Saccharomyces cerevisiae;CR=yeast:human=0
YH_Group6_rep3	Homo sapiens	not available	not available	not applicable	CT=spike-in;CN=Saccharomyces cerevisiae;CR=yeast:human=0.06	1	TMTpro-labeled mixture of human Jurkat E6-1 and Saccharomyces cerevisiae W303-1A cell proteome digests.	run 3	proteomic profiling by mass spectrometry	TMT130C	AC=MS:1002877;NT=Q Exactive HF-X	not available	20 ppm	NT=Trypsin/P;AC=MS:1001313	NT=Carbamidomethyl;TA=C;MT=Fixed;AC=UNIMOD:4	NT=Oxidation;MT=Variable;TA=M;AC=UNIMOD:35	NT=TMTpro;AC=UNIMOD:2016;TA=K;MT=Variable	3	3	https://ftp.pride.ebi.ac.uk/pride/data/archive/2023/12/PXD040449/20201030_QExHFX1_RSLC1_Madern_Hartl_UW_MFPL__complexity_P3.raw	NT=Data-dependent acquisition;AC=PRIDE:0000627	20201030_QExHFX1_RSLC1_Madern_Hartl_UW_MFPL__complexity_P3.raw	v1.1.0	NT=ms-proteomics;VV=v1.1.0	https://www.ebi.ac.uk/pride/archive/projects/PXD040449 | https://doi.org/10.1016/j.mcpro.2023.100694	Codex-assisted curation; rechecked 2026-09-23 against the primary article, author RAW-to-experiment workbook, deposited MaxQuant summary/parameters/mzTab, author analysis code and all six native RAW method headers. The TMT126 reaction is an actual peptide-free control; unassigned 127N/127C/131N channels are omitted. Group0 contains human peptides and no yeast peptides. https://doi.org/10.1016/j.mcpro.2023.100694	NT=TMTpro;AC=UNIMOD:2016;PP=Any N-term;MT=Variable	NT=Lys-C;AC=MS:1001309	NT=Acetyl;AC=UNIMOD:1;PP=Protein N-term;MT=Variable	375m/z-1500m/z	NT=orbitrap;AC=MS:1000484	35 NCE	0.7 m/z	CT=spike-in;CN=Saccharomyces cerevisiae;CR=yeast:human=0.06
YH_Group9_rep1	Homo sapiens	not available	not available	not applicable	CT=spike-in;CN=Saccharomyces cerevisiae;CR=yeast:human=0.09	1	TMTpro-labeled mixture of human Jurkat E6-1 and Saccharomyces cerevisiae W303-1A cell proteome digests.	run 3	proteomic profiling by mass spectrometry	TMT131C	AC=MS:1002877;NT=Q Exactive HF-X	not available	20 ppm	NT=Trypsin/P;AC=MS:1001313	NT=Carbamidomethyl;TA=C;MT=Fixed;AC=UNIMOD:4	NT=Oxidation;MT=Variable;TA=M;AC=UNIMOD:35	NT=TMTpro;AC=UNIMOD:2016;TA=K;MT=Variable	1	3	https://ftp.pride.ebi.ac.uk/pride/data/archive/2023/12/PXD040449/20201030_QExHFX1_RSLC1_Madern_Hartl_UW_MFPL__complexity_P3.raw	NT=Data-dependent acquisition;AC=PRIDE:0000627	20201030_QExHFX1_RSLC1_Madern_Hartl_UW_MFPL__complexity_P3.raw	v1.1.0	NT=ms-proteomics;VV=v1.1.0	https://www.ebi.ac.uk/pride/archive/projects/PXD040449 | https://doi.org/10.1016/j.mcpro.2023.100694	Codex-assisted curation; rechecked 2026-09-23 against the primary article, author RAW-to-experiment workbook, deposited MaxQuant summary/parameters/mzTab, author analysis code and all six native RAW method headers. The TMT126 reaction is an actual peptide-free control; unassigned 127N/127C/131N channels are omitted. Group0 contains human peptides and no yeast peptides. https://doi.org/10.1016/j.mcpro.2023.100694	NT=TMTpro;AC=UNIMOD:2016;PP=Any N-term;MT=Variable	NT=Lys-C;AC=MS:1001309	NT=Acetyl;AC=UNIMOD:1;PP=Protein N-term;MT=Variable	375m/z-1500m/z	NT=orbitrap;AC=MS:1000484	35 NCE	0.7 m/z	CT=spike-in;CN=Saccharomyces cerevisiae;CR=yeast:human=0.09
YH_Group12_rep1	Homo sapiens	not available	not available	not applicable	CT=spike-in;CN=Saccharomyces cerevisiae;CR=yeast:human=0.12	1	TMTpro-labeled mixture of human Jurkat E6-1 and Saccharomyces cerevisiae W303-1A cell proteome digests.	run 3	proteomic profiling by mass spectrometry	TMT132N	AC=MS:1002877;NT=Q Exactive HF-X	not available	20 ppm	NT=Trypsin/P;AC=MS:1001313	NT=Carbamidomethyl;TA=C;MT=Fixed;AC=UNIMOD:4	NT=Oxidation;MT=Variable;TA=M;AC=UNIMOD:35	NT=TMTpro;AC=UNIMOD:2016;TA=K;MT=Variable	1	3	https://ftp.pride.ebi.ac.uk/pride/data/archive/2023/12/PXD040449/20201030_QExHFX1_RSLC1_Madern_Hartl_UW_MFPL__complexity_P3.raw	NT=Data-dependent acquisition;AC=PRIDE:0000627	20201030_QExHFX1_RSLC1_Madern_Hartl_UW_MFPL__complexity_P3.raw	v1.1.0	NT=ms-proteomics;VV=v1.1.0	https://www.ebi.ac.uk/pride/archive/projects/PXD040449 | https://doi.org/10.1016/j.mcpro.2023.100694	Codex-assisted curation; rechecked 2026-09-23 against the primary article, author RAW-to-experiment workbook, deposited MaxQuant summary/parameters/mzTab, author analysis code and all six native RAW method headers. The TMT126 reaction is an actual peptide-free control; unassigned 127N/127C/131N channels are omitted. Group0 contains human peptides and no yeast peptides. https://doi.org/10.1016/j.mcpro.2023.100694	NT=TMTpro;AC=UNIMOD:2016;PP=Any N-term;MT=Variable	NT=Lys-C;AC=MS:1001309	NT=Acetyl;AC=UNIMOD:1;PP=Protein N-term;MT=Variable	375m/z-1500m/z	NT=orbitrap;AC=MS:1000484	35 NCE	0.7 m/z	CT=spike-in;CN=Saccharomyces cerevisiae;CR=yeast:human=0.12
YH_Group9_rep2	Homo sapiens	not available	not available	not applicable	CT=spike-in;CN=Saccharomyces cerevisiae;CR=yeast:human=0.09	1	TMTpro-labeled mixture of human Jurkat E6-1 and Saccharomyces cerevisiae W303-1A cell proteome digests.	run 3	proteomic profiling by mass spectrometry	TMT132C	AC=MS:1002877;NT=Q Exactive HF-X	not available	20 ppm	NT=Trypsin/P;AC=MS:1001313	NT=Carbamidomethyl;TA=C;MT=Fixed;AC=UNIMOD:4	NT=Oxidation;MT=Variable;TA=M;AC=UNIMOD:35	NT=TMTpro;AC=UNIMOD:2016;TA=K;MT=Variable	2	3	https://ftp.pride.ebi.ac.uk/pride/data/archive/2023/12/PXD040449/20201030_QExHFX1_RSLC1_Madern_Hartl_UW_MFPL__complexity_P3.raw	NT=Data-dependent acquisition;AC=PRIDE:0000627	20201030_QExHFX1_RSLC1_Madern_Hartl_UW_MFPL__complexity_P3.raw	v1.1.0	NT=ms-proteomics;VV=v1.1.0	https://www.ebi.ac.uk/pride/archive/projects/PXD040449 | https://doi.org/10.1016/j.mcpro.2023.100694	Codex-assisted curation; rechecked 2026-09-23 against the primary article, author RAW-to-experiment workbook, deposited MaxQuant summary/parameters/mzTab, author analysis code and all six native RAW method headers. The TMT126 reaction is an actual peptide-free control; unassigned 127N/127C/131N channels are omitted. Group0 contains human peptides and no yeast peptides. https://doi.org/10.1016/j.mcpro.2023.100694	NT=TMTpro;AC=UNIMOD:2016;PP=Any N-term;MT=Variable	NT=Lys-C;AC=MS:1001309	NT=Acetyl;AC=UNIMOD:1;PP=Protein N-term;MT=Variable	375m/z-1500m/z	NT=orbitrap;AC=MS:1000484	35 NCE	0.7 m/z	CT=spike-in;CN=Saccharomyces cerevisiae;CR=yeast:human=0.09
YH_Group12_rep2	Homo sapiens	not available	not available	not applicable	CT=spike-in;CN=Saccharomyces cerevisiae;CR=yeast:human=0.12	1	TMTpro-labeled mixture of human Jurkat E6-1 and Saccharomyces cerevisiae W303-1A cell proteome digests.	run 3	proteomic profiling by mass spectrometry	TMT133N	AC=MS:1002877;NT=Q Exactive HF-X	not available	20 ppm	NT=Trypsin/P;AC=MS:1001313	NT=Carbamidomethyl;TA=C;MT=Fixed;AC=UNIMOD:4	NT=Oxidation;MT=Variable;TA=M;AC=UNIMOD:35	NT=TMTpro;AC=UNIMOD:2016;TA=K;MT=Variable	2	3	https://ftp.pride.ebi.ac.uk/pride/data/archive/2023/12/PXD040449/20201030_QExHFX1_RSLC1_Madern_Hartl_UW_MFPL__complexity_P3.raw	NT=Data-dependent acquisition;AC=PRIDE:0000627	20201030_QExHFX1_RSLC1_Madern_Hartl_UW_MFPL__complexity_P3.raw	v1.1.0	NT=ms-proteomics;VV=v1.1.0	https://www.ebi.ac.uk/pride/archive/projects/PXD040449 | https://doi.org/10.1016/j.mcpro.2023.100694	Codex-assisted curation; rechecked 2026-09-23 against the primary article, author RAW-to-experiment workbook, deposited MaxQuant summary/parameters/mzTab, author analysis code and all six native RAW method headers. The TMT126 reaction is an actual peptide-free control; unassigned 127N/127C/131N channels are omitted. Group0 contains human peptides and no yeast peptides. https://doi.org/10.1016/j.mcpro.2023.100694	NT=TMTpro;AC=UNIMOD:2016;PP=Any N-term;MT=Variable	NT=Lys-C;AC=MS:1001309	NT=Acetyl;AC=UNIMOD:1;PP=Protein N-term;MT=Variable	375m/z-1500m/z	NT=orbitrap;AC=MS:1000484	35 NCE	0.7 m/z	CT=spike-in;CN=Saccharomyces cerevisiae;CR=yeast:human=0.12
YH_Group9_rep3	Homo sapiens	not available	not available	not applicable	CT=spike-in;CN=Saccharomyces cerevisiae;CR=yeast:human=0.09	1	TMTpro-labeled mixture of human Jurkat E6-1 and Saccharomyces cerevisiae W303-1A cell proteome digests.	run 3	proteomic profiling by mass spectrometry	TMT133C	AC=MS:1002877;NT=Q Exactive HF-X	not available	20 ppm	NT=Trypsin/P;AC=MS:1001313	NT=Carbamidomethyl;TA=C;MT=Fixed;AC=UNIMOD:4	NT=Oxidation;MT=Variable;TA=M;AC=UNIMOD:35	NT=TMTpro;AC=UNIMOD:2016;TA=K;MT=Variable	3	3	https://ftp.pride.ebi.ac.uk/pride/data/archive/2023/12/PXD040449/20201030_QExHFX1_RSLC1_Madern_Hartl_UW_MFPL__complexity_P3.raw	NT=Data-dependent acquisition;AC=PRIDE:0000627	20201030_QExHFX1_RSLC1_Madern_Hartl_UW_MFPL__complexity_P3.raw	v1.1.0	NT=ms-proteomics;VV=v1.1.0	https://www.ebi.ac.uk/pride/archive/projects/PXD040449 | https://doi.org/10.1016/j.mcpro.2023.100694	Codex-assisted curation; rechecked 2026-09-23 against the primary article, author RAW-to-experiment workbook, deposited MaxQuant summary/parameters/mzTab, author analysis code and all six native RAW method headers. The TMT126 reaction is an actual peptide-free control; unassigned 127N/127C/131N channels are omitted. Group0 contains human peptides and no yeast peptides. https://doi.org/10.1016/j.mcpro.2023.100694	NT=TMTpro;AC=UNIMOD:2016;PP=Any N-term;MT=Variable	NT=Lys-C;AC=MS:1001309	NT=Acetyl;AC=UNIMOD:1;PP=Protein N-term;MT=Variable	375m/z-1500m/z	NT=orbitrap;AC=MS:1000484	35 NCE	0.7 m/z	CT=spike-in;CN=Saccharomyces cerevisiae;CR=yeast:human=0.09
YH_Group12_rep3	Homo sapiens	not available	not available	not applicable	CT=spike-in;CN=Saccharomyces cerevisiae;CR=yeast:human=0.12	1	TMTpro-labeled mixture of human Jurkat E6-1 and Saccharomyces cerevisiae W303-1A cell proteome digests.	run 3	proteomic profiling by mass spectrometry	TMT134N	AC=MS:1002877;NT=Q Exactive HF-X	not available	20 ppm	NT=Trypsin/P;AC=MS:1001313	NT=Carbamidomethyl;TA=C;MT=Fixed;AC=UNIMOD:4	NT=Oxidation;MT=Variable;TA=M;AC=UNIMOD:35	NT=TMTpro;AC=UNIMOD:2016;TA=K;MT=Variable	3	3	https://ftp.pride.ebi.ac.uk/pride/data/archive/2023/12/PXD040449/20201030_QExHFX1_RSLC1_Madern_Hartl_UW_MFPL__complexity_P3.raw	NT=Data-dependent acquisition;AC=PRIDE:0000627	20201030_QExHFX1_RSLC1_Madern_Hartl_UW_MFPL__complexity_P3.raw	v1.1.0	NT=ms-proteomics;VV=v1.1.0	https://www.ebi.ac.uk/pride/archive/projects/PXD040449 | https://doi.org/10.1016/j.mcpro.2023.100694	Codex-assisted curation; rechecked 2026-09-23 against the primary article, author RAW-to-experiment workbook, deposited MaxQuant summary/parameters/mzTab, author analysis code and all six native RAW method headers. The TMT126 reaction is an actual peptide-free control; unassigned 127N/127C/131N channels are omitted. Group0 contains human peptides and no yeast peptides. https://doi.org/10.1016/j.mcpro.2023.100694	NT=TMTpro;AC=UNIMOD:2016;PP=Any N-term;MT=Variable	NT=Lys-C;AC=MS:1001309	NT=Acetyl;AC=UNIMOD:1;PP=Protein N-term;MT=Variable	375m/z-1500m/z	NT=orbitrap;AC=MS:1000484	35 NCE	0.7 m/z	CT=spike-in;CN=Saccharomyces cerevisiae;CR=yeast:human=0.12
PXD040449_reagent_blank	not applicable	not available	not available	not applicable	not applicable	1	Peptide-free TMTpro reagent control prepared in parallel; reporter 126C in the publication (TMT126 in this SDRF).	run 4	proteomic profiling by mass spectrometry	TMT126	AC=MS:1002877;NT=Q Exactive HF-X	not available	20 ppm	NT=Trypsin/P;AC=MS:1001313	NT=Carbamidomethyl;TA=C;MT=Fixed;AC=UNIMOD:4	NT=Oxidation;MT=Variable;TA=M;AC=UNIMOD:35	NT=TMTpro;AC=UNIMOD:2016;TA=K;MT=Variable	1	4	https://ftp.pride.ebi.ac.uk/pride/data/archive/2023/12/PXD040449/20201030_QExHFX1_RSLC1_Madern_Hartl_UW_MFPL__complexity_P4.raw	NT=Data-dependent acquisition;AC=PRIDE:0000627	20201030_QExHFX1_RSLC1_Madern_Hartl_UW_MFPL__complexity_P4.raw	v1.1.0	NT=ms-proteomics;VV=v1.1.0	https://www.ebi.ac.uk/pride/archive/projects/PXD040449 | https://doi.org/10.1016/j.mcpro.2023.100694	Codex-assisted curation; rechecked 2026-09-23 against the primary article, author RAW-to-experiment workbook, deposited MaxQuant summary/parameters/mzTab, author analysis code and all six native RAW method headers. The TMT126 reaction is an actual peptide-free control; unassigned 127N/127C/131N channels are omitted. Group0 contains human peptides and no yeast peptides. https://doi.org/10.1016/j.mcpro.2023.100694	NT=TMTpro;AC=UNIMOD:2016;PP=Any N-term;MT=Variable	NT=Lys-C;AC=MS:1001309	NT=Acetyl;AC=UNIMOD:1;PP=Protein N-term;MT=Variable	375m/z-1500m/z	NT=orbitrap;AC=MS:1000484	35 NCE	0.7 m/z	not applicable
YH_Group0_rep1	Homo sapiens	not available	not available	not applicable	CT=spike-in;CN=Saccharomyces cerevisiae;CR=yeast:human=0	1	TMTpro-labeled human Jurkat E6-1 cell proteome digest without yeast peptides; human-containing zero-yeast control.	run 4	proteomic profiling by mass spectrometry	TMT128N	AC=MS:1002877;NT=Q Exactive HF-X	not available	20 ppm	NT=Trypsin/P;AC=MS:1001313	NT=Carbamidomethyl;TA=C;MT=Fixed;AC=UNIMOD:4	NT=Oxidation;MT=Variable;TA=M;AC=UNIMOD:35	NT=TMTpro;AC=UNIMOD:2016;TA=K;MT=Variable	1	4	https://ftp.pride.ebi.ac.uk/pride/data/archive/2023/12/PXD040449/20201030_QExHFX1_RSLC1_Madern_Hartl_UW_MFPL__complexity_P4.raw	NT=Data-dependent acquisition;AC=PRIDE:0000627	20201030_QExHFX1_RSLC1_Madern_Hartl_UW_MFPL__complexity_P4.raw	v1.1.0	NT=ms-proteomics;VV=v1.1.0	https://www.ebi.ac.uk/pride/archive/projects/PXD040449 | https://doi.org/10.1016/j.mcpro.2023.100694	Codex-assisted curation; rechecked 2026-09-23 against the primary article, author RAW-to-experiment workbook, deposited MaxQuant summary/parameters/mzTab, author analysis code and all six native RAW method headers. The TMT126 reaction is an actual peptide-free control; unassigned 127N/127C/131N channels are omitted. Group0 contains human peptides and no yeast peptides. https://doi.org/10.1016/j.mcpro.2023.100694	NT=TMTpro;AC=UNIMOD:2016;PP=Any N-term;MT=Variable	NT=Lys-C;AC=MS:1001309	NT=Acetyl;AC=UNIMOD:1;PP=Protein N-term;MT=Variable	375m/z-1500m/z	NT=orbitrap;AC=MS:1000484	35 NCE	0.7 m/z	CT=spike-in;CN=Saccharomyces cerevisiae;CR=yeast:human=0
YH_Group6_rep1	Homo sapiens	not available	not available	not applicable	CT=spike-in;CN=Saccharomyces cerevisiae;CR=yeast:human=0.06	1	TMTpro-labeled mixture of human Jurkat E6-1 and Saccharomyces cerevisiae W303-1A cell proteome digests.	run 4	proteomic profiling by mass spectrometry	TMT128C	AC=MS:1002877;NT=Q Exactive HF-X	not available	20 ppm	NT=Trypsin/P;AC=MS:1001313	NT=Carbamidomethyl;TA=C;MT=Fixed;AC=UNIMOD:4	NT=Oxidation;MT=Variable;TA=M;AC=UNIMOD:35	NT=TMTpro;AC=UNIMOD:2016;TA=K;MT=Variable	1	4	https://ftp.pride.ebi.ac.uk/pride/data/archive/2023/12/PXD040449/20201030_QExHFX1_RSLC1_Madern_Hartl_UW_MFPL__complexity_P4.raw	NT=Data-dependent acquisition;AC=PRIDE:0000627	20201030_QExHFX1_RSLC1_Madern_Hartl_UW_MFPL__complexity_P4.raw	v1.1.0	NT=ms-proteomics;VV=v1.1.0	https://www.ebi.ac.uk/pride/archive/projects/PXD040449 | https://doi.org/10.1016/j.mcpro.2023.100694	Codex-assisted curation; rechecked 2026-09-23 against the primary article, author RAW-to-experiment workbook, deposited MaxQuant summary/parameters/mzTab, author analysis code and all six native RAW method headers. The TMT126 reaction is an actual peptide-free control; unassigned 127N/127C/131N channels are omitted. Group0 contains human peptides and no yeast peptides. https://doi.org/10.1016/j.mcpro.2023.100694	NT=TMTpro;AC=UNIMOD:2016;PP=Any N-term;MT=Variable	NT=Lys-C;AC=MS:1001309	NT=Acetyl;AC=UNIMOD:1;PP=Protein N-term;MT=Variable	375m/z-1500m/z	NT=orbitrap;AC=MS:1000484	35 NCE	0.7 m/z	CT=spike-in;CN=Saccharomyces cerevisiae;CR=yeast:human=0.06
YH_Group0_rep2	Homo sapiens	not available	not available	not applicable	CT=spike-in;CN=Saccharomyces cerevisiae;CR=yeast:human=0	1	TMTpro-labeled human Jurkat E6-1 cell proteome digest without yeast peptides; human-containing zero-yeast control.	run 4	proteomic profiling by mass spectrometry	TMT129N	AC=MS:1002877;NT=Q Exactive HF-X	not available	20 ppm	NT=Trypsin/P;AC=MS:1001313	NT=Carbamidomethyl;TA=C;MT=Fixed;AC=UNIMOD:4	NT=Oxidation;MT=Variable;TA=M;AC=UNIMOD:35	NT=TMTpro;AC=UNIMOD:2016;TA=K;MT=Variable	2	4	https://ftp.pride.ebi.ac.uk/pride/data/archive/2023/12/PXD040449/20201030_QExHFX1_RSLC1_Madern_Hartl_UW_MFPL__complexity_P4.raw	NT=Data-dependent acquisition;AC=PRIDE:0000627	20201030_QExHFX1_RSLC1_Madern_Hartl_UW_MFPL__complexity_P4.raw	v1.1.0	NT=ms-proteomics;VV=v1.1.0	https://www.ebi.ac.uk/pride/archive/projects/PXD040449 | https://doi.org/10.1016/j.mcpro.2023.100694	Codex-assisted curation; rechecked 2026-09-23 against the primary article, author RAW-to-experiment workbook, deposited MaxQuant summary/parameters/mzTab, author analysis code and all six native RAW method headers. The TMT126 reaction is an actual peptide-free control; unassigned 127N/127C/131N channels are omitted. Group0 contains human peptides and no yeast peptides. https://doi.org/10.1016/j.mcpro.2023.100694	NT=TMTpro;AC=UNIMOD:2016;PP=Any N-term;MT=Variable	NT=Lys-C;AC=MS:1001309	NT=Acetyl;AC=UNIMOD:1;PP=Protein N-term;MT=Variable	375m/z-1500m/z	NT=orbitrap;AC=MS:1000484	35 NCE	0.7 m/z	CT=spike-in;CN=Saccharomyces cerevisiae;CR=yeast:human=0
YH_Group6_rep2	Homo sapiens	not available	not available	not applicable	CT=spike-in;CN=Saccharomyces cerevisiae;CR=yeast:human=0.06	1	TMTpro-labeled mixture of human Jurkat E6-1 and Saccharomyces cerevisiae W303-1A cell proteome digests.	run 4	proteomic profiling by mass spectrometry	TMT129C	AC=MS:1002877;NT=Q Exactive HF-X	not available	20 ppm	NT=Trypsin/P;AC=MS:1001313	NT=Carbamidomethyl;TA=C;MT=Fixed;AC=UNIMOD:4	NT=Oxidation;MT=Variable;TA=M;AC=UNIMOD:35	NT=TMTpro;AC=UNIMOD:2016;TA=K;MT=Variable	2	4	https://ftp.pride.ebi.ac.uk/pride/data/archive/2023/12/PXD040449/20201030_QExHFX1_RSLC1_Madern_Hartl_UW_MFPL__complexity_P4.raw	NT=Data-dependent acquisition;AC=PRIDE:0000627	20201030_QExHFX1_RSLC1_Madern_Hartl_UW_MFPL__complexity_P4.raw	v1.1.0	NT=ms-proteomics;VV=v1.1.0	https://www.ebi.ac.uk/pride/archive/projects/PXD040449 | https://doi.org/10.1016/j.mcpro.2023.100694	Codex-assisted curation; rechecked 2026-09-23 against the primary article, author RAW-to-experiment workbook, deposited MaxQuant summary/parameters/mzTab, author analysis code and all six native RAW method headers. The TMT126 reaction is an actual peptide-free control; unassigned 127N/127C/131N channels are omitted. Group0 contains human peptides and no yeast peptides. https://doi.org/10.1016/j.mcpro.2023.100694	NT=TMTpro;AC=UNIMOD:2016;PP=Any N-term;MT=Variable	NT=Lys-C;AC=MS:1001309	NT=Acetyl;AC=UNIMOD:1;PP=Protein N-term;MT=Variable	375m/z-1500m/z	NT=orbitrap;AC=MS:1000484	35 NCE	0.7 m/z	CT=spike-in;CN=Saccharomyces cerevisiae;CR=yeast:human=0.06
YH_Group0_rep3	Homo sapiens	not available	not available	not applicable	CT=spike-in;CN=Saccharomyces cerevisiae;CR=yeast:human=0	1	TMTpro-labeled human Jurkat E6-1 cell proteome digest without yeast peptides; human-containing zero-yeast control.	run 4	proteomic profiling by mass spectrometry	TMT130N	AC=MS:1002877;NT=Q Exactive HF-X	not available	20 ppm	NT=Trypsin/P;AC=MS:1001313	NT=Carbamidomethyl;TA=C;MT=Fixed;AC=UNIMOD:4	NT=Oxidation;MT=Variable;TA=M;AC=UNIMOD:35	NT=TMTpro;AC=UNIMOD:2016;TA=K;MT=Variable	3	4	https://ftp.pride.ebi.ac.uk/pride/data/archive/2023/12/PXD040449/20201030_QExHFX1_RSLC1_Madern_Hartl_UW_MFPL__complexity_P4.raw	NT=Data-dependent acquisition;AC=PRIDE:0000627	20201030_QExHFX1_RSLC1_Madern_Hartl_UW_MFPL__complexity_P4.raw	v1.1.0	NT=ms-proteomics;VV=v1.1.0	https://www.ebi.ac.uk/pride/archive/projects/PXD040449 | https://doi.org/10.1016/j.mcpro.2023.100694	Codex-assisted curation; rechecked 2026-09-23 against the primary article, author RAW-to-experiment workbook, deposited MaxQuant summary/parameters/mzTab, author analysis code and all six native RAW method headers. The TMT126 reaction is an actual peptide-free control; unassigned 127N/127C/131N channels are omitted. Group0 contains human peptides and no yeast peptides. https://doi.org/10.1016/j.mcpro.2023.100694	NT=TMTpro;AC=UNIMOD:2016;PP=Any N-term;MT=Variable	NT=Lys-C;AC=MS:1001309	NT=Acetyl;AC=UNIMOD:1;PP=Protein N-term;MT=Variable	375m/z-1500m/z	NT=orbitrap;AC=MS:1000484	35 NCE	0.7 m/z	CT=spike-in;CN=Saccharomyces cerevisiae;CR=yeast:human=0
YH_Group6_rep3	Homo sapiens	not available	not available	not applicable	CT=spike-in;CN=Saccharomyces cerevisiae;CR=yeast:human=0.06	1	TMTpro-labeled mixture of human Jurkat E6-1 and Saccharomyces cerevisiae W303-1A cell proteome digests.	run 4	proteomic profiling by mass spectrometry	TMT130C	AC=MS:1002877;NT=Q Exactive HF-X	not available	20 ppm	NT=Trypsin/P;AC=MS:1001313	NT=Carbamidomethyl;TA=C;MT=Fixed;AC=UNIMOD:4	NT=Oxidation;MT=Variable;TA=M;AC=UNIMOD:35	NT=TMTpro;AC=UNIMOD:2016;TA=K;MT=Variable	3	4	https://ftp.pride.ebi.ac.uk/pride/data/archive/2023/12/PXD040449/20201030_QExHFX1_RSLC1_Madern_Hartl_UW_MFPL__complexity_P4.raw	NT=Data-dependent acquisition;AC=PRIDE:0000627	20201030_QExHFX1_RSLC1_Madern_Hartl_UW_MFPL__complexity_P4.raw	v1.1.0	NT=ms-proteomics;VV=v1.1.0	https://www.ebi.ac.uk/pride/archive/projects/PXD040449 | https://doi.org/10.1016/j.mcpro.2023.100694	Codex-assisted curation; rechecked 2026-09-23 against the primary article, author RAW-to-experiment workbook, deposited MaxQuant summary/parameters/mzTab, author analysis code and all six native RAW method headers. The TMT126 reaction is an actual peptide-free control; unassigned 127N/127C/131N channels are omitted. Group0 contains human peptides and no yeast peptides. https://doi.org/10.1016/j.mcpro.2023.100694	NT=TMTpro;AC=UNIMOD:2016;PP=Any N-term;MT=Variable	NT=Lys-C;AC=MS:1001309	NT=Acetyl;AC=UNIMOD:1;PP=Protein N-term;MT=Variable	375m/z-1500m/z	NT=orbitrap;AC=MS:1000484	35 NCE	0.7 m/z	CT=spike-in;CN=Saccharomyces cerevisiae;CR=yeast:human=0.06
YH_Group9_rep1	Homo sapiens	not available	not available	not applicable	CT=spike-in;CN=Saccharomyces cerevisiae;CR=yeast:human=0.09	1	TMTpro-labeled mixture of human Jurkat E6-1 and Saccharomyces cerevisiae W303-1A cell proteome digests.	run 4	proteomic profiling by mass spectrometry	TMT131C	AC=MS:1002877;NT=Q Exactive HF-X	not available	20 ppm	NT=Trypsin/P;AC=MS:1001313	NT=Carbamidomethyl;TA=C;MT=Fixed;AC=UNIMOD:4	NT=Oxidation;MT=Variable;TA=M;AC=UNIMOD:35	NT=TMTpro;AC=UNIMOD:2016;TA=K;MT=Variable	1	4	https://ftp.pride.ebi.ac.uk/pride/data/archive/2023/12/PXD040449/20201030_QExHFX1_RSLC1_Madern_Hartl_UW_MFPL__complexity_P4.raw	NT=Data-dependent acquisition;AC=PRIDE:0000627	20201030_QExHFX1_RSLC1_Madern_Hartl_UW_MFPL__complexity_P4.raw	v1.1.0	NT=ms-proteomics;VV=v1.1.0	https://www.ebi.ac.uk/pride/archive/projects/PXD040449 | https://doi.org/10.1016/j.mcpro.2023.100694	Codex-assisted curation; rechecked 2026-09-23 against the primary article, author RAW-to-experiment workbook, deposited MaxQuant summary/parameters/mzTab, author analysis code and all six native RAW method headers. The TMT126 reaction is an actual peptide-free control; unassigned 127N/127C/131N channels are omitted. Group0 contains human peptides and no yeast peptides. https://doi.org/10.1016/j.mcpro.2023.100694	NT=TMTpro;AC=UNIMOD:2016;PP=Any N-term;MT=Variable	NT=Lys-C;AC=MS:1001309	NT=Acetyl;AC=UNIMOD:1;PP=Protein N-term;MT=Variable	375m/z-1500m/z	NT=orbitrap;AC=MS:1000484	35 NCE	0.7 m/z	CT=spike-in;CN=Saccharomyces cerevisiae;CR=yeast:human=0.09
YH_Group12_rep1	Homo sapiens	not available	not available	not applicable	CT=spike-in;CN=Saccharomyces cerevisiae;CR=yeast:human=0.12	1	TMTpro-labeled mixture of human Jurkat E6-1 and Saccharomyces cerevisiae W303-1A cell proteome digests.	run 4	proteomic profiling by mass spectrometry	TMT132N	AC=MS:1002877;NT=Q Exactive HF-X	not available	20 ppm	NT=Trypsin/P;AC=MS:1001313	NT=Carbamidomethyl;TA=C;MT=Fixed;AC=UNIMOD:4	NT=Oxidation;MT=Variable;TA=M;AC=UNIMOD:35	NT=TMTpro;AC=UNIMOD:2016;TA=K;MT=Variable	1	4	https://ftp.pride.ebi.ac.uk/pride/data/archive/2023/12/PXD040449/20201030_QExHFX1_RSLC1_Madern_Hartl_UW_MFPL__complexity_P4.raw	NT=Data-dependent acquisition;AC=PRIDE:0000627	20201030_QExHFX1_RSLC1_Madern_Hartl_UW_MFPL__complexity_P4.raw	v1.1.0	NT=ms-proteomics;VV=v1.1.0	https://www.ebi.ac.uk/pride/archive/projects/PXD040449 | https://doi.org/10.1016/j.mcpro.2023.100694	Codex-assisted curation; rechecked 2026-09-23 against the primary article, author RAW-to-experiment workbook, deposited MaxQuant summary/parameters/mzTab, author analysis code and all six native RAW method headers. The TMT126 reaction is an actual peptide-free control; unassigned 127N/127C/131N channels are omitted. Group0 contains human peptides and no yeast peptides. https://doi.org/10.1016/j.mcpro.2023.100694	NT=TMTpro;AC=UNIMOD:2016;PP=Any N-term;MT=Variable	NT=Lys-C;AC=MS:1001309	NT=Acetyl;AC=UNIMOD:1;PP=Protein N-term;MT=Variable	375m/z-1500m/z	NT=orbitrap;AC=MS:1000484	35 NCE	0.7 m/z	CT=spike-in;CN=Saccharomyces cerevisiae;CR=yeast:human=0.12
YH_Group9_rep2	Homo sapiens	not available	not available	not applicable	CT=spike-in;CN=Saccharomyces cerevisiae;CR=yeast:human=0.09	1	TMTpro-labeled mixture of human Jurkat E6-1 and Saccharomyces cerevisiae W303-1A cell proteome digests.	run 4	proteomic profiling by mass spectrometry	TMT132C	AC=MS:1002877;NT=Q Exactive HF-X	not available	20 ppm	NT=Trypsin/P;AC=MS:1001313	NT=Carbamidomethyl;TA=C;MT=Fixed;AC=UNIMOD:4	NT=Oxidation;MT=Variable;TA=M;AC=UNIMOD:35	NT=TMTpro;AC=UNIMOD:2016;TA=K;MT=Variable	2	4	https://ftp.pride.ebi.ac.uk/pride/data/archive/2023/12/PXD040449/20201030_QExHFX1_RSLC1_Madern_Hartl_UW_MFPL__complexity_P4.raw	NT=Data-dependent acquisition;AC=PRIDE:0000627	20201030_QExHFX1_RSLC1_Madern_Hartl_UW_MFPL__complexity_P4.raw	v1.1.0	NT=ms-proteomics;VV=v1.1.0	https://www.ebi.ac.uk/pride/archive/projects/PXD040449 | https://doi.org/10.1016/j.mcpro.2023.100694	Codex-assisted curation; rechecked 2026-09-23 against the primary article, author RAW-to-experiment workbook, deposited MaxQuant summary/parameters/mzTab, author analysis code and all six native RAW method headers. The TMT126 reaction is an actual peptide-free control; unassigned 127N/127C/131N channels are omitted. Group0 contains human peptides and no yeast peptides. https://doi.org/10.1016/j.mcpro.2023.100694	NT=TMTpro;AC=UNIMOD:2016;PP=Any N-term;MT=Variable	NT=Lys-C;AC=MS:1001309	NT=Acetyl;AC=UNIMOD:1;PP=Protein N-term;MT=Variable	375m/z-1500m/z	NT=orbitrap;AC=MS:1000484	35 NCE	0.7 m/z	CT=spike-in;CN=Saccharomyces cerevisiae;CR=yeast:human=0.09
YH_Group12_rep2	Homo sapiens	not available	not available	not applicable	CT=spike-in;CN=Saccharomyces cerevisiae;CR=yeast:human=0.12	1	TMTpro-labeled mixture of human Jurkat E6-1 and Saccharomyces cerevisiae W303-1A cell proteome digests.	run 4	proteomic profiling by mass spectrometry	TMT133N	AC=MS:1002877;NT=Q Exactive HF-X	not available	20 ppm	NT=Trypsin/P;AC=MS:1001313	NT=Carbamidomethyl;TA=C;MT=Fixed;AC=UNIMOD:4	NT=Oxidation;MT=Variable;TA=M;AC=UNIMOD:35	NT=TMTpro;AC=UNIMOD:2016;TA=K;MT=Variable	2	4	https://ftp.pride.ebi.ac.uk/pride/data/archive/2023/12/PXD040449/20201030_QExHFX1_RSLC1_Madern_Hartl_UW_MFPL__complexity_P4.raw	NT=Data-dependent acquisition;AC=PRIDE:0000627	20201030_QExHFX1_RSLC1_Madern_Hartl_UW_MFPL__complexity_P4.raw	v1.1.0	NT=ms-proteomics;VV=v1.1.0	https://www.ebi.ac.uk/pride/archive/projects/PXD040449 | https://doi.org/10.1016/j.mcpro.2023.100694	Codex-assisted curation; rechecked 2026-09-23 against the primary article, author RAW-to-experiment workbook, deposited MaxQuant summary/parameters/mzTab, author analysis code and all six native RAW method headers. The TMT126 reaction is an actual peptide-free control; unassigned 127N/127C/131N channels are omitted. Group0 contains human peptides and no yeast peptides. https://doi.org/10.1016/j.mcpro.2023.100694	NT=TMTpro;AC=UNIMOD:2016;PP=Any N-term;MT=Variable	NT=Lys-C;AC=MS:1001309	NT=Acetyl;AC=UNIMOD:1;PP=Protein N-term;MT=Variable	375m/z-1500m/z	NT=orbitrap;AC=MS:1000484	35 NCE	0.7 m/z	CT=spike-in;CN=Saccharomyces cerevisiae;CR=yeast:human=0.12
YH_Group9_rep3	Homo sapiens	not available	not available	not applicable	CT=spike-in;CN=Saccharomyces cerevisiae;CR=yeast:human=0.09	1	TMTpro-labeled mixture of human Jurkat E6-1 and Saccharomyces cerevisiae W303-1A cell proteome digests.	run 4	proteomic profiling by mass spectrometry	TMT133C	AC=MS:1002877;NT=Q Exactive HF-X	not available	20 ppm	NT=Trypsin/P;AC=MS:1001313	NT=Carbamidomethyl;TA=C;MT=Fixed;AC=UNIMOD:4	NT=Oxidation;MT=Variable;TA=M;AC=UNIMOD:35	NT=TMTpro;AC=UNIMOD:2016;TA=K;MT=Variable	3	4	https://ftp.pride.ebi.ac.uk/pride/data/archive/2023/12/PXD040449/20201030_QExHFX1_RSLC1_Madern_Hartl_UW_MFPL__complexity_P4.raw	NT=Data-dependent acquisition;AC=PRIDE:0000627	20201030_QExHFX1_RSLC1_Madern_Hartl_UW_MFPL__complexity_P4.raw	v1.1.0	NT=ms-proteomics;VV=v1.1.0	https://www.ebi.ac.uk/pride/archive/projects/PXD040449 | https://doi.org/10.1016/j.mcpro.2023.100694	Codex-assisted curation; rechecked 2026-09-23 against the primary article, author RAW-to-experiment workbook, deposited MaxQuant summary/parameters/mzTab, author analysis code and all six native RAW method headers. The TMT126 reaction is an actual peptide-free control; unassigned 127N/127C/131N channels are omitted. Group0 contains human peptides and no yeast peptides. https://doi.org/10.1016/j.mcpro.2023.100694	NT=TMTpro;AC=UNIMOD:2016;PP=Any N-term;MT=Variable	NT=Lys-C;AC=MS:1001309	NT=Acetyl;AC=UNIMOD:1;PP=Protein N-term;MT=Variable	375m/z-1500m/z	NT=orbitrap;AC=MS:1000484	35 NCE	0.7 m/z	CT=spike-in;CN=Saccharomyces cerevisiae;CR=yeast:human=0.09
YH_Group12_rep3	Homo sapiens	not available	not available	not applicable	CT=spike-in;CN=Saccharomyces cerevisiae;CR=yeast:human=0.12	1	TMTpro-labeled mixture of human Jurkat E6-1 and Saccharomyces cerevisiae W303-1A cell proteome digests.	run 4	proteomic profiling by mass spectrometry	TMT134N	AC=MS:1002877;NT=Q Exactive HF-X	not available	20 ppm	NT=Trypsin/P;AC=MS:1001313	NT=Carbamidomethyl;TA=C;MT=Fixed;AC=UNIMOD:4	NT=Oxidation;MT=Variable;TA=M;AC=UNIMOD:35	NT=TMTpro;AC=UNIMOD:2016;TA=K;MT=Variable	3	4	https://ftp.pride.ebi.ac.uk/pride/data/archive/2023/12/PXD040449/20201030_QExHFX1_RSLC1_Madern_Hartl_UW_MFPL__complexity_P4.raw	NT=Data-dependent acquisition;AC=PRIDE:0000627	20201030_QExHFX1_RSLC1_Madern_Hartl_UW_MFPL__complexity_P4.raw	v1.1.0	NT=ms-proteomics;VV=v1.1.0	https://www.ebi.ac.uk/pride/archive/projects/PXD040449 | https://doi.org/10.1016/j.mcpro.2023.100694	Codex-assisted curation; rechecked 2026-09-23 against the primary article, author RAW-to-experiment workbook, deposited MaxQuant summary/parameters/mzTab, author analysis code and all six native RAW method headers. The TMT126 reaction is an actual peptide-free control; unassigned 127N/127C/131N channels are omitted. Group0 contains human peptides and no yeast peptides. https://doi.org/10.1016/j.mcpro.2023.100694	NT=TMTpro;AC=UNIMOD:2016;PP=Any N-term;MT=Variable	NT=Lys-C;AC=MS:1001309	NT=Acetyl;AC=UNIMOD:1;PP=Protein N-term;MT=Variable	375m/z-1500m/z	NT=orbitrap;AC=MS:1000484	35 NCE	0.7 m/z	CT=spike-in;CN=Saccharomyces cerevisiae;CR=yeast:human=0.12
PXD040449_reagent_blank	not applicable	not available	not available	not applicable	not applicable	1	Peptide-free TMTpro reagent control prepared in parallel; reporter 126C in the publication (TMT126 in this SDRF).	run 5	proteomic profiling by mass spectrometry	TMT126	AC=MS:1002877;NT=Q Exactive HF-X	not available	20 ppm	NT=Trypsin/P;AC=MS:1001313	NT=Carbamidomethyl;TA=C;MT=Fixed;AC=UNIMOD:4	NT=Oxidation;MT=Variable;TA=M;AC=UNIMOD:35	NT=TMTpro;AC=UNIMOD:2016;TA=K;MT=Variable	1	5	https://ftp.pride.ebi.ac.uk/pride/data/archive/2023/12/PXD040449/20201030_QExHFX1_RSLC1_Madern_Hartl_UW_MFPL__complexity_P5.raw	NT=Data-dependent acquisition;AC=PRIDE:0000627	20201030_QExHFX1_RSLC1_Madern_Hartl_UW_MFPL__complexity_P5.raw	v1.1.0	NT=ms-proteomics;VV=v1.1.0	https://www.ebi.ac.uk/pride/archive/projects/PXD040449 | https://doi.org/10.1016/j.mcpro.2023.100694	Codex-assisted curation; rechecked 2026-09-23 against the primary article, author RAW-to-experiment workbook, deposited MaxQuant summary/parameters/mzTab, author analysis code and all six native RAW method headers. The TMT126 reaction is an actual peptide-free control; unassigned 127N/127C/131N channels are omitted. Group0 contains human peptides and no yeast peptides. https://doi.org/10.1016/j.mcpro.2023.100694	NT=TMTpro;AC=UNIMOD:2016;PP=Any N-term;MT=Variable	NT=Lys-C;AC=MS:1001309	NT=Acetyl;AC=UNIMOD:1;PP=Protein N-term;MT=Variable	375m/z-1500m/z	NT=orbitrap;AC=MS:1000484	35 NCE	0.7 m/z	not applicable
YH_Group0_rep1	Homo sapiens	not available	not available	not applicable	CT=spike-in;CN=Saccharomyces cerevisiae;CR=yeast:human=0	1	TMTpro-labeled human Jurkat E6-1 cell proteome digest without yeast peptides; human-containing zero-yeast control.	run 5	proteomic profiling by mass spectrometry	TMT128N	AC=MS:1002877;NT=Q Exactive HF-X	not available	20 ppm	NT=Trypsin/P;AC=MS:1001313	NT=Carbamidomethyl;TA=C;MT=Fixed;AC=UNIMOD:4	NT=Oxidation;MT=Variable;TA=M;AC=UNIMOD:35	NT=TMTpro;AC=UNIMOD:2016;TA=K;MT=Variable	1	5	https://ftp.pride.ebi.ac.uk/pride/data/archive/2023/12/PXD040449/20201030_QExHFX1_RSLC1_Madern_Hartl_UW_MFPL__complexity_P5.raw	NT=Data-dependent acquisition;AC=PRIDE:0000627	20201030_QExHFX1_RSLC1_Madern_Hartl_UW_MFPL__complexity_P5.raw	v1.1.0	NT=ms-proteomics;VV=v1.1.0	https://www.ebi.ac.uk/pride/archive/projects/PXD040449 | https://doi.org/10.1016/j.mcpro.2023.100694	Codex-assisted curation; rechecked 2026-09-23 against the primary article, author RAW-to-experiment workbook, deposited MaxQuant summary/parameters/mzTab, author analysis code and all six native RAW method headers. The TMT126 reaction is an actual peptide-free control; unassigned 127N/127C/131N channels are omitted. Group0 contains human peptides and no yeast peptides. https://doi.org/10.1016/j.mcpro.2023.100694	NT=TMTpro;AC=UNIMOD:2016;PP=Any N-term;MT=Variable	NT=Lys-C;AC=MS:1001309	NT=Acetyl;AC=UNIMOD:1;PP=Protein N-term;MT=Variable	375m/z-1500m/z	NT=orbitrap;AC=MS:1000484	35 NCE	0.7 m/z	CT=spike-in;CN=Saccharomyces cerevisiae;CR=yeast:human=0
YH_Group6_rep1	Homo sapiens	not available	not available	not applicable	CT=spike-in;CN=Saccharomyces cerevisiae;CR=yeast:human=0.06	1	TMTpro-labeled mixture of human Jurkat E6-1 and Saccharomyces cerevisiae W303-1A cell proteome digests.	run 5	proteomic profiling by mass spectrometry	TMT128C	AC=MS:1002877;NT=Q Exactive HF-X	not available	20 ppm	NT=Trypsin/P;AC=MS:1001313	NT=Carbamidomethyl;TA=C;MT=Fixed;AC=UNIMOD:4	NT=Oxidation;MT=Variable;TA=M;AC=UNIMOD:35	NT=TMTpro;AC=UNIMOD:2016;TA=K;MT=Variable	1	5	https://ftp.pride.ebi.ac.uk/pride/data/archive/2023/12/PXD040449/20201030_QExHFX1_RSLC1_Madern_Hartl_UW_MFPL__complexity_P5.raw	NT=Data-dependent acquisition;AC=PRIDE:0000627	20201030_QExHFX1_RSLC1_Madern_Hartl_UW_MFPL__complexity_P5.raw	v1.1.0	NT=ms-proteomics;VV=v1.1.0	https://www.ebi.ac.uk/pride/archive/projects/PXD040449 | https://doi.org/10.1016/j.mcpro.2023.100694	Codex-assisted curation; rechecked 2026-09-23 against the primary article, author RAW-to-experiment workbook, deposited MaxQuant summary/parameters/mzTab, author analysis code and all six native RAW method headers. The TMT126 reaction is an actual peptide-free control; unassigned 127N/127C/131N channels are omitted. Group0 contains human peptides and no yeast peptides. https://doi.org/10.1016/j.mcpro.2023.100694	NT=TMTpro;AC=UNIMOD:2016;PP=Any N-term;MT=Variable	NT=Lys-C;AC=MS:1001309	NT=Acetyl;AC=UNIMOD:1;PP=Protein N-term;MT=Variable	375m/z-1500m/z	NT=orbitrap;AC=MS:1000484	35 NCE	0.7 m/z	CT=spike-in;CN=Saccharomyces cerevisiae;CR=yeast:human=0.06
YH_Group0_rep2	Homo sapiens	not available	not available	not applicable	CT=spike-in;CN=Saccharomyces cerevisiae;CR=yeast:human=0	1	TMTpro-labeled human Jurkat E6-1 cell proteome digest without yeast peptides; human-containing zero-yeast control.	run 5	proteomic profiling by mass spectrometry	TMT129N	AC=MS:1002877;NT=Q Exactive HF-X	not available	20 ppm	NT=Trypsin/P;AC=MS:1001313	NT=Carbamidomethyl;TA=C;MT=Fixed;AC=UNIMOD:4	NT=Oxidation;MT=Variable;TA=M;AC=UNIMOD:35	NT=TMTpro;AC=UNIMOD:2016;TA=K;MT=Variable	2	5	https://ftp.pride.ebi.ac.uk/pride/data/archive/2023/12/PXD040449/20201030_QExHFX1_RSLC1_Madern_Hartl_UW_MFPL__complexity_P5.raw	NT=Data-dependent acquisition;AC=PRIDE:0000627	20201030_QExHFX1_RSLC1_Madern_Hartl_UW_MFPL__complexity_P5.raw	v1.1.0	NT=ms-proteomics;VV=v1.1.0	https://www.ebi.ac.uk/pride/archive/projects/PXD040449 | https://doi.org/10.1016/j.mcpro.2023.100694	Codex-assisted curation; rechecked 2026-09-23 against the primary article, author RAW-to-experiment workbook, deposited MaxQuant summary/parameters/mzTab, author analysis code and all six native RAW method headers. The TMT126 reaction is an actual peptide-free control; unassigned 127N/127C/131N channels are omitted. Group0 contains human peptides and no yeast peptides. https://doi.org/10.1016/j.mcpro.2023.100694	NT=TMTpro;AC=UNIMOD:2016;PP=Any N-term;MT=Variable	NT=Lys-C;AC=MS:1001309	NT=Acetyl;AC=UNIMOD:1;PP=Protein N-term;MT=Variable	375m/z-1500m/z	NT=orbitrap;AC=MS:1000484	35 NCE	0.7 m/z	CT=spike-in;CN=Saccharomyces cerevisiae;CR=yeast:human=0
YH_Group6_rep2	Homo sapiens	not available	not available	not applicable	CT=spike-in;CN=Saccharomyces cerevisiae;CR=yeast:human=0.06	1	TMTpro-labeled mixture of human Jurkat E6-1 and Saccharomyces cerevisiae W303-1A cell proteome digests.	run 5	proteomic profiling by mass spectrometry	TMT129C	AC=MS:1002877;NT=Q Exactive HF-X	not available	20 ppm	NT=Trypsin/P;AC=MS:1001313	NT=Carbamidomethyl;TA=C;MT=Fixed;AC=UNIMOD:4	NT=Oxidation;MT=Variable;TA=M;AC=UNIMOD:35	NT=TMTpro;AC=UNIMOD:2016;TA=K;MT=Variable	2	5	https://ftp.pride.ebi.ac.uk/pride/data/archive/2023/12/PXD040449/20201030_QExHFX1_RSLC1_Madern_Hartl_UW_MFPL__complexity_P5.raw	NT=Data-dependent acquisition;AC=PRIDE:0000627	20201030_QExHFX1_RSLC1_Madern_Hartl_UW_MFPL__complexity_P5.raw	v1.1.0	NT=ms-proteomics;VV=v1.1.0	https://www.ebi.ac.uk/pride/archive/projects/PXD040449 | https://doi.org/10.1016/j.mcpro.2023.100694	Codex-assisted curation; rechecked 2026-09-23 against the primary article, author RAW-to-experiment workbook, deposited MaxQuant summary/parameters/mzTab, author analysis code and all six native RAW method headers. The TMT126 reaction is an actual peptide-free control; unassigned 127N/127C/131N channels are omitted. Group0 contains human peptides and no yeast peptides. https://doi.org/10.1016/j.mcpro.2023.100694	NT=TMTpro;AC=UNIMOD:2016;PP=Any N-term;MT=Variable	NT=Lys-C;AC=MS:1001309	NT=Acetyl;AC=UNIMOD:1;PP=Protein N-term;MT=Variable	375m/z-1500m/z	NT=orbitrap;AC=MS:1000484	35 NCE	0.7 m/z	CT=spike-in;CN=Saccharomyces cerevisiae;CR=yeast:human=0.06
YH_Group0_rep3	Homo sapiens	not available	not available	not applicable	CT=spike-in;CN=Saccharomyces cerevisiae;CR=yeast:human=0	1	TMTpro-labeled human Jurkat E6-1 cell proteome digest without yeast peptides; human-containing zero-yeast control.	run 5	proteomic profiling by mass spectrometry	TMT130N	AC=MS:1002877;NT=Q Exactive HF-X	not available	20 ppm	NT=Trypsin/P;AC=MS:1001313	NT=Carbamidomethyl;TA=C;MT=Fixed;AC=UNIMOD:4	NT=Oxidation;MT=Variable;TA=M;AC=UNIMOD:35	NT=TMTpro;AC=UNIMOD:2016;TA=K;MT=Variable	3	5	https://ftp.pride.ebi.ac.uk/pride/data/archive/2023/12/PXD040449/20201030_QExHFX1_RSLC1_Madern_Hartl_UW_MFPL__complexity_P5.raw	NT=Data-dependent acquisition;AC=PRIDE:0000627	20201030_QExHFX1_RSLC1_Madern_Hartl_UW_MFPL__complexity_P5.raw	v1.1.0	NT=ms-proteomics;VV=v1.1.0	https://www.ebi.ac.uk/pride/archive/projects/PXD040449 | https://doi.org/10.1016/j.mcpro.2023.100694	Codex-assisted curation; rechecked 2026-09-23 against the primary article, author RAW-to-experiment workbook, deposited MaxQuant summary/parameters/mzTab, author analysis code and all six native RAW method headers. The TMT126 reaction is an actual peptide-free control; unassigned 127N/127C/131N channels are omitted. Group0 contains human peptides and no yeast peptides. https://doi.org/10.1016/j.mcpro.2023.100694	NT=TMTpro;AC=UNIMOD:2016;PP=Any N-term;MT=Variable	NT=Lys-C;AC=MS:1001309	NT=Acetyl;AC=UNIMOD:1;PP=Protein N-term;MT=Variable	375m/z-1500m/z	NT=orbitrap;AC=MS:1000484	35 NCE	0.7 m/z	CT=spike-in;CN=Saccharomyces cerevisiae;CR=yeast:human=0
YH_Group6_rep3	Homo sapiens	not available	not available	not applicable	CT=spike-in;CN=Saccharomyces cerevisiae;CR=yeast:human=0.06	1	TMTpro-labeled mixture of human Jurkat E6-1 and Saccharomyces cerevisiae W303-1A cell proteome digests.	run 5	proteomic profiling by mass spectrometry	TMT130C	AC=MS:1002877;NT=Q Exactive HF-X	not available	20 ppm	NT=Trypsin/P;AC=MS:1001313	NT=Carbamidomethyl;TA=C;MT=Fixed;AC=UNIMOD:4	NT=Oxidation;MT=Variable;TA=M;AC=UNIMOD:35	NT=TMTpro;AC=UNIMOD:2016;TA=K;MT=Variable	3	5	https://ftp.pride.ebi.ac.uk/pride/data/archive/2023/12/PXD040449/20201030_QExHFX1_RSLC1_Madern_Hartl_UW_MFPL__complexity_P5.raw	NT=Data-dependent acquisition;AC=PRIDE:0000627	20201030_QExHFX1_RSLC1_Madern_Hartl_UW_MFPL__complexity_P5.raw	v1.1.0	NT=ms-proteomics;VV=v1.1.0	https://www.ebi.ac.uk/pride/archive/projects/PXD040449 | https://doi.org/10.1016/j.mcpro.2023.100694	Codex-assisted curation; rechecked 2026-09-23 against the primary article, author RAW-to-experiment workbook, deposited MaxQuant summary/parameters/mzTab, author analysis code and all six native RAW method headers. The TMT126 reaction is an actual peptide-free control; unassigned 127N/127C/131N channels are omitted. Group0 contains human peptides and no yeast peptides. https://doi.org/10.1016/j.mcpro.2023.100694	NT=TMTpro;AC=UNIMOD:2016;PP=Any N-term;MT=Variable	NT=Lys-C;AC=MS:1001309	NT=Acetyl;AC=UNIMOD:1;PP=Protein N-term;MT=Variable	375m/z-1500m/z	NT=orbitrap;AC=MS:1000484	35 NCE	0.7 m/z	CT=spike-in;CN=Saccharomyces cerevisiae;CR=yeast:human=0.06
YH_Group9_rep1	Homo sapiens	not available	not available	not applicable	CT=spike-in;CN=Saccharomyces cerevisiae;CR=yeast:human=0.09	1	TMTpro-labeled mixture of human Jurkat E6-1 and Saccharomyces cerevisiae W303-1A cell proteome digests.	run 5	proteomic profiling by mass spectrometry	TMT131C	AC=MS:1002877;NT=Q Exactive HF-X	not available	20 ppm	NT=Trypsin/P;AC=MS:1001313	NT=Carbamidomethyl;TA=C;MT=Fixed;AC=UNIMOD:4	NT=Oxidation;MT=Variable;TA=M;AC=UNIMOD:35	NT=TMTpro;AC=UNIMOD:2016;TA=K;MT=Variable	1	5	https://ftp.pride.ebi.ac.uk/pride/data/archive/2023/12/PXD040449/20201030_QExHFX1_RSLC1_Madern_Hartl_UW_MFPL__complexity_P5.raw	NT=Data-dependent acquisition;AC=PRIDE:0000627	20201030_QExHFX1_RSLC1_Madern_Hartl_UW_MFPL__complexity_P5.raw	v1.1.0	NT=ms-proteomics;VV=v1.1.0	https://www.ebi.ac.uk/pride/archive/projects/PXD040449 | https://doi.org/10.1016/j.mcpro.2023.100694	Codex-assisted curation; rechecked 2026-09-23 against the primary article, author RAW-to-experiment workbook, deposited MaxQuant summary/parameters/mzTab, author analysis code and all six native RAW method headers. The TMT126 reaction is an actual peptide-free control; unassigned 127N/127C/131N channels are omitted. Group0 contains human peptides and no yeast peptides. https://doi.org/10.1016/j.mcpro.2023.100694	NT=TMTpro;AC=UNIMOD:2016;PP=Any N-term;MT=Variable	NT=Lys-C;AC=MS:1001309	NT=Acetyl;AC=UNIMOD:1;PP=Protein N-term;MT=Variable	375m/z-1500m/z	NT=orbitrap;AC=MS:1000484	35 NCE	0.7 m/z	CT=spike-in;CN=Saccharomyces cerevisiae;CR=yeast:human=0.09
YH_Group12_rep1	Homo sapiens	not available	not available	not applicable	CT=spike-in;CN=Saccharomyces cerevisiae;CR=yeast:human=0.12	1	TMTpro-labeled mixture of human Jurkat E6-1 and Saccharomyces cerevisiae W303-1A cell proteome digests.	run 5	proteomic profiling by mass spectrometry	TMT132N	AC=MS:1002877;NT=Q Exactive HF-X	not available	20 ppm	NT=Trypsin/P;AC=MS:1001313	NT=Carbamidomethyl;TA=C;MT=Fixed;AC=UNIMOD:4	NT=Oxidation;MT=Variable;TA=M;AC=UNIMOD:35	NT=TMTpro;AC=UNIMOD:2016;TA=K;MT=Variable	1	5	https://ftp.pride.ebi.ac.uk/pride/data/archive/2023/12/PXD040449/20201030_QExHFX1_RSLC1_Madern_Hartl_UW_MFPL__complexity_P5.raw	NT=Data-dependent acquisition;AC=PRIDE:0000627	20201030_QExHFX1_RSLC1_Madern_Hartl_UW_MFPL__complexity_P5.raw	v1.1.0	NT=ms-proteomics;VV=v1.1.0	https://www.ebi.ac.uk/pride/archive/projects/PXD040449 | https://doi.org/10.1016/j.mcpro.2023.100694	Codex-assisted curation; rechecked 2026-09-23 against the primary article, author RAW-to-experiment workbook, deposited MaxQuant summary/parameters/mzTab, author analysis code and all six native RAW method headers. The TMT126 reaction is an actual peptide-free control; unassigned 127N/127C/131N channels are omitted. Group0 contains human peptides and no yeast peptides. https://doi.org/10.1016/j.mcpro.2023.100694	NT=TMTpro;AC=UNIMOD:2016;PP=Any N-term;MT=Variable	NT=Lys-C;AC=MS:1001309	NT=Acetyl;AC=UNIMOD:1;PP=Protein N-term;MT=Variable	375m/z-1500m/z	NT=orbitrap;AC=MS:1000484	35 NCE	0.7 m/z	CT=spike-in;CN=Saccharomyces cerevisiae;CR=yeast:human=0.12
YH_Group9_rep2	Homo sapiens	not available	not available	not applicable	CT=spike-in;CN=Saccharomyces cerevisiae;CR=yeast:human=0.09	1	TMTpro-labeled mixture of human Jurkat E6-1 and Saccharomyces cerevisiae W303-1A cell proteome digests.	run 5	proteomic profiling by mass spectrometry	TMT132C	AC=MS:1002877;NT=Q Exactive HF-X	not available	20 ppm	NT=Trypsin/P;AC=MS:1001313	NT=Carbamidomethyl;TA=C;MT=Fixed;AC=UNIMOD:4	NT=Oxidation;MT=Variable;TA=M;AC=UNIMOD:35	NT=TMTpro;AC=UNIMOD:2016;TA=K;MT=Variable	2	5	https://ftp.pride.ebi.ac.uk/pride/data/archive/2023/12/PXD040449/20201030_QExHFX1_RSLC1_Madern_Hartl_UW_MFPL__complexity_P5.raw	NT=Data-dependent acquisition;AC=PRIDE:0000627	20201030_QExHFX1_RSLC1_Madern_Hartl_UW_MFPL__complexity_P5.raw	v1.1.0	NT=ms-proteomics;VV=v1.1.0	https://www.ebi.ac.uk/pride/archive/projects/PXD040449 | https://doi.org/10.1016/j.mcpro.2023.100694	Codex-assisted curation; rechecked 2026-09-23 against the primary article, author RAW-to-experiment workbook, deposited MaxQuant summary/parameters/mzTab, author analysis code and all six native RAW method headers. The TMT126 reaction is an actual peptide-free control; unassigned 127N/127C/131N channels are omitted. Group0 contains human peptides and no yeast peptides. https://doi.org/10.1016/j.mcpro.2023.100694	NT=TMTpro;AC=UNIMOD:2016;PP=Any N-term;MT=Variable	NT=Lys-C;AC=MS:1001309	NT=Acetyl;AC=UNIMOD:1;PP=Protein N-term;MT=Variable	375m/z-1500m/z	NT=orbitrap;AC=MS:1000484	35 NCE	0.7 m/z	CT=spike-in;CN=Saccharomyces cerevisiae;CR=yeast:human=0.09
YH_Group12_rep2	Homo sapiens	not available	not available	not applicable	CT=spike-in;CN=Saccharomyces cerevisiae;CR=yeast:human=0.12	1	TMTpro-labeled mixture of human Jurkat E6-1 and Saccharomyces cerevisiae W303-1A cell proteome digests.	run 5	proteomic profiling by mass spectrometry	TMT133N	AC=MS:1002877;NT=Q Exactive HF-X	not available	20 ppm	NT=Trypsin/P;AC=MS:1001313	NT=Carbamidomethyl;TA=C;MT=Fixed;AC=UNIMOD:4	NT=Oxidation;MT=Variable;TA=M;AC=UNIMOD:35	NT=TMTpro;AC=UNIMOD:2016;TA=K;MT=Variable	2	5	https://ftp.pride.ebi.ac.uk/pride/data/archive/2023/12/PXD040449/20201030_QExHFX1_RSLC1_Madern_Hartl_UW_MFPL__complexity_P5.raw	NT=Data-dependent acquisition;AC=PRIDE:0000627	20201030_QExHFX1_RSLC1_Madern_Hartl_UW_MFPL__complexity_P5.raw	v1.1.0	NT=ms-proteomics;VV=v1.1.0	https://www.ebi.ac.uk/pride/archive/projects/PXD040449 | https://doi.org/10.1016/j.mcpro.2023.100694	Codex-assisted curation; rechecked 2026-09-23 against the primary article, author RAW-to-experiment workbook, deposited MaxQuant summary/parameters/mzTab, author analysis code and all six native RAW method headers. The TMT126 reaction is an actual peptide-free control; unassigned 127N/127C/131N channels are omitted. Group0 contains human peptides and no yeast peptides. https://doi.org/10.1016/j.mcpro.2023.100694	NT=TMTpro;AC=UNIMOD:2016;PP=Any N-term;MT=Variable	NT=Lys-C;AC=MS:1001309	NT=Acetyl;AC=UNIMOD:1;PP=Protein N-term;MT=Variable	375m/z-1500m/z	NT=orbitrap;AC=MS:1000484	35 NCE	0.7 m/z	CT=spike-in;CN=Saccharomyces cerevisiae;CR=yeast:human=0.12
YH_Group9_rep3	Homo sapiens	not available	not available	not applicable	CT=spike-in;CN=Saccharomyces cerevisiae;CR=yeast:human=0.09	1	TMTpro-labeled mixture of human Jurkat E6-1 and Saccharomyces cerevisiae W303-1A cell proteome digests.	run 5	proteomic profiling by mass spectrometry	TMT133C	AC=MS:1002877;NT=Q Exactive HF-X	not available	20 ppm	NT=Trypsin/P;AC=MS:1001313	NT=Carbamidomethyl;TA=C;MT=Fixed;AC=UNIMOD:4	NT=Oxidation;MT=Variable;TA=M;AC=UNIMOD:35	NT=TMTpro;AC=UNIMOD:2016;TA=K;MT=Variable	3	5	https://ftp.pride.ebi.ac.uk/pride/data/archive/2023/12/PXD040449/20201030_QExHFX1_RSLC1_Madern_Hartl_UW_MFPL__complexity_P5.raw	NT=Data-dependent acquisition;AC=PRIDE:0000627	20201030_QExHFX1_RSLC1_Madern_Hartl_UW_MFPL__complexity_P5.raw	v1.1.0	NT=ms-proteomics;VV=v1.1.0	https://www.ebi.ac.uk/pride/archive/projects/PXD040449 | https://doi.org/10.1016/j.mcpro.2023.100694	Codex-assisted curation; rechecked 2026-09-23 against the primary article, author RAW-to-experiment workbook, deposited MaxQuant summary/parameters/mzTab, author analysis code and all six native RAW method headers. The TMT126 reaction is an actual peptide-free control; unassigned 127N/127C/131N channels are omitted. Group0 contains human peptides and no yeast peptides. https://doi.org/10.1016/j.mcpro.2023.100694	NT=TMTpro;AC=UNIMOD:2016;PP=Any N-term;MT=Variable	NT=Lys-C;AC=MS:1001309	NT=Acetyl;AC=UNIMOD:1;PP=Protein N-term;MT=Variable	375m/z-1500m/z	NT=orbitrap;AC=MS:1000484	35 NCE	0.7 m/z	CT=spike-in;CN=Saccharomyces cerevisiae;CR=yeast:human=0.09
YH_Group12_rep3	Homo sapiens	not available	not available	not applicable	CT=spike-in;CN=Saccharomyces cerevisiae;CR=yeast:human=0.12	1	TMTpro-labeled mixture of human Jurkat E6-1 and Saccharomyces cerevisiae W303-1A cell proteome digests.	run 5	proteomic profiling by mass spectrometry	TMT134N	AC=MS:1002877;NT=Q Exactive HF-X	not available	20 ppm	NT=Trypsin/P;AC=MS:1001313	NT=Carbamidomethyl;TA=C;MT=Fixed;AC=UNIMOD:4	NT=Oxidation;MT=Variable;TA=M;AC=UNIMOD:35	NT=TMTpro;AC=UNIMOD:2016;TA=K;MT=Variable	3	5	https://ftp.pride.ebi.ac.uk/pride/data/archive/2023/12/PXD040449/20201030_QExHFX1_RSLC1_Madern_Hartl_UW_MFPL__complexity_P5.raw	NT=Data-dependent acquisition;AC=PRIDE:0000627	20201030_QExHFX1_RSLC1_Madern_Hartl_UW_MFPL__complexity_P5.raw	v1.1.0	NT=ms-proteomics;VV=v1.1.0	https://www.ebi.ac.uk/pride/archive/projects/PXD040449 | https://doi.org/10.1016/j.mcpro.2023.100694	Codex-assisted curation; rechecked 2026-09-23 against the primary article, author RAW-to-experiment workbook, deposited MaxQuant summary/parameters/mzTab, author analysis code and all six native RAW method headers. The TMT126 reaction is an actual peptide-free control; unassigned 127N/127C/131N channels are omitted. Group0 contains human peptides and no yeast peptides. https://doi.org/10.1016/j.mcpro.2023.100694	NT=TMTpro;AC=UNIMOD:2016;PP=Any N-term;MT=Variable	NT=Lys-C;AC=MS:1001309	NT=Acetyl;AC=UNIMOD:1;PP=Protein N-term;MT=Variable	375m/z-1500m/z	NT=orbitrap;AC=MS:1000484	35 NCE	0.7 m/z	CT=spike-in;CN=Saccharomyces cerevisiae;CR=yeast:human=0.12
PXD040449_reagent_blank	not applicable	not available	not available	not applicable	not applicable	1	Peptide-free TMTpro reagent control prepared in parallel; reporter 126C in the publication (TMT126 in this SDRF).	run 6	proteomic profiling by mass spectrometry	TMT126	AC=MS:1002877;NT=Q Exactive HF-X	not available	20 ppm	NT=Trypsin/P;AC=MS:1001313	NT=Carbamidomethyl;TA=C;MT=Fixed;AC=UNIMOD:4	NT=Oxidation;MT=Variable;TA=M;AC=UNIMOD:35	NT=TMTpro;AC=UNIMOD:2016;TA=K;MT=Variable	1	6	https://ftp.pride.ebi.ac.uk/pride/data/archive/2023/12/PXD040449/20201030_QExHFX1_RSLC1_Madern_Hartl_UW_MFPL__complexity_P6.raw	NT=Data-dependent acquisition;AC=PRIDE:0000627	20201030_QExHFX1_RSLC1_Madern_Hartl_UW_MFPL__complexity_P6.raw	v1.1.0	NT=ms-proteomics;VV=v1.1.0	https://www.ebi.ac.uk/pride/archive/projects/PXD040449 | https://doi.org/10.1016/j.mcpro.2023.100694	Codex-assisted curation; rechecked 2026-09-23 against the primary article, author RAW-to-experiment workbook, deposited MaxQuant summary/parameters/mzTab, author analysis code and all six native RAW method headers. The TMT126 reaction is an actual peptide-free control; unassigned 127N/127C/131N channels are omitted. Group0 contains human peptides and no yeast peptides. https://doi.org/10.1016/j.mcpro.2023.100694	NT=TMTpro;AC=UNIMOD:2016;PP=Any N-term;MT=Variable	NT=Lys-C;AC=MS:1001309	NT=Acetyl;AC=UNIMOD:1;PP=Protein N-term;MT=Variable	375m/z-1500m/z	NT=orbitrap;AC=MS:1000484	35 NCE	0.7 m/z	not applicable
YH_Group0_rep1	Homo sapiens	not available	not available	not applicable	CT=spike-in;CN=Saccharomyces cerevisiae;CR=yeast:human=0	1	TMTpro-labeled human Jurkat E6-1 cell proteome digest without yeast peptides; human-containing zero-yeast control.	run 6	proteomic profiling by mass spectrometry	TMT128N	AC=MS:1002877;NT=Q Exactive HF-X	not available	20 ppm	NT=Trypsin/P;AC=MS:1001313	NT=Carbamidomethyl;TA=C;MT=Fixed;AC=UNIMOD:4	NT=Oxidation;MT=Variable;TA=M;AC=UNIMOD:35	NT=TMTpro;AC=UNIMOD:2016;TA=K;MT=Variable	1	6	https://ftp.pride.ebi.ac.uk/pride/data/archive/2023/12/PXD040449/20201030_QExHFX1_RSLC1_Madern_Hartl_UW_MFPL__complexity_P6.raw	NT=Data-dependent acquisition;AC=PRIDE:0000627	20201030_QExHFX1_RSLC1_Madern_Hartl_UW_MFPL__complexity_P6.raw	v1.1.0	NT=ms-proteomics;VV=v1.1.0	https://www.ebi.ac.uk/pride/archive/projects/PXD040449 | https://doi.org/10.1016/j.mcpro.2023.100694	Codex-assisted curation; rechecked 2026-09-23 against the primary article, author RAW-to-experiment workbook, deposited MaxQuant summary/parameters/mzTab, author analysis code and all six native RAW method headers. The TMT126 reaction is an actual peptide-free control; unassigned 127N/127C/131N channels are omitted. Group0 contains human peptides and no yeast peptides. https://doi.org/10.1016/j.mcpro.2023.100694	NT=TMTpro;AC=UNIMOD:2016;PP=Any N-term;MT=Variable	NT=Lys-C;AC=MS:1001309	NT=Acetyl;AC=UNIMOD:1;PP=Protein N-term;MT=Variable	375m/z-1500m/z	NT=orbitrap;AC=MS:1000484	35 NCE	0.7 m/z	CT=spike-in;CN=Saccharomyces cerevisiae;CR=yeast:human=0
YH_Group6_rep1	Homo sapiens	not available	not available	not applicable	CT=spike-in;CN=Saccharomyces cerevisiae;CR=yeast:human=0.06	1	TMTpro-labeled mixture of human Jurkat E6-1 and Saccharomyces cerevisiae W303-1A cell proteome digests.	run 6	proteomic profiling by mass spectrometry	TMT128C	AC=MS:1002877;NT=Q Exactive HF-X	not available	20 ppm	NT=Trypsin/P;AC=MS:1001313	NT=Carbamidomethyl;TA=C;MT=Fixed;AC=UNIMOD:4	NT=Oxidation;MT=Variable;TA=M;AC=UNIMOD:35	NT=TMTpro;AC=UNIMOD:2016;TA=K;MT=Variable	1	6	https://ftp.pride.ebi.ac.uk/pride/data/archive/2023/12/PXD040449/20201030_QExHFX1_RSLC1_Madern_Hartl_UW_MFPL__complexity_P6.raw	NT=Data-dependent acquisition;AC=PRIDE:0000627	20201030_QExHFX1_RSLC1_Madern_Hartl_UW_MFPL__complexity_P6.raw	v1.1.0	NT=ms-proteomics;VV=v1.1.0	https://www.ebi.ac.uk/pride/archive/projects/PXD040449 | https://doi.org/10.1016/j.mcpro.2023.100694	Codex-assisted curation; rechecked 2026-09-23 against the primary article, author RAW-to-experiment workbook, deposited MaxQuant summary/parameters/mzTab, author analysis code and all six native RAW method headers. The TMT126 reaction is an actual peptide-free control; unassigned 127N/127C/131N channels are omitted. Group0 contains human peptides and no yeast peptides. https://doi.org/10.1016/j.mcpro.2023.100694	NT=TMTpro;AC=UNIMOD:2016;PP=Any N-term;MT=Variable	NT=Lys-C;AC=MS:1001309	NT=Acetyl;AC=UNIMOD:1;PP=Protein N-term;MT=Variable	375m/z-1500m/z	NT=orbitrap;AC=MS:1000484	35 NCE	0.7 m/z	CT=spike-in;CN=Saccharomyces cerevisiae;CR=yeast:human=0.06
YH_Group0_rep2	Homo sapiens	not available	not available	not applicable	CT=spike-in;CN=Saccharomyces cerevisiae;CR=yeast:human=0	1	TMTpro-labeled human Jurkat E6-1 cell proteome digest without yeast peptides; human-containing zero-yeast control.	run 6	proteomic profiling by mass spectrometry	TMT129N	AC=MS:1002877;NT=Q Exactive HF-X	not available	20 ppm	NT=Trypsin/P;AC=MS:1001313	NT=Carbamidomethyl;TA=C;MT=Fixed;AC=UNIMOD:4	NT=Oxidation;MT=Variable;TA=M;AC=UNIMOD:35	NT=TMTpro;AC=UNIMOD:2016;TA=K;MT=Variable	2	6	https://ftp.pride.ebi.ac.uk/pride/data/archive/2023/12/PXD040449/20201030_QExHFX1_RSLC1_Madern_Hartl_UW_MFPL__complexity_P6.raw	NT=Data-dependent acquisition;AC=PRIDE:0000627	20201030_QExHFX1_RSLC1_Madern_Hartl_UW_MFPL__complexity_P6.raw	v1.1.0	NT=ms-proteomics;VV=v1.1.0	https://www.ebi.ac.uk/pride/archive/projects/PXD040449 | https://doi.org/10.1016/j.mcpro.2023.100694	Codex-assisted curation; rechecked 2026-09-23 against the primary article, author RAW-to-experiment workbook, deposited MaxQuant summary/parameters/mzTab, author analysis code and all six native RAW method headers. The TMT126 reaction is an actual peptide-free control; unassigned 127N/127C/131N channels are omitted. Group0 contains human peptides and no yeast peptides. https://doi.org/10.1016/j.mcpro.2023.100694	NT=TMTpro;AC=UNIMOD:2016;PP=Any N-term;MT=Variable	NT=Lys-C;AC=MS:1001309	NT=Acetyl;AC=UNIMOD:1;PP=Protein N-term;MT=Variable	375m/z-1500m/z	NT=orbitrap;AC=MS:1000484	35 NCE	0.7 m/z	CT=spike-in;CN=Saccharomyces cerevisiae;CR=yeast:human=0
YH_Group6_rep2	Homo sapiens	not available	not available	not applicable	CT=spike-in;CN=Saccharomyces cerevisiae;CR=yeast:human=0.06	1	TMTpro-labeled mixture of human Jurkat E6-1 and Saccharomyces cerevisiae W303-1A cell proteome digests.	run 6	proteomic profiling by mass spectrometry	TMT129C	AC=MS:1002877;NT=Q Exactive HF-X	not available	20 ppm	NT=Trypsin/P;AC=MS:1001313	NT=Carbamidomethyl;TA=C;MT=Fixed;AC=UNIMOD:4	NT=Oxidation;MT=Variable;TA=M;AC=UNIMOD:35	NT=TMTpro;AC=UNIMOD:2016;TA=K;MT=Variable	2	6	https://ftp.pride.ebi.ac.uk/pride/data/archive/2023/12/PXD040449/20201030_QExHFX1_RSLC1_Madern_Hartl_UW_MFPL__complexity_P6.raw	NT=Data-dependent acquisition;AC=PRIDE:0000627	20201030_QExHFX1_RSLC1_Madern_Hartl_UW_MFPL__complexity_P6.raw	v1.1.0	NT=ms-proteomics;VV=v1.1.0	https://www.ebi.ac.uk/pride/archive/projects/PXD040449 | https://doi.org/10.1016/j.mcpro.2023.100694	Codex-assisted curation; rechecked 2026-09-23 against the primary article, author RAW-to-experiment workbook, deposited MaxQuant summary/parameters/mzTab, author analysis code and all six native RAW method headers. The TMT126 reaction is an actual peptide-free control; unassigned 127N/127C/131N channels are omitted. Group0 contains human peptides and no yeast peptides. https://doi.org/10.1016/j.mcpro.2023.100694	NT=TMTpro;AC=UNIMOD:2016;PP=Any N-term;MT=Variable	NT=Lys-C;AC=MS:1001309	NT=Acetyl;AC=UNIMOD:1;PP=Protein N-term;MT=Variable	375m/z-1500m/z	NT=orbitrap;AC=MS:1000484	35 NCE	0.7 m/z	CT=spike-in;CN=Saccharomyces cerevisiae;CR=yeast:human=0.06
YH_Group0_rep3	Homo sapiens	not available	not available	not applicable	CT=spike-in;CN=Saccharomyces cerevisiae;CR=yeast:human=0	1	TMTpro-labeled human Jurkat E6-1 cell proteome digest without yeast peptides; human-containing zero-yeast control.	run 6	proteomic profiling by mass spectrometry	TMT130N	AC=MS:1002877;NT=Q Exactive HF-X	not available	20 ppm	NT=Trypsin/P;AC=MS:1001313	NT=Carbamidomethyl;TA=C;MT=Fixed;AC=UNIMOD:4	NT=Oxidation;MT=Variable;TA=M;AC=UNIMOD:35	NT=TMTpro;AC=UNIMOD:2016;TA=K;MT=Variable	3	6	https://ftp.pride.ebi.ac.uk/pride/data/archive/2023/12/PXD040449/20201030_QExHFX1_RSLC1_Madern_Hartl_UW_MFPL__complexity_P6.raw	NT=Data-dependent acquisition;AC=PRIDE:0000627	20201030_QExHFX1_RSLC1_Madern_Hartl_UW_MFPL__complexity_P6.raw	v1.1.0	NT=ms-proteomics;VV=v1.1.0	https://www.ebi.ac.uk/pride/archive/projects/PXD040449 | https://doi.org/10.1016/j.mcpro.2023.100694	Codex-assisted curation; rechecked 2026-09-23 against the primary article, author RAW-to-experiment workbook, deposited MaxQuant summary/parameters/mzTab, author analysis code and all six native RAW method headers. The TMT126 reaction is an actual peptide-free control; unassigned 127N/127C/131N channels are omitted. Group0 contains human peptides and no yeast peptides. https://doi.org/10.1016/j.mcpro.2023.100694	NT=TMTpro;AC=UNIMOD:2016;PP=Any N-term;MT=Variable	NT=Lys-C;AC=MS:1001309	NT=Acetyl;AC=UNIMOD:1;PP=Protein N-term;MT=Variable	375m/z-1500m/z	NT=orbitrap;AC=MS:1000484	35 NCE	0.7 m/z	CT=spike-in;CN=Saccharomyces cerevisiae;CR=yeast:human=0
YH_Group6_rep3	Homo sapiens	not available	not available	not applicable	CT=spike-in;CN=Saccharomyces cerevisiae;CR=yeast:human=0.06	1	TMTpro-labeled mixture of human Jurkat E6-1 and Saccharomyces cerevisiae W303-1A cell proteome digests.	run 6	proteomic profiling by mass spectrometry	TMT130C	AC=MS:1002877;NT=Q Exactive HF-X	not available	20 ppm	NT=Trypsin/P;AC=MS:1001313	NT=Carbamidomethyl;TA=C;MT=Fixed;AC=UNIMOD:4	NT=Oxidation;MT=Variable;TA=M;AC=UNIMOD:35	NT=TMTpro;AC=UNIMOD:2016;TA=K;MT=Variable	3	6	https://ftp.pride.ebi.ac.uk/pride/data/archive/2023/12/PXD040449/20201030_QExHFX1_RSLC1_Madern_Hartl_UW_MFPL__complexity_P6.raw	NT=Data-dependent acquisition;AC=PRIDE:0000627	20201030_QExHFX1_RSLC1_Madern_Hartl_UW_MFPL__complexity_P6.raw	v1.1.0	NT=ms-proteomics;VV=v1.1.0	https://www.ebi.ac.uk/pride/archive/projects/PXD040449 | https://doi.org/10.1016/j.mcpro.2023.100694	Codex-assisted curation; rechecked 2026-09-23 against the primary article, author RAW-to-experiment workbook, deposited MaxQuant summary/parameters/mzTab, author analysis code and all six native RAW method headers. The TMT126 reaction is an actual peptide-free control; unassigned 127N/127C/131N channels are omitted. Group0 contains human peptides and no yeast peptides. https://doi.org/10.1016/j.mcpro.2023.100694	NT=TMTpro;AC=UNIMOD:2016;PP=Any N-term;MT=Variable	NT=Lys-C;AC=MS:1001309	NT=Acetyl;AC=UNIMOD:1;PP=Protein N-term;MT=Variable	375m/z-1500m/z	NT=orbitrap;AC=MS:1000484	35 NCE	0.7 m/z	CT=spike-in;CN=Saccharomyces cerevisiae;CR=yeast:human=0.06
YH_Group9_rep1	Homo sapiens	not available	not available	not applicable	CT=spike-in;CN=Saccharomyces cerevisiae;CR=yeast:human=0.09	1	TMTpro-labeled mixture of human Jurkat E6-1 and Saccharomyces cerevisiae W303-1A cell proteome digests.	run 6	proteomic profiling by mass spectrometry	TMT131C	AC=MS:1002877;NT=Q Exactive HF-X	not available	20 ppm	NT=Trypsin/P;AC=MS:1001313	NT=Carbamidomethyl;TA=C;MT=Fixed;AC=UNIMOD:4	NT=Oxidation;MT=Variable;TA=M;AC=UNIMOD:35	NT=TMTpro;AC=UNIMOD:2016;TA=K;MT=Variable	1	6	https://ftp.pride.ebi.ac.uk/pride/data/archive/2023/12/PXD040449/20201030_QExHFX1_RSLC1_Madern_Hartl_UW_MFPL__complexity_P6.raw	NT=Data-dependent acquisition;AC=PRIDE:0000627	20201030_QExHFX1_RSLC1_Madern_Hartl_UW_MFPL__complexity_P6.raw	v1.1.0	NT=ms-proteomics;VV=v1.1.0	https://www.ebi.ac.uk/pride/archive/projects/PXD040449 | https://doi.org/10.1016/j.mcpro.2023.100694	Codex-assisted curation; rechecked 2026-09-23 against the primary article, author RAW-to-experiment workbook, deposited MaxQuant summary/parameters/mzTab, author analysis code and all six native RAW method headers. The TMT126 reaction is an actual peptide-free control; unassigned 127N/127C/131N channels are omitted. Group0 contains human peptides and no yeast peptides. https://doi.org/10.1016/j.mcpro.2023.100694	NT=TMTpro;AC=UNIMOD:2016;PP=Any N-term;MT=Variable	NT=Lys-C;AC=MS:1001309	NT=Acetyl;AC=UNIMOD:1;PP=Protein N-term;MT=Variable	375m/z-1500m/z	NT=orbitrap;AC=MS:1000484	35 NCE	0.7 m/z	CT=spike-in;CN=Saccharomyces cerevisiae;CR=yeast:human=0.09
YH_Group12_rep1	Homo sapiens	not available	not available	not applicable	CT=spike-in;CN=Saccharomyces cerevisiae;CR=yeast:human=0.12	1	TMTpro-labeled mixture of human Jurkat E6-1 and Saccharomyces cerevisiae W303-1A cell proteome digests.	run 6	proteomic profiling by mass spectrometry	TMT132N	AC=MS:1002877;NT=Q Exactive HF-X	not available	20 ppm	NT=Trypsin/P;AC=MS:1001313	NT=Carbamidomethyl;TA=C;MT=Fixed;AC=UNIMOD:4	NT=Oxidation;MT=Variable;TA=M;AC=UNIMOD:35	NT=TMTpro;AC=UNIMOD:2016;TA=K;MT=Variable	1	6	https://ftp.pride.ebi.ac.uk/pride/data/archive/2023/12/PXD040449/20201030_QExHFX1_RSLC1_Madern_Hartl_UW_MFPL__complexity_P6.raw	NT=Data-dependent acquisition;AC=PRIDE:0000627	20201030_QExHFX1_RSLC1_Madern_Hartl_UW_MFPL__complexity_P6.raw	v1.1.0	NT=ms-proteomics;VV=v1.1.0	https://www.ebi.ac.uk/pride/archive/projects/PXD040449 | https://doi.org/10.1016/j.mcpro.2023.100694	Codex-assisted curation; rechecked 2026-09-23 against the primary article, author RAW-to-experiment workbook, deposited MaxQuant summary/parameters/mzTab, author analysis code and all six native RAW method headers. The TMT126 reaction is an actual peptide-free control; unassigned 127N/127C/131N channels are omitted. Group0 contains human peptides and no yeast peptides. https://doi.org/10.1016/j.mcpro.2023.100694	NT=TMTpro;AC=UNIMOD:2016;PP=Any N-term;MT=Variable	NT=Lys-C;AC=MS:1001309	NT=Acetyl;AC=UNIMOD:1;PP=Protein N-term;MT=Variable	375m/z-1500m/z	NT=orbitrap;AC=MS:1000484	35 NCE	0.7 m/z	CT=spike-in;CN=Saccharomyces cerevisiae;CR=yeast:human=0.12
YH_Group9_rep2	Homo sapiens	not available	not available	not applicable	CT=spike-in;CN=Saccharomyces cerevisiae;CR=yeast:human=0.09	1	TMTpro-labeled mixture of human Jurkat E6-1 and Saccharomyces cerevisiae W303-1A cell proteome digests.	run 6	proteomic profiling by mass spectrometry	TMT132C	AC=MS:1002877;NT=Q Exactive HF-X	not available	20 ppm	NT=Trypsin/P;AC=MS:1001313	NT=Carbamidomethyl;TA=C;MT=Fixed;AC=UNIMOD:4	NT=Oxidation;MT=Variable;TA=M;AC=UNIMOD:35	NT=TMTpro;AC=UNIMOD:2016;TA=K;MT=Variable	2	6	https://ftp.pride.ebi.ac.uk/pride/data/archive/2023/12/PXD040449/20201030_QExHFX1_RSLC1_Madern_Hartl_UW_MFPL__complexity_P6.raw	NT=Data-dependent acquisition;AC=PRIDE:0000627	20201030_QExHFX1_RSLC1_Madern_Hartl_UW_MFPL__complexity_P6.raw	v1.1.0	NT=ms-proteomics;VV=v1.1.0	https://www.ebi.ac.uk/pride/archive/projects/PXD040449 | https://doi.org/10.1016/j.mcpro.2023.100694	Codex-assisted curation; rechecked 2026-09-23 against the primary article, author RAW-to-experiment workbook, deposited MaxQuant summary/parameters/mzTab, author analysis code and all six native RAW method headers. The TMT126 reaction is an actual peptide-free control; unassigned 127N/127C/131N channels are omitted. Group0 contains human peptides and no yeast peptides. https://doi.org/10.1016/j.mcpro.2023.100694	NT=TMTpro;AC=UNIMOD:2016;PP=Any N-term;MT=Variable	NT=Lys-C;AC=MS:1001309	NT=Acetyl;AC=UNIMOD:1;PP=Protein N-term;MT=Variable	375m/z-1500m/z	NT=orbitrap;AC=MS:1000484	35 NCE	0.7 m/z	CT=spike-in;CN=Saccharomyces cerevisiae;CR=yeast:human=0.09
YH_Group12_rep2	Homo sapiens	not available	not available	not applicable	CT=spike-in;CN=Saccharomyces cerevisiae;CR=yeast:human=0.12	1	TMTpro-labeled mixture of human Jurkat E6-1 and Saccharomyces cerevisiae W303-1A cell proteome digests.	run 6	proteomic profiling by mass spectrometry	TMT133N	AC=MS:1002877;NT=Q Exactive HF-X	not available	20 ppm	NT=Trypsin/P;AC=MS:1001313	NT=Carbamidomethyl;TA=C;MT=Fixed;AC=UNIMOD:4	NT=Oxidation;MT=Variable;TA=M;AC=UNIMOD:35	NT=TMTpro;AC=UNIMOD:2016;TA=K;MT=Variable	2	6	https://ftp.pride.ebi.ac.uk/pride/data/archive/2023/12/PXD040449/20201030_QExHFX1_RSLC1_Madern_Hartl_UW_MFPL__complexity_P6.raw	NT=Data-dependent acquisition;AC=PRIDE:0000627	20201030_QExHFX1_RSLC1_Madern_Hartl_UW_MFPL__complexity_P6.raw	v1.1.0	NT=ms-proteomics;VV=v1.1.0	https://www.ebi.ac.uk/pride/archive/projects/PXD040449 | https://doi.org/10.1016/j.mcpro.2023.100694	Codex-assisted curation; rechecked 2026-09-23 against the primary article, author RAW-to-experiment workbook, deposited MaxQuant summary/parameters/mzTab, author analysis code and all six native RAW method headers. The TMT126 reaction is an actual peptide-free control; unassigned 127N/127C/131N channels are omitted. Group0 contains human peptides and no yeast peptides. https://doi.org/10.1016/j.mcpro.2023.100694	NT=TMTpro;AC=UNIMOD:2016;PP=Any N-term;MT=Variable	NT=Lys-C;AC=MS:1001309	NT=Acetyl;AC=UNIMOD:1;PP=Protein N-term;MT=Variable	375m/z-1500m/z	NT=orbitrap;AC=MS:1000484	35 NCE	0.7 m/z	CT=spike-in;CN=Saccharomyces cerevisiae;CR=yeast:human=0.12
YH_Group9_rep3	Homo sapiens	not available	not available	not applicable	CT=spike-in;CN=Saccharomyces cerevisiae;CR=yeast:human=0.09	1	TMTpro-labeled mixture of human Jurkat E6-1 and Saccharomyces cerevisiae W303-1A cell proteome digests.	run 6	proteomic profiling by mass spectrometry	TMT133C	AC=MS:1002877;NT=Q Exactive HF-X	not available	20 ppm	NT=Trypsin/P;AC=MS:1001313	NT=Carbamidomethyl;TA=C;MT=Fixed;AC=UNIMOD:4	NT=Oxidation;MT=Variable;TA=M;AC=UNIMOD:35	NT=TMTpro;AC=UNIMOD:2016;TA=K;MT=Variable	3	6	https://ftp.pride.ebi.ac.uk/pride/data/archive/2023/12/PXD040449/20201030_QExHFX1_RSLC1_Madern_Hartl_UW_MFPL__complexity_P6.raw	NT=Data-dependent acquisition;AC=PRIDE:0000627	20201030_QExHFX1_RSLC1_Madern_Hartl_UW_MFPL__complexity_P6.raw	v1.1.0	NT=ms-proteomics;VV=v1.1.0	https://www.ebi.ac.uk/pride/archive/projects/PXD040449 | https://doi.org/10.1016/j.mcpro.2023.100694	Codex-assisted curation; rechecked 2026-09-23 against the primary article, author RAW-to-experiment workbook, deposited MaxQuant summary/parameters/mzTab, author analysis code and all six native RAW method headers. The TMT126 reaction is an actual peptide-free control; unassigned 127N/127C/131N channels are omitted. Group0 contains human peptides and no yeast peptides. https://doi.org/10.1016/j.mcpro.2023.100694	NT=TMTpro;AC=UNIMOD:2016;PP=Any N-term;MT=Variable	NT=Lys-C;AC=MS:1001309	NT=Acetyl;AC=UNIMOD:1;PP=Protein N-term;MT=Variable	375m/z-1500m/z	NT=orbitrap;AC=MS:1000484	35 NCE	0.7 m/z	CT=spike-in;CN=Saccharomyces cerevisiae;CR=yeast:human=0.09
YH_Group12_rep3	Homo sapiens	not available	not available	not applicable	CT=spike-in;CN=Saccharomyces cerevisiae;CR=yeast:human=0.12	1	TMTpro-labeled mixture of human Jurkat E6-1 and Saccharomyces cerevisiae W303-1A cell proteome digests.	run 6	proteomic profiling by mass spectrometry	TMT134N	AC=MS:1002877;NT=Q Exactive HF-X	not available	20 ppm	NT=Trypsin/P;AC=MS:1001313	NT=Carbamidomethyl;TA=C;MT=Fixed;AC=UNIMOD:4	NT=Oxidation;MT=Variable;TA=M;AC=UNIMOD:35	NT=TMTpro;AC=UNIMOD:2016;TA=K;MT=Variable	3	6	https://ftp.pride.ebi.ac.uk/pride/data/archive/2023/12/PXD040449/20201030_QExHFX1_RSLC1_Madern_Hartl_UW_MFPL__complexity_P6.raw	NT=Data-dependent acquisition;AC=PRIDE:0000627	20201030_QExHFX1_RSLC1_Madern_Hartl_UW_MFPL__complexity_P6.raw	v1.1.0	NT=ms-proteomics;VV=v1.1.0	https://www.ebi.ac.uk/pride/archive/projects/PXD040449 | https://doi.org/10.1016/j.mcpro.2023.100694	Codex-assisted curation; rechecked 2026-09-23 against the primary article, author RAW-to-experiment workbook, deposited MaxQuant summary/parameters/mzTab, author analysis code and all six native RAW method headers. The TMT126 reaction is an actual peptide-free control; unassigned 127N/127C/131N channels are omitted. Group0 contains human peptides and no yeast peptides. https://doi.org/10.1016/j.mcpro.2023.100694	NT=TMTpro;AC=UNIMOD:2016;PP=Any N-term;MT=Variable	NT=Lys-C;AC=MS:1001309	NT=Acetyl;AC=UNIMOD:1;PP=Protein N-term;MT=Variable	375m/z-1500m/z	NT=orbitrap;AC=MS:1000484	35 NCE	0.7 m/z	CT=spike-in;CN=Saccharomyces cerevisiae;CR=yeast:human=0.12
