source name	characteristics[organism]	characteristics[organism part]	characteristics[sampling site]	characteristics[disease]	characteristics[cell type]	characteristics[material type]	characteristics[sample type]	characteristics[cell line]	characteristics[cellosaurus accession]	characteristics[cellosaurus name]	characteristics[age]	characteristics[sex]	characteristics[developmental stage]	characteristics[individual]	characteristics[ancestry category]	characteristics[biological replicate]	characteristics[treatment]	assay name	technology type	comment[data file]	comment[file uri]	comment[label]	comment[technical replicate]	comment[fraction identifier]	comment[instrument]	comment[proteomics data acquisition method]	comment[cleavage agent details]	comment[dissociation method]	comment[collision energy]	comment[precursor mass tolerance]	comment[fragment mass tolerance]	comment[fractionation method]	comment[acquisition subset]	comment[modification parameters]	comment[modification parameters]	comment[modification parameters]	comment[modification parameters]	comment[sdrf version]	comment[sdrf template]	comment[sdrf template]	comment[sdrf template]	factor value[treatment]	factor value[acquisition subset]
C4	Homo sapiens	uterine cervix	uterine cervix	endocervical adenocarcinoma	not available	cell line	study sample	HeLa S3	CVCL_0058	HeLa S3	30Y6M	female	adult	not available	African American	4	untreated control	20111225_EXQ5_KiSh_SA_LabelFree_HeLa_Phospho_Control_rep4_Fr1	proteomic profiling by mass spectrometry	20111225_EXQ5_KiSh_SA_LabelFree_HeLa_Phospho_Control_rep4_Fr1.raw	ftp://ftp.pride.ebi.ac.uk/pride/data/archive/2014/08/PXD000612/20111225_EXQ5_KiSh_SA_LabelFree_HeLa_Phospho_Control_rep4_Fr1.raw	NT=label free sample;AC=MS:1002038	1	1	NT=Q Exactive;AC=MS:1001911	NT=Data-dependent acquisition;AC=PRIDE:0000627	not available	NT=beam-type collision-induced dissociation;AC=MS:1000422	25 NCE	not available	20 ppm	NT=Strong cation-exchange chromatography (SCX);AC=PRIDE:0000561	phosphopeptide enrichment	NT=Carbamidomethyl;AC=UNIMOD:4;MT=fixed;TA=C;PP=Anywhere	NT=Oxidation;AC=UNIMOD:35;MT=variable;TA=M;PP=Anywhere	NT=Acetyl;AC=UNIMOD:1;MT=variable;PP=Protein N-term	NT=Phospho;AC=UNIMOD:21;MT=variable;TA=S,T,Y;PP=Anywhere	v3.0.0	ms-proteomics v1.1.0	human v1.1.0	cell-lines v1.1.0	untreated control	phosphopeptide enrichment
C4	Homo sapiens	uterine cervix	uterine cervix	endocervical adenocarcinoma	not available	cell line	study sample	HeLa S3	CVCL_0058	HeLa S3	30Y6M	female	adult	not available	African American	4	untreated control	20111225_EXQ5_KiSh_SA_LabelFree_HeLa_Phospho_Control_rep4_Fr2	proteomic profiling by mass spectrometry	20111225_EXQ5_KiSh_SA_LabelFree_HeLa_Phospho_Control_rep4_Fr2.raw	ftp://ftp.pride.ebi.ac.uk/pride/data/archive/2014/08/PXD000612/20111225_EXQ5_KiSh_SA_LabelFree_HeLa_Phospho_Control_rep4_Fr2.raw	NT=label free sample;AC=MS:1002038	1	2	NT=Q Exactive;AC=MS:1001911	NT=Data-dependent acquisition;AC=PRIDE:0000627	not available	NT=beam-type collision-induced dissociation;AC=MS:1000422	25 NCE	not available	20 ppm	NT=Strong cation-exchange chromatography (SCX);AC=PRIDE:0000561	phosphopeptide enrichment	NT=Carbamidomethyl;AC=UNIMOD:4;MT=fixed;TA=C;PP=Anywhere	NT=Oxidation;AC=UNIMOD:35;MT=variable;TA=M;PP=Anywhere	NT=Acetyl;AC=UNIMOD:1;MT=variable;PP=Protein N-term	NT=Phospho;AC=UNIMOD:21;MT=variable;TA=S,T,Y;PP=Anywhere	v3.0.0	ms-proteomics v1.1.0	human v1.1.0	cell-lines v1.1.0	untreated control	phosphopeptide enrichment
C4	Homo sapiens	uterine cervix	uterine cervix	endocervical adenocarcinoma	not available	cell line	study sample	HeLa S3	CVCL_0058	HeLa S3	30Y6M	female	adult	not available	African American	4	untreated control	20111225_EXQ5_KiSh_SA_LabelFree_HeLa_Phospho_Control_rep4_Fr3	proteomic profiling by mass spectrometry	20111225_EXQ5_KiSh_SA_LabelFree_HeLa_Phospho_Control_rep4_Fr3.raw	ftp://ftp.pride.ebi.ac.uk/pride/data/archive/2014/08/PXD000612/20111225_EXQ5_KiSh_SA_LabelFree_HeLa_Phospho_Control_rep4_Fr3.raw	NT=label free sample;AC=MS:1002038	1	3	NT=Q Exactive;AC=MS:1001911	NT=Data-dependent acquisition;AC=PRIDE:0000627	not available	NT=beam-type collision-induced dissociation;AC=MS:1000422	25 NCE	not available	20 ppm	NT=Strong cation-exchange chromatography (SCX);AC=PRIDE:0000561	phosphopeptide enrichment	NT=Carbamidomethyl;AC=UNIMOD:4;MT=fixed;TA=C;PP=Anywhere	NT=Oxidation;AC=UNIMOD:35;MT=variable;TA=M;PP=Anywhere	NT=Acetyl;AC=UNIMOD:1;MT=variable;PP=Protein N-term	NT=Phospho;AC=UNIMOD:21;MT=variable;TA=S,T,Y;PP=Anywhere	v3.0.0	ms-proteomics v1.1.0	human v1.1.0	cell-lines v1.1.0	untreated control	phosphopeptide enrichment
C4	Homo sapiens	uterine cervix	uterine cervix	endocervical adenocarcinoma	not available	cell line	study sample	HeLa S3	CVCL_0058	HeLa S3	30Y6M	female	adult	not available	African American	4	untreated control	20111225_EXQ5_KiSh_SA_LabelFree_HeLa_Phospho_Control_rep4_Fr4	proteomic profiling by mass spectrometry	20111225_EXQ5_KiSh_SA_LabelFree_HeLa_Phospho_Control_rep4_Fr4.raw	ftp://ftp.pride.ebi.ac.uk/pride/data/archive/2014/08/PXD000612/20111225_EXQ5_KiSh_SA_LabelFree_HeLa_Phospho_Control_rep4_Fr4.raw	NT=label free sample;AC=MS:1002038	1	4	NT=Q Exactive;AC=MS:1001911	NT=Data-dependent acquisition;AC=PRIDE:0000627	not available	NT=beam-type collision-induced dissociation;AC=MS:1000422	25 NCE	not available	20 ppm	NT=Strong cation-exchange chromatography (SCX);AC=PRIDE:0000561	phosphopeptide enrichment	NT=Carbamidomethyl;AC=UNIMOD:4;MT=fixed;TA=C;PP=Anywhere	NT=Oxidation;AC=UNIMOD:35;MT=variable;TA=M;PP=Anywhere	NT=Acetyl;AC=UNIMOD:1;MT=variable;PP=Protein N-term	NT=Phospho;AC=UNIMOD:21;MT=variable;TA=S,T,Y;PP=Anywhere	v3.0.0	ms-proteomics v1.1.0	human v1.1.0	cell-lines v1.1.0	untreated control	phosphopeptide enrichment
C4	Homo sapiens	uterine cervix	uterine cervix	endocervical adenocarcinoma	not available	cell line	study sample	HeLa S3	CVCL_0058	HeLa S3	30Y6M	female	adult	not available	African American	4	untreated control	20111225_EXQ5_KiSh_SA_LabelFree_HeLa_Phospho_Control_rep4_Fr5	proteomic profiling by mass spectrometry	20111225_EXQ5_KiSh_SA_LabelFree_HeLa_Phospho_Control_rep4_Fr5.raw	ftp://ftp.pride.ebi.ac.uk/pride/data/archive/2014/08/PXD000612/20111225_EXQ5_KiSh_SA_LabelFree_HeLa_Phospho_Control_rep4_Fr5.raw	NT=label free sample;AC=MS:1002038	1	5	NT=Q Exactive;AC=MS:1001911	NT=Data-dependent acquisition;AC=PRIDE:0000627	not available	NT=beam-type collision-induced dissociation;AC=MS:1000422	25 NCE	not available	20 ppm	NT=Strong cation-exchange chromatography (SCX);AC=PRIDE:0000561	phosphopeptide enrichment	NT=Carbamidomethyl;AC=UNIMOD:4;MT=fixed;TA=C;PP=Anywhere	NT=Oxidation;AC=UNIMOD:35;MT=variable;TA=M;PP=Anywhere	NT=Acetyl;AC=UNIMOD:1;MT=variable;PP=Protein N-term	NT=Phospho;AC=UNIMOD:21;MT=variable;TA=S,T,Y;PP=Anywhere	v3.0.0	ms-proteomics v1.1.0	human v1.1.0	cell-lines v1.1.0	untreated control	phosphopeptide enrichment
C4	Homo sapiens	uterine cervix	uterine cervix	endocervical adenocarcinoma	not available	cell line	study sample	HeLa S3	CVCL_0058	HeLa S3	30Y6M	female	adult	not available	African American	4	untreated control	20111225_EXQ5_KiSh_SA_LabelFree_HeLa_Phospho_Control_rep4_Fr6	proteomic profiling by mass spectrometry	20111225_EXQ5_KiSh_SA_LabelFree_HeLa_Phospho_Control_rep4_Fr6.raw	ftp://ftp.pride.ebi.ac.uk/pride/data/archive/2014/08/PXD000612/20111225_EXQ5_KiSh_SA_LabelFree_HeLa_Phospho_Control_rep4_Fr6.raw	NT=label free sample;AC=MS:1002038	1	6	NT=Q Exactive;AC=MS:1001911	NT=Data-dependent acquisition;AC=PRIDE:0000627	not available	NT=beam-type collision-induced dissociation;AC=MS:1000422	25 NCE	not available	20 ppm	NT=Strong cation-exchange chromatography (SCX);AC=PRIDE:0000561	phosphopeptide enrichment	NT=Carbamidomethyl;AC=UNIMOD:4;MT=fixed;TA=C;PP=Anywhere	NT=Oxidation;AC=UNIMOD:35;MT=variable;TA=M;PP=Anywhere	NT=Acetyl;AC=UNIMOD:1;MT=variable;PP=Protein N-term	NT=Phospho;AC=UNIMOD:21;MT=variable;TA=S,T,Y;PP=Anywhere	v3.0.0	ms-proteomics v1.1.0	human v1.1.0	cell-lines v1.1.0	untreated control	phosphopeptide enrichment
C4	Homo sapiens	uterine cervix	uterine cervix	endocervical adenocarcinoma	not available	cell line	study sample	HeLa S3	CVCL_0058	HeLa S3	30Y6M	female	adult	not available	African American	4	untreated control	20111225_EXQ5_KiSh_SA_LabelFree_HeLa_Phospho_Control_rep4_FT1	proteomic profiling by mass spectrometry	20111225_EXQ5_KiSh_SA_LabelFree_HeLa_Phospho_Control_rep4_FT1.raw	ftp://ftp.pride.ebi.ac.uk/pride/data/archive/2014/08/PXD000612/20111225_EXQ5_KiSh_SA_LabelFree_HeLa_Phospho_Control_rep4_FT1.raw	NT=label free sample;AC=MS:1002038	1	8	NT=Q Exactive;AC=MS:1001911	NT=Data-dependent acquisition;AC=PRIDE:0000627	not available	NT=beam-type collision-induced dissociation;AC=MS:1000422	25 NCE	not available	20 ppm	NT=Strong cation-exchange chromatography (SCX);AC=PRIDE:0000561	phosphopeptide enrichment	NT=Carbamidomethyl;AC=UNIMOD:4;MT=fixed;TA=C;PP=Anywhere	NT=Oxidation;AC=UNIMOD:35;MT=variable;TA=M;PP=Anywhere	NT=Acetyl;AC=UNIMOD:1;MT=variable;PP=Protein N-term	NT=Phospho;AC=UNIMOD:21;MT=variable;TA=S,T,Y;PP=Anywhere	v3.0.0	ms-proteomics v1.1.0	human v1.1.0	cell-lines v1.1.0	untreated control	phosphopeptide enrichment
C4	Homo sapiens	uterine cervix	uterine cervix	endocervical adenocarcinoma	not available	cell line	study sample	HeLa S3	CVCL_0058	HeLa S3	30Y6M	female	adult	not available	African American	4	untreated control	20111225_EXQ5_KiSh_SA_LabelFree_HeLa_Phospho_Control_rep4_FT2	proteomic profiling by mass spectrometry	20111225_EXQ5_KiSh_SA_LabelFree_HeLa_Phospho_Control_rep4_FT2.raw	ftp://ftp.pride.ebi.ac.uk/pride/data/archive/2014/08/PXD000612/20111225_EXQ5_KiSh_SA_LabelFree_HeLa_Phospho_Control_rep4_FT2.raw	NT=label free sample;AC=MS:1002038	1	9	NT=Q Exactive;AC=MS:1001911	NT=Data-dependent acquisition;AC=PRIDE:0000627	not available	NT=beam-type collision-induced dissociation;AC=MS:1000422	25 NCE	not available	20 ppm	NT=Strong cation-exchange chromatography (SCX);AC=PRIDE:0000561	phosphopeptide enrichment	NT=Carbamidomethyl;AC=UNIMOD:4;MT=fixed;TA=C;PP=Anywhere	NT=Oxidation;AC=UNIMOD:35;MT=variable;TA=M;PP=Anywhere	NT=Acetyl;AC=UNIMOD:1;MT=variable;PP=Protein N-term	NT=Phospho;AC=UNIMOD:21;MT=variable;TA=S,T,Y;PP=Anywhere	v3.0.0	ms-proteomics v1.1.0	human v1.1.0	cell-lines v1.1.0	untreated control	phosphopeptide enrichment
C4	Homo sapiens	uterine cervix	uterine cervix	endocervical adenocarcinoma	not available	cell line	study sample	HeLa S3	CVCL_0058	HeLa S3	30Y6M	female	adult	not available	African American	4	untreated control	20111225_EXQ5_KiSh_SA_LabelFree_HeLa_Phospho_Control_rep4_FT3	proteomic profiling by mass spectrometry	20111225_EXQ5_KiSh_SA_LabelFree_HeLa_Phospho_Control_rep4_FT3.raw	ftp://ftp.pride.ebi.ac.uk/pride/data/archive/2014/08/PXD000612/20111225_EXQ5_KiSh_SA_LabelFree_HeLa_Phospho_Control_rep4_FT3.raw	NT=label free sample;AC=MS:1002038	1	10	NT=Q Exactive;AC=MS:1001911	NT=Data-dependent acquisition;AC=PRIDE:0000627	not available	NT=beam-type collision-induced dissociation;AC=MS:1000422	25 NCE	not available	20 ppm	NT=Strong cation-exchange chromatography (SCX);AC=PRIDE:0000561	phosphopeptide enrichment	NT=Carbamidomethyl;AC=UNIMOD:4;MT=fixed;TA=C;PP=Anywhere	NT=Oxidation;AC=UNIMOD:35;MT=variable;TA=M;PP=Anywhere	NT=Acetyl;AC=UNIMOD:1;MT=variable;PP=Protein N-term	NT=Phospho;AC=UNIMOD:21;MT=variable;TA=S,T,Y;PP=Anywhere	v3.0.0	ms-proteomics v1.1.0	human v1.1.0	cell-lines v1.1.0	untreated control	phosphopeptide enrichment
C5	Homo sapiens	uterine cervix	uterine cervix	endocervical adenocarcinoma	not available	cell line	study sample	HeLa S3	CVCL_0058	HeLa S3	30Y6M	female	adult	not available	African American	5	untreated control	20111225_EXQ5_KiSh_SA_LabelFree_HeLa_Phospho_Control_rep5_Fr1	proteomic profiling by mass spectrometry	20111225_EXQ5_KiSh_SA_LabelFree_HeLa_Phospho_Control_rep5_Fr1.raw	ftp://ftp.pride.ebi.ac.uk/pride/data/archive/2014/08/PXD000612/20111225_EXQ5_KiSh_SA_LabelFree_HeLa_Phospho_Control_rep5_Fr1.raw	NT=label free sample;AC=MS:1002038	1	1	NT=Q Exactive;AC=MS:1001911	NT=Data-dependent acquisition;AC=PRIDE:0000627	not available	NT=beam-type collision-induced dissociation;AC=MS:1000422	25 NCE	not available	20 ppm	NT=Strong cation-exchange chromatography (SCX);AC=PRIDE:0000561	phosphopeptide enrichment	NT=Carbamidomethyl;AC=UNIMOD:4;MT=fixed;TA=C;PP=Anywhere	NT=Oxidation;AC=UNIMOD:35;MT=variable;TA=M;PP=Anywhere	NT=Acetyl;AC=UNIMOD:1;MT=variable;PP=Protein N-term	NT=Phospho;AC=UNIMOD:21;MT=variable;TA=S,T,Y;PP=Anywhere	v3.0.0	ms-proteomics v1.1.0	human v1.1.0	cell-lines v1.1.0	untreated control	phosphopeptide enrichment
C5	Homo sapiens	uterine cervix	uterine cervix	endocervical adenocarcinoma	not available	cell line	study sample	HeLa S3	CVCL_0058	HeLa S3	30Y6M	female	adult	not available	African American	5	untreated control	20111225_EXQ5_KiSh_SA_LabelFree_HeLa_Phospho_Control_rep5_Fr2	proteomic profiling by mass spectrometry	20111225_EXQ5_KiSh_SA_LabelFree_HeLa_Phospho_Control_rep5_Fr2.raw	ftp://ftp.pride.ebi.ac.uk/pride/data/archive/2014/08/PXD000612/20111225_EXQ5_KiSh_SA_LabelFree_HeLa_Phospho_Control_rep5_Fr2.raw	NT=label free sample;AC=MS:1002038	1	2	NT=Q Exactive;AC=MS:1001911	NT=Data-dependent acquisition;AC=PRIDE:0000627	not available	NT=beam-type collision-induced dissociation;AC=MS:1000422	25 NCE	not available	20 ppm	NT=Strong cation-exchange chromatography (SCX);AC=PRIDE:0000561	phosphopeptide enrichment	NT=Carbamidomethyl;AC=UNIMOD:4;MT=fixed;TA=C;PP=Anywhere	NT=Oxidation;AC=UNIMOD:35;MT=variable;TA=M;PP=Anywhere	NT=Acetyl;AC=UNIMOD:1;MT=variable;PP=Protein N-term	NT=Phospho;AC=UNIMOD:21;MT=variable;TA=S,T,Y;PP=Anywhere	v3.0.0	ms-proteomics v1.1.0	human v1.1.0	cell-lines v1.1.0	untreated control	phosphopeptide enrichment
C5	Homo sapiens	uterine cervix	uterine cervix	endocervical adenocarcinoma	not available	cell line	study sample	HeLa S3	CVCL_0058	HeLa S3	30Y6M	female	adult	not available	African American	5	untreated control	20111225_EXQ5_KiSh_SA_LabelFree_HeLa_Phospho_Control_rep5_Fr3	proteomic profiling by mass spectrometry	20111225_EXQ5_KiSh_SA_LabelFree_HeLa_Phospho_Control_rep5_Fr3.raw	ftp://ftp.pride.ebi.ac.uk/pride/data/archive/2014/08/PXD000612/20111225_EXQ5_KiSh_SA_LabelFree_HeLa_Phospho_Control_rep5_Fr3.raw	NT=label free sample;AC=MS:1002038	1	3	NT=Q Exactive;AC=MS:1001911	NT=Data-dependent acquisition;AC=PRIDE:0000627	not available	NT=beam-type collision-induced dissociation;AC=MS:1000422	25 NCE	not available	20 ppm	NT=Strong cation-exchange chromatography (SCX);AC=PRIDE:0000561	phosphopeptide enrichment	NT=Carbamidomethyl;AC=UNIMOD:4;MT=fixed;TA=C;PP=Anywhere	NT=Oxidation;AC=UNIMOD:35;MT=variable;TA=M;PP=Anywhere	NT=Acetyl;AC=UNIMOD:1;MT=variable;PP=Protein N-term	NT=Phospho;AC=UNIMOD:21;MT=variable;TA=S,T,Y;PP=Anywhere	v3.0.0	ms-proteomics v1.1.0	human v1.1.0	cell-lines v1.1.0	untreated control	phosphopeptide enrichment
C5	Homo sapiens	uterine cervix	uterine cervix	endocervical adenocarcinoma	not available	cell line	study sample	HeLa S3	CVCL_0058	HeLa S3	30Y6M	female	adult	not available	African American	5	untreated control	20111225_EXQ5_KiSh_SA_LabelFree_HeLa_Phospho_Control_rep5_Fr4	proteomic profiling by mass spectrometry	20111225_EXQ5_KiSh_SA_LabelFree_HeLa_Phospho_Control_rep5_Fr4.raw	ftp://ftp.pride.ebi.ac.uk/pride/data/archive/2014/08/PXD000612/20111225_EXQ5_KiSh_SA_LabelFree_HeLa_Phospho_Control_rep5_Fr4.raw	NT=label free sample;AC=MS:1002038	1	4	NT=Q Exactive;AC=MS:1001911	NT=Data-dependent acquisition;AC=PRIDE:0000627	not available	NT=beam-type collision-induced dissociation;AC=MS:1000422	25 NCE	not available	20 ppm	NT=Strong cation-exchange chromatography (SCX);AC=PRIDE:0000561	phosphopeptide enrichment	NT=Carbamidomethyl;AC=UNIMOD:4;MT=fixed;TA=C;PP=Anywhere	NT=Oxidation;AC=UNIMOD:35;MT=variable;TA=M;PP=Anywhere	NT=Acetyl;AC=UNIMOD:1;MT=variable;PP=Protein N-term	NT=Phospho;AC=UNIMOD:21;MT=variable;TA=S,T,Y;PP=Anywhere	v3.0.0	ms-proteomics v1.1.0	human v1.1.0	cell-lines v1.1.0	untreated control	phosphopeptide enrichment
C5	Homo sapiens	uterine cervix	uterine cervix	endocervical adenocarcinoma	not available	cell line	study sample	HeLa S3	CVCL_0058	HeLa S3	30Y6M	female	adult	not available	African American	5	untreated control	20111225_EXQ5_KiSh_SA_LabelFree_HeLa_Phospho_Control_rep5_Fr5	proteomic profiling by mass spectrometry	20111225_EXQ5_KiSh_SA_LabelFree_HeLa_Phospho_Control_rep5_Fr5.raw	ftp://ftp.pride.ebi.ac.uk/pride/data/archive/2014/08/PXD000612/20111225_EXQ5_KiSh_SA_LabelFree_HeLa_Phospho_Control_rep5_Fr5.raw	NT=label free sample;AC=MS:1002038	1	5	NT=Q Exactive;AC=MS:1001911	NT=Data-dependent acquisition;AC=PRIDE:0000627	not available	NT=beam-type collision-induced dissociation;AC=MS:1000422	25 NCE	not available	20 ppm	NT=Strong cation-exchange chromatography (SCX);AC=PRIDE:0000561	phosphopeptide enrichment	NT=Carbamidomethyl;AC=UNIMOD:4;MT=fixed;TA=C;PP=Anywhere	NT=Oxidation;AC=UNIMOD:35;MT=variable;TA=M;PP=Anywhere	NT=Acetyl;AC=UNIMOD:1;MT=variable;PP=Protein N-term	NT=Phospho;AC=UNIMOD:21;MT=variable;TA=S,T,Y;PP=Anywhere	v3.0.0	ms-proteomics v1.1.0	human v1.1.0	cell-lines v1.1.0	untreated control	phosphopeptide enrichment
C5	Homo sapiens	uterine cervix	uterine cervix	endocervical adenocarcinoma	not available	cell line	study sample	HeLa S3	CVCL_0058	HeLa S3	30Y6M	female	adult	not available	African American	5	untreated control	20111225_EXQ5_KiSh_SA_LabelFree_HeLa_Phospho_Control_rep5_Fr6	proteomic profiling by mass spectrometry	20111225_EXQ5_KiSh_SA_LabelFree_HeLa_Phospho_Control_rep5_Fr6.raw	ftp://ftp.pride.ebi.ac.uk/pride/data/archive/2014/08/PXD000612/20111225_EXQ5_KiSh_SA_LabelFree_HeLa_Phospho_Control_rep5_Fr6.raw	NT=label free sample;AC=MS:1002038	1	6	NT=Q Exactive;AC=MS:1001911	NT=Data-dependent acquisition;AC=PRIDE:0000627	not available	NT=beam-type collision-induced dissociation;AC=MS:1000422	25 NCE	not available	20 ppm	NT=Strong cation-exchange chromatography (SCX);AC=PRIDE:0000561	phosphopeptide enrichment	NT=Carbamidomethyl;AC=UNIMOD:4;MT=fixed;TA=C;PP=Anywhere	NT=Oxidation;AC=UNIMOD:35;MT=variable;TA=M;PP=Anywhere	NT=Acetyl;AC=UNIMOD:1;MT=variable;PP=Protein N-term	NT=Phospho;AC=UNIMOD:21;MT=variable;TA=S,T,Y;PP=Anywhere	v3.0.0	ms-proteomics v1.1.0	human v1.1.0	cell-lines v1.1.0	untreated control	phosphopeptide enrichment
C5	Homo sapiens	uterine cervix	uterine cervix	endocervical adenocarcinoma	not available	cell line	study sample	HeLa S3	CVCL_0058	HeLa S3	30Y6M	female	adult	not available	African American	5	untreated control	20111225_EXQ5_KiSh_SA_LabelFree_HeLa_Phospho_Control_rep5_FT1	proteomic profiling by mass spectrometry	20111225_EXQ5_KiSh_SA_LabelFree_HeLa_Phospho_Control_rep5_FT1.raw	ftp://ftp.pride.ebi.ac.uk/pride/data/archive/2014/08/PXD000612/20111225_EXQ5_KiSh_SA_LabelFree_HeLa_Phospho_Control_rep5_FT1.raw	NT=label free sample;AC=MS:1002038	1	8	NT=Q Exactive;AC=MS:1001911	NT=Data-dependent acquisition;AC=PRIDE:0000627	not available	NT=beam-type collision-induced dissociation;AC=MS:1000422	25 NCE	not available	20 ppm	NT=Strong cation-exchange chromatography (SCX);AC=PRIDE:0000561	phosphopeptide enrichment	NT=Carbamidomethyl;AC=UNIMOD:4;MT=fixed;TA=C;PP=Anywhere	NT=Oxidation;AC=UNIMOD:35;MT=variable;TA=M;PP=Anywhere	NT=Acetyl;AC=UNIMOD:1;MT=variable;PP=Protein N-term	NT=Phospho;AC=UNIMOD:21;MT=variable;TA=S,T,Y;PP=Anywhere	v3.0.0	ms-proteomics v1.1.0	human v1.1.0	cell-lines v1.1.0	untreated control	phosphopeptide enrichment
C5	Homo sapiens	uterine cervix	uterine cervix	endocervical adenocarcinoma	not available	cell line	study sample	HeLa S3	CVCL_0058	HeLa S3	30Y6M	female	adult	not available	African American	5	untreated control	20111225_EXQ5_KiSh_SA_LabelFree_HeLa_Phospho_Control_rep5_FT2	proteomic profiling by mass spectrometry	20111225_EXQ5_KiSh_SA_LabelFree_HeLa_Phospho_Control_rep5_FT2.raw	ftp://ftp.pride.ebi.ac.uk/pride/data/archive/2014/08/PXD000612/20111225_EXQ5_KiSh_SA_LabelFree_HeLa_Phospho_Control_rep5_FT2.raw	NT=label free sample;AC=MS:1002038	1	9	NT=Q Exactive;AC=MS:1001911	NT=Data-dependent acquisition;AC=PRIDE:0000627	not available	NT=beam-type collision-induced dissociation;AC=MS:1000422	25 NCE	not available	20 ppm	NT=Strong cation-exchange chromatography (SCX);AC=PRIDE:0000561	phosphopeptide enrichment	NT=Carbamidomethyl;AC=UNIMOD:4;MT=fixed;TA=C;PP=Anywhere	NT=Oxidation;AC=UNIMOD:35;MT=variable;TA=M;PP=Anywhere	NT=Acetyl;AC=UNIMOD:1;MT=variable;PP=Protein N-term	NT=Phospho;AC=UNIMOD:21;MT=variable;TA=S,T,Y;PP=Anywhere	v3.0.0	ms-proteomics v1.1.0	human v1.1.0	cell-lines v1.1.0	untreated control	phosphopeptide enrichment
C5	Homo sapiens	uterine cervix	uterine cervix	endocervical adenocarcinoma	not available	cell line	study sample	HeLa S3	CVCL_0058	HeLa S3	30Y6M	female	adult	not available	African American	5	untreated control	20111225_EXQ5_KiSh_SA_LabelFree_HeLa_Phospho_Control_rep5_FT3	proteomic profiling by mass spectrometry	20111225_EXQ5_KiSh_SA_LabelFree_HeLa_Phospho_Control_rep5_FT3.raw	ftp://ftp.pride.ebi.ac.uk/pride/data/archive/2014/08/PXD000612/20111225_EXQ5_KiSh_SA_LabelFree_HeLa_Phospho_Control_rep5_FT3.raw	NT=label free sample;AC=MS:1002038	1	10	NT=Q Exactive;AC=MS:1001911	NT=Data-dependent acquisition;AC=PRIDE:0000627	not available	NT=beam-type collision-induced dissociation;AC=MS:1000422	25 NCE	not available	20 ppm	NT=Strong cation-exchange chromatography (SCX);AC=PRIDE:0000561	phosphopeptide enrichment	NT=Carbamidomethyl;AC=UNIMOD:4;MT=fixed;TA=C;PP=Anywhere	NT=Oxidation;AC=UNIMOD:35;MT=variable;TA=M;PP=Anywhere	NT=Acetyl;AC=UNIMOD:1;MT=variable;PP=Protein N-term	NT=Phospho;AC=UNIMOD:21;MT=variable;TA=S,T,Y;PP=Anywhere	v3.0.0	ms-proteomics v1.1.0	human v1.1.0	cell-lines v1.1.0	untreated control	phosphopeptide enrichment
C1	Homo sapiens	uterine cervix	uterine cervix	endocervical adenocarcinoma	not available	cell line	study sample	HeLa S3	CVCL_0058	HeLa S3	30Y6M	female	adult	not available	African American	1	untreated control	20120126_EXQ5_KiSh_SA_LabelFree_HeLa_Phospho_Control_rep1_Fr1	proteomic profiling by mass spectrometry	20120126_EXQ5_KiSh_SA_LabelFree_HeLa_Phospho_Control_rep1_Fr1.raw	ftp://ftp.pride.ebi.ac.uk/pride/data/archive/2014/08/PXD000612/20120126_EXQ5_KiSh_SA_LabelFree_HeLa_Phospho_Control_rep1_Fr1.raw	NT=label free sample;AC=MS:1002038	1	1	NT=Q Exactive;AC=MS:1001911	NT=Data-dependent acquisition;AC=PRIDE:0000627	not available	NT=beam-type collision-induced dissociation;AC=MS:1000422	25 NCE	not available	20 ppm	NT=Strong cation-exchange chromatography (SCX);AC=PRIDE:0000561	phosphopeptide enrichment	NT=Carbamidomethyl;AC=UNIMOD:4;MT=fixed;TA=C;PP=Anywhere	NT=Oxidation;AC=UNIMOD:35;MT=variable;TA=M;PP=Anywhere	NT=Acetyl;AC=UNIMOD:1;MT=variable;PP=Protein N-term	NT=Phospho;AC=UNIMOD:21;MT=variable;TA=S,T,Y;PP=Anywhere	v3.0.0	ms-proteomics v1.1.0	human v1.1.0	cell-lines v1.1.0	untreated control	phosphopeptide enrichment
C1	Homo sapiens	uterine cervix	uterine cervix	endocervical adenocarcinoma	not available	cell line	study sample	HeLa S3	CVCL_0058	HeLa S3	30Y6M	female	adult	not available	African American	1	untreated control	20120126_EXQ5_KiSh_SA_LabelFree_HeLa_Phospho_Control_rep1_Fr2	proteomic profiling by mass spectrometry	20120126_EXQ5_KiSh_SA_LabelFree_HeLa_Phospho_Control_rep1_Fr2.raw	ftp://ftp.pride.ebi.ac.uk/pride/data/archive/2014/08/PXD000612/20120126_EXQ5_KiSh_SA_LabelFree_HeLa_Phospho_Control_rep1_Fr2.raw	NT=label free sample;AC=MS:1002038	1	2	NT=Q Exactive;AC=MS:1001911	NT=Data-dependent acquisition;AC=PRIDE:0000627	not available	NT=beam-type collision-induced dissociation;AC=MS:1000422	25 NCE	not available	20 ppm	NT=Strong cation-exchange chromatography (SCX);AC=PRIDE:0000561	phosphopeptide enrichment	NT=Carbamidomethyl;AC=UNIMOD:4;MT=fixed;TA=C;PP=Anywhere	NT=Oxidation;AC=UNIMOD:35;MT=variable;TA=M;PP=Anywhere	NT=Acetyl;AC=UNIMOD:1;MT=variable;PP=Protein N-term	NT=Phospho;AC=UNIMOD:21;MT=variable;TA=S,T,Y;PP=Anywhere	v3.0.0	ms-proteomics v1.1.0	human v1.1.0	cell-lines v1.1.0	untreated control	phosphopeptide enrichment
C1	Homo sapiens	uterine cervix	uterine cervix	endocervical adenocarcinoma	not available	cell line	study sample	HeLa S3	CVCL_0058	HeLa S3	30Y6M	female	adult	not available	African American	1	untreated control	20120126_EXQ5_KiSh_SA_LabelFree_HeLa_Phospho_Control_rep1_Fr3	proteomic profiling by mass spectrometry	20120126_EXQ5_KiSh_SA_LabelFree_HeLa_Phospho_Control_rep1_Fr3.raw	ftp://ftp.pride.ebi.ac.uk/pride/data/archive/2014/08/PXD000612/20120126_EXQ5_KiSh_SA_LabelFree_HeLa_Phospho_Control_rep1_Fr3.raw	NT=label free sample;AC=MS:1002038	1	3	NT=Q Exactive;AC=MS:1001911	NT=Data-dependent acquisition;AC=PRIDE:0000627	not available	NT=beam-type collision-induced dissociation;AC=MS:1000422	25 NCE	not available	20 ppm	NT=Strong cation-exchange chromatography (SCX);AC=PRIDE:0000561	phosphopeptide enrichment	NT=Carbamidomethyl;AC=UNIMOD:4;MT=fixed;TA=C;PP=Anywhere	NT=Oxidation;AC=UNIMOD:35;MT=variable;TA=M;PP=Anywhere	NT=Acetyl;AC=UNIMOD:1;MT=variable;PP=Protein N-term	NT=Phospho;AC=UNIMOD:21;MT=variable;TA=S,T,Y;PP=Anywhere	v3.0.0	ms-proteomics v1.1.0	human v1.1.0	cell-lines v1.1.0	untreated control	phosphopeptide enrichment
C1	Homo sapiens	uterine cervix	uterine cervix	endocervical adenocarcinoma	not available	cell line	study sample	HeLa S3	CVCL_0058	HeLa S3	30Y6M	female	adult	not available	African American	1	untreated control	20120126_EXQ5_KiSh_SA_LabelFree_HeLa_Phospho_Control_rep1_Fr4	proteomic profiling by mass spectrometry	20120126_EXQ5_KiSh_SA_LabelFree_HeLa_Phospho_Control_rep1_Fr4.raw	ftp://ftp.pride.ebi.ac.uk/pride/data/archive/2014/08/PXD000612/20120126_EXQ5_KiSh_SA_LabelFree_HeLa_Phospho_Control_rep1_Fr4.raw	NT=label free sample;AC=MS:1002038	1	4	NT=Q Exactive;AC=MS:1001911	NT=Data-dependent acquisition;AC=PRIDE:0000627	not available	NT=beam-type collision-induced dissociation;AC=MS:1000422	25 NCE	not available	20 ppm	NT=Strong cation-exchange chromatography (SCX);AC=PRIDE:0000561	phosphopeptide enrichment	NT=Carbamidomethyl;AC=UNIMOD:4;MT=fixed;TA=C;PP=Anywhere	NT=Oxidation;AC=UNIMOD:35;MT=variable;TA=M;PP=Anywhere	NT=Acetyl;AC=UNIMOD:1;MT=variable;PP=Protein N-term	NT=Phospho;AC=UNIMOD:21;MT=variable;TA=S,T,Y;PP=Anywhere	v3.0.0	ms-proteomics v1.1.0	human v1.1.0	cell-lines v1.1.0	untreated control	phosphopeptide enrichment
C1	Homo sapiens	uterine cervix	uterine cervix	endocervical adenocarcinoma	not available	cell line	study sample	HeLa S3	CVCL_0058	HeLa S3	30Y6M	female	adult	not available	African American	1	untreated control	20120126_EXQ5_KiSh_SA_LabelFree_HeLa_Phospho_Control_rep1_Fr5	proteomic profiling by mass spectrometry	20120126_EXQ5_KiSh_SA_LabelFree_HeLa_Phospho_Control_rep1_Fr5.raw	ftp://ftp.pride.ebi.ac.uk/pride/data/archive/2014/08/PXD000612/20120126_EXQ5_KiSh_SA_LabelFree_HeLa_Phospho_Control_rep1_Fr5.raw	NT=label free sample;AC=MS:1002038	1	5	NT=Q Exactive;AC=MS:1001911	NT=Data-dependent acquisition;AC=PRIDE:0000627	not available	NT=beam-type collision-induced dissociation;AC=MS:1000422	25 NCE	not available	20 ppm	NT=Strong cation-exchange chromatography (SCX);AC=PRIDE:0000561	phosphopeptide enrichment	NT=Carbamidomethyl;AC=UNIMOD:4;MT=fixed;TA=C;PP=Anywhere	NT=Oxidation;AC=UNIMOD:35;MT=variable;TA=M;PP=Anywhere	NT=Acetyl;AC=UNIMOD:1;MT=variable;PP=Protein N-term	NT=Phospho;AC=UNIMOD:21;MT=variable;TA=S,T,Y;PP=Anywhere	v3.0.0	ms-proteomics v1.1.0	human v1.1.0	cell-lines v1.1.0	untreated control	phosphopeptide enrichment
C1	Homo sapiens	uterine cervix	uterine cervix	endocervical adenocarcinoma	not available	cell line	study sample	HeLa S3	CVCL_0058	HeLa S3	30Y6M	female	adult	not available	African American	1	untreated control	20120126_EXQ5_KiSh_SA_LabelFree_HeLa_Phospho_Control_rep1_Fr6	proteomic profiling by mass spectrometry	20120126_EXQ5_KiSh_SA_LabelFree_HeLa_Phospho_Control_rep1_Fr6.raw	ftp://ftp.pride.ebi.ac.uk/pride/data/archive/2014/08/PXD000612/20120126_EXQ5_KiSh_SA_LabelFree_HeLa_Phospho_Control_rep1_Fr6.raw	NT=label free sample;AC=MS:1002038	1	6	NT=Q Exactive;AC=MS:1001911	NT=Data-dependent acquisition;AC=PRIDE:0000627	not available	NT=beam-type collision-induced dissociation;AC=MS:1000422	25 NCE	not available	20 ppm	NT=Strong cation-exchange chromatography (SCX);AC=PRIDE:0000561	phosphopeptide enrichment	NT=Carbamidomethyl;AC=UNIMOD:4;MT=fixed;TA=C;PP=Anywhere	NT=Oxidation;AC=UNIMOD:35;MT=variable;TA=M;PP=Anywhere	NT=Acetyl;AC=UNIMOD:1;MT=variable;PP=Protein N-term	NT=Phospho;AC=UNIMOD:21;MT=variable;TA=S,T,Y;PP=Anywhere	v3.0.0	ms-proteomics v1.1.0	human v1.1.0	cell-lines v1.1.0	untreated control	phosphopeptide enrichment
C1	Homo sapiens	uterine cervix	uterine cervix	endocervical adenocarcinoma	not available	cell line	study sample	HeLa S3	CVCL_0058	HeLa S3	30Y6M	female	adult	not available	African American	1	untreated control	20120126_EXQ5_KiSh_SA_LabelFree_HeLa_Phospho_Control_rep1_FT1	proteomic profiling by mass spectrometry	20120126_EXQ5_KiSh_SA_LabelFree_HeLa_Phospho_Control_rep1_FT1.raw	ftp://ftp.pride.ebi.ac.uk/pride/data/archive/2014/08/PXD000612/20120126_EXQ5_KiSh_SA_LabelFree_HeLa_Phospho_Control_rep1_FT1.raw	NT=label free sample;AC=MS:1002038	1	8	NT=Q Exactive;AC=MS:1001911	NT=Data-dependent acquisition;AC=PRIDE:0000627	not available	NT=beam-type collision-induced dissociation;AC=MS:1000422	25 NCE	not available	20 ppm	NT=Strong cation-exchange chromatography (SCX);AC=PRIDE:0000561	phosphopeptide enrichment	NT=Carbamidomethyl;AC=UNIMOD:4;MT=fixed;TA=C;PP=Anywhere	NT=Oxidation;AC=UNIMOD:35;MT=variable;TA=M;PP=Anywhere	NT=Acetyl;AC=UNIMOD:1;MT=variable;PP=Protein N-term	NT=Phospho;AC=UNIMOD:21;MT=variable;TA=S,T,Y;PP=Anywhere	v3.0.0	ms-proteomics v1.1.0	human v1.1.0	cell-lines v1.1.0	untreated control	phosphopeptide enrichment
C1	Homo sapiens	uterine cervix	uterine cervix	endocervical adenocarcinoma	not available	cell line	study sample	HeLa S3	CVCL_0058	HeLa S3	30Y6M	female	adult	not available	African American	1	untreated control	20120126_EXQ5_KiSh_SA_LabelFree_HeLa_Phospho_Control_rep1_FT2	proteomic profiling by mass spectrometry	20120126_EXQ5_KiSh_SA_LabelFree_HeLa_Phospho_Control_rep1_FT2.raw	ftp://ftp.pride.ebi.ac.uk/pride/data/archive/2014/08/PXD000612/20120126_EXQ5_KiSh_SA_LabelFree_HeLa_Phospho_Control_rep1_FT2.raw	NT=label free sample;AC=MS:1002038	1	9	NT=Q Exactive;AC=MS:1001911	NT=Data-dependent acquisition;AC=PRIDE:0000627	not available	NT=beam-type collision-induced dissociation;AC=MS:1000422	25 NCE	not available	20 ppm	NT=Strong cation-exchange chromatography (SCX);AC=PRIDE:0000561	phosphopeptide enrichment	NT=Carbamidomethyl;AC=UNIMOD:4;MT=fixed;TA=C;PP=Anywhere	NT=Oxidation;AC=UNIMOD:35;MT=variable;TA=M;PP=Anywhere	NT=Acetyl;AC=UNIMOD:1;MT=variable;PP=Protein N-term	NT=Phospho;AC=UNIMOD:21;MT=variable;TA=S,T,Y;PP=Anywhere	v3.0.0	ms-proteomics v1.1.0	human v1.1.0	cell-lines v1.1.0	untreated control	phosphopeptide enrichment
C1	Homo sapiens	uterine cervix	uterine cervix	endocervical adenocarcinoma	not available	cell line	study sample	HeLa S3	CVCL_0058	HeLa S3	30Y6M	female	adult	not available	African American	1	untreated control	20120126_EXQ5_KiSh_SA_LabelFree_HeLa_Phospho_Control_rep1_FT3	proteomic profiling by mass spectrometry	20120126_EXQ5_KiSh_SA_LabelFree_HeLa_Phospho_Control_rep1_FT3.raw	ftp://ftp.pride.ebi.ac.uk/pride/data/archive/2014/08/PXD000612/20120126_EXQ5_KiSh_SA_LabelFree_HeLa_Phospho_Control_rep1_FT3.raw	NT=label free sample;AC=MS:1002038	1	10	NT=Q Exactive;AC=MS:1001911	NT=Data-dependent acquisition;AC=PRIDE:0000627	not available	NT=beam-type collision-induced dissociation;AC=MS:1000422	25 NCE	not available	20 ppm	NT=Strong cation-exchange chromatography (SCX);AC=PRIDE:0000561	phosphopeptide enrichment	NT=Carbamidomethyl;AC=UNIMOD:4;MT=fixed;TA=C;PP=Anywhere	NT=Oxidation;AC=UNIMOD:35;MT=variable;TA=M;PP=Anywhere	NT=Acetyl;AC=UNIMOD:1;MT=variable;PP=Protein N-term	NT=Phospho;AC=UNIMOD:21;MT=variable;TA=S,T,Y;PP=Anywhere	v3.0.0	ms-proteomics v1.1.0	human v1.1.0	cell-lines v1.1.0	untreated control	phosphopeptide enrichment
C2	Homo sapiens	uterine cervix	uterine cervix	endocervical adenocarcinoma	not available	cell line	study sample	HeLa S3	CVCL_0058	HeLa S3	30Y6M	female	adult	not available	African American	2	untreated control	20120127_EXQ5_KiSh_SA_LabelFree_HeLa_Phospho_Control_rep2_Fr1	proteomic profiling by mass spectrometry	20120127_EXQ5_KiSh_SA_LabelFree_HeLa_Phospho_Control_rep2_Fr1.raw	ftp://ftp.pride.ebi.ac.uk/pride/data/archive/2014/08/PXD000612/20120127_EXQ5_KiSh_SA_LabelFree_HeLa_Phospho_Control_rep2_Fr1.raw	NT=label free sample;AC=MS:1002038	1	1	NT=Q Exactive;AC=MS:1001911	NT=Data-dependent acquisition;AC=PRIDE:0000627	not available	NT=beam-type collision-induced dissociation;AC=MS:1000422	25 NCE	not available	20 ppm	NT=Strong cation-exchange chromatography (SCX);AC=PRIDE:0000561	phosphopeptide enrichment	NT=Carbamidomethyl;AC=UNIMOD:4;MT=fixed;TA=C;PP=Anywhere	NT=Oxidation;AC=UNIMOD:35;MT=variable;TA=M;PP=Anywhere	NT=Acetyl;AC=UNIMOD:1;MT=variable;PP=Protein N-term	NT=Phospho;AC=UNIMOD:21;MT=variable;TA=S,T,Y;PP=Anywhere	v3.0.0	ms-proteomics v1.1.0	human v1.1.0	cell-lines v1.1.0	untreated control	phosphopeptide enrichment
C2	Homo sapiens	uterine cervix	uterine cervix	endocervical adenocarcinoma	not available	cell line	study sample	HeLa S3	CVCL_0058	HeLa S3	30Y6M	female	adult	not available	African American	2	untreated control	20120127_EXQ5_KiSh_SA_LabelFree_HeLa_Phospho_Control_rep2_Fr2	proteomic profiling by mass spectrometry	20120127_EXQ5_KiSh_SA_LabelFree_HeLa_Phospho_Control_rep2_Fr2.raw	ftp://ftp.pride.ebi.ac.uk/pride/data/archive/2014/08/PXD000612/20120127_EXQ5_KiSh_SA_LabelFree_HeLa_Phospho_Control_rep2_Fr2.raw	NT=label free sample;AC=MS:1002038	1	2	NT=Q Exactive;AC=MS:1001911	NT=Data-dependent acquisition;AC=PRIDE:0000627	not available	NT=beam-type collision-induced dissociation;AC=MS:1000422	25 NCE	not available	20 ppm	NT=Strong cation-exchange chromatography (SCX);AC=PRIDE:0000561	phosphopeptide enrichment	NT=Carbamidomethyl;AC=UNIMOD:4;MT=fixed;TA=C;PP=Anywhere	NT=Oxidation;AC=UNIMOD:35;MT=variable;TA=M;PP=Anywhere	NT=Acetyl;AC=UNIMOD:1;MT=variable;PP=Protein N-term	NT=Phospho;AC=UNIMOD:21;MT=variable;TA=S,T,Y;PP=Anywhere	v3.0.0	ms-proteomics v1.1.0	human v1.1.0	cell-lines v1.1.0	untreated control	phosphopeptide enrichment
C2	Homo sapiens	uterine cervix	uterine cervix	endocervical adenocarcinoma	not available	cell line	study sample	HeLa S3	CVCL_0058	HeLa S3	30Y6M	female	adult	not available	African American	2	untreated control	20120127_EXQ5_KiSh_SA_LabelFree_HeLa_Phospho_Control_rep2_Fr3	proteomic profiling by mass spectrometry	20120127_EXQ5_KiSh_SA_LabelFree_HeLa_Phospho_Control_rep2_Fr3.raw	ftp://ftp.pride.ebi.ac.uk/pride/data/archive/2014/08/PXD000612/20120127_EXQ5_KiSh_SA_LabelFree_HeLa_Phospho_Control_rep2_Fr3.raw	NT=label free sample;AC=MS:1002038	1	3	NT=Q Exactive;AC=MS:1001911	NT=Data-dependent acquisition;AC=PRIDE:0000627	not available	NT=beam-type collision-induced dissociation;AC=MS:1000422	25 NCE	not available	20 ppm	NT=Strong cation-exchange chromatography (SCX);AC=PRIDE:0000561	phosphopeptide enrichment	NT=Carbamidomethyl;AC=UNIMOD:4;MT=fixed;TA=C;PP=Anywhere	NT=Oxidation;AC=UNIMOD:35;MT=variable;TA=M;PP=Anywhere	NT=Acetyl;AC=UNIMOD:1;MT=variable;PP=Protein N-term	NT=Phospho;AC=UNIMOD:21;MT=variable;TA=S,T,Y;PP=Anywhere	v3.0.0	ms-proteomics v1.1.0	human v1.1.0	cell-lines v1.1.0	untreated control	phosphopeptide enrichment
C2	Homo sapiens	uterine cervix	uterine cervix	endocervical adenocarcinoma	not available	cell line	study sample	HeLa S3	CVCL_0058	HeLa S3	30Y6M	female	adult	not available	African American	2	untreated control	20120127_EXQ5_KiSh_SA_LabelFree_HeLa_Phospho_Control_rep2_Fr4	proteomic profiling by mass spectrometry	20120127_EXQ5_KiSh_SA_LabelFree_HeLa_Phospho_Control_rep2_Fr4.raw	ftp://ftp.pride.ebi.ac.uk/pride/data/archive/2014/08/PXD000612/20120127_EXQ5_KiSh_SA_LabelFree_HeLa_Phospho_Control_rep2_Fr4.raw	NT=label free sample;AC=MS:1002038	1	4	NT=Q Exactive;AC=MS:1001911	NT=Data-dependent acquisition;AC=PRIDE:0000627	not available	NT=beam-type collision-induced dissociation;AC=MS:1000422	25 NCE	not available	20 ppm	NT=Strong cation-exchange chromatography (SCX);AC=PRIDE:0000561	phosphopeptide enrichment	NT=Carbamidomethyl;AC=UNIMOD:4;MT=fixed;TA=C;PP=Anywhere	NT=Oxidation;AC=UNIMOD:35;MT=variable;TA=M;PP=Anywhere	NT=Acetyl;AC=UNIMOD:1;MT=variable;PP=Protein N-term	NT=Phospho;AC=UNIMOD:21;MT=variable;TA=S,T,Y;PP=Anywhere	v3.0.0	ms-proteomics v1.1.0	human v1.1.0	cell-lines v1.1.0	untreated control	phosphopeptide enrichment
C2	Homo sapiens	uterine cervix	uterine cervix	endocervical adenocarcinoma	not available	cell line	study sample	HeLa S3	CVCL_0058	HeLa S3	30Y6M	female	adult	not available	African American	2	untreated control	20120127_EXQ5_KiSh_SA_LabelFree_HeLa_Phospho_Control_rep2_Fr5	proteomic profiling by mass spectrometry	20120127_EXQ5_KiSh_SA_LabelFree_HeLa_Phospho_Control_rep2_Fr5.raw	ftp://ftp.pride.ebi.ac.uk/pride/data/archive/2014/08/PXD000612/20120127_EXQ5_KiSh_SA_LabelFree_HeLa_Phospho_Control_rep2_Fr5.raw	NT=label free sample;AC=MS:1002038	1	5	NT=Q Exactive;AC=MS:1001911	NT=Data-dependent acquisition;AC=PRIDE:0000627	not available	NT=beam-type collision-induced dissociation;AC=MS:1000422	25 NCE	not available	20 ppm	NT=Strong cation-exchange chromatography (SCX);AC=PRIDE:0000561	phosphopeptide enrichment	NT=Carbamidomethyl;AC=UNIMOD:4;MT=fixed;TA=C;PP=Anywhere	NT=Oxidation;AC=UNIMOD:35;MT=variable;TA=M;PP=Anywhere	NT=Acetyl;AC=UNIMOD:1;MT=variable;PP=Protein N-term	NT=Phospho;AC=UNIMOD:21;MT=variable;TA=S,T,Y;PP=Anywhere	v3.0.0	ms-proteomics v1.1.0	human v1.1.0	cell-lines v1.1.0	untreated control	phosphopeptide enrichment
C2	Homo sapiens	uterine cervix	uterine cervix	endocervical adenocarcinoma	not available	cell line	study sample	HeLa S3	CVCL_0058	HeLa S3	30Y6M	female	adult	not available	African American	2	untreated control	20120127_EXQ5_KiSh_SA_LabelFree_HeLa_Phospho_Control_rep2_Fr6	proteomic profiling by mass spectrometry	20120127_EXQ5_KiSh_SA_LabelFree_HeLa_Phospho_Control_rep2_Fr6.raw	ftp://ftp.pride.ebi.ac.uk/pride/data/archive/2014/08/PXD000612/20120127_EXQ5_KiSh_SA_LabelFree_HeLa_Phospho_Control_rep2_Fr6.raw	NT=label free sample;AC=MS:1002038	1	6	NT=Q Exactive;AC=MS:1001911	NT=Data-dependent acquisition;AC=PRIDE:0000627	not available	NT=beam-type collision-induced dissociation;AC=MS:1000422	25 NCE	not available	20 ppm	NT=Strong cation-exchange chromatography (SCX);AC=PRIDE:0000561	phosphopeptide enrichment	NT=Carbamidomethyl;AC=UNIMOD:4;MT=fixed;TA=C;PP=Anywhere	NT=Oxidation;AC=UNIMOD:35;MT=variable;TA=M;PP=Anywhere	NT=Acetyl;AC=UNIMOD:1;MT=variable;PP=Protein N-term	NT=Phospho;AC=UNIMOD:21;MT=variable;TA=S,T,Y;PP=Anywhere	v3.0.0	ms-proteomics v1.1.0	human v1.1.0	cell-lines v1.1.0	untreated control	phosphopeptide enrichment
C2	Homo sapiens	uterine cervix	uterine cervix	endocervical adenocarcinoma	not available	cell line	study sample	HeLa S3	CVCL_0058	HeLa S3	30Y6M	female	adult	not available	African American	2	untreated control	20120127_EXQ5_KiSh_SA_LabelFree_HeLa_Phospho_Control_rep2_FT1	proteomic profiling by mass spectrometry	20120127_EXQ5_KiSh_SA_LabelFree_HeLa_Phospho_Control_rep2_FT1.raw	ftp://ftp.pride.ebi.ac.uk/pride/data/archive/2014/08/PXD000612/20120127_EXQ5_KiSh_SA_LabelFree_HeLa_Phospho_Control_rep2_FT1.raw	NT=label free sample;AC=MS:1002038	1	8	NT=Q Exactive;AC=MS:1001911	NT=Data-dependent acquisition;AC=PRIDE:0000627	not available	NT=beam-type collision-induced dissociation;AC=MS:1000422	25 NCE	not available	20 ppm	NT=Strong cation-exchange chromatography (SCX);AC=PRIDE:0000561	phosphopeptide enrichment	NT=Carbamidomethyl;AC=UNIMOD:4;MT=fixed;TA=C;PP=Anywhere	NT=Oxidation;AC=UNIMOD:35;MT=variable;TA=M;PP=Anywhere	NT=Acetyl;AC=UNIMOD:1;MT=variable;PP=Protein N-term	NT=Phospho;AC=UNIMOD:21;MT=variable;TA=S,T,Y;PP=Anywhere	v3.0.0	ms-proteomics v1.1.0	human v1.1.0	cell-lines v1.1.0	untreated control	phosphopeptide enrichment
C2	Homo sapiens	uterine cervix	uterine cervix	endocervical adenocarcinoma	not available	cell line	study sample	HeLa S3	CVCL_0058	HeLa S3	30Y6M	female	adult	not available	African American	2	untreated control	20120127_EXQ5_KiSh_SA_LabelFree_HeLa_Phospho_Control_rep2_FT2	proteomic profiling by mass spectrometry	20120127_EXQ5_KiSh_SA_LabelFree_HeLa_Phospho_Control_rep2_FT2.raw	ftp://ftp.pride.ebi.ac.uk/pride/data/archive/2014/08/PXD000612/20120127_EXQ5_KiSh_SA_LabelFree_HeLa_Phospho_Control_rep2_FT2.raw	NT=label free sample;AC=MS:1002038	1	9	NT=Q Exactive;AC=MS:1001911	NT=Data-dependent acquisition;AC=PRIDE:0000627	not available	NT=beam-type collision-induced dissociation;AC=MS:1000422	25 NCE	not available	20 ppm	NT=Strong cation-exchange chromatography (SCX);AC=PRIDE:0000561	phosphopeptide enrichment	NT=Carbamidomethyl;AC=UNIMOD:4;MT=fixed;TA=C;PP=Anywhere	NT=Oxidation;AC=UNIMOD:35;MT=variable;TA=M;PP=Anywhere	NT=Acetyl;AC=UNIMOD:1;MT=variable;PP=Protein N-term	NT=Phospho;AC=UNIMOD:21;MT=variable;TA=S,T,Y;PP=Anywhere	v3.0.0	ms-proteomics v1.1.0	human v1.1.0	cell-lines v1.1.0	untreated control	phosphopeptide enrichment
C2	Homo sapiens	uterine cervix	uterine cervix	endocervical adenocarcinoma	not available	cell line	study sample	HeLa S3	CVCL_0058	HeLa S3	30Y6M	female	adult	not available	African American	2	untreated control	20120127_EXQ5_KiSh_SA_LabelFree_HeLa_Phospho_Control_rep2_FT3a	proteomic profiling by mass spectrometry	20120127_EXQ5_KiSh_SA_LabelFree_HeLa_Phospho_Control_rep2_FT3a.raw	ftp://ftp.pride.ebi.ac.uk/pride/data/archive/2014/08/PXD000612/20120127_EXQ5_KiSh_SA_LabelFree_HeLa_Phospho_Control_rep2_FT3a.raw	NT=label free sample;AC=MS:1002038	1	10	NT=Q Exactive;AC=MS:1001911	NT=Data-dependent acquisition;AC=PRIDE:0000627	not available	NT=beam-type collision-induced dissociation;AC=MS:1000422	25 NCE	not available	20 ppm	NT=Strong cation-exchange chromatography (SCX);AC=PRIDE:0000561	phosphopeptide enrichment	NT=Carbamidomethyl;AC=UNIMOD:4;MT=fixed;TA=C;PP=Anywhere	NT=Oxidation;AC=UNIMOD:35;MT=variable;TA=M;PP=Anywhere	NT=Acetyl;AC=UNIMOD:1;MT=variable;PP=Protein N-term	NT=Phospho;AC=UNIMOD:21;MT=variable;TA=S,T,Y;PP=Anywhere	v3.0.0	ms-proteomics v1.1.0	human v1.1.0	cell-lines v1.1.0	untreated control	phosphopeptide enrichment
C3	Homo sapiens	uterine cervix	uterine cervix	endocervical adenocarcinoma	not available	cell line	study sample	HeLa S3	CVCL_0058	HeLa S3	30Y6M	female	adult	not available	African American	3	untreated control	20120128_EXQ5_KiSh_SA_LabelFree_HeLa_Phospho_Control_rep3_Fr1	proteomic profiling by mass spectrometry	20120128_EXQ5_KiSh_SA_LabelFree_HeLa_Phospho_Control_rep3_Fr1.raw	ftp://ftp.pride.ebi.ac.uk/pride/data/archive/2014/08/PXD000612/20120128_EXQ5_KiSh_SA_LabelFree_HeLa_Phospho_Control_rep3_Fr1.raw	NT=label free sample;AC=MS:1002038	1	1	NT=Q Exactive;AC=MS:1001911	NT=Data-dependent acquisition;AC=PRIDE:0000627	not available	NT=beam-type collision-induced dissociation;AC=MS:1000422	25 NCE	not available	20 ppm	NT=Strong cation-exchange chromatography (SCX);AC=PRIDE:0000561	phosphopeptide enrichment	NT=Carbamidomethyl;AC=UNIMOD:4;MT=fixed;TA=C;PP=Anywhere	NT=Oxidation;AC=UNIMOD:35;MT=variable;TA=M;PP=Anywhere	NT=Acetyl;AC=UNIMOD:1;MT=variable;PP=Protein N-term	NT=Phospho;AC=UNIMOD:21;MT=variable;TA=S,T,Y;PP=Anywhere	v3.0.0	ms-proteomics v1.1.0	human v1.1.0	cell-lines v1.1.0	untreated control	phosphopeptide enrichment
C3	Homo sapiens	uterine cervix	uterine cervix	endocervical adenocarcinoma	not available	cell line	study sample	HeLa S3	CVCL_0058	HeLa S3	30Y6M	female	adult	not available	African American	3	untreated control	20120128_EXQ5_KiSh_SA_LabelFree_HeLa_Phospho_Control_rep3_Fr2	proteomic profiling by mass spectrometry	20120128_EXQ5_KiSh_SA_LabelFree_HeLa_Phospho_Control_rep3_Fr2.raw	ftp://ftp.pride.ebi.ac.uk/pride/data/archive/2014/08/PXD000612/20120128_EXQ5_KiSh_SA_LabelFree_HeLa_Phospho_Control_rep3_Fr2.raw	NT=label free sample;AC=MS:1002038	1	2	NT=Q Exactive;AC=MS:1001911	NT=Data-dependent acquisition;AC=PRIDE:0000627	not available	NT=beam-type collision-induced dissociation;AC=MS:1000422	25 NCE	not available	20 ppm	NT=Strong cation-exchange chromatography (SCX);AC=PRIDE:0000561	phosphopeptide enrichment	NT=Carbamidomethyl;AC=UNIMOD:4;MT=fixed;TA=C;PP=Anywhere	NT=Oxidation;AC=UNIMOD:35;MT=variable;TA=M;PP=Anywhere	NT=Acetyl;AC=UNIMOD:1;MT=variable;PP=Protein N-term	NT=Phospho;AC=UNIMOD:21;MT=variable;TA=S,T,Y;PP=Anywhere	v3.0.0	ms-proteomics v1.1.0	human v1.1.0	cell-lines v1.1.0	untreated control	phosphopeptide enrichment
C3	Homo sapiens	uterine cervix	uterine cervix	endocervical adenocarcinoma	not available	cell line	study sample	HeLa S3	CVCL_0058	HeLa S3	30Y6M	female	adult	not available	African American	3	untreated control	20120128_EXQ5_KiSh_SA_LabelFree_HeLa_Phospho_Control_rep3_Fr3	proteomic profiling by mass spectrometry	20120128_EXQ5_KiSh_SA_LabelFree_HeLa_Phospho_Control_rep3_Fr3.raw	ftp://ftp.pride.ebi.ac.uk/pride/data/archive/2014/08/PXD000612/20120128_EXQ5_KiSh_SA_LabelFree_HeLa_Phospho_Control_rep3_Fr3.raw	NT=label free sample;AC=MS:1002038	1	3	NT=Q Exactive;AC=MS:1001911	NT=Data-dependent acquisition;AC=PRIDE:0000627	not available	NT=beam-type collision-induced dissociation;AC=MS:1000422	25 NCE	not available	20 ppm	NT=Strong cation-exchange chromatography (SCX);AC=PRIDE:0000561	phosphopeptide enrichment	NT=Carbamidomethyl;AC=UNIMOD:4;MT=fixed;TA=C;PP=Anywhere	NT=Oxidation;AC=UNIMOD:35;MT=variable;TA=M;PP=Anywhere	NT=Acetyl;AC=UNIMOD:1;MT=variable;PP=Protein N-term	NT=Phospho;AC=UNIMOD:21;MT=variable;TA=S,T,Y;PP=Anywhere	v3.0.0	ms-proteomics v1.1.0	human v1.1.0	cell-lines v1.1.0	untreated control	phosphopeptide enrichment
C3	Homo sapiens	uterine cervix	uterine cervix	endocervical adenocarcinoma	not available	cell line	study sample	HeLa S3	CVCL_0058	HeLa S3	30Y6M	female	adult	not available	African American	3	untreated control	20120128_EXQ5_KiSh_SA_LabelFree_HeLa_Phospho_Control_rep3_Fr4	proteomic profiling by mass spectrometry	20120128_EXQ5_KiSh_SA_LabelFree_HeLa_Phospho_Control_rep3_Fr4.raw	ftp://ftp.pride.ebi.ac.uk/pride/data/archive/2014/08/PXD000612/20120128_EXQ5_KiSh_SA_LabelFree_HeLa_Phospho_Control_rep3_Fr4.raw	NT=label free sample;AC=MS:1002038	1	4	NT=Q Exactive;AC=MS:1001911	NT=Data-dependent acquisition;AC=PRIDE:0000627	not available	NT=beam-type collision-induced dissociation;AC=MS:1000422	25 NCE	not available	20 ppm	NT=Strong cation-exchange chromatography (SCX);AC=PRIDE:0000561	phosphopeptide enrichment	NT=Carbamidomethyl;AC=UNIMOD:4;MT=fixed;TA=C;PP=Anywhere	NT=Oxidation;AC=UNIMOD:35;MT=variable;TA=M;PP=Anywhere	NT=Acetyl;AC=UNIMOD:1;MT=variable;PP=Protein N-term	NT=Phospho;AC=UNIMOD:21;MT=variable;TA=S,T,Y;PP=Anywhere	v3.0.0	ms-proteomics v1.1.0	human v1.1.0	cell-lines v1.1.0	untreated control	phosphopeptide enrichment
C3	Homo sapiens	uterine cervix	uterine cervix	endocervical adenocarcinoma	not available	cell line	study sample	HeLa S3	CVCL_0058	HeLa S3	30Y6M	female	adult	not available	African American	3	untreated control	20120128_EXQ5_KiSh_SA_LabelFree_HeLa_Phospho_Control_rep3_Fr5	proteomic profiling by mass spectrometry	20120128_EXQ5_KiSh_SA_LabelFree_HeLa_Phospho_Control_rep3_Fr5.raw	ftp://ftp.pride.ebi.ac.uk/pride/data/archive/2014/08/PXD000612/20120128_EXQ5_KiSh_SA_LabelFree_HeLa_Phospho_Control_rep3_Fr5.raw	NT=label free sample;AC=MS:1002038	1	5	NT=Q Exactive;AC=MS:1001911	NT=Data-dependent acquisition;AC=PRIDE:0000627	not available	NT=beam-type collision-induced dissociation;AC=MS:1000422	25 NCE	not available	20 ppm	NT=Strong cation-exchange chromatography (SCX);AC=PRIDE:0000561	phosphopeptide enrichment	NT=Carbamidomethyl;AC=UNIMOD:4;MT=fixed;TA=C;PP=Anywhere	NT=Oxidation;AC=UNIMOD:35;MT=variable;TA=M;PP=Anywhere	NT=Acetyl;AC=UNIMOD:1;MT=variable;PP=Protein N-term	NT=Phospho;AC=UNIMOD:21;MT=variable;TA=S,T,Y;PP=Anywhere	v3.0.0	ms-proteomics v1.1.0	human v1.1.0	cell-lines v1.1.0	untreated control	phosphopeptide enrichment
C3	Homo sapiens	uterine cervix	uterine cervix	endocervical adenocarcinoma	not available	cell line	study sample	HeLa S3	CVCL_0058	HeLa S3	30Y6M	female	adult	not available	African American	3	untreated control	20120128_EXQ5_KiSh_SA_LabelFree_HeLa_Phospho_Control_rep3_Fr6	proteomic profiling by mass spectrometry	20120128_EXQ5_KiSh_SA_LabelFree_HeLa_Phospho_Control_rep3_Fr6.raw	ftp://ftp.pride.ebi.ac.uk/pride/data/archive/2014/08/PXD000612/20120128_EXQ5_KiSh_SA_LabelFree_HeLa_Phospho_Control_rep3_Fr6.raw	NT=label free sample;AC=MS:1002038	1	6	NT=Q Exactive;AC=MS:1001911	NT=Data-dependent acquisition;AC=PRIDE:0000627	not available	NT=beam-type collision-induced dissociation;AC=MS:1000422	25 NCE	not available	20 ppm	NT=Strong cation-exchange chromatography (SCX);AC=PRIDE:0000561	phosphopeptide enrichment	NT=Carbamidomethyl;AC=UNIMOD:4;MT=fixed;TA=C;PP=Anywhere	NT=Oxidation;AC=UNIMOD:35;MT=variable;TA=M;PP=Anywhere	NT=Acetyl;AC=UNIMOD:1;MT=variable;PP=Protein N-term	NT=Phospho;AC=UNIMOD:21;MT=variable;TA=S,T,Y;PP=Anywhere	v3.0.0	ms-proteomics v1.1.0	human v1.1.0	cell-lines v1.1.0	untreated control	phosphopeptide enrichment
C3	Homo sapiens	uterine cervix	uterine cervix	endocervical adenocarcinoma	not available	cell line	study sample	HeLa S3	CVCL_0058	HeLa S3	30Y6M	female	adult	not available	African American	3	untreated control	20120128_EXQ5_KiSh_SA_LabelFree_HeLa_Phospho_Control_rep3_FT1	proteomic profiling by mass spectrometry	20120128_EXQ5_KiSh_SA_LabelFree_HeLa_Phospho_Control_rep3_FT1.raw	ftp://ftp.pride.ebi.ac.uk/pride/data/archive/2014/08/PXD000612/20120128_EXQ5_KiSh_SA_LabelFree_HeLa_Phospho_Control_rep3_FT1.raw	NT=label free sample;AC=MS:1002038	1	8	NT=Q Exactive;AC=MS:1001911	NT=Data-dependent acquisition;AC=PRIDE:0000627	not available	NT=beam-type collision-induced dissociation;AC=MS:1000422	25 NCE	not available	20 ppm	NT=Strong cation-exchange chromatography (SCX);AC=PRIDE:0000561	phosphopeptide enrichment	NT=Carbamidomethyl;AC=UNIMOD:4;MT=fixed;TA=C;PP=Anywhere	NT=Oxidation;AC=UNIMOD:35;MT=variable;TA=M;PP=Anywhere	NT=Acetyl;AC=UNIMOD:1;MT=variable;PP=Protein N-term	NT=Phospho;AC=UNIMOD:21;MT=variable;TA=S,T,Y;PP=Anywhere	v3.0.0	ms-proteomics v1.1.0	human v1.1.0	cell-lines v1.1.0	untreated control	phosphopeptide enrichment
C3	Homo sapiens	uterine cervix	uterine cervix	endocervical adenocarcinoma	not available	cell line	study sample	HeLa S3	CVCL_0058	HeLa S3	30Y6M	female	adult	not available	African American	3	untreated control	20120128_EXQ5_KiSh_SA_LabelFree_HeLa_Phospho_Control_rep3_FT2	proteomic profiling by mass spectrometry	20120128_EXQ5_KiSh_SA_LabelFree_HeLa_Phospho_Control_rep3_FT2.raw	ftp://ftp.pride.ebi.ac.uk/pride/data/archive/2014/08/PXD000612/20120128_EXQ5_KiSh_SA_LabelFree_HeLa_Phospho_Control_rep3_FT2.raw	NT=label free sample;AC=MS:1002038	1	9	NT=Q Exactive;AC=MS:1001911	NT=Data-dependent acquisition;AC=PRIDE:0000627	not available	NT=beam-type collision-induced dissociation;AC=MS:1000422	25 NCE	not available	20 ppm	NT=Strong cation-exchange chromatography (SCX);AC=PRIDE:0000561	phosphopeptide enrichment	NT=Carbamidomethyl;AC=UNIMOD:4;MT=fixed;TA=C;PP=Anywhere	NT=Oxidation;AC=UNIMOD:35;MT=variable;TA=M;PP=Anywhere	NT=Acetyl;AC=UNIMOD:1;MT=variable;PP=Protein N-term	NT=Phospho;AC=UNIMOD:21;MT=variable;TA=S,T,Y;PP=Anywhere	v3.0.0	ms-proteomics v1.1.0	human v1.1.0	cell-lines v1.1.0	untreated control	phosphopeptide enrichment
C3	Homo sapiens	uterine cervix	uterine cervix	endocervical adenocarcinoma	not available	cell line	study sample	HeLa S3	CVCL_0058	HeLa S3	30Y6M	female	adult	not available	African American	3	untreated control	20120128_EXQ5_KiSh_SA_LabelFree_HeLa_Phospho_Control_rep3_FT3	proteomic profiling by mass spectrometry	20120128_EXQ5_KiSh_SA_LabelFree_HeLa_Phospho_Control_rep3_FT3.raw	ftp://ftp.pride.ebi.ac.uk/pride/data/archive/2014/08/PXD000612/20120128_EXQ5_KiSh_SA_LabelFree_HeLa_Phospho_Control_rep3_FT3.raw	NT=label free sample;AC=MS:1002038	1	10	NT=Q Exactive;AC=MS:1001911	NT=Data-dependent acquisition;AC=PRIDE:0000627	not available	NT=beam-type collision-induced dissociation;AC=MS:1000422	25 NCE	not available	20 ppm	NT=Strong cation-exchange chromatography (SCX);AC=PRIDE:0000561	phosphopeptide enrichment	NT=Carbamidomethyl;AC=UNIMOD:4;MT=fixed;TA=C;PP=Anywhere	NT=Oxidation;AC=UNIMOD:35;MT=variable;TA=M;PP=Anywhere	NT=Acetyl;AC=UNIMOD:1;MT=variable;PP=Protein N-term	NT=Phospho;AC=UNIMOD:21;MT=variable;TA=S,T,Y;PP=Anywhere	v3.0.0	ms-proteomics v1.1.0	human v1.1.0	cell-lines v1.1.0	untreated control	phosphopeptide enrichment
C6	Homo sapiens	uterine cervix	uterine cervix	endocervical adenocarcinoma	not available	cell line	study sample	HeLa S3	CVCL_0058	HeLa S3	30Y6M	female	adult	not available	African American	6	untreated control	20120202_EXQ5_KiSh_SA_LabelFree_HeLa_Phospho_Control_rep6_Fr1	proteomic profiling by mass spectrometry	20120202_EXQ5_KiSh_SA_LabelFree_HeLa_Phospho_Control_rep6_Fr1.raw	ftp://ftp.pride.ebi.ac.uk/pride/data/archive/2014/08/PXD000612/20120202_EXQ5_KiSh_SA_LabelFree_HeLa_Phospho_Control_rep6_Fr1.raw	NT=label free sample;AC=MS:1002038	1	1	NT=Q Exactive;AC=MS:1001911	NT=Data-dependent acquisition;AC=PRIDE:0000627	not available	NT=beam-type collision-induced dissociation;AC=MS:1000422	25 NCE	not available	20 ppm	NT=Strong cation-exchange chromatography (SCX);AC=PRIDE:0000561	phosphopeptide enrichment	NT=Carbamidomethyl;AC=UNIMOD:4;MT=fixed;TA=C;PP=Anywhere	NT=Oxidation;AC=UNIMOD:35;MT=variable;TA=M;PP=Anywhere	NT=Acetyl;AC=UNIMOD:1;MT=variable;PP=Protein N-term	NT=Phospho;AC=UNIMOD:21;MT=variable;TA=S,T,Y;PP=Anywhere	v3.0.0	ms-proteomics v1.1.0	human v1.1.0	cell-lines v1.1.0	untreated control	phosphopeptide enrichment
C6	Homo sapiens	uterine cervix	uterine cervix	endocervical adenocarcinoma	not available	cell line	study sample	HeLa S3	CVCL_0058	HeLa S3	30Y6M	female	adult	not available	African American	6	untreated control	20120206_EXQ5_KiSh_SA_LabelFree_HeLa_Phospho_Control_rep6_Fr2	proteomic profiling by mass spectrometry	20120206_EXQ5_KiSh_SA_LabelFree_HeLa_Phospho_Control_rep6_Fr2.raw	ftp://ftp.pride.ebi.ac.uk/pride/data/archive/2014/08/PXD000612/20120206_EXQ5_KiSh_SA_LabelFree_HeLa_Phospho_Control_rep6_Fr2.raw	NT=label free sample;AC=MS:1002038	1	2	NT=Q Exactive;AC=MS:1001911	NT=Data-dependent acquisition;AC=PRIDE:0000627	not available	NT=beam-type collision-induced dissociation;AC=MS:1000422	25 NCE	not available	20 ppm	NT=Strong cation-exchange chromatography (SCX);AC=PRIDE:0000561	phosphopeptide enrichment	NT=Carbamidomethyl;AC=UNIMOD:4;MT=fixed;TA=C;PP=Anywhere	NT=Oxidation;AC=UNIMOD:35;MT=variable;TA=M;PP=Anywhere	NT=Acetyl;AC=UNIMOD:1;MT=variable;PP=Protein N-term	NT=Phospho;AC=UNIMOD:21;MT=variable;TA=S,T,Y;PP=Anywhere	v3.0.0	ms-proteomics v1.1.0	human v1.1.0	cell-lines v1.1.0	untreated control	phosphopeptide enrichment
C6	Homo sapiens	uterine cervix	uterine cervix	endocervical adenocarcinoma	not available	cell line	study sample	HeLa S3	CVCL_0058	HeLa S3	30Y6M	female	adult	not available	African American	6	untreated control	20120206_EXQ5_KiSh_SA_LabelFree_HeLa_Phospho_Control_rep6_Fr3	proteomic profiling by mass spectrometry	20120206_EXQ5_KiSh_SA_LabelFree_HeLa_Phospho_Control_rep6_Fr3.raw	ftp://ftp.pride.ebi.ac.uk/pride/data/archive/2014/08/PXD000612/20120206_EXQ5_KiSh_SA_LabelFree_HeLa_Phospho_Control_rep6_Fr3.raw	NT=label free sample;AC=MS:1002038	1	3	NT=Q Exactive;AC=MS:1001911	NT=Data-dependent acquisition;AC=PRIDE:0000627	not available	NT=beam-type collision-induced dissociation;AC=MS:1000422	25 NCE	not available	20 ppm	NT=Strong cation-exchange chromatography (SCX);AC=PRIDE:0000561	phosphopeptide enrichment	NT=Carbamidomethyl;AC=UNIMOD:4;MT=fixed;TA=C;PP=Anywhere	NT=Oxidation;AC=UNIMOD:35;MT=variable;TA=M;PP=Anywhere	NT=Acetyl;AC=UNIMOD:1;MT=variable;PP=Protein N-term	NT=Phospho;AC=UNIMOD:21;MT=variable;TA=S,T,Y;PP=Anywhere	v3.0.0	ms-proteomics v1.1.0	human v1.1.0	cell-lines v1.1.0	untreated control	phosphopeptide enrichment
C6	Homo sapiens	uterine cervix	uterine cervix	endocervical adenocarcinoma	not available	cell line	study sample	HeLa S3	CVCL_0058	HeLa S3	30Y6M	female	adult	not available	African American	6	untreated control	20120206_EXQ5_KiSh_SA_LabelFree_HeLa_Phospho_Control_rep6_Fr4	proteomic profiling by mass spectrometry	20120206_EXQ5_KiSh_SA_LabelFree_HeLa_Phospho_Control_rep6_Fr4.raw	ftp://ftp.pride.ebi.ac.uk/pride/data/archive/2014/08/PXD000612/20120206_EXQ5_KiSh_SA_LabelFree_HeLa_Phospho_Control_rep6_Fr4.raw	NT=label free sample;AC=MS:1002038	1	4	NT=Q Exactive;AC=MS:1001911	NT=Data-dependent acquisition;AC=PRIDE:0000627	not available	NT=beam-type collision-induced dissociation;AC=MS:1000422	25 NCE	not available	20 ppm	NT=Strong cation-exchange chromatography (SCX);AC=PRIDE:0000561	phosphopeptide enrichment	NT=Carbamidomethyl;AC=UNIMOD:4;MT=fixed;TA=C;PP=Anywhere	NT=Oxidation;AC=UNIMOD:35;MT=variable;TA=M;PP=Anywhere	NT=Acetyl;AC=UNIMOD:1;MT=variable;PP=Protein N-term	NT=Phospho;AC=UNIMOD:21;MT=variable;TA=S,T,Y;PP=Anywhere	v3.0.0	ms-proteomics v1.1.0	human v1.1.0	cell-lines v1.1.0	untreated control	phosphopeptide enrichment
C6	Homo sapiens	uterine cervix	uterine cervix	endocervical adenocarcinoma	not available	cell line	study sample	HeLa S3	CVCL_0058	HeLa S3	30Y6M	female	adult	not available	African American	6	untreated control	20120206_EXQ5_KiSh_SA_LabelFree_HeLa_Phospho_Control_rep6_Fr5	proteomic profiling by mass spectrometry	20120206_EXQ5_KiSh_SA_LabelFree_HeLa_Phospho_Control_rep6_Fr5.raw	ftp://ftp.pride.ebi.ac.uk/pride/data/archive/2014/08/PXD000612/20120206_EXQ5_KiSh_SA_LabelFree_HeLa_Phospho_Control_rep6_Fr5.raw	NT=label free sample;AC=MS:1002038	1	5	NT=Q Exactive;AC=MS:1001911	NT=Data-dependent acquisition;AC=PRIDE:0000627	not available	NT=beam-type collision-induced dissociation;AC=MS:1000422	25 NCE	not available	20 ppm	NT=Strong cation-exchange chromatography (SCX);AC=PRIDE:0000561	phosphopeptide enrichment	NT=Carbamidomethyl;AC=UNIMOD:4;MT=fixed;TA=C;PP=Anywhere	NT=Oxidation;AC=UNIMOD:35;MT=variable;TA=M;PP=Anywhere	NT=Acetyl;AC=UNIMOD:1;MT=variable;PP=Protein N-term	NT=Phospho;AC=UNIMOD:21;MT=variable;TA=S,T,Y;PP=Anywhere	v3.0.0	ms-proteomics v1.1.0	human v1.1.0	cell-lines v1.1.0	untreated control	phosphopeptide enrichment
C6	Homo sapiens	uterine cervix	uterine cervix	endocervical adenocarcinoma	not available	cell line	study sample	HeLa S3	CVCL_0058	HeLa S3	30Y6M	female	adult	not available	African American	6	untreated control	20120206_EXQ5_KiSh_SA_LabelFree_HeLa_Phospho_Control_rep6_Fr6	proteomic profiling by mass spectrometry	20120206_EXQ5_KiSh_SA_LabelFree_HeLa_Phospho_Control_rep6_Fr6.raw	ftp://ftp.pride.ebi.ac.uk/pride/data/archive/2014/08/PXD000612/20120206_EXQ5_KiSh_SA_LabelFree_HeLa_Phospho_Control_rep6_Fr6.raw	NT=label free sample;AC=MS:1002038	1	6	NT=Q Exactive;AC=MS:1001911	NT=Data-dependent acquisition;AC=PRIDE:0000627	not available	NT=beam-type collision-induced dissociation;AC=MS:1000422	25 NCE	not available	20 ppm	NT=Strong cation-exchange chromatography (SCX);AC=PRIDE:0000561	phosphopeptide enrichment	NT=Carbamidomethyl;AC=UNIMOD:4;MT=fixed;TA=C;PP=Anywhere	NT=Oxidation;AC=UNIMOD:35;MT=variable;TA=M;PP=Anywhere	NT=Acetyl;AC=UNIMOD:1;MT=variable;PP=Protein N-term	NT=Phospho;AC=UNIMOD:21;MT=variable;TA=S,T,Y;PP=Anywhere	v3.0.0	ms-proteomics v1.1.0	human v1.1.0	cell-lines v1.1.0	untreated control	phosphopeptide enrichment
C6	Homo sapiens	uterine cervix	uterine cervix	endocervical adenocarcinoma	not available	cell line	study sample	HeLa S3	CVCL_0058	HeLa S3	30Y6M	female	adult	not available	African American	6	untreated control	20120206_EXQ5_KiSh_SA_LabelFree_HeLa_Phospho_Control_rep6_FT1	proteomic profiling by mass spectrometry	20120206_EXQ5_KiSh_SA_LabelFree_HeLa_Phospho_Control_rep6_FT1.raw	ftp://ftp.pride.ebi.ac.uk/pride/data/archive/2014/08/PXD000612/20120206_EXQ5_KiSh_SA_LabelFree_HeLa_Phospho_Control_rep6_FT1.raw	NT=label free sample;AC=MS:1002038	1	8	NT=Q Exactive;AC=MS:1001911	NT=Data-dependent acquisition;AC=PRIDE:0000627	not available	NT=beam-type collision-induced dissociation;AC=MS:1000422	25 NCE	not available	20 ppm	NT=Strong cation-exchange chromatography (SCX);AC=PRIDE:0000561	phosphopeptide enrichment	NT=Carbamidomethyl;AC=UNIMOD:4;MT=fixed;TA=C;PP=Anywhere	NT=Oxidation;AC=UNIMOD:35;MT=variable;TA=M;PP=Anywhere	NT=Acetyl;AC=UNIMOD:1;MT=variable;PP=Protein N-term	NT=Phospho;AC=UNIMOD:21;MT=variable;TA=S,T,Y;PP=Anywhere	v3.0.0	ms-proteomics v1.1.0	human v1.1.0	cell-lines v1.1.0	untreated control	phosphopeptide enrichment
C6	Homo sapiens	uterine cervix	uterine cervix	endocervical adenocarcinoma	not available	cell line	study sample	HeLa S3	CVCL_0058	HeLa S3	30Y6M	female	adult	not available	African American	6	untreated control	20120206_EXQ5_KiSh_SA_LabelFree_HeLa_Phospho_Control_rep6_FT2	proteomic profiling by mass spectrometry	20120206_EXQ5_KiSh_SA_LabelFree_HeLa_Phospho_Control_rep6_FT2.raw	ftp://ftp.pride.ebi.ac.uk/pride/data/archive/2014/08/PXD000612/20120206_EXQ5_KiSh_SA_LabelFree_HeLa_Phospho_Control_rep6_FT2.raw	NT=label free sample;AC=MS:1002038	1	9	NT=Q Exactive;AC=MS:1001911	NT=Data-dependent acquisition;AC=PRIDE:0000627	not available	NT=beam-type collision-induced dissociation;AC=MS:1000422	25 NCE	not available	20 ppm	NT=Strong cation-exchange chromatography (SCX);AC=PRIDE:0000561	phosphopeptide enrichment	NT=Carbamidomethyl;AC=UNIMOD:4;MT=fixed;TA=C;PP=Anywhere	NT=Oxidation;AC=UNIMOD:35;MT=variable;TA=M;PP=Anywhere	NT=Acetyl;AC=UNIMOD:1;MT=variable;PP=Protein N-term	NT=Phospho;AC=UNIMOD:21;MT=variable;TA=S,T,Y;PP=Anywhere	v3.0.0	ms-proteomics v1.1.0	human v1.1.0	cell-lines v1.1.0	untreated control	phosphopeptide enrichment
C6	Homo sapiens	uterine cervix	uterine cervix	endocervical adenocarcinoma	not available	cell line	study sample	HeLa S3	CVCL_0058	HeLa S3	30Y6M	female	adult	not available	African American	6	untreated control	20120206_EXQ5_KiSh_SA_LabelFree_HeLa_Phospho_Control_rep6_FT3	proteomic profiling by mass spectrometry	20120206_EXQ5_KiSh_SA_LabelFree_HeLa_Phospho_Control_rep6_FT3.raw	ftp://ftp.pride.ebi.ac.uk/pride/data/archive/2014/08/PXD000612/20120206_EXQ5_KiSh_SA_LabelFree_HeLa_Phospho_Control_rep6_FT3.raw	NT=label free sample;AC=MS:1002038	1	10	NT=Q Exactive;AC=MS:1001911	NT=Data-dependent acquisition;AC=PRIDE:0000627	not available	NT=beam-type collision-induced dissociation;AC=MS:1000422	25 NCE	not available	20 ppm	NT=Strong cation-exchange chromatography (SCX);AC=PRIDE:0000561	phosphopeptide enrichment	NT=Carbamidomethyl;AC=UNIMOD:4;MT=fixed;TA=C;PP=Anywhere	NT=Oxidation;AC=UNIMOD:35;MT=variable;TA=M;PP=Anywhere	NT=Acetyl;AC=UNIMOD:1;MT=variable;PP=Protein N-term	NT=Phospho;AC=UNIMOD:21;MT=variable;TA=S,T,Y;PP=Anywhere	v3.0.0	ms-proteomics v1.1.0	human v1.1.0	cell-lines v1.1.0	untreated control	phosphopeptide enrichment
N1	Homo sapiens	uterine cervix	uterine cervix	endocervical adenocarcinoma	not available	cell line	study sample	HeLa S3	CVCL_0058	HeLa S3	30Y6M	female	adult	not available	African American	1	nocodazole-arrested mitosis	20120207_EXQ5_KiSh_SA_LabelFree_HeLa_Phospho_Nocodazole_rep1_Fr1	proteomic profiling by mass spectrometry	20120207_EXQ5_KiSh_SA_LabelFree_HeLa_Phospho_Nocodazole_rep1_Fr1.raw	ftp://ftp.pride.ebi.ac.uk/pride/data/archive/2014/08/PXD000612/20120207_EXQ5_KiSh_SA_LabelFree_HeLa_Phospho_Nocodazole_rep1_Fr1.raw	NT=label free sample;AC=MS:1002038	1	1	NT=Q Exactive;AC=MS:1001911	NT=Data-dependent acquisition;AC=PRIDE:0000627	not available	NT=beam-type collision-induced dissociation;AC=MS:1000422	25 NCE	not available	20 ppm	NT=Strong cation-exchange chromatography (SCX);AC=PRIDE:0000561	phosphopeptide enrichment	NT=Carbamidomethyl;AC=UNIMOD:4;MT=fixed;TA=C;PP=Anywhere	NT=Oxidation;AC=UNIMOD:35;MT=variable;TA=M;PP=Anywhere	NT=Acetyl;AC=UNIMOD:1;MT=variable;PP=Protein N-term	NT=Phospho;AC=UNIMOD:21;MT=variable;TA=S,T,Y;PP=Anywhere	v3.0.0	ms-proteomics v1.1.0	human v1.1.0	cell-lines v1.1.0	nocodazole-arrested mitosis	phosphopeptide enrichment
N1	Homo sapiens	uterine cervix	uterine cervix	endocervical adenocarcinoma	not available	cell line	study sample	HeLa S3	CVCL_0058	HeLa S3	30Y6M	female	adult	not available	African American	1	nocodazole-arrested mitosis	20120207_EXQ5_KiSh_SA_LabelFree_HeLa_Phospho_Nocodazole_rep1_Fr2	proteomic profiling by mass spectrometry	20120207_EXQ5_KiSh_SA_LabelFree_HeLa_Phospho_Nocodazole_rep1_Fr2.raw	ftp://ftp.pride.ebi.ac.uk/pride/data/archive/2014/08/PXD000612/20120207_EXQ5_KiSh_SA_LabelFree_HeLa_Phospho_Nocodazole_rep1_Fr2.raw	NT=label free sample;AC=MS:1002038	1	2	NT=Q Exactive;AC=MS:1001911	NT=Data-dependent acquisition;AC=PRIDE:0000627	not available	NT=beam-type collision-induced dissociation;AC=MS:1000422	25 NCE	not available	20 ppm	NT=Strong cation-exchange chromatography (SCX);AC=PRIDE:0000561	phosphopeptide enrichment	NT=Carbamidomethyl;AC=UNIMOD:4;MT=fixed;TA=C;PP=Anywhere	NT=Oxidation;AC=UNIMOD:35;MT=variable;TA=M;PP=Anywhere	NT=Acetyl;AC=UNIMOD:1;MT=variable;PP=Protein N-term	NT=Phospho;AC=UNIMOD:21;MT=variable;TA=S,T,Y;PP=Anywhere	v3.0.0	ms-proteomics v1.1.0	human v1.1.0	cell-lines v1.1.0	nocodazole-arrested mitosis	phosphopeptide enrichment
N1	Homo sapiens	uterine cervix	uterine cervix	endocervical adenocarcinoma	not available	cell line	study sample	HeLa S3	CVCL_0058	HeLa S3	30Y6M	female	adult	not available	African American	1	nocodazole-arrested mitosis	20120207_EXQ5_KiSh_SA_LabelFree_HeLa_Phospho_Nocodazole_rep1_Fr3	proteomic profiling by mass spectrometry	20120207_EXQ5_KiSh_SA_LabelFree_HeLa_Phospho_Nocodazole_rep1_Fr3.raw	ftp://ftp.pride.ebi.ac.uk/pride/data/archive/2014/08/PXD000612/20120207_EXQ5_KiSh_SA_LabelFree_HeLa_Phospho_Nocodazole_rep1_Fr3.raw	NT=label free sample;AC=MS:1002038	1	3	NT=Q Exactive;AC=MS:1001911	NT=Data-dependent acquisition;AC=PRIDE:0000627	not available	NT=beam-type collision-induced dissociation;AC=MS:1000422	25 NCE	not available	20 ppm	NT=Strong cation-exchange chromatography (SCX);AC=PRIDE:0000561	phosphopeptide enrichment	NT=Carbamidomethyl;AC=UNIMOD:4;MT=fixed;TA=C;PP=Anywhere	NT=Oxidation;AC=UNIMOD:35;MT=variable;TA=M;PP=Anywhere	NT=Acetyl;AC=UNIMOD:1;MT=variable;PP=Protein N-term	NT=Phospho;AC=UNIMOD:21;MT=variable;TA=S,T,Y;PP=Anywhere	v3.0.0	ms-proteomics v1.1.0	human v1.1.0	cell-lines v1.1.0	nocodazole-arrested mitosis	phosphopeptide enrichment
N1	Homo sapiens	uterine cervix	uterine cervix	endocervical adenocarcinoma	not available	cell line	study sample	HeLa S3	CVCL_0058	HeLa S3	30Y6M	female	adult	not available	African American	1	nocodazole-arrested mitosis	20120207_EXQ5_KiSh_SA_LabelFree_HeLa_Phospho_Nocodazole_rep1_Fr4	proteomic profiling by mass spectrometry	20120207_EXQ5_KiSh_SA_LabelFree_HeLa_Phospho_Nocodazole_rep1_Fr4.raw	ftp://ftp.pride.ebi.ac.uk/pride/data/archive/2014/08/PXD000612/20120207_EXQ5_KiSh_SA_LabelFree_HeLa_Phospho_Nocodazole_rep1_Fr4.raw	NT=label free sample;AC=MS:1002038	1	4	NT=Q Exactive;AC=MS:1001911	NT=Data-dependent acquisition;AC=PRIDE:0000627	not available	NT=beam-type collision-induced dissociation;AC=MS:1000422	25 NCE	not available	20 ppm	NT=Strong cation-exchange chromatography (SCX);AC=PRIDE:0000561	phosphopeptide enrichment	NT=Carbamidomethyl;AC=UNIMOD:4;MT=fixed;TA=C;PP=Anywhere	NT=Oxidation;AC=UNIMOD:35;MT=variable;TA=M;PP=Anywhere	NT=Acetyl;AC=UNIMOD:1;MT=variable;PP=Protein N-term	NT=Phospho;AC=UNIMOD:21;MT=variable;TA=S,T,Y;PP=Anywhere	v3.0.0	ms-proteomics v1.1.0	human v1.1.0	cell-lines v1.1.0	nocodazole-arrested mitosis	phosphopeptide enrichment
N1	Homo sapiens	uterine cervix	uterine cervix	endocervical adenocarcinoma	not available	cell line	study sample	HeLa S3	CVCL_0058	HeLa S3	30Y6M	female	adult	not available	African American	1	nocodazole-arrested mitosis	20120207_EXQ5_KiSh_SA_LabelFree_HeLa_Phospho_Nocodazole_rep1_Fr5	proteomic profiling by mass spectrometry	20120207_EXQ5_KiSh_SA_LabelFree_HeLa_Phospho_Nocodazole_rep1_Fr5.raw	ftp://ftp.pride.ebi.ac.uk/pride/data/archive/2014/08/PXD000612/20120207_EXQ5_KiSh_SA_LabelFree_HeLa_Phospho_Nocodazole_rep1_Fr5.raw	NT=label free sample;AC=MS:1002038	1	5	NT=Q Exactive;AC=MS:1001911	NT=Data-dependent acquisition;AC=PRIDE:0000627	not available	NT=beam-type collision-induced dissociation;AC=MS:1000422	25 NCE	not available	20 ppm	NT=Strong cation-exchange chromatography (SCX);AC=PRIDE:0000561	phosphopeptide enrichment	NT=Carbamidomethyl;AC=UNIMOD:4;MT=fixed;TA=C;PP=Anywhere	NT=Oxidation;AC=UNIMOD:35;MT=variable;TA=M;PP=Anywhere	NT=Acetyl;AC=UNIMOD:1;MT=variable;PP=Protein N-term	NT=Phospho;AC=UNIMOD:21;MT=variable;TA=S,T,Y;PP=Anywhere	v3.0.0	ms-proteomics v1.1.0	human v1.1.0	cell-lines v1.1.0	nocodazole-arrested mitosis	phosphopeptide enrichment
N1	Homo sapiens	uterine cervix	uterine cervix	endocervical adenocarcinoma	not available	cell line	study sample	HeLa S3	CVCL_0058	HeLa S3	30Y6M	female	adult	not available	African American	1	nocodazole-arrested mitosis	20120207_EXQ5_KiSh_SA_LabelFree_HeLa_Phospho_Nocodazole_rep1_Fr6	proteomic profiling by mass spectrometry	20120207_EXQ5_KiSh_SA_LabelFree_HeLa_Phospho_Nocodazole_rep1_Fr6.raw	ftp://ftp.pride.ebi.ac.uk/pride/data/archive/2014/08/PXD000612/20120207_EXQ5_KiSh_SA_LabelFree_HeLa_Phospho_Nocodazole_rep1_Fr6.raw	NT=label free sample;AC=MS:1002038	1	6	NT=Q Exactive;AC=MS:1001911	NT=Data-dependent acquisition;AC=PRIDE:0000627	not available	NT=beam-type collision-induced dissociation;AC=MS:1000422	25 NCE	not available	20 ppm	NT=Strong cation-exchange chromatography (SCX);AC=PRIDE:0000561	phosphopeptide enrichment	NT=Carbamidomethyl;AC=UNIMOD:4;MT=fixed;TA=C;PP=Anywhere	NT=Oxidation;AC=UNIMOD:35;MT=variable;TA=M;PP=Anywhere	NT=Acetyl;AC=UNIMOD:1;MT=variable;PP=Protein N-term	NT=Phospho;AC=UNIMOD:21;MT=variable;TA=S,T,Y;PP=Anywhere	v3.0.0	ms-proteomics v1.1.0	human v1.1.0	cell-lines v1.1.0	nocodazole-arrested mitosis	phosphopeptide enrichment
N1	Homo sapiens	uterine cervix	uterine cervix	endocervical adenocarcinoma	not available	cell line	study sample	HeLa S3	CVCL_0058	HeLa S3	30Y6M	female	adult	not available	African American	1	nocodazole-arrested mitosis	20120207_EXQ5_KiSh_SA_LabelFree_HeLa_Phospho_Nocodazole_rep1_FT1	proteomic profiling by mass spectrometry	20120207_EXQ5_KiSh_SA_LabelFree_HeLa_Phospho_Nocodazole_rep1_FT1.raw	ftp://ftp.pride.ebi.ac.uk/pride/data/archive/2014/08/PXD000612/20120207_EXQ5_KiSh_SA_LabelFree_HeLa_Phospho_Nocodazole_rep1_FT1.raw	NT=label free sample;AC=MS:1002038	1	8	NT=Q Exactive;AC=MS:1001911	NT=Data-dependent acquisition;AC=PRIDE:0000627	not available	NT=beam-type collision-induced dissociation;AC=MS:1000422	25 NCE	not available	20 ppm	NT=Strong cation-exchange chromatography (SCX);AC=PRIDE:0000561	phosphopeptide enrichment	NT=Carbamidomethyl;AC=UNIMOD:4;MT=fixed;TA=C;PP=Anywhere	NT=Oxidation;AC=UNIMOD:35;MT=variable;TA=M;PP=Anywhere	NT=Acetyl;AC=UNIMOD:1;MT=variable;PP=Protein N-term	NT=Phospho;AC=UNIMOD:21;MT=variable;TA=S,T,Y;PP=Anywhere	v3.0.0	ms-proteomics v1.1.0	human v1.1.0	cell-lines v1.1.0	nocodazole-arrested mitosis	phosphopeptide enrichment
N1	Homo sapiens	uterine cervix	uterine cervix	endocervical adenocarcinoma	not available	cell line	study sample	HeLa S3	CVCL_0058	HeLa S3	30Y6M	female	adult	not available	African American	1	nocodazole-arrested mitosis	20120207_EXQ5_KiSh_SA_LabelFree_HeLa_Phospho_Nocodazole_rep1_FT2	proteomic profiling by mass spectrometry	20120207_EXQ5_KiSh_SA_LabelFree_HeLa_Phospho_Nocodazole_rep1_FT2.raw	ftp://ftp.pride.ebi.ac.uk/pride/data/archive/2014/08/PXD000612/20120207_EXQ5_KiSh_SA_LabelFree_HeLa_Phospho_Nocodazole_rep1_FT2.raw	NT=label free sample;AC=MS:1002038	1	9	NT=Q Exactive;AC=MS:1001911	NT=Data-dependent acquisition;AC=PRIDE:0000627	not available	NT=beam-type collision-induced dissociation;AC=MS:1000422	25 NCE	not available	20 ppm	NT=Strong cation-exchange chromatography (SCX);AC=PRIDE:0000561	phosphopeptide enrichment	NT=Carbamidomethyl;AC=UNIMOD:4;MT=fixed;TA=C;PP=Anywhere	NT=Oxidation;AC=UNIMOD:35;MT=variable;TA=M;PP=Anywhere	NT=Acetyl;AC=UNIMOD:1;MT=variable;PP=Protein N-term	NT=Phospho;AC=UNIMOD:21;MT=variable;TA=S,T,Y;PP=Anywhere	v3.0.0	ms-proteomics v1.1.0	human v1.1.0	cell-lines v1.1.0	nocodazole-arrested mitosis	phosphopeptide enrichment
N1	Homo sapiens	uterine cervix	uterine cervix	endocervical adenocarcinoma	not available	cell line	study sample	HeLa S3	CVCL_0058	HeLa S3	30Y6M	female	adult	not available	African American	1	nocodazole-arrested mitosis	20120207_EXQ5_KiSh_SA_LabelFree_HeLa_Phospho_Nocodazole_rep1_FT3	proteomic profiling by mass spectrometry	20120207_EXQ5_KiSh_SA_LabelFree_HeLa_Phospho_Nocodazole_rep1_FT3.raw	ftp://ftp.pride.ebi.ac.uk/pride/data/archive/2014/08/PXD000612/20120207_EXQ5_KiSh_SA_LabelFree_HeLa_Phospho_Nocodazole_rep1_FT3.raw	NT=label free sample;AC=MS:1002038	1	10	NT=Q Exactive;AC=MS:1001911	NT=Data-dependent acquisition;AC=PRIDE:0000627	not available	NT=beam-type collision-induced dissociation;AC=MS:1000422	25 NCE	not available	20 ppm	NT=Strong cation-exchange chromatography (SCX);AC=PRIDE:0000561	phosphopeptide enrichment	NT=Carbamidomethyl;AC=UNIMOD:4;MT=fixed;TA=C;PP=Anywhere	NT=Oxidation;AC=UNIMOD:35;MT=variable;TA=M;PP=Anywhere	NT=Acetyl;AC=UNIMOD:1;MT=variable;PP=Protein N-term	NT=Phospho;AC=UNIMOD:21;MT=variable;TA=S,T,Y;PP=Anywhere	v3.0.0	ms-proteomics v1.1.0	human v1.1.0	cell-lines v1.1.0	nocodazole-arrested mitosis	phosphopeptide enrichment
N2	Homo sapiens	uterine cervix	uterine cervix	endocervical adenocarcinoma	not available	cell line	study sample	HeLa S3	CVCL_0058	HeLa S3	30Y6M	female	adult	not available	African American	2	nocodazole-arrested mitosis	20120208_EXQ5_KiSh_SA_LabelFree_HeLa_Phospho_Nocodazole_rep2_Fr1	proteomic profiling by mass spectrometry	20120208_EXQ5_KiSh_SA_LabelFree_HeLa_Phospho_Nocodazole_rep2_Fr1.raw	ftp://ftp.pride.ebi.ac.uk/pride/data/archive/2014/08/PXD000612/20120208_EXQ5_KiSh_SA_LabelFree_HeLa_Phospho_Nocodazole_rep2_Fr1.raw	NT=label free sample;AC=MS:1002038	1	1	NT=Q Exactive;AC=MS:1001911	NT=Data-dependent acquisition;AC=PRIDE:0000627	not available	NT=beam-type collision-induced dissociation;AC=MS:1000422	25 NCE	not available	20 ppm	NT=Strong cation-exchange chromatography (SCX);AC=PRIDE:0000561	phosphopeptide enrichment	NT=Carbamidomethyl;AC=UNIMOD:4;MT=fixed;TA=C;PP=Anywhere	NT=Oxidation;AC=UNIMOD:35;MT=variable;TA=M;PP=Anywhere	NT=Acetyl;AC=UNIMOD:1;MT=variable;PP=Protein N-term	NT=Phospho;AC=UNIMOD:21;MT=variable;TA=S,T,Y;PP=Anywhere	v3.0.0	ms-proteomics v1.1.0	human v1.1.0	cell-lines v1.1.0	nocodazole-arrested mitosis	phosphopeptide enrichment
N2	Homo sapiens	uterine cervix	uterine cervix	endocervical adenocarcinoma	not available	cell line	study sample	HeLa S3	CVCL_0058	HeLa S3	30Y6M	female	adult	not available	African American	2	nocodazole-arrested mitosis	20120208_EXQ5_KiSh_SA_LabelFree_HeLa_Phospho_Nocodazole_rep2_Fr2	proteomic profiling by mass spectrometry	20120208_EXQ5_KiSh_SA_LabelFree_HeLa_Phospho_Nocodazole_rep2_Fr2.raw	ftp://ftp.pride.ebi.ac.uk/pride/data/archive/2014/08/PXD000612/20120208_EXQ5_KiSh_SA_LabelFree_HeLa_Phospho_Nocodazole_rep2_Fr2.raw	NT=label free sample;AC=MS:1002038	1	2	NT=Q Exactive;AC=MS:1001911	NT=Data-dependent acquisition;AC=PRIDE:0000627	not available	NT=beam-type collision-induced dissociation;AC=MS:1000422	25 NCE	not available	20 ppm	NT=Strong cation-exchange chromatography (SCX);AC=PRIDE:0000561	phosphopeptide enrichment	NT=Carbamidomethyl;AC=UNIMOD:4;MT=fixed;TA=C;PP=Anywhere	NT=Oxidation;AC=UNIMOD:35;MT=variable;TA=M;PP=Anywhere	NT=Acetyl;AC=UNIMOD:1;MT=variable;PP=Protein N-term	NT=Phospho;AC=UNIMOD:21;MT=variable;TA=S,T,Y;PP=Anywhere	v3.0.0	ms-proteomics v1.1.0	human v1.1.0	cell-lines v1.1.0	nocodazole-arrested mitosis	phosphopeptide enrichment
N2	Homo sapiens	uterine cervix	uterine cervix	endocervical adenocarcinoma	not available	cell line	study sample	HeLa S3	CVCL_0058	HeLa S3	30Y6M	female	adult	not available	African American	2	nocodazole-arrested mitosis	20120208_EXQ5_KiSh_SA_LabelFree_HeLa_Phospho_Nocodazole_rep2_Fr3	proteomic profiling by mass spectrometry	20120208_EXQ5_KiSh_SA_LabelFree_HeLa_Phospho_Nocodazole_rep2_Fr3.raw	ftp://ftp.pride.ebi.ac.uk/pride/data/archive/2014/08/PXD000612/20120208_EXQ5_KiSh_SA_LabelFree_HeLa_Phospho_Nocodazole_rep2_Fr3.raw	NT=label free sample;AC=MS:1002038	1	3	NT=Q Exactive;AC=MS:1001911	NT=Data-dependent acquisition;AC=PRIDE:0000627	not available	NT=beam-type collision-induced dissociation;AC=MS:1000422	25 NCE	not available	20 ppm	NT=Strong cation-exchange chromatography (SCX);AC=PRIDE:0000561	phosphopeptide enrichment	NT=Carbamidomethyl;AC=UNIMOD:4;MT=fixed;TA=C;PP=Anywhere	NT=Oxidation;AC=UNIMOD:35;MT=variable;TA=M;PP=Anywhere	NT=Acetyl;AC=UNIMOD:1;MT=variable;PP=Protein N-term	NT=Phospho;AC=UNIMOD:21;MT=variable;TA=S,T,Y;PP=Anywhere	v3.0.0	ms-proteomics v1.1.0	human v1.1.0	cell-lines v1.1.0	nocodazole-arrested mitosis	phosphopeptide enrichment
N2	Homo sapiens	uterine cervix	uterine cervix	endocervical adenocarcinoma	not available	cell line	study sample	HeLa S3	CVCL_0058	HeLa S3	30Y6M	female	adult	not available	African American	2	nocodazole-arrested mitosis	20120208_EXQ5_KiSh_SA_LabelFree_HeLa_Phospho_Nocodazole_rep2_Fr4	proteomic profiling by mass spectrometry	20120208_EXQ5_KiSh_SA_LabelFree_HeLa_Phospho_Nocodazole_rep2_Fr4.raw	ftp://ftp.pride.ebi.ac.uk/pride/data/archive/2014/08/PXD000612/20120208_EXQ5_KiSh_SA_LabelFree_HeLa_Phospho_Nocodazole_rep2_Fr4.raw	NT=label free sample;AC=MS:1002038	1	4	NT=Q Exactive;AC=MS:1001911	NT=Data-dependent acquisition;AC=PRIDE:0000627	not available	NT=beam-type collision-induced dissociation;AC=MS:1000422	25 NCE	not available	20 ppm	NT=Strong cation-exchange chromatography (SCX);AC=PRIDE:0000561	phosphopeptide enrichment	NT=Carbamidomethyl;AC=UNIMOD:4;MT=fixed;TA=C;PP=Anywhere	NT=Oxidation;AC=UNIMOD:35;MT=variable;TA=M;PP=Anywhere	NT=Acetyl;AC=UNIMOD:1;MT=variable;PP=Protein N-term	NT=Phospho;AC=UNIMOD:21;MT=variable;TA=S,T,Y;PP=Anywhere	v3.0.0	ms-proteomics v1.1.0	human v1.1.0	cell-lines v1.1.0	nocodazole-arrested mitosis	phosphopeptide enrichment
N2	Homo sapiens	uterine cervix	uterine cervix	endocervical adenocarcinoma	not available	cell line	study sample	HeLa S3	CVCL_0058	HeLa S3	30Y6M	female	adult	not available	African American	2	nocodazole-arrested mitosis	20120208_EXQ5_KiSh_SA_LabelFree_HeLa_Phospho_Nocodazole_rep2_Fr5	proteomic profiling by mass spectrometry	20120208_EXQ5_KiSh_SA_LabelFree_HeLa_Phospho_Nocodazole_rep2_Fr5.raw	ftp://ftp.pride.ebi.ac.uk/pride/data/archive/2014/08/PXD000612/20120208_EXQ5_KiSh_SA_LabelFree_HeLa_Phospho_Nocodazole_rep2_Fr5.raw	NT=label free sample;AC=MS:1002038	1	5	NT=Q Exactive;AC=MS:1001911	NT=Data-dependent acquisition;AC=PRIDE:0000627	not available	NT=beam-type collision-induced dissociation;AC=MS:1000422	25 NCE	not available	20 ppm	NT=Strong cation-exchange chromatography (SCX);AC=PRIDE:0000561	phosphopeptide enrichment	NT=Carbamidomethyl;AC=UNIMOD:4;MT=fixed;TA=C;PP=Anywhere	NT=Oxidation;AC=UNIMOD:35;MT=variable;TA=M;PP=Anywhere	NT=Acetyl;AC=UNIMOD:1;MT=variable;PP=Protein N-term	NT=Phospho;AC=UNIMOD:21;MT=variable;TA=S,T,Y;PP=Anywhere	v3.0.0	ms-proteomics v1.1.0	human v1.1.0	cell-lines v1.1.0	nocodazole-arrested mitosis	phosphopeptide enrichment
N2	Homo sapiens	uterine cervix	uterine cervix	endocervical adenocarcinoma	not available	cell line	study sample	HeLa S3	CVCL_0058	HeLa S3	30Y6M	female	adult	not available	African American	2	nocodazole-arrested mitosis	20120208_EXQ5_KiSh_SA_LabelFree_HeLa_Phospho_Nocodazole_rep2_Fr6	proteomic profiling by mass spectrometry	20120208_EXQ5_KiSh_SA_LabelFree_HeLa_Phospho_Nocodazole_rep2_Fr6.raw	ftp://ftp.pride.ebi.ac.uk/pride/data/archive/2014/08/PXD000612/20120208_EXQ5_KiSh_SA_LabelFree_HeLa_Phospho_Nocodazole_rep2_Fr6.raw	NT=label free sample;AC=MS:1002038	1	6	NT=Q Exactive;AC=MS:1001911	NT=Data-dependent acquisition;AC=PRIDE:0000627	not available	NT=beam-type collision-induced dissociation;AC=MS:1000422	25 NCE	not available	20 ppm	NT=Strong cation-exchange chromatography (SCX);AC=PRIDE:0000561	phosphopeptide enrichment	NT=Carbamidomethyl;AC=UNIMOD:4;MT=fixed;TA=C;PP=Anywhere	NT=Oxidation;AC=UNIMOD:35;MT=variable;TA=M;PP=Anywhere	NT=Acetyl;AC=UNIMOD:1;MT=variable;PP=Protein N-term	NT=Phospho;AC=UNIMOD:21;MT=variable;TA=S,T,Y;PP=Anywhere	v3.0.0	ms-proteomics v1.1.0	human v1.1.0	cell-lines v1.1.0	nocodazole-arrested mitosis	phosphopeptide enrichment
N2	Homo sapiens	uterine cervix	uterine cervix	endocervical adenocarcinoma	not available	cell line	study sample	HeLa S3	CVCL_0058	HeLa S3	30Y6M	female	adult	not available	African American	2	nocodazole-arrested mitosis	20120208_EXQ5_KiSh_SA_LabelFree_HeLa_Phospho_Nocodazole_rep2_FT1	proteomic profiling by mass spectrometry	20120208_EXQ5_KiSh_SA_LabelFree_HeLa_Phospho_Nocodazole_rep2_FT1.raw	ftp://ftp.pride.ebi.ac.uk/pride/data/archive/2014/08/PXD000612/20120208_EXQ5_KiSh_SA_LabelFree_HeLa_Phospho_Nocodazole_rep2_FT1.raw	NT=label free sample;AC=MS:1002038	1	8	NT=Q Exactive;AC=MS:1001911	NT=Data-dependent acquisition;AC=PRIDE:0000627	not available	NT=beam-type collision-induced dissociation;AC=MS:1000422	25 NCE	not available	20 ppm	NT=Strong cation-exchange chromatography (SCX);AC=PRIDE:0000561	phosphopeptide enrichment	NT=Carbamidomethyl;AC=UNIMOD:4;MT=fixed;TA=C;PP=Anywhere	NT=Oxidation;AC=UNIMOD:35;MT=variable;TA=M;PP=Anywhere	NT=Acetyl;AC=UNIMOD:1;MT=variable;PP=Protein N-term	NT=Phospho;AC=UNIMOD:21;MT=variable;TA=S,T,Y;PP=Anywhere	v3.0.0	ms-proteomics v1.1.0	human v1.1.0	cell-lines v1.1.0	nocodazole-arrested mitosis	phosphopeptide enrichment
N2	Homo sapiens	uterine cervix	uterine cervix	endocervical adenocarcinoma	not available	cell line	study sample	HeLa S3	CVCL_0058	HeLa S3	30Y6M	female	adult	not available	African American	2	nocodazole-arrested mitosis	20120208_EXQ5_KiSh_SA_LabelFree_HeLa_Phospho_Nocodazole_rep2_FT2	proteomic profiling by mass spectrometry	20120208_EXQ5_KiSh_SA_LabelFree_HeLa_Phospho_Nocodazole_rep2_FT2.raw	ftp://ftp.pride.ebi.ac.uk/pride/data/archive/2014/08/PXD000612/20120208_EXQ5_KiSh_SA_LabelFree_HeLa_Phospho_Nocodazole_rep2_FT2.raw	NT=label free sample;AC=MS:1002038	1	9	NT=Q Exactive;AC=MS:1001911	NT=Data-dependent acquisition;AC=PRIDE:0000627	not available	NT=beam-type collision-induced dissociation;AC=MS:1000422	25 NCE	not available	20 ppm	NT=Strong cation-exchange chromatography (SCX);AC=PRIDE:0000561	phosphopeptide enrichment	NT=Carbamidomethyl;AC=UNIMOD:4;MT=fixed;TA=C;PP=Anywhere	NT=Oxidation;AC=UNIMOD:35;MT=variable;TA=M;PP=Anywhere	NT=Acetyl;AC=UNIMOD:1;MT=variable;PP=Protein N-term	NT=Phospho;AC=UNIMOD:21;MT=variable;TA=S,T,Y;PP=Anywhere	v3.0.0	ms-proteomics v1.1.0	human v1.1.0	cell-lines v1.1.0	nocodazole-arrested mitosis	phosphopeptide enrichment
N2	Homo sapiens	uterine cervix	uterine cervix	endocervical adenocarcinoma	not available	cell line	study sample	HeLa S3	CVCL_0058	HeLa S3	30Y6M	female	adult	not available	African American	2	nocodazole-arrested mitosis	20120208_EXQ5_KiSh_SA_LabelFree_HeLa_Phospho_Nocodazole_rep2_FT3	proteomic profiling by mass spectrometry	20120208_EXQ5_KiSh_SA_LabelFree_HeLa_Phospho_Nocodazole_rep2_FT3.raw	ftp://ftp.pride.ebi.ac.uk/pride/data/archive/2014/08/PXD000612/20120208_EXQ5_KiSh_SA_LabelFree_HeLa_Phospho_Nocodazole_rep2_FT3.raw	NT=label free sample;AC=MS:1002038	1	10	NT=Q Exactive;AC=MS:1001911	NT=Data-dependent acquisition;AC=PRIDE:0000627	not available	NT=beam-type collision-induced dissociation;AC=MS:1000422	25 NCE	not available	20 ppm	NT=Strong cation-exchange chromatography (SCX);AC=PRIDE:0000561	phosphopeptide enrichment	NT=Carbamidomethyl;AC=UNIMOD:4;MT=fixed;TA=C;PP=Anywhere	NT=Oxidation;AC=UNIMOD:35;MT=variable;TA=M;PP=Anywhere	NT=Acetyl;AC=UNIMOD:1;MT=variable;PP=Protein N-term	NT=Phospho;AC=UNIMOD:21;MT=variable;TA=S,T,Y;PP=Anywhere	v3.0.0	ms-proteomics v1.1.0	human v1.1.0	cell-lines v1.1.0	nocodazole-arrested mitosis	phosphopeptide enrichment
N3	Homo sapiens	uterine cervix	uterine cervix	endocervical adenocarcinoma	not available	cell line	study sample	HeLa S3	CVCL_0058	HeLa S3	30Y6M	female	adult	not available	African American	3	nocodazole-arrested mitosis	20120215_EXQ5_KiSh_SA_LabelFree_HeLa_Phospho_Nocodazole_rep3_Fr1	proteomic profiling by mass spectrometry	20120215_EXQ5_KiSh_SA_LabelFree_HeLa_Phospho_Nocodazole_rep3_Fr1.raw	ftp://ftp.pride.ebi.ac.uk/pride/data/archive/2014/08/PXD000612/20120215_EXQ5_KiSh_SA_LabelFree_HeLa_Phospho_Nocodazole_rep3_Fr1.raw	NT=label free sample;AC=MS:1002038	1	1	NT=Q Exactive;AC=MS:1001911	NT=Data-dependent acquisition;AC=PRIDE:0000627	not available	NT=beam-type collision-induced dissociation;AC=MS:1000422	25 NCE	not available	20 ppm	NT=Strong cation-exchange chromatography (SCX);AC=PRIDE:0000561	phosphopeptide enrichment	NT=Carbamidomethyl;AC=UNIMOD:4;MT=fixed;TA=C;PP=Anywhere	NT=Oxidation;AC=UNIMOD:35;MT=variable;TA=M;PP=Anywhere	NT=Acetyl;AC=UNIMOD:1;MT=variable;PP=Protein N-term	NT=Phospho;AC=UNIMOD:21;MT=variable;TA=S,T,Y;PP=Anywhere	v3.0.0	ms-proteomics v1.1.0	human v1.1.0	cell-lines v1.1.0	nocodazole-arrested mitosis	phosphopeptide enrichment
N3	Homo sapiens	uterine cervix	uterine cervix	endocervical adenocarcinoma	not available	cell line	study sample	HeLa S3	CVCL_0058	HeLa S3	30Y6M	female	adult	not available	African American	3	nocodazole-arrested mitosis	20120215_EXQ5_KiSh_SA_LabelFree_HeLa_Phospho_Nocodazole_rep3_Fr2	proteomic profiling by mass spectrometry	20120215_EXQ5_KiSh_SA_LabelFree_HeLa_Phospho_Nocodazole_rep3_Fr2.raw	ftp://ftp.pride.ebi.ac.uk/pride/data/archive/2014/08/PXD000612/20120215_EXQ5_KiSh_SA_LabelFree_HeLa_Phospho_Nocodazole_rep3_Fr2.raw	NT=label free sample;AC=MS:1002038	1	2	NT=Q Exactive;AC=MS:1001911	NT=Data-dependent acquisition;AC=PRIDE:0000627	not available	NT=beam-type collision-induced dissociation;AC=MS:1000422	25 NCE	not available	20 ppm	NT=Strong cation-exchange chromatography (SCX);AC=PRIDE:0000561	phosphopeptide enrichment	NT=Carbamidomethyl;AC=UNIMOD:4;MT=fixed;TA=C;PP=Anywhere	NT=Oxidation;AC=UNIMOD:35;MT=variable;TA=M;PP=Anywhere	NT=Acetyl;AC=UNIMOD:1;MT=variable;PP=Protein N-term	NT=Phospho;AC=UNIMOD:21;MT=variable;TA=S,T,Y;PP=Anywhere	v3.0.0	ms-proteomics v1.1.0	human v1.1.0	cell-lines v1.1.0	nocodazole-arrested mitosis	phosphopeptide enrichment
N3	Homo sapiens	uterine cervix	uterine cervix	endocervical adenocarcinoma	not available	cell line	study sample	HeLa S3	CVCL_0058	HeLa S3	30Y6M	female	adult	not available	African American	3	nocodazole-arrested mitosis	20120215_EXQ5_KiSh_SA_LabelFree_HeLa_Phospho_Nocodazole_rep3_Fr3	proteomic profiling by mass spectrometry	20120215_EXQ5_KiSh_SA_LabelFree_HeLa_Phospho_Nocodazole_rep3_Fr3.raw	ftp://ftp.pride.ebi.ac.uk/pride/data/archive/2014/08/PXD000612/20120215_EXQ5_KiSh_SA_LabelFree_HeLa_Phospho_Nocodazole_rep3_Fr3.raw	NT=label free sample;AC=MS:1002038	1	3	NT=Q Exactive;AC=MS:1001911	NT=Data-dependent acquisition;AC=PRIDE:0000627	not available	NT=beam-type collision-induced dissociation;AC=MS:1000422	25 NCE	not available	20 ppm	NT=Strong cation-exchange chromatography (SCX);AC=PRIDE:0000561	phosphopeptide enrichment	NT=Carbamidomethyl;AC=UNIMOD:4;MT=fixed;TA=C;PP=Anywhere	NT=Oxidation;AC=UNIMOD:35;MT=variable;TA=M;PP=Anywhere	NT=Acetyl;AC=UNIMOD:1;MT=variable;PP=Protein N-term	NT=Phospho;AC=UNIMOD:21;MT=variable;TA=S,T,Y;PP=Anywhere	v3.0.0	ms-proteomics v1.1.0	human v1.1.0	cell-lines v1.1.0	nocodazole-arrested mitosis	phosphopeptide enrichment
N3	Homo sapiens	uterine cervix	uterine cervix	endocervical adenocarcinoma	not available	cell line	study sample	HeLa S3	CVCL_0058	HeLa S3	30Y6M	female	adult	not available	African American	3	nocodazole-arrested mitosis	20120215_EXQ5_KiSh_SA_LabelFree_HeLa_Phospho_Nocodazole_rep3_Fr4	proteomic profiling by mass spectrometry	20120215_EXQ5_KiSh_SA_LabelFree_HeLa_Phospho_Nocodazole_rep3_Fr4.raw	ftp://ftp.pride.ebi.ac.uk/pride/data/archive/2014/08/PXD000612/20120215_EXQ5_KiSh_SA_LabelFree_HeLa_Phospho_Nocodazole_rep3_Fr4.raw	NT=label free sample;AC=MS:1002038	1	4	NT=Q Exactive;AC=MS:1001911	NT=Data-dependent acquisition;AC=PRIDE:0000627	not available	NT=beam-type collision-induced dissociation;AC=MS:1000422	25 NCE	not available	20 ppm	NT=Strong cation-exchange chromatography (SCX);AC=PRIDE:0000561	phosphopeptide enrichment	NT=Carbamidomethyl;AC=UNIMOD:4;MT=fixed;TA=C;PP=Anywhere	NT=Oxidation;AC=UNIMOD:35;MT=variable;TA=M;PP=Anywhere	NT=Acetyl;AC=UNIMOD:1;MT=variable;PP=Protein N-term	NT=Phospho;AC=UNIMOD:21;MT=variable;TA=S,T,Y;PP=Anywhere	v3.0.0	ms-proteomics v1.1.0	human v1.1.0	cell-lines v1.1.0	nocodazole-arrested mitosis	phosphopeptide enrichment
N3	Homo sapiens	uterine cervix	uterine cervix	endocervical adenocarcinoma	not available	cell line	study sample	HeLa S3	CVCL_0058	HeLa S3	30Y6M	female	adult	not available	African American	3	nocodazole-arrested mitosis	20120215_EXQ5_KiSh_SA_LabelFree_HeLa_Phospho_Nocodazole_rep3_Fr5	proteomic profiling by mass spectrometry	20120215_EXQ5_KiSh_SA_LabelFree_HeLa_Phospho_Nocodazole_rep3_Fr5.raw	ftp://ftp.pride.ebi.ac.uk/pride/data/archive/2014/08/PXD000612/20120215_EXQ5_KiSh_SA_LabelFree_HeLa_Phospho_Nocodazole_rep3_Fr5.raw	NT=label free sample;AC=MS:1002038	1	5	NT=Q Exactive;AC=MS:1001911	NT=Data-dependent acquisition;AC=PRIDE:0000627	not available	NT=beam-type collision-induced dissociation;AC=MS:1000422	25 NCE	not available	20 ppm	NT=Strong cation-exchange chromatography (SCX);AC=PRIDE:0000561	phosphopeptide enrichment	NT=Carbamidomethyl;AC=UNIMOD:4;MT=fixed;TA=C;PP=Anywhere	NT=Oxidation;AC=UNIMOD:35;MT=variable;TA=M;PP=Anywhere	NT=Acetyl;AC=UNIMOD:1;MT=variable;PP=Protein N-term	NT=Phospho;AC=UNIMOD:21;MT=variable;TA=S,T,Y;PP=Anywhere	v3.0.0	ms-proteomics v1.1.0	human v1.1.0	cell-lines v1.1.0	nocodazole-arrested mitosis	phosphopeptide enrichment
N3	Homo sapiens	uterine cervix	uterine cervix	endocervical adenocarcinoma	not available	cell line	study sample	HeLa S3	CVCL_0058	HeLa S3	30Y6M	female	adult	not available	African American	3	nocodazole-arrested mitosis	20120215_EXQ5_KiSh_SA_LabelFree_HeLa_Phospho_Nocodazole_rep3_Fr6	proteomic profiling by mass spectrometry	20120215_EXQ5_KiSh_SA_LabelFree_HeLa_Phospho_Nocodazole_rep3_Fr6.raw	ftp://ftp.pride.ebi.ac.uk/pride/data/archive/2014/08/PXD000612/20120215_EXQ5_KiSh_SA_LabelFree_HeLa_Phospho_Nocodazole_rep3_Fr6.raw	NT=label free sample;AC=MS:1002038	1	6	NT=Q Exactive;AC=MS:1001911	NT=Data-dependent acquisition;AC=PRIDE:0000627	not available	NT=beam-type collision-induced dissociation;AC=MS:1000422	25 NCE	not available	20 ppm	NT=Strong cation-exchange chromatography (SCX);AC=PRIDE:0000561	phosphopeptide enrichment	NT=Carbamidomethyl;AC=UNIMOD:4;MT=fixed;TA=C;PP=Anywhere	NT=Oxidation;AC=UNIMOD:35;MT=variable;TA=M;PP=Anywhere	NT=Acetyl;AC=UNIMOD:1;MT=variable;PP=Protein N-term	NT=Phospho;AC=UNIMOD:21;MT=variable;TA=S,T,Y;PP=Anywhere	v3.0.0	ms-proteomics v1.1.0	human v1.1.0	cell-lines v1.1.0	nocodazole-arrested mitosis	phosphopeptide enrichment
N3	Homo sapiens	uterine cervix	uterine cervix	endocervical adenocarcinoma	not available	cell line	study sample	HeLa S3	CVCL_0058	HeLa S3	30Y6M	female	adult	not available	African American	3	nocodazole-arrested mitosis	20120216_EXQ5_KiSh_SA_LabelFree_HeLa_Phospho_Nocodazole_rep3_FT1	proteomic profiling by mass spectrometry	20120216_EXQ5_KiSh_SA_LabelFree_HeLa_Phospho_Nocodazole_rep3_FT1.raw	ftp://ftp.pride.ebi.ac.uk/pride/data/archive/2014/08/PXD000612/20120216_EXQ5_KiSh_SA_LabelFree_HeLa_Phospho_Nocodazole_rep3_FT1.raw	NT=label free sample;AC=MS:1002038	1	8	NT=Q Exactive;AC=MS:1001911	NT=Data-dependent acquisition;AC=PRIDE:0000627	not available	NT=beam-type collision-induced dissociation;AC=MS:1000422	25 NCE	not available	20 ppm	NT=Strong cation-exchange chromatography (SCX);AC=PRIDE:0000561	phosphopeptide enrichment	NT=Carbamidomethyl;AC=UNIMOD:4;MT=fixed;TA=C;PP=Anywhere	NT=Oxidation;AC=UNIMOD:35;MT=variable;TA=M;PP=Anywhere	NT=Acetyl;AC=UNIMOD:1;MT=variable;PP=Protein N-term	NT=Phospho;AC=UNIMOD:21;MT=variable;TA=S,T,Y;PP=Anywhere	v3.0.0	ms-proteomics v1.1.0	human v1.1.0	cell-lines v1.1.0	nocodazole-arrested mitosis	phosphopeptide enrichment
N3	Homo sapiens	uterine cervix	uterine cervix	endocervical adenocarcinoma	not available	cell line	study sample	HeLa S3	CVCL_0058	HeLa S3	30Y6M	female	adult	not available	African American	3	nocodazole-arrested mitosis	20120216_EXQ5_KiSh_SA_LabelFree_HeLa_Phospho_Nocodazole_rep3_FT2	proteomic profiling by mass spectrometry	20120216_EXQ5_KiSh_SA_LabelFree_HeLa_Phospho_Nocodazole_rep3_FT2.raw	ftp://ftp.pride.ebi.ac.uk/pride/data/archive/2014/08/PXD000612/20120216_EXQ5_KiSh_SA_LabelFree_HeLa_Phospho_Nocodazole_rep3_FT2.raw	NT=label free sample;AC=MS:1002038	1	9	NT=Q Exactive;AC=MS:1001911	NT=Data-dependent acquisition;AC=PRIDE:0000627	not available	NT=beam-type collision-induced dissociation;AC=MS:1000422	25 NCE	not available	20 ppm	NT=Strong cation-exchange chromatography (SCX);AC=PRIDE:0000561	phosphopeptide enrichment	NT=Carbamidomethyl;AC=UNIMOD:4;MT=fixed;TA=C;PP=Anywhere	NT=Oxidation;AC=UNIMOD:35;MT=variable;TA=M;PP=Anywhere	NT=Acetyl;AC=UNIMOD:1;MT=variable;PP=Protein N-term	NT=Phospho;AC=UNIMOD:21;MT=variable;TA=S,T,Y;PP=Anywhere	v3.0.0	ms-proteomics v1.1.0	human v1.1.0	cell-lines v1.1.0	nocodazole-arrested mitosis	phosphopeptide enrichment
N3	Homo sapiens	uterine cervix	uterine cervix	endocervical adenocarcinoma	not available	cell line	study sample	HeLa S3	CVCL_0058	HeLa S3	30Y6M	female	adult	not available	African American	3	nocodazole-arrested mitosis	20120216_EXQ5_KiSh_SA_LabelFree_HeLa_Phospho_Nocodazole_rep3_FT3	proteomic profiling by mass spectrometry	20120216_EXQ5_KiSh_SA_LabelFree_HeLa_Phospho_Nocodazole_rep3_FT3.raw	ftp://ftp.pride.ebi.ac.uk/pride/data/archive/2014/08/PXD000612/20120216_EXQ5_KiSh_SA_LabelFree_HeLa_Phospho_Nocodazole_rep3_FT3.raw	NT=label free sample;AC=MS:1002038	1	10	NT=Q Exactive;AC=MS:1001911	NT=Data-dependent acquisition;AC=PRIDE:0000627	not available	NT=beam-type collision-induced dissociation;AC=MS:1000422	25 NCE	not available	20 ppm	NT=Strong cation-exchange chromatography (SCX);AC=PRIDE:0000561	phosphopeptide enrichment	NT=Carbamidomethyl;AC=UNIMOD:4;MT=fixed;TA=C;PP=Anywhere	NT=Oxidation;AC=UNIMOD:35;MT=variable;TA=M;PP=Anywhere	NT=Acetyl;AC=UNIMOD:1;MT=variable;PP=Protein N-term	NT=Phospho;AC=UNIMOD:21;MT=variable;TA=S,T,Y;PP=Anywhere	v3.0.0	ms-proteomics v1.1.0	human v1.1.0	cell-lines v1.1.0	nocodazole-arrested mitosis	phosphopeptide enrichment
N4	Homo sapiens	uterine cervix	uterine cervix	endocervical adenocarcinoma	not available	cell line	study sample	HeLa S3	CVCL_0058	HeLa S3	30Y6M	female	adult	not available	African American	4	nocodazole-arrested mitosis	20120217_EXQ5_KiSh_SA_LabelFree_HeLa_Phospho_Nocodazole_rep4_Fr1	proteomic profiling by mass spectrometry	20120217_EXQ5_KiSh_SA_LabelFree_HeLa_Phospho_Nocodazole_rep4_Fr1.raw	ftp://ftp.pride.ebi.ac.uk/pride/data/archive/2014/08/PXD000612/20120217_EXQ5_KiSh_SA_LabelFree_HeLa_Phospho_Nocodazole_rep4_Fr1.raw	NT=label free sample;AC=MS:1002038	1	1	NT=Q Exactive;AC=MS:1001911	NT=Data-dependent acquisition;AC=PRIDE:0000627	not available	NT=beam-type collision-induced dissociation;AC=MS:1000422	25 NCE	not available	20 ppm	NT=Strong cation-exchange chromatography (SCX);AC=PRIDE:0000561	phosphopeptide enrichment	NT=Carbamidomethyl;AC=UNIMOD:4;MT=fixed;TA=C;PP=Anywhere	NT=Oxidation;AC=UNIMOD:35;MT=variable;TA=M;PP=Anywhere	NT=Acetyl;AC=UNIMOD:1;MT=variable;PP=Protein N-term	NT=Phospho;AC=UNIMOD:21;MT=variable;TA=S,T,Y;PP=Anywhere	v3.0.0	ms-proteomics v1.1.0	human v1.1.0	cell-lines v1.1.0	nocodazole-arrested mitosis	phosphopeptide enrichment
N4	Homo sapiens	uterine cervix	uterine cervix	endocervical adenocarcinoma	not available	cell line	study sample	HeLa S3	CVCL_0058	HeLa S3	30Y6M	female	adult	not available	African American	4	nocodazole-arrested mitosis	20120217_EXQ5_KiSh_SA_LabelFree_HeLa_Phospho_Nocodazole_rep4_Fr2	proteomic profiling by mass spectrometry	20120217_EXQ5_KiSh_SA_LabelFree_HeLa_Phospho_Nocodazole_rep4_Fr2.raw	ftp://ftp.pride.ebi.ac.uk/pride/data/archive/2014/08/PXD000612/20120217_EXQ5_KiSh_SA_LabelFree_HeLa_Phospho_Nocodazole_rep4_Fr2.raw	NT=label free sample;AC=MS:1002038	1	2	NT=Q Exactive;AC=MS:1001911	NT=Data-dependent acquisition;AC=PRIDE:0000627	not available	NT=beam-type collision-induced dissociation;AC=MS:1000422	25 NCE	not available	20 ppm	NT=Strong cation-exchange chromatography (SCX);AC=PRIDE:0000561	phosphopeptide enrichment	NT=Carbamidomethyl;AC=UNIMOD:4;MT=fixed;TA=C;PP=Anywhere	NT=Oxidation;AC=UNIMOD:35;MT=variable;TA=M;PP=Anywhere	NT=Acetyl;AC=UNIMOD:1;MT=variable;PP=Protein N-term	NT=Phospho;AC=UNIMOD:21;MT=variable;TA=S,T,Y;PP=Anywhere	v3.0.0	ms-proteomics v1.1.0	human v1.1.0	cell-lines v1.1.0	nocodazole-arrested mitosis	phosphopeptide enrichment
N4	Homo sapiens	uterine cervix	uterine cervix	endocervical adenocarcinoma	not available	cell line	study sample	HeLa S3	CVCL_0058	HeLa S3	30Y6M	female	adult	not available	African American	4	nocodazole-arrested mitosis	20120217_EXQ5_KiSh_SA_LabelFree_HeLa_Phospho_Nocodazole_rep4_Fr3	proteomic profiling by mass spectrometry	20120217_EXQ5_KiSh_SA_LabelFree_HeLa_Phospho_Nocodazole_rep4_Fr3.raw	ftp://ftp.pride.ebi.ac.uk/pride/data/archive/2014/08/PXD000612/20120217_EXQ5_KiSh_SA_LabelFree_HeLa_Phospho_Nocodazole_rep4_Fr3.raw	NT=label free sample;AC=MS:1002038	1	3	NT=Q Exactive;AC=MS:1001911	NT=Data-dependent acquisition;AC=PRIDE:0000627	not available	NT=beam-type collision-induced dissociation;AC=MS:1000422	25 NCE	not available	20 ppm	NT=Strong cation-exchange chromatography (SCX);AC=PRIDE:0000561	phosphopeptide enrichment	NT=Carbamidomethyl;AC=UNIMOD:4;MT=fixed;TA=C;PP=Anywhere	NT=Oxidation;AC=UNIMOD:35;MT=variable;TA=M;PP=Anywhere	NT=Acetyl;AC=UNIMOD:1;MT=variable;PP=Protein N-term	NT=Phospho;AC=UNIMOD:21;MT=variable;TA=S,T,Y;PP=Anywhere	v3.0.0	ms-proteomics v1.1.0	human v1.1.0	cell-lines v1.1.0	nocodazole-arrested mitosis	phosphopeptide enrichment
N4	Homo sapiens	uterine cervix	uterine cervix	endocervical adenocarcinoma	not available	cell line	study sample	HeLa S3	CVCL_0058	HeLa S3	30Y6M	female	adult	not available	African American	4	nocodazole-arrested mitosis	20120217_EXQ5_KiSh_SA_LabelFree_HeLa_Phospho_Nocodazole_rep4_Fr4	proteomic profiling by mass spectrometry	20120217_EXQ5_KiSh_SA_LabelFree_HeLa_Phospho_Nocodazole_rep4_Fr4.raw	ftp://ftp.pride.ebi.ac.uk/pride/data/archive/2014/08/PXD000612/20120217_EXQ5_KiSh_SA_LabelFree_HeLa_Phospho_Nocodazole_rep4_Fr4.raw	NT=label free sample;AC=MS:1002038	1	4	NT=Q Exactive;AC=MS:1001911	NT=Data-dependent acquisition;AC=PRIDE:0000627	not available	NT=beam-type collision-induced dissociation;AC=MS:1000422	25 NCE	not available	20 ppm	NT=Strong cation-exchange chromatography (SCX);AC=PRIDE:0000561	phosphopeptide enrichment	NT=Carbamidomethyl;AC=UNIMOD:4;MT=fixed;TA=C;PP=Anywhere	NT=Oxidation;AC=UNIMOD:35;MT=variable;TA=M;PP=Anywhere	NT=Acetyl;AC=UNIMOD:1;MT=variable;PP=Protein N-term	NT=Phospho;AC=UNIMOD:21;MT=variable;TA=S,T,Y;PP=Anywhere	v3.0.0	ms-proteomics v1.1.0	human v1.1.0	cell-lines v1.1.0	nocodazole-arrested mitosis	phosphopeptide enrichment
N4	Homo sapiens	uterine cervix	uterine cervix	endocervical adenocarcinoma	not available	cell line	study sample	HeLa S3	CVCL_0058	HeLa S3	30Y6M	female	adult	not available	African American	4	nocodazole-arrested mitosis	20120217_EXQ5_KiSh_SA_LabelFree_HeLa_Phospho_Nocodazole_rep4_Fr5	proteomic profiling by mass spectrometry	20120217_EXQ5_KiSh_SA_LabelFree_HeLa_Phospho_Nocodazole_rep4_Fr5.raw	ftp://ftp.pride.ebi.ac.uk/pride/data/archive/2014/08/PXD000612/20120217_EXQ5_KiSh_SA_LabelFree_HeLa_Phospho_Nocodazole_rep4_Fr5.raw	NT=label free sample;AC=MS:1002038	1	5	NT=Q Exactive;AC=MS:1001911	NT=Data-dependent acquisition;AC=PRIDE:0000627	not available	NT=beam-type collision-induced dissociation;AC=MS:1000422	25 NCE	not available	20 ppm	NT=Strong cation-exchange chromatography (SCX);AC=PRIDE:0000561	phosphopeptide enrichment	NT=Carbamidomethyl;AC=UNIMOD:4;MT=fixed;TA=C;PP=Anywhere	NT=Oxidation;AC=UNIMOD:35;MT=variable;TA=M;PP=Anywhere	NT=Acetyl;AC=UNIMOD:1;MT=variable;PP=Protein N-term	NT=Phospho;AC=UNIMOD:21;MT=variable;TA=S,T,Y;PP=Anywhere	v3.0.0	ms-proteomics v1.1.0	human v1.1.0	cell-lines v1.1.0	nocodazole-arrested mitosis	phosphopeptide enrichment
N4	Homo sapiens	uterine cervix	uterine cervix	endocervical adenocarcinoma	not available	cell line	study sample	HeLa S3	CVCL_0058	HeLa S3	30Y6M	female	adult	not available	African American	4	nocodazole-arrested mitosis	20120217_EXQ5_KiSh_SA_LabelFree_HeLa_Phospho_Nocodazole_rep4_Fr6	proteomic profiling by mass spectrometry	20120217_EXQ5_KiSh_SA_LabelFree_HeLa_Phospho_Nocodazole_rep4_Fr6.raw	ftp://ftp.pride.ebi.ac.uk/pride/data/archive/2014/08/PXD000612/20120217_EXQ5_KiSh_SA_LabelFree_HeLa_Phospho_Nocodazole_rep4_Fr6.raw	NT=label free sample;AC=MS:1002038	1	6	NT=Q Exactive;AC=MS:1001911	NT=Data-dependent acquisition;AC=PRIDE:0000627	not available	NT=beam-type collision-induced dissociation;AC=MS:1000422	25 NCE	not available	20 ppm	NT=Strong cation-exchange chromatography (SCX);AC=PRIDE:0000561	phosphopeptide enrichment	NT=Carbamidomethyl;AC=UNIMOD:4;MT=fixed;TA=C;PP=Anywhere	NT=Oxidation;AC=UNIMOD:35;MT=variable;TA=M;PP=Anywhere	NT=Acetyl;AC=UNIMOD:1;MT=variable;PP=Protein N-term	NT=Phospho;AC=UNIMOD:21;MT=variable;TA=S,T,Y;PP=Anywhere	v3.0.0	ms-proteomics v1.1.0	human v1.1.0	cell-lines v1.1.0	nocodazole-arrested mitosis	phosphopeptide enrichment
N4	Homo sapiens	uterine cervix	uterine cervix	endocervical adenocarcinoma	not available	cell line	study sample	HeLa S3	CVCL_0058	HeLa S3	30Y6M	female	adult	not available	African American	4	nocodazole-arrested mitosis	20120217_EXQ5_KiSh_SA_LabelFree_HeLa_Phospho_Nocodazole_rep4_FT1	proteomic profiling by mass spectrometry	20120217_EXQ5_KiSh_SA_LabelFree_HeLa_Phospho_Nocodazole_rep4_FT1.raw	ftp://ftp.pride.ebi.ac.uk/pride/data/archive/2014/08/PXD000612/20120217_EXQ5_KiSh_SA_LabelFree_HeLa_Phospho_Nocodazole_rep4_FT1.raw	NT=label free sample;AC=MS:1002038	1	8	NT=Q Exactive;AC=MS:1001911	NT=Data-dependent acquisition;AC=PRIDE:0000627	not available	NT=beam-type collision-induced dissociation;AC=MS:1000422	25 NCE	not available	20 ppm	NT=Strong cation-exchange chromatography (SCX);AC=PRIDE:0000561	phosphopeptide enrichment	NT=Carbamidomethyl;AC=UNIMOD:4;MT=fixed;TA=C;PP=Anywhere	NT=Oxidation;AC=UNIMOD:35;MT=variable;TA=M;PP=Anywhere	NT=Acetyl;AC=UNIMOD:1;MT=variable;PP=Protein N-term	NT=Phospho;AC=UNIMOD:21;MT=variable;TA=S,T,Y;PP=Anywhere	v3.0.0	ms-proteomics v1.1.0	human v1.1.0	cell-lines v1.1.0	nocodazole-arrested mitosis	phosphopeptide enrichment
N4	Homo sapiens	uterine cervix	uterine cervix	endocervical adenocarcinoma	not available	cell line	study sample	HeLa S3	CVCL_0058	HeLa S3	30Y6M	female	adult	not available	African American	4	nocodazole-arrested mitosis	20120217_EXQ5_KiSh_SA_LabelFree_HeLa_Phospho_Nocodazole_rep4_FT2	proteomic profiling by mass spectrometry	20120217_EXQ5_KiSh_SA_LabelFree_HeLa_Phospho_Nocodazole_rep4_FT2.raw	ftp://ftp.pride.ebi.ac.uk/pride/data/archive/2014/08/PXD000612/20120217_EXQ5_KiSh_SA_LabelFree_HeLa_Phospho_Nocodazole_rep4_FT2.raw	NT=label free sample;AC=MS:1002038	1	9	NT=Q Exactive;AC=MS:1001911	NT=Data-dependent acquisition;AC=PRIDE:0000627	not available	NT=beam-type collision-induced dissociation;AC=MS:1000422	25 NCE	not available	20 ppm	NT=Strong cation-exchange chromatography (SCX);AC=PRIDE:0000561	phosphopeptide enrichment	NT=Carbamidomethyl;AC=UNIMOD:4;MT=fixed;TA=C;PP=Anywhere	NT=Oxidation;AC=UNIMOD:35;MT=variable;TA=M;PP=Anywhere	NT=Acetyl;AC=UNIMOD:1;MT=variable;PP=Protein N-term	NT=Phospho;AC=UNIMOD:21;MT=variable;TA=S,T,Y;PP=Anywhere	v3.0.0	ms-proteomics v1.1.0	human v1.1.0	cell-lines v1.1.0	nocodazole-arrested mitosis	phosphopeptide enrichment
N4	Homo sapiens	uterine cervix	uterine cervix	endocervical adenocarcinoma	not available	cell line	study sample	HeLa S3	CVCL_0058	HeLa S3	30Y6M	female	adult	not available	African American	4	nocodazole-arrested mitosis	20120217_EXQ5_KiSh_SA_LabelFree_HeLa_Phospho_Nocodazole_rep4_FT3	proteomic profiling by mass spectrometry	20120217_EXQ5_KiSh_SA_LabelFree_HeLa_Phospho_Nocodazole_rep4_FT3.raw	ftp://ftp.pride.ebi.ac.uk/pride/data/archive/2014/08/PXD000612/20120217_EXQ5_KiSh_SA_LabelFree_HeLa_Phospho_Nocodazole_rep4_FT3.raw	NT=label free sample;AC=MS:1002038	1	10	NT=Q Exactive;AC=MS:1001911	NT=Data-dependent acquisition;AC=PRIDE:0000627	not available	NT=beam-type collision-induced dissociation;AC=MS:1000422	25 NCE	not available	20 ppm	NT=Strong cation-exchange chromatography (SCX);AC=PRIDE:0000561	phosphopeptide enrichment	NT=Carbamidomethyl;AC=UNIMOD:4;MT=fixed;TA=C;PP=Anywhere	NT=Oxidation;AC=UNIMOD:35;MT=variable;TA=M;PP=Anywhere	NT=Acetyl;AC=UNIMOD:1;MT=variable;PP=Protein N-term	NT=Phospho;AC=UNIMOD:21;MT=variable;TA=S,T,Y;PP=Anywhere	v3.0.0	ms-proteomics v1.1.0	human v1.1.0	cell-lines v1.1.0	nocodazole-arrested mitosis	phosphopeptide enrichment
E15_1	Homo sapiens	uterine cervix	uterine cervix	endocervical adenocarcinoma	not available	cell line	study sample	HeLa S3	CVCL_0058	HeLa S3	30Y6M	female	adult	not available	African American	1	EGF 15 min	20120224_EXQ5_KiSh_SA_LabelFree_HeLa_Phospho_EGF_rep1_Fr1	proteomic profiling by mass spectrometry	20120224_EXQ5_KiSh_SA_LabelFree_HeLa_Phospho_EGF_rep1_Fr1.raw	ftp://ftp.pride.ebi.ac.uk/pride/data/archive/2014/08/PXD000612/20120224_EXQ5_KiSh_SA_LabelFree_HeLa_Phospho_EGF_rep1_Fr1.raw	NT=label free sample;AC=MS:1002038	1	1	NT=Q Exactive;AC=MS:1001911	NT=Data-dependent acquisition;AC=PRIDE:0000627	not available	NT=beam-type collision-induced dissociation;AC=MS:1000422	25 NCE	not available	20 ppm	NT=Strong cation-exchange chromatography (SCX);AC=PRIDE:0000561	phosphopeptide enrichment	NT=Carbamidomethyl;AC=UNIMOD:4;MT=fixed;TA=C;PP=Anywhere	NT=Oxidation;AC=UNIMOD:35;MT=variable;TA=M;PP=Anywhere	NT=Acetyl;AC=UNIMOD:1;MT=variable;PP=Protein N-term	NT=Phospho;AC=UNIMOD:21;MT=variable;TA=S,T,Y;PP=Anywhere	v3.0.0	ms-proteomics v1.1.0	human v1.1.0	cell-lines v1.1.0	EGF 15 min	phosphopeptide enrichment
E15_1	Homo sapiens	uterine cervix	uterine cervix	endocervical adenocarcinoma	not available	cell line	study sample	HeLa S3	CVCL_0058	HeLa S3	30Y6M	female	adult	not available	African American	1	EGF 15 min	20120224_EXQ5_KiSh_SA_LabelFree_HeLa_Phospho_EGF_rep1_Fr2	proteomic profiling by mass spectrometry	20120224_EXQ5_KiSh_SA_LabelFree_HeLa_Phospho_EGF_rep1_Fr2.raw	ftp://ftp.pride.ebi.ac.uk/pride/data/archive/2014/08/PXD000612/20120224_EXQ5_KiSh_SA_LabelFree_HeLa_Phospho_EGF_rep1_Fr2.raw	NT=label free sample;AC=MS:1002038	1	2	NT=Q Exactive;AC=MS:1001911	NT=Data-dependent acquisition;AC=PRIDE:0000627	not available	NT=beam-type collision-induced dissociation;AC=MS:1000422	25 NCE	not available	20 ppm	NT=Strong cation-exchange chromatography (SCX);AC=PRIDE:0000561	phosphopeptide enrichment	NT=Carbamidomethyl;AC=UNIMOD:4;MT=fixed;TA=C;PP=Anywhere	NT=Oxidation;AC=UNIMOD:35;MT=variable;TA=M;PP=Anywhere	NT=Acetyl;AC=UNIMOD:1;MT=variable;PP=Protein N-term	NT=Phospho;AC=UNIMOD:21;MT=variable;TA=S,T,Y;PP=Anywhere	v3.0.0	ms-proteomics v1.1.0	human v1.1.0	cell-lines v1.1.0	EGF 15 min	phosphopeptide enrichment
E15_1	Homo sapiens	uterine cervix	uterine cervix	endocervical adenocarcinoma	not available	cell line	study sample	HeLa S3	CVCL_0058	HeLa S3	30Y6M	female	adult	not available	African American	1	EGF 15 min	20120224_EXQ5_KiSh_SA_LabelFree_HeLa_Phospho_EGF_rep1_Fr3	proteomic profiling by mass spectrometry	20120224_EXQ5_KiSh_SA_LabelFree_HeLa_Phospho_EGF_rep1_Fr3.raw	ftp://ftp.pride.ebi.ac.uk/pride/data/archive/2014/08/PXD000612/20120224_EXQ5_KiSh_SA_LabelFree_HeLa_Phospho_EGF_rep1_Fr3.raw	NT=label free sample;AC=MS:1002038	1	3	NT=Q Exactive;AC=MS:1001911	NT=Data-dependent acquisition;AC=PRIDE:0000627	not available	NT=beam-type collision-induced dissociation;AC=MS:1000422	25 NCE	not available	20 ppm	NT=Strong cation-exchange chromatography (SCX);AC=PRIDE:0000561	phosphopeptide enrichment	NT=Carbamidomethyl;AC=UNIMOD:4;MT=fixed;TA=C;PP=Anywhere	NT=Oxidation;AC=UNIMOD:35;MT=variable;TA=M;PP=Anywhere	NT=Acetyl;AC=UNIMOD:1;MT=variable;PP=Protein N-term	NT=Phospho;AC=UNIMOD:21;MT=variable;TA=S,T,Y;PP=Anywhere	v3.0.0	ms-proteomics v1.1.0	human v1.1.0	cell-lines v1.1.0	EGF 15 min	phosphopeptide enrichment
E15_1	Homo sapiens	uterine cervix	uterine cervix	endocervical adenocarcinoma	not available	cell line	study sample	HeLa S3	CVCL_0058	HeLa S3	30Y6M	female	adult	not available	African American	1	EGF 15 min	20120224_EXQ5_KiSh_SA_LabelFree_HeLa_Phospho_EGF_rep1_Fr4	proteomic profiling by mass spectrometry	20120224_EXQ5_KiSh_SA_LabelFree_HeLa_Phospho_EGF_rep1_Fr4.raw	ftp://ftp.pride.ebi.ac.uk/pride/data/archive/2014/08/PXD000612/20120224_EXQ5_KiSh_SA_LabelFree_HeLa_Phospho_EGF_rep1_Fr4.raw	NT=label free sample;AC=MS:1002038	1	4	NT=Q Exactive;AC=MS:1001911	NT=Data-dependent acquisition;AC=PRIDE:0000627	not available	NT=beam-type collision-induced dissociation;AC=MS:1000422	25 NCE	not available	20 ppm	NT=Strong cation-exchange chromatography (SCX);AC=PRIDE:0000561	phosphopeptide enrichment	NT=Carbamidomethyl;AC=UNIMOD:4;MT=fixed;TA=C;PP=Anywhere	NT=Oxidation;AC=UNIMOD:35;MT=variable;TA=M;PP=Anywhere	NT=Acetyl;AC=UNIMOD:1;MT=variable;PP=Protein N-term	NT=Phospho;AC=UNIMOD:21;MT=variable;TA=S,T,Y;PP=Anywhere	v3.0.0	ms-proteomics v1.1.0	human v1.1.0	cell-lines v1.1.0	EGF 15 min	phosphopeptide enrichment
E15_1	Homo sapiens	uterine cervix	uterine cervix	endocervical adenocarcinoma	not available	cell line	study sample	HeLa S3	CVCL_0058	HeLa S3	30Y6M	female	adult	not available	African American	1	EGF 15 min	20120224_EXQ5_KiSh_SA_LabelFree_HeLa_Phospho_EGF_rep1_Fr5	proteomic profiling by mass spectrometry	20120224_EXQ5_KiSh_SA_LabelFree_HeLa_Phospho_EGF_rep1_Fr5.raw	ftp://ftp.pride.ebi.ac.uk/pride/data/archive/2014/08/PXD000612/20120224_EXQ5_KiSh_SA_LabelFree_HeLa_Phospho_EGF_rep1_Fr5.raw	NT=label free sample;AC=MS:1002038	1	5	NT=Q Exactive;AC=MS:1001911	NT=Data-dependent acquisition;AC=PRIDE:0000627	not available	NT=beam-type collision-induced dissociation;AC=MS:1000422	25 NCE	not available	20 ppm	NT=Strong cation-exchange chromatography (SCX);AC=PRIDE:0000561	phosphopeptide enrichment	NT=Carbamidomethyl;AC=UNIMOD:4;MT=fixed;TA=C;PP=Anywhere	NT=Oxidation;AC=UNIMOD:35;MT=variable;TA=M;PP=Anywhere	NT=Acetyl;AC=UNIMOD:1;MT=variable;PP=Protein N-term	NT=Phospho;AC=UNIMOD:21;MT=variable;TA=S,T,Y;PP=Anywhere	v3.0.0	ms-proteomics v1.1.0	human v1.1.0	cell-lines v1.1.0	EGF 15 min	phosphopeptide enrichment
E15_1	Homo sapiens	uterine cervix	uterine cervix	endocervical adenocarcinoma	not available	cell line	study sample	HeLa S3	CVCL_0058	HeLa S3	30Y6M	female	adult	not available	African American	1	EGF 15 min	20120224_EXQ5_KiSh_SA_LabelFree_HeLa_Phospho_EGF_rep1_Fr6	proteomic profiling by mass spectrometry	20120224_EXQ5_KiSh_SA_LabelFree_HeLa_Phospho_EGF_rep1_Fr6.raw	ftp://ftp.pride.ebi.ac.uk/pride/data/archive/2014/08/PXD000612/20120224_EXQ5_KiSh_SA_LabelFree_HeLa_Phospho_EGF_rep1_Fr6.raw	NT=label free sample;AC=MS:1002038	1	6	NT=Q Exactive;AC=MS:1001911	NT=Data-dependent acquisition;AC=PRIDE:0000627	not available	NT=beam-type collision-induced dissociation;AC=MS:1000422	25 NCE	not available	20 ppm	NT=Strong cation-exchange chromatography (SCX);AC=PRIDE:0000561	phosphopeptide enrichment	NT=Carbamidomethyl;AC=UNIMOD:4;MT=fixed;TA=C;PP=Anywhere	NT=Oxidation;AC=UNIMOD:35;MT=variable;TA=M;PP=Anywhere	NT=Acetyl;AC=UNIMOD:1;MT=variable;PP=Protein N-term	NT=Phospho;AC=UNIMOD:21;MT=variable;TA=S,T,Y;PP=Anywhere	v3.0.0	ms-proteomics v1.1.0	human v1.1.0	cell-lines v1.1.0	EGF 15 min	phosphopeptide enrichment
E15_1	Homo sapiens	uterine cervix	uterine cervix	endocervical adenocarcinoma	not available	cell line	study sample	HeLa S3	CVCL_0058	HeLa S3	30Y6M	female	adult	not available	African American	1	EGF 15 min	20120224_EXQ5_KiSh_SA_LabelFree_HeLa_Phospho_EGF_rep4_FT1	proteomic profiling by mass spectrometry	20120224_EXQ5_KiSh_SA_LabelFree_HeLa_Phospho_EGF_rep4_FT1.raw	ftp://ftp.pride.ebi.ac.uk/pride/data/archive/2014/08/PXD000612/20120224_EXQ5_KiSh_SA_LabelFree_HeLa_Phospho_EGF_rep4_FT1.raw	NT=label free sample;AC=MS:1002038	1	8	NT=Q Exactive;AC=MS:1001911	NT=Data-dependent acquisition;AC=PRIDE:0000627	not available	NT=beam-type collision-induced dissociation;AC=MS:1000422	25 NCE	not available	20 ppm	NT=Strong cation-exchange chromatography (SCX);AC=PRIDE:0000561	phosphopeptide enrichment	NT=Carbamidomethyl;AC=UNIMOD:4;MT=fixed;TA=C;PP=Anywhere	NT=Oxidation;AC=UNIMOD:35;MT=variable;TA=M;PP=Anywhere	NT=Acetyl;AC=UNIMOD:1;MT=variable;PP=Protein N-term	NT=Phospho;AC=UNIMOD:21;MT=variable;TA=S,T,Y;PP=Anywhere	v3.0.0	ms-proteomics v1.1.0	human v1.1.0	cell-lines v1.1.0	EGF 15 min	phosphopeptide enrichment
E15_1	Homo sapiens	uterine cervix	uterine cervix	endocervical adenocarcinoma	not available	cell line	study sample	HeLa S3	CVCL_0058	HeLa S3	30Y6M	female	adult	not available	African American	1	EGF 15 min	20120224_EXQ5_KiSh_SA_LabelFree_HeLa_Phospho_EGF_rep4_FT2	proteomic profiling by mass spectrometry	20120224_EXQ5_KiSh_SA_LabelFree_HeLa_Phospho_EGF_rep4_FT2.raw	ftp://ftp.pride.ebi.ac.uk/pride/data/archive/2014/08/PXD000612/20120224_EXQ5_KiSh_SA_LabelFree_HeLa_Phospho_EGF_rep4_FT2.raw	NT=label free sample;AC=MS:1002038	1	9	NT=Q Exactive;AC=MS:1001911	NT=Data-dependent acquisition;AC=PRIDE:0000627	not available	NT=beam-type collision-induced dissociation;AC=MS:1000422	25 NCE	not available	20 ppm	NT=Strong cation-exchange chromatography (SCX);AC=PRIDE:0000561	phosphopeptide enrichment	NT=Carbamidomethyl;AC=UNIMOD:4;MT=fixed;TA=C;PP=Anywhere	NT=Oxidation;AC=UNIMOD:35;MT=variable;TA=M;PP=Anywhere	NT=Acetyl;AC=UNIMOD:1;MT=variable;PP=Protein N-term	NT=Phospho;AC=UNIMOD:21;MT=variable;TA=S,T,Y;PP=Anywhere	v3.0.0	ms-proteomics v1.1.0	human v1.1.0	cell-lines v1.1.0	EGF 15 min	phosphopeptide enrichment
E15_1	Homo sapiens	uterine cervix	uterine cervix	endocervical adenocarcinoma	not available	cell line	study sample	HeLa S3	CVCL_0058	HeLa S3	30Y6M	female	adult	not available	African American	1	EGF 15 min	20120224_EXQ5_KiSh_SA_LabelFree_HeLa_Phospho_EGF_rep4_FT3	proteomic profiling by mass spectrometry	20120224_EXQ5_KiSh_SA_LabelFree_HeLa_Phospho_EGF_rep4_FT3.raw	ftp://ftp.pride.ebi.ac.uk/pride/data/archive/2014/08/PXD000612/20120224_EXQ5_KiSh_SA_LabelFree_HeLa_Phospho_EGF_rep4_FT3.raw	NT=label free sample;AC=MS:1002038	1	10	NT=Q Exactive;AC=MS:1001911	NT=Data-dependent acquisition;AC=PRIDE:0000627	not available	NT=beam-type collision-induced dissociation;AC=MS:1000422	25 NCE	not available	20 ppm	NT=Strong cation-exchange chromatography (SCX);AC=PRIDE:0000561	phosphopeptide enrichment	NT=Carbamidomethyl;AC=UNIMOD:4;MT=fixed;TA=C;PP=Anywhere	NT=Oxidation;AC=UNIMOD:35;MT=variable;TA=M;PP=Anywhere	NT=Acetyl;AC=UNIMOD:1;MT=variable;PP=Protein N-term	NT=Phospho;AC=UNIMOD:21;MT=variable;TA=S,T,Y;PP=Anywhere	v3.0.0	ms-proteomics v1.1.0	human v1.1.0	cell-lines v1.1.0	EGF 15 min	phosphopeptide enrichment
E15_2	Homo sapiens	uterine cervix	uterine cervix	endocervical adenocarcinoma	not available	cell line	study sample	HeLa S3	CVCL_0058	HeLa S3	30Y6M	female	adult	not available	African American	2	EGF 15 min	20120225_EXQ5_KiSh_SA_LabelFree_HeLa_Phospho_EGF_rep2_Fr1	proteomic profiling by mass spectrometry	20120225_EXQ5_KiSh_SA_LabelFree_HeLa_Phospho_EGF_rep2_Fr1.raw	ftp://ftp.pride.ebi.ac.uk/pride/data/archive/2014/08/PXD000612/20120225_EXQ5_KiSh_SA_LabelFree_HeLa_Phospho_EGF_rep2_Fr1.raw	NT=label free sample;AC=MS:1002038	1	1	NT=Q Exactive;AC=MS:1001911	NT=Data-dependent acquisition;AC=PRIDE:0000627	not available	NT=beam-type collision-induced dissociation;AC=MS:1000422	25 NCE	not available	20 ppm	NT=Strong cation-exchange chromatography (SCX);AC=PRIDE:0000561	phosphopeptide enrichment	NT=Carbamidomethyl;AC=UNIMOD:4;MT=fixed;TA=C;PP=Anywhere	NT=Oxidation;AC=UNIMOD:35;MT=variable;TA=M;PP=Anywhere	NT=Acetyl;AC=UNIMOD:1;MT=variable;PP=Protein N-term	NT=Phospho;AC=UNIMOD:21;MT=variable;TA=S,T,Y;PP=Anywhere	v3.0.0	ms-proteomics v1.1.0	human v1.1.0	cell-lines v1.1.0	EGF 15 min	phosphopeptide enrichment
E15_2	Homo sapiens	uterine cervix	uterine cervix	endocervical adenocarcinoma	not available	cell line	study sample	HeLa S3	CVCL_0058	HeLa S3	30Y6M	female	adult	not available	African American	2	EGF 15 min	20120225_EXQ5_KiSh_SA_LabelFree_HeLa_Phospho_EGF_rep2_Fr2	proteomic profiling by mass spectrometry	20120225_EXQ5_KiSh_SA_LabelFree_HeLa_Phospho_EGF_rep2_Fr2.raw	ftp://ftp.pride.ebi.ac.uk/pride/data/archive/2014/08/PXD000612/20120225_EXQ5_KiSh_SA_LabelFree_HeLa_Phospho_EGF_rep2_Fr2.raw	NT=label free sample;AC=MS:1002038	1	2	NT=Q Exactive;AC=MS:1001911	NT=Data-dependent acquisition;AC=PRIDE:0000627	not available	NT=beam-type collision-induced dissociation;AC=MS:1000422	25 NCE	not available	20 ppm	NT=Strong cation-exchange chromatography (SCX);AC=PRIDE:0000561	phosphopeptide enrichment	NT=Carbamidomethyl;AC=UNIMOD:4;MT=fixed;TA=C;PP=Anywhere	NT=Oxidation;AC=UNIMOD:35;MT=variable;TA=M;PP=Anywhere	NT=Acetyl;AC=UNIMOD:1;MT=variable;PP=Protein N-term	NT=Phospho;AC=UNIMOD:21;MT=variable;TA=S,T,Y;PP=Anywhere	v3.0.0	ms-proteomics v1.1.0	human v1.1.0	cell-lines v1.1.0	EGF 15 min	phosphopeptide enrichment
E15_2	Homo sapiens	uterine cervix	uterine cervix	endocervical adenocarcinoma	not available	cell line	study sample	HeLa S3	CVCL_0058	HeLa S3	30Y6M	female	adult	not available	African American	2	EGF 15 min	20120225_EXQ5_KiSh_SA_LabelFree_HeLa_Phospho_EGF_rep2_Fr3	proteomic profiling by mass spectrometry	20120225_EXQ5_KiSh_SA_LabelFree_HeLa_Phospho_EGF_rep2_Fr3.raw	ftp://ftp.pride.ebi.ac.uk/pride/data/archive/2014/08/PXD000612/20120225_EXQ5_KiSh_SA_LabelFree_HeLa_Phospho_EGF_rep2_Fr3.raw	NT=label free sample;AC=MS:1002038	1	3	NT=Q Exactive;AC=MS:1001911	NT=Data-dependent acquisition;AC=PRIDE:0000627	not available	NT=beam-type collision-induced dissociation;AC=MS:1000422	25 NCE	not available	20 ppm	NT=Strong cation-exchange chromatography (SCX);AC=PRIDE:0000561	phosphopeptide enrichment	NT=Carbamidomethyl;AC=UNIMOD:4;MT=fixed;TA=C;PP=Anywhere	NT=Oxidation;AC=UNIMOD:35;MT=variable;TA=M;PP=Anywhere	NT=Acetyl;AC=UNIMOD:1;MT=variable;PP=Protein N-term	NT=Phospho;AC=UNIMOD:21;MT=variable;TA=S,T,Y;PP=Anywhere	v3.0.0	ms-proteomics v1.1.0	human v1.1.0	cell-lines v1.1.0	EGF 15 min	phosphopeptide enrichment
E15_2	Homo sapiens	uterine cervix	uterine cervix	endocervical adenocarcinoma	not available	cell line	study sample	HeLa S3	CVCL_0058	HeLa S3	30Y6M	female	adult	not available	African American	2	EGF 15 min	20120225_EXQ5_KiSh_SA_LabelFree_HeLa_Phospho_EGF_rep2_Fr4	proteomic profiling by mass spectrometry	20120225_EXQ5_KiSh_SA_LabelFree_HeLa_Phospho_EGF_rep2_Fr4.raw	ftp://ftp.pride.ebi.ac.uk/pride/data/archive/2014/08/PXD000612/20120225_EXQ5_KiSh_SA_LabelFree_HeLa_Phospho_EGF_rep2_Fr4.raw	NT=label free sample;AC=MS:1002038	1	4	NT=Q Exactive;AC=MS:1001911	NT=Data-dependent acquisition;AC=PRIDE:0000627	not available	NT=beam-type collision-induced dissociation;AC=MS:1000422	25 NCE	not available	20 ppm	NT=Strong cation-exchange chromatography (SCX);AC=PRIDE:0000561	phosphopeptide enrichment	NT=Carbamidomethyl;AC=UNIMOD:4;MT=fixed;TA=C;PP=Anywhere	NT=Oxidation;AC=UNIMOD:35;MT=variable;TA=M;PP=Anywhere	NT=Acetyl;AC=UNIMOD:1;MT=variable;PP=Protein N-term	NT=Phospho;AC=UNIMOD:21;MT=variable;TA=S,T,Y;PP=Anywhere	v3.0.0	ms-proteomics v1.1.0	human v1.1.0	cell-lines v1.1.0	EGF 15 min	phosphopeptide enrichment
E15_2	Homo sapiens	uterine cervix	uterine cervix	endocervical adenocarcinoma	not available	cell line	study sample	HeLa S3	CVCL_0058	HeLa S3	30Y6M	female	adult	not available	African American	2	EGF 15 min	20120225_EXQ5_KiSh_SA_LabelFree_HeLa_Phospho_EGF_rep2_Fr5	proteomic profiling by mass spectrometry	20120225_EXQ5_KiSh_SA_LabelFree_HeLa_Phospho_EGF_rep2_Fr5.raw	ftp://ftp.pride.ebi.ac.uk/pride/data/archive/2014/08/PXD000612/20120225_EXQ5_KiSh_SA_LabelFree_HeLa_Phospho_EGF_rep2_Fr5.raw	NT=label free sample;AC=MS:1002038	1	5	NT=Q Exactive;AC=MS:1001911	NT=Data-dependent acquisition;AC=PRIDE:0000627	not available	NT=beam-type collision-induced dissociation;AC=MS:1000422	25 NCE	not available	20 ppm	NT=Strong cation-exchange chromatography (SCX);AC=PRIDE:0000561	phosphopeptide enrichment	NT=Carbamidomethyl;AC=UNIMOD:4;MT=fixed;TA=C;PP=Anywhere	NT=Oxidation;AC=UNIMOD:35;MT=variable;TA=M;PP=Anywhere	NT=Acetyl;AC=UNIMOD:1;MT=variable;PP=Protein N-term	NT=Phospho;AC=UNIMOD:21;MT=variable;TA=S,T,Y;PP=Anywhere	v3.0.0	ms-proteomics v1.1.0	human v1.1.0	cell-lines v1.1.0	EGF 15 min	phosphopeptide enrichment
E15_2	Homo sapiens	uterine cervix	uterine cervix	endocervical adenocarcinoma	not available	cell line	study sample	HeLa S3	CVCL_0058	HeLa S3	30Y6M	female	adult	not available	African American	2	EGF 15 min	20120225_EXQ5_KiSh_SA_LabelFree_HeLa_Phospho_EGF_rep2_Fr6	proteomic profiling by mass spectrometry	20120225_EXQ5_KiSh_SA_LabelFree_HeLa_Phospho_EGF_rep2_Fr6.raw	ftp://ftp.pride.ebi.ac.uk/pride/data/archive/2014/08/PXD000612/20120225_EXQ5_KiSh_SA_LabelFree_HeLa_Phospho_EGF_rep2_Fr6.raw	NT=label free sample;AC=MS:1002038	1	6	NT=Q Exactive;AC=MS:1001911	NT=Data-dependent acquisition;AC=PRIDE:0000627	not available	NT=beam-type collision-induced dissociation;AC=MS:1000422	25 NCE	not available	20 ppm	NT=Strong cation-exchange chromatography (SCX);AC=PRIDE:0000561	phosphopeptide enrichment	NT=Carbamidomethyl;AC=UNIMOD:4;MT=fixed;TA=C;PP=Anywhere	NT=Oxidation;AC=UNIMOD:35;MT=variable;TA=M;PP=Anywhere	NT=Acetyl;AC=UNIMOD:1;MT=variable;PP=Protein N-term	NT=Phospho;AC=UNIMOD:21;MT=variable;TA=S,T,Y;PP=Anywhere	v3.0.0	ms-proteomics v1.1.0	human v1.1.0	cell-lines v1.1.0	EGF 15 min	phosphopeptide enrichment
E15_2	Homo sapiens	uterine cervix	uterine cervix	endocervical adenocarcinoma	not available	cell line	study sample	HeLa S3	CVCL_0058	HeLa S3	30Y6M	female	adult	not available	African American	2	EGF 15 min	20120225_EXQ5_KiSh_SA_LabelFree_HeLa_Phospho_EGF_rep2_FT1	proteomic profiling by mass spectrometry	20120225_EXQ5_KiSh_SA_LabelFree_HeLa_Phospho_EGF_rep2_FT1.raw	ftp://ftp.pride.ebi.ac.uk/pride/data/archive/2014/08/PXD000612/20120225_EXQ5_KiSh_SA_LabelFree_HeLa_Phospho_EGF_rep2_FT1.raw	NT=label free sample;AC=MS:1002038	1	8	NT=Q Exactive;AC=MS:1001911	NT=Data-dependent acquisition;AC=PRIDE:0000627	not available	NT=beam-type collision-induced dissociation;AC=MS:1000422	25 NCE	not available	20 ppm	NT=Strong cation-exchange chromatography (SCX);AC=PRIDE:0000561	phosphopeptide enrichment	NT=Carbamidomethyl;AC=UNIMOD:4;MT=fixed;TA=C;PP=Anywhere	NT=Oxidation;AC=UNIMOD:35;MT=variable;TA=M;PP=Anywhere	NT=Acetyl;AC=UNIMOD:1;MT=variable;PP=Protein N-term	NT=Phospho;AC=UNIMOD:21;MT=variable;TA=S,T,Y;PP=Anywhere	v3.0.0	ms-proteomics v1.1.0	human v1.1.0	cell-lines v1.1.0	EGF 15 min	phosphopeptide enrichment
E15_2	Homo sapiens	uterine cervix	uterine cervix	endocervical adenocarcinoma	not available	cell line	study sample	HeLa S3	CVCL_0058	HeLa S3	30Y6M	female	adult	not available	African American	2	EGF 15 min	20120225_EXQ5_KiSh_SA_LabelFree_HeLa_Phospho_EGF_rep2_FT2	proteomic profiling by mass spectrometry	20120225_EXQ5_KiSh_SA_LabelFree_HeLa_Phospho_EGF_rep2_FT2.raw	ftp://ftp.pride.ebi.ac.uk/pride/data/archive/2014/08/PXD000612/20120225_EXQ5_KiSh_SA_LabelFree_HeLa_Phospho_EGF_rep2_FT2.raw	NT=label free sample;AC=MS:1002038	1	9	NT=Q Exactive;AC=MS:1001911	NT=Data-dependent acquisition;AC=PRIDE:0000627	not available	NT=beam-type collision-induced dissociation;AC=MS:1000422	25 NCE	not available	20 ppm	NT=Strong cation-exchange chromatography (SCX);AC=PRIDE:0000561	phosphopeptide enrichment	NT=Carbamidomethyl;AC=UNIMOD:4;MT=fixed;TA=C;PP=Anywhere	NT=Oxidation;AC=UNIMOD:35;MT=variable;TA=M;PP=Anywhere	NT=Acetyl;AC=UNIMOD:1;MT=variable;PP=Protein N-term	NT=Phospho;AC=UNIMOD:21;MT=variable;TA=S,T,Y;PP=Anywhere	v3.0.0	ms-proteomics v1.1.0	human v1.1.0	cell-lines v1.1.0	EGF 15 min	phosphopeptide enrichment
E15_2	Homo sapiens	uterine cervix	uterine cervix	endocervical adenocarcinoma	not available	cell line	study sample	HeLa S3	CVCL_0058	HeLa S3	30Y6M	female	adult	not available	African American	2	EGF 15 min	20120225_EXQ5_KiSh_SA_LabelFree_HeLa_Phospho_EGF_rep2_FT3	proteomic profiling by mass spectrometry	20120225_EXQ5_KiSh_SA_LabelFree_HeLa_Phospho_EGF_rep2_FT3.raw	ftp://ftp.pride.ebi.ac.uk/pride/data/archive/2014/08/PXD000612/20120225_EXQ5_KiSh_SA_LabelFree_HeLa_Phospho_EGF_rep2_FT3.raw	NT=label free sample;AC=MS:1002038	1	10	NT=Q Exactive;AC=MS:1001911	NT=Data-dependent acquisition;AC=PRIDE:0000627	not available	NT=beam-type collision-induced dissociation;AC=MS:1000422	25 NCE	not available	20 ppm	NT=Strong cation-exchange chromatography (SCX);AC=PRIDE:0000561	phosphopeptide enrichment	NT=Carbamidomethyl;AC=UNIMOD:4;MT=fixed;TA=C;PP=Anywhere	NT=Oxidation;AC=UNIMOD:35;MT=variable;TA=M;PP=Anywhere	NT=Acetyl;AC=UNIMOD:1;MT=variable;PP=Protein N-term	NT=Phospho;AC=UNIMOD:21;MT=variable;TA=S,T,Y;PP=Anywhere	v3.0.0	ms-proteomics v1.1.0	human v1.1.0	cell-lines v1.1.0	EGF 15 min	phosphopeptide enrichment
E15_3	Homo sapiens	uterine cervix	uterine cervix	endocervical adenocarcinoma	not available	cell line	study sample	HeLa S3	CVCL_0058	HeLa S3	30Y6M	female	adult	not available	African American	3	EGF 15 min	20120227_EXQ5_KiSh_SA_LabelFree_HeLa_Phospho_EGF_rep3_Fr1	proteomic profiling by mass spectrometry	20120227_EXQ5_KiSh_SA_LabelFree_HeLa_Phospho_EGF_rep3_Fr1.raw	ftp://ftp.pride.ebi.ac.uk/pride/data/archive/2014/08/PXD000612/20120227_EXQ5_KiSh_SA_LabelFree_HeLa_Phospho_EGF_rep3_Fr1.raw	NT=label free sample;AC=MS:1002038	1	1	NT=Q Exactive;AC=MS:1001911	NT=Data-dependent acquisition;AC=PRIDE:0000627	not available	NT=beam-type collision-induced dissociation;AC=MS:1000422	25 NCE	not available	20 ppm	NT=Strong cation-exchange chromatography (SCX);AC=PRIDE:0000561	phosphopeptide enrichment	NT=Carbamidomethyl;AC=UNIMOD:4;MT=fixed;TA=C;PP=Anywhere	NT=Oxidation;AC=UNIMOD:35;MT=variable;TA=M;PP=Anywhere	NT=Acetyl;AC=UNIMOD:1;MT=variable;PP=Protein N-term	NT=Phospho;AC=UNIMOD:21;MT=variable;TA=S,T,Y;PP=Anywhere	v3.0.0	ms-proteomics v1.1.0	human v1.1.0	cell-lines v1.1.0	EGF 15 min	phosphopeptide enrichment
E15_3	Homo sapiens	uterine cervix	uterine cervix	endocervical adenocarcinoma	not available	cell line	study sample	HeLa S3	CVCL_0058	HeLa S3	30Y6M	female	adult	not available	African American	3	EGF 15 min	20120227_EXQ5_KiSh_SA_LabelFree_HeLa_Phospho_EGF_rep3_Fr2	proteomic profiling by mass spectrometry	20120227_EXQ5_KiSh_SA_LabelFree_HeLa_Phospho_EGF_rep3_Fr2.raw	ftp://ftp.pride.ebi.ac.uk/pride/data/archive/2014/08/PXD000612/20120227_EXQ5_KiSh_SA_LabelFree_HeLa_Phospho_EGF_rep3_Fr2.raw	NT=label free sample;AC=MS:1002038	1	2	NT=Q Exactive;AC=MS:1001911	NT=Data-dependent acquisition;AC=PRIDE:0000627	not available	NT=beam-type collision-induced dissociation;AC=MS:1000422	25 NCE	not available	20 ppm	NT=Strong cation-exchange chromatography (SCX);AC=PRIDE:0000561	phosphopeptide enrichment	NT=Carbamidomethyl;AC=UNIMOD:4;MT=fixed;TA=C;PP=Anywhere	NT=Oxidation;AC=UNIMOD:35;MT=variable;TA=M;PP=Anywhere	NT=Acetyl;AC=UNIMOD:1;MT=variable;PP=Protein N-term	NT=Phospho;AC=UNIMOD:21;MT=variable;TA=S,T,Y;PP=Anywhere	v3.0.0	ms-proteomics v1.1.0	human v1.1.0	cell-lines v1.1.0	EGF 15 min	phosphopeptide enrichment
E15_3	Homo sapiens	uterine cervix	uterine cervix	endocervical adenocarcinoma	not available	cell line	study sample	HeLa S3	CVCL_0058	HeLa S3	30Y6M	female	adult	not available	African American	3	EGF 15 min	20120227_EXQ5_KiSh_SA_LabelFree_HeLa_Phospho_EGF_rep3_Fr3	proteomic profiling by mass spectrometry	20120227_EXQ5_KiSh_SA_LabelFree_HeLa_Phospho_EGF_rep3_Fr3.raw	ftp://ftp.pride.ebi.ac.uk/pride/data/archive/2014/08/PXD000612/20120227_EXQ5_KiSh_SA_LabelFree_HeLa_Phospho_EGF_rep3_Fr3.raw	NT=label free sample;AC=MS:1002038	1	3	NT=Q Exactive;AC=MS:1001911	NT=Data-dependent acquisition;AC=PRIDE:0000627	not available	NT=beam-type collision-induced dissociation;AC=MS:1000422	25 NCE	not available	20 ppm	NT=Strong cation-exchange chromatography (SCX);AC=PRIDE:0000561	phosphopeptide enrichment	NT=Carbamidomethyl;AC=UNIMOD:4;MT=fixed;TA=C;PP=Anywhere	NT=Oxidation;AC=UNIMOD:35;MT=variable;TA=M;PP=Anywhere	NT=Acetyl;AC=UNIMOD:1;MT=variable;PP=Protein N-term	NT=Phospho;AC=UNIMOD:21;MT=variable;TA=S,T,Y;PP=Anywhere	v3.0.0	ms-proteomics v1.1.0	human v1.1.0	cell-lines v1.1.0	EGF 15 min	phosphopeptide enrichment
E15_3	Homo sapiens	uterine cervix	uterine cervix	endocervical adenocarcinoma	not available	cell line	study sample	HeLa S3	CVCL_0058	HeLa S3	30Y6M	female	adult	not available	African American	3	EGF 15 min	20120227_EXQ5_KiSh_SA_LabelFree_HeLa_Phospho_EGF_rep3_Fr4	proteomic profiling by mass spectrometry	20120227_EXQ5_KiSh_SA_LabelFree_HeLa_Phospho_EGF_rep3_Fr4.raw	ftp://ftp.pride.ebi.ac.uk/pride/data/archive/2014/08/PXD000612/20120227_EXQ5_KiSh_SA_LabelFree_HeLa_Phospho_EGF_rep3_Fr4.raw	NT=label free sample;AC=MS:1002038	1	4	NT=Q Exactive;AC=MS:1001911	NT=Data-dependent acquisition;AC=PRIDE:0000627	not available	NT=beam-type collision-induced dissociation;AC=MS:1000422	25 NCE	not available	20 ppm	NT=Strong cation-exchange chromatography (SCX);AC=PRIDE:0000561	phosphopeptide enrichment	NT=Carbamidomethyl;AC=UNIMOD:4;MT=fixed;TA=C;PP=Anywhere	NT=Oxidation;AC=UNIMOD:35;MT=variable;TA=M;PP=Anywhere	NT=Acetyl;AC=UNIMOD:1;MT=variable;PP=Protein N-term	NT=Phospho;AC=UNIMOD:21;MT=variable;TA=S,T,Y;PP=Anywhere	v3.0.0	ms-proteomics v1.1.0	human v1.1.0	cell-lines v1.1.0	EGF 15 min	phosphopeptide enrichment
E15_3	Homo sapiens	uterine cervix	uterine cervix	endocervical adenocarcinoma	not available	cell line	study sample	HeLa S3	CVCL_0058	HeLa S3	30Y6M	female	adult	not available	African American	3	EGF 15 min	20120227_EXQ5_KiSh_SA_LabelFree_HeLa_Phospho_EGF_rep3_Fr5	proteomic profiling by mass spectrometry	20120227_EXQ5_KiSh_SA_LabelFree_HeLa_Phospho_EGF_rep3_Fr5.raw	ftp://ftp.pride.ebi.ac.uk/pride/data/archive/2014/08/PXD000612/20120227_EXQ5_KiSh_SA_LabelFree_HeLa_Phospho_EGF_rep3_Fr5.raw	NT=label free sample;AC=MS:1002038	1	5	NT=Q Exactive;AC=MS:1001911	NT=Data-dependent acquisition;AC=PRIDE:0000627	not available	NT=beam-type collision-induced dissociation;AC=MS:1000422	25 NCE	not available	20 ppm	NT=Strong cation-exchange chromatography (SCX);AC=PRIDE:0000561	phosphopeptide enrichment	NT=Carbamidomethyl;AC=UNIMOD:4;MT=fixed;TA=C;PP=Anywhere	NT=Oxidation;AC=UNIMOD:35;MT=variable;TA=M;PP=Anywhere	NT=Acetyl;AC=UNIMOD:1;MT=variable;PP=Protein N-term	NT=Phospho;AC=UNIMOD:21;MT=variable;TA=S,T,Y;PP=Anywhere	v3.0.0	ms-proteomics v1.1.0	human v1.1.0	cell-lines v1.1.0	EGF 15 min	phosphopeptide enrichment
E15_3	Homo sapiens	uterine cervix	uterine cervix	endocervical adenocarcinoma	not available	cell line	study sample	HeLa S3	CVCL_0058	HeLa S3	30Y6M	female	adult	not available	African American	3	EGF 15 min	20120227_EXQ5_KiSh_SA_LabelFree_HeLa_Phospho_EGF_rep3_Fr6	proteomic profiling by mass spectrometry	20120227_EXQ5_KiSh_SA_LabelFree_HeLa_Phospho_EGF_rep3_Fr6.raw	ftp://ftp.pride.ebi.ac.uk/pride/data/archive/2014/08/PXD000612/20120227_EXQ5_KiSh_SA_LabelFree_HeLa_Phospho_EGF_rep3_Fr6.raw	NT=label free sample;AC=MS:1002038	1	6	NT=Q Exactive;AC=MS:1001911	NT=Data-dependent acquisition;AC=PRIDE:0000627	not available	NT=beam-type collision-induced dissociation;AC=MS:1000422	25 NCE	not available	20 ppm	NT=Strong cation-exchange chromatography (SCX);AC=PRIDE:0000561	phosphopeptide enrichment	NT=Carbamidomethyl;AC=UNIMOD:4;MT=fixed;TA=C;PP=Anywhere	NT=Oxidation;AC=UNIMOD:35;MT=variable;TA=M;PP=Anywhere	NT=Acetyl;AC=UNIMOD:1;MT=variable;PP=Protein N-term	NT=Phospho;AC=UNIMOD:21;MT=variable;TA=S,T,Y;PP=Anywhere	v3.0.0	ms-proteomics v1.1.0	human v1.1.0	cell-lines v1.1.0	EGF 15 min	phosphopeptide enrichment
E15_3	Homo sapiens	uterine cervix	uterine cervix	endocervical adenocarcinoma	not available	cell line	study sample	HeLa S3	CVCL_0058	HeLa S3	30Y6M	female	adult	not available	African American	3	EGF 15 min	20120227_EXQ5_KiSh_SA_LabelFree_HeLa_Phospho_EGF_rep3_FT1	proteomic profiling by mass spectrometry	20120227_EXQ5_KiSh_SA_LabelFree_HeLa_Phospho_EGF_rep3_FT1.raw	ftp://ftp.pride.ebi.ac.uk/pride/data/archive/2014/08/PXD000612/20120227_EXQ5_KiSh_SA_LabelFree_HeLa_Phospho_EGF_rep3_FT1.raw	NT=label free sample;AC=MS:1002038	1	8	NT=Q Exactive;AC=MS:1001911	NT=Data-dependent acquisition;AC=PRIDE:0000627	not available	NT=beam-type collision-induced dissociation;AC=MS:1000422	25 NCE	not available	20 ppm	NT=Strong cation-exchange chromatography (SCX);AC=PRIDE:0000561	phosphopeptide enrichment	NT=Carbamidomethyl;AC=UNIMOD:4;MT=fixed;TA=C;PP=Anywhere	NT=Oxidation;AC=UNIMOD:35;MT=variable;TA=M;PP=Anywhere	NT=Acetyl;AC=UNIMOD:1;MT=variable;PP=Protein N-term	NT=Phospho;AC=UNIMOD:21;MT=variable;TA=S,T,Y;PP=Anywhere	v3.0.0	ms-proteomics v1.1.0	human v1.1.0	cell-lines v1.1.0	EGF 15 min	phosphopeptide enrichment
E15_3	Homo sapiens	uterine cervix	uterine cervix	endocervical adenocarcinoma	not available	cell line	study sample	HeLa S3	CVCL_0058	HeLa S3	30Y6M	female	adult	not available	African American	3	EGF 15 min	20120227_EXQ5_KiSh_SA_LabelFree_HeLa_Phospho_EGF_rep3_FT2	proteomic profiling by mass spectrometry	20120227_EXQ5_KiSh_SA_LabelFree_HeLa_Phospho_EGF_rep3_FT2.raw	ftp://ftp.pride.ebi.ac.uk/pride/data/archive/2014/08/PXD000612/20120227_EXQ5_KiSh_SA_LabelFree_HeLa_Phospho_EGF_rep3_FT2.raw	NT=label free sample;AC=MS:1002038	1	9	NT=Q Exactive;AC=MS:1001911	NT=Data-dependent acquisition;AC=PRIDE:0000627	not available	NT=beam-type collision-induced dissociation;AC=MS:1000422	25 NCE	not available	20 ppm	NT=Strong cation-exchange chromatography (SCX);AC=PRIDE:0000561	phosphopeptide enrichment	NT=Carbamidomethyl;AC=UNIMOD:4;MT=fixed;TA=C;PP=Anywhere	NT=Oxidation;AC=UNIMOD:35;MT=variable;TA=M;PP=Anywhere	NT=Acetyl;AC=UNIMOD:1;MT=variable;PP=Protein N-term	NT=Phospho;AC=UNIMOD:21;MT=variable;TA=S,T,Y;PP=Anywhere	v3.0.0	ms-proteomics v1.1.0	human v1.1.0	cell-lines v1.1.0	EGF 15 min	phosphopeptide enrichment
E15_3	Homo sapiens	uterine cervix	uterine cervix	endocervical adenocarcinoma	not available	cell line	study sample	HeLa S3	CVCL_0058	HeLa S3	30Y6M	female	adult	not available	African American	3	EGF 15 min	20120227_EXQ5_KiSh_SA_LabelFree_HeLa_Phospho_EGF_rep3_FT3	proteomic profiling by mass spectrometry	20120227_EXQ5_KiSh_SA_LabelFree_HeLa_Phospho_EGF_rep3_FT3.raw	ftp://ftp.pride.ebi.ac.uk/pride/data/archive/2014/08/PXD000612/20120227_EXQ5_KiSh_SA_LabelFree_HeLa_Phospho_EGF_rep3_FT3.raw	NT=label free sample;AC=MS:1002038	1	10	NT=Q Exactive;AC=MS:1001911	NT=Data-dependent acquisition;AC=PRIDE:0000627	not available	NT=beam-type collision-induced dissociation;AC=MS:1000422	25 NCE	not available	20 ppm	NT=Strong cation-exchange chromatography (SCX);AC=PRIDE:0000561	phosphopeptide enrichment	NT=Carbamidomethyl;AC=UNIMOD:4;MT=fixed;TA=C;PP=Anywhere	NT=Oxidation;AC=UNIMOD:35;MT=variable;TA=M;PP=Anywhere	NT=Acetyl;AC=UNIMOD:1;MT=variable;PP=Protein N-term	NT=Phospho;AC=UNIMOD:21;MT=variable;TA=S,T,Y;PP=Anywhere	v3.0.0	ms-proteomics v1.1.0	human v1.1.0	cell-lines v1.1.0	EGF 15 min	phosphopeptide enrichment
E15_4	Homo sapiens	uterine cervix	uterine cervix	endocervical adenocarcinoma	not available	cell line	study sample	HeLa S3	CVCL_0058	HeLa S3	30Y6M	female	adult	not available	African American	4	EGF 15 min	20120309_EXQ5_KiSh_SA_LabelFree_HeLa_Phospho_EGF_rep4_Fr1	proteomic profiling by mass spectrometry	20120309_EXQ5_KiSh_SA_LabelFree_HeLa_Phospho_EGF_rep4_Fr1.raw	ftp://ftp.pride.ebi.ac.uk/pride/data/archive/2014/08/PXD000612/20120309_EXQ5_KiSh_SA_LabelFree_HeLa_Phospho_EGF_rep4_Fr1.raw	NT=label free sample;AC=MS:1002038	1	1	NT=Q Exactive;AC=MS:1001911	NT=Data-dependent acquisition;AC=PRIDE:0000627	not available	NT=beam-type collision-induced dissociation;AC=MS:1000422	25 NCE	not available	20 ppm	NT=Strong cation-exchange chromatography (SCX);AC=PRIDE:0000561	phosphopeptide enrichment	NT=Carbamidomethyl;AC=UNIMOD:4;MT=fixed;TA=C;PP=Anywhere	NT=Oxidation;AC=UNIMOD:35;MT=variable;TA=M;PP=Anywhere	NT=Acetyl;AC=UNIMOD:1;MT=variable;PP=Protein N-term	NT=Phospho;AC=UNIMOD:21;MT=variable;TA=S,T,Y;PP=Anywhere	v3.0.0	ms-proteomics v1.1.0	human v1.1.0	cell-lines v1.1.0	EGF 15 min	phosphopeptide enrichment
E15_4	Homo sapiens	uterine cervix	uterine cervix	endocervical adenocarcinoma	not available	cell line	study sample	HeLa S3	CVCL_0058	HeLa S3	30Y6M	female	adult	not available	African American	4	EGF 15 min	20120309_EXQ5_KiSh_SA_LabelFree_HeLa_Phospho_EGF_rep4_Fr2	proteomic profiling by mass spectrometry	20120309_EXQ5_KiSh_SA_LabelFree_HeLa_Phospho_EGF_rep4_Fr2.raw	ftp://ftp.pride.ebi.ac.uk/pride/data/archive/2014/08/PXD000612/20120309_EXQ5_KiSh_SA_LabelFree_HeLa_Phospho_EGF_rep4_Fr2.raw	NT=label free sample;AC=MS:1002038	1	2	NT=Q Exactive;AC=MS:1001911	NT=Data-dependent acquisition;AC=PRIDE:0000627	not available	NT=beam-type collision-induced dissociation;AC=MS:1000422	25 NCE	not available	20 ppm	NT=Strong cation-exchange chromatography (SCX);AC=PRIDE:0000561	phosphopeptide enrichment	NT=Carbamidomethyl;AC=UNIMOD:4;MT=fixed;TA=C;PP=Anywhere	NT=Oxidation;AC=UNIMOD:35;MT=variable;TA=M;PP=Anywhere	NT=Acetyl;AC=UNIMOD:1;MT=variable;PP=Protein N-term	NT=Phospho;AC=UNIMOD:21;MT=variable;TA=S,T,Y;PP=Anywhere	v3.0.0	ms-proteomics v1.1.0	human v1.1.0	cell-lines v1.1.0	EGF 15 min	phosphopeptide enrichment
E15_4	Homo sapiens	uterine cervix	uterine cervix	endocervical adenocarcinoma	not available	cell line	study sample	HeLa S3	CVCL_0058	HeLa S3	30Y6M	female	adult	not available	African American	4	EGF 15 min	20120309_EXQ5_KiSh_SA_LabelFree_HeLa_Phospho_EGF_rep4_Fr3	proteomic profiling by mass spectrometry	20120309_EXQ5_KiSh_SA_LabelFree_HeLa_Phospho_EGF_rep4_Fr3.raw	ftp://ftp.pride.ebi.ac.uk/pride/data/archive/2014/08/PXD000612/20120309_EXQ5_KiSh_SA_LabelFree_HeLa_Phospho_EGF_rep4_Fr3.raw	NT=label free sample;AC=MS:1002038	1	3	NT=Q Exactive;AC=MS:1001911	NT=Data-dependent acquisition;AC=PRIDE:0000627	not available	NT=beam-type collision-induced dissociation;AC=MS:1000422	25 NCE	not available	20 ppm	NT=Strong cation-exchange chromatography (SCX);AC=PRIDE:0000561	phosphopeptide enrichment	NT=Carbamidomethyl;AC=UNIMOD:4;MT=fixed;TA=C;PP=Anywhere	NT=Oxidation;AC=UNIMOD:35;MT=variable;TA=M;PP=Anywhere	NT=Acetyl;AC=UNIMOD:1;MT=variable;PP=Protein N-term	NT=Phospho;AC=UNIMOD:21;MT=variable;TA=S,T,Y;PP=Anywhere	v3.0.0	ms-proteomics v1.1.0	human v1.1.0	cell-lines v1.1.0	EGF 15 min	phosphopeptide enrichment
E15_4	Homo sapiens	uterine cervix	uterine cervix	endocervical adenocarcinoma	not available	cell line	study sample	HeLa S3	CVCL_0058	HeLa S3	30Y6M	female	adult	not available	African American	4	EGF 15 min	20120309_EXQ5_KiSh_SA_LabelFree_HeLa_Phospho_EGF_rep4_Fr4	proteomic profiling by mass spectrometry	20120309_EXQ5_KiSh_SA_LabelFree_HeLa_Phospho_EGF_rep4_Fr4.raw	ftp://ftp.pride.ebi.ac.uk/pride/data/archive/2014/08/PXD000612/20120309_EXQ5_KiSh_SA_LabelFree_HeLa_Phospho_EGF_rep4_Fr4.raw	NT=label free sample;AC=MS:1002038	1	4	NT=Q Exactive;AC=MS:1001911	NT=Data-dependent acquisition;AC=PRIDE:0000627	not available	NT=beam-type collision-induced dissociation;AC=MS:1000422	25 NCE	not available	20 ppm	NT=Strong cation-exchange chromatography (SCX);AC=PRIDE:0000561	phosphopeptide enrichment	NT=Carbamidomethyl;AC=UNIMOD:4;MT=fixed;TA=C;PP=Anywhere	NT=Oxidation;AC=UNIMOD:35;MT=variable;TA=M;PP=Anywhere	NT=Acetyl;AC=UNIMOD:1;MT=variable;PP=Protein N-term	NT=Phospho;AC=UNIMOD:21;MT=variable;TA=S,T,Y;PP=Anywhere	v3.0.0	ms-proteomics v1.1.0	human v1.1.0	cell-lines v1.1.0	EGF 15 min	phosphopeptide enrichment
E15_4	Homo sapiens	uterine cervix	uterine cervix	endocervical adenocarcinoma	not available	cell line	study sample	HeLa S3	CVCL_0058	HeLa S3	30Y6M	female	adult	not available	African American	4	EGF 15 min	20120309_EXQ5_KiSh_SA_LabelFree_HeLa_Phospho_EGF_rep4_Fr5	proteomic profiling by mass spectrometry	20120309_EXQ5_KiSh_SA_LabelFree_HeLa_Phospho_EGF_rep4_Fr5.raw	ftp://ftp.pride.ebi.ac.uk/pride/data/archive/2014/08/PXD000612/20120309_EXQ5_KiSh_SA_LabelFree_HeLa_Phospho_EGF_rep4_Fr5.raw	NT=label free sample;AC=MS:1002038	1	5	NT=Q Exactive;AC=MS:1001911	NT=Data-dependent acquisition;AC=PRIDE:0000627	not available	NT=beam-type collision-induced dissociation;AC=MS:1000422	25 NCE	not available	20 ppm	NT=Strong cation-exchange chromatography (SCX);AC=PRIDE:0000561	phosphopeptide enrichment	NT=Carbamidomethyl;AC=UNIMOD:4;MT=fixed;TA=C;PP=Anywhere	NT=Oxidation;AC=UNIMOD:35;MT=variable;TA=M;PP=Anywhere	NT=Acetyl;AC=UNIMOD:1;MT=variable;PP=Protein N-term	NT=Phospho;AC=UNIMOD:21;MT=variable;TA=S,T,Y;PP=Anywhere	v3.0.0	ms-proteomics v1.1.0	human v1.1.0	cell-lines v1.1.0	EGF 15 min	phosphopeptide enrichment
E15_4	Homo sapiens	uterine cervix	uterine cervix	endocervical adenocarcinoma	not available	cell line	study sample	HeLa S3	CVCL_0058	HeLa S3	30Y6M	female	adult	not available	African American	4	EGF 15 min	20120309_EXQ5_KiSh_SA_LabelFree_HeLa_Phospho_EGF_rep4_Fr6	proteomic profiling by mass spectrometry	20120309_EXQ5_KiSh_SA_LabelFree_HeLa_Phospho_EGF_rep4_Fr6.raw	ftp://ftp.pride.ebi.ac.uk/pride/data/archive/2014/08/PXD000612/20120309_EXQ5_KiSh_SA_LabelFree_HeLa_Phospho_EGF_rep4_Fr6.raw	NT=label free sample;AC=MS:1002038	1	6	NT=Q Exactive;AC=MS:1001911	NT=Data-dependent acquisition;AC=PRIDE:0000627	not available	NT=beam-type collision-induced dissociation;AC=MS:1000422	25 NCE	not available	20 ppm	NT=Strong cation-exchange chromatography (SCX);AC=PRIDE:0000561	phosphopeptide enrichment	NT=Carbamidomethyl;AC=UNIMOD:4;MT=fixed;TA=C;PP=Anywhere	NT=Oxidation;AC=UNIMOD:35;MT=variable;TA=M;PP=Anywhere	NT=Acetyl;AC=UNIMOD:1;MT=variable;PP=Protein N-term	NT=Phospho;AC=UNIMOD:21;MT=variable;TA=S,T,Y;PP=Anywhere	v3.0.0	ms-proteomics v1.1.0	human v1.1.0	cell-lines v1.1.0	EGF 15 min	phosphopeptide enrichment
E15_4	Homo sapiens	uterine cervix	uterine cervix	endocervical adenocarcinoma	not available	cell line	study sample	HeLa S3	CVCL_0058	HeLa S3	30Y6M	female	adult	not available	African American	4	EGF 15 min	20120309_EXQ5_KiSh_SA_LabelFree_HeLa_Phospho_EGF_rep4_FT1	proteomic profiling by mass spectrometry	20120309_EXQ5_KiSh_SA_LabelFree_HeLa_Phospho_EGF_rep4_FT1.raw	ftp://ftp.pride.ebi.ac.uk/pride/data/archive/2014/08/PXD000612/20120309_EXQ5_KiSh_SA_LabelFree_HeLa_Phospho_EGF_rep4_FT1.raw	NT=label free sample;AC=MS:1002038	1	8	NT=Q Exactive;AC=MS:1001911	NT=Data-dependent acquisition;AC=PRIDE:0000627	not available	NT=beam-type collision-induced dissociation;AC=MS:1000422	25 NCE	not available	20 ppm	NT=Strong cation-exchange chromatography (SCX);AC=PRIDE:0000561	phosphopeptide enrichment	NT=Carbamidomethyl;AC=UNIMOD:4;MT=fixed;TA=C;PP=Anywhere	NT=Oxidation;AC=UNIMOD:35;MT=variable;TA=M;PP=Anywhere	NT=Acetyl;AC=UNIMOD:1;MT=variable;PP=Protein N-term	NT=Phospho;AC=UNIMOD:21;MT=variable;TA=S,T,Y;PP=Anywhere	v3.0.0	ms-proteomics v1.1.0	human v1.1.0	cell-lines v1.1.0	EGF 15 min	phosphopeptide enrichment
E15_4	Homo sapiens	uterine cervix	uterine cervix	endocervical adenocarcinoma	not available	cell line	study sample	HeLa S3	CVCL_0058	HeLa S3	30Y6M	female	adult	not available	African American	4	EGF 15 min	20120309_EXQ5_KiSh_SA_LabelFree_HeLa_Phospho_EGF_rep4_FT2	proteomic profiling by mass spectrometry	20120309_EXQ5_KiSh_SA_LabelFree_HeLa_Phospho_EGF_rep4_FT2.raw	ftp://ftp.pride.ebi.ac.uk/pride/data/archive/2014/08/PXD000612/20120309_EXQ5_KiSh_SA_LabelFree_HeLa_Phospho_EGF_rep4_FT2.raw	NT=label free sample;AC=MS:1002038	1	9	NT=Q Exactive;AC=MS:1001911	NT=Data-dependent acquisition;AC=PRIDE:0000627	not available	NT=beam-type collision-induced dissociation;AC=MS:1000422	25 NCE	not available	20 ppm	NT=Strong cation-exchange chromatography (SCX);AC=PRIDE:0000561	phosphopeptide enrichment	NT=Carbamidomethyl;AC=UNIMOD:4;MT=fixed;TA=C;PP=Anywhere	NT=Oxidation;AC=UNIMOD:35;MT=variable;TA=M;PP=Anywhere	NT=Acetyl;AC=UNIMOD:1;MT=variable;PP=Protein N-term	NT=Phospho;AC=UNIMOD:21;MT=variable;TA=S,T,Y;PP=Anywhere	v3.0.0	ms-proteomics v1.1.0	human v1.1.0	cell-lines v1.1.0	EGF 15 min	phosphopeptide enrichment
E15_4	Homo sapiens	uterine cervix	uterine cervix	endocervical adenocarcinoma	not available	cell line	study sample	HeLa S3	CVCL_0058	HeLa S3	30Y6M	female	adult	not available	African American	4	EGF 15 min	20120309_EXQ5_KiSh_SA_LabelFree_HeLa_Phospho_EGF_rep4_FT3	proteomic profiling by mass spectrometry	20120309_EXQ5_KiSh_SA_LabelFree_HeLa_Phospho_EGF_rep4_FT3.raw	ftp://ftp.pride.ebi.ac.uk/pride/data/archive/2014/08/PXD000612/20120309_EXQ5_KiSh_SA_LabelFree_HeLa_Phospho_EGF_rep4_FT3.raw	NT=label free sample;AC=MS:1002038	1	10	NT=Q Exactive;AC=MS:1001911	NT=Data-dependent acquisition;AC=PRIDE:0000627	not available	NT=beam-type collision-induced dissociation;AC=MS:1000422	25 NCE	not available	20 ppm	NT=Strong cation-exchange chromatography (SCX);AC=PRIDE:0000561	phosphopeptide enrichment	NT=Carbamidomethyl;AC=UNIMOD:4;MT=fixed;TA=C;PP=Anywhere	NT=Oxidation;AC=UNIMOD:35;MT=variable;TA=M;PP=Anywhere	NT=Acetyl;AC=UNIMOD:1;MT=variable;PP=Protein N-term	NT=Phospho;AC=UNIMOD:21;MT=variable;TA=S,T,Y;PP=Anywhere	v3.0.0	ms-proteomics v1.1.0	human v1.1.0	cell-lines v1.1.0	EGF 15 min	phosphopeptide enrichment
pY_PV1	Homo sapiens	uterine cervix	uterine cervix	endocervical adenocarcinoma	not available	cell line	study sample	HeLa S3	CVCL_0058	HeLa S3	30Y6M	female	adult	not available	African American	1	pervanadate and calyculin A	20120323_EXQ5_KiSh_SA_LabelFree_HeLa_pY_pervandate_rep1	proteomic profiling by mass spectrometry	20120323_EXQ5_KiSh_SA_LabelFree_HeLa_pY_pervandate_rep1.raw	ftp://ftp.pride.ebi.ac.uk/pride/data/archive/2014/08/PXD000612/20120323_EXQ5_KiSh_SA_LabelFree_HeLa_pY_pervandate_rep1.raw	NT=label free sample;AC=MS:1002038	1	19	NT=Q Exactive;AC=MS:1001911	NT=Data-dependent acquisition;AC=PRIDE:0000627	not available	NT=beam-type collision-induced dissociation;AC=MS:1000422	25 NCE	not available	20 ppm	not applicable	phosphotyrosine enrichment	NT=Carbamidomethyl;AC=UNIMOD:4;MT=fixed;TA=C;PP=Anywhere	NT=Oxidation;AC=UNIMOD:35;MT=variable;TA=M;PP=Anywhere	NT=Acetyl;AC=UNIMOD:1;MT=variable;PP=Protein N-term	NT=Phospho;AC=UNIMOD:21;MT=variable;TA=S,T,Y;PP=Anywhere	v3.0.0	ms-proteomics v1.1.0	human v1.1.0	cell-lines v1.1.0	pervanadate and calyculin A	phosphotyrosine enrichment
pY_PV2	Homo sapiens	uterine cervix	uterine cervix	endocervical adenocarcinoma	not available	cell line	study sample	HeLa S3	CVCL_0058	HeLa S3	30Y6M	female	adult	not available	African American	2	pervanadate and calyculin A	20120413_EXQ5_KiSh_SA_LabelFree_HeLa_pY_pervandate_rep2	proteomic profiling by mass spectrometry	20120413_EXQ5_KiSh_SA_LabelFree_HeLa_pY_pervandate_rep2.raw	ftp://ftp.pride.ebi.ac.uk/pride/data/archive/2014/08/PXD000612/20120413_EXQ5_KiSh_SA_LabelFree_HeLa_pY_pervandate_rep2.raw	NT=label free sample;AC=MS:1002038	1	19	NT=Q Exactive;AC=MS:1001911	NT=Data-dependent acquisition;AC=PRIDE:0000627	not available	NT=beam-type collision-induced dissociation;AC=MS:1000422	25 NCE	not available	20 ppm	not applicable	phosphotyrosine enrichment	NT=Carbamidomethyl;AC=UNIMOD:4;MT=fixed;TA=C;PP=Anywhere	NT=Oxidation;AC=UNIMOD:35;MT=variable;TA=M;PP=Anywhere	NT=Acetyl;AC=UNIMOD:1;MT=variable;PP=Protein N-term	NT=Phospho;AC=UNIMOD:21;MT=variable;TA=S,T,Y;PP=Anywhere	v3.0.0	ms-proteomics v1.1.0	human v1.1.0	cell-lines v1.1.0	pervanadate and calyculin A	phosphotyrosine enrichment
pY_PV3	Homo sapiens	uterine cervix	uterine cervix	endocervical adenocarcinoma	not available	cell line	study sample	HeLa S3	CVCL_0058	HeLa S3	30Y6M	female	adult	not available	African American	3	pervanadate and calyculin A	20120413_EXQ5_KiSh_SA_LabelFree_HeLa_pY_pervandate_rep3	proteomic profiling by mass spectrometry	20120413_EXQ5_KiSh_SA_LabelFree_HeLa_pY_pervandate_rep3.raw	ftp://ftp.pride.ebi.ac.uk/pride/data/archive/2014/08/PXD000612/20120413_EXQ5_KiSh_SA_LabelFree_HeLa_pY_pervandate_rep3.raw	NT=label free sample;AC=MS:1002038	1	19	NT=Q Exactive;AC=MS:1001911	NT=Data-dependent acquisition;AC=PRIDE:0000627	not available	NT=beam-type collision-induced dissociation;AC=MS:1000422	25 NCE	not available	20 ppm	not applicable	phosphotyrosine enrichment	NT=Carbamidomethyl;AC=UNIMOD:4;MT=fixed;TA=C;PP=Anywhere	NT=Oxidation;AC=UNIMOD:35;MT=variable;TA=M;PP=Anywhere	NT=Acetyl;AC=UNIMOD:1;MT=variable;PP=Protein N-term	NT=Phospho;AC=UNIMOD:21;MT=variable;TA=S,T,Y;PP=Anywhere	v3.0.0	ms-proteomics v1.1.0	human v1.1.0	cell-lines v1.1.0	pervanadate and calyculin A	phosphotyrosine enrichment
pY_PV4	Homo sapiens	uterine cervix	uterine cervix	endocervical adenocarcinoma	not available	cell line	study sample	HeLa S3	CVCL_0058	HeLa S3	30Y6M	female	adult	not available	African American	4	pervanadate and calyculin A	20120413_EXQ5_KiSh_SA_LabelFree_HeLa_pY_pervandate_rep4	proteomic profiling by mass spectrometry	20120413_EXQ5_KiSh_SA_LabelFree_HeLa_pY_pervandate_rep4.raw	ftp://ftp.pride.ebi.ac.uk/pride/data/archive/2014/08/PXD000612/20120413_EXQ5_KiSh_SA_LabelFree_HeLa_pY_pervandate_rep4.raw	NT=label free sample;AC=MS:1002038	1	19	NT=Q Exactive;AC=MS:1001911	NT=Data-dependent acquisition;AC=PRIDE:0000627	not available	NT=beam-type collision-induced dissociation;AC=MS:1000422	25 NCE	not available	20 ppm	not applicable	phosphotyrosine enrichment	NT=Carbamidomethyl;AC=UNIMOD:4;MT=fixed;TA=C;PP=Anywhere	NT=Oxidation;AC=UNIMOD:35;MT=variable;TA=M;PP=Anywhere	NT=Acetyl;AC=UNIMOD:1;MT=variable;PP=Protein N-term	NT=Phospho;AC=UNIMOD:21;MT=variable;TA=S,T,Y;PP=Anywhere	v3.0.0	ms-proteomics v1.1.0	human v1.1.0	cell-lines v1.1.0	pervanadate and calyculin A	phosphotyrosine enrichment
pY_C4	Homo sapiens	uterine cervix	uterine cervix	endocervical adenocarcinoma	not available	cell line	study sample	HeLa S3	CVCL_0058	HeLa S3	30Y6M	female	adult	not available	African American	4	untreated control	20120414_EXQ5_KiSh_SA_LabelFree_HeLa_pY_control_rep4	proteomic profiling by mass spectrometry	20120414_EXQ5_KiSh_SA_LabelFree_HeLa_pY_control_rep4.raw	ftp://ftp.pride.ebi.ac.uk/pride/data/archive/2014/08/PXD000612/20120414_EXQ5_KiSh_SA_LabelFree_HeLa_pY_control_rep4.raw	NT=label free sample;AC=MS:1002038	1	19	NT=Q Exactive;AC=MS:1001911	NT=Data-dependent acquisition;AC=PRIDE:0000627	not available	NT=beam-type collision-induced dissociation;AC=MS:1000422	25 NCE	not available	20 ppm	not applicable	phosphotyrosine enrichment	NT=Carbamidomethyl;AC=UNIMOD:4;MT=fixed;TA=C;PP=Anywhere	NT=Oxidation;AC=UNIMOD:35;MT=variable;TA=M;PP=Anywhere	NT=Acetyl;AC=UNIMOD:1;MT=variable;PP=Protein N-term	NT=Phospho;AC=UNIMOD:21;MT=variable;TA=S,T,Y;PP=Anywhere	v3.0.0	ms-proteomics v1.1.0	human v1.1.0	cell-lines v1.1.0	untreated control	phosphotyrosine enrichment
pY_C5	Homo sapiens	uterine cervix	uterine cervix	endocervical adenocarcinoma	not available	cell line	study sample	HeLa S3	CVCL_0058	HeLa S3	30Y6M	female	adult	not available	African American	5	untreated control	20120414_EXQ5_KiSh_SA_LabelFree_HeLa_pY_control_rep5	proteomic profiling by mass spectrometry	20120414_EXQ5_KiSh_SA_LabelFree_HeLa_pY_control_rep5.raw	ftp://ftp.pride.ebi.ac.uk/pride/data/archive/2014/08/PXD000612/20120414_EXQ5_KiSh_SA_LabelFree_HeLa_pY_control_rep5.raw	NT=label free sample;AC=MS:1002038	1	19	NT=Q Exactive;AC=MS:1001911	NT=Data-dependent acquisition;AC=PRIDE:0000627	not available	NT=beam-type collision-induced dissociation;AC=MS:1000422	25 NCE	not available	20 ppm	not applicable	phosphotyrosine enrichment	NT=Carbamidomethyl;AC=UNIMOD:4;MT=fixed;TA=C;PP=Anywhere	NT=Oxidation;AC=UNIMOD:35;MT=variable;TA=M;PP=Anywhere	NT=Acetyl;AC=UNIMOD:1;MT=variable;PP=Protein N-term	NT=Phospho;AC=UNIMOD:21;MT=variable;TA=S,T,Y;PP=Anywhere	v3.0.0	ms-proteomics v1.1.0	human v1.1.0	cell-lines v1.1.0	untreated control	phosphotyrosine enrichment
pY_C6	Homo sapiens	uterine cervix	uterine cervix	endocervical adenocarcinoma	not available	cell line	study sample	HeLa S3	CVCL_0058	HeLa S3	30Y6M	female	adult	not available	African American	6	untreated control	20120414_EXQ5_KiSh_SA_LabelFree_HeLa_pY_control_rep6	proteomic profiling by mass spectrometry	20120414_EXQ5_KiSh_SA_LabelFree_HeLa_pY_control_rep6.raw	ftp://ftp.pride.ebi.ac.uk/pride/data/archive/2014/08/PXD000612/20120414_EXQ5_KiSh_SA_LabelFree_HeLa_pY_control_rep6.raw	NT=label free sample;AC=MS:1002038	1	19	NT=Q Exactive;AC=MS:1001911	NT=Data-dependent acquisition;AC=PRIDE:0000627	not available	NT=beam-type collision-induced dissociation;AC=MS:1000422	25 NCE	not available	20 ppm	not applicable	phosphotyrosine enrichment	NT=Carbamidomethyl;AC=UNIMOD:4;MT=fixed;TA=C;PP=Anywhere	NT=Oxidation;AC=UNIMOD:35;MT=variable;TA=M;PP=Anywhere	NT=Acetyl;AC=UNIMOD:1;MT=variable;PP=Protein N-term	NT=Phospho;AC=UNIMOD:21;MT=variable;TA=S,T,Y;PP=Anywhere	v3.0.0	ms-proteomics v1.1.0	human v1.1.0	cell-lines v1.1.0	untreated control	phosphotyrosine enrichment
pY_E5_1	Homo sapiens	uterine cervix	uterine cervix	endocervical adenocarcinoma	not available	cell line	study sample	HeLa S3	CVCL_0058	HeLa S3	30Y6M	female	adult	not available	African American	1	EGF 5 min	20120415_EXQ5_KiSh_SA_LabelFree_HeLa_pY_EGF5_rep1	proteomic profiling by mass spectrometry	20120415_EXQ5_KiSh_SA_LabelFree_HeLa_pY_EGF5_rep1.raw	ftp://ftp.pride.ebi.ac.uk/pride/data/archive/2014/08/PXD000612/20120415_EXQ5_KiSh_SA_LabelFree_HeLa_pY_EGF5_rep1.raw	NT=label free sample;AC=MS:1002038	1	19	NT=Q Exactive;AC=MS:1001911	NT=Data-dependent acquisition;AC=PRIDE:0000627	not available	NT=beam-type collision-induced dissociation;AC=MS:1000422	25 NCE	not available	20 ppm	not applicable	phosphotyrosine enrichment	NT=Carbamidomethyl;AC=UNIMOD:4;MT=fixed;TA=C;PP=Anywhere	NT=Oxidation;AC=UNIMOD:35;MT=variable;TA=M;PP=Anywhere	NT=Acetyl;AC=UNIMOD:1;MT=variable;PP=Protein N-term	NT=Phospho;AC=UNIMOD:21;MT=variable;TA=S,T,Y;PP=Anywhere	v3.0.0	ms-proteomics v1.1.0	human v1.1.0	cell-lines v1.1.0	EGF 5 min	phosphotyrosine enrichment
pY_E5_2	Homo sapiens	uterine cervix	uterine cervix	endocervical adenocarcinoma	not available	cell line	study sample	HeLa S3	CVCL_0058	HeLa S3	30Y6M	female	adult	not available	African American	2	EGF 5 min	20120415_EXQ5_KiSh_SA_LabelFree_HeLa_pY_EGF5_rep2	proteomic profiling by mass spectrometry	20120415_EXQ5_KiSh_SA_LabelFree_HeLa_pY_EGF5_rep2.raw	ftp://ftp.pride.ebi.ac.uk/pride/data/archive/2014/08/PXD000612/20120415_EXQ5_KiSh_SA_LabelFree_HeLa_pY_EGF5_rep2.raw	NT=label free sample;AC=MS:1002038	1	19	NT=Q Exactive;AC=MS:1001911	NT=Data-dependent acquisition;AC=PRIDE:0000627	not available	NT=beam-type collision-induced dissociation;AC=MS:1000422	25 NCE	not available	20 ppm	not applicable	phosphotyrosine enrichment	NT=Carbamidomethyl;AC=UNIMOD:4;MT=fixed;TA=C;PP=Anywhere	NT=Oxidation;AC=UNIMOD:35;MT=variable;TA=M;PP=Anywhere	NT=Acetyl;AC=UNIMOD:1;MT=variable;PP=Protein N-term	NT=Phospho;AC=UNIMOD:21;MT=variable;TA=S,T,Y;PP=Anywhere	v3.0.0	ms-proteomics v1.1.0	human v1.1.0	cell-lines v1.1.0	EGF 5 min	phosphotyrosine enrichment
pY_E5_3	Homo sapiens	uterine cervix	uterine cervix	endocervical adenocarcinoma	not available	cell line	study sample	HeLa S3	CVCL_0058	HeLa S3	30Y6M	female	adult	not available	African American	3	EGF 5 min	20120415_EXQ5_KiSh_SA_LabelFree_HeLa_pY_EGF5_rep3	proteomic profiling by mass spectrometry	20120415_EXQ5_KiSh_SA_LabelFree_HeLa_pY_EGF5_rep3.raw	ftp://ftp.pride.ebi.ac.uk/pride/data/archive/2014/08/PXD000612/20120415_EXQ5_KiSh_SA_LabelFree_HeLa_pY_EGF5_rep3.raw	NT=label free sample;AC=MS:1002038	1	19	NT=Q Exactive;AC=MS:1001911	NT=Data-dependent acquisition;AC=PRIDE:0000627	not available	NT=beam-type collision-induced dissociation;AC=MS:1000422	25 NCE	not available	20 ppm	not applicable	phosphotyrosine enrichment	NT=Carbamidomethyl;AC=UNIMOD:4;MT=fixed;TA=C;PP=Anywhere	NT=Oxidation;AC=UNIMOD:35;MT=variable;TA=M;PP=Anywhere	NT=Acetyl;AC=UNIMOD:1;MT=variable;PP=Protein N-term	NT=Phospho;AC=UNIMOD:21;MT=variable;TA=S,T,Y;PP=Anywhere	v3.0.0	ms-proteomics v1.1.0	human v1.1.0	cell-lines v1.1.0	EGF 5 min	phosphotyrosine enrichment
pY_E5_4	Homo sapiens	uterine cervix	uterine cervix	endocervical adenocarcinoma	not available	cell line	study sample	HeLa S3	CVCL_0058	HeLa S3	30Y6M	female	adult	not available	African American	4	EGF 5 min	20120415_EXQ5_KiSh_SA_LabelFree_HeLa_pY_EGF5_rep4	proteomic profiling by mass spectrometry	20120415_EXQ5_KiSh_SA_LabelFree_HeLa_pY_EGF5_rep4.raw	ftp://ftp.pride.ebi.ac.uk/pride/data/archive/2014/08/PXD000612/20120415_EXQ5_KiSh_SA_LabelFree_HeLa_pY_EGF5_rep4.raw	NT=label free sample;AC=MS:1002038	1	19	NT=Q Exactive;AC=MS:1001911	NT=Data-dependent acquisition;AC=PRIDE:0000627	not available	NT=beam-type collision-induced dissociation;AC=MS:1000422	25 NCE	not available	20 ppm	not applicable	phosphotyrosine enrichment	NT=Carbamidomethyl;AC=UNIMOD:4;MT=fixed;TA=C;PP=Anywhere	NT=Oxidation;AC=UNIMOD:35;MT=variable;TA=M;PP=Anywhere	NT=Acetyl;AC=UNIMOD:1;MT=variable;PP=Protein N-term	NT=Phospho;AC=UNIMOD:21;MT=variable;TA=S,T,Y;PP=Anywhere	v3.0.0	ms-proteomics v1.1.0	human v1.1.0	cell-lines v1.1.0	EGF 5 min	phosphotyrosine enrichment
pY_N1	Homo sapiens	uterine cervix	uterine cervix	endocervical adenocarcinoma	not available	cell line	study sample	HeLa S3	CVCL_0058	HeLa S3	30Y6M	female	adult	not available	African American	1	nocodazole-arrested mitosis	20120415_EXQ5_KiSh_SA_LabelFree_HeLa_pY_Noco_rep1	proteomic profiling by mass spectrometry	20120415_EXQ5_KiSh_SA_LabelFree_HeLa_pY_Noco_rep1.raw	ftp://ftp.pride.ebi.ac.uk/pride/data/archive/2014/08/PXD000612/20120415_EXQ5_KiSh_SA_LabelFree_HeLa_pY_Noco_rep1.raw	NT=label free sample;AC=MS:1002038	1	19	NT=Q Exactive;AC=MS:1001911	NT=Data-dependent acquisition;AC=PRIDE:0000627	not available	NT=beam-type collision-induced dissociation;AC=MS:1000422	25 NCE	not available	20 ppm	not applicable	phosphotyrosine enrichment	NT=Carbamidomethyl;AC=UNIMOD:4;MT=fixed;TA=C;PP=Anywhere	NT=Oxidation;AC=UNIMOD:35;MT=variable;TA=M;PP=Anywhere	NT=Acetyl;AC=UNIMOD:1;MT=variable;PP=Protein N-term	NT=Phospho;AC=UNIMOD:21;MT=variable;TA=S,T,Y;PP=Anywhere	v3.0.0	ms-proteomics v1.1.0	human v1.1.0	cell-lines v1.1.0	nocodazole-arrested mitosis	phosphotyrosine enrichment
pY_N2	Homo sapiens	uterine cervix	uterine cervix	endocervical adenocarcinoma	not available	cell line	study sample	HeLa S3	CVCL_0058	HeLa S3	30Y6M	female	adult	not available	African American	2	nocodazole-arrested mitosis	20120415_EXQ5_KiSh_SA_LabelFree_HeLa_pY_Noco_rep2	proteomic profiling by mass spectrometry	20120415_EXQ5_KiSh_SA_LabelFree_HeLa_pY_Noco_rep2.raw	ftp://ftp.pride.ebi.ac.uk/pride/data/archive/2014/08/PXD000612/20120415_EXQ5_KiSh_SA_LabelFree_HeLa_pY_Noco_rep2.raw	NT=label free sample;AC=MS:1002038	1	19	NT=Q Exactive;AC=MS:1001911	NT=Data-dependent acquisition;AC=PRIDE:0000627	not available	NT=beam-type collision-induced dissociation;AC=MS:1000422	25 NCE	not available	20 ppm	not applicable	phosphotyrosine enrichment	NT=Carbamidomethyl;AC=UNIMOD:4;MT=fixed;TA=C;PP=Anywhere	NT=Oxidation;AC=UNIMOD:35;MT=variable;TA=M;PP=Anywhere	NT=Acetyl;AC=UNIMOD:1;MT=variable;PP=Protein N-term	NT=Phospho;AC=UNIMOD:21;MT=variable;TA=S,T,Y;PP=Anywhere	v3.0.0	ms-proteomics v1.1.0	human v1.1.0	cell-lines v1.1.0	nocodazole-arrested mitosis	phosphotyrosine enrichment
pY_N3	Homo sapiens	uterine cervix	uterine cervix	endocervical adenocarcinoma	not available	cell line	study sample	HeLa S3	CVCL_0058	HeLa S3	30Y6M	female	adult	not available	African American	3	nocodazole-arrested mitosis	20120415_EXQ5_KiSh_SA_LabelFree_HeLa_pY_Noco_rep3	proteomic profiling by mass spectrometry	20120415_EXQ5_KiSh_SA_LabelFree_HeLa_pY_Noco_rep3.raw	ftp://ftp.pride.ebi.ac.uk/pride/data/archive/2014/08/PXD000612/20120415_EXQ5_KiSh_SA_LabelFree_HeLa_pY_Noco_rep3.raw	NT=label free sample;AC=MS:1002038	1	19	NT=Q Exactive;AC=MS:1001911	NT=Data-dependent acquisition;AC=PRIDE:0000627	not available	NT=beam-type collision-induced dissociation;AC=MS:1000422	25 NCE	not available	20 ppm	not applicable	phosphotyrosine enrichment	NT=Carbamidomethyl;AC=UNIMOD:4;MT=fixed;TA=C;PP=Anywhere	NT=Oxidation;AC=UNIMOD:35;MT=variable;TA=M;PP=Anywhere	NT=Acetyl;AC=UNIMOD:1;MT=variable;PP=Protein N-term	NT=Phospho;AC=UNIMOD:21;MT=variable;TA=S,T,Y;PP=Anywhere	v3.0.0	ms-proteomics v1.1.0	human v1.1.0	cell-lines v1.1.0	nocodazole-arrested mitosis	phosphotyrosine enrichment
pY_N4	Homo sapiens	uterine cervix	uterine cervix	endocervical adenocarcinoma	not available	cell line	study sample	HeLa S3	CVCL_0058	HeLa S3	30Y6M	female	adult	not available	African American	4	nocodazole-arrested mitosis	20120415_EXQ5_KiSh_SA_LabelFree_HeLa_pY_Noco_rep4	proteomic profiling by mass spectrometry	20120415_EXQ5_KiSh_SA_LabelFree_HeLa_pY_Noco_rep4.raw	ftp://ftp.pride.ebi.ac.uk/pride/data/archive/2014/08/PXD000612/20120415_EXQ5_KiSh_SA_LabelFree_HeLa_pY_Noco_rep4.raw	NT=label free sample;AC=MS:1002038	1	19	NT=Q Exactive;AC=MS:1001911	NT=Data-dependent acquisition;AC=PRIDE:0000627	not available	NT=beam-type collision-induced dissociation;AC=MS:1000422	25 NCE	not available	20 ppm	not applicable	phosphotyrosine enrichment	NT=Carbamidomethyl;AC=UNIMOD:4;MT=fixed;TA=C;PP=Anywhere	NT=Oxidation;AC=UNIMOD:35;MT=variable;TA=M;PP=Anywhere	NT=Acetyl;AC=UNIMOD:1;MT=variable;PP=Protein N-term	NT=Phospho;AC=UNIMOD:21;MT=variable;TA=S,T,Y;PP=Anywhere	v3.0.0	ms-proteomics v1.1.0	human v1.1.0	cell-lines v1.1.0	nocodazole-arrested mitosis	phosphotyrosine enrichment
C1	Homo sapiens	uterine cervix	uterine cervix	endocervical adenocarcinoma	not available	cell line	study sample	HeLa S3	CVCL_0058	HeLa S3	30Y6M	female	adult	not available	African American	1	untreated control	20111219_EXQ5_KiSh_SA_LabelFree_HeLa_Proteome_Control_rep1_pH11	proteomic profiling by mass spectrometry	20111219_EXQ5_KiSh_SA_LabelFree_HeLa_Proteome_Control_rep1_pH11.raw	ftp://ftp.pride.ebi.ac.uk/pride/data/archive/2014/08/PXD000612/20111219_EXQ5_KiSh_SA_LabelFree_HeLa_Proteome_Control_rep1_pH11.raw	NT=label free sample;AC=MS:1002038	1	17	NT=Q Exactive;AC=MS:1001911	NT=Data-dependent acquisition;AC=PRIDE:0000627	not available	NT=beam-type collision-induced dissociation;AC=MS:1000422	25 NCE	not available	20 ppm	NT=Strong anion-exchange chromatography (SAX);AC=PRIDE:0000558	total proteome	NT=Carbamidomethyl;AC=UNIMOD:4;MT=fixed;TA=C;PP=Anywhere	NT=Oxidation;AC=UNIMOD:35;MT=variable;TA=M;PP=Anywhere	NT=Acetyl;AC=UNIMOD:1;MT=variable;PP=Protein N-term	not available	v3.0.0	ms-proteomics v1.1.0	human v1.1.0	cell-lines v1.1.0	untreated control	total proteome
C1	Homo sapiens	uterine cervix	uterine cervix	endocervical adenocarcinoma	not available	cell line	study sample	HeLa S3	CVCL_0058	HeLa S3	30Y6M	female	adult	not available	African American	1	untreated control	20111219_EXQ5_KiSh_SA_LabelFree_HeLa_Proteome_Control_rep1_pH3	proteomic profiling by mass spectrometry	20111219_EXQ5_KiSh_SA_LabelFree_HeLa_Proteome_Control_rep1_pH3.raw	ftp://ftp.pride.ebi.ac.uk/pride/data/archive/2014/08/PXD000612/20111219_EXQ5_KiSh_SA_LabelFree_HeLa_Proteome_Control_rep1_pH3.raw	NT=label free sample;AC=MS:1002038	1	12	NT=Q Exactive;AC=MS:1001911	NT=Data-dependent acquisition;AC=PRIDE:0000627	not available	NT=beam-type collision-induced dissociation;AC=MS:1000422	25 NCE	not available	20 ppm	NT=Strong anion-exchange chromatography (SAX);AC=PRIDE:0000558	total proteome	NT=Carbamidomethyl;AC=UNIMOD:4;MT=fixed;TA=C;PP=Anywhere	NT=Oxidation;AC=UNIMOD:35;MT=variable;TA=M;PP=Anywhere	NT=Acetyl;AC=UNIMOD:1;MT=variable;PP=Protein N-term	not available	v3.0.0	ms-proteomics v1.1.0	human v1.1.0	cell-lines v1.1.0	untreated control	total proteome
C1	Homo sapiens	uterine cervix	uterine cervix	endocervical adenocarcinoma	not available	cell line	study sample	HeLa S3	CVCL_0058	HeLa S3	30Y6M	female	adult	not available	African American	1	untreated control	20111219_EXQ5_KiSh_SA_LabelFree_HeLa_Proteome_Control_rep1_pH4	proteomic profiling by mass spectrometry	20111219_EXQ5_KiSh_SA_LabelFree_HeLa_Proteome_Control_rep1_pH4.raw	ftp://ftp.pride.ebi.ac.uk/pride/data/archive/2014/08/PXD000612/20111219_EXQ5_KiSh_SA_LabelFree_HeLa_Proteome_Control_rep1_pH4.raw	NT=label free sample;AC=MS:1002038	1	13	NT=Q Exactive;AC=MS:1001911	NT=Data-dependent acquisition;AC=PRIDE:0000627	not available	NT=beam-type collision-induced dissociation;AC=MS:1000422	25 NCE	not available	20 ppm	NT=Strong anion-exchange chromatography (SAX);AC=PRIDE:0000558	total proteome	NT=Carbamidomethyl;AC=UNIMOD:4;MT=fixed;TA=C;PP=Anywhere	NT=Oxidation;AC=UNIMOD:35;MT=variable;TA=M;PP=Anywhere	NT=Acetyl;AC=UNIMOD:1;MT=variable;PP=Protein N-term	not available	v3.0.0	ms-proteomics v1.1.0	human v1.1.0	cell-lines v1.1.0	untreated control	total proteome
C1	Homo sapiens	uterine cervix	uterine cervix	endocervical adenocarcinoma	not available	cell line	study sample	HeLa S3	CVCL_0058	HeLa S3	30Y6M	female	adult	not available	African American	1	untreated control	20111219_EXQ5_KiSh_SA_LabelFree_HeLa_Proteome_Control_rep1_pH5	proteomic profiling by mass spectrometry	20111219_EXQ5_KiSh_SA_LabelFree_HeLa_Proteome_Control_rep1_pH5.raw	ftp://ftp.pride.ebi.ac.uk/pride/data/archive/2014/08/PXD000612/20111219_EXQ5_KiSh_SA_LabelFree_HeLa_Proteome_Control_rep1_pH5.raw	NT=label free sample;AC=MS:1002038	1	14	NT=Q Exactive;AC=MS:1001911	NT=Data-dependent acquisition;AC=PRIDE:0000627	not available	NT=beam-type collision-induced dissociation;AC=MS:1000422	25 NCE	not available	20 ppm	NT=Strong anion-exchange chromatography (SAX);AC=PRIDE:0000558	total proteome	NT=Carbamidomethyl;AC=UNIMOD:4;MT=fixed;TA=C;PP=Anywhere	NT=Oxidation;AC=UNIMOD:35;MT=variable;TA=M;PP=Anywhere	NT=Acetyl;AC=UNIMOD:1;MT=variable;PP=Protein N-term	not available	v3.0.0	ms-proteomics v1.1.0	human v1.1.0	cell-lines v1.1.0	untreated control	total proteome
C1	Homo sapiens	uterine cervix	uterine cervix	endocervical adenocarcinoma	not available	cell line	study sample	HeLa S3	CVCL_0058	HeLa S3	30Y6M	female	adult	not available	African American	1	untreated control	20111219_EXQ5_KiSh_SA_LabelFree_HeLa_Proteome_Control_rep1_pH6	proteomic profiling by mass spectrometry	20111219_EXQ5_KiSh_SA_LabelFree_HeLa_Proteome_Control_rep1_pH6.raw	ftp://ftp.pride.ebi.ac.uk/pride/data/archive/2014/08/PXD000612/20111219_EXQ5_KiSh_SA_LabelFree_HeLa_Proteome_Control_rep1_pH6.raw	NT=label free sample;AC=MS:1002038	1	15	NT=Q Exactive;AC=MS:1001911	NT=Data-dependent acquisition;AC=PRIDE:0000627	not available	NT=beam-type collision-induced dissociation;AC=MS:1000422	25 NCE	not available	20 ppm	NT=Strong anion-exchange chromatography (SAX);AC=PRIDE:0000558	total proteome	NT=Carbamidomethyl;AC=UNIMOD:4;MT=fixed;TA=C;PP=Anywhere	NT=Oxidation;AC=UNIMOD:35;MT=variable;TA=M;PP=Anywhere	NT=Acetyl;AC=UNIMOD:1;MT=variable;PP=Protein N-term	not available	v3.0.0	ms-proteomics v1.1.0	human v1.1.0	cell-lines v1.1.0	untreated control	total proteome
C1	Homo sapiens	uterine cervix	uterine cervix	endocervical adenocarcinoma	not available	cell line	study sample	HeLa S3	CVCL_0058	HeLa S3	30Y6M	female	adult	not available	African American	1	untreated control	20111219_EXQ5_KiSh_SA_LabelFree_HeLa_Proteome_Control_rep1_pH8	proteomic profiling by mass spectrometry	20111219_EXQ5_KiSh_SA_LabelFree_HeLa_Proteome_Control_rep1_pH8.raw	ftp://ftp.pride.ebi.ac.uk/pride/data/archive/2014/08/PXD000612/20111219_EXQ5_KiSh_SA_LabelFree_HeLa_Proteome_Control_rep1_pH8.raw	NT=label free sample;AC=MS:1002038	1	16	NT=Q Exactive;AC=MS:1001911	NT=Data-dependent acquisition;AC=PRIDE:0000627	not available	NT=beam-type collision-induced dissociation;AC=MS:1000422	25 NCE	not available	20 ppm	NT=Strong anion-exchange chromatography (SAX);AC=PRIDE:0000558	total proteome	NT=Carbamidomethyl;AC=UNIMOD:4;MT=fixed;TA=C;PP=Anywhere	NT=Oxidation;AC=UNIMOD:35;MT=variable;TA=M;PP=Anywhere	NT=Acetyl;AC=UNIMOD:1;MT=variable;PP=Protein N-term	not available	v3.0.0	ms-proteomics v1.1.0	human v1.1.0	cell-lines v1.1.0	untreated control	total proteome
C2	Homo sapiens	uterine cervix	uterine cervix	endocervical adenocarcinoma	not available	cell line	study sample	HeLa S3	CVCL_0058	HeLa S3	30Y6M	female	adult	not available	African American	2	untreated control	20111219_EXQ5_KiSh_SA_LabelFree_HeLa_Proteome_Control_rep2_pH11	proteomic profiling by mass spectrometry	20111219_EXQ5_KiSh_SA_LabelFree_HeLa_Proteome_Control_rep2_pH11.raw	ftp://ftp.pride.ebi.ac.uk/pride/data/archive/2014/08/PXD000612/20111219_EXQ5_KiSh_SA_LabelFree_HeLa_Proteome_Control_rep2_pH11.raw	NT=label free sample;AC=MS:1002038	1	17	NT=Q Exactive;AC=MS:1001911	NT=Data-dependent acquisition;AC=PRIDE:0000627	not available	NT=beam-type collision-induced dissociation;AC=MS:1000422	25 NCE	not available	20 ppm	NT=Strong anion-exchange chromatography (SAX);AC=PRIDE:0000558	total proteome	NT=Carbamidomethyl;AC=UNIMOD:4;MT=fixed;TA=C;PP=Anywhere	NT=Oxidation;AC=UNIMOD:35;MT=variable;TA=M;PP=Anywhere	NT=Acetyl;AC=UNIMOD:1;MT=variable;PP=Protein N-term	not available	v3.0.0	ms-proteomics v1.1.0	human v1.1.0	cell-lines v1.1.0	untreated control	total proteome
C2	Homo sapiens	uterine cervix	uterine cervix	endocervical adenocarcinoma	not available	cell line	study sample	HeLa S3	CVCL_0058	HeLa S3	30Y6M	female	adult	not available	African American	2	untreated control	20111219_EXQ5_KiSh_SA_LabelFree_HeLa_Proteome_Control_rep2_pH3	proteomic profiling by mass spectrometry	20111219_EXQ5_KiSh_SA_LabelFree_HeLa_Proteome_Control_rep2_pH3.raw	ftp://ftp.pride.ebi.ac.uk/pride/data/archive/2014/08/PXD000612/20111219_EXQ5_KiSh_SA_LabelFree_HeLa_Proteome_Control_rep2_pH3.raw	NT=label free sample;AC=MS:1002038	1	12	NT=Q Exactive;AC=MS:1001911	NT=Data-dependent acquisition;AC=PRIDE:0000627	not available	NT=beam-type collision-induced dissociation;AC=MS:1000422	25 NCE	not available	20 ppm	NT=Strong anion-exchange chromatography (SAX);AC=PRIDE:0000558	total proteome	NT=Carbamidomethyl;AC=UNIMOD:4;MT=fixed;TA=C;PP=Anywhere	NT=Oxidation;AC=UNIMOD:35;MT=variable;TA=M;PP=Anywhere	NT=Acetyl;AC=UNIMOD:1;MT=variable;PP=Protein N-term	not available	v3.0.0	ms-proteomics v1.1.0	human v1.1.0	cell-lines v1.1.0	untreated control	total proteome
C2	Homo sapiens	uterine cervix	uterine cervix	endocervical adenocarcinoma	not available	cell line	study sample	HeLa S3	CVCL_0058	HeLa S3	30Y6M	female	adult	not available	African American	2	untreated control	20111219_EXQ5_KiSh_SA_LabelFree_HeLa_Proteome_Control_rep2_pH4	proteomic profiling by mass spectrometry	20111219_EXQ5_KiSh_SA_LabelFree_HeLa_Proteome_Control_rep2_pH4.raw	ftp://ftp.pride.ebi.ac.uk/pride/data/archive/2014/08/PXD000612/20111219_EXQ5_KiSh_SA_LabelFree_HeLa_Proteome_Control_rep2_pH4.raw	NT=label free sample;AC=MS:1002038	1	13	NT=Q Exactive;AC=MS:1001911	NT=Data-dependent acquisition;AC=PRIDE:0000627	not available	NT=beam-type collision-induced dissociation;AC=MS:1000422	25 NCE	not available	20 ppm	NT=Strong anion-exchange chromatography (SAX);AC=PRIDE:0000558	total proteome	NT=Carbamidomethyl;AC=UNIMOD:4;MT=fixed;TA=C;PP=Anywhere	NT=Oxidation;AC=UNIMOD:35;MT=variable;TA=M;PP=Anywhere	NT=Acetyl;AC=UNIMOD:1;MT=variable;PP=Protein N-term	not available	v3.0.0	ms-proteomics v1.1.0	human v1.1.0	cell-lines v1.1.0	untreated control	total proteome
C2	Homo sapiens	uterine cervix	uterine cervix	endocervical adenocarcinoma	not available	cell line	study sample	HeLa S3	CVCL_0058	HeLa S3	30Y6M	female	adult	not available	African American	2	untreated control	20111219_EXQ5_KiSh_SA_LabelFree_HeLa_Proteome_Control_rep2_pH5	proteomic profiling by mass spectrometry	20111219_EXQ5_KiSh_SA_LabelFree_HeLa_Proteome_Control_rep2_pH5.raw	ftp://ftp.pride.ebi.ac.uk/pride/data/archive/2014/08/PXD000612/20111219_EXQ5_KiSh_SA_LabelFree_HeLa_Proteome_Control_rep2_pH5.raw	NT=label free sample;AC=MS:1002038	1	14	NT=Q Exactive;AC=MS:1001911	NT=Data-dependent acquisition;AC=PRIDE:0000627	not available	NT=beam-type collision-induced dissociation;AC=MS:1000422	25 NCE	not available	20 ppm	NT=Strong anion-exchange chromatography (SAX);AC=PRIDE:0000558	total proteome	NT=Carbamidomethyl;AC=UNIMOD:4;MT=fixed;TA=C;PP=Anywhere	NT=Oxidation;AC=UNIMOD:35;MT=variable;TA=M;PP=Anywhere	NT=Acetyl;AC=UNIMOD:1;MT=variable;PP=Protein N-term	not available	v3.0.0	ms-proteomics v1.1.0	human v1.1.0	cell-lines v1.1.0	untreated control	total proteome
C2	Homo sapiens	uterine cervix	uterine cervix	endocervical adenocarcinoma	not available	cell line	study sample	HeLa S3	CVCL_0058	HeLa S3	30Y6M	female	adult	not available	African American	2	untreated control	20111219_EXQ5_KiSh_SA_LabelFree_HeLa_Proteome_Control_rep2_pH6	proteomic profiling by mass spectrometry	20111219_EXQ5_KiSh_SA_LabelFree_HeLa_Proteome_Control_rep2_pH6.raw	ftp://ftp.pride.ebi.ac.uk/pride/data/archive/2014/08/PXD000612/20111219_EXQ5_KiSh_SA_LabelFree_HeLa_Proteome_Control_rep2_pH6.raw	NT=label free sample;AC=MS:1002038	1	15	NT=Q Exactive;AC=MS:1001911	NT=Data-dependent acquisition;AC=PRIDE:0000627	not available	NT=beam-type collision-induced dissociation;AC=MS:1000422	25 NCE	not available	20 ppm	NT=Strong anion-exchange chromatography (SAX);AC=PRIDE:0000558	total proteome	NT=Carbamidomethyl;AC=UNIMOD:4;MT=fixed;TA=C;PP=Anywhere	NT=Oxidation;AC=UNIMOD:35;MT=variable;TA=M;PP=Anywhere	NT=Acetyl;AC=UNIMOD:1;MT=variable;PP=Protein N-term	not available	v3.0.0	ms-proteomics v1.1.0	human v1.1.0	cell-lines v1.1.0	untreated control	total proteome
C2	Homo sapiens	uterine cervix	uterine cervix	endocervical adenocarcinoma	not available	cell line	study sample	HeLa S3	CVCL_0058	HeLa S3	30Y6M	female	adult	not available	African American	2	untreated control	20111219_EXQ5_KiSh_SA_LabelFree_HeLa_Proteome_Control_rep2_pH8	proteomic profiling by mass spectrometry	20111219_EXQ5_KiSh_SA_LabelFree_HeLa_Proteome_Control_rep2_pH8.raw	ftp://ftp.pride.ebi.ac.uk/pride/data/archive/2014/08/PXD000612/20111219_EXQ5_KiSh_SA_LabelFree_HeLa_Proteome_Control_rep2_pH8.raw	NT=label free sample;AC=MS:1002038	1	16	NT=Q Exactive;AC=MS:1001911	NT=Data-dependent acquisition;AC=PRIDE:0000627	not available	NT=beam-type collision-induced dissociation;AC=MS:1000422	25 NCE	not available	20 ppm	NT=Strong anion-exchange chromatography (SAX);AC=PRIDE:0000558	total proteome	NT=Carbamidomethyl;AC=UNIMOD:4;MT=fixed;TA=C;PP=Anywhere	NT=Oxidation;AC=UNIMOD:35;MT=variable;TA=M;PP=Anywhere	NT=Acetyl;AC=UNIMOD:1;MT=variable;PP=Protein N-term	not available	v3.0.0	ms-proteomics v1.1.0	human v1.1.0	cell-lines v1.1.0	untreated control	total proteome
C3	Homo sapiens	uterine cervix	uterine cervix	endocervical adenocarcinoma	not available	cell line	study sample	HeLa S3	CVCL_0058	HeLa S3	30Y6M	female	adult	not available	African American	3	untreated control	20111222_EXQ5_KiSh_SA_LabelFree_HeLa_Proteome_Control_rep3_pH11	proteomic profiling by mass spectrometry	20111222_EXQ5_KiSh_SA_LabelFree_HeLa_Proteome_Control_rep3_pH11.raw	ftp://ftp.pride.ebi.ac.uk/pride/data/archive/2014/08/PXD000612/20111222_EXQ5_KiSh_SA_LabelFree_HeLa_Proteome_Control_rep3_pH11.raw	NT=label free sample;AC=MS:1002038	1	17	NT=Q Exactive;AC=MS:1001911	NT=Data-dependent acquisition;AC=PRIDE:0000627	not available	NT=beam-type collision-induced dissociation;AC=MS:1000422	25 NCE	not available	20 ppm	NT=Strong anion-exchange chromatography (SAX);AC=PRIDE:0000558	total proteome	NT=Carbamidomethyl;AC=UNIMOD:4;MT=fixed;TA=C;PP=Anywhere	NT=Oxidation;AC=UNIMOD:35;MT=variable;TA=M;PP=Anywhere	NT=Acetyl;AC=UNIMOD:1;MT=variable;PP=Protein N-term	not available	v3.0.0	ms-proteomics v1.1.0	human v1.1.0	cell-lines v1.1.0	untreated control	total proteome
C3	Homo sapiens	uterine cervix	uterine cervix	endocervical adenocarcinoma	not available	cell line	study sample	HeLa S3	CVCL_0058	HeLa S3	30Y6M	female	adult	not available	African American	3	untreated control	20111222_EXQ5_KiSh_SA_LabelFree_HeLa_Proteome_Control_rep3_pH3	proteomic profiling by mass spectrometry	20111222_EXQ5_KiSh_SA_LabelFree_HeLa_Proteome_Control_rep3_pH3.raw	ftp://ftp.pride.ebi.ac.uk/pride/data/archive/2014/08/PXD000612/20111222_EXQ5_KiSh_SA_LabelFree_HeLa_Proteome_Control_rep3_pH3.raw	NT=label free sample;AC=MS:1002038	1	12	NT=Q Exactive;AC=MS:1001911	NT=Data-dependent acquisition;AC=PRIDE:0000627	not available	NT=beam-type collision-induced dissociation;AC=MS:1000422	25 NCE	not available	20 ppm	NT=Strong anion-exchange chromatography (SAX);AC=PRIDE:0000558	total proteome	NT=Carbamidomethyl;AC=UNIMOD:4;MT=fixed;TA=C;PP=Anywhere	NT=Oxidation;AC=UNIMOD:35;MT=variable;TA=M;PP=Anywhere	NT=Acetyl;AC=UNIMOD:1;MT=variable;PP=Protein N-term	not available	v3.0.0	ms-proteomics v1.1.0	human v1.1.0	cell-lines v1.1.0	untreated control	total proteome
C3	Homo sapiens	uterine cervix	uterine cervix	endocervical adenocarcinoma	not available	cell line	study sample	HeLa S3	CVCL_0058	HeLa S3	30Y6M	female	adult	not available	African American	3	untreated control	20111222_EXQ5_KiSh_SA_LabelFree_HeLa_Proteome_Control_rep3_pH4	proteomic profiling by mass spectrometry	20111222_EXQ5_KiSh_SA_LabelFree_HeLa_Proteome_Control_rep3_pH4.raw	ftp://ftp.pride.ebi.ac.uk/pride/data/archive/2014/08/PXD000612/20111222_EXQ5_KiSh_SA_LabelFree_HeLa_Proteome_Control_rep3_pH4.raw	NT=label free sample;AC=MS:1002038	1	13	NT=Q Exactive;AC=MS:1001911	NT=Data-dependent acquisition;AC=PRIDE:0000627	not available	NT=beam-type collision-induced dissociation;AC=MS:1000422	25 NCE	not available	20 ppm	NT=Strong anion-exchange chromatography (SAX);AC=PRIDE:0000558	total proteome	NT=Carbamidomethyl;AC=UNIMOD:4;MT=fixed;TA=C;PP=Anywhere	NT=Oxidation;AC=UNIMOD:35;MT=variable;TA=M;PP=Anywhere	NT=Acetyl;AC=UNIMOD:1;MT=variable;PP=Protein N-term	not available	v3.0.0	ms-proteomics v1.1.0	human v1.1.0	cell-lines v1.1.0	untreated control	total proteome
C3	Homo sapiens	uterine cervix	uterine cervix	endocervical adenocarcinoma	not available	cell line	study sample	HeLa S3	CVCL_0058	HeLa S3	30Y6M	female	adult	not available	African American	3	untreated control	20111222_EXQ5_KiSh_SA_LabelFree_HeLa_Proteome_Control_rep3_pH5	proteomic profiling by mass spectrometry	20111222_EXQ5_KiSh_SA_LabelFree_HeLa_Proteome_Control_rep3_pH5.raw	ftp://ftp.pride.ebi.ac.uk/pride/data/archive/2014/08/PXD000612/20111222_EXQ5_KiSh_SA_LabelFree_HeLa_Proteome_Control_rep3_pH5.raw	NT=label free sample;AC=MS:1002038	1	14	NT=Q Exactive;AC=MS:1001911	NT=Data-dependent acquisition;AC=PRIDE:0000627	not available	NT=beam-type collision-induced dissociation;AC=MS:1000422	25 NCE	not available	20 ppm	NT=Strong anion-exchange chromatography (SAX);AC=PRIDE:0000558	total proteome	NT=Carbamidomethyl;AC=UNIMOD:4;MT=fixed;TA=C;PP=Anywhere	NT=Oxidation;AC=UNIMOD:35;MT=variable;TA=M;PP=Anywhere	NT=Acetyl;AC=UNIMOD:1;MT=variable;PP=Protein N-term	not available	v3.0.0	ms-proteomics v1.1.0	human v1.1.0	cell-lines v1.1.0	untreated control	total proteome
C3	Homo sapiens	uterine cervix	uterine cervix	endocervical adenocarcinoma	not available	cell line	study sample	HeLa S3	CVCL_0058	HeLa S3	30Y6M	female	adult	not available	African American	3	untreated control	20111222_EXQ5_KiSh_SA_LabelFree_HeLa_Proteome_Control_rep3_pH6	proteomic profiling by mass spectrometry	20111222_EXQ5_KiSh_SA_LabelFree_HeLa_Proteome_Control_rep3_pH6.raw	ftp://ftp.pride.ebi.ac.uk/pride/data/archive/2014/08/PXD000612/20111222_EXQ5_KiSh_SA_LabelFree_HeLa_Proteome_Control_rep3_pH6.raw	NT=label free sample;AC=MS:1002038	1	15	NT=Q Exactive;AC=MS:1001911	NT=Data-dependent acquisition;AC=PRIDE:0000627	not available	NT=beam-type collision-induced dissociation;AC=MS:1000422	25 NCE	not available	20 ppm	NT=Strong anion-exchange chromatography (SAX);AC=PRIDE:0000558	total proteome	NT=Carbamidomethyl;AC=UNIMOD:4;MT=fixed;TA=C;PP=Anywhere	NT=Oxidation;AC=UNIMOD:35;MT=variable;TA=M;PP=Anywhere	NT=Acetyl;AC=UNIMOD:1;MT=variable;PP=Protein N-term	not available	v3.0.0	ms-proteomics v1.1.0	human v1.1.0	cell-lines v1.1.0	untreated control	total proteome
C3	Homo sapiens	uterine cervix	uterine cervix	endocervical adenocarcinoma	not available	cell line	study sample	HeLa S3	CVCL_0058	HeLa S3	30Y6M	female	adult	not available	African American	3	untreated control	20111222_EXQ5_KiSh_SA_LabelFree_HeLa_Proteome_Control_rep3_pH8	proteomic profiling by mass spectrometry	20111222_EXQ5_KiSh_SA_LabelFree_HeLa_Proteome_Control_rep3_pH8.raw	ftp://ftp.pride.ebi.ac.uk/pride/data/archive/2014/08/PXD000612/20111222_EXQ5_KiSh_SA_LabelFree_HeLa_Proteome_Control_rep3_pH8.raw	NT=label free sample;AC=MS:1002038	1	16	NT=Q Exactive;AC=MS:1001911	NT=Data-dependent acquisition;AC=PRIDE:0000627	not available	NT=beam-type collision-induced dissociation;AC=MS:1000422	25 NCE	not available	20 ppm	NT=Strong anion-exchange chromatography (SAX);AC=PRIDE:0000558	total proteome	NT=Carbamidomethyl;AC=UNIMOD:4;MT=fixed;TA=C;PP=Anywhere	NT=Oxidation;AC=UNIMOD:35;MT=variable;TA=M;PP=Anywhere	NT=Acetyl;AC=UNIMOD:1;MT=variable;PP=Protein N-term	not available	v3.0.0	ms-proteomics v1.1.0	human v1.1.0	cell-lines v1.1.0	untreated control	total proteome
C4	Homo sapiens	uterine cervix	uterine cervix	endocervical adenocarcinoma	not available	cell line	study sample	HeLa S3	CVCL_0058	HeLa S3	30Y6M	female	adult	not available	African American	4	untreated control	20111225_EXQ5_KiSh_SA_LabelFree_HeLa_Proteome_Control_rep4_pH11	proteomic profiling by mass spectrometry	20111225_EXQ5_KiSh_SA_LabelFree_HeLa_Proteome_Control_rep4_pH11.raw	ftp://ftp.pride.ebi.ac.uk/pride/data/archive/2014/08/PXD000612/20111225_EXQ5_KiSh_SA_LabelFree_HeLa_Proteome_Control_rep4_pH11.raw	NT=label free sample;AC=MS:1002038	1	17	NT=Q Exactive;AC=MS:1001911	NT=Data-dependent acquisition;AC=PRIDE:0000627	not available	NT=beam-type collision-induced dissociation;AC=MS:1000422	25 NCE	not available	20 ppm	NT=Strong anion-exchange chromatography (SAX);AC=PRIDE:0000558	total proteome	NT=Carbamidomethyl;AC=UNIMOD:4;MT=fixed;TA=C;PP=Anywhere	NT=Oxidation;AC=UNIMOD:35;MT=variable;TA=M;PP=Anywhere	NT=Acetyl;AC=UNIMOD:1;MT=variable;PP=Protein N-term	not available	v3.0.0	ms-proteomics v1.1.0	human v1.1.0	cell-lines v1.1.0	untreated control	total proteome
C4	Homo sapiens	uterine cervix	uterine cervix	endocervical adenocarcinoma	not available	cell line	study sample	HeLa S3	CVCL_0058	HeLa S3	30Y6M	female	adult	not available	African American	4	untreated control	20111225_EXQ5_KiSh_SA_LabelFree_HeLa_Proteome_Control_rep4_pH3	proteomic profiling by mass spectrometry	20111225_EXQ5_KiSh_SA_LabelFree_HeLa_Proteome_Control_rep4_pH3.raw	ftp://ftp.pride.ebi.ac.uk/pride/data/archive/2014/08/PXD000612/20111225_EXQ5_KiSh_SA_LabelFree_HeLa_Proteome_Control_rep4_pH3.raw	NT=label free sample;AC=MS:1002038	1	12	NT=Q Exactive;AC=MS:1001911	NT=Data-dependent acquisition;AC=PRIDE:0000627	not available	NT=beam-type collision-induced dissociation;AC=MS:1000422	25 NCE	not available	20 ppm	NT=Strong anion-exchange chromatography (SAX);AC=PRIDE:0000558	total proteome	NT=Carbamidomethyl;AC=UNIMOD:4;MT=fixed;TA=C;PP=Anywhere	NT=Oxidation;AC=UNIMOD:35;MT=variable;TA=M;PP=Anywhere	NT=Acetyl;AC=UNIMOD:1;MT=variable;PP=Protein N-term	not available	v3.0.0	ms-proteomics v1.1.0	human v1.1.0	cell-lines v1.1.0	untreated control	total proteome
C4	Homo sapiens	uterine cervix	uterine cervix	endocervical adenocarcinoma	not available	cell line	study sample	HeLa S3	CVCL_0058	HeLa S3	30Y6M	female	adult	not available	African American	4	untreated control	20111225_EXQ5_KiSh_SA_LabelFree_HeLa_Proteome_Control_rep4_pH4	proteomic profiling by mass spectrometry	20111225_EXQ5_KiSh_SA_LabelFree_HeLa_Proteome_Control_rep4_pH4.raw	ftp://ftp.pride.ebi.ac.uk/pride/data/archive/2014/08/PXD000612/20111225_EXQ5_KiSh_SA_LabelFree_HeLa_Proteome_Control_rep4_pH4.raw	NT=label free sample;AC=MS:1002038	1	13	NT=Q Exactive;AC=MS:1001911	NT=Data-dependent acquisition;AC=PRIDE:0000627	not available	NT=beam-type collision-induced dissociation;AC=MS:1000422	25 NCE	not available	20 ppm	NT=Strong anion-exchange chromatography (SAX);AC=PRIDE:0000558	total proteome	NT=Carbamidomethyl;AC=UNIMOD:4;MT=fixed;TA=C;PP=Anywhere	NT=Oxidation;AC=UNIMOD:35;MT=variable;TA=M;PP=Anywhere	NT=Acetyl;AC=UNIMOD:1;MT=variable;PP=Protein N-term	not available	v3.0.0	ms-proteomics v1.1.0	human v1.1.0	cell-lines v1.1.0	untreated control	total proteome
C4	Homo sapiens	uterine cervix	uterine cervix	endocervical adenocarcinoma	not available	cell line	study sample	HeLa S3	CVCL_0058	HeLa S3	30Y6M	female	adult	not available	African American	4	untreated control	20111225_EXQ5_KiSh_SA_LabelFree_HeLa_Proteome_Control_rep4_pH5	proteomic profiling by mass spectrometry	20111225_EXQ5_KiSh_SA_LabelFree_HeLa_Proteome_Control_rep4_pH5.raw	ftp://ftp.pride.ebi.ac.uk/pride/data/archive/2014/08/PXD000612/20111225_EXQ5_KiSh_SA_LabelFree_HeLa_Proteome_Control_rep4_pH5.raw	NT=label free sample;AC=MS:1002038	1	14	NT=Q Exactive;AC=MS:1001911	NT=Data-dependent acquisition;AC=PRIDE:0000627	not available	NT=beam-type collision-induced dissociation;AC=MS:1000422	25 NCE	not available	20 ppm	NT=Strong anion-exchange chromatography (SAX);AC=PRIDE:0000558	total proteome	NT=Carbamidomethyl;AC=UNIMOD:4;MT=fixed;TA=C;PP=Anywhere	NT=Oxidation;AC=UNIMOD:35;MT=variable;TA=M;PP=Anywhere	NT=Acetyl;AC=UNIMOD:1;MT=variable;PP=Protein N-term	not available	v3.0.0	ms-proteomics v1.1.0	human v1.1.0	cell-lines v1.1.0	untreated control	total proteome
C4	Homo sapiens	uterine cervix	uterine cervix	endocervical adenocarcinoma	not available	cell line	study sample	HeLa S3	CVCL_0058	HeLa S3	30Y6M	female	adult	not available	African American	4	untreated control	20111225_EXQ5_KiSh_SA_LabelFree_HeLa_Proteome_Control_rep4_pH6	proteomic profiling by mass spectrometry	20111225_EXQ5_KiSh_SA_LabelFree_HeLa_Proteome_Control_rep4_pH6.raw	ftp://ftp.pride.ebi.ac.uk/pride/data/archive/2014/08/PXD000612/20111225_EXQ5_KiSh_SA_LabelFree_HeLa_Proteome_Control_rep4_pH6.raw	NT=label free sample;AC=MS:1002038	1	15	NT=Q Exactive;AC=MS:1001911	NT=Data-dependent acquisition;AC=PRIDE:0000627	not available	NT=beam-type collision-induced dissociation;AC=MS:1000422	25 NCE	not available	20 ppm	NT=Strong anion-exchange chromatography (SAX);AC=PRIDE:0000558	total proteome	NT=Carbamidomethyl;AC=UNIMOD:4;MT=fixed;TA=C;PP=Anywhere	NT=Oxidation;AC=UNIMOD:35;MT=variable;TA=M;PP=Anywhere	NT=Acetyl;AC=UNIMOD:1;MT=variable;PP=Protein N-term	not available	v3.0.0	ms-proteomics v1.1.0	human v1.1.0	cell-lines v1.1.0	untreated control	total proteome
C4	Homo sapiens	uterine cervix	uterine cervix	endocervical adenocarcinoma	not available	cell line	study sample	HeLa S3	CVCL_0058	HeLa S3	30Y6M	female	adult	not available	African American	4	untreated control	20111225_EXQ5_KiSh_SA_LabelFree_HeLa_Proteome_Control_rep4_pH8	proteomic profiling by mass spectrometry	20111225_EXQ5_KiSh_SA_LabelFree_HeLa_Proteome_Control_rep4_pH8.raw	ftp://ftp.pride.ebi.ac.uk/pride/data/archive/2014/08/PXD000612/20111225_EXQ5_KiSh_SA_LabelFree_HeLa_Proteome_Control_rep4_pH8.raw	NT=label free sample;AC=MS:1002038	1	16	NT=Q Exactive;AC=MS:1001911	NT=Data-dependent acquisition;AC=PRIDE:0000627	not available	NT=beam-type collision-induced dissociation;AC=MS:1000422	25 NCE	not available	20 ppm	NT=Strong anion-exchange chromatography (SAX);AC=PRIDE:0000558	total proteome	NT=Carbamidomethyl;AC=UNIMOD:4;MT=fixed;TA=C;PP=Anywhere	NT=Oxidation;AC=UNIMOD:35;MT=variable;TA=M;PP=Anywhere	NT=Acetyl;AC=UNIMOD:1;MT=variable;PP=Protein N-term	not available	v3.0.0	ms-proteomics v1.1.0	human v1.1.0	cell-lines v1.1.0	untreated control	total proteome
C5	Homo sapiens	uterine cervix	uterine cervix	endocervical adenocarcinoma	not available	cell line	study sample	HeLa S3	CVCL_0058	HeLa S3	30Y6M	female	adult	not available	African American	5	untreated control	20111225_EXQ5_KiSh_SA_LabelFree_HeLa_Proteome_Control_rep5_pH11	proteomic profiling by mass spectrometry	20111225_EXQ5_KiSh_SA_LabelFree_HeLa_Proteome_Control_rep5_pH11.raw	ftp://ftp.pride.ebi.ac.uk/pride/data/archive/2014/08/PXD000612/20111225_EXQ5_KiSh_SA_LabelFree_HeLa_Proteome_Control_rep5_pH11.raw	NT=label free sample;AC=MS:1002038	1	17	NT=Q Exactive;AC=MS:1001911	NT=Data-dependent acquisition;AC=PRIDE:0000627	not available	NT=beam-type collision-induced dissociation;AC=MS:1000422	25 NCE	not available	20 ppm	NT=Strong anion-exchange chromatography (SAX);AC=PRIDE:0000558	total proteome	NT=Carbamidomethyl;AC=UNIMOD:4;MT=fixed;TA=C;PP=Anywhere	NT=Oxidation;AC=UNIMOD:35;MT=variable;TA=M;PP=Anywhere	NT=Acetyl;AC=UNIMOD:1;MT=variable;PP=Protein N-term	not available	v3.0.0	ms-proteomics v1.1.0	human v1.1.0	cell-lines v1.1.0	untreated control	total proteome
C5	Homo sapiens	uterine cervix	uterine cervix	endocervical adenocarcinoma	not available	cell line	study sample	HeLa S3	CVCL_0058	HeLa S3	30Y6M	female	adult	not available	African American	5	untreated control	20111225_EXQ5_KiSh_SA_LabelFree_HeLa_Proteome_Control_rep5_pH3	proteomic profiling by mass spectrometry	20111225_EXQ5_KiSh_SA_LabelFree_HeLa_Proteome_Control_rep5_pH3.raw	ftp://ftp.pride.ebi.ac.uk/pride/data/archive/2014/08/PXD000612/20111225_EXQ5_KiSh_SA_LabelFree_HeLa_Proteome_Control_rep5_pH3.raw	NT=label free sample;AC=MS:1002038	1	12	NT=Q Exactive;AC=MS:1001911	NT=Data-dependent acquisition;AC=PRIDE:0000627	not available	NT=beam-type collision-induced dissociation;AC=MS:1000422	25 NCE	not available	20 ppm	NT=Strong anion-exchange chromatography (SAX);AC=PRIDE:0000558	total proteome	NT=Carbamidomethyl;AC=UNIMOD:4;MT=fixed;TA=C;PP=Anywhere	NT=Oxidation;AC=UNIMOD:35;MT=variable;TA=M;PP=Anywhere	NT=Acetyl;AC=UNIMOD:1;MT=variable;PP=Protein N-term	not available	v3.0.0	ms-proteomics v1.1.0	human v1.1.0	cell-lines v1.1.0	untreated control	total proteome
C5	Homo sapiens	uterine cervix	uterine cervix	endocervical adenocarcinoma	not available	cell line	study sample	HeLa S3	CVCL_0058	HeLa S3	30Y6M	female	adult	not available	African American	5	untreated control	20111225_EXQ5_KiSh_SA_LabelFree_HeLa_Proteome_Control_rep5_pH4	proteomic profiling by mass spectrometry	20111225_EXQ5_KiSh_SA_LabelFree_HeLa_Proteome_Control_rep5_pH4.raw	ftp://ftp.pride.ebi.ac.uk/pride/data/archive/2014/08/PXD000612/20111225_EXQ5_KiSh_SA_LabelFree_HeLa_Proteome_Control_rep5_pH4.raw	NT=label free sample;AC=MS:1002038	1	13	NT=Q Exactive;AC=MS:1001911	NT=Data-dependent acquisition;AC=PRIDE:0000627	not available	NT=beam-type collision-induced dissociation;AC=MS:1000422	25 NCE	not available	20 ppm	NT=Strong anion-exchange chromatography (SAX);AC=PRIDE:0000558	total proteome	NT=Carbamidomethyl;AC=UNIMOD:4;MT=fixed;TA=C;PP=Anywhere	NT=Oxidation;AC=UNIMOD:35;MT=variable;TA=M;PP=Anywhere	NT=Acetyl;AC=UNIMOD:1;MT=variable;PP=Protein N-term	not available	v3.0.0	ms-proteomics v1.1.0	human v1.1.0	cell-lines v1.1.0	untreated control	total proteome
C5	Homo sapiens	uterine cervix	uterine cervix	endocervical adenocarcinoma	not available	cell line	study sample	HeLa S3	CVCL_0058	HeLa S3	30Y6M	female	adult	not available	African American	5	untreated control	20111225_EXQ5_KiSh_SA_LabelFree_HeLa_Proteome_Control_rep5_pH5	proteomic profiling by mass spectrometry	20111225_EXQ5_KiSh_SA_LabelFree_HeLa_Proteome_Control_rep5_pH5.raw	ftp://ftp.pride.ebi.ac.uk/pride/data/archive/2014/08/PXD000612/20111225_EXQ5_KiSh_SA_LabelFree_HeLa_Proteome_Control_rep5_pH5.raw	NT=label free sample;AC=MS:1002038	1	14	NT=Q Exactive;AC=MS:1001911	NT=Data-dependent acquisition;AC=PRIDE:0000627	not available	NT=beam-type collision-induced dissociation;AC=MS:1000422	25 NCE	not available	20 ppm	NT=Strong anion-exchange chromatography (SAX);AC=PRIDE:0000558	total proteome	NT=Carbamidomethyl;AC=UNIMOD:4;MT=fixed;TA=C;PP=Anywhere	NT=Oxidation;AC=UNIMOD:35;MT=variable;TA=M;PP=Anywhere	NT=Acetyl;AC=UNIMOD:1;MT=variable;PP=Protein N-term	not available	v3.0.0	ms-proteomics v1.1.0	human v1.1.0	cell-lines v1.1.0	untreated control	total proteome
C5	Homo sapiens	uterine cervix	uterine cervix	endocervical adenocarcinoma	not available	cell line	study sample	HeLa S3	CVCL_0058	HeLa S3	30Y6M	female	adult	not available	African American	5	untreated control	20111225_EXQ5_KiSh_SA_LabelFree_HeLa_Proteome_Control_rep5_pH6	proteomic profiling by mass spectrometry	20111225_EXQ5_KiSh_SA_LabelFree_HeLa_Proteome_Control_rep5_pH6.raw	ftp://ftp.pride.ebi.ac.uk/pride/data/archive/2014/08/PXD000612/20111225_EXQ5_KiSh_SA_LabelFree_HeLa_Proteome_Control_rep5_pH6.raw	NT=label free sample;AC=MS:1002038	1	15	NT=Q Exactive;AC=MS:1001911	NT=Data-dependent acquisition;AC=PRIDE:0000627	not available	NT=beam-type collision-induced dissociation;AC=MS:1000422	25 NCE	not available	20 ppm	NT=Strong anion-exchange chromatography (SAX);AC=PRIDE:0000558	total proteome	NT=Carbamidomethyl;AC=UNIMOD:4;MT=fixed;TA=C;PP=Anywhere	NT=Oxidation;AC=UNIMOD:35;MT=variable;TA=M;PP=Anywhere	NT=Acetyl;AC=UNIMOD:1;MT=variable;PP=Protein N-term	not available	v3.0.0	ms-proteomics v1.1.0	human v1.1.0	cell-lines v1.1.0	untreated control	total proteome
C5	Homo sapiens	uterine cervix	uterine cervix	endocervical adenocarcinoma	not available	cell line	study sample	HeLa S3	CVCL_0058	HeLa S3	30Y6M	female	adult	not available	African American	5	untreated control	20111225_EXQ5_KiSh_SA_LabelFree_HeLa_Proteome_Control_rep5_pH8	proteomic profiling by mass spectrometry	20111225_EXQ5_KiSh_SA_LabelFree_HeLa_Proteome_Control_rep5_pH8.raw	ftp://ftp.pride.ebi.ac.uk/pride/data/archive/2014/08/PXD000612/20111225_EXQ5_KiSh_SA_LabelFree_HeLa_Proteome_Control_rep5_pH8.raw	NT=label free sample;AC=MS:1002038	1	16	NT=Q Exactive;AC=MS:1001911	NT=Data-dependent acquisition;AC=PRIDE:0000627	not available	NT=beam-type collision-induced dissociation;AC=MS:1000422	25 NCE	not available	20 ppm	NT=Strong anion-exchange chromatography (SAX);AC=PRIDE:0000558	total proteome	NT=Carbamidomethyl;AC=UNIMOD:4;MT=fixed;TA=C;PP=Anywhere	NT=Oxidation;AC=UNIMOD:35;MT=variable;TA=M;PP=Anywhere	NT=Acetyl;AC=UNIMOD:1;MT=variable;PP=Protein N-term	not available	v3.0.0	ms-proteomics v1.1.0	human v1.1.0	cell-lines v1.1.0	untreated control	total proteome
C6	Homo sapiens	uterine cervix	uterine cervix	endocervical adenocarcinoma	not available	cell line	study sample	HeLa S3	CVCL_0058	HeLa S3	30Y6M	female	adult	not available	African American	6	untreated control	20120125_EXQ5_KiSh_SA_LabelFree_HeLa_Proteome_Control_rep6_pH11	proteomic profiling by mass spectrometry	20120125_EXQ5_KiSh_SA_LabelFree_HeLa_Proteome_Control_rep6_pH11.raw	ftp://ftp.pride.ebi.ac.uk/pride/data/archive/2014/08/PXD000612/20120125_EXQ5_KiSh_SA_LabelFree_HeLa_Proteome_Control_rep6_pH11.raw	NT=label free sample;AC=MS:1002038	1	17	NT=Q Exactive;AC=MS:1001911	NT=Data-dependent acquisition;AC=PRIDE:0000627	not available	NT=beam-type collision-induced dissociation;AC=MS:1000422	25 NCE	not available	20 ppm	NT=Strong anion-exchange chromatography (SAX);AC=PRIDE:0000558	total proteome	NT=Carbamidomethyl;AC=UNIMOD:4;MT=fixed;TA=C;PP=Anywhere	NT=Oxidation;AC=UNIMOD:35;MT=variable;TA=M;PP=Anywhere	NT=Acetyl;AC=UNIMOD:1;MT=variable;PP=Protein N-term	not available	v3.0.0	ms-proteomics v1.1.0	human v1.1.0	cell-lines v1.1.0	untreated control	total proteome
C6	Homo sapiens	uterine cervix	uterine cervix	endocervical adenocarcinoma	not available	cell line	study sample	HeLa S3	CVCL_0058	HeLa S3	30Y6M	female	adult	not available	African American	6	untreated control	20120125_EXQ5_KiSh_SA_LabelFree_HeLa_Proteome_Control_rep6_pH3	proteomic profiling by mass spectrometry	20120125_EXQ5_KiSh_SA_LabelFree_HeLa_Proteome_Control_rep6_pH3.raw	ftp://ftp.pride.ebi.ac.uk/pride/data/archive/2014/08/PXD000612/20120125_EXQ5_KiSh_SA_LabelFree_HeLa_Proteome_Control_rep6_pH3.raw	NT=label free sample;AC=MS:1002038	1	12	NT=Q Exactive;AC=MS:1001911	NT=Data-dependent acquisition;AC=PRIDE:0000627	not available	NT=beam-type collision-induced dissociation;AC=MS:1000422	25 NCE	not available	20 ppm	NT=Strong anion-exchange chromatography (SAX);AC=PRIDE:0000558	total proteome	NT=Carbamidomethyl;AC=UNIMOD:4;MT=fixed;TA=C;PP=Anywhere	NT=Oxidation;AC=UNIMOD:35;MT=variable;TA=M;PP=Anywhere	NT=Acetyl;AC=UNIMOD:1;MT=variable;PP=Protein N-term	not available	v3.0.0	ms-proteomics v1.1.0	human v1.1.0	cell-lines v1.1.0	untreated control	total proteome
C6	Homo sapiens	uterine cervix	uterine cervix	endocervical adenocarcinoma	not available	cell line	study sample	HeLa S3	CVCL_0058	HeLa S3	30Y6M	female	adult	not available	African American	6	untreated control	20120125_EXQ5_KiSh_SA_LabelFree_HeLa_Proteome_Control_rep6_pH4	proteomic profiling by mass spectrometry	20120125_EXQ5_KiSh_SA_LabelFree_HeLa_Proteome_Control_rep6_pH4.raw	ftp://ftp.pride.ebi.ac.uk/pride/data/archive/2014/08/PXD000612/20120125_EXQ5_KiSh_SA_LabelFree_HeLa_Proteome_Control_rep6_pH4.raw	NT=label free sample;AC=MS:1002038	1	13	NT=Q Exactive;AC=MS:1001911	NT=Data-dependent acquisition;AC=PRIDE:0000627	not available	NT=beam-type collision-induced dissociation;AC=MS:1000422	25 NCE	not available	20 ppm	NT=Strong anion-exchange chromatography (SAX);AC=PRIDE:0000558	total proteome	NT=Carbamidomethyl;AC=UNIMOD:4;MT=fixed;TA=C;PP=Anywhere	NT=Oxidation;AC=UNIMOD:35;MT=variable;TA=M;PP=Anywhere	NT=Acetyl;AC=UNIMOD:1;MT=variable;PP=Protein N-term	not available	v3.0.0	ms-proteomics v1.1.0	human v1.1.0	cell-lines v1.1.0	untreated control	total proteome
C6	Homo sapiens	uterine cervix	uterine cervix	endocervical adenocarcinoma	not available	cell line	study sample	HeLa S3	CVCL_0058	HeLa S3	30Y6M	female	adult	not available	African American	6	untreated control	20120125_EXQ5_KiSh_SA_LabelFree_HeLa_Proteome_Control_rep6_pH5	proteomic profiling by mass spectrometry	20120125_EXQ5_KiSh_SA_LabelFree_HeLa_Proteome_Control_rep6_pH5.raw	ftp://ftp.pride.ebi.ac.uk/pride/data/archive/2014/08/PXD000612/20120125_EXQ5_KiSh_SA_LabelFree_HeLa_Proteome_Control_rep6_pH5.raw	NT=label free sample;AC=MS:1002038	1	14	NT=Q Exactive;AC=MS:1001911	NT=Data-dependent acquisition;AC=PRIDE:0000627	not available	NT=beam-type collision-induced dissociation;AC=MS:1000422	25 NCE	not available	20 ppm	NT=Strong anion-exchange chromatography (SAX);AC=PRIDE:0000558	total proteome	NT=Carbamidomethyl;AC=UNIMOD:4;MT=fixed;TA=C;PP=Anywhere	NT=Oxidation;AC=UNIMOD:35;MT=variable;TA=M;PP=Anywhere	NT=Acetyl;AC=UNIMOD:1;MT=variable;PP=Protein N-term	not available	v3.0.0	ms-proteomics v1.1.0	human v1.1.0	cell-lines v1.1.0	untreated control	total proteome
C6	Homo sapiens	uterine cervix	uterine cervix	endocervical adenocarcinoma	not available	cell line	study sample	HeLa S3	CVCL_0058	HeLa S3	30Y6M	female	adult	not available	African American	6	untreated control	20120125_EXQ5_KiSh_SA_LabelFree_HeLa_Proteome_Control_rep6_pH6	proteomic profiling by mass spectrometry	20120125_EXQ5_KiSh_SA_LabelFree_HeLa_Proteome_Control_rep6_pH6.raw	ftp://ftp.pride.ebi.ac.uk/pride/data/archive/2014/08/PXD000612/20120125_EXQ5_KiSh_SA_LabelFree_HeLa_Proteome_Control_rep6_pH6.raw	NT=label free sample;AC=MS:1002038	1	15	NT=Q Exactive;AC=MS:1001911	NT=Data-dependent acquisition;AC=PRIDE:0000627	not available	NT=beam-type collision-induced dissociation;AC=MS:1000422	25 NCE	not available	20 ppm	NT=Strong anion-exchange chromatography (SAX);AC=PRIDE:0000558	total proteome	NT=Carbamidomethyl;AC=UNIMOD:4;MT=fixed;TA=C;PP=Anywhere	NT=Oxidation;AC=UNIMOD:35;MT=variable;TA=M;PP=Anywhere	NT=Acetyl;AC=UNIMOD:1;MT=variable;PP=Protein N-term	not available	v3.0.0	ms-proteomics v1.1.0	human v1.1.0	cell-lines v1.1.0	untreated control	total proteome
C6	Homo sapiens	uterine cervix	uterine cervix	endocervical adenocarcinoma	not available	cell line	study sample	HeLa S3	CVCL_0058	HeLa S3	30Y6M	female	adult	not available	African American	6	untreated control	20120125_EXQ5_KiSh_SA_LabelFree_HeLa_Proteome_Control_rep6_pH8	proteomic profiling by mass spectrometry	20120125_EXQ5_KiSh_SA_LabelFree_HeLa_Proteome_Control_rep6_pH8.raw	ftp://ftp.pride.ebi.ac.uk/pride/data/archive/2014/08/PXD000612/20120125_EXQ5_KiSh_SA_LabelFree_HeLa_Proteome_Control_rep6_pH8.raw	NT=label free sample;AC=MS:1002038	1	16	NT=Q Exactive;AC=MS:1001911	NT=Data-dependent acquisition;AC=PRIDE:0000627	not available	NT=beam-type collision-induced dissociation;AC=MS:1000422	25 NCE	not available	20 ppm	NT=Strong anion-exchange chromatography (SAX);AC=PRIDE:0000558	total proteome	NT=Carbamidomethyl;AC=UNIMOD:4;MT=fixed;TA=C;PP=Anywhere	NT=Oxidation;AC=UNIMOD:35;MT=variable;TA=M;PP=Anywhere	NT=Acetyl;AC=UNIMOD:1;MT=variable;PP=Protein N-term	not available	v3.0.0	ms-proteomics v1.1.0	human v1.1.0	cell-lines v1.1.0	untreated control	total proteome
N1	Homo sapiens	uterine cervix	uterine cervix	endocervical adenocarcinoma	not available	cell line	study sample	HeLa S3	CVCL_0058	HeLa S3	30Y6M	female	adult	not available	African American	1	nocodazole-arrested mitosis	20120203_EXQ5_KiSh_SA_LabelFree_HeLa_Proteome_Nocodazole_rep1_pH11	proteomic profiling by mass spectrometry	20120203_EXQ5_KiSh_SA_LabelFree_HeLa_Proteome_Nocodazole_rep1_pH11.raw	ftp://ftp.pride.ebi.ac.uk/pride/data/archive/2014/08/PXD000612/20120203_EXQ5_KiSh_SA_LabelFree_HeLa_Proteome_Nocodazole_rep1_pH11.raw	NT=label free sample;AC=MS:1002038	1	17	NT=Q Exactive;AC=MS:1001911	NT=Data-dependent acquisition;AC=PRIDE:0000627	not available	NT=beam-type collision-induced dissociation;AC=MS:1000422	25 NCE	not available	20 ppm	NT=Strong anion-exchange chromatography (SAX);AC=PRIDE:0000558	total proteome	NT=Carbamidomethyl;AC=UNIMOD:4;MT=fixed;TA=C;PP=Anywhere	NT=Oxidation;AC=UNIMOD:35;MT=variable;TA=M;PP=Anywhere	NT=Acetyl;AC=UNIMOD:1;MT=variable;PP=Protein N-term	not available	v3.0.0	ms-proteomics v1.1.0	human v1.1.0	cell-lines v1.1.0	nocodazole-arrested mitosis	total proteome
N1	Homo sapiens	uterine cervix	uterine cervix	endocervical adenocarcinoma	not available	cell line	study sample	HeLa S3	CVCL_0058	HeLa S3	30Y6M	female	adult	not available	African American	1	nocodazole-arrested mitosis	20120203_EXQ5_KiSh_SA_LabelFree_HeLa_Proteome_Nocodazole_rep1_pH3	proteomic profiling by mass spectrometry	20120203_EXQ5_KiSh_SA_LabelFree_HeLa_Proteome_Nocodazole_rep1_pH3.raw	ftp://ftp.pride.ebi.ac.uk/pride/data/archive/2014/08/PXD000612/20120203_EXQ5_KiSh_SA_LabelFree_HeLa_Proteome_Nocodazole_rep1_pH3.raw	NT=label free sample;AC=MS:1002038	1	12	NT=Q Exactive;AC=MS:1001911	NT=Data-dependent acquisition;AC=PRIDE:0000627	not available	NT=beam-type collision-induced dissociation;AC=MS:1000422	25 NCE	not available	20 ppm	NT=Strong anion-exchange chromatography (SAX);AC=PRIDE:0000558	total proteome	NT=Carbamidomethyl;AC=UNIMOD:4;MT=fixed;TA=C;PP=Anywhere	NT=Oxidation;AC=UNIMOD:35;MT=variable;TA=M;PP=Anywhere	NT=Acetyl;AC=UNIMOD:1;MT=variable;PP=Protein N-term	not available	v3.0.0	ms-proteomics v1.1.0	human v1.1.0	cell-lines v1.1.0	nocodazole-arrested mitosis	total proteome
N1	Homo sapiens	uterine cervix	uterine cervix	endocervical adenocarcinoma	not available	cell line	study sample	HeLa S3	CVCL_0058	HeLa S3	30Y6M	female	adult	not available	African American	1	nocodazole-arrested mitosis	20120203_EXQ5_KiSh_SA_LabelFree_HeLa_Proteome_Nocodazole_rep1_pH4	proteomic profiling by mass spectrometry	20120203_EXQ5_KiSh_SA_LabelFree_HeLa_Proteome_Nocodazole_rep1_pH4.raw	ftp://ftp.pride.ebi.ac.uk/pride/data/archive/2014/08/PXD000612/20120203_EXQ5_KiSh_SA_LabelFree_HeLa_Proteome_Nocodazole_rep1_pH4.raw	NT=label free sample;AC=MS:1002038	1	13	NT=Q Exactive;AC=MS:1001911	NT=Data-dependent acquisition;AC=PRIDE:0000627	not available	NT=beam-type collision-induced dissociation;AC=MS:1000422	25 NCE	not available	20 ppm	NT=Strong anion-exchange chromatography (SAX);AC=PRIDE:0000558	total proteome	NT=Carbamidomethyl;AC=UNIMOD:4;MT=fixed;TA=C;PP=Anywhere	NT=Oxidation;AC=UNIMOD:35;MT=variable;TA=M;PP=Anywhere	NT=Acetyl;AC=UNIMOD:1;MT=variable;PP=Protein N-term	not available	v3.0.0	ms-proteomics v1.1.0	human v1.1.0	cell-lines v1.1.0	nocodazole-arrested mitosis	total proteome
N1	Homo sapiens	uterine cervix	uterine cervix	endocervical adenocarcinoma	not available	cell line	study sample	HeLa S3	CVCL_0058	HeLa S3	30Y6M	female	adult	not available	African American	1	nocodazole-arrested mitosis	20120203_EXQ5_KiSh_SA_LabelFree_HeLa_Proteome_Nocodazole_rep1_pH5	proteomic profiling by mass spectrometry	20120203_EXQ5_KiSh_SA_LabelFree_HeLa_Proteome_Nocodazole_rep1_pH5.raw	ftp://ftp.pride.ebi.ac.uk/pride/data/archive/2014/08/PXD000612/20120203_EXQ5_KiSh_SA_LabelFree_HeLa_Proteome_Nocodazole_rep1_pH5.raw	NT=label free sample;AC=MS:1002038	1	14	NT=Q Exactive;AC=MS:1001911	NT=Data-dependent acquisition;AC=PRIDE:0000627	not available	NT=beam-type collision-induced dissociation;AC=MS:1000422	25 NCE	not available	20 ppm	NT=Strong anion-exchange chromatography (SAX);AC=PRIDE:0000558	total proteome	NT=Carbamidomethyl;AC=UNIMOD:4;MT=fixed;TA=C;PP=Anywhere	NT=Oxidation;AC=UNIMOD:35;MT=variable;TA=M;PP=Anywhere	NT=Acetyl;AC=UNIMOD:1;MT=variable;PP=Protein N-term	not available	v3.0.0	ms-proteomics v1.1.0	human v1.1.0	cell-lines v1.1.0	nocodazole-arrested mitosis	total proteome
N1	Homo sapiens	uterine cervix	uterine cervix	endocervical adenocarcinoma	not available	cell line	study sample	HeLa S3	CVCL_0058	HeLa S3	30Y6M	female	adult	not available	African American	1	nocodazole-arrested mitosis	20120203_EXQ5_KiSh_SA_LabelFree_HeLa_Proteome_Nocodazole_rep1_pH6	proteomic profiling by mass spectrometry	20120203_EXQ5_KiSh_SA_LabelFree_HeLa_Proteome_Nocodazole_rep1_pH6.raw	ftp://ftp.pride.ebi.ac.uk/pride/data/archive/2014/08/PXD000612/20120203_EXQ5_KiSh_SA_LabelFree_HeLa_Proteome_Nocodazole_rep1_pH6.raw	NT=label free sample;AC=MS:1002038	1	15	NT=Q Exactive;AC=MS:1001911	NT=Data-dependent acquisition;AC=PRIDE:0000627	not available	NT=beam-type collision-induced dissociation;AC=MS:1000422	25 NCE	not available	20 ppm	NT=Strong anion-exchange chromatography (SAX);AC=PRIDE:0000558	total proteome	NT=Carbamidomethyl;AC=UNIMOD:4;MT=fixed;TA=C;PP=Anywhere	NT=Oxidation;AC=UNIMOD:35;MT=variable;TA=M;PP=Anywhere	NT=Acetyl;AC=UNIMOD:1;MT=variable;PP=Protein N-term	not available	v3.0.0	ms-proteomics v1.1.0	human v1.1.0	cell-lines v1.1.0	nocodazole-arrested mitosis	total proteome
N1	Homo sapiens	uterine cervix	uterine cervix	endocervical adenocarcinoma	not available	cell line	study sample	HeLa S3	CVCL_0058	HeLa S3	30Y6M	female	adult	not available	African American	1	nocodazole-arrested mitosis	20120203_EXQ5_KiSh_SA_LabelFree_HeLa_Proteome_Nocodazole_rep1_pH8	proteomic profiling by mass spectrometry	20120203_EXQ5_KiSh_SA_LabelFree_HeLa_Proteome_Nocodazole_rep1_pH8.raw	ftp://ftp.pride.ebi.ac.uk/pride/data/archive/2014/08/PXD000612/20120203_EXQ5_KiSh_SA_LabelFree_HeLa_Proteome_Nocodazole_rep1_pH8.raw	NT=label free sample;AC=MS:1002038	1	16	NT=Q Exactive;AC=MS:1001911	NT=Data-dependent acquisition;AC=PRIDE:0000627	not available	NT=beam-type collision-induced dissociation;AC=MS:1000422	25 NCE	not available	20 ppm	NT=Strong anion-exchange chromatography (SAX);AC=PRIDE:0000558	total proteome	NT=Carbamidomethyl;AC=UNIMOD:4;MT=fixed;TA=C;PP=Anywhere	NT=Oxidation;AC=UNIMOD:35;MT=variable;TA=M;PP=Anywhere	NT=Acetyl;AC=UNIMOD:1;MT=variable;PP=Protein N-term	not available	v3.0.0	ms-proteomics v1.1.0	human v1.1.0	cell-lines v1.1.0	nocodazole-arrested mitosis	total proteome
N2	Homo sapiens	uterine cervix	uterine cervix	endocervical adenocarcinoma	not available	cell line	study sample	HeLa S3	CVCL_0058	HeLa S3	30Y6M	female	adult	not available	African American	2	nocodazole-arrested mitosis	20120204_EXQ5_KiSh_SA_LabelFree_HeLa_Proteome_Nocodazole_rep2_pH11	proteomic profiling by mass spectrometry	20120204_EXQ5_KiSh_SA_LabelFree_HeLa_Proteome_Nocodazole_rep2_pH11.raw	ftp://ftp.pride.ebi.ac.uk/pride/data/archive/2014/08/PXD000612/20120204_EXQ5_KiSh_SA_LabelFree_HeLa_Proteome_Nocodazole_rep2_pH11.raw	NT=label free sample;AC=MS:1002038	1	17	NT=Q Exactive;AC=MS:1001911	NT=Data-dependent acquisition;AC=PRIDE:0000627	not available	NT=beam-type collision-induced dissociation;AC=MS:1000422	25 NCE	not available	20 ppm	NT=Strong anion-exchange chromatography (SAX);AC=PRIDE:0000558	total proteome	NT=Carbamidomethyl;AC=UNIMOD:4;MT=fixed;TA=C;PP=Anywhere	NT=Oxidation;AC=UNIMOD:35;MT=variable;TA=M;PP=Anywhere	NT=Acetyl;AC=UNIMOD:1;MT=variable;PP=Protein N-term	not available	v3.0.0	ms-proteomics v1.1.0	human v1.1.0	cell-lines v1.1.0	nocodazole-arrested mitosis	total proteome
N2	Homo sapiens	uterine cervix	uterine cervix	endocervical adenocarcinoma	not available	cell line	study sample	HeLa S3	CVCL_0058	HeLa S3	30Y6M	female	adult	not available	African American	2	nocodazole-arrested mitosis	20120204_EXQ5_KiSh_SA_LabelFree_HeLa_Proteome_Nocodazole_rep2_pH3	proteomic profiling by mass spectrometry	20120204_EXQ5_KiSh_SA_LabelFree_HeLa_Proteome_Nocodazole_rep2_pH3.raw	ftp://ftp.pride.ebi.ac.uk/pride/data/archive/2014/08/PXD000612/20120204_EXQ5_KiSh_SA_LabelFree_HeLa_Proteome_Nocodazole_rep2_pH3.raw	NT=label free sample;AC=MS:1002038	1	12	NT=Q Exactive;AC=MS:1001911	NT=Data-dependent acquisition;AC=PRIDE:0000627	not available	NT=beam-type collision-induced dissociation;AC=MS:1000422	25 NCE	not available	20 ppm	NT=Strong anion-exchange chromatography (SAX);AC=PRIDE:0000558	total proteome	NT=Carbamidomethyl;AC=UNIMOD:4;MT=fixed;TA=C;PP=Anywhere	NT=Oxidation;AC=UNIMOD:35;MT=variable;TA=M;PP=Anywhere	NT=Acetyl;AC=UNIMOD:1;MT=variable;PP=Protein N-term	not available	v3.0.0	ms-proteomics v1.1.0	human v1.1.0	cell-lines v1.1.0	nocodazole-arrested mitosis	total proteome
N2	Homo sapiens	uterine cervix	uterine cervix	endocervical adenocarcinoma	not available	cell line	study sample	HeLa S3	CVCL_0058	HeLa S3	30Y6M	female	adult	not available	African American	2	nocodazole-arrested mitosis	20120204_EXQ5_KiSh_SA_LabelFree_HeLa_Proteome_Nocodazole_rep2_pH4	proteomic profiling by mass spectrometry	20120204_EXQ5_KiSh_SA_LabelFree_HeLa_Proteome_Nocodazole_rep2_pH4.raw	ftp://ftp.pride.ebi.ac.uk/pride/data/archive/2014/08/PXD000612/20120204_EXQ5_KiSh_SA_LabelFree_HeLa_Proteome_Nocodazole_rep2_pH4.raw	NT=label free sample;AC=MS:1002038	1	13	NT=Q Exactive;AC=MS:1001911	NT=Data-dependent acquisition;AC=PRIDE:0000627	not available	NT=beam-type collision-induced dissociation;AC=MS:1000422	25 NCE	not available	20 ppm	NT=Strong anion-exchange chromatography (SAX);AC=PRIDE:0000558	total proteome	NT=Carbamidomethyl;AC=UNIMOD:4;MT=fixed;TA=C;PP=Anywhere	NT=Oxidation;AC=UNIMOD:35;MT=variable;TA=M;PP=Anywhere	NT=Acetyl;AC=UNIMOD:1;MT=variable;PP=Protein N-term	not available	v3.0.0	ms-proteomics v1.1.0	human v1.1.0	cell-lines v1.1.0	nocodazole-arrested mitosis	total proteome
N2	Homo sapiens	uterine cervix	uterine cervix	endocervical adenocarcinoma	not available	cell line	study sample	HeLa S3	CVCL_0058	HeLa S3	30Y6M	female	adult	not available	African American	2	nocodazole-arrested mitosis	20120204_EXQ5_KiSh_SA_LabelFree_HeLa_Proteome_Nocodazole_rep2_pH5	proteomic profiling by mass spectrometry	20120204_EXQ5_KiSh_SA_LabelFree_HeLa_Proteome_Nocodazole_rep2_pH5.raw	ftp://ftp.pride.ebi.ac.uk/pride/data/archive/2014/08/PXD000612/20120204_EXQ5_KiSh_SA_LabelFree_HeLa_Proteome_Nocodazole_rep2_pH5.raw	NT=label free sample;AC=MS:1002038	1	14	NT=Q Exactive;AC=MS:1001911	NT=Data-dependent acquisition;AC=PRIDE:0000627	not available	NT=beam-type collision-induced dissociation;AC=MS:1000422	25 NCE	not available	20 ppm	NT=Strong anion-exchange chromatography (SAX);AC=PRIDE:0000558	total proteome	NT=Carbamidomethyl;AC=UNIMOD:4;MT=fixed;TA=C;PP=Anywhere	NT=Oxidation;AC=UNIMOD:35;MT=variable;TA=M;PP=Anywhere	NT=Acetyl;AC=UNIMOD:1;MT=variable;PP=Protein N-term	not available	v3.0.0	ms-proteomics v1.1.0	human v1.1.0	cell-lines v1.1.0	nocodazole-arrested mitosis	total proteome
N2	Homo sapiens	uterine cervix	uterine cervix	endocervical adenocarcinoma	not available	cell line	study sample	HeLa S3	CVCL_0058	HeLa S3	30Y6M	female	adult	not available	African American	2	nocodazole-arrested mitosis	20120204_EXQ5_KiSh_SA_LabelFree_HeLa_Proteome_Nocodazole_rep2_pH6	proteomic profiling by mass spectrometry	20120204_EXQ5_KiSh_SA_LabelFree_HeLa_Proteome_Nocodazole_rep2_pH6.raw	ftp://ftp.pride.ebi.ac.uk/pride/data/archive/2014/08/PXD000612/20120204_EXQ5_KiSh_SA_LabelFree_HeLa_Proteome_Nocodazole_rep2_pH6.raw	NT=label free sample;AC=MS:1002038	1	15	NT=Q Exactive;AC=MS:1001911	NT=Data-dependent acquisition;AC=PRIDE:0000627	not available	NT=beam-type collision-induced dissociation;AC=MS:1000422	25 NCE	not available	20 ppm	NT=Strong anion-exchange chromatography (SAX);AC=PRIDE:0000558	total proteome	NT=Carbamidomethyl;AC=UNIMOD:4;MT=fixed;TA=C;PP=Anywhere	NT=Oxidation;AC=UNIMOD:35;MT=variable;TA=M;PP=Anywhere	NT=Acetyl;AC=UNIMOD:1;MT=variable;PP=Protein N-term	not available	v3.0.0	ms-proteomics v1.1.0	human v1.1.0	cell-lines v1.1.0	nocodazole-arrested mitosis	total proteome
N2	Homo sapiens	uterine cervix	uterine cervix	endocervical adenocarcinoma	not available	cell line	study sample	HeLa S3	CVCL_0058	HeLa S3	30Y6M	female	adult	not available	African American	2	nocodazole-arrested mitosis	20120204_EXQ5_KiSh_SA_LabelFree_HeLa_Proteome_Nocodazole_rep2_pH8	proteomic profiling by mass spectrometry	20120204_EXQ5_KiSh_SA_LabelFree_HeLa_Proteome_Nocodazole_rep2_pH8.raw	ftp://ftp.pride.ebi.ac.uk/pride/data/archive/2014/08/PXD000612/20120204_EXQ5_KiSh_SA_LabelFree_HeLa_Proteome_Nocodazole_rep2_pH8.raw	NT=label free sample;AC=MS:1002038	1	16	NT=Q Exactive;AC=MS:1001911	NT=Data-dependent acquisition;AC=PRIDE:0000627	not available	NT=beam-type collision-induced dissociation;AC=MS:1000422	25 NCE	not available	20 ppm	NT=Strong anion-exchange chromatography (SAX);AC=PRIDE:0000558	total proteome	NT=Carbamidomethyl;AC=UNIMOD:4;MT=fixed;TA=C;PP=Anywhere	NT=Oxidation;AC=UNIMOD:35;MT=variable;TA=M;PP=Anywhere	NT=Acetyl;AC=UNIMOD:1;MT=variable;PP=Protein N-term	not available	v3.0.0	ms-proteomics v1.1.0	human v1.1.0	cell-lines v1.1.0	nocodazole-arrested mitosis	total proteome
N3	Homo sapiens	uterine cervix	uterine cervix	endocervical adenocarcinoma	not available	cell line	study sample	HeLa S3	CVCL_0058	HeLa S3	30Y6M	female	adult	not available	African American	3	nocodazole-arrested mitosis	20120218_EXQ5_KiSh_SA_LabelFree_HeLa_Proteome_Nocodazole_rep3_pH11	proteomic profiling by mass spectrometry	20120218_EXQ5_KiSh_SA_LabelFree_HeLa_Proteome_Nocodazole_rep3_pH11.raw	ftp://ftp.pride.ebi.ac.uk/pride/data/archive/2014/08/PXD000612/20120218_EXQ5_KiSh_SA_LabelFree_HeLa_Proteome_Nocodazole_rep3_pH11.raw	NT=label free sample;AC=MS:1002038	1	17	NT=Q Exactive;AC=MS:1001911	NT=Data-dependent acquisition;AC=PRIDE:0000627	not available	NT=beam-type collision-induced dissociation;AC=MS:1000422	25 NCE	not available	20 ppm	NT=Strong anion-exchange chromatography (SAX);AC=PRIDE:0000558	total proteome	NT=Carbamidomethyl;AC=UNIMOD:4;MT=fixed;TA=C;PP=Anywhere	NT=Oxidation;AC=UNIMOD:35;MT=variable;TA=M;PP=Anywhere	NT=Acetyl;AC=UNIMOD:1;MT=variable;PP=Protein N-term	not available	v3.0.0	ms-proteomics v1.1.0	human v1.1.0	cell-lines v1.1.0	nocodazole-arrested mitosis	total proteome
N3	Homo sapiens	uterine cervix	uterine cervix	endocervical adenocarcinoma	not available	cell line	study sample	HeLa S3	CVCL_0058	HeLa S3	30Y6M	female	adult	not available	African American	3	nocodazole-arrested mitosis	20120218_EXQ5_KiSh_SA_LabelFree_HeLa_Proteome_Nocodazole_rep3_pH3	proteomic profiling by mass spectrometry	20120218_EXQ5_KiSh_SA_LabelFree_HeLa_Proteome_Nocodazole_rep3_pH3.raw	ftp://ftp.pride.ebi.ac.uk/pride/data/archive/2014/08/PXD000612/20120218_EXQ5_KiSh_SA_LabelFree_HeLa_Proteome_Nocodazole_rep3_pH3.raw	NT=label free sample;AC=MS:1002038	1	12	NT=Q Exactive;AC=MS:1001911	NT=Data-dependent acquisition;AC=PRIDE:0000627	not available	NT=beam-type collision-induced dissociation;AC=MS:1000422	25 NCE	not available	20 ppm	NT=Strong anion-exchange chromatography (SAX);AC=PRIDE:0000558	total proteome	NT=Carbamidomethyl;AC=UNIMOD:4;MT=fixed;TA=C;PP=Anywhere	NT=Oxidation;AC=UNIMOD:35;MT=variable;TA=M;PP=Anywhere	NT=Acetyl;AC=UNIMOD:1;MT=variable;PP=Protein N-term	not available	v3.0.0	ms-proteomics v1.1.0	human v1.1.0	cell-lines v1.1.0	nocodazole-arrested mitosis	total proteome
N3	Homo sapiens	uterine cervix	uterine cervix	endocervical adenocarcinoma	not available	cell line	study sample	HeLa S3	CVCL_0058	HeLa S3	30Y6M	female	adult	not available	African American	3	nocodazole-arrested mitosis	20120218_EXQ5_KiSh_SA_LabelFree_HeLa_Proteome_Nocodazole_rep3_pH4	proteomic profiling by mass spectrometry	20120218_EXQ5_KiSh_SA_LabelFree_HeLa_Proteome_Nocodazole_rep3_pH4.raw	ftp://ftp.pride.ebi.ac.uk/pride/data/archive/2014/08/PXD000612/20120218_EXQ5_KiSh_SA_LabelFree_HeLa_Proteome_Nocodazole_rep3_pH4.raw	NT=label free sample;AC=MS:1002038	1	13	NT=Q Exactive;AC=MS:1001911	NT=Data-dependent acquisition;AC=PRIDE:0000627	not available	NT=beam-type collision-induced dissociation;AC=MS:1000422	25 NCE	not available	20 ppm	NT=Strong anion-exchange chromatography (SAX);AC=PRIDE:0000558	total proteome	NT=Carbamidomethyl;AC=UNIMOD:4;MT=fixed;TA=C;PP=Anywhere	NT=Oxidation;AC=UNIMOD:35;MT=variable;TA=M;PP=Anywhere	NT=Acetyl;AC=UNIMOD:1;MT=variable;PP=Protein N-term	not available	v3.0.0	ms-proteomics v1.1.0	human v1.1.0	cell-lines v1.1.0	nocodazole-arrested mitosis	total proteome
N3	Homo sapiens	uterine cervix	uterine cervix	endocervical adenocarcinoma	not available	cell line	study sample	HeLa S3	CVCL_0058	HeLa S3	30Y6M	female	adult	not available	African American	3	nocodazole-arrested mitosis	20120218_EXQ5_KiSh_SA_LabelFree_HeLa_Proteome_Nocodazole_rep3_pH5	proteomic profiling by mass spectrometry	20120218_EXQ5_KiSh_SA_LabelFree_HeLa_Proteome_Nocodazole_rep3_pH5.raw	ftp://ftp.pride.ebi.ac.uk/pride/data/archive/2014/08/PXD000612/20120218_EXQ5_KiSh_SA_LabelFree_HeLa_Proteome_Nocodazole_rep3_pH5.raw	NT=label free sample;AC=MS:1002038	1	14	NT=Q Exactive;AC=MS:1001911	NT=Data-dependent acquisition;AC=PRIDE:0000627	not available	NT=beam-type collision-induced dissociation;AC=MS:1000422	25 NCE	not available	20 ppm	NT=Strong anion-exchange chromatography (SAX);AC=PRIDE:0000558	total proteome	NT=Carbamidomethyl;AC=UNIMOD:4;MT=fixed;TA=C;PP=Anywhere	NT=Oxidation;AC=UNIMOD:35;MT=variable;TA=M;PP=Anywhere	NT=Acetyl;AC=UNIMOD:1;MT=variable;PP=Protein N-term	not available	v3.0.0	ms-proteomics v1.1.0	human v1.1.0	cell-lines v1.1.0	nocodazole-arrested mitosis	total proteome
N3	Homo sapiens	uterine cervix	uterine cervix	endocervical adenocarcinoma	not available	cell line	study sample	HeLa S3	CVCL_0058	HeLa S3	30Y6M	female	adult	not available	African American	3	nocodazole-arrested mitosis	20120218_EXQ5_KiSh_SA_LabelFree_HeLa_Proteome_Nocodazole_rep3_pH6	proteomic profiling by mass spectrometry	20120218_EXQ5_KiSh_SA_LabelFree_HeLa_Proteome_Nocodazole_rep3_pH6.raw	ftp://ftp.pride.ebi.ac.uk/pride/data/archive/2014/08/PXD000612/20120218_EXQ5_KiSh_SA_LabelFree_HeLa_Proteome_Nocodazole_rep3_pH6.raw	NT=label free sample;AC=MS:1002038	1	15	NT=Q Exactive;AC=MS:1001911	NT=Data-dependent acquisition;AC=PRIDE:0000627	not available	NT=beam-type collision-induced dissociation;AC=MS:1000422	25 NCE	not available	20 ppm	NT=Strong anion-exchange chromatography (SAX);AC=PRIDE:0000558	total proteome	NT=Carbamidomethyl;AC=UNIMOD:4;MT=fixed;TA=C;PP=Anywhere	NT=Oxidation;AC=UNIMOD:35;MT=variable;TA=M;PP=Anywhere	NT=Acetyl;AC=UNIMOD:1;MT=variable;PP=Protein N-term	not available	v3.0.0	ms-proteomics v1.1.0	human v1.1.0	cell-lines v1.1.0	nocodazole-arrested mitosis	total proteome
N3	Homo sapiens	uterine cervix	uterine cervix	endocervical adenocarcinoma	not available	cell line	study sample	HeLa S3	CVCL_0058	HeLa S3	30Y6M	female	adult	not available	African American	3	nocodazole-arrested mitosis	20120218_EXQ5_KiSh_SA_LabelFree_HeLa_Proteome_Nocodazole_rep3_pH8	proteomic profiling by mass spectrometry	20120218_EXQ5_KiSh_SA_LabelFree_HeLa_Proteome_Nocodazole_rep3_pH8.raw	ftp://ftp.pride.ebi.ac.uk/pride/data/archive/2014/08/PXD000612/20120218_EXQ5_KiSh_SA_LabelFree_HeLa_Proteome_Nocodazole_rep3_pH8.raw	NT=label free sample;AC=MS:1002038	1	16	NT=Q Exactive;AC=MS:1001911	NT=Data-dependent acquisition;AC=PRIDE:0000627	not available	NT=beam-type collision-induced dissociation;AC=MS:1000422	25 NCE	not available	20 ppm	NT=Strong anion-exchange chromatography (SAX);AC=PRIDE:0000558	total proteome	NT=Carbamidomethyl;AC=UNIMOD:4;MT=fixed;TA=C;PP=Anywhere	NT=Oxidation;AC=UNIMOD:35;MT=variable;TA=M;PP=Anywhere	NT=Acetyl;AC=UNIMOD:1;MT=variable;PP=Protein N-term	not available	v3.0.0	ms-proteomics v1.1.0	human v1.1.0	cell-lines v1.1.0	nocodazole-arrested mitosis	total proteome
N4	Homo sapiens	uterine cervix	uterine cervix	endocervical adenocarcinoma	not available	cell line	study sample	HeLa S3	CVCL_0058	HeLa S3	30Y6M	female	adult	not available	African American	4	nocodazole-arrested mitosis	20120220_EXQ5_KiSh_SA_LabelFree_HeLa_Proteome_Nocodazole_rep4_pH11	proteomic profiling by mass spectrometry	20120220_EXQ5_KiSh_SA_LabelFree_HeLa_Proteome_Nocodazole_rep4_pH11.raw	ftp://ftp.pride.ebi.ac.uk/pride/data/archive/2014/08/PXD000612/20120220_EXQ5_KiSh_SA_LabelFree_HeLa_Proteome_Nocodazole_rep4_pH11.raw	NT=label free sample;AC=MS:1002038	1	17	NT=Q Exactive;AC=MS:1001911	NT=Data-dependent acquisition;AC=PRIDE:0000627	not available	NT=beam-type collision-induced dissociation;AC=MS:1000422	25 NCE	not available	20 ppm	NT=Strong anion-exchange chromatography (SAX);AC=PRIDE:0000558	total proteome	NT=Carbamidomethyl;AC=UNIMOD:4;MT=fixed;TA=C;PP=Anywhere	NT=Oxidation;AC=UNIMOD:35;MT=variable;TA=M;PP=Anywhere	NT=Acetyl;AC=UNIMOD:1;MT=variable;PP=Protein N-term	not available	v3.0.0	ms-proteomics v1.1.0	human v1.1.0	cell-lines v1.1.0	nocodazole-arrested mitosis	total proteome
N4	Homo sapiens	uterine cervix	uterine cervix	endocervical adenocarcinoma	not available	cell line	study sample	HeLa S3	CVCL_0058	HeLa S3	30Y6M	female	adult	not available	African American	4	nocodazole-arrested mitosis	20120220_EXQ5_KiSh_SA_LabelFree_HeLa_Proteome_Nocodazole_rep4_pH3	proteomic profiling by mass spectrometry	20120220_EXQ5_KiSh_SA_LabelFree_HeLa_Proteome_Nocodazole_rep4_pH3.raw	ftp://ftp.pride.ebi.ac.uk/pride/data/archive/2014/08/PXD000612/20120220_EXQ5_KiSh_SA_LabelFree_HeLa_Proteome_Nocodazole_rep4_pH3.raw	NT=label free sample;AC=MS:1002038	1	12	NT=Q Exactive;AC=MS:1001911	NT=Data-dependent acquisition;AC=PRIDE:0000627	not available	NT=beam-type collision-induced dissociation;AC=MS:1000422	25 NCE	not available	20 ppm	NT=Strong anion-exchange chromatography (SAX);AC=PRIDE:0000558	total proteome	NT=Carbamidomethyl;AC=UNIMOD:4;MT=fixed;TA=C;PP=Anywhere	NT=Oxidation;AC=UNIMOD:35;MT=variable;TA=M;PP=Anywhere	NT=Acetyl;AC=UNIMOD:1;MT=variable;PP=Protein N-term	not available	v3.0.0	ms-proteomics v1.1.0	human v1.1.0	cell-lines v1.1.0	nocodazole-arrested mitosis	total proteome
N4	Homo sapiens	uterine cervix	uterine cervix	endocervical adenocarcinoma	not available	cell line	study sample	HeLa S3	CVCL_0058	HeLa S3	30Y6M	female	adult	not available	African American	4	nocodazole-arrested mitosis	20120220_EXQ5_KiSh_SA_LabelFree_HeLa_Proteome_Nocodazole_rep4_pH4	proteomic profiling by mass spectrometry	20120220_EXQ5_KiSh_SA_LabelFree_HeLa_Proteome_Nocodazole_rep4_pH4.raw	ftp://ftp.pride.ebi.ac.uk/pride/data/archive/2014/08/PXD000612/20120220_EXQ5_KiSh_SA_LabelFree_HeLa_Proteome_Nocodazole_rep4_pH4.raw	NT=label free sample;AC=MS:1002038	1	13	NT=Q Exactive;AC=MS:1001911	NT=Data-dependent acquisition;AC=PRIDE:0000627	not available	NT=beam-type collision-induced dissociation;AC=MS:1000422	25 NCE	not available	20 ppm	NT=Strong anion-exchange chromatography (SAX);AC=PRIDE:0000558	total proteome	NT=Carbamidomethyl;AC=UNIMOD:4;MT=fixed;TA=C;PP=Anywhere	NT=Oxidation;AC=UNIMOD:35;MT=variable;TA=M;PP=Anywhere	NT=Acetyl;AC=UNIMOD:1;MT=variable;PP=Protein N-term	not available	v3.0.0	ms-proteomics v1.1.0	human v1.1.0	cell-lines v1.1.0	nocodazole-arrested mitosis	total proteome
N4	Homo sapiens	uterine cervix	uterine cervix	endocervical adenocarcinoma	not available	cell line	study sample	HeLa S3	CVCL_0058	HeLa S3	30Y6M	female	adult	not available	African American	4	nocodazole-arrested mitosis	20120220_EXQ5_KiSh_SA_LabelFree_HeLa_Proteome_Nocodazole_rep4_pH5	proteomic profiling by mass spectrometry	20120220_EXQ5_KiSh_SA_LabelFree_HeLa_Proteome_Nocodazole_rep4_pH5.raw	ftp://ftp.pride.ebi.ac.uk/pride/data/archive/2014/08/PXD000612/20120220_EXQ5_KiSh_SA_LabelFree_HeLa_Proteome_Nocodazole_rep4_pH5.raw	NT=label free sample;AC=MS:1002038	1	14	NT=Q Exactive;AC=MS:1001911	NT=Data-dependent acquisition;AC=PRIDE:0000627	not available	NT=beam-type collision-induced dissociation;AC=MS:1000422	25 NCE	not available	20 ppm	NT=Strong anion-exchange chromatography (SAX);AC=PRIDE:0000558	total proteome	NT=Carbamidomethyl;AC=UNIMOD:4;MT=fixed;TA=C;PP=Anywhere	NT=Oxidation;AC=UNIMOD:35;MT=variable;TA=M;PP=Anywhere	NT=Acetyl;AC=UNIMOD:1;MT=variable;PP=Protein N-term	not available	v3.0.0	ms-proteomics v1.1.0	human v1.1.0	cell-lines v1.1.0	nocodazole-arrested mitosis	total proteome
N4	Homo sapiens	uterine cervix	uterine cervix	endocervical adenocarcinoma	not available	cell line	study sample	HeLa S3	CVCL_0058	HeLa S3	30Y6M	female	adult	not available	African American	4	nocodazole-arrested mitosis	20120220_EXQ5_KiSh_SA_LabelFree_HeLa_Proteome_Nocodazole_rep4_pH6	proteomic profiling by mass spectrometry	20120220_EXQ5_KiSh_SA_LabelFree_HeLa_Proteome_Nocodazole_rep4_pH6.raw	ftp://ftp.pride.ebi.ac.uk/pride/data/archive/2014/08/PXD000612/20120220_EXQ5_KiSh_SA_LabelFree_HeLa_Proteome_Nocodazole_rep4_pH6.raw	NT=label free sample;AC=MS:1002038	1	15	NT=Q Exactive;AC=MS:1001911	NT=Data-dependent acquisition;AC=PRIDE:0000627	not available	NT=beam-type collision-induced dissociation;AC=MS:1000422	25 NCE	not available	20 ppm	NT=Strong anion-exchange chromatography (SAX);AC=PRIDE:0000558	total proteome	NT=Carbamidomethyl;AC=UNIMOD:4;MT=fixed;TA=C;PP=Anywhere	NT=Oxidation;AC=UNIMOD:35;MT=variable;TA=M;PP=Anywhere	NT=Acetyl;AC=UNIMOD:1;MT=variable;PP=Protein N-term	not available	v3.0.0	ms-proteomics v1.1.0	human v1.1.0	cell-lines v1.1.0	nocodazole-arrested mitosis	total proteome
N4	Homo sapiens	uterine cervix	uterine cervix	endocervical adenocarcinoma	not available	cell line	study sample	HeLa S3	CVCL_0058	HeLa S3	30Y6M	female	adult	not available	African American	4	nocodazole-arrested mitosis	20120220_EXQ5_KiSh_SA_LabelFree_HeLa_Proteome_Nocodazole_rep4_pH8	proteomic profiling by mass spectrometry	20120220_EXQ5_KiSh_SA_LabelFree_HeLa_Proteome_Nocodazole_rep4_pH8.raw	ftp://ftp.pride.ebi.ac.uk/pride/data/archive/2014/08/PXD000612/20120220_EXQ5_KiSh_SA_LabelFree_HeLa_Proteome_Nocodazole_rep4_pH8.raw	NT=label free sample;AC=MS:1002038	1	16	NT=Q Exactive;AC=MS:1001911	NT=Data-dependent acquisition;AC=PRIDE:0000627	not available	NT=beam-type collision-induced dissociation;AC=MS:1000422	25 NCE	not available	20 ppm	NT=Strong anion-exchange chromatography (SAX);AC=PRIDE:0000558	total proteome	NT=Carbamidomethyl;AC=UNIMOD:4;MT=fixed;TA=C;PP=Anywhere	NT=Oxidation;AC=UNIMOD:35;MT=variable;TA=M;PP=Anywhere	NT=Acetyl;AC=UNIMOD:1;MT=variable;PP=Protein N-term	not available	v3.0.0	ms-proteomics v1.1.0	human v1.1.0	cell-lines v1.1.0	nocodazole-arrested mitosis	total proteome
pY_E5_1	Homo sapiens	uterine cervix	uterine cervix	endocervical adenocarcinoma	not available	cell line	study sample	HeLa S3	CVCL_0058	HeLa S3	30Y6M	female	adult	not available	African American	1	EGF 5 min	20120302_EXQ5_KiSh_SA_LabelFree_HeLa_Proteome_EGF5_rep1_pH11	proteomic profiling by mass spectrometry	20120302_EXQ5_KiSh_SA_LabelFree_HeLa_Proteome_EGF5_rep1_pH11.raw	ftp://ftp.pride.ebi.ac.uk/pride/data/archive/2014/08/PXD000612/20120302_EXQ5_KiSh_SA_LabelFree_HeLa_Proteome_EGF5_rep1_pH11.raw	NT=label free sample;AC=MS:1002038	1	17	NT=Q Exactive;AC=MS:1001911	NT=Data-dependent acquisition;AC=PRIDE:0000627	not available	NT=beam-type collision-induced dissociation;AC=MS:1000422	25 NCE	not available	20 ppm	NT=Strong anion-exchange chromatography (SAX);AC=PRIDE:0000558	total proteome	NT=Carbamidomethyl;AC=UNIMOD:4;MT=fixed;TA=C;PP=Anywhere	NT=Oxidation;AC=UNIMOD:35;MT=variable;TA=M;PP=Anywhere	NT=Acetyl;AC=UNIMOD:1;MT=variable;PP=Protein N-term	not available	v3.0.0	ms-proteomics v1.1.0	human v1.1.0	cell-lines v1.1.0	EGF 5 min	total proteome
pY_E5_1	Homo sapiens	uterine cervix	uterine cervix	endocervical adenocarcinoma	not available	cell line	study sample	HeLa S3	CVCL_0058	HeLa S3	30Y6M	female	adult	not available	African American	1	EGF 5 min	20120302_EXQ5_KiSh_SA_LabelFree_HeLa_Proteome_EGF5_rep1_pH3	proteomic profiling by mass spectrometry	20120302_EXQ5_KiSh_SA_LabelFree_HeLa_Proteome_EGF5_rep1_pH3.raw	ftp://ftp.pride.ebi.ac.uk/pride/data/archive/2014/08/PXD000612/20120302_EXQ5_KiSh_SA_LabelFree_HeLa_Proteome_EGF5_rep1_pH3.raw	NT=label free sample;AC=MS:1002038	1	12	NT=Q Exactive;AC=MS:1001911	NT=Data-dependent acquisition;AC=PRIDE:0000627	not available	NT=beam-type collision-induced dissociation;AC=MS:1000422	25 NCE	not available	20 ppm	NT=Strong anion-exchange chromatography (SAX);AC=PRIDE:0000558	total proteome	NT=Carbamidomethyl;AC=UNIMOD:4;MT=fixed;TA=C;PP=Anywhere	NT=Oxidation;AC=UNIMOD:35;MT=variable;TA=M;PP=Anywhere	NT=Acetyl;AC=UNIMOD:1;MT=variable;PP=Protein N-term	not available	v3.0.0	ms-proteomics v1.1.0	human v1.1.0	cell-lines v1.1.0	EGF 5 min	total proteome
pY_E5_1	Homo sapiens	uterine cervix	uterine cervix	endocervical adenocarcinoma	not available	cell line	study sample	HeLa S3	CVCL_0058	HeLa S3	30Y6M	female	adult	not available	African American	1	EGF 5 min	20120302_EXQ5_KiSh_SA_LabelFree_HeLa_Proteome_EGF5_rep1_pH4	proteomic profiling by mass spectrometry	20120302_EXQ5_KiSh_SA_LabelFree_HeLa_Proteome_EGF5_rep1_pH4.raw	ftp://ftp.pride.ebi.ac.uk/pride/data/archive/2014/08/PXD000612/20120302_EXQ5_KiSh_SA_LabelFree_HeLa_Proteome_EGF5_rep1_pH4.raw	NT=label free sample;AC=MS:1002038	1	13	NT=Q Exactive;AC=MS:1001911	NT=Data-dependent acquisition;AC=PRIDE:0000627	not available	NT=beam-type collision-induced dissociation;AC=MS:1000422	25 NCE	not available	20 ppm	NT=Strong anion-exchange chromatography (SAX);AC=PRIDE:0000558	total proteome	NT=Carbamidomethyl;AC=UNIMOD:4;MT=fixed;TA=C;PP=Anywhere	NT=Oxidation;AC=UNIMOD:35;MT=variable;TA=M;PP=Anywhere	NT=Acetyl;AC=UNIMOD:1;MT=variable;PP=Protein N-term	not available	v3.0.0	ms-proteomics v1.1.0	human v1.1.0	cell-lines v1.1.0	EGF 5 min	total proteome
pY_E5_1	Homo sapiens	uterine cervix	uterine cervix	endocervical adenocarcinoma	not available	cell line	study sample	HeLa S3	CVCL_0058	HeLa S3	30Y6M	female	adult	not available	African American	1	EGF 5 min	20120302_EXQ5_KiSh_SA_LabelFree_HeLa_Proteome_EGF5_rep1_pH5	proteomic profiling by mass spectrometry	20120302_EXQ5_KiSh_SA_LabelFree_HeLa_Proteome_EGF5_rep1_pH5.raw	ftp://ftp.pride.ebi.ac.uk/pride/data/archive/2014/08/PXD000612/20120302_EXQ5_KiSh_SA_LabelFree_HeLa_Proteome_EGF5_rep1_pH5.raw	NT=label free sample;AC=MS:1002038	1	14	NT=Q Exactive;AC=MS:1001911	NT=Data-dependent acquisition;AC=PRIDE:0000627	not available	NT=beam-type collision-induced dissociation;AC=MS:1000422	25 NCE	not available	20 ppm	NT=Strong anion-exchange chromatography (SAX);AC=PRIDE:0000558	total proteome	NT=Carbamidomethyl;AC=UNIMOD:4;MT=fixed;TA=C;PP=Anywhere	NT=Oxidation;AC=UNIMOD:35;MT=variable;TA=M;PP=Anywhere	NT=Acetyl;AC=UNIMOD:1;MT=variable;PP=Protein N-term	not available	v3.0.0	ms-proteomics v1.1.0	human v1.1.0	cell-lines v1.1.0	EGF 5 min	total proteome
pY_E5_1	Homo sapiens	uterine cervix	uterine cervix	endocervical adenocarcinoma	not available	cell line	study sample	HeLa S3	CVCL_0058	HeLa S3	30Y6M	female	adult	not available	African American	1	EGF 5 min	20120302_EXQ5_KiSh_SA_LabelFree_HeLa_Proteome_EGF5_rep1_pH6	proteomic profiling by mass spectrometry	20120302_EXQ5_KiSh_SA_LabelFree_HeLa_Proteome_EGF5_rep1_pH6.raw	ftp://ftp.pride.ebi.ac.uk/pride/data/archive/2014/08/PXD000612/20120302_EXQ5_KiSh_SA_LabelFree_HeLa_Proteome_EGF5_rep1_pH6.raw	NT=label free sample;AC=MS:1002038	1	15	NT=Q Exactive;AC=MS:1001911	NT=Data-dependent acquisition;AC=PRIDE:0000627	not available	NT=beam-type collision-induced dissociation;AC=MS:1000422	25 NCE	not available	20 ppm	NT=Strong anion-exchange chromatography (SAX);AC=PRIDE:0000558	total proteome	NT=Carbamidomethyl;AC=UNIMOD:4;MT=fixed;TA=C;PP=Anywhere	NT=Oxidation;AC=UNIMOD:35;MT=variable;TA=M;PP=Anywhere	NT=Acetyl;AC=UNIMOD:1;MT=variable;PP=Protein N-term	not available	v3.0.0	ms-proteomics v1.1.0	human v1.1.0	cell-lines v1.1.0	EGF 5 min	total proteome
pY_E5_1	Homo sapiens	uterine cervix	uterine cervix	endocervical adenocarcinoma	not available	cell line	study sample	HeLa S3	CVCL_0058	HeLa S3	30Y6M	female	adult	not available	African American	1	EGF 5 min	20120302_EXQ5_KiSh_SA_LabelFree_HeLa_Proteome_EGF5_rep1_pH8	proteomic profiling by mass spectrometry	20120302_EXQ5_KiSh_SA_LabelFree_HeLa_Proteome_EGF5_rep1_pH8.raw	ftp://ftp.pride.ebi.ac.uk/pride/data/archive/2014/08/PXD000612/20120302_EXQ5_KiSh_SA_LabelFree_HeLa_Proteome_EGF5_rep1_pH8.raw	NT=label free sample;AC=MS:1002038	1	16	NT=Q Exactive;AC=MS:1001911	NT=Data-dependent acquisition;AC=PRIDE:0000627	not available	NT=beam-type collision-induced dissociation;AC=MS:1000422	25 NCE	not available	20 ppm	NT=Strong anion-exchange chromatography (SAX);AC=PRIDE:0000558	total proteome	NT=Carbamidomethyl;AC=UNIMOD:4;MT=fixed;TA=C;PP=Anywhere	NT=Oxidation;AC=UNIMOD:35;MT=variable;TA=M;PP=Anywhere	NT=Acetyl;AC=UNIMOD:1;MT=variable;PP=Protein N-term	not available	v3.0.0	ms-proteomics v1.1.0	human v1.1.0	cell-lines v1.1.0	EGF 5 min	total proteome
pY_E5_2	Homo sapiens	uterine cervix	uterine cervix	endocervical adenocarcinoma	not available	cell line	study sample	HeLa S3	CVCL_0058	HeLa S3	30Y6M	female	adult	not available	African American	2	EGF 5 min	20120303_EXQ5_KiSh_SA_LabelFree_HeLa_Proteome_EGF5_rep2_pH11	proteomic profiling by mass spectrometry	20120303_EXQ5_KiSh_SA_LabelFree_HeLa_Proteome_EGF5_rep2_pH11.raw	ftp://ftp.pride.ebi.ac.uk/pride/data/archive/2014/08/PXD000612/20120303_EXQ5_KiSh_SA_LabelFree_HeLa_Proteome_EGF5_rep2_pH11.raw	NT=label free sample;AC=MS:1002038	1	17	NT=Q Exactive;AC=MS:1001911	NT=Data-dependent acquisition;AC=PRIDE:0000627	not available	NT=beam-type collision-induced dissociation;AC=MS:1000422	25 NCE	not available	20 ppm	NT=Strong anion-exchange chromatography (SAX);AC=PRIDE:0000558	total proteome	NT=Carbamidomethyl;AC=UNIMOD:4;MT=fixed;TA=C;PP=Anywhere	NT=Oxidation;AC=UNIMOD:35;MT=variable;TA=M;PP=Anywhere	NT=Acetyl;AC=UNIMOD:1;MT=variable;PP=Protein N-term	not available	v3.0.0	ms-proteomics v1.1.0	human v1.1.0	cell-lines v1.1.0	EGF 5 min	total proteome
pY_E5_2	Homo sapiens	uterine cervix	uterine cervix	endocervical adenocarcinoma	not available	cell line	study sample	HeLa S3	CVCL_0058	HeLa S3	30Y6M	female	adult	not available	African American	2	EGF 5 min	20120303_EXQ5_KiSh_SA_LabelFree_HeLa_Proteome_EGF5_rep2_pH3	proteomic profiling by mass spectrometry	20120303_EXQ5_KiSh_SA_LabelFree_HeLa_Proteome_EGF5_rep2_pH3.raw	ftp://ftp.pride.ebi.ac.uk/pride/data/archive/2014/08/PXD000612/20120303_EXQ5_KiSh_SA_LabelFree_HeLa_Proteome_EGF5_rep2_pH3.raw	NT=label free sample;AC=MS:1002038	1	12	NT=Q Exactive;AC=MS:1001911	NT=Data-dependent acquisition;AC=PRIDE:0000627	not available	NT=beam-type collision-induced dissociation;AC=MS:1000422	25 NCE	not available	20 ppm	NT=Strong anion-exchange chromatography (SAX);AC=PRIDE:0000558	total proteome	NT=Carbamidomethyl;AC=UNIMOD:4;MT=fixed;TA=C;PP=Anywhere	NT=Oxidation;AC=UNIMOD:35;MT=variable;TA=M;PP=Anywhere	NT=Acetyl;AC=UNIMOD:1;MT=variable;PP=Protein N-term	not available	v3.0.0	ms-proteomics v1.1.0	human v1.1.0	cell-lines v1.1.0	EGF 5 min	total proteome
pY_E5_2	Homo sapiens	uterine cervix	uterine cervix	endocervical adenocarcinoma	not available	cell line	study sample	HeLa S3	CVCL_0058	HeLa S3	30Y6M	female	adult	not available	African American	2	EGF 5 min	20120303_EXQ5_KiSh_SA_LabelFree_HeLa_Proteome_EGF5_rep2_pH4	proteomic profiling by mass spectrometry	20120303_EXQ5_KiSh_SA_LabelFree_HeLa_Proteome_EGF5_rep2_pH4.raw	ftp://ftp.pride.ebi.ac.uk/pride/data/archive/2014/08/PXD000612/20120303_EXQ5_KiSh_SA_LabelFree_HeLa_Proteome_EGF5_rep2_pH4.raw	NT=label free sample;AC=MS:1002038	1	13	NT=Q Exactive;AC=MS:1001911	NT=Data-dependent acquisition;AC=PRIDE:0000627	not available	NT=beam-type collision-induced dissociation;AC=MS:1000422	25 NCE	not available	20 ppm	NT=Strong anion-exchange chromatography (SAX);AC=PRIDE:0000558	total proteome	NT=Carbamidomethyl;AC=UNIMOD:4;MT=fixed;TA=C;PP=Anywhere	NT=Oxidation;AC=UNIMOD:35;MT=variable;TA=M;PP=Anywhere	NT=Acetyl;AC=UNIMOD:1;MT=variable;PP=Protein N-term	not available	v3.0.0	ms-proteomics v1.1.0	human v1.1.0	cell-lines v1.1.0	EGF 5 min	total proteome
pY_E5_2	Homo sapiens	uterine cervix	uterine cervix	endocervical adenocarcinoma	not available	cell line	study sample	HeLa S3	CVCL_0058	HeLa S3	30Y6M	female	adult	not available	African American	2	EGF 5 min	20120303_EXQ5_KiSh_SA_LabelFree_HeLa_Proteome_EGF5_rep2_pH5	proteomic profiling by mass spectrometry	20120303_EXQ5_KiSh_SA_LabelFree_HeLa_Proteome_EGF5_rep2_pH5.raw	ftp://ftp.pride.ebi.ac.uk/pride/data/archive/2014/08/PXD000612/20120303_EXQ5_KiSh_SA_LabelFree_HeLa_Proteome_EGF5_rep2_pH5.raw	NT=label free sample;AC=MS:1002038	1	14	NT=Q Exactive;AC=MS:1001911	NT=Data-dependent acquisition;AC=PRIDE:0000627	not available	NT=beam-type collision-induced dissociation;AC=MS:1000422	25 NCE	not available	20 ppm	NT=Strong anion-exchange chromatography (SAX);AC=PRIDE:0000558	total proteome	NT=Carbamidomethyl;AC=UNIMOD:4;MT=fixed;TA=C;PP=Anywhere	NT=Oxidation;AC=UNIMOD:35;MT=variable;TA=M;PP=Anywhere	NT=Acetyl;AC=UNIMOD:1;MT=variable;PP=Protein N-term	not available	v3.0.0	ms-proteomics v1.1.0	human v1.1.0	cell-lines v1.1.0	EGF 5 min	total proteome
pY_E5_2	Homo sapiens	uterine cervix	uterine cervix	endocervical adenocarcinoma	not available	cell line	study sample	HeLa S3	CVCL_0058	HeLa S3	30Y6M	female	adult	not available	African American	2	EGF 5 min	20120303_EXQ5_KiSh_SA_LabelFree_HeLa_Proteome_EGF5_rep2_pH6	proteomic profiling by mass spectrometry	20120303_EXQ5_KiSh_SA_LabelFree_HeLa_Proteome_EGF5_rep2_pH6.raw	ftp://ftp.pride.ebi.ac.uk/pride/data/archive/2014/08/PXD000612/20120303_EXQ5_KiSh_SA_LabelFree_HeLa_Proteome_EGF5_rep2_pH6.raw	NT=label free sample;AC=MS:1002038	1	15	NT=Q Exactive;AC=MS:1001911	NT=Data-dependent acquisition;AC=PRIDE:0000627	not available	NT=beam-type collision-induced dissociation;AC=MS:1000422	25 NCE	not available	20 ppm	NT=Strong anion-exchange chromatography (SAX);AC=PRIDE:0000558	total proteome	NT=Carbamidomethyl;AC=UNIMOD:4;MT=fixed;TA=C;PP=Anywhere	NT=Oxidation;AC=UNIMOD:35;MT=variable;TA=M;PP=Anywhere	NT=Acetyl;AC=UNIMOD:1;MT=variable;PP=Protein N-term	not available	v3.0.0	ms-proteomics v1.1.0	human v1.1.0	cell-lines v1.1.0	EGF 5 min	total proteome
pY_E5_2	Homo sapiens	uterine cervix	uterine cervix	endocervical adenocarcinoma	not available	cell line	study sample	HeLa S3	CVCL_0058	HeLa S3	30Y6M	female	adult	not available	African American	2	EGF 5 min	20120303_EXQ5_KiSh_SA_LabelFree_HeLa_Proteome_EGF5_rep2_pH8	proteomic profiling by mass spectrometry	20120303_EXQ5_KiSh_SA_LabelFree_HeLa_Proteome_EGF5_rep2_pH8.raw	ftp://ftp.pride.ebi.ac.uk/pride/data/archive/2014/08/PXD000612/20120303_EXQ5_KiSh_SA_LabelFree_HeLa_Proteome_EGF5_rep2_pH8.raw	NT=label free sample;AC=MS:1002038	1	16	NT=Q Exactive;AC=MS:1001911	NT=Data-dependent acquisition;AC=PRIDE:0000627	not available	NT=beam-type collision-induced dissociation;AC=MS:1000422	25 NCE	not available	20 ppm	NT=Strong anion-exchange chromatography (SAX);AC=PRIDE:0000558	total proteome	NT=Carbamidomethyl;AC=UNIMOD:4;MT=fixed;TA=C;PP=Anywhere	NT=Oxidation;AC=UNIMOD:35;MT=variable;TA=M;PP=Anywhere	NT=Acetyl;AC=UNIMOD:1;MT=variable;PP=Protein N-term	not available	v3.0.0	ms-proteomics v1.1.0	human v1.1.0	cell-lines v1.1.0	EGF 5 min	total proteome
pY_E5_3	Homo sapiens	uterine cervix	uterine cervix	endocervical adenocarcinoma	not available	cell line	study sample	HeLa S3	CVCL_0058	HeLa S3	30Y6M	female	adult	not available	African American	3	EGF 5 min	20120304_EXQ5_KiSh_SA_LabelFree_HeLa_Proteome_EGF5_rep3_pH11	proteomic profiling by mass spectrometry	20120304_EXQ5_KiSh_SA_LabelFree_HeLa_Proteome_EGF5_rep3_pH11.raw	ftp://ftp.pride.ebi.ac.uk/pride/data/archive/2014/08/PXD000612/20120304_EXQ5_KiSh_SA_LabelFree_HeLa_Proteome_EGF5_rep3_pH11.raw	NT=label free sample;AC=MS:1002038	1	17	NT=Q Exactive;AC=MS:1001911	NT=Data-dependent acquisition;AC=PRIDE:0000627	not available	NT=beam-type collision-induced dissociation;AC=MS:1000422	25 NCE	not available	20 ppm	NT=Strong anion-exchange chromatography (SAX);AC=PRIDE:0000558	total proteome	NT=Carbamidomethyl;AC=UNIMOD:4;MT=fixed;TA=C;PP=Anywhere	NT=Oxidation;AC=UNIMOD:35;MT=variable;TA=M;PP=Anywhere	NT=Acetyl;AC=UNIMOD:1;MT=variable;PP=Protein N-term	not available	v3.0.0	ms-proteomics v1.1.0	human v1.1.0	cell-lines v1.1.0	EGF 5 min	total proteome
pY_E5_3	Homo sapiens	uterine cervix	uterine cervix	endocervical adenocarcinoma	not available	cell line	study sample	HeLa S3	CVCL_0058	HeLa S3	30Y6M	female	adult	not available	African American	3	EGF 5 min	20120304_EXQ5_KiSh_SA_LabelFree_HeLa_Proteome_EGF5_rep3_pH3	proteomic profiling by mass spectrometry	20120304_EXQ5_KiSh_SA_LabelFree_HeLa_Proteome_EGF5_rep3_pH3.raw	ftp://ftp.pride.ebi.ac.uk/pride/data/archive/2014/08/PXD000612/20120304_EXQ5_KiSh_SA_LabelFree_HeLa_Proteome_EGF5_rep3_pH3.raw	NT=label free sample;AC=MS:1002038	1	12	NT=Q Exactive;AC=MS:1001911	NT=Data-dependent acquisition;AC=PRIDE:0000627	not available	NT=beam-type collision-induced dissociation;AC=MS:1000422	25 NCE	not available	20 ppm	NT=Strong anion-exchange chromatography (SAX);AC=PRIDE:0000558	total proteome	NT=Carbamidomethyl;AC=UNIMOD:4;MT=fixed;TA=C;PP=Anywhere	NT=Oxidation;AC=UNIMOD:35;MT=variable;TA=M;PP=Anywhere	NT=Acetyl;AC=UNIMOD:1;MT=variable;PP=Protein N-term	not available	v3.0.0	ms-proteomics v1.1.0	human v1.1.0	cell-lines v1.1.0	EGF 5 min	total proteome
pY_E5_3	Homo sapiens	uterine cervix	uterine cervix	endocervical adenocarcinoma	not available	cell line	study sample	HeLa S3	CVCL_0058	HeLa S3	30Y6M	female	adult	not available	African American	3	EGF 5 min	20120304_EXQ5_KiSh_SA_LabelFree_HeLa_Proteome_EGF5_rep3_pH4	proteomic profiling by mass spectrometry	20120304_EXQ5_KiSh_SA_LabelFree_HeLa_Proteome_EGF5_rep3_pH4.raw	ftp://ftp.pride.ebi.ac.uk/pride/data/archive/2014/08/PXD000612/20120304_EXQ5_KiSh_SA_LabelFree_HeLa_Proteome_EGF5_rep3_pH4.raw	NT=label free sample;AC=MS:1002038	1	13	NT=Q Exactive;AC=MS:1001911	NT=Data-dependent acquisition;AC=PRIDE:0000627	not available	NT=beam-type collision-induced dissociation;AC=MS:1000422	25 NCE	not available	20 ppm	NT=Strong anion-exchange chromatography (SAX);AC=PRIDE:0000558	total proteome	NT=Carbamidomethyl;AC=UNIMOD:4;MT=fixed;TA=C;PP=Anywhere	NT=Oxidation;AC=UNIMOD:35;MT=variable;TA=M;PP=Anywhere	NT=Acetyl;AC=UNIMOD:1;MT=variable;PP=Protein N-term	not available	v3.0.0	ms-proteomics v1.1.0	human v1.1.0	cell-lines v1.1.0	EGF 5 min	total proteome
pY_E5_3	Homo sapiens	uterine cervix	uterine cervix	endocervical adenocarcinoma	not available	cell line	study sample	HeLa S3	CVCL_0058	HeLa S3	30Y6M	female	adult	not available	African American	3	EGF 5 min	20120304_EXQ5_KiSh_SA_LabelFree_HeLa_Proteome_EGF5_rep3_pH5	proteomic profiling by mass spectrometry	20120304_EXQ5_KiSh_SA_LabelFree_HeLa_Proteome_EGF5_rep3_pH5.raw	ftp://ftp.pride.ebi.ac.uk/pride/data/archive/2014/08/PXD000612/20120304_EXQ5_KiSh_SA_LabelFree_HeLa_Proteome_EGF5_rep3_pH5.raw	NT=label free sample;AC=MS:1002038	1	14	NT=Q Exactive;AC=MS:1001911	NT=Data-dependent acquisition;AC=PRIDE:0000627	not available	NT=beam-type collision-induced dissociation;AC=MS:1000422	25 NCE	not available	20 ppm	NT=Strong anion-exchange chromatography (SAX);AC=PRIDE:0000558	total proteome	NT=Carbamidomethyl;AC=UNIMOD:4;MT=fixed;TA=C;PP=Anywhere	NT=Oxidation;AC=UNIMOD:35;MT=variable;TA=M;PP=Anywhere	NT=Acetyl;AC=UNIMOD:1;MT=variable;PP=Protein N-term	not available	v3.0.0	ms-proteomics v1.1.0	human v1.1.0	cell-lines v1.1.0	EGF 5 min	total proteome
pY_E5_3	Homo sapiens	uterine cervix	uterine cervix	endocervical adenocarcinoma	not available	cell line	study sample	HeLa S3	CVCL_0058	HeLa S3	30Y6M	female	adult	not available	African American	3	EGF 5 min	20120304_EXQ5_KiSh_SA_LabelFree_HeLa_Proteome_EGF5_rep3_pH6	proteomic profiling by mass spectrometry	20120304_EXQ5_KiSh_SA_LabelFree_HeLa_Proteome_EGF5_rep3_pH6.raw	ftp://ftp.pride.ebi.ac.uk/pride/data/archive/2014/08/PXD000612/20120304_EXQ5_KiSh_SA_LabelFree_HeLa_Proteome_EGF5_rep3_pH6.raw	NT=label free sample;AC=MS:1002038	1	15	NT=Q Exactive;AC=MS:1001911	NT=Data-dependent acquisition;AC=PRIDE:0000627	not available	NT=beam-type collision-induced dissociation;AC=MS:1000422	25 NCE	not available	20 ppm	NT=Strong anion-exchange chromatography (SAX);AC=PRIDE:0000558	total proteome	NT=Carbamidomethyl;AC=UNIMOD:4;MT=fixed;TA=C;PP=Anywhere	NT=Oxidation;AC=UNIMOD:35;MT=variable;TA=M;PP=Anywhere	NT=Acetyl;AC=UNIMOD:1;MT=variable;PP=Protein N-term	not available	v3.0.0	ms-proteomics v1.1.0	human v1.1.0	cell-lines v1.1.0	EGF 5 min	total proteome
pY_E5_3	Homo sapiens	uterine cervix	uterine cervix	endocervical adenocarcinoma	not available	cell line	study sample	HeLa S3	CVCL_0058	HeLa S3	30Y6M	female	adult	not available	African American	3	EGF 5 min	20120304_EXQ5_KiSh_SA_LabelFree_HeLa_Proteome_EGF5_rep3_pH8	proteomic profiling by mass spectrometry	20120304_EXQ5_KiSh_SA_LabelFree_HeLa_Proteome_EGF5_rep3_pH8.raw	ftp://ftp.pride.ebi.ac.uk/pride/data/archive/2014/08/PXD000612/20120304_EXQ5_KiSh_SA_LabelFree_HeLa_Proteome_EGF5_rep3_pH8.raw	NT=label free sample;AC=MS:1002038	1	16	NT=Q Exactive;AC=MS:1001911	NT=Data-dependent acquisition;AC=PRIDE:0000627	not available	NT=beam-type collision-induced dissociation;AC=MS:1000422	25 NCE	not available	20 ppm	NT=Strong anion-exchange chromatography (SAX);AC=PRIDE:0000558	total proteome	NT=Carbamidomethyl;AC=UNIMOD:4;MT=fixed;TA=C;PP=Anywhere	NT=Oxidation;AC=UNIMOD:35;MT=variable;TA=M;PP=Anywhere	NT=Acetyl;AC=UNIMOD:1;MT=variable;PP=Protein N-term	not available	v3.0.0	ms-proteomics v1.1.0	human v1.1.0	cell-lines v1.1.0	EGF 5 min	total proteome
pY_E5_4	Homo sapiens	uterine cervix	uterine cervix	endocervical adenocarcinoma	not available	cell line	study sample	HeLa S3	CVCL_0058	HeLa S3	30Y6M	female	adult	not available	African American	4	EGF 5 min	20120308_EXQ5_KiSh_SA_LabelFree_HeLa_Proteome_EGF5_rep4_pH11	proteomic profiling by mass spectrometry	20120308_EXQ5_KiSh_SA_LabelFree_HeLa_Proteome_EGF5_rep4_pH11.raw	ftp://ftp.pride.ebi.ac.uk/pride/data/archive/2014/08/PXD000612/20120308_EXQ5_KiSh_SA_LabelFree_HeLa_Proteome_EGF5_rep4_pH11.raw	NT=label free sample;AC=MS:1002038	1	17	NT=Q Exactive;AC=MS:1001911	NT=Data-dependent acquisition;AC=PRIDE:0000627	not available	NT=beam-type collision-induced dissociation;AC=MS:1000422	25 NCE	not available	20 ppm	NT=Strong anion-exchange chromatography (SAX);AC=PRIDE:0000558	total proteome	NT=Carbamidomethyl;AC=UNIMOD:4;MT=fixed;TA=C;PP=Anywhere	NT=Oxidation;AC=UNIMOD:35;MT=variable;TA=M;PP=Anywhere	NT=Acetyl;AC=UNIMOD:1;MT=variable;PP=Protein N-term	not available	v3.0.0	ms-proteomics v1.1.0	human v1.1.0	cell-lines v1.1.0	EGF 5 min	total proteome
pY_E5_4	Homo sapiens	uterine cervix	uterine cervix	endocervical adenocarcinoma	not available	cell line	study sample	HeLa S3	CVCL_0058	HeLa S3	30Y6M	female	adult	not available	African American	4	EGF 5 min	20120308_EXQ5_KiSh_SA_LabelFree_HeLa_Proteome_EGF5_rep4_pH3	proteomic profiling by mass spectrometry	20120308_EXQ5_KiSh_SA_LabelFree_HeLa_Proteome_EGF5_rep4_pH3.raw	ftp://ftp.pride.ebi.ac.uk/pride/data/archive/2014/08/PXD000612/20120308_EXQ5_KiSh_SA_LabelFree_HeLa_Proteome_EGF5_rep4_pH3.raw	NT=label free sample;AC=MS:1002038	1	12	NT=Q Exactive;AC=MS:1001911	NT=Data-dependent acquisition;AC=PRIDE:0000627	not available	NT=beam-type collision-induced dissociation;AC=MS:1000422	25 NCE	not available	20 ppm	NT=Strong anion-exchange chromatography (SAX);AC=PRIDE:0000558	total proteome	NT=Carbamidomethyl;AC=UNIMOD:4;MT=fixed;TA=C;PP=Anywhere	NT=Oxidation;AC=UNIMOD:35;MT=variable;TA=M;PP=Anywhere	NT=Acetyl;AC=UNIMOD:1;MT=variable;PP=Protein N-term	not available	v3.0.0	ms-proteomics v1.1.0	human v1.1.0	cell-lines v1.1.0	EGF 5 min	total proteome
pY_E5_4	Homo sapiens	uterine cervix	uterine cervix	endocervical adenocarcinoma	not available	cell line	study sample	HeLa S3	CVCL_0058	HeLa S3	30Y6M	female	adult	not available	African American	4	EGF 5 min	20120308_EXQ5_KiSh_SA_LabelFree_HeLa_Proteome_EGF5_rep4_pH4	proteomic profiling by mass spectrometry	20120308_EXQ5_KiSh_SA_LabelFree_HeLa_Proteome_EGF5_rep4_pH4.raw	ftp://ftp.pride.ebi.ac.uk/pride/data/archive/2014/08/PXD000612/20120308_EXQ5_KiSh_SA_LabelFree_HeLa_Proteome_EGF5_rep4_pH4.raw	NT=label free sample;AC=MS:1002038	1	13	NT=Q Exactive;AC=MS:1001911	NT=Data-dependent acquisition;AC=PRIDE:0000627	not available	NT=beam-type collision-induced dissociation;AC=MS:1000422	25 NCE	not available	20 ppm	NT=Strong anion-exchange chromatography (SAX);AC=PRIDE:0000558	total proteome	NT=Carbamidomethyl;AC=UNIMOD:4;MT=fixed;TA=C;PP=Anywhere	NT=Oxidation;AC=UNIMOD:35;MT=variable;TA=M;PP=Anywhere	NT=Acetyl;AC=UNIMOD:1;MT=variable;PP=Protein N-term	not available	v3.0.0	ms-proteomics v1.1.0	human v1.1.0	cell-lines v1.1.0	EGF 5 min	total proteome
pY_E5_4	Homo sapiens	uterine cervix	uterine cervix	endocervical adenocarcinoma	not available	cell line	study sample	HeLa S3	CVCL_0058	HeLa S3	30Y6M	female	adult	not available	African American	4	EGF 5 min	20120308_EXQ5_KiSh_SA_LabelFree_HeLa_Proteome_EGF5_rep4_pH5	proteomic profiling by mass spectrometry	20120308_EXQ5_KiSh_SA_LabelFree_HeLa_Proteome_EGF5_rep4_pH5.raw	ftp://ftp.pride.ebi.ac.uk/pride/data/archive/2014/08/PXD000612/20120308_EXQ5_KiSh_SA_LabelFree_HeLa_Proteome_EGF5_rep4_pH5.raw	NT=label free sample;AC=MS:1002038	1	14	NT=Q Exactive;AC=MS:1001911	NT=Data-dependent acquisition;AC=PRIDE:0000627	not available	NT=beam-type collision-induced dissociation;AC=MS:1000422	25 NCE	not available	20 ppm	NT=Strong anion-exchange chromatography (SAX);AC=PRIDE:0000558	total proteome	NT=Carbamidomethyl;AC=UNIMOD:4;MT=fixed;TA=C;PP=Anywhere	NT=Oxidation;AC=UNIMOD:35;MT=variable;TA=M;PP=Anywhere	NT=Acetyl;AC=UNIMOD:1;MT=variable;PP=Protein N-term	not available	v3.0.0	ms-proteomics v1.1.0	human v1.1.0	cell-lines v1.1.0	EGF 5 min	total proteome
pY_E5_4	Homo sapiens	uterine cervix	uterine cervix	endocervical adenocarcinoma	not available	cell line	study sample	HeLa S3	CVCL_0058	HeLa S3	30Y6M	female	adult	not available	African American	4	EGF 5 min	20120308_EXQ5_KiSh_SA_LabelFree_HeLa_Proteome_EGF5_rep4_pH6	proteomic profiling by mass spectrometry	20120308_EXQ5_KiSh_SA_LabelFree_HeLa_Proteome_EGF5_rep4_pH6.raw	ftp://ftp.pride.ebi.ac.uk/pride/data/archive/2014/08/PXD000612/20120308_EXQ5_KiSh_SA_LabelFree_HeLa_Proteome_EGF5_rep4_pH6.raw	NT=label free sample;AC=MS:1002038	1	15	NT=Q Exactive;AC=MS:1001911	NT=Data-dependent acquisition;AC=PRIDE:0000627	not available	NT=beam-type collision-induced dissociation;AC=MS:1000422	25 NCE	not available	20 ppm	NT=Strong anion-exchange chromatography (SAX);AC=PRIDE:0000558	total proteome	NT=Carbamidomethyl;AC=UNIMOD:4;MT=fixed;TA=C;PP=Anywhere	NT=Oxidation;AC=UNIMOD:35;MT=variable;TA=M;PP=Anywhere	NT=Acetyl;AC=UNIMOD:1;MT=variable;PP=Protein N-term	not available	v3.0.0	ms-proteomics v1.1.0	human v1.1.0	cell-lines v1.1.0	EGF 5 min	total proteome
pY_E5_4	Homo sapiens	uterine cervix	uterine cervix	endocervical adenocarcinoma	not available	cell line	study sample	HeLa S3	CVCL_0058	HeLa S3	30Y6M	female	adult	not available	African American	4	EGF 5 min	20120308_EXQ5_KiSh_SA_LabelFree_HeLa_Proteome_EGF5_rep4_pH8	proteomic profiling by mass spectrometry	20120308_EXQ5_KiSh_SA_LabelFree_HeLa_Proteome_EGF5_rep4_pH8.raw	ftp://ftp.pride.ebi.ac.uk/pride/data/archive/2014/08/PXD000612/20120308_EXQ5_KiSh_SA_LabelFree_HeLa_Proteome_EGF5_rep4_pH8.raw	NT=label free sample;AC=MS:1002038	1	16	NT=Q Exactive;AC=MS:1001911	NT=Data-dependent acquisition;AC=PRIDE:0000627	not available	NT=beam-type collision-induced dissociation;AC=MS:1000422	25 NCE	not available	20 ppm	NT=Strong anion-exchange chromatography (SAX);AC=PRIDE:0000558	total proteome	NT=Carbamidomethyl;AC=UNIMOD:4;MT=fixed;TA=C;PP=Anywhere	NT=Oxidation;AC=UNIMOD:35;MT=variable;TA=M;PP=Anywhere	NT=Acetyl;AC=UNIMOD:1;MT=variable;PP=Protein N-term	not available	v3.0.0	ms-proteomics v1.1.0	human v1.1.0	cell-lines v1.1.0	EGF 5 min	total proteome
E15_1	Homo sapiens	uterine cervix	uterine cervix	endocervical adenocarcinoma	not available	cell line	study sample	HeLa S3	CVCL_0058	HeLa S3	30Y6M	female	adult	not available	African American	1	EGF 15 min	20120310_EXQ5_KiSh_SA_LabelFree_HeLa_Proteome_EGF15_rep1_pH11	proteomic profiling by mass spectrometry	20120310_EXQ5_KiSh_SA_LabelFree_HeLa_Proteome_EGF15_rep1_pH11.raw	ftp://ftp.pride.ebi.ac.uk/pride/data/archive/2014/08/PXD000612/20120310_EXQ5_KiSh_SA_LabelFree_HeLa_Proteome_EGF15_rep1_pH11.raw	NT=label free sample;AC=MS:1002038	1	17	NT=Q Exactive;AC=MS:1001911	NT=Data-dependent acquisition;AC=PRIDE:0000627	not available	NT=beam-type collision-induced dissociation;AC=MS:1000422	25 NCE	not available	20 ppm	NT=Strong anion-exchange chromatography (SAX);AC=PRIDE:0000558	total proteome	NT=Carbamidomethyl;AC=UNIMOD:4;MT=fixed;TA=C;PP=Anywhere	NT=Oxidation;AC=UNIMOD:35;MT=variable;TA=M;PP=Anywhere	NT=Acetyl;AC=UNIMOD:1;MT=variable;PP=Protein N-term	not available	v3.0.0	ms-proteomics v1.1.0	human v1.1.0	cell-lines v1.1.0	EGF 15 min	total proteome
E15_1	Homo sapiens	uterine cervix	uterine cervix	endocervical adenocarcinoma	not available	cell line	study sample	HeLa S3	CVCL_0058	HeLa S3	30Y6M	female	adult	not available	African American	1	EGF 15 min	20120310_EXQ5_KiSh_SA_LabelFree_HeLa_Proteome_EGF15_rep1_pH3	proteomic profiling by mass spectrometry	20120310_EXQ5_KiSh_SA_LabelFree_HeLa_Proteome_EGF15_rep1_pH3.raw	ftp://ftp.pride.ebi.ac.uk/pride/data/archive/2014/08/PXD000612/20120310_EXQ5_KiSh_SA_LabelFree_HeLa_Proteome_EGF15_rep1_pH3.raw	NT=label free sample;AC=MS:1002038	1	12	NT=Q Exactive;AC=MS:1001911	NT=Data-dependent acquisition;AC=PRIDE:0000627	not available	NT=beam-type collision-induced dissociation;AC=MS:1000422	25 NCE	not available	20 ppm	NT=Strong anion-exchange chromatography (SAX);AC=PRIDE:0000558	total proteome	NT=Carbamidomethyl;AC=UNIMOD:4;MT=fixed;TA=C;PP=Anywhere	NT=Oxidation;AC=UNIMOD:35;MT=variable;TA=M;PP=Anywhere	NT=Acetyl;AC=UNIMOD:1;MT=variable;PP=Protein N-term	not available	v3.0.0	ms-proteomics v1.1.0	human v1.1.0	cell-lines v1.1.0	EGF 15 min	total proteome
E15_1	Homo sapiens	uterine cervix	uterine cervix	endocervical adenocarcinoma	not available	cell line	study sample	HeLa S3	CVCL_0058	HeLa S3	30Y6M	female	adult	not available	African American	1	EGF 15 min	20120310_EXQ5_KiSh_SA_LabelFree_HeLa_Proteome_EGF15_rep1_pH4	proteomic profiling by mass spectrometry	20120310_EXQ5_KiSh_SA_LabelFree_HeLa_Proteome_EGF15_rep1_pH4.raw	ftp://ftp.pride.ebi.ac.uk/pride/data/archive/2014/08/PXD000612/20120310_EXQ5_KiSh_SA_LabelFree_HeLa_Proteome_EGF15_rep1_pH4.raw	NT=label free sample;AC=MS:1002038	1	13	NT=Q Exactive;AC=MS:1001911	NT=Data-dependent acquisition;AC=PRIDE:0000627	not available	NT=beam-type collision-induced dissociation;AC=MS:1000422	25 NCE	not available	20 ppm	NT=Strong anion-exchange chromatography (SAX);AC=PRIDE:0000558	total proteome	NT=Carbamidomethyl;AC=UNIMOD:4;MT=fixed;TA=C;PP=Anywhere	NT=Oxidation;AC=UNIMOD:35;MT=variable;TA=M;PP=Anywhere	NT=Acetyl;AC=UNIMOD:1;MT=variable;PP=Protein N-term	not available	v3.0.0	ms-proteomics v1.1.0	human v1.1.0	cell-lines v1.1.0	EGF 15 min	total proteome
E15_1	Homo sapiens	uterine cervix	uterine cervix	endocervical adenocarcinoma	not available	cell line	study sample	HeLa S3	CVCL_0058	HeLa S3	30Y6M	female	adult	not available	African American	1	EGF 15 min	20120310_EXQ5_KiSh_SA_LabelFree_HeLa_Proteome_EGF15_rep1_pH5	proteomic profiling by mass spectrometry	20120310_EXQ5_KiSh_SA_LabelFree_HeLa_Proteome_EGF15_rep1_pH5.raw	ftp://ftp.pride.ebi.ac.uk/pride/data/archive/2014/08/PXD000612/20120310_EXQ5_KiSh_SA_LabelFree_HeLa_Proteome_EGF15_rep1_pH5.raw	NT=label free sample;AC=MS:1002038	1	14	NT=Q Exactive;AC=MS:1001911	NT=Data-dependent acquisition;AC=PRIDE:0000627	not available	NT=beam-type collision-induced dissociation;AC=MS:1000422	25 NCE	not available	20 ppm	NT=Strong anion-exchange chromatography (SAX);AC=PRIDE:0000558	total proteome	NT=Carbamidomethyl;AC=UNIMOD:4;MT=fixed;TA=C;PP=Anywhere	NT=Oxidation;AC=UNIMOD:35;MT=variable;TA=M;PP=Anywhere	NT=Acetyl;AC=UNIMOD:1;MT=variable;PP=Protein N-term	not available	v3.0.0	ms-proteomics v1.1.0	human v1.1.0	cell-lines v1.1.0	EGF 15 min	total proteome
E15_1	Homo sapiens	uterine cervix	uterine cervix	endocervical adenocarcinoma	not available	cell line	study sample	HeLa S3	CVCL_0058	HeLa S3	30Y6M	female	adult	not available	African American	1	EGF 15 min	20120310_EXQ5_KiSh_SA_LabelFree_HeLa_Proteome_EGF15_rep1_pH6	proteomic profiling by mass spectrometry	20120310_EXQ5_KiSh_SA_LabelFree_HeLa_Proteome_EGF15_rep1_pH6.raw	ftp://ftp.pride.ebi.ac.uk/pride/data/archive/2014/08/PXD000612/20120310_EXQ5_KiSh_SA_LabelFree_HeLa_Proteome_EGF15_rep1_pH6.raw	NT=label free sample;AC=MS:1002038	1	15	NT=Q Exactive;AC=MS:1001911	NT=Data-dependent acquisition;AC=PRIDE:0000627	not available	NT=beam-type collision-induced dissociation;AC=MS:1000422	25 NCE	not available	20 ppm	NT=Strong anion-exchange chromatography (SAX);AC=PRIDE:0000558	total proteome	NT=Carbamidomethyl;AC=UNIMOD:4;MT=fixed;TA=C;PP=Anywhere	NT=Oxidation;AC=UNIMOD:35;MT=variable;TA=M;PP=Anywhere	NT=Acetyl;AC=UNIMOD:1;MT=variable;PP=Protein N-term	not available	v3.0.0	ms-proteomics v1.1.0	human v1.1.0	cell-lines v1.1.0	EGF 15 min	total proteome
E15_1	Homo sapiens	uterine cervix	uterine cervix	endocervical adenocarcinoma	not available	cell line	study sample	HeLa S3	CVCL_0058	HeLa S3	30Y6M	female	adult	not available	African American	1	EGF 15 min	20120310_EXQ5_KiSh_SA_LabelFree_HeLa_Proteome_EGF15_rep1_pH8	proteomic profiling by mass spectrometry	20120310_EXQ5_KiSh_SA_LabelFree_HeLa_Proteome_EGF15_rep1_pH8.raw	ftp://ftp.pride.ebi.ac.uk/pride/data/archive/2014/08/PXD000612/20120310_EXQ5_KiSh_SA_LabelFree_HeLa_Proteome_EGF15_rep1_pH8.raw	NT=label free sample;AC=MS:1002038	1	16	NT=Q Exactive;AC=MS:1001911	NT=Data-dependent acquisition;AC=PRIDE:0000627	not available	NT=beam-type collision-induced dissociation;AC=MS:1000422	25 NCE	not available	20 ppm	NT=Strong anion-exchange chromatography (SAX);AC=PRIDE:0000558	total proteome	NT=Carbamidomethyl;AC=UNIMOD:4;MT=fixed;TA=C;PP=Anywhere	NT=Oxidation;AC=UNIMOD:35;MT=variable;TA=M;PP=Anywhere	NT=Acetyl;AC=UNIMOD:1;MT=variable;PP=Protein N-term	not available	v3.0.0	ms-proteomics v1.1.0	human v1.1.0	cell-lines v1.1.0	EGF 15 min	total proteome
E15_2	Homo sapiens	uterine cervix	uterine cervix	endocervical adenocarcinoma	not available	cell line	study sample	HeLa S3	CVCL_0058	HeLa S3	30Y6M	female	adult	not available	African American	2	EGF 15 min	20120313_EXQ5_KiSh_SA_LabelFree_HeLa_Proteome_EGF15_rep2_pH11	proteomic profiling by mass spectrometry	20120313_EXQ5_KiSh_SA_LabelFree_HeLa_Proteome_EGF15_rep2_pH11.raw	ftp://ftp.pride.ebi.ac.uk/pride/data/archive/2014/08/PXD000612/20120313_EXQ5_KiSh_SA_LabelFree_HeLa_Proteome_EGF15_rep2_pH11.raw	NT=label free sample;AC=MS:1002038	1	17	NT=Q Exactive;AC=MS:1001911	NT=Data-dependent acquisition;AC=PRIDE:0000627	not available	NT=beam-type collision-induced dissociation;AC=MS:1000422	25 NCE	not available	20 ppm	NT=Strong anion-exchange chromatography (SAX);AC=PRIDE:0000558	total proteome	NT=Carbamidomethyl;AC=UNIMOD:4;MT=fixed;TA=C;PP=Anywhere	NT=Oxidation;AC=UNIMOD:35;MT=variable;TA=M;PP=Anywhere	NT=Acetyl;AC=UNIMOD:1;MT=variable;PP=Protein N-term	not available	v3.0.0	ms-proteomics v1.1.0	human v1.1.0	cell-lines v1.1.0	EGF 15 min	total proteome
E15_2	Homo sapiens	uterine cervix	uterine cervix	endocervical adenocarcinoma	not available	cell line	study sample	HeLa S3	CVCL_0058	HeLa S3	30Y6M	female	adult	not available	African American	2	EGF 15 min	20120313_EXQ5_KiSh_SA_LabelFree_HeLa_Proteome_EGF15_rep2_pH3	proteomic profiling by mass spectrometry	20120313_EXQ5_KiSh_SA_LabelFree_HeLa_Proteome_EGF15_rep2_pH3.raw	ftp://ftp.pride.ebi.ac.uk/pride/data/archive/2014/08/PXD000612/20120313_EXQ5_KiSh_SA_LabelFree_HeLa_Proteome_EGF15_rep2_pH3.raw	NT=label free sample;AC=MS:1002038	1	12	NT=Q Exactive;AC=MS:1001911	NT=Data-dependent acquisition;AC=PRIDE:0000627	not available	NT=beam-type collision-induced dissociation;AC=MS:1000422	25 NCE	not available	20 ppm	NT=Strong anion-exchange chromatography (SAX);AC=PRIDE:0000558	total proteome	NT=Carbamidomethyl;AC=UNIMOD:4;MT=fixed;TA=C;PP=Anywhere	NT=Oxidation;AC=UNIMOD:35;MT=variable;TA=M;PP=Anywhere	NT=Acetyl;AC=UNIMOD:1;MT=variable;PP=Protein N-term	not available	v3.0.0	ms-proteomics v1.1.0	human v1.1.0	cell-lines v1.1.0	EGF 15 min	total proteome
E15_2	Homo sapiens	uterine cervix	uterine cervix	endocervical adenocarcinoma	not available	cell line	study sample	HeLa S3	CVCL_0058	HeLa S3	30Y6M	female	adult	not available	African American	2	EGF 15 min	20120313_EXQ5_KiSh_SA_LabelFree_HeLa_Proteome_EGF15_rep2_pH4	proteomic profiling by mass spectrometry	20120313_EXQ5_KiSh_SA_LabelFree_HeLa_Proteome_EGF15_rep2_pH4.raw	ftp://ftp.pride.ebi.ac.uk/pride/data/archive/2014/08/PXD000612/20120313_EXQ5_KiSh_SA_LabelFree_HeLa_Proteome_EGF15_rep2_pH4.raw	NT=label free sample;AC=MS:1002038	1	13	NT=Q Exactive;AC=MS:1001911	NT=Data-dependent acquisition;AC=PRIDE:0000627	not available	NT=beam-type collision-induced dissociation;AC=MS:1000422	25 NCE	not available	20 ppm	NT=Strong anion-exchange chromatography (SAX);AC=PRIDE:0000558	total proteome	NT=Carbamidomethyl;AC=UNIMOD:4;MT=fixed;TA=C;PP=Anywhere	NT=Oxidation;AC=UNIMOD:35;MT=variable;TA=M;PP=Anywhere	NT=Acetyl;AC=UNIMOD:1;MT=variable;PP=Protein N-term	not available	v3.0.0	ms-proteomics v1.1.0	human v1.1.0	cell-lines v1.1.0	EGF 15 min	total proteome
E15_2	Homo sapiens	uterine cervix	uterine cervix	endocervical adenocarcinoma	not available	cell line	study sample	HeLa S3	CVCL_0058	HeLa S3	30Y6M	female	adult	not available	African American	2	EGF 15 min	20120313_EXQ5_KiSh_SA_LabelFree_HeLa_Proteome_EGF15_rep2_pH5	proteomic profiling by mass spectrometry	20120313_EXQ5_KiSh_SA_LabelFree_HeLa_Proteome_EGF15_rep2_pH5.raw	ftp://ftp.pride.ebi.ac.uk/pride/data/archive/2014/08/PXD000612/20120313_EXQ5_KiSh_SA_LabelFree_HeLa_Proteome_EGF15_rep2_pH5.raw	NT=label free sample;AC=MS:1002038	1	14	NT=Q Exactive;AC=MS:1001911	NT=Data-dependent acquisition;AC=PRIDE:0000627	not available	NT=beam-type collision-induced dissociation;AC=MS:1000422	25 NCE	not available	20 ppm	NT=Strong anion-exchange chromatography (SAX);AC=PRIDE:0000558	total proteome	NT=Carbamidomethyl;AC=UNIMOD:4;MT=fixed;TA=C;PP=Anywhere	NT=Oxidation;AC=UNIMOD:35;MT=variable;TA=M;PP=Anywhere	NT=Acetyl;AC=UNIMOD:1;MT=variable;PP=Protein N-term	not available	v3.0.0	ms-proteomics v1.1.0	human v1.1.0	cell-lines v1.1.0	EGF 15 min	total proteome
E15_2	Homo sapiens	uterine cervix	uterine cervix	endocervical adenocarcinoma	not available	cell line	study sample	HeLa S3	CVCL_0058	HeLa S3	30Y6M	female	adult	not available	African American	2	EGF 15 min	20120313_EXQ5_KiSh_SA_LabelFree_HeLa_Proteome_EGF15_rep2_pH6	proteomic profiling by mass spectrometry	20120313_EXQ5_KiSh_SA_LabelFree_HeLa_Proteome_EGF15_rep2_pH6.raw	ftp://ftp.pride.ebi.ac.uk/pride/data/archive/2014/08/PXD000612/20120313_EXQ5_KiSh_SA_LabelFree_HeLa_Proteome_EGF15_rep2_pH6.raw	NT=label free sample;AC=MS:1002038	1	15	NT=Q Exactive;AC=MS:1001911	NT=Data-dependent acquisition;AC=PRIDE:0000627	not available	NT=beam-type collision-induced dissociation;AC=MS:1000422	25 NCE	not available	20 ppm	NT=Strong anion-exchange chromatography (SAX);AC=PRIDE:0000558	total proteome	NT=Carbamidomethyl;AC=UNIMOD:4;MT=fixed;TA=C;PP=Anywhere	NT=Oxidation;AC=UNIMOD:35;MT=variable;TA=M;PP=Anywhere	NT=Acetyl;AC=UNIMOD:1;MT=variable;PP=Protein N-term	not available	v3.0.0	ms-proteomics v1.1.0	human v1.1.0	cell-lines v1.1.0	EGF 15 min	total proteome
E15_2	Homo sapiens	uterine cervix	uterine cervix	endocervical adenocarcinoma	not available	cell line	study sample	HeLa S3	CVCL_0058	HeLa S3	30Y6M	female	adult	not available	African American	2	EGF 15 min	20120313_EXQ5_KiSh_SA_LabelFree_HeLa_Proteome_EGF15_rep2_pH8	proteomic profiling by mass spectrometry	20120313_EXQ5_KiSh_SA_LabelFree_HeLa_Proteome_EGF15_rep2_pH8.raw	ftp://ftp.pride.ebi.ac.uk/pride/data/archive/2014/08/PXD000612/20120313_EXQ5_KiSh_SA_LabelFree_HeLa_Proteome_EGF15_rep2_pH8.raw	NT=label free sample;AC=MS:1002038	1	16	NT=Q Exactive;AC=MS:1001911	NT=Data-dependent acquisition;AC=PRIDE:0000627	not available	NT=beam-type collision-induced dissociation;AC=MS:1000422	25 NCE	not available	20 ppm	NT=Strong anion-exchange chromatography (SAX);AC=PRIDE:0000558	total proteome	NT=Carbamidomethyl;AC=UNIMOD:4;MT=fixed;TA=C;PP=Anywhere	NT=Oxidation;AC=UNIMOD:35;MT=variable;TA=M;PP=Anywhere	NT=Acetyl;AC=UNIMOD:1;MT=variable;PP=Protein N-term	not available	v3.0.0	ms-proteomics v1.1.0	human v1.1.0	cell-lines v1.1.0	EGF 15 min	total proteome
E15_3	Homo sapiens	uterine cervix	uterine cervix	endocervical adenocarcinoma	not available	cell line	study sample	HeLa S3	CVCL_0058	HeLa S3	30Y6M	female	adult	not available	African American	3	EGF 15 min	20120314_EXQ5_KiSh_SA_LabelFree_HeLa_Proteome_EGF15_rep3_pH11	proteomic profiling by mass spectrometry	20120314_EXQ5_KiSh_SA_LabelFree_HeLa_Proteome_EGF15_rep3_pH11.raw	ftp://ftp.pride.ebi.ac.uk/pride/data/archive/2014/08/PXD000612/20120314_EXQ5_KiSh_SA_LabelFree_HeLa_Proteome_EGF15_rep3_pH11.raw	NT=label free sample;AC=MS:1002038	1	17	NT=Q Exactive;AC=MS:1001911	NT=Data-dependent acquisition;AC=PRIDE:0000627	not available	NT=beam-type collision-induced dissociation;AC=MS:1000422	25 NCE	not available	20 ppm	NT=Strong anion-exchange chromatography (SAX);AC=PRIDE:0000558	total proteome	NT=Carbamidomethyl;AC=UNIMOD:4;MT=fixed;TA=C;PP=Anywhere	NT=Oxidation;AC=UNIMOD:35;MT=variable;TA=M;PP=Anywhere	NT=Acetyl;AC=UNIMOD:1;MT=variable;PP=Protein N-term	not available	v3.0.0	ms-proteomics v1.1.0	human v1.1.0	cell-lines v1.1.0	EGF 15 min	total proteome
E15_3	Homo sapiens	uterine cervix	uterine cervix	endocervical adenocarcinoma	not available	cell line	study sample	HeLa S3	CVCL_0058	HeLa S3	30Y6M	female	adult	not available	African American	3	EGF 15 min	20120314_EXQ5_KiSh_SA_LabelFree_HeLa_Proteome_EGF15_rep3_pH3	proteomic profiling by mass spectrometry	20120314_EXQ5_KiSh_SA_LabelFree_HeLa_Proteome_EGF15_rep3_pH3.raw	ftp://ftp.pride.ebi.ac.uk/pride/data/archive/2014/08/PXD000612/20120314_EXQ5_KiSh_SA_LabelFree_HeLa_Proteome_EGF15_rep3_pH3.raw	NT=label free sample;AC=MS:1002038	1	12	NT=Q Exactive;AC=MS:1001911	NT=Data-dependent acquisition;AC=PRIDE:0000627	not available	NT=beam-type collision-induced dissociation;AC=MS:1000422	25 NCE	not available	20 ppm	NT=Strong anion-exchange chromatography (SAX);AC=PRIDE:0000558	total proteome	NT=Carbamidomethyl;AC=UNIMOD:4;MT=fixed;TA=C;PP=Anywhere	NT=Oxidation;AC=UNIMOD:35;MT=variable;TA=M;PP=Anywhere	NT=Acetyl;AC=UNIMOD:1;MT=variable;PP=Protein N-term	not available	v3.0.0	ms-proteomics v1.1.0	human v1.1.0	cell-lines v1.1.0	EGF 15 min	total proteome
E15_3	Homo sapiens	uterine cervix	uterine cervix	endocervical adenocarcinoma	not available	cell line	study sample	HeLa S3	CVCL_0058	HeLa S3	30Y6M	female	adult	not available	African American	3	EGF 15 min	20120314_EXQ5_KiSh_SA_LabelFree_HeLa_Proteome_EGF15_rep3_pH4	proteomic profiling by mass spectrometry	20120314_EXQ5_KiSh_SA_LabelFree_HeLa_Proteome_EGF15_rep3_pH4.raw	ftp://ftp.pride.ebi.ac.uk/pride/data/archive/2014/08/PXD000612/20120314_EXQ5_KiSh_SA_LabelFree_HeLa_Proteome_EGF15_rep3_pH4.raw	NT=label free sample;AC=MS:1002038	1	13	NT=Q Exactive;AC=MS:1001911	NT=Data-dependent acquisition;AC=PRIDE:0000627	not available	NT=beam-type collision-induced dissociation;AC=MS:1000422	25 NCE	not available	20 ppm	NT=Strong anion-exchange chromatography (SAX);AC=PRIDE:0000558	total proteome	NT=Carbamidomethyl;AC=UNIMOD:4;MT=fixed;TA=C;PP=Anywhere	NT=Oxidation;AC=UNIMOD:35;MT=variable;TA=M;PP=Anywhere	NT=Acetyl;AC=UNIMOD:1;MT=variable;PP=Protein N-term	not available	v3.0.0	ms-proteomics v1.1.0	human v1.1.0	cell-lines v1.1.0	EGF 15 min	total proteome
E15_3	Homo sapiens	uterine cervix	uterine cervix	endocervical adenocarcinoma	not available	cell line	study sample	HeLa S3	CVCL_0058	HeLa S3	30Y6M	female	adult	not available	African American	3	EGF 15 min	20120314_EXQ5_KiSh_SA_LabelFree_HeLa_Proteome_EGF15_rep3_pH5	proteomic profiling by mass spectrometry	20120314_EXQ5_KiSh_SA_LabelFree_HeLa_Proteome_EGF15_rep3_pH5.raw	ftp://ftp.pride.ebi.ac.uk/pride/data/archive/2014/08/PXD000612/20120314_EXQ5_KiSh_SA_LabelFree_HeLa_Proteome_EGF15_rep3_pH5.raw	NT=label free sample;AC=MS:1002038	1	14	NT=Q Exactive;AC=MS:1001911	NT=Data-dependent acquisition;AC=PRIDE:0000627	not available	NT=beam-type collision-induced dissociation;AC=MS:1000422	25 NCE	not available	20 ppm	NT=Strong anion-exchange chromatography (SAX);AC=PRIDE:0000558	total proteome	NT=Carbamidomethyl;AC=UNIMOD:4;MT=fixed;TA=C;PP=Anywhere	NT=Oxidation;AC=UNIMOD:35;MT=variable;TA=M;PP=Anywhere	NT=Acetyl;AC=UNIMOD:1;MT=variable;PP=Protein N-term	not available	v3.0.0	ms-proteomics v1.1.0	human v1.1.0	cell-lines v1.1.0	EGF 15 min	total proteome
E15_3	Homo sapiens	uterine cervix	uterine cervix	endocervical adenocarcinoma	not available	cell line	study sample	HeLa S3	CVCL_0058	HeLa S3	30Y6M	female	adult	not available	African American	3	EGF 15 min	20120314_EXQ5_KiSh_SA_LabelFree_HeLa_Proteome_EGF15_rep3_pH6	proteomic profiling by mass spectrometry	20120314_EXQ5_KiSh_SA_LabelFree_HeLa_Proteome_EGF15_rep3_pH6.raw	ftp://ftp.pride.ebi.ac.uk/pride/data/archive/2014/08/PXD000612/20120314_EXQ5_KiSh_SA_LabelFree_HeLa_Proteome_EGF15_rep3_pH6.raw	NT=label free sample;AC=MS:1002038	1	15	NT=Q Exactive;AC=MS:1001911	NT=Data-dependent acquisition;AC=PRIDE:0000627	not available	NT=beam-type collision-induced dissociation;AC=MS:1000422	25 NCE	not available	20 ppm	NT=Strong anion-exchange chromatography (SAX);AC=PRIDE:0000558	total proteome	NT=Carbamidomethyl;AC=UNIMOD:4;MT=fixed;TA=C;PP=Anywhere	NT=Oxidation;AC=UNIMOD:35;MT=variable;TA=M;PP=Anywhere	NT=Acetyl;AC=UNIMOD:1;MT=variable;PP=Protein N-term	not available	v3.0.0	ms-proteomics v1.1.0	human v1.1.0	cell-lines v1.1.0	EGF 15 min	total proteome
E15_3	Homo sapiens	uterine cervix	uterine cervix	endocervical adenocarcinoma	not available	cell line	study sample	HeLa S3	CVCL_0058	HeLa S3	30Y6M	female	adult	not available	African American	3	EGF 15 min	20120314_EXQ5_KiSh_SA_LabelFree_HeLa_Proteome_EGF15_rep3_pH8	proteomic profiling by mass spectrometry	20120314_EXQ5_KiSh_SA_LabelFree_HeLa_Proteome_EGF15_rep3_pH8.raw	ftp://ftp.pride.ebi.ac.uk/pride/data/archive/2014/08/PXD000612/20120314_EXQ5_KiSh_SA_LabelFree_HeLa_Proteome_EGF15_rep3_pH8.raw	NT=label free sample;AC=MS:1002038	1	16	NT=Q Exactive;AC=MS:1001911	NT=Data-dependent acquisition;AC=PRIDE:0000627	not available	NT=beam-type collision-induced dissociation;AC=MS:1000422	25 NCE	not available	20 ppm	NT=Strong anion-exchange chromatography (SAX);AC=PRIDE:0000558	total proteome	NT=Carbamidomethyl;AC=UNIMOD:4;MT=fixed;TA=C;PP=Anywhere	NT=Oxidation;AC=UNIMOD:35;MT=variable;TA=M;PP=Anywhere	NT=Acetyl;AC=UNIMOD:1;MT=variable;PP=Protein N-term	not available	v3.0.0	ms-proteomics v1.1.0	human v1.1.0	cell-lines v1.1.0	EGF 15 min	total proteome
E15_4	Homo sapiens	uterine cervix	uterine cervix	endocervical adenocarcinoma	not available	cell line	study sample	HeLa S3	CVCL_0058	HeLa S3	30Y6M	female	adult	not available	African American	4	EGF 15 min	20120317_EXQ5_KiSh_SA_LabelFree_HeLa_Proteome_EGF15_rep4_pH11	proteomic profiling by mass spectrometry	20120317_EXQ5_KiSh_SA_LabelFree_HeLa_Proteome_EGF15_rep4_pH11.raw	ftp://ftp.pride.ebi.ac.uk/pride/data/archive/2014/08/PXD000612/20120317_EXQ5_KiSh_SA_LabelFree_HeLa_Proteome_EGF15_rep4_pH11.raw	NT=label free sample;AC=MS:1002038	1	17	NT=Q Exactive;AC=MS:1001911	NT=Data-dependent acquisition;AC=PRIDE:0000627	not available	NT=beam-type collision-induced dissociation;AC=MS:1000422	25 NCE	not available	20 ppm	NT=Strong anion-exchange chromatography (SAX);AC=PRIDE:0000558	total proteome	NT=Carbamidomethyl;AC=UNIMOD:4;MT=fixed;TA=C;PP=Anywhere	NT=Oxidation;AC=UNIMOD:35;MT=variable;TA=M;PP=Anywhere	NT=Acetyl;AC=UNIMOD:1;MT=variable;PP=Protein N-term	not available	v3.0.0	ms-proteomics v1.1.0	human v1.1.0	cell-lines v1.1.0	EGF 15 min	total proteome
E15_4	Homo sapiens	uterine cervix	uterine cervix	endocervical adenocarcinoma	not available	cell line	study sample	HeLa S3	CVCL_0058	HeLa S3	30Y6M	female	adult	not available	African American	4	EGF 15 min	20120317_EXQ5_KiSh_SA_LabelFree_HeLa_Proteome_EGF15_rep4_pH3	proteomic profiling by mass spectrometry	20120317_EXQ5_KiSh_SA_LabelFree_HeLa_Proteome_EGF15_rep4_pH3.raw	ftp://ftp.pride.ebi.ac.uk/pride/data/archive/2014/08/PXD000612/20120317_EXQ5_KiSh_SA_LabelFree_HeLa_Proteome_EGF15_rep4_pH3.raw	NT=label free sample;AC=MS:1002038	1	12	NT=Q Exactive;AC=MS:1001911	NT=Data-dependent acquisition;AC=PRIDE:0000627	not available	NT=beam-type collision-induced dissociation;AC=MS:1000422	25 NCE	not available	20 ppm	NT=Strong anion-exchange chromatography (SAX);AC=PRIDE:0000558	total proteome	NT=Carbamidomethyl;AC=UNIMOD:4;MT=fixed;TA=C;PP=Anywhere	NT=Oxidation;AC=UNIMOD:35;MT=variable;TA=M;PP=Anywhere	NT=Acetyl;AC=UNIMOD:1;MT=variable;PP=Protein N-term	not available	v3.0.0	ms-proteomics v1.1.0	human v1.1.0	cell-lines v1.1.0	EGF 15 min	total proteome
E15_4	Homo sapiens	uterine cervix	uterine cervix	endocervical adenocarcinoma	not available	cell line	study sample	HeLa S3	CVCL_0058	HeLa S3	30Y6M	female	adult	not available	African American	4	EGF 15 min	20120317_EXQ5_KiSh_SA_LabelFree_HeLa_Proteome_EGF15_rep4_pH4	proteomic profiling by mass spectrometry	20120317_EXQ5_KiSh_SA_LabelFree_HeLa_Proteome_EGF15_rep4_pH4.raw	ftp://ftp.pride.ebi.ac.uk/pride/data/archive/2014/08/PXD000612/20120317_EXQ5_KiSh_SA_LabelFree_HeLa_Proteome_EGF15_rep4_pH4.raw	NT=label free sample;AC=MS:1002038	1	13	NT=Q Exactive;AC=MS:1001911	NT=Data-dependent acquisition;AC=PRIDE:0000627	not available	NT=beam-type collision-induced dissociation;AC=MS:1000422	25 NCE	not available	20 ppm	NT=Strong anion-exchange chromatography (SAX);AC=PRIDE:0000558	total proteome	NT=Carbamidomethyl;AC=UNIMOD:4;MT=fixed;TA=C;PP=Anywhere	NT=Oxidation;AC=UNIMOD:35;MT=variable;TA=M;PP=Anywhere	NT=Acetyl;AC=UNIMOD:1;MT=variable;PP=Protein N-term	not available	v3.0.0	ms-proteomics v1.1.0	human v1.1.0	cell-lines v1.1.0	EGF 15 min	total proteome
E15_4	Homo sapiens	uterine cervix	uterine cervix	endocervical adenocarcinoma	not available	cell line	study sample	HeLa S3	CVCL_0058	HeLa S3	30Y6M	female	adult	not available	African American	4	EGF 15 min	20120317_EXQ5_KiSh_SA_LabelFree_HeLa_Proteome_EGF15_rep4_pH5	proteomic profiling by mass spectrometry	20120317_EXQ5_KiSh_SA_LabelFree_HeLa_Proteome_EGF15_rep4_pH5.raw	ftp://ftp.pride.ebi.ac.uk/pride/data/archive/2014/08/PXD000612/20120317_EXQ5_KiSh_SA_LabelFree_HeLa_Proteome_EGF15_rep4_pH5.raw	NT=label free sample;AC=MS:1002038	1	14	NT=Q Exactive;AC=MS:1001911	NT=Data-dependent acquisition;AC=PRIDE:0000627	not available	NT=beam-type collision-induced dissociation;AC=MS:1000422	25 NCE	not available	20 ppm	NT=Strong anion-exchange chromatography (SAX);AC=PRIDE:0000558	total proteome	NT=Carbamidomethyl;AC=UNIMOD:4;MT=fixed;TA=C;PP=Anywhere	NT=Oxidation;AC=UNIMOD:35;MT=variable;TA=M;PP=Anywhere	NT=Acetyl;AC=UNIMOD:1;MT=variable;PP=Protein N-term	not available	v3.0.0	ms-proteomics v1.1.0	human v1.1.0	cell-lines v1.1.0	EGF 15 min	total proteome
E15_4	Homo sapiens	uterine cervix	uterine cervix	endocervical adenocarcinoma	not available	cell line	study sample	HeLa S3	CVCL_0058	HeLa S3	30Y6M	female	adult	not available	African American	4	EGF 15 min	20120317_EXQ5_KiSh_SA_LabelFree_HeLa_Proteome_EGF15_rep4_pH6	proteomic profiling by mass spectrometry	20120317_EXQ5_KiSh_SA_LabelFree_HeLa_Proteome_EGF15_rep4_pH6.raw	ftp://ftp.pride.ebi.ac.uk/pride/data/archive/2014/08/PXD000612/20120317_EXQ5_KiSh_SA_LabelFree_HeLa_Proteome_EGF15_rep4_pH6.raw	NT=label free sample;AC=MS:1002038	1	15	NT=Q Exactive;AC=MS:1001911	NT=Data-dependent acquisition;AC=PRIDE:0000627	not available	NT=beam-type collision-induced dissociation;AC=MS:1000422	25 NCE	not available	20 ppm	NT=Strong anion-exchange chromatography (SAX);AC=PRIDE:0000558	total proteome	NT=Carbamidomethyl;AC=UNIMOD:4;MT=fixed;TA=C;PP=Anywhere	NT=Oxidation;AC=UNIMOD:35;MT=variable;TA=M;PP=Anywhere	NT=Acetyl;AC=UNIMOD:1;MT=variable;PP=Protein N-term	not available	v3.0.0	ms-proteomics v1.1.0	human v1.1.0	cell-lines v1.1.0	EGF 15 min	total proteome
E15_4	Homo sapiens	uterine cervix	uterine cervix	endocervical adenocarcinoma	not available	cell line	study sample	HeLa S3	CVCL_0058	HeLa S3	30Y6M	female	adult	not available	African American	4	EGF 15 min	20120317_EXQ5_KiSh_SA_LabelFree_HeLa_Proteome_EGF15_rep4_pH8	proteomic profiling by mass spectrometry	20120317_EXQ5_KiSh_SA_LabelFree_HeLa_Proteome_EGF15_rep4_pH8.raw	ftp://ftp.pride.ebi.ac.uk/pride/data/archive/2014/08/PXD000612/20120317_EXQ5_KiSh_SA_LabelFree_HeLa_Proteome_EGF15_rep4_pH8.raw	NT=label free sample;AC=MS:1002038	1	16	NT=Q Exactive;AC=MS:1001911	NT=Data-dependent acquisition;AC=PRIDE:0000627	not available	NT=beam-type collision-induced dissociation;AC=MS:1000422	25 NCE	not available	20 ppm	NT=Strong anion-exchange chromatography (SAX);AC=PRIDE:0000558	total proteome	NT=Carbamidomethyl;AC=UNIMOD:4;MT=fixed;TA=C;PP=Anywhere	NT=Oxidation;AC=UNIMOD:35;MT=variable;TA=M;PP=Anywhere	NT=Acetyl;AC=UNIMOD:1;MT=variable;PP=Protein N-term	not available	v3.0.0	ms-proteomics v1.1.0	human v1.1.0	cell-lines v1.1.0	EGF 15 min	total proteome
pY_PV1	Homo sapiens	uterine cervix	uterine cervix	endocervical adenocarcinoma	not available	cell line	study sample	HeLa S3	CVCL_0058	HeLa S3	30Y6M	female	adult	not available	African American	1	pervanadate and calyculin A	20120329_EXQ5_KiSh_SA_LabelFree_HeLa_Proteome_PV_rep1_pH11	proteomic profiling by mass spectrometry	20120329_EXQ5_KiSh_SA_LabelFree_HeLa_Proteome_PV_rep1_pH11.raw	ftp://ftp.pride.ebi.ac.uk/pride/data/archive/2014/08/PXD000612/20120329_EXQ5_KiSh_SA_LabelFree_HeLa_Proteome_PV_rep1_pH11.raw	NT=label free sample;AC=MS:1002038	1	17	NT=Q Exactive;AC=MS:1001911	NT=Data-dependent acquisition;AC=PRIDE:0000627	not available	NT=beam-type collision-induced dissociation;AC=MS:1000422	25 NCE	not available	20 ppm	NT=Strong anion-exchange chromatography (SAX);AC=PRIDE:0000558	total proteome	NT=Carbamidomethyl;AC=UNIMOD:4;MT=fixed;TA=C;PP=Anywhere	NT=Oxidation;AC=UNIMOD:35;MT=variable;TA=M;PP=Anywhere	NT=Acetyl;AC=UNIMOD:1;MT=variable;PP=Protein N-term	not available	v3.0.0	ms-proteomics v1.1.0	human v1.1.0	cell-lines v1.1.0	pervanadate and calyculin A	total proteome
pY_PV1	Homo sapiens	uterine cervix	uterine cervix	endocervical adenocarcinoma	not available	cell line	study sample	HeLa S3	CVCL_0058	HeLa S3	30Y6M	female	adult	not available	African American	1	pervanadate and calyculin A	20120329_EXQ5_KiSh_SA_LabelFree_HeLa_Proteome_PV_rep1_pH3	proteomic profiling by mass spectrometry	20120329_EXQ5_KiSh_SA_LabelFree_HeLa_Proteome_PV_rep1_pH3.raw	ftp://ftp.pride.ebi.ac.uk/pride/data/archive/2014/08/PXD000612/20120329_EXQ5_KiSh_SA_LabelFree_HeLa_Proteome_PV_rep1_pH3.raw	NT=label free sample;AC=MS:1002038	1	12	NT=Q Exactive;AC=MS:1001911	NT=Data-dependent acquisition;AC=PRIDE:0000627	not available	NT=beam-type collision-induced dissociation;AC=MS:1000422	25 NCE	not available	20 ppm	NT=Strong anion-exchange chromatography (SAX);AC=PRIDE:0000558	total proteome	NT=Carbamidomethyl;AC=UNIMOD:4;MT=fixed;TA=C;PP=Anywhere	NT=Oxidation;AC=UNIMOD:35;MT=variable;TA=M;PP=Anywhere	NT=Acetyl;AC=UNIMOD:1;MT=variable;PP=Protein N-term	not available	v3.0.0	ms-proteomics v1.1.0	human v1.1.0	cell-lines v1.1.0	pervanadate and calyculin A	total proteome
pY_PV1	Homo sapiens	uterine cervix	uterine cervix	endocervical adenocarcinoma	not available	cell line	study sample	HeLa S3	CVCL_0058	HeLa S3	30Y6M	female	adult	not available	African American	1	pervanadate and calyculin A	20120329_EXQ5_KiSh_SA_LabelFree_HeLa_Proteome_PV_rep1_pH4	proteomic profiling by mass spectrometry	20120329_EXQ5_KiSh_SA_LabelFree_HeLa_Proteome_PV_rep1_pH4.raw	ftp://ftp.pride.ebi.ac.uk/pride/data/archive/2014/08/PXD000612/20120329_EXQ5_KiSh_SA_LabelFree_HeLa_Proteome_PV_rep1_pH4.raw	NT=label free sample;AC=MS:1002038	1	13	NT=Q Exactive;AC=MS:1001911	NT=Data-dependent acquisition;AC=PRIDE:0000627	not available	NT=beam-type collision-induced dissociation;AC=MS:1000422	25 NCE	not available	20 ppm	NT=Strong anion-exchange chromatography (SAX);AC=PRIDE:0000558	total proteome	NT=Carbamidomethyl;AC=UNIMOD:4;MT=fixed;TA=C;PP=Anywhere	NT=Oxidation;AC=UNIMOD:35;MT=variable;TA=M;PP=Anywhere	NT=Acetyl;AC=UNIMOD:1;MT=variable;PP=Protein N-term	not available	v3.0.0	ms-proteomics v1.1.0	human v1.1.0	cell-lines v1.1.0	pervanadate and calyculin A	total proteome
pY_PV1	Homo sapiens	uterine cervix	uterine cervix	endocervical adenocarcinoma	not available	cell line	study sample	HeLa S3	CVCL_0058	HeLa S3	30Y6M	female	adult	not available	African American	1	pervanadate and calyculin A	20120329_EXQ5_KiSh_SA_LabelFree_HeLa_Proteome_PV_rep1_pH5	proteomic profiling by mass spectrometry	20120329_EXQ5_KiSh_SA_LabelFree_HeLa_Proteome_PV_rep1_pH5.raw	ftp://ftp.pride.ebi.ac.uk/pride/data/archive/2014/08/PXD000612/20120329_EXQ5_KiSh_SA_LabelFree_HeLa_Proteome_PV_rep1_pH5.raw	NT=label free sample;AC=MS:1002038	1	14	NT=Q Exactive;AC=MS:1001911	NT=Data-dependent acquisition;AC=PRIDE:0000627	not available	NT=beam-type collision-induced dissociation;AC=MS:1000422	25 NCE	not available	20 ppm	NT=Strong anion-exchange chromatography (SAX);AC=PRIDE:0000558	total proteome	NT=Carbamidomethyl;AC=UNIMOD:4;MT=fixed;TA=C;PP=Anywhere	NT=Oxidation;AC=UNIMOD:35;MT=variable;TA=M;PP=Anywhere	NT=Acetyl;AC=UNIMOD:1;MT=variable;PP=Protein N-term	not available	v3.0.0	ms-proteomics v1.1.0	human v1.1.0	cell-lines v1.1.0	pervanadate and calyculin A	total proteome
pY_PV1	Homo sapiens	uterine cervix	uterine cervix	endocervical adenocarcinoma	not available	cell line	study sample	HeLa S3	CVCL_0058	HeLa S3	30Y6M	female	adult	not available	African American	1	pervanadate and calyculin A	20120329_EXQ5_KiSh_SA_LabelFree_HeLa_Proteome_PV_rep1_pH6	proteomic profiling by mass spectrometry	20120329_EXQ5_KiSh_SA_LabelFree_HeLa_Proteome_PV_rep1_pH6.raw	ftp://ftp.pride.ebi.ac.uk/pride/data/archive/2014/08/PXD000612/20120329_EXQ5_KiSh_SA_LabelFree_HeLa_Proteome_PV_rep1_pH6.raw	NT=label free sample;AC=MS:1002038	1	15	NT=Q Exactive;AC=MS:1001911	NT=Data-dependent acquisition;AC=PRIDE:0000627	not available	NT=beam-type collision-induced dissociation;AC=MS:1000422	25 NCE	not available	20 ppm	NT=Strong anion-exchange chromatography (SAX);AC=PRIDE:0000558	total proteome	NT=Carbamidomethyl;AC=UNIMOD:4;MT=fixed;TA=C;PP=Anywhere	NT=Oxidation;AC=UNIMOD:35;MT=variable;TA=M;PP=Anywhere	NT=Acetyl;AC=UNIMOD:1;MT=variable;PP=Protein N-term	not available	v3.0.0	ms-proteomics v1.1.0	human v1.1.0	cell-lines v1.1.0	pervanadate and calyculin A	total proteome
pY_PV1	Homo sapiens	uterine cervix	uterine cervix	endocervical adenocarcinoma	not available	cell line	study sample	HeLa S3	CVCL_0058	HeLa S3	30Y6M	female	adult	not available	African American	1	pervanadate and calyculin A	20120329_EXQ5_KiSh_SA_LabelFree_HeLa_Proteome_PV_rep1_pH8	proteomic profiling by mass spectrometry	20120329_EXQ5_KiSh_SA_LabelFree_HeLa_Proteome_PV_rep1_pH8.raw	ftp://ftp.pride.ebi.ac.uk/pride/data/archive/2014/08/PXD000612/20120329_EXQ5_KiSh_SA_LabelFree_HeLa_Proteome_PV_rep1_pH8.raw	NT=label free sample;AC=MS:1002038	1	16	NT=Q Exactive;AC=MS:1001911	NT=Data-dependent acquisition;AC=PRIDE:0000627	not available	NT=beam-type collision-induced dissociation;AC=MS:1000422	25 NCE	not available	20 ppm	NT=Strong anion-exchange chromatography (SAX);AC=PRIDE:0000558	total proteome	NT=Carbamidomethyl;AC=UNIMOD:4;MT=fixed;TA=C;PP=Anywhere	NT=Oxidation;AC=UNIMOD:35;MT=variable;TA=M;PP=Anywhere	NT=Acetyl;AC=UNIMOD:1;MT=variable;PP=Protein N-term	not available	v3.0.0	ms-proteomics v1.1.0	human v1.1.0	cell-lines v1.1.0	pervanadate and calyculin A	total proteome
pY_PV2	Homo sapiens	uterine cervix	uterine cervix	endocervical adenocarcinoma	not available	cell line	study sample	HeLa S3	CVCL_0058	HeLa S3	30Y6M	female	adult	not available	African American	2	pervanadate and calyculin A	20120330_EXQ5_KiSh_SA_LabelFree_HeLa_Proteome_PV_rep2_pH11	proteomic profiling by mass spectrometry	20120330_EXQ5_KiSh_SA_LabelFree_HeLa_Proteome_PV_rep2_pH11.raw	ftp://ftp.pride.ebi.ac.uk/pride/data/archive/2014/08/PXD000612/20120330_EXQ5_KiSh_SA_LabelFree_HeLa_Proteome_PV_rep2_pH11.raw	NT=label free sample;AC=MS:1002038	1	17	NT=Q Exactive;AC=MS:1001911	NT=Data-dependent acquisition;AC=PRIDE:0000627	not available	NT=beam-type collision-induced dissociation;AC=MS:1000422	25 NCE	not available	20 ppm	NT=Strong anion-exchange chromatography (SAX);AC=PRIDE:0000558	total proteome	NT=Carbamidomethyl;AC=UNIMOD:4;MT=fixed;TA=C;PP=Anywhere	NT=Oxidation;AC=UNIMOD:35;MT=variable;TA=M;PP=Anywhere	NT=Acetyl;AC=UNIMOD:1;MT=variable;PP=Protein N-term	not available	v3.0.0	ms-proteomics v1.1.0	human v1.1.0	cell-lines v1.1.0	pervanadate and calyculin A	total proteome
pY_PV2	Homo sapiens	uterine cervix	uterine cervix	endocervical adenocarcinoma	not available	cell line	study sample	HeLa S3	CVCL_0058	HeLa S3	30Y6M	female	adult	not available	African American	2	pervanadate and calyculin A	20120330_EXQ5_KiSh_SA_LabelFree_HeLa_Proteome_PV_rep2_pH3	proteomic profiling by mass spectrometry	20120330_EXQ5_KiSh_SA_LabelFree_HeLa_Proteome_PV_rep2_pH3.raw	ftp://ftp.pride.ebi.ac.uk/pride/data/archive/2014/08/PXD000612/20120330_EXQ5_KiSh_SA_LabelFree_HeLa_Proteome_PV_rep2_pH3.raw	NT=label free sample;AC=MS:1002038	1	12	NT=Q Exactive;AC=MS:1001911	NT=Data-dependent acquisition;AC=PRIDE:0000627	not available	NT=beam-type collision-induced dissociation;AC=MS:1000422	25 NCE	not available	20 ppm	NT=Strong anion-exchange chromatography (SAX);AC=PRIDE:0000558	total proteome	NT=Carbamidomethyl;AC=UNIMOD:4;MT=fixed;TA=C;PP=Anywhere	NT=Oxidation;AC=UNIMOD:35;MT=variable;TA=M;PP=Anywhere	NT=Acetyl;AC=UNIMOD:1;MT=variable;PP=Protein N-term	not available	v3.0.0	ms-proteomics v1.1.0	human v1.1.0	cell-lines v1.1.0	pervanadate and calyculin A	total proteome
pY_PV2	Homo sapiens	uterine cervix	uterine cervix	endocervical adenocarcinoma	not available	cell line	study sample	HeLa S3	CVCL_0058	HeLa S3	30Y6M	female	adult	not available	African American	2	pervanadate and calyculin A	20120330_EXQ5_KiSh_SA_LabelFree_HeLa_Proteome_PV_rep2_pH4	proteomic profiling by mass spectrometry	20120330_EXQ5_KiSh_SA_LabelFree_HeLa_Proteome_PV_rep2_pH4.raw	ftp://ftp.pride.ebi.ac.uk/pride/data/archive/2014/08/PXD000612/20120330_EXQ5_KiSh_SA_LabelFree_HeLa_Proteome_PV_rep2_pH4.raw	NT=label free sample;AC=MS:1002038	1	13	NT=Q Exactive;AC=MS:1001911	NT=Data-dependent acquisition;AC=PRIDE:0000627	not available	NT=beam-type collision-induced dissociation;AC=MS:1000422	25 NCE	not available	20 ppm	NT=Strong anion-exchange chromatography (SAX);AC=PRIDE:0000558	total proteome	NT=Carbamidomethyl;AC=UNIMOD:4;MT=fixed;TA=C;PP=Anywhere	NT=Oxidation;AC=UNIMOD:35;MT=variable;TA=M;PP=Anywhere	NT=Acetyl;AC=UNIMOD:1;MT=variable;PP=Protein N-term	not available	v3.0.0	ms-proteomics v1.1.0	human v1.1.0	cell-lines v1.1.0	pervanadate and calyculin A	total proteome
pY_PV2	Homo sapiens	uterine cervix	uterine cervix	endocervical adenocarcinoma	not available	cell line	study sample	HeLa S3	CVCL_0058	HeLa S3	30Y6M	female	adult	not available	African American	2	pervanadate and calyculin A	20120330_EXQ5_KiSh_SA_LabelFree_HeLa_Proteome_PV_rep2_pH5	proteomic profiling by mass spectrometry	20120330_EXQ5_KiSh_SA_LabelFree_HeLa_Proteome_PV_rep2_pH5.raw	ftp://ftp.pride.ebi.ac.uk/pride/data/archive/2014/08/PXD000612/20120330_EXQ5_KiSh_SA_LabelFree_HeLa_Proteome_PV_rep2_pH5.raw	NT=label free sample;AC=MS:1002038	1	14	NT=Q Exactive;AC=MS:1001911	NT=Data-dependent acquisition;AC=PRIDE:0000627	not available	NT=beam-type collision-induced dissociation;AC=MS:1000422	25 NCE	not available	20 ppm	NT=Strong anion-exchange chromatography (SAX);AC=PRIDE:0000558	total proteome	NT=Carbamidomethyl;AC=UNIMOD:4;MT=fixed;TA=C;PP=Anywhere	NT=Oxidation;AC=UNIMOD:35;MT=variable;TA=M;PP=Anywhere	NT=Acetyl;AC=UNIMOD:1;MT=variable;PP=Protein N-term	not available	v3.0.0	ms-proteomics v1.1.0	human v1.1.0	cell-lines v1.1.0	pervanadate and calyculin A	total proteome
pY_PV2	Homo sapiens	uterine cervix	uterine cervix	endocervical adenocarcinoma	not available	cell line	study sample	HeLa S3	CVCL_0058	HeLa S3	30Y6M	female	adult	not available	African American	2	pervanadate and calyculin A	20120330_EXQ5_KiSh_SA_LabelFree_HeLa_Proteome_PV_rep2_pH6	proteomic profiling by mass spectrometry	20120330_EXQ5_KiSh_SA_LabelFree_HeLa_Proteome_PV_rep2_pH6.raw	ftp://ftp.pride.ebi.ac.uk/pride/data/archive/2014/08/PXD000612/20120330_EXQ5_KiSh_SA_LabelFree_HeLa_Proteome_PV_rep2_pH6.raw	NT=label free sample;AC=MS:1002038	1	15	NT=Q Exactive;AC=MS:1001911	NT=Data-dependent acquisition;AC=PRIDE:0000627	not available	NT=beam-type collision-induced dissociation;AC=MS:1000422	25 NCE	not available	20 ppm	NT=Strong anion-exchange chromatography (SAX);AC=PRIDE:0000558	total proteome	NT=Carbamidomethyl;AC=UNIMOD:4;MT=fixed;TA=C;PP=Anywhere	NT=Oxidation;AC=UNIMOD:35;MT=variable;TA=M;PP=Anywhere	NT=Acetyl;AC=UNIMOD:1;MT=variable;PP=Protein N-term	not available	v3.0.0	ms-proteomics v1.1.0	human v1.1.0	cell-lines v1.1.0	pervanadate and calyculin A	total proteome
pY_PV2	Homo sapiens	uterine cervix	uterine cervix	endocervical adenocarcinoma	not available	cell line	study sample	HeLa S3	CVCL_0058	HeLa S3	30Y6M	female	adult	not available	African American	2	pervanadate and calyculin A	20120330_EXQ5_KiSh_SA_LabelFree_HeLa_Proteome_PV_rep2_pH8	proteomic profiling by mass spectrometry	20120330_EXQ5_KiSh_SA_LabelFree_HeLa_Proteome_PV_rep2_pH8.raw	ftp://ftp.pride.ebi.ac.uk/pride/data/archive/2014/08/PXD000612/20120330_EXQ5_KiSh_SA_LabelFree_HeLa_Proteome_PV_rep2_pH8.raw	NT=label free sample;AC=MS:1002038	1	16	NT=Q Exactive;AC=MS:1001911	NT=Data-dependent acquisition;AC=PRIDE:0000627	not available	NT=beam-type collision-induced dissociation;AC=MS:1000422	25 NCE	not available	20 ppm	NT=Strong anion-exchange chromatography (SAX);AC=PRIDE:0000558	total proteome	NT=Carbamidomethyl;AC=UNIMOD:4;MT=fixed;TA=C;PP=Anywhere	NT=Oxidation;AC=UNIMOD:35;MT=variable;TA=M;PP=Anywhere	NT=Acetyl;AC=UNIMOD:1;MT=variable;PP=Protein N-term	not available	v3.0.0	ms-proteomics v1.1.0	human v1.1.0	cell-lines v1.1.0	pervanadate and calyculin A	total proteome
pY_PV3	Homo sapiens	uterine cervix	uterine cervix	endocervical adenocarcinoma	not available	cell line	study sample	HeLa S3	CVCL_0058	HeLa S3	30Y6M	female	adult	not available	African American	3	pervanadate and calyculin A	20120401_EXQ5_KiSh_SA_LabelFree_HeLa_Proteome_PV_rep3_pH11	proteomic profiling by mass spectrometry	20120401_EXQ5_KiSh_SA_LabelFree_HeLa_Proteome_PV_rep3_pH11.raw	ftp://ftp.pride.ebi.ac.uk/pride/data/archive/2014/08/PXD000612/20120401_EXQ5_KiSh_SA_LabelFree_HeLa_Proteome_PV_rep3_pH11.raw	NT=label free sample;AC=MS:1002038	1	17	NT=Q Exactive;AC=MS:1001911	NT=Data-dependent acquisition;AC=PRIDE:0000627	not available	NT=beam-type collision-induced dissociation;AC=MS:1000422	25 NCE	not available	20 ppm	NT=Strong anion-exchange chromatography (SAX);AC=PRIDE:0000558	total proteome	NT=Carbamidomethyl;AC=UNIMOD:4;MT=fixed;TA=C;PP=Anywhere	NT=Oxidation;AC=UNIMOD:35;MT=variable;TA=M;PP=Anywhere	NT=Acetyl;AC=UNIMOD:1;MT=variable;PP=Protein N-term	not available	v3.0.0	ms-proteomics v1.1.0	human v1.1.0	cell-lines v1.1.0	pervanadate and calyculin A	total proteome
pY_PV3	Homo sapiens	uterine cervix	uterine cervix	endocervical adenocarcinoma	not available	cell line	study sample	HeLa S3	CVCL_0058	HeLa S3	30Y6M	female	adult	not available	African American	3	pervanadate and calyculin A	20120401_EXQ5_KiSh_SA_LabelFree_HeLa_Proteome_PV_rep3_pH3	proteomic profiling by mass spectrometry	20120401_EXQ5_KiSh_SA_LabelFree_HeLa_Proteome_PV_rep3_pH3.raw	ftp://ftp.pride.ebi.ac.uk/pride/data/archive/2014/08/PXD000612/20120401_EXQ5_KiSh_SA_LabelFree_HeLa_Proteome_PV_rep3_pH3.raw	NT=label free sample;AC=MS:1002038	1	12	NT=Q Exactive;AC=MS:1001911	NT=Data-dependent acquisition;AC=PRIDE:0000627	not available	NT=beam-type collision-induced dissociation;AC=MS:1000422	25 NCE	not available	20 ppm	NT=Strong anion-exchange chromatography (SAX);AC=PRIDE:0000558	total proteome	NT=Carbamidomethyl;AC=UNIMOD:4;MT=fixed;TA=C;PP=Anywhere	NT=Oxidation;AC=UNIMOD:35;MT=variable;TA=M;PP=Anywhere	NT=Acetyl;AC=UNIMOD:1;MT=variable;PP=Protein N-term	not available	v3.0.0	ms-proteomics v1.1.0	human v1.1.0	cell-lines v1.1.0	pervanadate and calyculin A	total proteome
pY_PV3	Homo sapiens	uterine cervix	uterine cervix	endocervical adenocarcinoma	not available	cell line	study sample	HeLa S3	CVCL_0058	HeLa S3	30Y6M	female	adult	not available	African American	3	pervanadate and calyculin A	20120401_EXQ5_KiSh_SA_LabelFree_HeLa_Proteome_PV_rep3_pH4	proteomic profiling by mass spectrometry	20120401_EXQ5_KiSh_SA_LabelFree_HeLa_Proteome_PV_rep3_pH4.raw	ftp://ftp.pride.ebi.ac.uk/pride/data/archive/2014/08/PXD000612/20120401_EXQ5_KiSh_SA_LabelFree_HeLa_Proteome_PV_rep3_pH4.raw	NT=label free sample;AC=MS:1002038	1	13	NT=Q Exactive;AC=MS:1001911	NT=Data-dependent acquisition;AC=PRIDE:0000627	not available	NT=beam-type collision-induced dissociation;AC=MS:1000422	25 NCE	not available	20 ppm	NT=Strong anion-exchange chromatography (SAX);AC=PRIDE:0000558	total proteome	NT=Carbamidomethyl;AC=UNIMOD:4;MT=fixed;TA=C;PP=Anywhere	NT=Oxidation;AC=UNIMOD:35;MT=variable;TA=M;PP=Anywhere	NT=Acetyl;AC=UNIMOD:1;MT=variable;PP=Protein N-term	not available	v3.0.0	ms-proteomics v1.1.0	human v1.1.0	cell-lines v1.1.0	pervanadate and calyculin A	total proteome
pY_PV3	Homo sapiens	uterine cervix	uterine cervix	endocervical adenocarcinoma	not available	cell line	study sample	HeLa S3	CVCL_0058	HeLa S3	30Y6M	female	adult	not available	African American	3	pervanadate and calyculin A	20120401_EXQ5_KiSh_SA_LabelFree_HeLa_Proteome_PV_rep3_pH5	proteomic profiling by mass spectrometry	20120401_EXQ5_KiSh_SA_LabelFree_HeLa_Proteome_PV_rep3_pH5.raw	ftp://ftp.pride.ebi.ac.uk/pride/data/archive/2014/08/PXD000612/20120401_EXQ5_KiSh_SA_LabelFree_HeLa_Proteome_PV_rep3_pH5.raw	NT=label free sample;AC=MS:1002038	1	14	NT=Q Exactive;AC=MS:1001911	NT=Data-dependent acquisition;AC=PRIDE:0000627	not available	NT=beam-type collision-induced dissociation;AC=MS:1000422	25 NCE	not available	20 ppm	NT=Strong anion-exchange chromatography (SAX);AC=PRIDE:0000558	total proteome	NT=Carbamidomethyl;AC=UNIMOD:4;MT=fixed;TA=C;PP=Anywhere	NT=Oxidation;AC=UNIMOD:35;MT=variable;TA=M;PP=Anywhere	NT=Acetyl;AC=UNIMOD:1;MT=variable;PP=Protein N-term	not available	v3.0.0	ms-proteomics v1.1.0	human v1.1.0	cell-lines v1.1.0	pervanadate and calyculin A	total proteome
pY_PV3	Homo sapiens	uterine cervix	uterine cervix	endocervical adenocarcinoma	not available	cell line	study sample	HeLa S3	CVCL_0058	HeLa S3	30Y6M	female	adult	not available	African American	3	pervanadate and calyculin A	20120401_EXQ5_KiSh_SA_LabelFree_HeLa_Proteome_PV_rep3_pH6	proteomic profiling by mass spectrometry	20120401_EXQ5_KiSh_SA_LabelFree_HeLa_Proteome_PV_rep3_pH6.raw	ftp://ftp.pride.ebi.ac.uk/pride/data/archive/2014/08/PXD000612/20120401_EXQ5_KiSh_SA_LabelFree_HeLa_Proteome_PV_rep3_pH6.raw	NT=label free sample;AC=MS:1002038	1	15	NT=Q Exactive;AC=MS:1001911	NT=Data-dependent acquisition;AC=PRIDE:0000627	not available	NT=beam-type collision-induced dissociation;AC=MS:1000422	25 NCE	not available	20 ppm	NT=Strong anion-exchange chromatography (SAX);AC=PRIDE:0000558	total proteome	NT=Carbamidomethyl;AC=UNIMOD:4;MT=fixed;TA=C;PP=Anywhere	NT=Oxidation;AC=UNIMOD:35;MT=variable;TA=M;PP=Anywhere	NT=Acetyl;AC=UNIMOD:1;MT=variable;PP=Protein N-term	not available	v3.0.0	ms-proteomics v1.1.0	human v1.1.0	cell-lines v1.1.0	pervanadate and calyculin A	total proteome
pY_PV3	Homo sapiens	uterine cervix	uterine cervix	endocervical adenocarcinoma	not available	cell line	study sample	HeLa S3	CVCL_0058	HeLa S3	30Y6M	female	adult	not available	African American	3	pervanadate and calyculin A	20120401_EXQ5_KiSh_SA_LabelFree_HeLa_Proteome_PV_rep3_pH8	proteomic profiling by mass spectrometry	20120401_EXQ5_KiSh_SA_LabelFree_HeLa_Proteome_PV_rep3_pH8.raw	ftp://ftp.pride.ebi.ac.uk/pride/data/archive/2014/08/PXD000612/20120401_EXQ5_KiSh_SA_LabelFree_HeLa_Proteome_PV_rep3_pH8.raw	NT=label free sample;AC=MS:1002038	1	16	NT=Q Exactive;AC=MS:1001911	NT=Data-dependent acquisition;AC=PRIDE:0000627	not available	NT=beam-type collision-induced dissociation;AC=MS:1000422	25 NCE	not available	20 ppm	NT=Strong anion-exchange chromatography (SAX);AC=PRIDE:0000558	total proteome	NT=Carbamidomethyl;AC=UNIMOD:4;MT=fixed;TA=C;PP=Anywhere	NT=Oxidation;AC=UNIMOD:35;MT=variable;TA=M;PP=Anywhere	NT=Acetyl;AC=UNIMOD:1;MT=variable;PP=Protein N-term	not available	v3.0.0	ms-proteomics v1.1.0	human v1.1.0	cell-lines v1.1.0	pervanadate and calyculin A	total proteome
pY_PV4	Homo sapiens	uterine cervix	uterine cervix	endocervical adenocarcinoma	not available	cell line	study sample	HeLa S3	CVCL_0058	HeLa S3	30Y6M	female	adult	not available	African American	4	pervanadate and calyculin A	20120402_EXQ5_KiSh_SA_LabelFree_HeLa_Proteome_PV_rep4_pH11	proteomic profiling by mass spectrometry	20120402_EXQ5_KiSh_SA_LabelFree_HeLa_Proteome_PV_rep4_pH11.raw	ftp://ftp.pride.ebi.ac.uk/pride/data/archive/2014/08/PXD000612/20120402_EXQ5_KiSh_SA_LabelFree_HeLa_Proteome_PV_rep4_pH11.raw	NT=label free sample;AC=MS:1002038	1	17	NT=Q Exactive;AC=MS:1001911	NT=Data-dependent acquisition;AC=PRIDE:0000627	not available	NT=beam-type collision-induced dissociation;AC=MS:1000422	25 NCE	not available	20 ppm	NT=Strong anion-exchange chromatography (SAX);AC=PRIDE:0000558	total proteome	NT=Carbamidomethyl;AC=UNIMOD:4;MT=fixed;TA=C;PP=Anywhere	NT=Oxidation;AC=UNIMOD:35;MT=variable;TA=M;PP=Anywhere	NT=Acetyl;AC=UNIMOD:1;MT=variable;PP=Protein N-term	not available	v3.0.0	ms-proteomics v1.1.0	human v1.1.0	cell-lines v1.1.0	pervanadate and calyculin A	total proteome
pY_PV4	Homo sapiens	uterine cervix	uterine cervix	endocervical adenocarcinoma	not available	cell line	study sample	HeLa S3	CVCL_0058	HeLa S3	30Y6M	female	adult	not available	African American	4	pervanadate and calyculin A	20120402_EXQ5_KiSh_SA_LabelFree_HeLa_Proteome_PV_rep4_pH3	proteomic profiling by mass spectrometry	20120402_EXQ5_KiSh_SA_LabelFree_HeLa_Proteome_PV_rep4_pH3.raw	ftp://ftp.pride.ebi.ac.uk/pride/data/archive/2014/08/PXD000612/20120402_EXQ5_KiSh_SA_LabelFree_HeLa_Proteome_PV_rep4_pH3.raw	NT=label free sample;AC=MS:1002038	1	12	NT=Q Exactive;AC=MS:1001911	NT=Data-dependent acquisition;AC=PRIDE:0000627	not available	NT=beam-type collision-induced dissociation;AC=MS:1000422	25 NCE	not available	20 ppm	NT=Strong anion-exchange chromatography (SAX);AC=PRIDE:0000558	total proteome	NT=Carbamidomethyl;AC=UNIMOD:4;MT=fixed;TA=C;PP=Anywhere	NT=Oxidation;AC=UNIMOD:35;MT=variable;TA=M;PP=Anywhere	NT=Acetyl;AC=UNIMOD:1;MT=variable;PP=Protein N-term	not available	v3.0.0	ms-proteomics v1.1.0	human v1.1.0	cell-lines v1.1.0	pervanadate and calyculin A	total proteome
pY_PV4	Homo sapiens	uterine cervix	uterine cervix	endocervical adenocarcinoma	not available	cell line	study sample	HeLa S3	CVCL_0058	HeLa S3	30Y6M	female	adult	not available	African American	4	pervanadate and calyculin A	20120402_EXQ5_KiSh_SA_LabelFree_HeLa_Proteome_PV_rep4_pH4	proteomic profiling by mass spectrometry	20120402_EXQ5_KiSh_SA_LabelFree_HeLa_Proteome_PV_rep4_pH4.raw	ftp://ftp.pride.ebi.ac.uk/pride/data/archive/2014/08/PXD000612/20120402_EXQ5_KiSh_SA_LabelFree_HeLa_Proteome_PV_rep4_pH4.raw	NT=label free sample;AC=MS:1002038	1	13	NT=Q Exactive;AC=MS:1001911	NT=Data-dependent acquisition;AC=PRIDE:0000627	not available	NT=beam-type collision-induced dissociation;AC=MS:1000422	25 NCE	not available	20 ppm	NT=Strong anion-exchange chromatography (SAX);AC=PRIDE:0000558	total proteome	NT=Carbamidomethyl;AC=UNIMOD:4;MT=fixed;TA=C;PP=Anywhere	NT=Oxidation;AC=UNIMOD:35;MT=variable;TA=M;PP=Anywhere	NT=Acetyl;AC=UNIMOD:1;MT=variable;PP=Protein N-term	not available	v3.0.0	ms-proteomics v1.1.0	human v1.1.0	cell-lines v1.1.0	pervanadate and calyculin A	total proteome
pY_PV4	Homo sapiens	uterine cervix	uterine cervix	endocervical adenocarcinoma	not available	cell line	study sample	HeLa S3	CVCL_0058	HeLa S3	30Y6M	female	adult	not available	African American	4	pervanadate and calyculin A	20120402_EXQ5_KiSh_SA_LabelFree_HeLa_Proteome_PV_rep4_pH5	proteomic profiling by mass spectrometry	20120402_EXQ5_KiSh_SA_LabelFree_HeLa_Proteome_PV_rep4_pH5.raw	ftp://ftp.pride.ebi.ac.uk/pride/data/archive/2014/08/PXD000612/20120402_EXQ5_KiSh_SA_LabelFree_HeLa_Proteome_PV_rep4_pH5.raw	NT=label free sample;AC=MS:1002038	1	14	NT=Q Exactive;AC=MS:1001911	NT=Data-dependent acquisition;AC=PRIDE:0000627	not available	NT=beam-type collision-induced dissociation;AC=MS:1000422	25 NCE	not available	20 ppm	NT=Strong anion-exchange chromatography (SAX);AC=PRIDE:0000558	total proteome	NT=Carbamidomethyl;AC=UNIMOD:4;MT=fixed;TA=C;PP=Anywhere	NT=Oxidation;AC=UNIMOD:35;MT=variable;TA=M;PP=Anywhere	NT=Acetyl;AC=UNIMOD:1;MT=variable;PP=Protein N-term	not available	v3.0.0	ms-proteomics v1.1.0	human v1.1.0	cell-lines v1.1.0	pervanadate and calyculin A	total proteome
pY_PV4	Homo sapiens	uterine cervix	uterine cervix	endocervical adenocarcinoma	not available	cell line	study sample	HeLa S3	CVCL_0058	HeLa S3	30Y6M	female	adult	not available	African American	4	pervanadate and calyculin A	20120402_EXQ5_KiSh_SA_LabelFree_HeLa_Proteome_PV_rep4_pH6	proteomic profiling by mass spectrometry	20120402_EXQ5_KiSh_SA_LabelFree_HeLa_Proteome_PV_rep4_pH6.raw	ftp://ftp.pride.ebi.ac.uk/pride/data/archive/2014/08/PXD000612/20120402_EXQ5_KiSh_SA_LabelFree_HeLa_Proteome_PV_rep4_pH6.raw	NT=label free sample;AC=MS:1002038	1	15	NT=Q Exactive;AC=MS:1001911	NT=Data-dependent acquisition;AC=PRIDE:0000627	not available	NT=beam-type collision-induced dissociation;AC=MS:1000422	25 NCE	not available	20 ppm	NT=Strong anion-exchange chromatography (SAX);AC=PRIDE:0000558	total proteome	NT=Carbamidomethyl;AC=UNIMOD:4;MT=fixed;TA=C;PP=Anywhere	NT=Oxidation;AC=UNIMOD:35;MT=variable;TA=M;PP=Anywhere	NT=Acetyl;AC=UNIMOD:1;MT=variable;PP=Protein N-term	not available	v3.0.0	ms-proteomics v1.1.0	human v1.1.0	cell-lines v1.1.0	pervanadate and calyculin A	total proteome
pY_PV4	Homo sapiens	uterine cervix	uterine cervix	endocervical adenocarcinoma	not available	cell line	study sample	HeLa S3	CVCL_0058	HeLa S3	30Y6M	female	adult	not available	African American	4	pervanadate and calyculin A	20120402_EXQ5_KiSh_SA_LabelFree_HeLa_Proteome_PV_rep4_pH8	proteomic profiling by mass spectrometry	20120402_EXQ5_KiSh_SA_LabelFree_HeLa_Proteome_PV_rep4_pH8.raw	ftp://ftp.pride.ebi.ac.uk/pride/data/archive/2014/08/PXD000612/20120402_EXQ5_KiSh_SA_LabelFree_HeLa_Proteome_PV_rep4_pH8.raw	NT=label free sample;AC=MS:1002038	1	16	NT=Q Exactive;AC=MS:1001911	NT=Data-dependent acquisition;AC=PRIDE:0000627	not available	NT=beam-type collision-induced dissociation;AC=MS:1000422	25 NCE	not available	20 ppm	NT=Strong anion-exchange chromatography (SAX);AC=PRIDE:0000558	total proteome	NT=Carbamidomethyl;AC=UNIMOD:4;MT=fixed;TA=C;PP=Anywhere	NT=Oxidation;AC=UNIMOD:35;MT=variable;TA=M;PP=Anywhere	NT=Acetyl;AC=UNIMOD:1;MT=variable;PP=Protein N-term	not available	v3.0.0	ms-proteomics v1.1.0	human v1.1.0	cell-lines v1.1.0	pervanadate and calyculin A	total proteome
