id	label	reason	evidence	queue	priority_score	organism	n_files_total	n_raw	raw_extensions	acquisition_mode	quant_mode	instruments	has_pride_metadata_file	has_deposited_sdrf	metadata_filenames	design_complexity	estimated_sdrf_rows	templates	publication	already_annotated	notes
PXD047534	include	Submitter deposited an SDRF in PRIDE; import, validate, and improve	PRIDE https://www.ebi.ac.uk/pride/ws/archive/v3/projects/PXD047534; files/all n=20	Q0	10	Streptomyces sp. pu10	20	10	raw	DIA	LFQ	Q Exactive HF	yes	yes	sdrf.tsv	simple	10	ms-proteomics;dia-acquisition	none_in_pride	no	deposited: sdrf.tsv
PXD066496	include	Submitter deposited an SDRF in PRIDE; import, validate, and improve	PRIDE https://www.ebi.ac.uk/pride/ws/archive/v3/projects/PXD066496; files/all n=11	Q0	10	Homo sapiens (human)	11	6	raw	DIA	LFQ	Orbitrap Ascend	yes	yes	sdrf-cell-line.sdrf.tsv	simple	6	ms-proteomics;human;dia-acquisition;cell-lines	none_in_pride	no	deposited: sdrf-cell-line.sdrf.tsv
PXD068623	include	Submitter deposited an SDRF in PRIDE; import, validate, and improve	PRIDE https://www.ebi.ac.uk/pride/ws/archive/v3/projects/PXD068623; files/all n=131	Q0	10	Mycobacterium tuberculosis	131	6	raw	DIA	LFQ	Orbitrap Fusion	yes	yes	sdrf.tsv	simple	6	ms-proteomics;dia-acquisition	none_in_pride	no	deposited: sdrf.tsv
PXD068927	include	Submitter deposited an SDRF in PRIDE; import, validate, and improve	PRIDE https://www.ebi.ac.uk/pride/ws/archive/v3/projects/PXD068927; files/all n=13	Q0	10	Homo sapiens (human)	13	8	raw	DIA	LFQ	Orbitrap Exploris 480	yes	yes	human_MS_sample.sdrf.tsv	simple	8	ms-proteomics;human;dia-acquisition	none_in_pride	no	deposited: human_MS_sample.sdrf.tsv
PXD069676	include	Submitter deposited an SDRF in PRIDE; import, validate, and improve	PRIDE https://www.ebi.ac.uk/pride/ws/archive/v3/projects/PXD069676; files/all n=15	Q0	10	Homo sapiens (human)	15	6	raw	DIA	LFQ	LTQ Orbitrap Elite;Orbitrap Astral	yes	yes	SDRFics.txt	simple	6	ms-proteomics;human;dia-acquisition	none_in_pride	no	deposited: SDRFics.txt
PXD069946	include	Submitter deposited an SDRF in PRIDE; import, validate, and improve	PRIDE https://www.ebi.ac.uk/pride/ws/archive/v3/projects/PXD069946; files/all n=6	Q0	10	Nicotiana tabacum (common tobacco)	6	2	raw	DIA	LFQ	Orbitrap Exploris 480	yes	yes	sdrf-plants_BP.tsv	simple	2	ms-proteomics;dia-acquisition	none_in_pride	no	deposited: sdrf-plants_BP.tsv
PXD070054	include	Submitter deposited an SDRF in PRIDE; import, validate, and improve	PRIDE https://www.ebi.ac.uk/pride/ws/archive/v3/projects/PXD070054; files/all n=14	Q0	10	Apis mellifera (honeybee)	14	9	raw	DIA	LFQ	Orbitrap Eclipse	yes	yes	Sonter_SDRF.tsv	simple	9	ms-proteomics;invertebrates;dia-acquisition	none_in_pride	no	deposited: Sonter_SDRF.tsv
PXD070162	include	Submitter deposited an SDRF in PRIDE; import, validate, and improve	PRIDE https://www.ebi.ac.uk/pride/ws/archive/v3/projects/PXD070162; files/all n=16	Q0	10	Chlamydomonas reinhardtii	16	12	raw	DDA	LFQ	Orbitrap Fusion Lumos	yes	yes	sdrfile.docx	simple	12	ms-proteomics	none_in_pride	no	deposited: sdrfile.docx
PXD070838	include	Submitter deposited an SDRF in PRIDE; import, validate, and improve	PRIDE https://www.ebi.ac.uk/pride/ws/archive/v3/projects/PXD070838; files/all n=12	Q0	10	Klebsiella pneumoniae subsp. pneumoniae hs11286	12	6	raw	DIA	LFQ	Orbitrap Astral	yes	yes	SDRF.tsv	simple	6	ms-proteomics;dia-acquisition	none_in_pride	no	deposited: SDRF.tsv
PXD071333	include	Submitter deposited an SDRF in PRIDE; import, validate, and improve	PRIDE https://www.ebi.ac.uk/pride/ws/archive/v3/projects/PXD071333; files/all n=12	Q0	10	Homo sapiens (human)	12	8	raw	DDA	LFQ	Orbitrap Fusion Lumos	yes	yes	sdrf.tsv	simple	8	ms-proteomics;human;cell-lines	none_in_pride	no	deposited: sdrf.tsv
PXD072661	include	Submitter deposited an SDRF in PRIDE; import, validate, and improve	PRIDE https://www.ebi.ac.uk/pride/ws/archive/v3/projects/PXD072661; files/all n=78	Q0	10	Mus musculus (mouse)	78	6	raw	DIA	LFQ	4800 Proteomics Analyzer	yes	yes	TENT5C.sdrf.tsv	simple	6	ms-proteomics;vertebrates;dia-acquisition	none_in_pride	no	deposited: TENT5C.sdrf.tsv
PXD072838	include	Submitter deposited an SDRF in PRIDE; import, validate, and improve	PRIDE https://www.ebi.ac.uk/pride/ws/archive/v3/projects/PXD072838; files/all n=19	Q0	10	Homo sapiens (human)	19	12	d.zip	DIA	LFQ	timsTOF Ultra 2	yes	yes	SDRF_mosaic.tsv	simple	12	ms-proteomics;human;dia-acquisition;cell-lines	none_in_pride	no	deposited: SDRF_mosaic.tsv
PXD073686	include	Submitter deposited an SDRF in PRIDE; import, validate, and improve	PRIDE https://www.ebi.ac.uk/pride/ws/archive/v3/projects/PXD073686; files/all n=12	Q0	10	Mus musculus (mouse)	12	9	raw	DIA	LFQ	Q Exactive HF	yes	yes	intermediate_SDRF.sdrf.tsv	simple	9	ms-proteomics;vertebrates;dia-acquisition	none_in_pride	no	deposited: intermediate_SDRF.sdrf.tsv
PXD073702	include	Submitter deposited an SDRF in PRIDE; import, validate, and improve	PRIDE https://www.ebi.ac.uk/pride/ws/archive/v3/projects/PXD073702; files/all n=18	Q0	10	Mus musculus (mouse)	18	12	raw	DDA	LFQ	Orbitrap Exploris 480	yes	yes	sample_description.sdrf.txt	simple	12	ms-proteomics;vertebrates	none_in_pride	no	deposited: sample_description.sdrf.txt
PXD073840	include	Submitter deposited an SDRF in PRIDE; import, validate, and improve	PRIDE https://www.ebi.ac.uk/pride/ws/archive/v3/projects/PXD073840; files/all n=153	Q0	10	Mycobacterium tuberculosis h37rv	153	6	raw	DIA	LFQ	Orbitrap Fusion	yes	yes	sdrf.tsv	simple	6	ms-proteomics;dia-acquisition	none_in_pride	no	deposited: sdrf.tsv
PXD074506	include	Submitter deposited an SDRF in PRIDE; import, validate, and improve	PRIDE https://www.ebi.ac.uk/pride/ws/archive/v3/projects/PXD074506; files/all n=14	Q0	10	Sus scrofa domesticus (domestic pig)	14	8	raw	DIA	LFQ	LTQ Orbitrap Elite	yes	yes	SDRF.txt	simple	8	ms-proteomics;vertebrates;dia-acquisition	none_in_pride	no	deposited: SDRF.txt
PXD074721	include	Submitter deposited an SDRF in PRIDE; import, validate, and improve	PRIDE https://www.ebi.ac.uk/pride/ws/archive/v3/projects/PXD074721; files/all n=11	Q0	10	Mus musculus (mouse)	11	6	raw	DIA	LFQ	Orbitrap Fusion	yes	yes	SDRF.xlsx	simple	6	ms-proteomics;vertebrates;dia-acquisition	none_in_pride	no	deposited: SDRF.xlsx
PXD076440	include	Submitter deposited an SDRF in PRIDE; import, validate, and improve	PRIDE https://www.ebi.ac.uk/pride/ws/archive/v3/projects/PXD076440; files/all n=19	Q0	10	Danio rerio (zebrafish) (brachydanio rerio)	19	1	d.zip	DIA	LFQ	timsTOF Pro 2	yes	yes	SDRF.sdrf.tsv	simple	1	ms-proteomics;vertebrates;dia-acquisition	none_in_pride	no	deposited: SDRF.sdrf.tsv
PXD077951	include	Submitter deposited an SDRF in PRIDE; import, validate, and improve	PRIDE https://www.ebi.ac.uk/pride/ws/archive/v3/projects/PXD077951; files/all n=15	Q0	10	Homo sapiens (human)	15	12	d.zip	DIA	LFQ	timsTOF Pro 2	yes	yes	sdrf.csv	simple	12	ms-proteomics;human;dia-acquisition	none_in_pride	no	deposited: sdrf.csv
PXD079300	include	Submitter deposited an SDRF in PRIDE; import, validate, and improve	PRIDE https://www.ebi.ac.uk/pride/ws/archive/v3/projects/PXD079300; files/all n=21	Q0	10	Sus scrofa domesticus (domestic pig)	21	12	d.zip	DIA	LFQ	timsTOF Pro	yes	yes	sdrf.tsv	simple	12	ms-proteomics;vertebrates;dia-acquisition	none_in_pride	no	deposited: sdrf.tsv
PXD028901	include	Small label-free project with a public design or sample sheet	PRIDE https://www.ebi.ac.uk/pride/ws/archive/v3/projects/PXD028901; files/all n=529	Q1	9	Saccharomyces cerevisiae (baker's yeast);Mus musculus (mouse)	529	9	raw	DIA	LFQ	Q Exactive HF-X	yes	no	Sep_02_09_55_46_2021_fragger_ce_length_charge_biognosys_irt_deeplc_0.25_protein_filter_diann_0.05.csv;Sep_10_12_52_22_2021_mslibrarian_ce_length_charge_irt_biognosys_deeplc_0.25_protein_filter_diann_0.05.csv;Sep_02_09_55_46_2021_fragger_ce_length_charge_biognosys_irt_deeplc_0.25_protein_filter_diann_0.05_topN_14_cutoff_0.01_trans_6.csv	simple	9	ms-proteomics;dia-acquisition	none_in_pride	no	
PXD040789	include	Small label-free project with a public design or sample sheet	PRIDE https://www.ebi.ac.uk/pride/ws/archive/v3/projects/PXD040789; files/all n=14	Q1	9	Mus musculus (mouse)	14	12	raw.zip	DIA	LFQ	Q Exactive Plus	yes	no	20220714_QEP_KTT_010_50-0082_Faehling_sample02_dia.raw.Zip;20220714_QEP_KTT_009_50-0082_Faehling_sample07_dia.raw.Zip;20220714_QEP_KTT_003_50-0082_Faehling_sample05_dia.raw.Zip	simple	12	ms-proteomics;vertebrates;dia-acquisition	none_in_pride	no	
PXD047391	include	Small label-free project with a public design or sample sheet	PRIDE https://www.ebi.ac.uk/pride/ws/archive/v3/projects/PXD047391; files/all n=19	Q1	9	Rattus norvegicus (rat)	19	8	wiff	DIA	LFQ	TripleTOF 5600	yes	no	CB_19Feb2019_NANOROS_Sample1.wiff.scan;CB_19Feb2019_NANOROS_Sample4.wiff.scan;CB_19Feb2019_NANOROS_Sample7.wiff.scan	simple	8	ms-proteomics;vertebrates;dia-acquisition	none_in_pride	no	
PXD050248	include	Small label-free project with a public design or sample sheet	PRIDE https://www.ebi.ac.uk/pride/ws/archive/v3/projects/PXD050248; files/all n=53	Q1	9	Mus musculus (mouse)	53	1	wiff.zip	DIA	LFQ	TripleTOF 6600	yes	no	220622_SWATH_sample_3298_S0018879.zip;220622_SWATH_sample_3327_S0018866.zip;220622_SWATH_sample_3381_S0018882.zip	simple	1	ms-proteomics;vertebrates;dia-acquisition	none_in_pride	no	
PXD051213	include	Small label-free project with a public design or sample sheet	PRIDE https://www.ebi.ac.uk/pride/ws/archive/v3/projects/PXD051213; files/all n=16	Q1	9	Mus musculus (mouse)	16	12	raw	DIA	LFQ	Orbitrap Exploris 480	yes	no	ExperimentalDesign.txt	simple	12	ms-proteomics;vertebrates;dia-acquisition	none_in_pride	no	
PXD052595	include	Small label-free project with a public design or sample sheet	PRIDE https://www.ebi.ac.uk/pride/ws/archive/v3/projects/PXD052595; files/all n=15	Q1	9	Homo sapiens (human)	15	6	wiff	DIA	LFQ	ZenoTOF 7600	yes	no	Metadata.tsv	simple	6	ms-proteomics;human;dia-acquisition;cell-lines	none_in_pride	no	
PXD054374	include	Small label-free project with a public design or sample sheet	PRIDE https://www.ebi.ac.uk/pride/ws/archive/v3/projects/PXD054374; files/all n=32	Q1	9	Homo sapiens (human)	32	12	wiff.zip	DIA	LFQ	ZenoTOF 7600	yes	no	DIA_experimental_design_PCF000078.txt	simple	12	ms-proteomics;human;dia-acquisition	none_in_pride	no	
PXD056403	include	Small label-free project with a public design or sample sheet	PRIDE https://www.ebi.ac.uk/pride/ws/archive/v3/projects/PXD056403; files/all n=14	Q1	9	Homo sapiens (human)	14	12	d.zip	DIA	LFQ	timsTOF Pro 2	yes	no	Experimental_design_and_group_information.xlsx;Expressed_annotation.xlsx	simple	12	ms-proteomics;human;dia-acquisition	none_in_pride	no	
PXD060270	include	Small label-free project with a public design or sample sheet	PRIDE https://www.ebi.ac.uk/pride/ws/archive/v3/projects/PXD060270; files/all n=21	Q1	9	Homo sapiens (human)	21	10	wiff	DIA	LFQ	TripleTOF 6600	yes	no	1_Patient_1_Neonatal_sample.wiff.scan;6_Patient_3_Diagnostic_age_sample.wiff.scan;3_Patient_2_Neonatal_sample.wiff.scan	simple	10	ms-proteomics;human;dia-acquisition	none_in_pride	no	
PXD061499	include	Small label-free project with a public design or sample sheet	PRIDE https://www.ebi.ac.uk/pride/ws/archive/v3/projects/PXD061499; files/all n=33	Q1	9	Mus musculus (mouse)	33	12	d.zip	DIA	LFQ	timsTOF fleX	yes	no	experiment_annotation_metadata.tsv	simple	12	ms-proteomics;vertebrates;dia-acquisition	none_in_pride	no	
PXD061575	include	Small label-free project with a public design or sample sheet	PRIDE https://www.ebi.ac.uk/pride/ws/archive/v3/projects/PXD061575; files/all n=24	Q1	9	Homo sapiens (human)	24	3	d.zip	DIA	LFQ	timsTOF fleX	yes	no	experiment_annotation_metadata.tsv	simple	3	ms-proteomics;human;dia-acquisition	none_in_pride	no	
PXD061590	include	Small label-free project with a public design or sample sheet	PRIDE https://www.ebi.ac.uk/pride/ws/archive/v3/projects/PXD061590; files/all n=24	Q1	9	Homo sapiens (human)	24	3	d.zip	DIA	LFQ	timsTOF fleX	yes	no	experiment_annotation_metadata.tsv	simple	3	ms-proteomics;human;dia-acquisition	none_in_pride	no	
PXD061600	include	Small label-free project with a public design or sample sheet	PRIDE https://www.ebi.ac.uk/pride/ws/archive/v3/projects/PXD061600; files/all n=29	Q1	9	Homo sapiens (human)	29	8	d.zip	DIA	LFQ	timsTOF fleX	yes	no	experiment_annotation_metadata.tsv	simple	8	ms-proteomics;human;dia-acquisition	none_in_pride	no	
PXD061636	include	Small label-free project with a public design or sample sheet	PRIDE https://www.ebi.ac.uk/pride/ws/archive/v3/projects/PXD061636; files/all n=33	Q1	9	Mus musculus (mouse)	33	12	d.zip	DIA	LFQ	timsTOF fleX	yes	no	experiment_annotation_metadata.tsv	simple	12	ms-proteomics;vertebrates;dia-acquisition	none_in_pride	no	
PXD061640	include	Small label-free project with a public design or sample sheet	PRIDE https://www.ebi.ac.uk/pride/ws/archive/v3/projects/PXD061640; files/all n=27	Q1	9	Cistus creticus	27	6	d.zip	DIA	LFQ	timsTOF fleX	yes	no	experiment_annotation_metadata.tsv	simple	6	ms-proteomics;dia-acquisition	none_in_pride	no	
PXD061684	include	Small label-free project with a public design or sample sheet	PRIDE https://www.ebi.ac.uk/pride/ws/archive/v3/projects/PXD061684; files/all n=24	Q1	9	Homo sapiens (human)	24	3	d.zip	DIA	LFQ	timsTOF fleX	yes	no	experiment_annotation_metadata.tsv	simple	3	ms-proteomics;human;dia-acquisition	none_in_pride	no	
PXD064637	include	Small label-free project with a public design or sample sheet	PRIDE https://www.ebi.ac.uk/pride/ws/archive/v3/projects/PXD064637; files/all n=15	Q1	9	Homo sapiens (human)	15	12	raw	DIA	LFQ	LTQ Orbitrap	yes	no	sample_metadata.xlsx	simple	12	ms-proteomics;human;dia-acquisition	none_in_pride	no	
PXD065263	include	Small label-free project with a public design or sample sheet	PRIDE https://www.ebi.ac.uk/pride/ws/archive/v3/projects/PXD065263; files/all n=12	Q1	9	Homo sapiens (human)	12	9	d.zip	DIA	LFQ	timsTOF Pro 2	yes	no	Experimental_design.xlsx	simple	9	ms-proteomics;human;dia-acquisition;cell-lines	none_in_pride	no	
PXD065892	include	Small label-free project with a public design or sample sheet	PRIDE https://www.ebi.ac.uk/pride/ws/archive/v3/projects/PXD065892; files/all n=8	Q1	9	Homo sapiens (human)	8	2	d.zip	DIA	LFQ	timsTOF	yes	no	aih_liver_diann.tsv;experimental_design.csv;aih_plasma_spectronaut.tsv	simple	2	ms-proteomics;human;dia-acquisition	none_in_pride	no	
PXD067233	include	Small label-free project with a public design or sample sheet	PRIDE https://www.ebi.ac.uk/pride/ws/archive/v3/projects/PXD067233; files/all n=15	Q1	9	Homo sapiens (human)	15	3	d.zip	DIA	LFQ	timsTOF HT	yes	no	organoid_proteomics_metadata.txt	simple	3	ms-proteomics;human;dia-acquisition	none_in_pride	no	
PXD067632	include	Small label-free project with a public design or sample sheet	PRIDE https://www.ebi.ac.uk/pride/ws/archive/v3/projects/PXD067632; files/all n=14	Q1	9	Homo sapiens (human)	14	12	raw	DIA	LFQ	Orbitrap Exploris 480	yes	no	sample_metadata.csv	simple	12	ms-proteomics;human;dia-acquisition	none_in_pride	no	
PXD067823	include	Small label-free project with a public design or sample sheet	PRIDE https://www.ebi.ac.uk/pride/ws/archive/v3/projects/PXD067823; files/all n=15	Q1	9	Homo sapiens (human)	15	9	raw	DIA	LFQ	Orbitrap Fusion Lumos	yes	no	Sample_Legend_and_LC-MS_Settings_v02.docx	simple	9	ms-proteomics;human;dia-acquisition	none_in_pride	no	
PXD068569	include	Small label-free project with a public design or sample sheet	PRIDE https://www.ebi.ac.uk/pride/ws/archive/v3/projects/PXD068569; files/all n=6	Q1	9	Mycoplasma agalactiae	6	2	raw	DIA	LFQ	Orbitrap Exploris 480	yes	no	SampleTableEB.xlsx	simple	2	ms-proteomics;dia-acquisition	none_in_pride	no	
PXD068596	include	Small label-free project with a public design or sample sheet	PRIDE https://www.ebi.ac.uk/pride/ws/archive/v3/projects/PXD068596; files/all n=21	Q1	9	Mus musculus (mouse)	21	12	raw	DIA	LFQ	Q Exactive HF	yes	no	KinomeMetadata.xlsx	simple	12	ms-proteomics;vertebrates;dia-acquisition	none_in_pride	no	
PXD068720	include	Small label-free project with a public design or sample sheet	PRIDE https://www.ebi.ac.uk/pride/ws/archive/v3/projects/PXD068720; files/all n=15	Q1	9	Mycobacterium tuberculosis	15	6	raw	DIA	LFQ	Orbitrap Fusion	yes	no	mqpar.xml	simple	6	ms-proteomics;dia-acquisition	none_in_pride	no	
PXD068732	include	Small label-free project with a public design or sample sheet	PRIDE https://www.ebi.ac.uk/pride/ws/archive/v3/projects/PXD068732; files/all n=18	Q1	9	Escherichia coli;Bacteria	18	12	d.zip	DIA	LFQ	timsTOF HT	yes	no	sample_description.xlsx	simple	12	ms-proteomics;dia-acquisition	none_in_pride	no	
PXD069565	include	Small label-free project with a public design or sample sheet	PRIDE https://www.ebi.ac.uk/pride/ws/archive/v3/projects/PXD069565; files/all n=31	Q1	9	Mus musculus (mouse)	31	12	raw	DIA	LFQ	Orbitrap Ascend	yes	no	CMA213_Metadata.xlsx	simple	12	ms-proteomics;vertebrates;dia-acquisition	none_in_pride	no	
PXD069678	include	Small label-free project with a public design or sample sheet	PRIDE https://www.ebi.ac.uk/pride/ws/archive/v3/projects/PXD069678; files/all n=14	Q1	9	Homo sapiens (human)	14	12	raw	DIA	LFQ	Orbitrap Exploris 480	yes	no	Sample_table_.csv;DIA-NN_search.zip	simple	12	ms-proteomics;human;dia-acquisition;cell-lines	none_in_pride	no	
PXD069753	include	Small label-free project with a public design or sample sheet	PRIDE https://www.ebi.ac.uk/pride/ws/archive/v3/projects/PXD069753; files/all n=15	Q1	9	Caenorhabditis elegans	15	4	raw	DDA	LFQ	Orbitrap Eclipse	yes	no	FayDS_032124_Sample_Report.csv;FayDS_032124_SampleList.csv	simple	4	ms-proteomics;invertebrates	none_in_pride	no	
PXD069825	include	Small label-free project with a public design or sample sheet	PRIDE https://www.ebi.ac.uk/pride/ws/archive/v3/projects/PXD069825; files/all n=15	Q1	9	Homo sapiens (human)	15	12	d.zip	DIA	LFQ	Bruker Daltonics timsTOF series	yes	no	mqpar.xml	simple	12	ms-proteomics;human;dia-acquisition	none_in_pride	no	
PXD069857	include	Small label-free project with a public design or sample sheet	PRIDE https://www.ebi.ac.uk/pride/ws/archive/v3/projects/PXD069857; files/all n=15	Q1	9	Homo sapiens (human)	15	12	raw	DDA	LFQ	Orbitrap Fusion Lumos	yes	no	mqpar_shCTR_shQPCT.xml;mqpar_DMSO_SEN177.xml	simple	12	ms-proteomics;human	none_in_pride	no	
PXD070116	include	Small label-free project with a public design or sample sheet	PRIDE https://www.ebi.ac.uk/pride/ws/archive/v3/projects/PXD070116; files/all n=18	Q1	9	Aedes aegypti	18	12	raw	DDA	LFQ	Orbitrap Exploris 480	yes	no	experimentalDesignTemplate.txt;mqpar.xml	simple	12	ms-proteomics	none_in_pride	no	
PXD070239	include	Small label-free project with a public design or sample sheet	PRIDE https://www.ebi.ac.uk/pride/ws/archive/v3/projects/PXD070239; files/all n=31	Q1	9	Escherichia coli;Homo sapiens (human)	31	5	d.zip	DIA	LFQ	timsTOF fleX	yes	no	experiment_annotation_cryogel.tsv	simple	5	ms-proteomics;dia-acquisition	none_in_pride	no	
PXD070409	include	Small label-free project with a public design or sample sheet	PRIDE https://www.ebi.ac.uk/pride/ws/archive/v3/projects/PXD070409; files/all n=11	Q1	9	Arabidopsis thaliana (mouse-ear cress)	11	8	raw	DDA	LFQ	Q Exactive Plus	yes	no	sample_metadata.txt	simple	8	ms-proteomics;plants	none_in_pride	no	
PXD070896	include	Small label-free project with a public design or sample sheet	PRIDE https://www.ebi.ac.uk/pride/ws/archive/v3/projects/PXD070896; files/all n=16	Q1	9	Mus musculus (mouse)	16	10	raw	DIA	LFQ	Orbitrap Exploris 480	yes	no	raw_file_ID_sample_ID.xlsx;Spectronaut_output_no_norm_proteins.xlsx;Spectronaut_output_no_norm_peptides.xlsx	simple	10	ms-proteomics;vertebrates;dia-acquisition;cell-lines	none_in_pride	no	
PXD071251	include	Small label-free project with a public design or sample sheet	PRIDE https://www.ebi.ac.uk/pride/ws/archive/v3/projects/PXD071251; files/all n=14	Q1	9	Homo sapiens (human)	14	4	raw	DIA	LFQ	Orbitrap Exploris 480	yes	no	PLK303_samples_description.txt	simple	4	ms-proteomics;human;dia-acquisition;cell-lines	none_in_pride	no	
PXD071320	include	Small label-free project with a public design or sample sheet	PRIDE https://www.ebi.ac.uk/pride/ws/archive/v3/projects/PXD071320; files/all n=20	Q1	9	Escherichia coli	20	5	d.zip;raw	DIA	LFQ	timsTOF Pro 2;Orbitrap Exploris 480	yes	no	23484-ExperimentalDesign.tsv	simple	5	ms-proteomics;dia-acquisition	none_in_pride	no	
PXD071371	include	Small label-free project with a public design or sample sheet	PRIDE https://www.ebi.ac.uk/pride/ws/archive/v3/projects/PXD071371; files/all n=17	Q1	9	Homo sapiens (human)	17	6	raw	DIA	LFQ	Orbitrap Exploris 480	yes	no	mqpar.xml	simple	6	ms-proteomics;human;dia-acquisition	none_in_pride	no	
PXD071659	include	Small label-free project with a public design or sample sheet	PRIDE https://www.ebi.ac.uk/pride/ws/archive/v3/projects/PXD071659; files/all n=52	Q1	9	Homo sapiens (human)	52	8	d.zip	DIA	LFQ	timsTOF HT	yes	no	PDAC_Serum_110Samples_RawFiles.zip	simple	8	ms-proteomics;human;dia-acquisition	none_in_pride	no	
PXD071673	include	Small label-free project with a public design or sample sheet	PRIDE https://www.ebi.ac.uk/pride/ws/archive/v3/projects/PXD071673; files/all n=27	Q1	9	Bos taurus (bovine)	27	12	raw	DDA	LFQ	Q Exactive	yes	no	Metadata.csv	simple	12	ms-proteomics;vertebrates	none_in_pride	no	
PXD072248	include	Small label-free project with a public design or sample sheet	PRIDE https://www.ebi.ac.uk/pride/ws/archive/v3/projects/PXD072248; files/all n=12	Q1	9	Homo sapiens (human)	12	8	raw	DIA	LFQ	Orbitrap Exploris 480	yes	no	Sample_Identifiers.xlsx	simple	8	ms-proteomics;human;dia-acquisition	none_in_pride	no	
PXD072866	include	Small label-free project with a public design or sample sheet	PRIDE https://www.ebi.ac.uk/pride/ws/archive/v3/projects/PXD072866; files/all n=9	Q1	9	Homo sapiens (human)	9	4	raw	DDA	LFQ	Orbitrap Exploris 240	yes	no	mqpar_mdamb231.xml;mqpar_bt549.xml	simple	4	ms-proteomics;human;cell-lines	none_in_pride	no	
PXD073445	include	Small label-free project with a public design or sample sheet	PRIDE https://www.ebi.ac.uk/pride/ws/archive/v3/projects/PXD073445; files/all n=11	Q1	9	Callithrix jacchus	11	8	raw	DDA	LFQ	Q Exactive HF-X	yes	no	Sample_Info.txt	simple	8	ms-proteomics	none_in_pride	no	
PXD073771	include	Small label-free project with a public design or sample sheet	PRIDE https://www.ebi.ac.uk/pride/ws/archive/v3/projects/PXD073771; files/all n=17	Q1	9	Sphingopyxis granuli;Bacteria	17	12	raw	DDA	LFQ	Q Exactive Plus	yes	no	experiment_annotation_stationary.tsv;experiment_annotation_exponential.tsv	simple	12	ms-proteomics	none_in_pride	no	
PXD073890	include	Small label-free project with a public design or sample sheet	PRIDE https://www.ebi.ac.uk/pride/ws/archive/v3/projects/PXD073890; files/all n=13	Q1	9	Plasmodium falciparum (isolate 3d7);Homo sapiens (human)	13	9	raw	DIA	LFQ	Orbitrap Fusion Lumos	yes	no	Sample_Information_and_QC_WesternBlot.pptx	simple	9	ms-proteomics;dia-acquisition	none_in_pride	no	
PXD074117	include	Small label-free project with a public design or sample sheet	PRIDE https://www.ebi.ac.uk/pride/ws/archive/v3/projects/PXD074117; files/all n=11	Q1	9	Homo sapiens (human)	11	4	wiff.zip	DIA	LFQ	TripleTOF 5600	yes	no	SampleAnnotation.xlsx	simple	4	ms-proteomics;human;dia-acquisition	none_in_pride	no	
PXD074160	include	Small label-free project with a public design or sample sheet	PRIDE https://www.ebi.ac.uk/pride/ws/archive/v3/projects/PXD074160; files/all n=22	Q1	9	Bifidobacterium longum subsp. infantis (strain atcc 15697 / dsm 20088 / jcm 1222 / nctc 11817 / s12);Roseburia intestinalis l1-82;Roseburia hominis a2-183;Bacteria;Bifidobacterium adolescentis atcc 15703;Roseburia inulinivorans dsm 16841	22	9	raw	DIA	LFQ	Orbitrap Exploris 480	yes	no	2041_Metadata.tsv	simple	9	ms-proteomics;dia-acquisition	none_in_pride	no	
PXD074259	include	Small label-free project with a public design or sample sheet	PRIDE https://www.ebi.ac.uk/pride/ws/archive/v3/projects/PXD074259; files/all n=15	Q1	9	Methanococcus maripaludis	15	12	d.zip	DDA	LFQ	Bruker Daltonics flex series	yes	no	experiment_annotation_6.tsv	simple	12	ms-proteomics	none_in_pride	no	
PXD074698	include	Small label-free project with a public design or sample sheet	PRIDE https://www.ebi.ac.uk/pride/ws/archive/v3/projects/PXD074698; files/all n=14	Q1	9	Homo sapiens (human)	14	6	raw	DDA	LFQ	Orbitrap Fusion	yes	no	mqpar.xml	simple	6	ms-proteomics;human	none_in_pride	no	
PXD074843	include	Small label-free project with a public design or sample sheet	PRIDE https://www.ebi.ac.uk/pride/ws/archive/v3/projects/PXD074843; files/all n=7	Q1	9	Homo sapiens (human)	7	4	raw	DDA	LFQ	Orbitrap Eclipse	yes	no	P4926_sample.csv	simple	4	ms-proteomics;human	none_in_pride	no	
PXD075028	include	Small label-free project with a public design or sample sheet	PRIDE https://www.ebi.ac.uk/pride/ws/archive/v3/projects/PXD075028; files/all n=9	Q1	9	Bacteria;Escherichia coli (strain k12)	9	6	raw	DIA	LFQ	Orbitrap Exploris 480	yes	no	Sample_list.xlsx	simple	6	ms-proteomics;dia-acquisition	none_in_pride	no	
PXD075073	include	Small label-free project with a public design or sample sheet	PRIDE https://www.ebi.ac.uk/pride/ws/archive/v3/projects/PXD075073; files/all n=14	Q1	9	Mus musculus (mouse)	14	12	d.7z;d.zip	DIA	LFQ	timsTOF HT	yes	no	20250225_TTOF_Evo10_DIA_SA_5546_Sample03_S1-B3_1_1166.d.7z;20250225_TTOF_Evo10_DIA_SA_5546_Sample06_S1-B6_1_1169.d.7z;20250225_TTOF_Evo10_DIA_SA_5546_Sample05_S1-B5_1_1168.d.7z	simple	12	ms-proteomics;vertebrates;dia-acquisition	none_in_pride	no	
PXD075718	include	Submitter deposited an SDRF in PRIDE; import, validate, and improve	PRIDE https://www.ebi.ac.uk/pride/ws/archive/v3/projects/PXD075718; files/all n=13	Q0	9	Mus musculus (mouse)	13	9	raw	unknown	LFQ	Orbitrap Exploris 480	yes	yes	CE3_2024May16_UIC_P24035.sdrf.tsv	simple	9	ms-proteomics;vertebrates	none_in_pride	no	deposited: CE3_2024May16_UIC_P24035.sdrf.tsv
PXD075769	include	Submitter deposited an SDRF in PRIDE; import, validate, and improve	PRIDE https://www.ebi.ac.uk/pride/ws/archive/v3/projects/PXD075769; files/all n=10	Q0	9	Mus musculus (mouse)	10	6	raw	unknown	LFQ	Orbitrap Exploris 480	yes	yes	CE3_2024Oct08_P24-162.sdrf.tsv	simple	6	ms-proteomics;vertebrates	none_in_pride	no	deposited: CE3_2024Oct08_P24-162.sdrf.tsv
PXD075811	include	Submitter deposited an SDRF in PRIDE; import, validate, and improve	PRIDE https://www.ebi.ac.uk/pride/ws/archive/v3/projects/PXD075811; files/all n=14	Q0	9	Mus musculus (mouse)	14	10	raw	unknown	LFQ	Orbitrap Exploris 480	yes	yes	CE3_2025Apr04_P25-047.sdrf.tsv	simple	10	ms-proteomics;vertebrates	none_in_pride	no	deposited: CE3_2025Apr04_P25-047.sdrf.tsv
PXD077329	include	Small label-free project with a public design or sample sheet	PRIDE https://www.ebi.ac.uk/pride/ws/archive/v3/projects/PXD077329; files/all n=15	Q1	9	Bos taurus (bovine)	15	11	raw	DDA	LFQ	Q Exactive HF	yes	no	PC1357_metadata.csv	simple	11	ms-proteomics;vertebrates	none_in_pride	no	
PXD077920	include	Small label-free project with a public design or sample sheet	PRIDE https://www.ebi.ac.uk/pride/ws/archive/v3/projects/PXD077920; files/all n=10	Q1	9	Homo sapiens (human)	10	2	raw	DDA	LFQ	Orbitrap Ascend	yes	no	PR857_AS1_AllSamples_Human_GO_20250613.sf3;PR857_AS1_AllSamples_Human_GO_NoScaling_20250624.xlsx	simple	2	ms-proteomics;human	none_in_pride	no	
PXD078047	include	Small label-free project with a public design or sample sheet	PRIDE https://www.ebi.ac.uk/pride/ws/archive/v3/projects/PXD078047; files/all n=7	Q1	9	Mus musculus (mouse)	7	4	raw	DIA	LFQ	Orbitrap Ascend	yes	no	experimental_design.tsv;DIANN1.8.1_dir.zip	simple	4	ms-proteomics;vertebrates;dia-acquisition	none_in_pride	no	
PXD078052	include	Small label-free project with a public design or sample sheet	PRIDE https://www.ebi.ac.uk/pride/ws/archive/v3/projects/PXD078052; files/all n=9	Q1	9	Mus musculus (mouse)	9	6	raw	DIA	LFQ	Orbitrap Ascend	yes	no	DIANN_dir.zip;experimental_design.tsv	simple	6	ms-proteomics;vertebrates;dia-acquisition	none_in_pride	no	
PXD078554	include	Small label-free project with a public design or sample sheet	PRIDE https://www.ebi.ac.uk/pride/ws/archive/v3/projects/PXD078554; files/all n=14	Q1	9	Homo sapiens (human)	14	10	d.zip	DIA	LFQ	timsTOF Pro	yes	no	sample_correspondence.xlsx	simple	10	ms-proteomics;human;dia-acquisition	none_in_pride	no	
PXD078922	include	Small label-free project with a public design or sample sheet	PRIDE https://www.ebi.ac.uk/pride/ws/archive/v3/projects/PXD078922; files/all n=12	Q1	9	Penicillium oxalicum	12	6	raw	DIA	LFQ	Orbitrap Exploris 480	yes	no	Sample.txt;HP7-1_annotation.fasta	simple	6	ms-proteomics;dia-acquisition	none_in_pride	no	
PXD079072	include	Small label-free project with a public design or sample sheet	PRIDE https://www.ebi.ac.uk/pride/ws/archive/v3/projects/PXD079072; files/all n=24	Q1	9	Xenopus laevis (african clawed frog)	24	5	raw	DDA	LFQ	Orbitrap Fusion Lumos	yes	no	mqpar.xml	simple	5	ms-proteomics	none_in_pride	no	
PXD079616	include	Small label-free project with a public design or sample sheet	PRIDE https://www.ebi.ac.uk/pride/ws/archive/v3/projects/PXD079616; files/all n=33	Q1	9	Rattus norvegicus (rat)	33	12	raw	DIA	LFQ	Orbitrap Astral	yes	no	SAMPLETODATA.txt	simple	12	ms-proteomics;vertebrates;dia-acquisition	none_in_pride	no	
PXD080319	include	Small label-free project with a public design or sample sheet	PRIDE https://www.ebi.ac.uk/pride/ws/archive/v3/projects/PXD080319; files/all n=18	Q1	9	Drosophila melanogaster (fruit fly)	18	10	raw	DIA	LFQ	Orbitrap Astral Zoom;Q Exactive	yes	no	220819_NM_PhosphoID_1FDR_Sample1.xlsx	simple	10	ms-proteomics;invertebrates;dia-acquisition	none_in_pride	no	
PXD080479	include	Small label-free project with a public design or sample sheet	PRIDE https://www.ebi.ac.uk/pride/ws/archive/v3/projects/PXD080479; files/all n=15	Q1	9	Homo sapiens (human)	15	12	raw	DIA	LFQ	Orbitrap Astral	yes	no	DiaNN.zip;ExperimentalDesign.txt	simple	12	ms-proteomics;human;dia-acquisition	none_in_pride	no	
PXD008396	include	Small label-free project; mapping must come from acquisition filenames	PRIDE https://www.ebi.ac.uk/pride/ws/archive/v3/projects/PXD008396; files/all n=13	Q2	8	Mus musculus (mouse)	13	12	raw	DIA	LFQ	Q Exactive	no	no	ListofDIAidentifiedproteins.xlsx	simple	12	ms-proteomics;vertebrates;dia-acquisition;cell-lines	none_in_pride	no	Verify filename tokens resolve condition and replicate before annotating
PXD039585	include	Submitter deposited an SDRF in PRIDE; import, validate, and improve	PRIDE https://www.ebi.ac.uk/pride/ws/archive/v3/projects/PXD039585; files/all n=41	Q0	8	Cricetulus griseus (chinese hamster) (cricetulus barabensis griseus);Mus musculus (mouse)	41	18	raw	DIA	LFQ	Orbitrap Eclipse	yes	yes	sdrf_DDA.txt	moderate	18	ms-proteomics;dia-acquisition	none_in_pride	no	deposited: sdrf_DDA.txt
PXD046350	include	Small label-free project; mapping must come from acquisition filenames	PRIDE https://www.ebi.ac.uk/pride/ws/archive/v3/projects/PXD046350; files/all n=31	Q2	8	Scyliorhinus canicula	31	12	wiff	DIA	LFQ	TripleTOF 6600	no	no	FM_libPSsolyGel__FDR.xlsx;SpectralLibrarySPZ.txt;CorrelationRawData-Results.xlsx	simple	12	ms-proteomics;dia-acquisition	none_in_pride	no	Verify filename tokens resolve condition and replicate before annotating
PXD046839	include	Small label-free project; mapping must come from acquisition filenames	PRIDE https://www.ebi.ac.uk/pride/ws/archive/v3/projects/PXD046839; files/all n=13	Q2	8	Arabidopsis thaliana (mouse-ear cress)	13	8	raw	DIA	LFQ	Orbitrap Fusion Lumos	no	no	221215_main_search_5269.tsv;400_850_20W_overlap.txt;221215_main_search_5269.log.txt	simple	8	ms-proteomics;plants;dia-acquisition	none_in_pride	no	Verify filename tokens resolve condition and replicate before annotating
PXD046949	include	Small label-free project; mapping must come from acquisition filenames	PRIDE https://www.ebi.ac.uk/pride/ws/archive/v3/projects/PXD046949; files/all n=45	Q2	8	Homo sapiens (human)	45	8	raw	DIA	LFQ	Orbitrap Fusion Lumos	no	no	diann-output.stats.tsv;diann-output.tsv;DIANN.R	simple	8	ms-proteomics;human;dia-acquisition	none_in_pride	no	Verify filename tokens resolve condition and replicate before annotating
PXD047955	include	Small label-free project; mapping must come from acquisition filenames	PRIDE https://www.ebi.ac.uk/pride/ws/archive/v3/projects/PXD047955; files/all n=17	Q2	8	Vespa crabro	17	8	wiff	DIA	LFQ	TripleTOF 6600	no	no	SWATH_Library__FDR.xlsx	simple	8	ms-proteomics;dia-acquisition	none_in_pride	no	Verify filename tokens resolve condition and replicate before annotating
PXD048265	include	Small label-free project; mapping must come from acquisition filenames	PRIDE https://www.ebi.ac.uk/pride/ws/archive/v3/projects/PXD048265; files/all n=3	Q2	8	Homo sapiens (human)	3	2	raw	DIA	LFQ	Orbitrap Fusion	no	no	20231123_140051_zhangyan_1123_Report.xls	simple	2	ms-proteomics;human;dia-acquisition	none_in_pride	no	Verify filename tokens resolve condition and replicate before annotating
PXD048453	include	Small label-free project; mapping must come from acquisition filenames	PRIDE https://www.ebi.ac.uk/pride/ws/archive/v3/projects/PXD048453; files/all n=26	Q2	8	Mus musculus (mouse)	26	8	wiff	DIA	LFQ	TripleTOF 6600	no	no	checksum.txt;S210501_02_M1_Mouse__FDR.xlsx;S210501_04_M2C_Mouse__FDR.xlsx	simple	8	ms-proteomics;vertebrates;dia-acquisition	none_in_pride	no	Verify filename tokens resolve condition and replicate before annotating
PXD048613	include	Small label-free project; mapping must come from acquisition filenames	PRIDE https://www.ebi.ac.uk/pride/ws/archive/v3/projects/PXD048613; files/all n=8	Q2	8	Mus musculus (mouse)	8	6	raw	DIA	LFQ	Orbitrap Fusion Lumos	no	no	20220820_165438_yiluan_neutrophil_mouse_150min_directdia_20220819_Report.xls	simple	6	ms-proteomics;vertebrates;dia-acquisition	none_in_pride	no	Verify filename tokens resolve condition and replicate before annotating
PXD049373	include	Small label-free project; mapping must come from acquisition filenames	PRIDE https://www.ebi.ac.uk/pride/ws/archive/v3/projects/PXD049373; files/all n=17	Q2	8	Homo sapiens (human)	17	5	wiff	DIA	LFQ	TripleTOF 5600+	no	no	checksum.txt;Cell.line.name.to.file.guide.txt	simple	5	ms-proteomics;human;dia-acquisition	none_in_pride	no	Verify filename tokens resolve condition and replicate before annotating
PXD051177	include	Small label-free project; mapping must come from acquisition filenames	PRIDE https://www.ebi.ac.uk/pride/ws/archive/v3/projects/PXD051177; files/all n=17	Q2	8	Salmonella enterica subsp. enterica serovar typhimurium str. 98346;Salmonella enterica subsp. enterica serovar typhimurium str. lt2-4	17	8	wiff	DIA	LFQ	ZenoTOF 7600	no	no	Z01-12.tsv	simple	8	ms-proteomics;dia-acquisition	none_in_pride	no	Verify filename tokens resolve condition and replicate before annotating
PXD051479	include	Small label-free project; mapping must come from acquisition filenames	PRIDE https://www.ebi.ac.uk/pride/ws/archive/v3/projects/PXD051479; files/all n=56	Q2	8	Homo sapiens (human)	56	12	wiff	DIA	LFQ	ZenoTOF 7600	no	no	report.log.txt;report.tsv;report-lib.tsv	simple	12	ms-proteomics;human;dia-acquisition	none_in_pride	no	Verify filename tokens resolve condition and replicate before annotating
PXD052292	include	Small label-free project; mapping must come from acquisition filenames	PRIDE https://www.ebi.ac.uk/pride/ws/archive/v3/projects/PXD052292; files/all n=25	Q2	8	Homo sapiens (human)	25	12	wiff	DIA	LFQ	TripleTOF 6600	no	no	report.pg_matrix.tsv	simple	12	ms-proteomics;human;dia-acquisition;cell-lines	none_in_pride	no	Verify filename tokens resolve condition and replicate before annotating
PXD052372	include	Small label-free project; mapping must come from acquisition filenames	PRIDE https://www.ebi.ac.uk/pride/ws/archive/v3/projects/PXD052372; files/all n=5	Q2	8	Homo sapiens (human)	5	2	raw	DIA	LFQ	Q Exactive	no	no	checksum.txt	simple	2	ms-proteomics;human;dia-acquisition	none_in_pride	no	Verify filename tokens resolve condition and replicate before annotating
PXD053975	include	Small label-free project; mapping must come from acquisition filenames	PRIDE https://www.ebi.ac.uk/pride/ws/archive/v3/projects/PXD053975; files/all n=9	Q2	8	Mus musculus (mouse)	9	8	raw	DIA	LFQ	Q Exactive	no	no	2108306523838.xlsx	simple	8	ms-proteomics;vertebrates;dia-acquisition	none_in_pride	no	Verify filename tokens resolve condition and replicate before annotating
PXD054068	include	Small label-free project; mapping must come from acquisition filenames	PRIDE https://www.ebi.ac.uk/pride/ws/archive/v3/projects/PXD054068; files/all n=16	Q2	8	Rhipicephalus microplus	16	12	raw	DIA	LFQ	Orbitrap Exploris 480	no	no	163_282_2022_MP_orfseq_SFTSV_directDIA_ConditionSetup.tsv;163_282_2022_MP_orfseq_SFTSV_directDIA_Report_Protein_pivot_FP.xls;163_282_2022_MP_orfseq_SFTSV_directDIA_Report_peptide_pivot_FP.xls	simple	12	ms-proteomics;dia-acquisition	none_in_pride	no	Verify filename tokens resolve condition and replicate before annotating
PXD054773	include	Small label-free project; mapping must come from acquisition filenames	PRIDE https://www.ebi.ac.uk/pride/ws/archive/v3/projects/PXD054773; files/all n=9	Q2	8	Mus musculus (mouse)	9	8	raw	DIA	LFQ	TripleTOF 5600	no	no	proteinGroups.txt	simple	8	ms-proteomics;vertebrates;dia-acquisition	none_in_pride	no	Verify filename tokens resolve condition and replicate before annotating
PXD055191	include	Small label-free project; mapping must come from acquisition filenames	PRIDE https://www.ebi.ac.uk/pride/ws/archive/v3/projects/PXD055191; files/all n=8	Q2	8	Homo sapiens (human)	8	6	raw	DIA	LFQ	Orbitrap Astral	no	no	checksum.txt	simple	6	ms-proteomics;human;dia-acquisition	none_in_pride	no	Verify filename tokens resolve condition and replicate before annotating
PXD055350	include	Small label-free project; mapping must come from acquisition filenames	PRIDE https://www.ebi.ac.uk/pride/ws/archive/v3/projects/PXD055350; files/all n=15	Q2	8	Homo sapiens (human)	15	9	raw	DIA	LFQ	Orbitrap Fusion Lumos	no	no	readme.xlsx;checksum.txt;20240128_205103_VR_Ex46_DLCK1_directDIA_Report.tsv	simple	9	ms-proteomics;human;dia-acquisition	none_in_pride	no	Verify filename tokens resolve condition and replicate before annotating
PXD055825	include	Small label-free project; mapping must come from acquisition filenames	PRIDE https://www.ebi.ac.uk/pride/ws/archive/v3/projects/PXD055825; files/all n=7	Q2	8	Homo sapiens (human)	7	6	d.zip	DIA	LFQ	timsTOF Pro 2	no	no	report.pr_matrix.tsv	simple	6	ms-proteomics;human;dia-acquisition	none_in_pride	no	Verify filename tokens resolve condition and replicate before annotating
PXD055826	include	Small label-free project; mapping must come from acquisition filenames	PRIDE https://www.ebi.ac.uk/pride/ws/archive/v3/projects/PXD055826; files/all n=7	Q2	8	Homo sapiens (human)	7	6	d.zip	DIA	LFQ	timsTOF Pro 2	no	no	report.pr_matrix.tsv	simple	6	ms-proteomics;human;dia-acquisition	none_in_pride	no	Verify filename tokens resolve condition and replicate before annotating
PXD055855	include	Small label-free project; mapping must come from acquisition filenames	PRIDE https://www.ebi.ac.uk/pride/ws/archive/v3/projects/PXD055855; files/all n=11	Q2	8	Saccharomyces cerevisiae (baker's yeast)	11	9	d.zip	DIA	LFQ	timsTOF Pro 2	no	no	20231109_Nov_2023_Merced_Spectronaut_Report.tsv	simple	9	ms-proteomics;dia-acquisition	none_in_pride	no	Verify filename tokens resolve condition and replicate before annotating
PXD055873	include	Small label-free project; mapping must come from acquisition filenames	PRIDE https://www.ebi.ac.uk/pride/ws/archive/v3/projects/PXD055873; files/all n=18	Q2	8	Homo sapiens (human)	18	12	d.zip	DIA	LFQ	timsTOF Pro	no	no	5816_diaParameters.txt;files_description.txt;output.tsv	simple	12	ms-proteomics;human;dia-acquisition	none_in_pride	no	Verify filename tokens resolve condition and replicate before annotating
PXD055900	include	Small label-free project; mapping must come from acquisition filenames	PRIDE https://www.ebi.ac.uk/pride/ws/archive/v3/projects/PXD055900; files/all n=13	Q2	8	Homo sapiens (human)	13	12	d.zip	DIA	LFQ	timsTOF Pro 2	no	no	brain_report.pr_matrix.tsv	simple	12	ms-proteomics;human;dia-acquisition	none_in_pride	no	Verify filename tokens resolve condition and replicate before annotating
PXD056242	include	Small label-free project; mapping must come from acquisition filenames	PRIDE https://www.ebi.ac.uk/pride/ws/archive/v3/projects/PXD056242; files/all n=16	Q2	8	Homo sapiens (human)	16	8	raw	DIA	LFQ	Orbitrap Fusion Lumos	no	no	20240924_191224_dschuster_Report_protein_quant.csv;20240924_191224_dschuster_Report_protein_quant.log.txt;20240924_191224_dschuster_Report_protein_quant.setup.txt	simple	8	ms-proteomics;human;dia-acquisition	none_in_pride	no	Verify filename tokens resolve condition and replicate before annotating
PXD056424	include	Small label-free project; mapping must come from acquisition filenames	PRIDE https://www.ebi.ac.uk/pride/ws/archive/v3/projects/PXD056424; files/all n=23	Q2	8	Bos taurus (bovine)	23	10	wiff	DIA	LFQ	TripleTOF 6600	no	no	MS_ionLIBRARY_BousTaurus.txt;NormalizedAreas.xlsx;MS_ionLIBRARY_BousTaurus__FDR.xlsx	simple	10	ms-proteomics;vertebrates;dia-acquisition	none_in_pride	no	Verify filename tokens resolve condition and replicate before annotating
PXD056613	include	Small label-free project; mapping must come from acquisition filenames	PRIDE https://www.ebi.ac.uk/pride/ws/archive/v3/projects/PXD056613; files/all n=25	Q2	8	Homo sapiens (human)	25	12	wiff	DIA	LFQ	TripleTOF 6600	no	no	SWATH_Library__FDR.xlsx	simple	12	ms-proteomics;human;dia-acquisition	none_in_pride	no	Verify filename tokens resolve condition and replicate before annotating
PXD056636	include	Small label-free project; mapping must come from acquisition filenames	PRIDE https://www.ebi.ac.uk/pride/ws/archive/v3/projects/PXD056636; files/all n=18	Q2	8	Mus musculus (mouse)	18	8	wiff	DIA	LFQ	TripleTOF 6600	no	no	Original_data_untransformed.tsv;checksum.txt	simple	8	ms-proteomics;vertebrates;dia-acquisition	none_in_pride	no	Verify filename tokens resolve condition and replicate before annotating
PXD057162	include	Small label-free project; mapping must come from acquisition filenames	PRIDE https://www.ebi.ac.uk/pride/ws/archive/v3/projects/PXD057162; files/all n=5	Q2	8	Homo sapiens (human)	5	2	d.7z	DIA	LFQ	timsTOF Pro	no	no	report.log.txt;checksum.txt	simple	2	ms-proteomics;human;dia-acquisition	none_in_pride	no	Verify filename tokens resolve condition and replicate before annotating
PXD057310	include	Small label-free project; mapping must come from acquisition filenames	PRIDE https://www.ebi.ac.uk/pride/ws/archive/v3/projects/PXD057310; files/all n=11	Q2	8	Mus musculus (mouse)	11	10	d.zip	DIA	LFQ	timsTOF Pro	no	no	DIAnn_analysis.zip	simple	10	ms-proteomics;vertebrates;dia-acquisition	none_in_pride	no	Verify filename tokens resolve condition and replicate before annotating
PXD057430	include	Small label-free project; mapping must come from acquisition filenames	PRIDE https://www.ebi.ac.uk/pride/ws/archive/v3/projects/PXD057430; files/all n=4	Q2	8	Synechococcus sp. (strain atcc 27264 / pcc 7002 / pr-6) (agmenellum quadruplicatum)	4	2	raw	DIA	LFQ	Q Exactive HF	no	no	WT_Flag_IP_CP47.xlsx;0913CF_Flag_IP_CP47.xlsx	simple	2	ms-proteomics;dia-acquisition	none_in_pride	no	Verify filename tokens resolve condition and replicate before annotating
PXD057596	include	Small label-free project; mapping must come from acquisition filenames	PRIDE https://www.ebi.ac.uk/pride/ws/archive/v3/projects/PXD057596; files/all n=8	Q2	8	Synechococcus sp. (strain atcc 27264 / pcc 7002 / pr-6) (agmenellum quadruplicatum)	8	4	raw	DIA	LFQ	Q Exactive HF	no	no	BNPAGE_WT_COIP.xlsx;BNPAGE_0913CF_COIP.xlsx;WT_Flag_IP_CP47.xlsx	simple	4	ms-proteomics;dia-acquisition	none_in_pride	no	Verify filename tokens resolve condition and replicate before annotating
PXD057622	include	Small label-free project; mapping must come from acquisition filenames	PRIDE https://www.ebi.ac.uk/pride/ws/archive/v3/projects/PXD057622; files/all n=46	Q2	8	Homo sapiens (human)	46	9	wiff	DIA	LFQ	ZenoTOF 7600	no	no	20240924_131823_PCF000039-SpectronautV19.sne	simple	9	ms-proteomics;human;dia-acquisition	none_in_pride	no	Verify filename tokens resolve condition and replicate before annotating
PXD057643	include	Submitter deposited an SDRF in PRIDE; import, validate, and improve	PRIDE https://www.ebi.ac.uk/pride/ws/archive/v3/projects/PXD057643; files/all n=27	Q0	8	Homo sapiens (human)	27	24	d.zip	DIA	LFQ	timsTOF Pro 2;timsTOF Pro	yes	yes	SDRF.txt	moderate	24	ms-proteomics;human;dia-acquisition	none_in_pride	no	deposited: SDRF.txt
PXD058037	include	Small label-free project; mapping must come from acquisition filenames	PRIDE https://www.ebi.ac.uk/pride/ws/archive/v3/projects/PXD058037; files/all n=40	Q2	8	Homo sapiens (human)	40	10	wiff.zip	DIA	LFQ	ZenoTOF 7600	no	no	checksum.txt	simple	10	ms-proteomics;human;dia-acquisition	none_in_pride	no	Verify filename tokens resolve condition and replicate before annotating
PXD058185	include	Submitter deposited an SDRF in PRIDE; import, validate, and improve	PRIDE https://www.ebi.ac.uk/pride/ws/archive/v3/projects/PXD058185; files/all n=26	Q0	8	Mus musculus (mouse)	26	24	d.zip	DIA	LFQ	timsTOF Pro 2	yes	yes	SDRF.sdrf	moderate	24	ms-proteomics;vertebrates;dia-acquisition	none_in_pride	no	deposited: SDRF.sdrf
PXD058199	include	Small label-free project; mapping must come from acquisition filenames	PRIDE https://www.ebi.ac.uk/pride/ws/archive/v3/projects/PXD058199; files/all n=7	Q2	8	Saccharomyces cerevisiae (baker's yeast)	7	6	raw	DIA	LFQ	Q Exactive	no	no	230908_HGoold_yeast_DianNN_results.tsv	simple	6	ms-proteomics;dia-acquisition	none_in_pride	no	Verify filename tokens resolve condition and replicate before annotating
PXD058292	include	Small label-free project; mapping must come from acquisition filenames	PRIDE https://www.ebi.ac.uk/pride/ws/archive/v3/projects/PXD058292; files/all n=16	Q2	8	Homo sapiens (human)	16	9	raw	DIA	LFQ	Orbitrap Fusion Lumos	no	no	readme.xlsx;20240619_152747_VR_Ex63_CAMK1_s18_Report.tsv;checksum.txt	simple	9	ms-proteomics;human;dia-acquisition	none_in_pride	no	Verify filename tokens resolve condition and replicate before annotating
PXD058317	include	Small label-free project; mapping must come from acquisition filenames	PRIDE https://www.ebi.ac.uk/pride/ws/archive/v3/projects/PXD058317; files/all n=18	Q2	8	Homo sapiens (human)	18	12	raw	DIA	LFQ	Orbitrap Fusion Lumos	no	no	readme.xlsx;20240807_092356_VR_Ex68_dirDIA_Report.tsv	simple	12	ms-proteomics;human;dia-acquisition	none_in_pride	no	Verify filename tokens resolve condition and replicate before annotating
PXD058318	include	Small label-free project; mapping must come from acquisition filenames	PRIDE https://www.ebi.ac.uk/pride/ws/archive/v3/projects/PXD058318; files/all n=16	Q2	8	Homo sapiens (human)	16	9	raw	DIA	LFQ	Orbitrap Fusion Lumos	no	no	20240502_150049_VR_Ex56_dirDIA_Report.tsv;readme.xlsx;checksum.txt	simple	9	ms-proteomics;human;dia-acquisition	none_in_pride	no	Verify filename tokens resolve condition and replicate before annotating
PXD058320	include	Small label-free project; mapping must come from acquisition filenames	PRIDE https://www.ebi.ac.uk/pride/ws/archive/v3/projects/PXD058320; files/all n=16	Q2	8	Homo sapiens (human)	16	9	raw	DIA	LFQ	Orbitrap Fusion Lumos	no	no	readme.xlsx;20240619_152610_VR_Ex63_PRKCA_s18_Report.tsv;checksum.txt	simple	9	ms-proteomics;human;dia-acquisition	none_in_pride	no	Verify filename tokens resolve condition and replicate before annotating
PXD058559	include	Small label-free project; mapping must come from acquisition filenames	PRIDE https://www.ebi.ac.uk/pride/ws/archive/v3/projects/PXD058559; files/all n=11	Q2	8	Mus musculus (mouse)	11	8	raw	DIA	LFQ	Q Exactive	no	no	checksum.txt;20240104-YP202389746-Cold-peptide.xlsx;20240104-YP202389746-Cold-protein.xlsx	simple	8	ms-proteomics;vertebrates;dia-acquisition	none_in_pride	no	Verify filename tokens resolve condition and replicate before annotating
PXD058906	include	Small label-free project; mapping must come from acquisition filenames	PRIDE https://www.ebi.ac.uk/pride/ws/archive/v3/projects/PXD058906; files/all n=10	Q2	8	Homo sapiens (human)	10	8	d.7z	DIA	LFQ	timsTOF Pro 2	no	no	FrSO230330_DIA-NN-CAF_LFQreordered_n4_DIA-NNreport.log.zip	simple	8	ms-proteomics;human;dia-acquisition	none_in_pride	no	Verify filename tokens resolve condition and replicate before annotating
PXD058954	include	Small label-free project; mapping must come from acquisition filenames	PRIDE https://www.ebi.ac.uk/pride/ws/archive/v3/projects/PXD058954; files/all n=13	Q2	8	Homo sapiens (human)	13	12	d.zip	DIA	LFQ	timsTOF Pro	no	no	DIANN_4139_TurboID.zip	simple	12	ms-proteomics;human;dia-acquisition	none_in_pride	no	Verify filename tokens resolve condition and replicate before annotating
PXD059377	include	Small label-free project; mapping must come from acquisition filenames	PRIDE https://www.ebi.ac.uk/pride/ws/archive/v3/projects/PXD059377; files/all n=19	Q2	8	Mus musculus (mouse)	19	6	wiff	DIA	LFQ	ZenoTOF 7600	no	no	240704_SKKU_w_LF_mouse.tsv	simple	6	ms-proteomics;vertebrates;dia-acquisition	none_in_pride	no	Verify filename tokens resolve condition and replicate before annotating
PXD059509	include	Small label-free project; mapping must come from acquisition filenames	PRIDE https://www.ebi.ac.uk/pride/ws/archive/v3/projects/PXD059509; files/all n=19	Q2	8	Chlorella ohadii	19	12	d.zip	DIA	LFQ	timsTOF Pro	no	no	5589_report_customDTB.tsv;5795_report.tsv;5589_report.tsv	simple	12	ms-proteomics;dia-acquisition	none_in_pride	no	Verify filename tokens resolve condition and replicate before annotating
PXD059510	include	Small label-free project; mapping must come from acquisition filenames	PRIDE https://www.ebi.ac.uk/pride/ws/archive/v3/projects/PXD059510; files/all n=19	Q2	8	Homo sapiens (human)	19	8	wiff	DIA	LFQ	TripleTOF 5600	no	no	DDA-Exosomen_hLib_ProteinSummary.txt;File-list.xlsx	simple	8	ms-proteomics;human;dia-acquisition;cell-lines	none_in_pride	no	Verify filename tokens resolve condition and replicate before annotating
PXD059560	include	Small label-free project; mapping must come from acquisition filenames	PRIDE https://www.ebi.ac.uk/pride/ws/archive/v3/projects/PXD059560; files/all n=15	Q2	8	Danio rerio (zebrafish) (brachydanio rerio)	15	12	d.zip;raw	DIA	LFQ	Orbitrap Exploris 480;timsTOF HT	no	no	report.tsv;File_names.xlsx	simple	12	ms-proteomics;vertebrates;dia-acquisition	none_in_pride	no	Verify filename tokens resolve condition and replicate before annotating
PXD059631	include	Submitter deposited an SDRF in PRIDE; import, validate, and improve	PRIDE https://www.ebi.ac.uk/pride/ws/archive/v3/projects/PXD059631; files/all n=30	Q0	8	Synechocystis sp. (strain pcc 6803 / kazusa)	30	20	raw	DIA	LFQ	Q Exactive HF	yes	yes	sdrf.csv	moderate	20	ms-proteomics;dia-acquisition	none_in_pride	no	deposited: sdrf.csv
PXD059684	include	Small label-free project; mapping must come from acquisition filenames	PRIDE https://www.ebi.ac.uk/pride/ws/archive/v3/projects/PXD059684; files/all n=29	Q2	8	Fasciola hepatica (liver fluke)	29	12	wiff	DIA	LFQ	TripleTOF 6600	no	no	PeptideSummary_Library_3h_24h_8d_FDR.xlsx.xlsx;ProteinSummary_Library_3h_24h_8d_FDR.xlsx.xlsx;FileReport.xlsx	simple	12	ms-proteomics;dia-acquisition	none_in_pride	no	Verify filename tokens resolve condition and replicate before annotating
PXD060177	include	Small label-free project; mapping must come from acquisition filenames	PRIDE https://www.ebi.ac.uk/pride/ws/archive/v3/projects/PXD060177; files/all n=9	Q2	8	Homo sapiens (human)	9	7	d.zip	DIA	LFQ	timsTOF Pro 2	no	no	136_extracted_pr_matrix.xlsx;136_GG.pr_matrix.tsv	simple	7	ms-proteomics;human;dia-acquisition	none_in_pride	no	Verify filename tokens resolve condition and replicate before annotating
PXD060207	include	Small label-free project; mapping must come from acquisition filenames	PRIDE https://www.ebi.ac.uk/pride/ws/archive/v3/projects/PXD060207; files/all n=13	Q2	8	Homo sapiens (human)	13	12	d.zip	DIA	LFQ	timsTOF Pro 2	no	no	86_extracted_pr_matrix.xlsx	simple	12	ms-proteomics;human;dia-acquisition	none_in_pride	no	Verify filename tokens resolve condition and replicate before annotating
PXD060208	include	Small label-free project; mapping must come from acquisition filenames	PRIDE https://www.ebi.ac.uk/pride/ws/archive/v3/projects/PXD060208; files/all n=13	Q2	8	Homo sapiens (human)	13	12	d.zip	DIA	LFQ	timsTOF Pro 2	no	no	193_extracted_pr_matrix.xlsx	simple	12	ms-proteomics;human;dia-acquisition	none_in_pride	no	Verify filename tokens resolve condition and replicate before annotating
PXD060294	include	Small label-free project; mapping must come from acquisition filenames	PRIDE https://www.ebi.ac.uk/pride/ws/archive/v3/projects/PXD060294; files/all n=13	Q2	8	Homo sapiens (human)	13	12	d.zip	DIA	LFQ	timsTOF Pro 2	no	no	225_extracted_pr_matrix.xlsx	simple	12	ms-proteomics;human;dia-acquisition	none_in_pride	no	Verify filename tokens resolve condition and replicate before annotating
PXD060299	include	Small label-free project; mapping must come from acquisition filenames	PRIDE https://www.ebi.ac.uk/pride/ws/archive/v3/projects/PXD060299; files/all n=13	Q2	8	Homo sapiens (human)	13	12	d.zip	DIA	LFQ	timsTOF Pro 2	no	no	58_extracted_pr_matrix.xlsx	simple	12	ms-proteomics;human;dia-acquisition	none_in_pride	no	Verify filename tokens resolve condition and replicate before annotating
PXD060331	include	Small label-free project; mapping must come from acquisition filenames	PRIDE https://www.ebi.ac.uk/pride/ws/archive/v3/projects/PXD060331; files/all n=13	Q2	8	Homo sapiens (human)	13	12	d.zip	DIA	LFQ	timsTOF Pro 2	no	no	144_extracted_pr_matrix.xlsx	simple	12	ms-proteomics;human;dia-acquisition	none_in_pride	no	Verify filename tokens resolve condition and replicate before annotating
PXD060334	include	Small label-free project; mapping must come from acquisition filenames	PRIDE https://www.ebi.ac.uk/pride/ws/archive/v3/projects/PXD060334; files/all n=10	Q2	8	Homo sapiens (human)	10	9	d.zip	DIA	LFQ	timsTOF Pro 2	no	no	92_extracted_pr_matrix.xlsx	simple	9	ms-proteomics;human;dia-acquisition	none_in_pride	no	Verify filename tokens resolve condition and replicate before annotating
PXD060356	include	Small label-free project; mapping must come from acquisition filenames	PRIDE https://www.ebi.ac.uk/pride/ws/archive/v3/projects/PXD060356; files/all n=10	Q2	8	Homo sapiens (human)	10	6	d.tar	DIA	LFQ	timsTOF HT	no	no	ID_23183_Spectronaut_result.SNE	simple	6	ms-proteomics;human;dia-acquisition	none_in_pride	no	Verify filename tokens resolve condition and replicate before annotating
PXD060363	include	Small label-free project; mapping must come from acquisition filenames	PRIDE https://www.ebi.ac.uk/pride/ws/archive/v3/projects/PXD060363; files/all n=18	Q2	8	Homo sapiens (human)	18	12	d.tar	DIA	LFQ	timsTOF HT	no	no	ID_24296_Spectronaut_result.SNE;ID_24273_Spectronaut_result.SNE	simple	12	ms-proteomics;human;dia-acquisition	none_in_pride	no	Verify filename tokens resolve condition and replicate before annotating
PXD060416	include	Small label-free project; mapping must come from acquisition filenames	PRIDE https://www.ebi.ac.uk/pride/ws/archive/v3/projects/PXD060416; files/all n=4	Q2	8	Escherichia coli;Bacteria	4	2	d.zip	DIA	LFQ	timsTOF Pro 2	no	no	checksum.txt	simple	2	ms-proteomics;dia-acquisition	none_in_pride	no	Verify filename tokens resolve condition and replicate before annotating
PXD061079	include	Small label-free project; mapping must come from acquisition filenames	PRIDE https://www.ebi.ac.uk/pride/ws/archive/v3/projects/PXD061079; files/all n=12	Q2	8	Homo sapiens (human)	12	8	d.zip	DIA	LFQ	timsTOF Pro	no	no	diaParameters.txt	simple	8	ms-proteomics;human;dia-acquisition	none_in_pride	no	Verify filename tokens resolve condition and replicate before annotating
PXD061711	include	Small label-free project; mapping must come from acquisition filenames	PRIDE https://www.ebi.ac.uk/pride/ws/archive/v3/projects/PXD061711; files/all n=44	Q2	8	Homo sapiens (human)	44	10	wiff	DIA	LFQ	ultraflex	no	no	checksum.txt	simple	10	ms-proteomics;human;dia-acquisition	none_in_pride	no	Verify filename tokens resolve condition and replicate before annotating
PXD062037	include	Small label-free project; mapping must come from acquisition filenames	PRIDE https://www.ebi.ac.uk/pride/ws/archive/v3/projects/PXD062037; files/all n=11	Q2	8	Mus musculus (mouse)	11	9	d.7z	DIA	LFQ	timsTOF Pro	no	no	DIAnn_analysis_results.zip	simple	9	ms-proteomics;vertebrates;dia-acquisition	none_in_pride	no	Verify filename tokens resolve condition and replicate before annotating
PXD062468	include	Small label-free project; mapping must come from acquisition filenames	PRIDE https://www.ebi.ac.uk/pride/ws/archive/v3/projects/PXD062468; files/all n=11	Q2	8	Camellia sinensis	11	9	d.zip	DIA	LFQ	API 3000	no	no	checksum.txt;all_Peptides.txt	simple	9	ms-proteomics;dia-acquisition	none_in_pride	no	Verify filename tokens resolve condition and replicate before annotating
PXD062955	include	Small label-free project; mapping must come from acquisition filenames	PRIDE https://www.ebi.ac.uk/pride/ws/archive/v3/projects/PXD062955; files/all n=26	Q2	8	Homo sapiens (human)	26	12	wiff	DIA	LFQ	TripleTOF 6600	no	no	checksum.txt;SEARCH.xlsx	simple	12	ms-proteomics;human;dia-acquisition	none_in_pride	no	Verify filename tokens resolve condition and replicate before annotating
PXD063161	include	Small label-free project; mapping must come from acquisition filenames	PRIDE https://www.ebi.ac.uk/pride/ws/archive/v3/projects/PXD063161; files/all n=15	Q2	8	Rattus norvegicus (rat)	15	9	d.zip	DIA	LFQ	autoflex	no	no	dia.db.supportPeptides.csv	simple	9	ms-proteomics;vertebrates;dia-acquisition	none_in_pride	no	Verify filename tokens resolve condition and replicate before annotating
PXD063162	include	Small label-free project; mapping must come from acquisition filenames	PRIDE https://www.ebi.ac.uk/pride/ws/archive/v3/projects/PXD063162; files/all n=13	Q2	8	Homo sapiens (human)	13	8	d.zip	DIA	LFQ	timsTOF Pro	no	no	files_description.txt;240409_main_search.tsv	simple	8	ms-proteomics;human;dia-acquisition	none_in_pride	no	Verify filename tokens resolve condition and replicate before annotating
PXD063241	include	Small label-free project; mapping must come from acquisition filenames	PRIDE https://www.ebi.ac.uk/pride/ws/archive/v3/projects/PXD063241; files/all n=3	Q2	8	Homo sapiens (human)	3	1	d.zip	DIA	LFQ	timsTOF Pro	no	no	checksum.txt	simple	1	ms-proteomics;human;dia-acquisition	none_in_pride	no	Verify filename tokens resolve condition and replicate before annotating
PXD063351	include	Submitter deposited an SDRF in PRIDE; import, validate, and improve	PRIDE https://www.ebi.ac.uk/pride/ws/archive/v3/projects/PXD063351; files/all n=20	Q0	8	Mus musculus (mouse)	20	17	d.zip	DIA	LFQ	timsTOF HT	yes	yes	SDRF.tsv	moderate	17	ms-proteomics;vertebrates;dia-acquisition	none_in_pride	no	deposited: SDRF.tsv
PXD063557	include	Small label-free project; mapping must come from acquisition filenames	PRIDE https://www.ebi.ac.uk/pride/ws/archive/v3/projects/PXD063557; files/all n=11	Q2	8	Homo sapiens (human)	11	10	d.zip	DIA	LFQ	timsTOF Pro 2	no	no	wp-esf_566-8hr_esf4_diann_directdia_20240506.pr_matrix_upload.tsv	simple	10	ms-proteomics;human;dia-acquisition	none_in_pride	no	Verify filename tokens resolve condition and replicate before annotating
PXD063560	include	Small label-free project; mapping must come from acquisition filenames	PRIDE https://www.ebi.ac.uk/pride/ws/archive/v3/projects/PXD063560; files/all n=26	Q2	8	Listeria monocytogenes;Homo sapiens (human)	26	8	d.zip	DIA	LFQ	timsTOF SCP	no	no	spectronaut_result.zip;peptide_centric_DIANN_first_and_second_pass.zip	simple	8	ms-proteomics;dia-acquisition	none_in_pride	no	Verify filename tokens resolve condition and replicate before annotating
PXD063661	include	Small label-free project; mapping must come from acquisition filenames	PRIDE https://www.ebi.ac.uk/pride/ws/archive/v3/projects/PXD063661; files/all n=7	Q2	8	Mus musculus (mouse)	7	6	d.zip	DIA	LFQ	timsTOF HT	no	no	report.pg_matrix.tsv	simple	6	ms-proteomics;vertebrates;dia-acquisition;cell-lines	none_in_pride	no	Verify filename tokens resolve condition and replicate before annotating
PXD063718	include	Submitter deposited an SDRF in PRIDE; import, validate, and improve	PRIDE https://www.ebi.ac.uk/pride/ws/archive/v3/projects/PXD063718; files/all n=27	Q0	8	Phytophthora cinnamomi	27	12	wiff	DIA	TMT/iTRAQ/SILAC	TripleTOF 5600	yes	yes	sdrf-default.sdrf.tsv.tsv	simple	12	ms-proteomics;dia-acquisition	none_in_pride	no	deposited: sdrf-default.sdrf.tsv.tsv
PXD063851	include	Small label-free project; mapping must come from acquisition filenames	PRIDE https://www.ebi.ac.uk/pride/ws/archive/v3/projects/PXD063851; files/all n=9	Q2	8	Homo sapiens (human)	9	8	d.zip	DIA	LFQ	timsTOF HT	no	no	report.pg_matrix.tsv	simple	8	ms-proteomics;human;dia-acquisition;cell-lines	none_in_pride	no	Verify filename tokens resolve condition and replicate before annotating
PXD063952	include	Small label-free project; mapping must come from acquisition filenames	PRIDE https://www.ebi.ac.uk/pride/ws/archive/v3/projects/PXD063952; files/all n=38	Q2	8	Homo sapiens (human)	38	12	wiff	DIA	LFQ	TripleTOF 5600	no	no	Supplementary_Paper2.xlsx	simple	12	ms-proteomics;human;dia-acquisition;cell-lines	none_in_pride	no	Verify filename tokens resolve condition and replicate before annotating
PXD063971	include	Small label-free project; mapping must come from acquisition filenames	PRIDE https://www.ebi.ac.uk/pride/ws/archive/v3/projects/PXD063971; files/all n=8	Q2	8	Homo sapiens (human);Mus musculus (mouse)	8	6	d.zip	DIA	LFQ	timsTOF Pro	no	no	checksum.txt;APEX2-CDK3.xlsx	simple	6	ms-proteomics;dia-acquisition	none_in_pride	no	Verify filename tokens resolve condition and replicate before annotating
PXD064668	include	Small label-free project; mapping must come from acquisition filenames	PRIDE https://www.ebi.ac.uk/pride/ws/archive/v3/projects/PXD064668; files/all n=15	Q2	8	Homo sapiens (human)	15	12	raw	DIA	LFQ	Orbitrap Exploris 480	no	no	checksum.txt;Experiment_Name.xlsx	simple	12	ms-proteomics;human;dia-acquisition;cell-lines	none_in_pride	no	Verify filename tokens resolve condition and replicate before annotating
PXD064682	include	Small label-free project; mapping must come from acquisition filenames	PRIDE https://www.ebi.ac.uk/pride/ws/archive/v3/projects/PXD064682; files/all n=14	Q2	8	Komagataella phaffii	14	12	raw	DIA	LFQ	Orbitrap Exploris 480	no	no	checksum.txt	simple	12	ms-proteomics;dia-acquisition	none_in_pride	no	Verify filename tokens resolve condition and replicate before annotating
PXD064869	include	Small label-free project; mapping must come from acquisition filenames	PRIDE https://www.ebi.ac.uk/pride/ws/archive/v3/projects/PXD064869; files/all n=25	Q2	8	Homo sapiens (human)	25	12	wiff	DIA	LFQ	TripleTOF 6600	no	no	201209_Amalia_Mir_pLKO_report.pg_matrix.tsv	simple	12	ms-proteomics;human;dia-acquisition;cell-lines	none_in_pride	no	Verify filename tokens resolve condition and replicate before annotating
PXD065687	include	Small label-free project; mapping must come from acquisition filenames	PRIDE https://www.ebi.ac.uk/pride/ws/archive/v3/projects/PXD065687; files/all n=12	Q2	8	Homo sapiens (human)	12	6	d.zip	DIA	LFQ	maXis	no	no	20250527_091632_240828_LB_H2505_9170_Karpman_EVs_Report.setup.txt;20250527_091632_240828_LB_H2505_9170_Karpman_EVs_Report.log.txt;20250527_091632_240828_LB_H2505_9170_Karpman_EVs_Report.tsv	simple	6	ms-proteomics;human;dia-acquisition	none_in_pride	no	Verify filename tokens resolve condition and replicate before annotating
PXD066252	include	Small label-free project; mapping must come from acquisition filenames	PRIDE https://www.ebi.ac.uk/pride/ws/archive/v3/projects/PXD066252; files/all n=13	Q2	8	Mus musculus (mouse)	13	12	d.zip	DIA	LFQ	timsTOF HT	no	no	HAA289_Male_BSG_ProteinReport.xlsx	simple	12	ms-proteomics;vertebrates;dia-acquisition	none_in_pride	no	Verify filename tokens resolve condition and replicate before annotating
PXD066261	include	Small label-free project; mapping must come from acquisition filenames	PRIDE https://www.ebi.ac.uk/pride/ws/archive/v3/projects/PXD066261; files/all n=15	Q2	8	Mus musculus (mouse)	15	12	d.zip	DIA	LFQ	timsTOF Pro	no	no	checksum.txt	simple	12	ms-proteomics;vertebrates;dia-acquisition	none_in_pride	no	Verify filename tokens resolve condition and replicate before annotating
PXD066262	include	Small label-free project; mapping must come from acquisition filenames	PRIDE https://www.ebi.ac.uk/pride/ws/archive/v3/projects/PXD066262; files/all n=9	Q2	8	Homo sapiens (human)	9	6	d.zip	DIA	LFQ	timsTOF HT	no	no	checksum.txt;report.log.txt	simple	6	ms-proteomics;human;dia-acquisition	none_in_pride	no	Verify filename tokens resolve condition and replicate before annotating
PXD066533	include	Small label-free project; mapping must come from acquisition filenames	PRIDE https://www.ebi.ac.uk/pride/ws/archive/v3/projects/PXD066533; files/all n=10	Q2	8	Mus musculus (mouse)	10	8	d.zip	DIA	LFQ	timsTOF HT	no	no	t250213_PO2000_Spectronaut_JR_250217.sne	simple	8	ms-proteomics;vertebrates;dia-acquisition	none_in_pride	no	Verify filename tokens resolve condition and replicate before annotating
PXD066637	include	Submitter deposited an SDRF in PRIDE; import, validate, and improve	PRIDE https://www.ebi.ac.uk/pride/ws/archive/v3/projects/PXD066637; files/all n=25	Q0	8	Homo sapiens (human)	25	22	raw	DIA	LFQ	Q Exactive HF	yes	yes	sdrf.txt	moderate	22	ms-proteomics;human;dia-acquisition	none_in_pride	no	deposited: sdrf.txt
PXD066710	include	Small label-free project; mapping must come from acquisition filenames	PRIDE https://www.ebi.ac.uk/pride/ws/archive/v3/projects/PXD066710; files/all n=10	Q2	8	Mus musculus (mouse)	10	8	d.zip	DIA	LFQ	timsTOF Pro 2	no	no	checksum.txt	simple	8	ms-proteomics;vertebrates;dia-acquisition	none_in_pride	no	Verify filename tokens resolve condition and replicate before annotating
PXD066765	include	Small label-free project; mapping must come from acquisition filenames	PRIDE https://www.ebi.ac.uk/pride/ws/archive/v3/projects/PXD066765; files/all n=11	Q2	8	Homo sapiens (human)	11	8	raw	DIA	LFQ	Orbitrap Exploris 480	no	no	IdentifiedAndQuantifiedProteins.tsv.txt;Results.csv	simple	8	ms-proteomics;human;dia-acquisition	none_in_pride	no	Verify filename tokens resolve condition and replicate before annotating
PXD066828	include	Small label-free project; mapping must come from acquisition filenames	PRIDE https://www.ebi.ac.uk/pride/ws/archive/v3/projects/PXD066828; files/all n=9	Q2	8	Toxoplasma gondii gt1	9	6	raw	DIA	LFQ	Q Exactive HF	no	no	spectronaut_settings.txt	simple	6	ms-proteomics;dia-acquisition	none_in_pride	no	Verify filename tokens resolve condition and replicate before annotating
PXD066939	include	Small label-free project; mapping must come from acquisition filenames	PRIDE https://www.ebi.ac.uk/pride/ws/archive/v3/projects/PXD066939; files/all n=14	Q2	8	Homo sapiens (human)	14	12	raw	DIA	LFQ	Orbitrap Exploris 480	no	no	checksum.txt	simple	12	ms-proteomics;human;dia-acquisition	none_in_pride	no	Verify filename tokens resolve condition and replicate before annotating
PXD067016	include	Small label-free project; mapping must come from acquisition filenames	PRIDE https://www.ebi.ac.uk/pride/ws/archive/v3/projects/PXD067016; files/all n=10	Q2	8	Homo sapiens (human)	10	9	d.zip	DIA	LFQ	timsTOF HT	no	no	wp-esf_664_esf4_diann_directdia_20250622_psms_filt.csv	simple	9	ms-proteomics;human;dia-acquisition	none_in_pride	no	Verify filename tokens resolve condition and replicate before annotating
PXD067063	include	Small label-free project; mapping must come from acquisition filenames	PRIDE https://www.ebi.ac.uk/pride/ws/archive/v3/projects/PXD067063; files/all n=7	Q2	8	Homo sapiens (human)	7	6	d.zip	DIA	LFQ	timsTOF HT	no	no	wp-esf_637_esf4_diann_directdia_20250207.pr_matrix.tsv	simple	6	ms-proteomics;human;dia-acquisition;cell-lines	none_in_pride	no	Verify filename tokens resolve condition and replicate before annotating
PXD067076	include	Small label-free project; mapping must come from acquisition filenames	PRIDE https://www.ebi.ac.uk/pride/ws/archive/v3/projects/PXD067076; files/all n=9	Q2	8	Homo sapiens (human)	9	8	d.zip	DIA	LFQ	timsTOF Ultra 2	no	no	ip-esf_549_73-96-rerun_esf6_diann_directdia_20250707.pr_matrix_edit.tsv	simple	8	ms-proteomics;human;dia-acquisition;cell-lines	none_in_pride	no	Verify filename tokens resolve condition and replicate before annotating
PXD067099	include	Small label-free project; mapping must come from acquisition filenames	PRIDE https://www.ebi.ac.uk/pride/ws/archive/v3/projects/PXD067099; files/all n=13	Q2	8	Homo sapiens (human)	13	10	d.zip	DIA	LFQ	timsTOF Pro 2	no	no	out_DIANN_tears.pg_matrix.tsv	simple	10	ms-proteomics;human;dia-acquisition	none_in_pride	no	Verify filename tokens resolve condition and replicate before annotating
PXD067162	include	Small label-free project; mapping must come from acquisition filenames	PRIDE https://www.ebi.ac.uk/pride/ws/archive/v3/projects/PXD067162; files/all n=5	Q2	8	Anoplocephala perfoliata	5	4	raw	DIA	LFQ	Orbitrap Ascend	no	no	Report.tsv	simple	4	ms-proteomics;dia-acquisition	none_in_pride	no	Verify filename tokens resolve condition and replicate before annotating
PXD067282	include	Small label-free project; mapping must come from acquisition filenames	PRIDE https://www.ebi.ac.uk/pride/ws/archive/v3/projects/PXD067282; files/all n=11	Q2	8	Homo sapiens (human)	11	9	raw	DIA	LFQ	Orbitrap Astral	no	no	checksum.txt	simple	9	ms-proteomics;human;dia-acquisition;cell-lines	none_in_pride	no	Verify filename tokens resolve condition and replicate before annotating
PXD067298	include	Small label-free project; mapping must come from acquisition filenames	PRIDE https://www.ebi.ac.uk/pride/ws/archive/v3/projects/PXD067298; files/all n=5	Q2	8	Mus musculus (mouse)	5	2	d.zip	DIA	LFQ	timsTOF HT	no	no	MS_identified_information.xlsx	simple	2	ms-proteomics;vertebrates;dia-acquisition	none_in_pride	no	Verify filename tokens resolve condition and replicate before annotating
PXD067317	include	Submitter deposited an SDRF in PRIDE; import, validate, and improve	PRIDE https://www.ebi.ac.uk/pride/ws/archive/v3/projects/PXD067317; files/all n=26	Q0	8	Homo sapiens (human)	26	24	raw	DIA	LFQ	Orbitrap Astral Zoom;Orbitrap Astral	yes	yes	sdrf-50SPD.sdrf.xlsx	moderate	24	ms-proteomics;human;dia-acquisition;cell-lines	none_in_pride	no	deposited: sdrf-50SPD.sdrf.xlsx
PXD067382	include	Submitter deposited an SDRF in PRIDE; import, validate, and improve	PRIDE https://www.ebi.ac.uk/pride/ws/archive/v3/projects/PXD067382; files/all n=23	Q0	8	Arabidopsis thaliana (mouse-ear cress)	23	18	raw	DIA	LFQ	Orbitrap Exploris 480	yes	yes	sdrf-plants_amiRNA.tsv	moderate	18	ms-proteomics;plants;dia-acquisition	none_in_pride	no	deposited: sdrf-plants_amiRNA.tsv
PXD067446	include	Small label-free project; mapping must come from acquisition filenames	PRIDE https://www.ebi.ac.uk/pride/ws/archive/v3/projects/PXD067446; files/all n=15	Q2	8	Cavia porcellus (guinea pig)	15	12	d.zip	DIA	LFQ	timsTOF Pro	no	no	checksum.txt	simple	12	ms-proteomics;dia-acquisition	none_in_pride	no	Verify filename tokens resolve condition and replicate before annotating
PXD067589	include	Small label-free project; mapping must come from acquisition filenames	PRIDE https://www.ebi.ac.uk/pride/ws/archive/v3/projects/PXD067589; files/all n=9	Q2	8	Homo sapiens (human)	9	6	raw	DIA	LFQ	Orbitrap Astral	no	no	MS_Report_peptide.csv;MS_Report_protein.csv;checksum.txt	simple	6	ms-proteomics;human;dia-acquisition	none_in_pride	no	Verify filename tokens resolve condition and replicate before annotating
PXD067686	include	Small label-free project; mapping must come from acquisition filenames	PRIDE https://www.ebi.ac.uk/pride/ws/archive/v3/projects/PXD067686; files/all n=10	Q2	8	Sus scrofa domesticus (domestic pig)	10	6	raw	DIA	LFQ	LTQ Orbitrap	no	no	md5sum.txt;checksum.txt	simple	6	ms-proteomics;vertebrates;dia-acquisition	none_in_pride	no	Verify filename tokens resolve condition and replicate before annotating
PXD067750	include	Small label-free project; mapping must come from acquisition filenames	PRIDE https://www.ebi.ac.uk/pride/ws/archive/v3/projects/PXD067750; files/all n=12	Q2	8	Homo sapiens (human)	12	8	raw	DIA	LFQ	timsTOF HT;Q Exactive HF	no	no	20230705_113222_NME_Muscle_PURA_N238-20_vs_IOPD_Ctrl_Report.csv;Analysis_VesikelVenki_PURA_combined_fractions.csv	simple	8	ms-proteomics;human;dia-acquisition	none_in_pride	no	Verify filename tokens resolve condition and replicate before annotating
PXD067756	include	Small label-free project; mapping must come from acquisition filenames	PRIDE https://www.ebi.ac.uk/pride/ws/archive/v3/projects/PXD067756; files/all n=15	Q2	8	Cavia porcellus (guinea pig)	15	12	d.zip	DIA	LFQ	timsTOF Pro	no	no	checksum.txt	simple	12	ms-proteomics;dia-acquisition	none_in_pride	no	Verify filename tokens resolve condition and replicate before annotating
PXD067757	include	Small label-free project; mapping must come from acquisition filenames	PRIDE https://www.ebi.ac.uk/pride/ws/archive/v3/projects/PXD067757; files/all n=15	Q2	8	Cavia porcellus (guinea pig)	15	12	d.zip	DIA	LFQ	timsTOF Pro	no	no	checksum.txt	simple	12	ms-proteomics;dia-acquisition	none_in_pride	no	Verify filename tokens resolve condition and replicate before annotating
PXD067824	include	Small label-free project; mapping must come from acquisition filenames	PRIDE https://www.ebi.ac.uk/pride/ws/archive/v3/projects/PXD067824; files/all n=18	Q2	8	Mus musculus (mouse)	18	8	raw	DIA	LFQ	Orbitrap Eclipse	no	no	20231010_LX_CB_MB.pg_matrix.tsv	simple	8	ms-proteomics;vertebrates;dia-acquisition	none_in_pride	no	Verify filename tokens resolve condition and replicate before annotating
PXD067866	include	Small label-free project; mapping must come from acquisition filenames	PRIDE https://www.ebi.ac.uk/pride/ws/archive/v3/projects/PXD067866; files/all n=26	Q2	8	Mus musculus (mouse)	26	12	raw	DIA	LFQ	Orbitrap Eclipse	no	no	WTB.pg_matrix.tsv	simple	12	ms-proteomics;vertebrates;dia-acquisition	none_in_pride	no	Verify filename tokens resolve condition and replicate before annotating
PXD067876	include	Small label-free project; mapping must come from acquisition filenames	PRIDE https://www.ebi.ac.uk/pride/ws/archive/v3/projects/PXD067876; files/all n=17	Q2	8	Rattus norvegicus (rat)	17	12	raw	DIA	LFQ	Orbitrap Exploris 480	no	no	report.pg_matrix_125_MVF_PTC_rattus.tsv;checksum.txt	simple	12	ms-proteomics;vertebrates;dia-acquisition	none_in_pride	no	Verify filename tokens resolve condition and replicate before annotating
PXD067877	include	Small label-free project; mapping must come from acquisition filenames	PRIDE https://www.ebi.ac.uk/pride/ws/archive/v3/projects/PXD067877; files/all n=22	Q2	8	Mus musculus (mouse)	22	10	raw	DIA	LFQ	Orbitrap Eclipse	no	no	WTi.pg_matrix.tsv	simple	10	ms-proteomics;vertebrates;dia-acquisition	none_in_pride	no	Verify filename tokens resolve condition and replicate before annotating
PXD067901	include	Small label-free project; mapping must come from acquisition filenames	PRIDE https://www.ebi.ac.uk/pride/ws/archive/v3/projects/PXD067901; files/all n=13	Q2	8	Homo sapiens (human)	13	6	wiff	DIA	LFQ	TripleTOF 6600	no	no	rawdata.csv	simple	6	ms-proteomics;human;dia-acquisition;cell-lines	none_in_pride	no	Verify filename tokens resolve condition and replicate before annotating
PXD067989	include	Small label-free project; mapping must come from acquisition filenames	PRIDE https://www.ebi.ac.uk/pride/ws/archive/v3/projects/PXD067989; files/all n=8	Q2	8	Mus musculus (mouse)	8	6	raw	DIA	LFQ	Orbitrap Exploris 480	no	no	checksum.txt	simple	6	ms-proteomics;vertebrates;dia-acquisition	none_in_pride	no	Verify filename tokens resolve condition and replicate before annotating
PXD068063	include	Submitter deposited an SDRF in PRIDE; import, validate, and improve	PRIDE https://www.ebi.ac.uk/pride/ws/archive/v3/projects/PXD068063; files/all n=23	Q0	8	Homo sapiens (human);Sus scrofa domesticus (domestic pig)	23	19	d.zip;raw	DIA	LFQ	timsTOF HT;Q Exactive HF	yes	yes	KAK386_SDRF_PRIDE.xlsx	moderate	19	ms-proteomics;dia-acquisition	none_in_pride	no	deposited: KAK386_SDRF_PRIDE.xlsx
PXD068090	include	Small label-free project; mapping must come from acquisition filenames	PRIDE https://www.ebi.ac.uk/pride/ws/archive/v3/projects/PXD068090; files/all n=11	Q2	8	Homo sapiens (human)	11	6	raw	DIA	LFQ	Orbitrap Exploris 480	no	no	report.pg_matrix.tsv;checksum.txt;report.pg_matrix_noContam.tsv	simple	6	ms-proteomics;human;dia-acquisition	none_in_pride	no	Verify filename tokens resolve condition and replicate before annotating
PXD068152	include	Small label-free project; mapping must come from acquisition filenames	PRIDE https://www.ebi.ac.uk/pride/ws/archive/v3/projects/PXD068152; files/all n=14	Q2	8	Mesocestoides corti;Mus musculus (mouse)	14	6	raw	DIA	LFQ	Orbitrap Ascend	no	no	checksum.txt;20250319_Mikes_1744_parasite.xlsx;20250317_Mikes_1744-peptides2.xlsx	simple	6	ms-proteomics;dia-acquisition	none_in_pride	no	Verify filename tokens resolve condition and replicate before annotating
PXD068183	include	Small label-free project; mapping must come from acquisition filenames	PRIDE https://www.ebi.ac.uk/pride/ws/archive/v3/projects/PXD068183; files/all n=13	Q2	8	Homo sapiens (human)	13	12	d.zip	DIA	LFQ	Bruker Daltonics timsTOF series	no	no	TableS1.xlsx	simple	12	ms-proteomics;human;dia-acquisition	none_in_pride	no	Verify filename tokens resolve condition and replicate before annotating
PXD068303	include	Small label-free project; mapping must come from acquisition filenames	PRIDE https://www.ebi.ac.uk/pride/ws/archive/v3/projects/PXD068303; files/all n=11	Q2	8	Sus scrofa (pig)	11	9	d.zip	DIA	LFQ	timsTOF Pro 2	no	no	checksum.txt	simple	9	ms-proteomics;vertebrates;dia-acquisition	none_in_pride	no	Verify filename tokens resolve condition and replicate before annotating
PXD068305	include	Small label-free project; mapping must come from acquisition filenames	PRIDE https://www.ebi.ac.uk/pride/ws/archive/v3/projects/PXD068305; files/all n=16	Q2	8	Mus musculus (mouse)	16	8	raw	DIA	LFQ	Q Exactive HF	no	no	Dataset_9_report.pr_matrix.xlsx;Dataset_4_MaxQuantProteinGroups_3T3L1_adipocytes_SubcellularFractionation_100nM_insulin.xlsx;Dataset_9_report.pg_matrix.xlsx	simple	8	ms-proteomics;vertebrates;dia-acquisition	none_in_pride	no	Verify filename tokens resolve condition and replicate before annotating
PXD068414	include	Small label-free project; mapping must come from acquisition filenames	PRIDE https://www.ebi.ac.uk/pride/ws/archive/v3/projects/PXD068414; files/all n=5	Q2	8	Listeria monocytogenes egd	5	1	d.zip	DIA	LFQ	timsTOF Ultra 2	no	no	checksum.txt	simple	1	ms-proteomics;dia-acquisition	none_in_pride	no	Verify filename tokens resolve condition and replicate before annotating
PXD068423	include	Small label-free project; mapping must come from acquisition filenames	PRIDE https://www.ebi.ac.uk/pride/ws/archive/v3/projects/PXD068423; files/all n=46	Q2	8	Leishmania major strain friedlin	46	12	raw	DIA	LFQ	Orbitrap Exploris 480	no	no	checksum.txt;92307-18-report.manifest.txt;92307-18-report.protein_description.tsv	simple	12	ms-proteomics;dia-acquisition	none_in_pride	no	Verify filename tokens resolve condition and replicate before annotating
PXD068453	include	Small label-free project; mapping must come from acquisition filenames	PRIDE https://www.ebi.ac.uk/pride/ws/archive/v3/projects/PXD068453; files/all n=9	Q2	8	Mus musculus (mouse)	9	6	raw	DIA	LFQ	Orbitrap Exploris 480	no	no	checksum.txt	simple	6	ms-proteomics;vertebrates;dia-acquisition	none_in_pride	no	Verify filename tokens resolve condition and replicate before annotating
PXD068468	include	Small label-free project; mapping must come from acquisition filenames	PRIDE https://www.ebi.ac.uk/pride/ws/archive/v3/projects/PXD068468; files/all n=5	Q2	8	Synechococcus sp. m1	5	3	raw	DIA	LFQ	LTQ Orbitrap Velos	no	no	Search.xlsx;checksum.txt	simple	3	ms-proteomics;dia-acquisition	none_in_pride	no	Verify filename tokens resolve condition and replicate before annotating
PXD068597	include	Small label-free project; mapping must come from acquisition filenames	PRIDE https://www.ebi.ac.uk/pride/ws/archive/v3/projects/PXD068597; files/all n=8	Q2	8	Mus musculus (mouse)	8	6	raw	DIA	LFQ	Orbitrap Fusion Lumos	no	no	checksum.txt;report.pg_matrix.tsv	simple	6	ms-proteomics;vertebrates;dia-acquisition	none_in_pride	no	Verify filename tokens resolve condition and replicate before annotating
PXD068676	include	Small label-free project; mapping must come from acquisition filenames	PRIDE https://www.ebi.ac.uk/pride/ws/archive/v3/projects/PXD068676; files/all n=15	Q2	8	Homo sapiens (human)	15	12	raw	DIA	LFQ	Orbitrap Exploris 480	no	no	EV_report.txt;checksum.txt;cell_report.txt	simple	12	ms-proteomics;human;dia-acquisition	none_in_pride	no	Verify filename tokens resolve condition and replicate before annotating
PXD068773	include	Small label-free project; mapping must come from acquisition filenames	PRIDE https://www.ebi.ac.uk/pride/ws/archive/v3/projects/PXD068773; files/all n=25	Q2	8	Homo sapiens (human)	25	5	d.zip	DIA	LFQ	Mobilion MBI format;Agilent instrument model	no	no	checksum.txt;20250218_153456_QualQuant-Clean-DirectDIA-Arg10Lys8_Report.csv;DDAratio.csv	simple	5	ms-proteomics;human;dia-acquisition	none_in_pride	no	Verify filename tokens resolve condition and replicate before annotating
PXD068859	include	Small label-free project; mapping must come from acquisition filenames	PRIDE https://www.ebi.ac.uk/pride/ws/archive/v3/projects/PXD068859; files/all n=16	Q2	8	Cercopithecus aethiops (green monkey) (grivet)	16	6	d.zip	DIA	LFQ	timsTOF HT	no	no	checksum.txt;diaParameters.xlsx;files_description.txt	simple	6	ms-proteomics;dia-acquisition	none_in_pride	no	Verify filename tokens resolve condition and replicate before annotating
PXD068879	include	Small label-free project; mapping must come from acquisition filenames	PRIDE https://www.ebi.ac.uk/pride/ws/archive/v3/projects/PXD068879; files/all n=14	Q2	8	Homo sapiens (human)	14	12	raw	DIA	LFQ	Orbitrap Ascend	no	no	checksum.txt;202410_hc_wtko_dia24spd_report.pg_matrix.xlsx	simple	12	ms-proteomics;human;dia-acquisition	none_in_pride	no	Verify filename tokens resolve condition and replicate before annotating
PXD068926	include	Small label-free project; mapping must come from acquisition filenames	PRIDE https://www.ebi.ac.uk/pride/ws/archive/v3/projects/PXD068926; files/all n=8	Q2	8	Mycobacterium tuberculosis h37rv	8	6	raw	DIA	LFQ	Orbitrap Astral	no	no	report.pr_matrix.tsv;checksum.txt	simple	6	ms-proteomics;dia-acquisition	none_in_pride	no	Verify filename tokens resolve condition and replicate before annotating
PXD068965	include	Small label-free project; mapping must come from acquisition filenames	PRIDE https://www.ebi.ac.uk/pride/ws/archive/v3/projects/PXD068965; files/all n=4	Q2	8	Mus musculus (mouse)	4	2	raw	DIA	LFQ	Orbitrap Exploris 480	no	no	checksum.txt	simple	2	ms-proteomics;vertebrates;dia-acquisition	none_in_pride	no	Verify filename tokens resolve condition and replicate before annotating
PXD069033	include	Small label-free project; mapping must come from acquisition filenames	PRIDE https://www.ebi.ac.uk/pride/ws/archive/v3/projects/PXD069033; files/all n=10	Q2	8	Rattus norvegicus (rat)	10	8	raw	DIA	LFQ	Orbitrap Exploris 480	no	no	checksum.txt	simple	8	ms-proteomics;vertebrates;dia-acquisition	none_in_pride	no	Verify filename tokens resolve condition and replicate before annotating
PXD069054	include	Small label-free project; mapping must come from acquisition filenames	PRIDE https://www.ebi.ac.uk/pride/ws/archive/v3/projects/PXD069054; files/all n=8	Q2	8	Homo sapiens (human)	8	5	d.7z	DIA	LFQ	timsTOF Pro 2	no	no	20250907_160237_Spectronaut_results.7z	simple	5	ms-proteomics;human;dia-acquisition	none_in_pride	no	Verify filename tokens resolve condition and replicate before annotating
PXD069140	include	Small label-free project; mapping must come from acquisition filenames	PRIDE https://www.ebi.ac.uk/pride/ws/archive/v3/projects/PXD069140; files/all n=19	Q2	8	Homo sapiens (human)	19	10	raw	DIA	LFQ	Q Exactive HF	no	no	checksum.txt;HFX7_FFRA23H0004_PeptideGroups.txt;HFX7_FFRA23H0004_Proteins.txt	simple	10	ms-proteomics;human;dia-acquisition;cell-lines	none_in_pride	no	Verify filename tokens resolve condition and replicate before annotating
PXD069190	include	Small label-free project; mapping must come from acquisition filenames	PRIDE https://www.ebi.ac.uk/pride/ws/archive/v3/projects/PXD069190; files/all n=14	Q2	8	Pseudomonas aeruginosa (strain ucbpp-pa14);Bacteria	14	12	raw	DIA	LFQ	Q Exactive HF	no	no	Spectronaut_052_2024_PRIDE.xlsx	simple	12	ms-proteomics;dia-acquisition	none_in_pride	no	Verify filename tokens resolve condition and replicate before annotating
PXD069209	include	Small label-free project; mapping must come from acquisition filenames	PRIDE https://www.ebi.ac.uk/pride/ws/archive/v3/projects/PXD069209; files/all n=17	Q2	8	Sus scrofa domesticus (domestic pig)	17	1	d.zip	DIA	LFQ	timsTOF Pro 2	no	no	checksum.txt	simple	1	ms-proteomics;vertebrates;dia-acquisition	none_in_pride	no	Verify filename tokens resolve condition and replicate before annotating
PXD069218	include	Small label-free project; mapping must come from acquisition filenames	PRIDE https://www.ebi.ac.uk/pride/ws/archive/v3/projects/PXD069218; files/all n=8	Q2	8	Mus musculus (mouse)	8	6	raw	DIA	LFQ	Orbitrap Exploris 480	no	no	20220131_BG_X009_DIANN_report.pg_matrix.tsv	simple	6	ms-proteomics;vertebrates;dia-acquisition	none_in_pride	no	Verify filename tokens resolve condition and replicate before annotating
PXD069285	include	Small label-free project; mapping must come from acquisition filenames	PRIDE https://www.ebi.ac.uk/pride/ws/archive/v3/projects/PXD069285; files/all n=12	Q2	8	Mus musculus (mouse)	12	10	d.zip	DIA	LFQ	timsTOF fleX	no	no	checksum.txt	simple	10	ms-proteomics;vertebrates;dia-acquisition	none_in_pride	no	Verify filename tokens resolve condition and replicate before annotating
PXD069389	include	Small label-free project; mapping must come from acquisition filenames	PRIDE https://www.ebi.ac.uk/pride/ws/archive/v3/projects/PXD069389; files/all n=18	Q2	8	Mus musculus (mouse)	18	8	d.zip	DIA	LFQ	timsTOF HT	no	no	checksum.txt	simple	8	ms-proteomics;vertebrates;dia-acquisition	none_in_pride	no	Verify filename tokens resolve condition and replicate before annotating
PXD069457	include	Small label-free project; mapping must come from acquisition filenames	PRIDE https://www.ebi.ac.uk/pride/ws/archive/v3/projects/PXD069457; files/all n=8	Q2	8	Arabidopsis thaliana (mouse-ear cress)	8	6	d.zip	DIA	LFQ	timsTOF Pro 2	no	no	checksum.txt	simple	6	ms-proteomics;plants;dia-acquisition	none_in_pride	no	Verify filename tokens resolve condition and replicate before annotating
PXD069489	include	Small label-free project; mapping must come from acquisition filenames	PRIDE https://www.ebi.ac.uk/pride/ws/archive/v3/projects/PXD069489; files/all n=14	Q2	8	Homo sapiens (human)	14	12	raw	DIA	LFQ	Orbitrap Exploris 480	no	no	checksum.txt	simple	12	ms-proteomics;human;dia-acquisition	none_in_pride	no	Verify filename tokens resolve condition and replicate before annotating
PXD069521	include	Small label-free project; mapping must come from acquisition filenames	PRIDE https://www.ebi.ac.uk/pride/ws/archive/v3/projects/PXD069521; files/all n=631	Q2	8	Haemophilus influenzae;Lacticaseibacillus casei;Faecalibacterium prausnitzii;Prevotella corporis;Bifidobacterium adolescentis;Saccharomyces cerevisiae (baker's yeast);Staphylococcus epidermidis;Aerococcus viridans;Limosilactobacillus fermentum;Enterococcus faecalis (streptococcus faecalis);Bacteroides fragilis;Salmonella enterica subsp. enterica serovar rissen str. 150;Enterobacter cloacae;Roseburia hominis;Klebsiella pneumoniae;Candida albicans (yeast);Escherichia coli;Fusobacterium nucleatum;Clostridioides difficile;Clostridium perfringens;Methanobrevibacter smithii;Streptococcus agalactiae stir-cd-17;Akkermansia muciniphila;Veillonella rogosae	631	1	raw	DIA	LFQ	ZenoTOF 7600+;Orbitrap Astral	no	no	random_reduced_lib_30_report.pg_matrix.tsv;fine_tuned_reduced_lib_replicat_2_80_report.log.txt;fine_tuned_reduced_lib_replicat_3_60_report.manifest.txt	simple	1	ms-proteomics;dia-acquisition	none_in_pride	no	Verify filename tokens resolve condition and replicate before annotating
PXD069569	include	Small label-free project; mapping must come from acquisition filenames	PRIDE https://www.ebi.ac.uk/pride/ws/archive/v3/projects/PXD069569; files/all n=12	Q2	8	Mus musculus (mouse)	12	10	d.zip	DIA	LFQ	timsTOF HT	no	no	checksum.txt	simple	10	ms-proteomics;vertebrates;dia-acquisition	none_in_pride	no	Verify filename tokens resolve condition and replicate before annotating
PXD069605	include	Small label-free project; mapping must come from acquisition filenames	PRIDE https://www.ebi.ac.uk/pride/ws/archive/v3/projects/PXD069605; files/all n=31	Q2	8	Homo sapiens (human)	31	11	d.zip	DIA	LFQ	timsTOF HT	no	no	checksum.txt;250402_ID3KO_summary.xlsx;global2_report.pg_matrix.tsv	simple	11	ms-proteomics;human;dia-acquisition	none_in_pride	no	Verify filename tokens resolve condition and replicate before annotating
PXD069615	include	Small label-free project; mapping must come from acquisition filenames	PRIDE https://www.ebi.ac.uk/pride/ws/archive/v3/projects/PXD069615; files/all n=42	Q2	8	Homo sapiens (human)	42	12	raw	DIA	LFQ	Orbitrap Astral	no	no	Pres-034_report.pr_matrix.tsv;checksum.txt;Pres-034_report.pg_matrix.tsv	simple	12	ms-proteomics;human;dia-acquisition	none_in_pride	no	Verify filename tokens resolve condition and replicate before annotating
PXD069673	include	Small label-free project; mapping must come from acquisition filenames	PRIDE https://www.ebi.ac.uk/pride/ws/archive/v3/projects/PXD069673; files/all n=11	Q2	8	Arabidopsis thaliana (mouse-ear cress)	11	9	raw	DDA	LFQ	Q Exactive Plus	no	no	checksum.txt	simple	9	ms-proteomics;plants	none_in_pride	no	Verify filename tokens resolve condition and replicate before annotating
PXD069734	include	Small label-free project; mapping must come from acquisition filenames	PRIDE https://www.ebi.ac.uk/pride/ws/archive/v3/projects/PXD069734; files/all n=15	Q2	8	Homo sapiens (human)	15	6	wiff	DIA	LFQ	TripleTOF 6600	no	no	RawSWATHDATA.xlsx;checksum.txt;swath_combined_lib.xlsx	simple	6	ms-proteomics;human;dia-acquisition	none_in_pride	no	Verify filename tokens resolve condition and replicate before annotating
PXD069806	include	Small label-free project; mapping must come from acquisition filenames	PRIDE https://www.ebi.ac.uk/pride/ws/archive/v3/projects/PXD069806; files/all n=10	Q2	8	Homo sapiens (human)	10	8	raw	DIA	LFQ	Q Exactive HF	no	no	checksum.txt	simple	8	ms-proteomics;human;dia-acquisition	none_in_pride	no	Verify filename tokens resolve condition and replicate before annotating
PXD069854	include	Small label-free project; mapping must come from acquisition filenames	PRIDE https://www.ebi.ac.uk/pride/ws/archive/v3/projects/PXD069854; files/all n=10	Q2	8	Homo sapiens (human)	10	6	raw	DDA	LFQ	Orbitrap Exploris 480	no	no	NQTGG.txt;checksum.txt;QQTGG.txt	simple	6	ms-proteomics;human	none_in_pride	no	Verify filename tokens resolve condition and replicate before annotating
PXD069889	include	Small label-free project; mapping must come from acquisition filenames	PRIDE https://www.ebi.ac.uk/pride/ws/archive/v3/projects/PXD069889; files/all n=11	Q2	8	Physcomitrella;Physcomitrella patens subsp. patens (moss)	11	8	raw	DIA	LFQ	Q Exactive HF	no	no	checksum.txt;report.pr_matrix.tsv	simple	8	ms-proteomics;dia-acquisition	none_in_pride	no	Verify filename tokens resolve condition and replicate before annotating
PXD069896	include	Small label-free project; mapping must come from acquisition filenames	PRIDE https://www.ebi.ac.uk/pride/ws/archive/v3/projects/PXD069896; files/all n=14	Q2	8	Homo sapiens (human)	14	12	d.zip	DIA	LFQ	timsTOF Pro	no	no	DiaPASEF_DIA_NN_NoNormalization.csv;checksum.txt	simple	12	ms-proteomics;human;dia-acquisition	none_in_pride	no	Verify filename tokens resolve condition and replicate before annotating
PXD069942	include	Small label-free project; mapping must come from acquisition filenames	PRIDE https://www.ebi.ac.uk/pride/ws/archive/v3/projects/PXD069942; files/all n=6	Q2	8	Pseudomonas aeruginosa pao1	6	3	raw	DIA	LFQ	LTQ Orbitrap Elite	no	no	report.pg_matrix.tsv;checksum.txt;report.pr_matrix.tsv	simple	3	ms-proteomics;dia-acquisition	none_in_pride	no	Verify filename tokens resolve condition and replicate before annotating
PXD069948	include	Submitter deposited an SDRF in PRIDE; import, validate, and improve	PRIDE https://www.ebi.ac.uk/pride/ws/archive/v3/projects/PXD069948; files/all n=63	Q0	8	Homo sapiens (human)	63	15	raw	DDA	LFQ	Orbitrap Fusion Lumos	yes	yes	sdrf-cell-line.sdrf.tsv	moderate	15	ms-proteomics;human	none_in_pride	no	deposited: sdrf-cell-line.sdrf.tsv
PXD070016	include	Small label-free project; mapping must come from acquisition filenames	PRIDE https://www.ebi.ac.uk/pride/ws/archive/v3/projects/PXD070016; files/all n=11	Q2	8	Felis chaus	11	9	raw	DIA	LFQ	Q Exactive	no	no	peptide.xls;checksum.txt	simple	9	ms-proteomics;dia-acquisition	none_in_pride	no	Verify filename tokens resolve condition and replicate before annotating
PXD070105	include	Small label-free project; mapping must come from acquisition filenames	PRIDE https://www.ebi.ac.uk/pride/ws/archive/v3/projects/PXD070105; files/all n=5	Q2	8	Pseudomonas aeruginosa pao1	5	2	raw	DIA	LFQ	LTQ Orbitrap Elite	no	no	report.pg_matrix.tsv;report.pr_matrix.tsv;checksum.txt	simple	2	ms-proteomics;dia-acquisition	none_in_pride	no	Verify filename tokens resolve condition and replicate before annotating
PXD070119	include	Small label-free project with a public design or sample sheet	PRIDE https://www.ebi.ac.uk/pride/ws/archive/v3/projects/PXD070119; files/all n=13	Q1	8	Homo sapiens (human)	13	10	raw	unknown	LFQ	Q Exactive HF-X	yes	no	ORLANDO_PRIDESUBMISSION_METADATA_HFX.xlsx	simple	10	ms-proteomics;human	none_in_pride	no	
PXD070157	include	Submitter deposited an SDRF in PRIDE; import, validate, and improve	PRIDE https://www.ebi.ac.uk/pride/ws/archive/v3/projects/PXD070157; files/all n=21	Q0	8	Mus musculus (mouse)	21	16	raw	DDA	LFQ	Orbitrap Exploris 480	yes	yes	sample_description.sdrf.txt	moderate	16	ms-proteomics;vertebrates	none_in_pride	no	deposited: sample_description.sdrf.txt
PXD070161	include	Small label-free project; mapping must come from acquisition filenames	PRIDE https://www.ebi.ac.uk/pride/ws/archive/v3/projects/PXD070161; files/all n=13	Q2	8	Plasmodium berghei anka	13	4	d.zip	DDA	LFQ	timsTOF Pro	no	no	checksum.txt	simple	4	ms-proteomics	none_in_pride	no	Verify filename tokens resolve condition and replicate before annotating
PXD070174	include	Small label-free project; mapping must come from acquisition filenames	PRIDE https://www.ebi.ac.uk/pride/ws/archive/v3/projects/PXD070174; files/all n=14	Q2	8	Methanobrevibacter olleyae	14	10	raw	DIA	LFQ	Orbitrap Astral	no	no	report.pg_matrix.tsv;checksum.txt;report.pg_Standardized_matrix.tsv	simple	10	ms-proteomics;dia-acquisition	none_in_pride	no	Verify filename tokens resolve condition and replicate before annotating
PXD070363	include	Small label-free project; mapping must come from acquisition filenames	PRIDE https://www.ebi.ac.uk/pride/ws/archive/v3/projects/PXD070363; files/all n=17	Q2	8	Mus musculus (mouse)	17	1	d.zip	DIA	LFQ	timsTOF SCP	no	no	DIA-NN_report.zip	simple	1	ms-proteomics;vertebrates;dia-acquisition	none_in_pride	no	Verify filename tokens resolve condition and replicate before annotating
PXD070373	include	Submitter deposited an SDRF in PRIDE; import, validate, and improve	PRIDE https://www.ebi.ac.uk/pride/ws/archive/v3/projects/PXD070373; files/all n=20	Q0	8	Neurospora crassa	20	16	raw	DDA	LFQ	Orbitrap Exploris 240	yes	yes	sdrf.tsv	moderate	16	ms-proteomics	none_in_pride	no	deposited: sdrf.tsv
PXD070406	include	Small label-free project; mapping must come from acquisition filenames	PRIDE https://www.ebi.ac.uk/pride/ws/archive/v3/projects/PXD070406; files/all n=15	Q2	8	Homo sapiens (human)	15	12	raw	DIA	LFQ	Q Exactive Plus	no	no	checksum.txt	simple	12	ms-proteomics;human;dia-acquisition	none_in_pride	no	Verify filename tokens resolve condition and replicate before annotating
PXD070408	include	Small label-free project; mapping must come from acquisition filenames	PRIDE https://www.ebi.ac.uk/pride/ws/archive/v3/projects/PXD070408; files/all n=4	Q2	8	Homo sapiens (human)	4	1	raw	DIA	LFQ	Orbitrap Astral	no	no	20250430_122431_G151DP-VG-KC_Report.tsv;checksum.txt	simple	1	ms-proteomics;human;dia-acquisition;cell-lines	none_in_pride	no	Verify filename tokens resolve condition and replicate before annotating
PXD070420	include	Small label-free project; mapping must come from acquisition filenames	PRIDE https://www.ebi.ac.uk/pride/ws/archive/v3/projects/PXD070420; files/all n=41	Q2	8	Saccharomyces cerevisiae (baker's yeast);Homo sapiens (human)	41	6	wiff	DIA	LFQ	ZenoTOF 7600;timsTOF Ultra	no	no	photip-ciap-ph.log.txt;human-photip-ciap-based.log.txt;photip-ph.log.txt	simple	6	ms-proteomics;dia-acquisition	none_in_pride	no	Verify filename tokens resolve condition and replicate before annotating
PXD070427	include	Small label-free project; mapping must come from acquisition filenames	PRIDE https://www.ebi.ac.uk/pride/ws/archive/v3/projects/PXD070427; files/all n=3	Q2	8	Homo sapiens (human)	3	1	d.zip	DIA	LFQ	timsTOF Pro	no	no	checksum.txt	simple	1	ms-proteomics;human;dia-acquisition	none_in_pride	no	Verify filename tokens resolve condition and replicate before annotating
PXD070456	include	Small label-free project; mapping must come from acquisition filenames	PRIDE https://www.ebi.ac.uk/pride/ws/archive/v3/projects/PXD070456; files/all n=13	Q2	8	Rattus rattus (black rat)	13	8	raw	DIA	LFQ	Orbitrap Exploris 480	no	no	PRIDE_3053_Experiment.tsv;3053_report_MBR_forManuscript.log.txt;3053_report_MBR_forManuscript.tsv	simple	8	ms-proteomics;dia-acquisition	none_in_pride	no	Verify filename tokens resolve condition and replicate before annotating
PXD070465	include	Small label-free project; mapping must come from acquisition filenames	PRIDE https://www.ebi.ac.uk/pride/ws/archive/v3/projects/PXD070465; files/all n=24	Q2	8	Schwanniomyces etchellsii	24	10	wiff	DIA	LFQ	TripleTOF 6600+	no	no	checksum.txt;RESULTATS_MO_SWATH_YEAST.xlsx;MO_191030_L_Uniprot_Yeast_FDR__FDR.xlsx	simple	10	ms-proteomics;dia-acquisition	none_in_pride	no	Verify filename tokens resolve condition and replicate before annotating
PXD070490	include	Small label-free project; mapping must come from acquisition filenames	PRIDE https://www.ebi.ac.uk/pride/ws/archive/v3/projects/PXD070490; files/all n=11	Q2	8	Felis chaus	11	9	raw	DIA	LFQ	Q Exactive HF	no	no	search_db.xls;checksum.txt	simple	9	ms-proteomics;dia-acquisition	none_in_pride	no	Verify filename tokens resolve condition and replicate before annotating
PXD070506	include	Small label-free project; mapping must come from acquisition filenames	PRIDE https://www.ebi.ac.uk/pride/ws/archive/v3/projects/PXD070506; files/all n=15	Q2	8	Porphyromonas gingivalis	15	6	raw	DIA	LFQ	Orbitrap Exploris 480	no	no	checksum.txt;GeCon_Report_1071_BGS_Factory_Report_Normal.tsv;GeCon_Report_1071_CP_01_with_unique_iBAQ.tsv	simple	6	ms-proteomics;dia-acquisition	none_in_pride	no	Verify filename tokens resolve condition and replicate before annotating
PXD070529	include	Small label-free project; mapping must come from acquisition filenames	PRIDE https://www.ebi.ac.uk/pride/ws/archive/v3/projects/PXD070529; files/all n=4	Q2	8	Mus musculus (mouse)	4	1	raw	DDA	LFQ	Q Exactive HF	no	no	checksum.txt;peptides.txt;proteinGroups.txt	simple	1	ms-proteomics;vertebrates	none_in_pride	no	Verify filename tokens resolve condition and replicate before annotating
PXD070554	include	Small label-free project; mapping must come from acquisition filenames	PRIDE https://www.ebi.ac.uk/pride/ws/archive/v3/projects/PXD070554; files/all n=26	Q2	8	Schwanniomyces etchellsii	26	11	wiff	DIA	LFQ	TripleTOF 6600	no	no	SWATH-OD7_ALL.xlsx;MO_SWATH3_201107_LIBRARY_Uniprot_Yeast_FDR__FDR.xlsx;checksum.txt	simple	11	ms-proteomics;dia-acquisition	none_in_pride	no	Verify filename tokens resolve condition and replicate before annotating
PXD070581	include	Submitter deposited an SDRF in PRIDE; import, validate, and improve	PRIDE https://www.ebi.ac.uk/pride/ws/archive/v3/projects/PXD070581; files/all n=25	Q0	8	Homo sapiens (human)	25	20	raw	DIA	LFQ	Orbitrap Fusion Lumos	yes	yes	sdrf-cell-line.sdrf.txt	moderate	20	ms-proteomics;human;dia-acquisition;cell-lines	none_in_pride	no	deposited: sdrf-cell-line.sdrf.txt
PXD070583	include	Submitter deposited an SDRF in PRIDE; import, validate, and improve	PRIDE https://www.ebi.ac.uk/pride/ws/archive/v3/projects/PXD070583; files/all n=20	Q0	8	Galdieria sulphuraria	20	15	d.zip	DIA	LFQ	Q Exactive HF	yes	yes	GS_secretome.sdrf.tsv	moderate	15	ms-proteomics;dia-acquisition	none_in_pride	no	deposited: GS_secretome.sdrf.tsv
PXD070596	include	Small label-free project; mapping must come from acquisition filenames	PRIDE https://www.ebi.ac.uk/pride/ws/archive/v3/projects/PXD070596; files/all n=31	Q2	8	Schwanniomyces etchellsii	31	11	wiff	DIA	LFQ	TripleTOF 6600+	no	no	MO_191030_LIBRARY_SWATH2__FDR.xlsx;checksum.txt;MO_SWATH4_ALL.xlsx	simple	11	ms-proteomics;dia-acquisition	none_in_pride	no	Verify filename tokens resolve condition and replicate before annotating
PXD070607	include	Submitter deposited an SDRF in PRIDE; import, validate, and improve	PRIDE https://www.ebi.ac.uk/pride/ws/archive/v3/projects/PXD070607; files/all n=25	Q0	8	Homo sapiens (human)	25	20	d.zip	DIA	LFQ	timsTOF	yes	yes	sdrf.tsv	moderate	20	ms-proteomics;human;dia-acquisition;cell-lines	none_in_pride	no	deposited: sdrf.tsv
PXD070642	include	Small label-free project; mapping must come from acquisition filenames	PRIDE https://www.ebi.ac.uk/pride/ws/archive/v3/projects/PXD070642; files/all n=30	Q2	8	Aspergillus oryzae rib40;Pisum sativum (garden pea)	30	9	raw	DDA	LFQ	Orbitrap Exploris 480	no	no	checksum.txt;combined_protein.tsv	simple	9	ms-proteomics	none_in_pride	no	Verify filename tokens resolve condition and replicate before annotating
PXD070766	include	Small label-free project; mapping must come from acquisition filenames	PRIDE https://www.ebi.ac.uk/pride/ws/archive/v3/projects/PXD070766; files/all n=14	Q2	8	Mycobacterium tuberculosis	14	12	d.zip	DIA	LFQ	Bruker Daltonics timsTOF series	no	no	2563JB_H37Rv_ProteinQuant.xlsx;checksum.txt	simple	12	ms-proteomics;dia-acquisition	none_in_pride	no	Verify filename tokens resolve condition and replicate before annotating
PXD070792	include	Small label-free project with a public design or sample sheet	PRIDE https://www.ebi.ac.uk/pride/ws/archive/v3/projects/PXD070792; files/all n=20	Q1	8	Caenorhabditis elegans	20	6	raw	unknown	LFQ	Q Exactive	yes	no	mqpar.xml	simple	6	ms-proteomics;invertebrates	none_in_pride	no	
PXD070848	include	Small label-free project; mapping must come from acquisition filenames	PRIDE https://www.ebi.ac.uk/pride/ws/archive/v3/projects/PXD070848; files/all n=13	Q2	8	Mus musculus (mouse)	13	9	raw	DDA	LFQ	Orbitrap Exploris 480	no	no	checksum.txt	simple	9	ms-proteomics;vertebrates	none_in_pride	no	Verify filename tokens resolve condition and replicate before annotating
PXD070899	include	Small label-free project; mapping must come from acquisition filenames	PRIDE https://www.ebi.ac.uk/pride/ws/archive/v3/projects/PXD070899; files/all n=14	Q2	8	Saccharomyces cerevisiae (baker's yeast)	14	12	raw	DIA	LFQ	Orbitrap Fusion Lumos	no	no	checksum.txt	simple	12	ms-proteomics;dia-acquisition	none_in_pride	no	Verify filename tokens resolve condition and replicate before annotating
PXD070900	include	Small label-free project; mapping must come from acquisition filenames	PRIDE https://www.ebi.ac.uk/pride/ws/archive/v3/projects/PXD070900; files/all n=14	Q2	8	Mus musculus (mouse)	14	8	raw	DIA	LFQ	Orbitrap Exploris 480	no	no	checksum.txt;output_AZ1050-1.tsv;conditions_AZ1050-1.tsv	simple	8	ms-proteomics;vertebrates;dia-acquisition	none_in_pride	no	Verify filename tokens resolve condition and replicate before annotating
PXD070902	include	Small label-free project; mapping must come from acquisition filenames	PRIDE https://www.ebi.ac.uk/pride/ws/archive/v3/projects/PXD070902; files/all n=15	Q2	8	Drosophila melanogaster (fruit fly)	15	6	raw;raw.zip	DIA	LFQ	LTQ Orbitrap	no	no	24254_Final_main_output.tsv;checksum.txt	simple	6	ms-proteomics;invertebrates;dia-acquisition	none_in_pride	no	Verify filename tokens resolve condition and replicate before annotating
PXD070949	include	Small label-free project; mapping must come from acquisition filenames	PRIDE https://www.ebi.ac.uk/pride/ws/archive/v3/projects/PXD070949; files/all n=8	Q2	8	Escherichia phage hildybeyeler;Escherichia coli	8	6	raw	DIA	LFQ	Orbitrap Exploris 480	no	no	checksum.txt;report.tsv	simple	6	ms-proteomics;dia-acquisition	none_in_pride	no	Verify filename tokens resolve condition and replicate before annotating
PXD070997	include	Small label-free project; mapping must come from acquisition filenames	PRIDE https://www.ebi.ac.uk/pride/ws/archive/v3/projects/PXD070997; files/all n=9	Q2	8	Homo sapiens (human)	9	6	raw	DIA	LFQ	Orbitrap Astral	no	no	proteinGruops.tsv;peptide.tsv;checksum.txt	simple	6	ms-proteomics;human;dia-acquisition	none_in_pride	no	Verify filename tokens resolve condition and replicate before annotating
PXD071037	include	Small label-free project; mapping must come from acquisition filenames	PRIDE https://www.ebi.ac.uk/pride/ws/archive/v3/projects/PXD071037; files/all n=15	Q2	8	Homo sapiens (human);Mus musculus (mouse)	15	12	raw	DIA	LFQ	Q Exactive HF	no	no	checksum.txt;20211125_101057_NME_GPS_idiopathic_NME123_Report.xlsx	simple	12	ms-proteomics;dia-acquisition	none_in_pride	no	Verify filename tokens resolve condition and replicate before annotating
PXD071042	include	Small label-free project; mapping must come from acquisition filenames	PRIDE https://www.ebi.ac.uk/pride/ws/archive/v3/projects/PXD071042; files/all n=14	Q2	8	Homo sapiens (human)	14	6	raw	DIA	LFQ	Q Exactive HF	no	no	checksum.txt;reportCoIP.unique_genes_matrix.tsv;reportCoIP.stats.tsv	simple	6	ms-proteomics;human;dia-acquisition	none_in_pride	no	Verify filename tokens resolve condition and replicate before annotating
PXD071048	include	Small label-free project; mapping must come from acquisition filenames	PRIDE https://www.ebi.ac.uk/pride/ws/archive/v3/projects/PXD071048; files/all n=11	Q2	8	Homo sapiens (human)	11	6	raw	DIA	LFQ	Orbitrap Astral	no	no	checksum.txt;X0142250401_DIA_phospho_Report_protein.tsv;X0142250401_DIA_phospho_Report_peptide.tsv	simple	6	ms-proteomics;human;dia-acquisition	none_in_pride	no	Verify filename tokens resolve condition and replicate before annotating
PXD071059	include	Small label-free project; mapping must come from acquisition filenames	PRIDE https://www.ebi.ac.uk/pride/ws/archive/v3/projects/PXD071059; files/all n=14	Q2	8	Staphylococcus aureus	14	12	raw	DDA	LFQ	Q Exactive	no	no	checksum.txt;JB_250603_0.01FDR_60min_gradient.xlsx	simple	12	ms-proteomics	none_in_pride	no	Verify filename tokens resolve condition and replicate before annotating
PXD071195	include	Small label-free project; mapping must come from acquisition filenames	PRIDE https://www.ebi.ac.uk/pride/ws/archive/v3/projects/PXD071195; files/all n=17	Q2	8	Homo sapiens (human)	17	12	d.zip;raw	DIA	LFQ	timsTOF Pro 2;Q Exactive HF	no	no	20250305_110242_20230512_ThS_Jurkat_ALL_E8_WT_Report.tsv;20230523_ThS_uPhos_TIMS_E8_Report_Peptide_Collapse_ThS.txt;checksum.txt	simple	12	ms-proteomics;human;dia-acquisition;cell-lines	none_in_pride	no	Verify filename tokens resolve condition and replicate before annotating
PXD071213	include	Small label-free project; mapping must come from acquisition filenames	PRIDE https://www.ebi.ac.uk/pride/ws/archive/v3/projects/PXD071213; files/all n=12	Q2	8	Xenopus laevis (african clawed frog)	12	10	raw	DIA	LFQ	Orbitrap Fusion Lumos	no	no	checksum.txt	simple	10	ms-proteomics;dia-acquisition	none_in_pride	no	Verify filename tokens resolve condition and replicate before annotating
PXD071250	include	Small label-free project; mapping must come from acquisition filenames	PRIDE https://www.ebi.ac.uk/pride/ws/archive/v3/projects/PXD071250; files/all n=7	Q2	8	Escherichia coli	7	4	raw	DDA	LFQ	Q Exactive HF	no	no	checksum.txt	simple	4	ms-proteomics	none_in_pride	no	Verify filename tokens resolve condition and replicate before annotating
PXD071342	include	Small label-free project; mapping must come from acquisition filenames	PRIDE https://www.ebi.ac.uk/pride/ws/archive/v3/projects/PXD071342; files/all n=12	Q2	8	Streptomyces albus j1074	12	6	raw.zip	DIA	LFQ	Synapt XS	no	no	250512_ZMM_MDE_Perseus_output.csv;checksum.txt;250512_ZMM_MDE_QiP_peptide_output.csv	simple	6	ms-proteomics;dia-acquisition	none_in_pride	no	Verify filename tokens resolve condition and replicate before annotating
PXD071430	include	Small label-free project; mapping must come from acquisition filenames	PRIDE https://www.ebi.ac.uk/pride/ws/archive/v3/projects/PXD071430; files/all n=675	Q2	8	Zebrafish metagenome	675	9	raw	DIA	LFQ	Orbitrap Fusion Lumos	no	no	lfq.dia.peptides.csv;lfq.dia.proteins.csv;lfq.dia.features.csv	simple	9	ms-proteomics;dia-acquisition	none_in_pride	no	Verify filename tokens resolve condition and replicate before annotating
PXD071461	include	Small label-free project; mapping must come from acquisition filenames	PRIDE https://www.ebi.ac.uk/pride/ws/archive/v3/projects/PXD071461; files/all n=5	Q2	8	Fusarium oxysporum f. sp. lycopersici 4286	5	3	raw	DIA	LFQ	Orbitrap Astral	no	no	checksum.txt	simple	3	ms-proteomics;dia-acquisition	none_in_pride	no	Verify filename tokens resolve condition and replicate before annotating
PXD071473	include	Small label-free project; mapping must come from acquisition filenames	PRIDE https://www.ebi.ac.uk/pride/ws/archive/v3/projects/PXD071473; files/all n=5	Q2	8	Homo sapiens (human)	5	2	raw.zip	DIA	LFQ	timsTOF HT	no	no	checksum.txt	simple	2	ms-proteomics;human;dia-acquisition	none_in_pride	no	Verify filename tokens resolve condition and replicate before annotating
PXD071481	include	Submitter deposited an SDRF in PRIDE; import, validate, and improve	PRIDE https://www.ebi.ac.uk/pride/ws/archive/v3/projects/PXD071481; files/all n=21	Q0	8	Homo sapiens (human)	21	18	raw	DDA	LFQ	Orbitrap Fusion Lumos	yes	yes	sdrf.tsv	moderate	18	ms-proteomics;human	none_in_pride	no	deposited: sdrf.tsv
PXD071483	include	Small label-free project; mapping must come from acquisition filenames	PRIDE https://www.ebi.ac.uk/pride/ws/archive/v3/projects/PXD071483; files/all n=17	Q2	8	Mus musculus (mouse)	17	12	raw	DIA	LFQ	Orbitrap Exploris 480	no	no	4547_report_MBR.tsv;4547_report_MBR.log.txt;checksum.txt	simple	12	ms-proteomics;vertebrates;dia-acquisition	none_in_pride	no	Verify filename tokens resolve condition and replicate before annotating
PXD071487	include	Small label-free project; mapping must come from acquisition filenames	PRIDE https://www.ebi.ac.uk/pride/ws/archive/v3/projects/PXD071487; files/all n=19	Q2	8	Mus musculus (mouse)	19	8	d.zip	DDA	LFQ	timsTOF Pro 2	no	no	2220002-LFQ-Proteins-KO-vs-WT.xlsx;checksum.txt	simple	8	ms-proteomics;vertebrates	none_in_pride	no	Verify filename tokens resolve condition and replicate before annotating
PXD071585	include	Submitter deposited an SDRF in PRIDE; import, validate, and improve	PRIDE https://www.ebi.ac.uk/pride/ws/archive/v3/projects/PXD071585; files/all n=44	Q0	8	Equus caballus (horse)	44	16	d.zip	DIA	LFQ	timsTOF SCP	yes	yes	sdrf.tsv	moderate	16	ms-proteomics;dia-acquisition	none_in_pride	no	deposited: sdrf.tsv
PXD071589	include	Small label-free project; mapping must come from acquisition filenames	PRIDE https://www.ebi.ac.uk/pride/ws/archive/v3/projects/PXD071589; files/all n=12	Q2	8	Rattus norvegicus (rat)	12	10	d.zip	DIA	LFQ	timsTOF Ultra 2	no	no	DAE429_Gel_Megalin_reportfirstpass.phosphosites_90.tsv.xlsx;checksum.txt	simple	10	ms-proteomics;vertebrates;dia-acquisition	none_in_pride	no	Verify filename tokens resolve condition and replicate before annotating
PXD071639	include	Small label-free project; mapping must come from acquisition filenames	PRIDE https://www.ebi.ac.uk/pride/ws/archive/v3/projects/PXD071639; files/all n=8	Q2	8	Homo sapiens (human)	8	6	raw	DIA	LFQ	Orbitrap Fusion Lumos	no	no	checksum.txt	simple	6	ms-proteomics;human;dia-acquisition	none_in_pride	no	Verify filename tokens resolve condition and replicate before annotating
PXD071717	include	Small label-free project; mapping must come from acquisition filenames	PRIDE https://www.ebi.ac.uk/pride/ws/archive/v3/projects/PXD071717; files/all n=16	Q2	8	Pinctada fucata	16	12	raw	DIA	LFQ	Orbitrap Fusion	no	no	ESM_DIA_for_DDAvsDIA_comparison_MQresult.txt;ESM_DDA_for_DDAvsDIA_comparison_MQresult.txt;Whole_nacreous_layer_DIA_MQresult.txt	simple	12	ms-proteomics;dia-acquisition	none_in_pride	no	Verify filename tokens resolve condition and replicate before annotating
PXD071722	include	Small label-free project; mapping must come from acquisition filenames	PRIDE https://www.ebi.ac.uk/pride/ws/archive/v3/projects/PXD071722; files/all n=11	Q2	8	Bos taurus (bovine)	11	9	d.zip	DDA	LFQ	timsTOF Pro 2	no	no	checksum.txt	simple	9	ms-proteomics;vertebrates	none_in_pride	no	Verify filename tokens resolve condition and replicate before annotating
PXD071741	include	Small label-free project; mapping must come from acquisition filenames	PRIDE https://www.ebi.ac.uk/pride/ws/archive/v3/projects/PXD071741; files/all n=11	Q2	8	Homo sapiens (human)	11	6	raw	DDA	LFQ	Orbitrap Exploris 480	no	no	summary.txt;checksum.txt;parameters.txt	simple	6	ms-proteomics;human	none_in_pride	no	Verify filename tokens resolve condition and replicate before annotating
PXD071790	include	Small label-free project; mapping must come from acquisition filenames	PRIDE https://www.ebi.ac.uk/pride/ws/archive/v3/projects/PXD071790; files/all n=12	Q2	8	Mus musculus (mouse)	12	8	raw	DDA	LFQ	Orbitrap Fusion	no	no	checksum.txt	simple	8	ms-proteomics;vertebrates	none_in_pride	no	Verify filename tokens resolve condition and replicate before annotating
PXD071825	include	Submitter deposited an SDRF in PRIDE; import, validate, and improve	PRIDE https://www.ebi.ac.uk/pride/ws/archive/v3/projects/PXD071825; files/all n=29	Q0	8	Synechocystis sp. pcc 6803	29	24	raw	DIA	LFQ	Q Exactive HF	yes	yes	sdrf.csv	moderate	24	ms-proteomics;dia-acquisition	none_in_pride	no	deposited: sdrf.csv
PXD071884	include	Small label-free project; mapping must come from acquisition filenames	PRIDE https://www.ebi.ac.uk/pride/ws/archive/v3/projects/PXD071884; files/all n=8	Q2	8	Homo sapiens (human)	8	6	raw	DDA	LFQ	Q Exactive	no	no	Results.xlsx;checksum.txt	simple	6	ms-proteomics;human	none_in_pride	no	Verify filename tokens resolve condition and replicate before annotating
PXD071897	include	Small label-free project; mapping must come from acquisition filenames	PRIDE https://www.ebi.ac.uk/pride/ws/archive/v3/projects/PXD071897; files/all n=11	Q2	8	Mus musculus (mouse)	11	10	raw	DIA	LFQ	Orbitrap Exploris 240	no	no	checksum.txt	simple	10	ms-proteomics;vertebrates;dia-acquisition	none_in_pride	no	Verify filename tokens resolve condition and replicate before annotating
PXD071911	include	Small label-free project; mapping must come from acquisition filenames	PRIDE https://www.ebi.ac.uk/pride/ws/archive/v3/projects/PXD071911; files/all n=13	Q2	8	Oreochromis niloticus	13	6	d.zip	DDA	LFQ	timsTOF Pro 2	no	no	2_UGE_1_S1-A11_1_2040.txt;checksum.txt;2_UGE_2_S1-A12_1_2041.txt	simple	6	ms-proteomics	none_in_pride	no	Verify filename tokens resolve condition and replicate before annotating
PXD071945	include	Small label-free project; mapping must come from acquisition filenames	PRIDE https://www.ebi.ac.uk/pride/ws/archive/v3/projects/PXD071945; files/all n=39	Q2	8	Escherichia coli (strain k12);Staphylococcus aureus subsp. aureus nctc 8325	39	8	raw	DIA	LFQ	Orbitrap Eclipse;timsTOF Pro	no	no	diannpar.txt	simple	8	ms-proteomics;dia-acquisition	none_in_pride	no	Verify filename tokens resolve condition and replicate before annotating
PXD071946	include	Small label-free project; mapping must come from acquisition filenames	PRIDE https://www.ebi.ac.uk/pride/ws/archive/v3/projects/PXD071946; files/all n=9	Q2	8	Klebsiella pneumoniae subsp. pneumoniae kpq3	9	6	d.zip	DIA	LFQ	maXis	no	no	checksum.txt;report.tsv	simple	6	ms-proteomics;dia-acquisition	none_in_pride	no	Verify filename tokens resolve condition and replicate before annotating
PXD072104	include	Small label-free project; mapping must come from acquisition filenames	PRIDE https://www.ebi.ac.uk/pride/ws/archive/v3/projects/PXD072104; files/all n=8	Q2	8	Homo sapiens (human)	8	4	raw	DIA	LFQ	Orbitrap Exploris 480	no	no	Result.xlsx;IdentifiedAndQuantifiedProteins.tsv;checksum.txt	simple	4	ms-proteomics;human;dia-acquisition	none_in_pride	no	Verify filename tokens resolve condition and replicate before annotating
PXD072134	include	Small label-free project; mapping must come from acquisition filenames	PRIDE https://www.ebi.ac.uk/pride/ws/archive/v3/projects/PXD072134; files/all n=14	Q2	8	Rousettus aegyptiacus (egyptian rousette) (egyptian fruit bat)	14	10	raw	DIA	LFQ	Orbitrap Fusion Lumos	no	no	checksum.txt	simple	10	ms-proteomics;dia-acquisition	none_in_pride	no	Verify filename tokens resolve condition and replicate before annotating
PXD072167	include	Small label-free project; mapping must come from acquisition filenames	PRIDE https://www.ebi.ac.uk/pride/ws/archive/v3/projects/PXD072167; files/all n=14	Q2	8	Homo sapiens (human)	14	12	raw	DIA	LFQ	Orbitrap Exploris 480	no	no	checksum.txt	simple	12	ms-proteomics;human;dia-acquisition;cell-lines	none_in_pride	no	Verify filename tokens resolve condition and replicate before annotating
PXD072183	include	Small label-free project; mapping must come from acquisition filenames	PRIDE https://www.ebi.ac.uk/pride/ws/archive/v3/projects/PXD072183; files/all n=8	Q2	8	Nicotiana tabacum (common tobacco);Solanum lycopersicum	8	6	d.zip	DIA	LFQ	timsTOF Pro 2	no	no	checksum.txt	simple	6	ms-proteomics;dia-acquisition	none_in_pride	no	Verify filename tokens resolve condition and replicate before annotating
PXD072220	include	Small label-free project; mapping must come from acquisition filenames	PRIDE https://www.ebi.ac.uk/pride/ws/archive/v3/projects/PXD072220; files/all n=14	Q2	8	Homo sapiens (human)	14	9	raw	DIA	LFQ	Orbitrap Exploris 240	no	no	HK-2_Spectronaut-report_PG_Quantity.txt;HK-2_Spectronaut-report_PTM.txt;HK-2_Spectronaut-report_Candidates.txt	simple	9	ms-proteomics;human;dia-acquisition	none_in_pride	no	Verify filename tokens resolve condition and replicate before annotating
PXD072386	include	Small label-free project; mapping must come from acquisition filenames	PRIDE https://www.ebi.ac.uk/pride/ws/archive/v3/projects/PXD072386; files/all n=10	Q2	8	Mus musculus (mouse)	10	8	raw	DIA	LFQ	Orbitrap Fusion Lumos	no	no	201001_095933_dongzhou_micekidney_phos_sn_ptm0.75_0930_Report.tsv;readme.xlsx	simple	8	ms-proteomics;vertebrates;dia-acquisition	none_in_pride	no	Verify filename tokens resolve condition and replicate before annotating
PXD072578	include	Small label-free project; mapping must come from acquisition filenames	PRIDE https://www.ebi.ac.uk/pride/ws/archive/v3/projects/PXD072578; files/all n=10	Q2	8	Homo sapiens (human)	10	3	raw	DDA	LFQ	Orbitrap Eclipse	no	no	Lacritin_PRP_endogenous_glycopeps_250909_VC_tear_peptide_pooled_1.raw.xlsx;Tears_peptidome_unmod_pooled_VC_pyroGlu_250909_VC_tear_peptide_pooled_1.raw.xlsx;checksum.txt	simple	3	ms-proteomics;human	none_in_pride	no	Verify filename tokens resolve condition and replicate before annotating
PXD072579	include	Small label-free project; mapping must come from acquisition filenames	PRIDE https://www.ebi.ac.uk/pride/ws/archive/v3/projects/PXD072579; files/all n=6	Q2	8	Caenorhabditis elegans	6	4	raw	DDA	LFQ	Orbitrap Fusion Lumos	no	no	checksum.txt;3xflag_gfp_set_25vsWT_2026.1.2_IP_MS.xlsx	simple	4	ms-proteomics;invertebrates	none_in_pride	no	Verify filename tokens resolve condition and replicate before annotating
PXD072752	include	Small label-free project; mapping must come from acquisition filenames	PRIDE https://www.ebi.ac.uk/pride/ws/archive/v3/projects/PXD072752; files/all n=8	Q2	8	Mus musculus (mouse)	8	6	raw	DIA	LFQ	Q Exactive HF	no	no	checksum.txt;YAS202506260063-2.pr_matrix.tsv	simple	6	ms-proteomics;vertebrates;dia-acquisition;cell-lines	none_in_pride	no	Verify filename tokens resolve condition and replicate before annotating
PXD072753	include	Small label-free project; mapping must come from acquisition filenames	PRIDE https://www.ebi.ac.uk/pride/ws/archive/v3/projects/PXD072753; files/all n=20	Q2	8	Homo sapiens (human)	20	8	raw	DIA	LFQ	Orbitrap Fusion Lumos	no	no	rAMELY_statistics.csv;classified_peptides.csv	simple	8	ms-proteomics;human;dia-acquisition	none_in_pride	no	Verify filename tokens resolve condition and replicate before annotating
PXD072759	include	Small label-free project; mapping must come from acquisition filenames	PRIDE https://www.ebi.ac.uk/pride/ws/archive/v3/projects/PXD072759; files/all n=3	Q2	8	Mus musculus (mouse)	3	1	raw	DIA	LFQ	timsTOF Pro	no	no	checksum.txt	simple	1	ms-proteomics;vertebrates;dia-acquisition	none_in_pride	no	Verify filename tokens resolve condition and replicate before annotating
PXD072831	include	Small label-free project; mapping must come from acquisition filenames	PRIDE https://www.ebi.ac.uk/pride/ws/archive/v3/projects/PXD072831; files/all n=42	Q2	8	Homo sapiens (human)	42	9	raw	DDA	LFQ	Orbitrap Exploris 240	no	no	CTRL3ptmprofile.csv;EC2ptmprofile.csv;normalization_factor.csv	simple	9	ms-proteomics;human;cell-lines	none_in_pride	no	Verify filename tokens resolve condition and replicate before annotating
PXD072844	include	Small label-free project; mapping must come from acquisition filenames	PRIDE https://www.ebi.ac.uk/pride/ws/archive/v3/projects/PXD072844; files/all n=9	Q2	8	Chlamydomonas reinhardtii	9	4	raw	DDA	LFQ	Orbitrap Exploris 480	no	no	checksum.txt	simple	4	ms-proteomics	none_in_pride	no	Verify filename tokens resolve condition and replicate before annotating
PXD072864	include	Small label-free project; mapping must come from acquisition filenames	PRIDE https://www.ebi.ac.uk/pride/ws/archive/v3/projects/PXD072864; files/all n=14	Q2	8	Unclassified anisakis	14	9	raw	DDA	LFQ	Q Exactive HF	no	no	checksum.txt	simple	9	ms-proteomics	none_in_pride	no	Verify filename tokens resolve condition and replicate before annotating
PXD072867	include	Submitter deposited an SDRF in PRIDE; import, validate, and improve	PRIDE https://www.ebi.ac.uk/pride/ws/archive/v3/projects/PXD072867; files/all n=24	Q0	8	Homo sapiens (human)	24	18	d.zip	DIA	LFQ	timsTOF Ultra 2	yes	yes	sdrf_mosaic_wewa001.tsv	moderate	18	ms-proteomics;human;dia-acquisition	none_in_pride	no	deposited: sdrf_mosaic_wewa001.tsv
PXD072873	include	Small label-free project; mapping must come from acquisition filenames	PRIDE https://www.ebi.ac.uk/pride/ws/archive/v3/projects/PXD072873; files/all n=10	Q2	8	Leishmania mexicana mhom/gt/2001/u1103	10	6	d.zip	DIA	LFQ	timsTOF HT	no	no	E717-Spectronaut.zip	simple	6	ms-proteomics;dia-acquisition	none_in_pride	no	Verify filename tokens resolve condition and replicate before annotating
PXD072876	include	Small label-free project; mapping must come from acquisition filenames	PRIDE https://www.ebi.ac.uk/pride/ws/archive/v3/projects/PXD072876; files/all n=8	Q2	8	Escherichia coli	8	6	raw	DIA	LFQ	maXis	no	no	checksum.txt	simple	6	ms-proteomics;dia-acquisition	none_in_pride	no	Verify filename tokens resolve condition and replicate before annotating
PXD072887	include	Submitter deposited an SDRF in PRIDE; import, validate, and improve	PRIDE https://www.ebi.ac.uk/pride/ws/archive/v3/projects/PXD072887; files/all n=46	Q0	8	Tenebrio molitor	46	18	raw	DIA	LFQ	Q Exactive HF-X	yes	yes	sdrf.tsv	moderate	18	ms-proteomics;dia-acquisition	none_in_pride	no	deposited: sdrf.tsv
PXD072951	include	Small label-free project; mapping must come from acquisition filenames	PRIDE https://www.ebi.ac.uk/pride/ws/archive/v3/projects/PXD072951; files/all n=20	Q2	8	Mus musculus (mouse)	20	9	wiff	DIA	LFQ	TripleTOF 6600	no	no	checksum.txt;swath_library__FDR.xlsx	simple	9	ms-proteomics;vertebrates;dia-acquisition	none_in_pride	no	Verify filename tokens resolve condition and replicate before annotating
PXD073074	include	Small label-free project; mapping must come from acquisition filenames	PRIDE https://www.ebi.ac.uk/pride/ws/archive/v3/projects/PXD073074; files/all n=8	Q2	8	Mus musculus (mouse)	8	6	raw	DIA	LFQ	Orbitrap Astral Zoom	no	no	checksum.txt	simple	6	ms-proteomics;vertebrates;dia-acquisition	none_in_pride	no	Verify filename tokens resolve condition and replicate before annotating
PXD073191	include	Small label-free project; mapping must come from acquisition filenames	PRIDE https://www.ebi.ac.uk/pride/ws/archive/v3/projects/PXD073191; files/all n=12	Q2	8	Cryphonectria parasitica	12	6	d.zip	DDA	LFQ	timsTOF Pro	no	no	peptides.txt;modificationSpecificPeptides.txt;proteinGroups.txt	simple	6	ms-proteomics	none_in_pride	no	Verify filename tokens resolve condition and replicate before annotating
PXD073209	include	Small label-free project; mapping must come from acquisition filenames	PRIDE https://www.ebi.ac.uk/pride/ws/archive/v3/projects/PXD073209; files/all n=8	Q2	8	Larimichthys crocea (large yellow croaker) (pseudosciaena crocea)	8	6	raw	DIA	LFQ	Q Exactive HF	no	no	md5sum.txt	simple	6	ms-proteomics;dia-acquisition	none_in_pride	no	Verify filename tokens resolve condition and replicate before annotating
PXD073279	include	Small label-free project; mapping must come from acquisition filenames	PRIDE https://www.ebi.ac.uk/pride/ws/archive/v3/projects/PXD073279; files/all n=10	Q2	8	Homo sapiens (human)	10	9	raw	DIA	LFQ	Orbitrap Astral	no	no	checksum.txt	simple	9	ms-proteomics;human;dia-acquisition	none_in_pride	no	Verify filename tokens resolve condition and replicate before annotating
PXD073289	include	Small label-free project; mapping must come from acquisition filenames	PRIDE https://www.ebi.ac.uk/pride/ws/archive/v3/projects/PXD073289; files/all n=26	Q2	8	Homo sapiens (human)	26	12	wiff	DIA	LFQ	TripleTOF 6600	no	no	checksum.txt;SWATH_Library__FDR.xlsx	simple	12	ms-proteomics;human;dia-acquisition	none_in_pride	no	Verify filename tokens resolve condition and replicate before annotating
PXD073301	include	Small label-free project; mapping must come from acquisition filenames	PRIDE https://www.ebi.ac.uk/pride/ws/archive/v3/projects/PXD073301; files/all n=14	Q2	8	Sus scrofa domesticus (domestic pig)	14	12	raw	DIA	LFQ	Q Exactive HF	no	no	checksum.txt	simple	12	ms-proteomics;vertebrates;dia-acquisition	none_in_pride	no	Verify filename tokens resolve condition and replicate before annotating
PXD073302	include	Small label-free project; mapping must come from acquisition filenames	PRIDE https://www.ebi.ac.uk/pride/ws/archive/v3/projects/PXD073302; files/all n=19	Q2	8	Homo sapiens (human)	19	9	wiff	DIA	LFQ	TripleTOF 5600	no	no	pg_matrix_exp_MSPC_6aug25_v3.tsv	simple	9	ms-proteomics;human;dia-acquisition	none_in_pride	no	Verify filename tokens resolve condition and replicate before annotating
PXD073360	include	Small label-free project; mapping must come from acquisition filenames	PRIDE https://www.ebi.ac.uk/pride/ws/archive/v3/projects/PXD073360; files/all n=15	Q2	8	Caenorhabditis elegans	15	12	raw	DIA	LFQ	Q Exactive HF-X	no	no	PTL_KO_vs_Control_Unique_Genes.txt;KEY.xlsx;checksum.txt	simple	12	ms-proteomics;invertebrates;dia-acquisition	none_in_pride	no	Verify filename tokens resolve condition and replicate before annotating
PXD073401	include	Small label-free project; mapping must come from acquisition filenames	PRIDE https://www.ebi.ac.uk/pride/ws/archive/v3/projects/PXD073401; files/all n=8	Q2	8	Homo sapiens (human)	8	6	raw	DIA	LFQ	Orbitrap Astral	no	no	Astral_14min_Report.xlsx;checksum.txt	simple	6	ms-proteomics;human;dia-acquisition	none_in_pride	no	Verify filename tokens resolve condition and replicate before annotating
PXD073447	include	Small label-free project; mapping must come from acquisition filenames	PRIDE https://www.ebi.ac.uk/pride/ws/archive/v3/projects/PXD073447; files/all n=15	Q2	8	Vicia costata	15	12	raw	DIA	LFQ	Q Exactive	no	no	YAS202407230073-1.pr_matrix.tsv;checksum.txt;YAS202407230073-1.pg_matrix.tsv	simple	12	ms-proteomics;dia-acquisition	none_in_pride	no	Verify filename tokens resolve condition and replicate before annotating
PXD073451	include	Small label-free project; mapping must come from acquisition filenames	PRIDE https://www.ebi.ac.uk/pride/ws/archive/v3/projects/PXD073451; files/all n=6	Q2	8	Mus musculus (mouse)	6	4	raw	DIA	LFQ	Orbitrap Astral	no	no	checksum.txt	simple	4	ms-proteomics;vertebrates;dia-acquisition	none_in_pride	no	Verify filename tokens resolve condition and replicate before annotating
PXD073462	include	Small label-free project; mapping must come from acquisition filenames	PRIDE https://www.ebi.ac.uk/pride/ws/archive/v3/projects/PXD073462; files/all n=3	Q2	8	Bacteroides fragilis	3	2	d.zip	DIA	LFQ	timsTOF Pro 2	no	no	Spectronaut.sne	simple	2	ms-proteomics;dia-acquisition	none_in_pride	no	Verify filename tokens resolve condition and replicate before annotating
PXD073612	include	Submitter deposited an SDRF in PRIDE; import, validate, and improve	PRIDE https://www.ebi.ac.uk/pride/ws/archive/v3/projects/PXD073612; files/all n=36	Q0	8	Homo sapiens (human)	36	18	raw	DDA	LFQ	Orbitrap Ascend;Orbitrap Exploris 480	yes	yes	sdrf-default.sdrf.csv	moderate	18	ms-proteomics;human;cell-lines	none_in_pride	no	deposited: sdrf-default.sdrf.csv
PXD073635	include	Small label-free project; mapping must come from acquisition filenames	PRIDE https://www.ebi.ac.uk/pride/ws/archive/v3/projects/PXD073635; files/all n=8	Q2	8	Homo sapiens (human)	8	6	raw	DDA	LFQ	LTQ Orbitrap XL ETD	no	no	HBEC_mass_spec_data.xlsx;checksum.txt	simple	6	ms-proteomics;human	none_in_pride	no	Verify filename tokens resolve condition and replicate before annotating
PXD073641	include	Submitter deposited an SDRF in PRIDE; import, validate, and improve	PRIDE https://www.ebi.ac.uk/pride/ws/archive/v3/projects/PXD073641; files/all n=41	Q0	8	Naja sp.;Trimeresurus	41	18	raw	DIA	LFQ	Q Exactive HF	yes	yes	sdrf-default_VenomProteome-Napat.xlsx	moderate	18	ms-proteomics;dia-acquisition	none_in_pride	no	deposited: sdrf-default_VenomProteome-Napat.xlsx
PXD073710	include	Small label-free project; mapping must come from acquisition filenames	PRIDE https://www.ebi.ac.uk/pride/ws/archive/v3/projects/PXD073710; files/all n=11	Q2	8	Mus musculus (mouse)	11	9	d.zip	DIA	LFQ	Bruker Daltonics timsTOF series	no	no	checksum.txt	simple	9	ms-proteomics;vertebrates;dia-acquisition	none_in_pride	no	Verify filename tokens resolve condition and replicate before annotating
PXD073759	include	Small label-free project; mapping must come from acquisition filenames	PRIDE https://www.ebi.ac.uk/pride/ws/archive/v3/projects/PXD073759; files/all n=8	Q2	8	Homo sapiens (human)	8	6	d.zip	DIA	LFQ	timsTOF HT	no	no	checksum.txt	simple	6	ms-proteomics;human;dia-acquisition	none_in_pride	no	Verify filename tokens resolve condition and replicate before annotating
PXD073786	include	Small label-free project; mapping must come from acquisition filenames	PRIDE https://www.ebi.ac.uk/pride/ws/archive/v3/projects/PXD073786; files/all n=9	Q2	8	Homo sapiens (human)	9	6	raw	DDA	LFQ	Q Exactive Plus	no	no	Supplementary_table1_for_heatmap_after_filter.xlsx;protein_peptides_output_list.csv;checksum.txt	simple	6	ms-proteomics;human;cell-lines	none_in_pride	no	Verify filename tokens resolve condition and replicate before annotating
PXD073886	include	Small label-free project with a public design or sample sheet	PRIDE https://www.ebi.ac.uk/pride/ws/archive/v3/projects/PXD073886; files/all n=17	Q1	8	Opisthorchiidae	17	12	d.zip	unknown	LFQ	compact	yes	no	metadata.csv	simple	12	ms-proteomics	none_in_pride	no	
PXD073932	include	Small label-free project; mapping must come from acquisition filenames	PRIDE https://www.ebi.ac.uk/pride/ws/archive/v3/projects/PXD073932; files/all n=9	Q2	8	Mus musculus (mouse)	9	4	d.zip	DDA	LFQ	timsTOF Pro 2	no	no	checksum.txt	simple	4	ms-proteomics;vertebrates	none_in_pride	no	Verify filename tokens resolve condition and replicate before annotating
PXD073946	include	Small label-free project; mapping must come from acquisition filenames	PRIDE https://www.ebi.ac.uk/pride/ws/archive/v3/projects/PXD073946; files/all n=9	Q2	8	Homo sapiens (human)	9	6	d.zip	DIA	LFQ	timsTOF Pro 2	no	no	checksum.txt;2405001_Report_Ttest-HA-NT-vs-HA-CTRL.xlsx	simple	6	ms-proteomics;human;dia-acquisition;cell-lines	none_in_pride	no	Verify filename tokens resolve condition and replicate before annotating
PXD073954	include	Submitter deposited an SDRF in PRIDE; import, validate, and improve	PRIDE https://www.ebi.ac.uk/pride/ws/archive/v3/projects/PXD073954; files/all n=23	Q0	8	Homo sapiens (human);Mus musculus (mouse)	23	17	raw	DIA	LFQ	Orbitrap Exploris 480	yes	yes	HEK_RiboTag_SDRF.tsv	moderate	17	ms-proteomics;dia-acquisition	none_in_pride	no	deposited: HEK_RiboTag_SDRF.tsv
PXD074000	include	Small label-free project; mapping must come from acquisition filenames	PRIDE https://www.ebi.ac.uk/pride/ws/archive/v3/projects/PXD074000; files/all n=8	Q2	8	Mus musculus (mouse)	8	6	raw	DIA	LFQ	Orbitrap Fusion Lumos	no	no	checksum.txt	simple	6	ms-proteomics;vertebrates;dia-acquisition	none_in_pride	no	Verify filename tokens resolve condition and replicate before annotating
PXD074065	include	Small label-free project; mapping must come from acquisition filenames	PRIDE https://www.ebi.ac.uk/pride/ws/archive/v3/projects/PXD074065; files/all n=28	Q2	8	Mus musculus (mouse)	28	12	raw	DIA	LFQ	Orbitrap Exploris 240	no	no	report.pr_matrix.tsv;Supplementary_File.xlsx;checksum.txt	simple	12	ms-proteomics;vertebrates;dia-acquisition	none_in_pride	no	Verify filename tokens resolve condition and replicate before annotating
PXD074094	include	Small label-free project; mapping must come from acquisition filenames	PRIDE https://www.ebi.ac.uk/pride/ws/archive/v3/projects/PXD074094; files/all n=8	Q2	8	Homo sapiens (human)	8	6	raw	DIA	LFQ	timsTOF HT	no	no	checksum.txt	simple	6	ms-proteomics;human;dia-acquisition	none_in_pride	no	Verify filename tokens resolve condition and replicate before annotating
PXD074100	include	Small label-free project; mapping must come from acquisition filenames	PRIDE https://www.ebi.ac.uk/pride/ws/archive/v3/projects/PXD074100; files/all n=6	Q2	8	Homo sapiens (human)	6	4	raw	DIA	LFQ	Orbitrap Eclipse	no	no	checksum.txt;Skyline_output_2635.csv	simple	4	ms-proteomics;human;dia-acquisition	none_in_pride	no	Verify filename tokens resolve condition and replicate before annotating
PXD074105	include	Small label-free project; mapping must come from acquisition filenames	PRIDE https://www.ebi.ac.uk/pride/ws/archive/v3/projects/PXD074105; files/all n=4	Q2	8	Homo sapiens (human)	4	2	raw	DIA	LFQ	Orbitrap Exploris 480	no	no	checksum.txt	simple	2	ms-proteomics;human;dia-acquisition	none_in_pride	no	Verify filename tokens resolve condition and replicate before annotating
PXD074138	include	Small label-free project; mapping must come from acquisition filenames	PRIDE https://www.ebi.ac.uk/pride/ws/archive/v3/projects/PXD074138; files/all n=26	Q2	8	Mus musculus (mouse)	26	6	raw	DIA	LFQ	Orbitrap Astral	no	no	checksum.txt	simple	6	ms-proteomics;vertebrates;dia-acquisition	none_in_pride	no	Verify filename tokens resolve condition and replicate before annotating
PXD074182	include	Small label-free project; mapping must come from acquisition filenames	PRIDE https://www.ebi.ac.uk/pride/ws/archive/v3/projects/PXD074182; files/all n=14	Q2	8	Trypanosoma brucei	14	12	raw	DDA	LFQ	Orbitrap Fusion Lumos	no	no	checksum.txt;proteinGroups.txt	simple	12	ms-proteomics	none_in_pride	no	Verify filename tokens resolve condition and replicate before annotating
PXD074183	include	Small label-free project; mapping must come from acquisition filenames	PRIDE https://www.ebi.ac.uk/pride/ws/archive/v3/projects/PXD074183; files/all n=14	Q2	8	Trypanosoma brucei	14	12	raw	DDA	LFQ	Orbitrap Exploris 480	no	no	proteinGroups.txt;checksum.txt	simple	12	ms-proteomics	none_in_pride	no	Verify filename tokens resolve condition and replicate before annotating
PXD074315	include	Small label-free project; mapping must come from acquisition filenames	PRIDE https://www.ebi.ac.uk/pride/ws/archive/v3/projects/PXD074315; files/all n=10	Q2	8	Pseudomonas aeruginosa	10	8	d.zip	DIA	LFQ	timsTOF HT	no	no	checksum.txt	simple	8	ms-proteomics;dia-acquisition	none_in_pride	no	Verify filename tokens resolve condition and replicate before annotating
PXD074354	include	Small label-free project; mapping must come from acquisition filenames	PRIDE https://www.ebi.ac.uk/pride/ws/archive/v3/projects/PXD074354; files/all n=3	Q2	8	Homo sapiens (human)	3	1	raw	DDA	LFQ	LTQ Orbitrap	no	no	checksum.txt	simple	1	ms-proteomics;human	none_in_pride	no	Verify filename tokens resolve condition and replicate before annotating
PXD074388	include	Small label-free project; mapping must come from acquisition filenames	PRIDE https://www.ebi.ac.uk/pride/ws/archive/v3/projects/PXD074388; files/all n=22	Q2	8	Homo sapiens (human)	22	8	raw	DDA	LFQ	Orbitrap Fusion Lumos	no	no	msmsScans.txt;evidence.txt;OxidationSites.txt	simple	8	ms-proteomics;human	none_in_pride	no	Verify filename tokens resolve condition and replicate before annotating
PXD074422	include	Small label-free project; mapping must come from acquisition filenames	PRIDE https://www.ebi.ac.uk/pride/ws/archive/v3/projects/PXD074422; files/all n=6	Q2	8	Dendrobium huoshanense	6	4	raw	DIA	LFQ	Orbitrap Astral	no	no	checksum.txt	simple	4	ms-proteomics;dia-acquisition	none_in_pride	no	Verify filename tokens resolve condition and replicate before annotating
PXD074523	include	Small label-free project; mapping must come from acquisition filenames	PRIDE https://www.ebi.ac.uk/pride/ws/archive/v3/projects/PXD074523; files/all n=14	Q2	8	Bacillus sp. b-23280	14	12	raw	DIA	LFQ	Orbitrap Exploris 480	no	no	20260105_225415_251215_Fabian_pulldown_Report.tsv;checksum.txt	simple	12	ms-proteomics;dia-acquisition	none_in_pride	no	Verify filename tokens resolve condition and replicate before annotating
PXD074538	include	Small label-free project; mapping must come from acquisition filenames	PRIDE https://www.ebi.ac.uk/pride/ws/archive/v3/projects/PXD074538; files/all n=11	Q2	8	Homo sapiens (human)	11	6	raw	DIA	LFQ	Orbitrap Exploris 480	no	no	20250924_DIA_Huh1_FAPS_ALL_Top3.xlsx;Source_data_for_volcano.xlsx;Source_data_for_copy_number.xlsx	simple	6	ms-proteomics;human;dia-acquisition	none_in_pride	no	Verify filename tokens resolve condition and replicate before annotating
PXD074558	include	Small label-free project; mapping must come from acquisition filenames	PRIDE https://www.ebi.ac.uk/pride/ws/archive/v3/projects/PXD074558; files/all n=8	Q2	8	Pythium oligandrum	8	6	d.zip	DDA	LFQ	Bruker Daltonics instrument model	no	no	checksum.txt	simple	6	ms-proteomics	none_in_pride	no	Verify filename tokens resolve condition and replicate before annotating
PXD074564	include	Small label-free project; mapping must come from acquisition filenames	PRIDE https://www.ebi.ac.uk/pride/ws/archive/v3/projects/PXD074564; files/all n=50	Q2	8	Homo sapiens (human)	50	12	raw	DIA	LFQ	Orbitrap Fusion Lumos	no	no	checksum.txt	simple	12	ms-proteomics;human;dia-acquisition	none_in_pride	no	Verify filename tokens resolve condition and replicate before annotating
PXD074583	include	Submitter deposited an SDRF in PRIDE; import, validate, and improve	PRIDE https://www.ebi.ac.uk/pride/ws/archive/v3/projects/PXD074583; files/all n=193	Q0	8	Akkermansia muciniphila	193	18	raw	DDA	LFQ	Orbitrap Fusion	yes	yes	Akk_Proteomics_Study5.PRIDE_ready.RENAMED_for_your_RAWs.sdrf.tsv	moderate	18	ms-proteomics	none_in_pride	no	deposited: Akk_Proteomics_Study5.PRIDE_ready.RENAMED_for_your_RAWs.sdrf.tsv
PXD074595	include	Small label-free project; mapping must come from acquisition filenames	PRIDE https://www.ebi.ac.uk/pride/ws/archive/v3/projects/PXD074595; files/all n=4	Q2	8	Mus musculus (mouse)	4	1	d.zip	DIA	LFQ	timsTOF HT	no	no	checksum.txt;Liver_report.pg_matrix.tsv;Heart_report.pg_matrix.tsv	simple	1	ms-proteomics;vertebrates;dia-acquisition	none_in_pride	no	Verify filename tokens resolve condition and replicate before annotating
PXD074673	include	Small label-free project; mapping must come from acquisition filenames	PRIDE https://www.ebi.ac.uk/pride/ws/archive/v3/projects/PXD074673; files/all n=12	Q2	8	Homo sapiens (human)	12	10	raw	DIA	LFQ	Orbitrap Astral	no	no	report.pg_matrix.tsv;checksum.txt	simple	10	ms-proteomics;human;dia-acquisition;cell-lines	none_in_pride	no	Verify filename tokens resolve condition and replicate before annotating
PXD074689	include	Small label-free project; mapping must come from acquisition filenames	PRIDE https://www.ebi.ac.uk/pride/ws/archive/v3/projects/PXD074689; files/all n=17	Q2	8	Cryptosporidium parvum iowa ii	17	12	raw	DDA	LFQ	Q Exactive HF	no	no	checksum.txt	simple	12	ms-proteomics	none_in_pride	no	Verify filename tokens resolve condition and replicate before annotating
PXD074715	include	Small label-free project; mapping must come from acquisition filenames	PRIDE https://www.ebi.ac.uk/pride/ws/archive/v3/projects/PXD074715; files/all n=15	Q2	8	Chroococcidiopsis sp. ccmee 29	15	12	d.zip	DIA	LFQ	timsTOF HT	no	no	DiaNN_results.zip	simple	12	ms-proteomics;dia-acquisition	none_in_pride	no	Verify filename tokens resolve condition and replicate before annotating
PXD074941	include	Small label-free project with a public design or sample sheet	PRIDE https://www.ebi.ac.uk/pride/ws/archive/v3/projects/PXD074941; files/all n=12	Q1	8	Homo sapiens (human)	12	8	raw	unknown	LFQ	Orbitrap Fusion Lumos	yes	no	Sample_Legend_and_LC-MS_Settings_v01.pdf	simple	8	ms-proteomics;human	none_in_pride	no	
PXD075150	include	Small label-free project; mapping must come from acquisition filenames	PRIDE https://www.ebi.ac.uk/pride/ws/archive/v3/projects/PXD075150; files/all n=15	Q2	8	Homo sapiens (human)	15	12	d.zip	DDA	LFQ	timsTOF Pro	no	no	checksum.txt;SW620_2025_Full_dataset.xls;HCT_Full_dataset.csv	simple	12	ms-proteomics;human;cell-lines	none_in_pride	no	Verify filename tokens resolve condition and replicate before annotating
PXD075222	include	Small label-free project; mapping must come from acquisition filenames	PRIDE https://www.ebi.ac.uk/pride/ws/archive/v3/projects/PXD075222; files/all n=12	Q2	8	Sus scrofa domesticus (domestic pig)	12	6	raw	DDA	LFQ	Orbitrap Exploris 480	no	no	ID24223_Raw_file_experiment_list.xlsx;checksum.txt	simple	6	ms-proteomics;vertebrates	none_in_pride	no	Verify filename tokens resolve condition and replicate before annotating
PXD075393	include	Small label-free project; mapping must come from acquisition filenames	PRIDE https://www.ebi.ac.uk/pride/ws/archive/v3/projects/PXD075393; files/all n=6	Q2	8	Homo sapiens (human)	6	2	raw	DIA	LFQ	Q Exactive	no	no	668A_tohokuU_240827_result.pr_matrix.tsv;668A_tohokuU_240827_result.pg_matrix.tsv;H57819_0725A_Normalaze_off_result.pr_matrix.tsv	simple	2	ms-proteomics;human;dia-acquisition	none_in_pride	no	Verify filename tokens resolve condition and replicate before annotating
PXD075407	include	Small label-free project; mapping must come from acquisition filenames	PRIDE https://www.ebi.ac.uk/pride/ws/archive/v3/projects/PXD075407; files/all n=13	Q2	8	Mus musculus (mouse)	13	6	d.zip	DIA	LFQ	timsTOF HT	no	no	Spectronaut_O-Torgs_Day6_rep2.m.zip;Spectronaut_O-Torgs_Day6_rep3.m.zip;Spectronaut_T-Torgs_Day6_rep2.m.zip	simple	6	ms-proteomics;vertebrates;dia-acquisition	none_in_pride	no	Verify filename tokens resolve condition and replicate before annotating
PXD075443	include	Small label-free project; mapping must come from acquisition filenames	PRIDE https://www.ebi.ac.uk/pride/ws/archive/v3/projects/PXD075443; files/all n=27	Q2	8	Homo sapiens (human)	27	4	d.zip	DIA	LFQ	timsTOF Pro	no	no	combined_ion.tsv;combined_site_C_57.0215.tsv;report.protein_description.tsv	simple	4	ms-proteomics;human;dia-acquisition	none_in_pride	no	Verify filename tokens resolve condition and replicate before annotating
PXD075464	include	Small label-free project; mapping must come from acquisition filenames	PRIDE https://www.ebi.ac.uk/pride/ws/archive/v3/projects/PXD075464; files/all n=17	Q2	8	Trypanosoma brucei	17	12	raw	DIA	LFQ	Orbitrap Astral	no	no	checksum.txt	simple	12	ms-proteomics;dia-acquisition;cell-lines	none_in_pride	no	Verify filename tokens resolve condition and replicate before annotating
PXD075498	include	Small label-free project; mapping must come from acquisition filenames	PRIDE https://www.ebi.ac.uk/pride/ws/archive/v3/projects/PXD075498; files/all n=10	Q2	8	Bos taurus (bovine)	10	6	raw	DIA	LFQ	Orbitrap Eclipse	no	no	checksum.txt	simple	6	ms-proteomics;vertebrates;dia-acquisition	none_in_pride	no	Verify filename tokens resolve condition and replicate before annotating
PXD075504	include	Small label-free project; mapping must come from acquisition filenames	PRIDE https://www.ebi.ac.uk/pride/ws/archive/v3/projects/PXD075504; files/all n=11	Q2	8	Homo sapiens (human)	11	4	raw	DIA	LFQ	Orbitrap Exploris 480;timsTOF fleX	no	no	Serum_EVs_SEC.xlsx;checksum.txt;Serum_MAgNet_enrichment.xlsx	simple	4	ms-proteomics;human;dia-acquisition;cell-lines	none_in_pride	no	Verify filename tokens resolve condition and replicate before annotating
PXD075505	include	Small label-free project; mapping must come from acquisition filenames	PRIDE https://www.ebi.ac.uk/pride/ws/archive/v3/projects/PXD075505; files/all n=9	Q2	8	Homo sapiens (human)	9	6	raw	DIA	LFQ	Orbitrap Eclipse	no	no	report20241018TC1_abDIAnn.tsv	simple	6	ms-proteomics;human;dia-acquisition	none_in_pride	no	Verify filename tokens resolve condition and replicate before annotating
PXD075507	include	Small label-free project; mapping must come from acquisition filenames	PRIDE https://www.ebi.ac.uk/pride/ws/archive/v3/projects/PXD075507; files/all n=13	Q2	8	Homo sapiens (human)	13	10	raw	DIA	LFQ	Orbitrap Eclipse	no	no	20250728YC02-IPabDIAnn.tsv	simple	10	ms-proteomics;human;dia-acquisition	none_in_pride	no	Verify filename tokens resolve condition and replicate before annotating
PXD075518	include	Small label-free project; mapping must come from acquisition filenames	PRIDE https://www.ebi.ac.uk/pride/ws/archive/v3/projects/PXD075518; files/all n=8	Q2	8	Homo sapiens (human)	8	6	raw	DIA	LFQ	Orbitrap Exploris 480	no	no	DIANN.zip	simple	6	ms-proteomics;human;dia-acquisition	none_in_pride	no	Verify filename tokens resolve condition and replicate before annotating
PXD075610	include	Small label-free project; mapping must come from acquisition filenames	PRIDE https://www.ebi.ac.uk/pride/ws/archive/v3/projects/PXD075610; files/all n=7	Q2	8	Scaphoideus titanus	7	1	raw	DIA	LFQ	Q Exactive Plus	no	no	report.pg_matrix.tsv;checksum.txt;report.pr_matrix.tsv	simple	1	ms-proteomics;dia-acquisition	none_in_pride	no	Verify filename tokens resolve condition and replicate before annotating
PXD075756	include	Submitter deposited an SDRF in PRIDE; import, validate, and improve	PRIDE https://www.ebi.ac.uk/pride/ws/archive/v3/projects/PXD075756; files/all n=23	Q0	8	Mus musculus (mouse)	23	20	d.zip	DIA	LFQ	timsTOF Ultra	yes	yes	sdrf.tsv	moderate	20	ms-proteomics;vertebrates;dia-acquisition	none_in_pride	no	deposited: sdrf.tsv
PXD075759	include	Small label-free project; mapping must come from acquisition filenames	PRIDE https://www.ebi.ac.uk/pride/ws/archive/v3/projects/PXD075759; files/all n=16	Q2	8	Serendipita indica dsm 11827	16	10	raw	DIA	LFQ	Orbitrap Exploris 480	no	no	4597_PG_Report.setup.txt;checksum.txt;4597_PG_Report.tsv	simple	10	ms-proteomics;dia-acquisition	none_in_pride	no	Verify filename tokens resolve condition and replicate before annotating
PXD075878	include	Small label-free project; mapping must come from acquisition filenames	PRIDE https://www.ebi.ac.uk/pride/ws/archive/v3/projects/PXD075878; files/all n=11	Q2	8	Plasmodium falciparum	11	6	d.zip	DIA	LFQ	timsTOF HT	no	no	translatome-combined_peptide.tsv;translatome-combined_protein.tsv;checksum.txt	simple	6	ms-proteomics;dia-acquisition	none_in_pride	no	Verify filename tokens resolve condition and replicate before annotating
PXD076100	include	Small label-free project; mapping must come from acquisition filenames	PRIDE https://www.ebi.ac.uk/pride/ws/archive/v3/projects/PXD076100; files/all n=15	Q2	8	Mus musculus (mouse)	15	6	d.zip	DIA	LFQ	ultraflex	no	no	checksum.txt	simple	6	ms-proteomics;vertebrates;dia-acquisition	none_in_pride	no	Verify filename tokens resolve condition and replicate before annotating
PXD076160	include	Small label-free project; mapping must come from acquisition filenames	PRIDE https://www.ebi.ac.uk/pride/ws/archive/v3/projects/PXD076160; files/all n=11	Q2	8	Mus musculus (mouse)	11	9	raw	DIA	LFQ	QSTAR;LTQ Orbitrap Elite;Q TRAP;6340 Ion Trap LC/MS;ultraflex;6520A Quadrupole Time-of-Flight LC/MS;TripleTOF 5600;6410 Triple Quadrupole LC/MS;Orbitrap Fusion Lumos;Synapt MS;LTQ Orbitrap;timsTOF Pro;Q-Tof Ultima;4800 Proteomics Analyzer;LTQ FT;MALDI Synapt MS;4700 Proteomics Analyzer;LTQ Orbitrap Velos;maXis;6220 Time-of-Flight LC/MS;LTQ;LCQ Classic;Orbitrap Fusion;Q Exactive HF;autoflex;Q Exactive	no	no	checksum.txt	simple	9	ms-proteomics;vertebrates;dia-acquisition	none_in_pride	no	Verify filename tokens resolve condition and replicate before annotating
PXD076276	include	Small label-free project; mapping must come from acquisition filenames	PRIDE https://www.ebi.ac.uk/pride/ws/archive/v3/projects/PXD076276; files/all n=969	Q2	8	Homo sapiens (human)	969	1	raw	DIA	LFQ	ZenoTOF 7600+;quadrupole orbitrap astral instrument	no	no	application_reports_report_0_base_model.pr_matrix.tsv;application_reports_report_20_5.unique_genes_matrix.tsv;application_reports_report_30_5_random.tsv	simple	1	ms-proteomics;human;dia-acquisition	none_in_pride	no	Verify filename tokens resolve condition and replicate before annotating
PXD076314	include	Small label-free project; mapping must come from acquisition filenames	PRIDE https://www.ebi.ac.uk/pride/ws/archive/v3/projects/PXD076314; files/all n=5	Q2	8	Homo sapiens (human)	5	2	raw	DIA	LFQ	LTQ Orbitrap	no	no	report.pg_matrix.tsv;report.pr_matrix.tsv;checksum.txt	simple	2	ms-proteomics;human;dia-acquisition	none_in_pride	no	Verify filename tokens resolve condition and replicate before annotating
PXD076375	include	Small label-free project; mapping must come from acquisition filenames	PRIDE https://www.ebi.ac.uk/pride/ws/archive/v3/projects/PXD076375; files/all n=10	Q2	8	Homo sapiens (human)	10	8	d.7z	DIA	LFQ	Bruker Daltonics timsTOF series	no	no	DIANN_ID.xlsx	simple	8	ms-proteomics;human;dia-acquisition	none_in_pride	no	Verify filename tokens resolve condition and replicate before annotating
PXD076412	include	Small label-free project; mapping must come from acquisition filenames	PRIDE https://www.ebi.ac.uk/pride/ws/archive/v3/projects/PXD076412; files/all n=15	Q2	8	Streptococcus sp. 'group b';Bacteria	15	12	raw	DIA	LFQ	Orbitrap Fusion	no	no	checksum.txt;MS6335_report.tsv;MS6335_report_analyzed.xlsx	simple	12	ms-proteomics;dia-acquisition	none_in_pride	no	Verify filename tokens resolve condition and replicate before annotating
PXD076477	include	Small label-free project; mapping must come from acquisition filenames	PRIDE https://www.ebi.ac.uk/pride/ws/archive/v3/projects/PXD076477; files/all n=56	Q2	8	Homo sapiens (human)	56	11	raw	DIA	LFQ	orbitrap	no	no	data10cvssi.protein.q0.01.tsv;data19cvssi.psm.q0.01.tsv;data19cvssi.protein.q0.01.tsv	simple	11	ms-proteomics;human;dia-acquisition	none_in_pride	no	Verify filename tokens resolve condition and replicate before annotating
PXD076805	include	Small label-free project; mapping must come from acquisition filenames	PRIDE https://www.ebi.ac.uk/pride/ws/archive/v3/projects/PXD076805; files/all n=15	Q2	8	Homo sapiens (human)	15	6	raw	DIA	LFQ	Orbitrap Fusion	no	no	231211_IGasic_004_DirectDIA_PARvsKO_Human_QuanID_NoImp_NoSingleHit_candidates_table.tsv;231211_IGasic_004_DirectDIA_PARvsKO_Human_QuanID_NoImp_NoSingleHit_SettingsSchema_BGS_Factory_Settings.txt;231211_IGasic_004_DirectDIA_PARvsKO_Human_QuanID_NoImp_NoSingleHit_Report_full.xlsx	simple	6	ms-proteomics;human;dia-acquisition	none_in_pride	no	Verify filename tokens resolve condition and replicate before annotating
PXD076809	include	Small label-free project; mapping must come from acquisition filenames	PRIDE https://www.ebi.ac.uk/pride/ws/archive/v3/projects/PXD076809; files/all n=9	Q2	8	Sus scrofa domesticus (domestic pig)	9	7	d.zip	DIA	LFQ	autoflex	no	no	checksum.txt	simple	7	ms-proteomics;vertebrates;dia-acquisition	none_in_pride	no	Verify filename tokens resolve condition and replicate before annotating
PXD076818	include	Small label-free project; mapping must come from acquisition filenames	PRIDE https://www.ebi.ac.uk/pride/ws/archive/v3/projects/PXD076818; files/all n=14	Q2	8	Human adenovirus c serotype 5 (hadv-5) (human adenovirus 5);Homo sapiens (human)	14	12	raw	DIA	LFQ	orbitrap	no	no	diann-output.zip	simple	12	ms-proteomics;dia-acquisition	none_in_pride	no	Verify filename tokens resolve condition and replicate before annotating
PXD076863	include	Small label-free project; mapping must come from acquisition filenames	PRIDE https://www.ebi.ac.uk/pride/ws/archive/v3/projects/PXD076863; files/all n=8	Q2	8	Homo sapiens (human)	8	6	d.zip	DIA	LFQ	LTQ Orbitrap Elite	no	no	checksum.txt	simple	6	ms-proteomics;human;dia-acquisition	none_in_pride	no	Verify filename tokens resolve condition and replicate before annotating
PXD077093	include	Small label-free project; mapping must come from acquisition filenames	PRIDE https://www.ebi.ac.uk/pride/ws/archive/v3/projects/PXD077093; files/all n=6	Q2	8	Mus musculus (mouse)	6	4	raw	DDA	LFQ	Orbitrap Fusion	no	no	checksum.txt	simple	4	ms-proteomics;vertebrates;cell-lines	none_in_pride	no	Verify filename tokens resolve condition and replicate before annotating
PXD077098	include	Small label-free project; mapping must come from acquisition filenames	PRIDE https://www.ebi.ac.uk/pride/ws/archive/v3/projects/PXD077098; files/all n=17	Q2	8	Zea mays (maize)	17	12	raw.zip	DIA	LFQ	Synapt MS	no	no	protein_quantification_report.xlsx;peptide_quantification_report.csv;checksum.txt	simple	12	ms-proteomics;plants;dia-acquisition	none_in_pride	no	Verify filename tokens resolve condition and replicate before annotating
PXD077246	include	Small label-free project; mapping must come from acquisition filenames	PRIDE https://www.ebi.ac.uk/pride/ws/archive/v3/projects/PXD077246; files/all n=12	Q2	8	Sus scrofa domesticus (domestic pig)	12	10	d.zip	DIA	LFQ	timsTOF HT	no	no	checksum.txt;20260113_103214_KAK424_FFPE_SPEED_TCA_Prec_BSG_PGspec_X9excluded_ProteinReport.tsv	simple	10	ms-proteomics;vertebrates;dia-acquisition	none_in_pride	no	Verify filename tokens resolve condition and replicate before annotating
PXD077315	include	Small label-free project; mapping must come from acquisition filenames	PRIDE https://www.ebi.ac.uk/pride/ws/archive/v3/projects/PXD077315; files/all n=9	Q2	8	Rattus norvegicus (rat)	9	6	raw	DIA	LFQ	quadrupole orbitrap astral instrument	no	no	report.pg_matrix.tsv;report.pr_matrix.tsv;checksum.txt	simple	6	ms-proteomics;vertebrates;dia-acquisition	none_in_pride	no	Verify filename tokens resolve condition and replicate before annotating
PXD077362	include	Submitter deposited an SDRF in PRIDE; import, validate, and improve	PRIDE https://www.ebi.ac.uk/pride/ws/archive/v3/projects/PXD077362; files/all n=23	Q0	8	Homo sapiens (human)	23	20	raw	DIA	LFQ	orbitrap	yes	yes	SDRF_HDF_repregrammed_DCs_3_DIA.txt	moderate	20	ms-proteomics;human;dia-acquisition	none_in_pride	no	deposited: SDRF_HDF_repregrammed_DCs_3_DIA.txt
PXD077559	include	Small label-free project; mapping must come from acquisition filenames	PRIDE https://www.ebi.ac.uk/pride/ws/archive/v3/projects/PXD077559; files/all n=9	Q2	8	Gallus gallus (chicken)	9	6	d.zip	DDA	LFQ	Q Exactive	no	no	checksum.txt;proteinGroups.txt;peptides.txt	simple	6	ms-proteomics;vertebrates	none_in_pride	no	Verify filename tokens resolve condition and replicate before annotating
PXD077594	include	Small label-free project; mapping must come from acquisition filenames	PRIDE https://www.ebi.ac.uk/pride/ws/archive/v3/projects/PXD077594; files/all n=19	Q2	8	Homo sapiens (human)	19	6	raw	DIA	LFQ	Orbitrap Astral	no	no	report-first-pass.pr_matrix.tsv;report-first-pass.gg_matrix.tsv;report.unique_genes_matrix.tsv	simple	6	ms-proteomics;human;dia-acquisition	none_in_pride	no	Verify filename tokens resolve condition and replicate before annotating
PXD077751	include	Small label-free project; mapping must come from acquisition filenames	PRIDE https://www.ebi.ac.uk/pride/ws/archive/v3/projects/PXD077751; files/all n=14	Q2	8	Homo sapiens (human)	14	12	raw	DIA	LFQ	Orbitrap Exploris 480	no	no	checksum.txt;report.pg_matrix_LJ260326.tsv	simple	12	ms-proteomics;human;dia-acquisition	none_in_pride	no	Verify filename tokens resolve condition and replicate before annotating
PXD077797	include	Small label-free project; mapping must come from acquisition filenames	PRIDE https://www.ebi.ac.uk/pride/ws/archive/v3/projects/PXD077797; files/all n=36	Q2	8	Homo sapiens (human)	36	8	raw	DIA	LFQ	Orbitrap Astral	no	no	report_IMR90_senescent_same_cell_number_BSA_spike_in.unique_genes_matrix.tsv;report_IMR90_senescent_same_cell_number_BSA_spike_in.protein_description.tsv;report_IMR90_senescent_same_cell_number_BSA_spike_in.pr_matrix.tsv	simple	8	ms-proteomics;human;dia-acquisition	none_in_pride	no	Verify filename tokens resolve condition and replicate before annotating
PXD077916	include	Small label-free project; mapping must come from acquisition filenames	PRIDE https://www.ebi.ac.uk/pride/ws/archive/v3/projects/PXD077916; files/all n=10	Q2	8	Homo sapiens (human)	10	6	raw	DIA	LFQ	Orbitrap Fusion Lumos;Orbitrap Exploris 480	no	no	checksum.txt	simple	6	ms-proteomics;human;dia-acquisition	none_in_pride	no	Verify filename tokens resolve condition and replicate before annotating
PXD078106	include	Small label-free project; mapping must come from acquisition filenames	PRIDE https://www.ebi.ac.uk/pride/ws/archive/v3/projects/PXD078106; files/all n=3	Q2	8	Homo sapiens (human)	3	1	raw	DIA	LFQ	Orbitrap Fusion Lumos	no	no	checksum.txt	simple	1	ms-proteomics;human;dia-acquisition	none_in_pride	no	Verify filename tokens resolve condition and replicate before annotating
PXD078376	include	Submitter deposited an SDRF in PRIDE; import, validate, and improve	PRIDE https://www.ebi.ac.uk/pride/ws/archive/v3/projects/PXD078376; files/all n=32	Q0	8	Arabidopsis thaliana (mouse-ear cress)	32	22	raw	DDA	LFQ	Q Exactive Plus	yes	yes	sdrf.tsv	moderate	22	ms-proteomics;plants	none_in_pride	no	deposited: sdrf.tsv
PXD078482	include	Small label-free project; mapping must come from acquisition filenames	PRIDE https://www.ebi.ac.uk/pride/ws/archive/v3/projects/PXD078482; files/all n=8	Q2	8	Homo sapiens (human)	8	6	raw	DDA	LFQ	Orbitrap Fusion Lumos	no	no	Search.txt;checksum.txt	simple	6	ms-proteomics;human	none_in_pride	no	Verify filename tokens resolve condition and replicate before annotating
PXD078485	include	Small label-free project; mapping must come from acquisition filenames	PRIDE https://www.ebi.ac.uk/pride/ws/archive/v3/projects/PXD078485; files/all n=8	Q2	8	Homo sapiens (human)	8	6	raw	DIA	LFQ	Orbitrap Ascend	no	no	checksum.txt;LYSO-IP-search.xlsx	simple	6	ms-proteomics;human;dia-acquisition	none_in_pride	no	Verify filename tokens resolve condition and replicate before annotating
PXD078488	include	Small label-free project; mapping must come from acquisition filenames	PRIDE https://www.ebi.ac.uk/pride/ws/archive/v3/projects/PXD078488; files/all n=8	Q2	8	Homo sapiens (human)	8	6	raw	DIA	LFQ	Orbitrap Ascend	no	no	checksum.txt;MIRO2-FLGAG-IP-search.xlsx	simple	6	ms-proteomics;human;dia-acquisition	none_in_pride	no	Verify filename tokens resolve condition and replicate before annotating
PXD078529	include	Small label-free project; mapping must come from acquisition filenames	PRIDE https://www.ebi.ac.uk/pride/ws/archive/v3/projects/PXD078529; files/all n=9	Q2	8	Mus musculus (mouse)	9	5	raw	DIA	LFQ	Orbitrap Exploris 480	no	no	PLK309_Dovile_Kuda_mo_plasma_fractions_5x_SN19-9_250620_ConditionSetup.tsv;PLK309_Dovile_Kuda_mo_plasma_fractions_5x_SN19-9_250620_Report_Protein.tsv;checksum.txt	simple	5	ms-proteomics;vertebrates;dia-acquisition	none_in_pride	no	Verify filename tokens resolve condition and replicate before annotating
PXD078759	include	Small label-free project; mapping must come from acquisition filenames	PRIDE https://www.ebi.ac.uk/pride/ws/archive/v3/projects/PXD078759; files/all n=23	Q2	8	Homo sapiens (human)	23	10	raw	DIA	LFQ	Orbitrap Exploris 480	no	no	checksum.txt;XC01096DA_report.pg_matrix.tsv;XC01096DA_report.pr_matrix.tsv	simple	10	ms-proteomics;human;dia-acquisition	none_in_pride	no	Verify filename tokens resolve condition and replicate before annotating
PXD079002	include	Small label-free project; mapping must come from acquisition filenames	PRIDE https://www.ebi.ac.uk/pride/ws/archive/v3/projects/PXD079002; files/all n=3	Q2	8	Homo sapiens (human)	3	1	d.zip	DIA	LFQ	timsTOF Pro 2	no	no	checksum.txt	simple	1	ms-proteomics;human;dia-acquisition	none_in_pride	no	Verify filename tokens resolve condition and replicate before annotating
PXD079432	include	Small label-free project; mapping must come from acquisition filenames	PRIDE https://www.ebi.ac.uk/pride/ws/archive/v3/projects/PXD079432; files/all n=21	Q2	8	Toxoplasma gondii;Homo sapiens (human)	21	12	raw	DIA	LFQ	Orbitrap Ascend;Orbitrap Exploris 480	no	no	checksum.txt	simple	12	ms-proteomics;dia-acquisition	none_in_pride	no	Verify filename tokens resolve condition and replicate before annotating
PXD079445	include	Small label-free project; mapping must come from acquisition filenames	PRIDE https://www.ebi.ac.uk/pride/ws/archive/v3/projects/PXD079445; files/all n=10	Q2	8	Homo sapiens (human)	10	7	raw	DIA	LFQ	Orbitrap Exploris 480	no	no	Report.tsv;checksum.txt;Report.setup.txt	simple	7	ms-proteomics;human;dia-acquisition	none_in_pride	no	Verify filename tokens resolve condition and replicate before annotating
PXD080233	include	Small label-free project; mapping must come from acquisition filenames	PRIDE https://www.ebi.ac.uk/pride/ws/archive/v3/projects/PXD080233; files/all n=8	Q2	8	Klebsiella pneumoniae;Homo sapiens (human)	8	6	raw	DIA	LFQ	LTQ Orbitrap	no	no	checksum.txt;Peptides.xlsx	simple	6	ms-proteomics;dia-acquisition	none_in_pride	no	Verify filename tokens resolve condition and replicate before annotating
PXD019485	include	Small label-free project with a public design or sample sheet	PRIDE https://www.ebi.ac.uk/pride/ws/archive/v3/projects/PXD019485; files/all n=101	Q1	7	Rattus norvegicus (rat)	101	23	raw	DIA	LFQ	Orbitrap Fusion	yes	no	SamplesReportofKiralyfirstratanalysisnewlibrarysearch_2.csv;SamplesReportofKiralyDIAresults6-26-19.csv	moderate	23	ms-proteomics;vertebrates;dia-acquisition	none_in_pride	no	
PXD026948	include	Small label-free project with a public design or sample sheet	PRIDE https://www.ebi.ac.uk/pride/ws/archive/v3/projects/PXD026948; files/all n=22	Q1	7	Mus musculus (mouse)	22	16	raw	DIA	LFQ	Orbitrap Exploris 480	yes	no	experimental_design.xlsx	moderate	16	ms-proteomics;vertebrates;dia-acquisition	none_in_pride	no	
PXD038477	include	Small label-free project; mapping must come from acquisition filenames	PRIDE https://www.ebi.ac.uk/pride/ws/archive/v3/projects/PXD038477; files/all n=17	Q2	7	Homo sapiens (human)	17	8	raw	DIA	LFQ	Orbitrap Fusion Lumos	no	no		simple	8	ms-proteomics;human;dia-acquisition	none_in_pride	no	Verify filename tokens resolve condition and replicate before annotating
PXD039582	include	Submitter deposited an SDRF in PRIDE; import, validate, and improve	PRIDE https://www.ebi.ac.uk/pride/ws/archive/v3/projects/PXD039582; files/all n=41	Q0	7	Cricetulus griseus (chinese hamster) (cricetulus barabensis griseus);Mus musculus (mouse)	41	27	raw	DIA	LFQ	Orbitrap Eclipse	yes	yes	sdrf_DIA.txt	moderate	27	ms-proteomics;dia-acquisition	none_in_pride	no	deposited: sdrf_DIA.txt
PXD046812	include	Small label-free project with a public design or sample sheet	PRIDE https://www.ebi.ac.uk/pride/ws/archive/v3/projects/PXD046812; files/all n=23	Q1	7	Mus musculus (mouse)	23	16	raw	DIA	LFQ	Orbitrap Exploris 480	yes	no	sample_names_table.xlsx	moderate	16	ms-proteomics;vertebrates;dia-acquisition	none_in_pride	no	
PXD046983	include	Submitter deposited an SDRF in PRIDE; import, validate, and improve	PRIDE https://www.ebi.ac.uk/pride/ws/archive/v3/projects/PXD046983; files/all n=225	Q0	7	Mus musculus (mouse)	225	44	wiff	DIA	LFQ	ZenoTOF 7600	yes	yes	PXD046983.sdrf.tsv	moderate	44	ms-proteomics;vertebrates;dia-acquisition	none_in_pride	no	deposited: PXD046983.sdrf.tsv
PXD048998	include	Small label-free project; mapping must come from acquisition filenames	PRIDE https://www.ebi.ac.uk/pride/ws/archive/v3/projects/PXD048998; files/all n=12	Q2	7	Escherichia coli	12	6	wiff	DIA	LFQ	TripleTOF 5600	no	no		simple	6	ms-proteomics;dia-acquisition	none_in_pride	no	Verify filename tokens resolve condition and replicate before annotating
PXD050190	include	Small label-free project; mapping must come from acquisition filenames	PRIDE https://www.ebi.ac.uk/pride/ws/archive/v3/projects/PXD050190; files/all n=3	Q2	7	Mesocricetus auratus (golden hamster)	3	1	raw	DIA	LFQ	Q Exactive HF	no	no		simple	1	ms-proteomics;dia-acquisition	none_in_pride	no	Verify filename tokens resolve condition and replicate before annotating
PXD050301	include	Small label-free project with a public design or sample sheet	PRIDE https://www.ebi.ac.uk/pride/ws/archive/v3/projects/PXD050301; files/all n=25	Q1	7	Glycine max	25	20	raw	DIA	LFQ	Orbitrap Exploris 480	yes	no	Protein_IDs_quantities_and_annotations.xlsx	moderate	20	ms-proteomics;dia-acquisition	none_in_pride	no	
PXD052504	include	Submitter deposited an SDRF in PRIDE; import, validate, and improve	PRIDE https://www.ebi.ac.uk/pride/ws/archive/v3/projects/PXD052504; files/all n=63	Q0	7	Xanthium strumarium	63	30	wiff	DIA	LFQ	TripleTOF 5600	yes	yes	SDRF.xlsx	moderate	30	ms-proteomics;dia-acquisition	none_in_pride	no	deposited: SDRF.xlsx
PXD054360	include	Submitter deposited an SDRF in PRIDE; import, validate, and improve	PRIDE https://www.ebi.ac.uk/pride/ws/archive/v3/projects/PXD054360; files/all n=224	Q0	7	Homo sapiens (human)	224	36	wiff	DIA	LFQ	ZenoTOF 7600	yes	yes	Panc1_HLAp_HPH_RP_Library_FragPipe_SDRF.tsv;Panc1_HLAp_Small_input_DDA_FragPipe_SDRF.tsv	moderate	36	ms-proteomics;human;dia-acquisition;cell-lines	none_in_pride	no	deposited: Panc1_HLAp_HPH_RP_Library_FragPipe_SDRF.tsv;Panc1_HLAp_Small_input_DDA_FragPipe_SDRF.tsv
PXD054755	include	Small label-free project; mapping must come from acquisition filenames	PRIDE https://www.ebi.ac.uk/pride/ws/archive/v3/projects/PXD054755; files/all n=7	Q2	7	Salmonella phage sfp10	7	6	raw	DIA	LFQ	LTQ Orbitrap Elite	no	no		simple	6	ms-proteomics;dia-acquisition	none_in_pride	no	Verify filename tokens resolve condition and replicate before annotating
PXD055474	include	Small label-free project; mapping must come from acquisition filenames	PRIDE https://www.ebi.ac.uk/pride/ws/archive/v3/projects/PXD055474; files/all n=10	Q2	7	Mus musculus (mouse)	10	9	raw	DIA	LFQ	ultraflex	no	no		simple	9	ms-proteomics;vertebrates;dia-acquisition	none_in_pride	no	Verify filename tokens resolve condition and replicate before annotating
PXD056093	include	Small label-free project; mapping must come from acquisition filenames	PRIDE https://www.ebi.ac.uk/pride/ws/archive/v3/projects/PXD056093; files/all n=8	Q2	7	Drosophila melanogaster (fruit fly)	8	3	raw;wiff	DIA	LFQ	Q Exactive HF	no	no		simple	3	ms-proteomics;invertebrates;dia-acquisition	none_in_pride	no	Verify filename tokens resolve condition and replicate before annotating
PXD056249	include	Small label-free project with a public design or sample sheet	PRIDE https://www.ebi.ac.uk/pride/ws/archive/v3/projects/PXD056249; files/all n=18	Q1	7	Mus musculus (mouse)	18	15	d.zip	DIA	LFQ	timsTOF Pro	yes	no	Sample_Table.xlsx	moderate	15	ms-proteomics;vertebrates;dia-acquisition	none_in_pride	no	
PXD057122	include	Small label-free project with a public design or sample sheet	PRIDE https://www.ebi.ac.uk/pride/ws/archive/v3/projects/PXD057122; files/all n=26	Q1	7	Homo sapiens (human)	26	24	raw	DIA	LFQ	Orbitrap Exploris 480	yes	no	Samples_data.txt	moderate	24	ms-proteomics;human;dia-acquisition	none_in_pride	no	
PXD057566	include	Small label-free project; mapping must come from acquisition filenames	PRIDE https://www.ebi.ac.uk/pride/ws/archive/v3/projects/PXD057566; files/all n=18	Q2	7	Homo sapiens (human)	18	4	raw	DIA	LFQ	TripleTOF 5600;Orbitrap Exploris 480	no	no		simple	4	ms-proteomics;human;dia-acquisition	none_in_pride	no	Verify filename tokens resolve condition and replicate before annotating
PXD057654	include	Small label-free project; mapping must come from acquisition filenames	PRIDE https://www.ebi.ac.uk/pride/ws/archive/v3/projects/PXD057654; files/all n=49	Q2	7	Homo sapiens (human)	49	12	wiff	DIA	LFQ	ZenoTOF 7600	no	no		simple	12	ms-proteomics;human;dia-acquisition	none_in_pride	no	Verify filename tokens resolve condition and replicate before annotating
PXD057984	include	Submitter deposited an SDRF in PRIDE; import, validate, and improve	PRIDE https://www.ebi.ac.uk/pride/ws/archive/v3/projects/PXD057984; files/all n=126	Q0	7	Cricetulus griseus (chinese hamster) (cricetulus barabensis griseus)	126	45	wiff	DIA	LFQ	SELECT SERIES Cyclic IMS;ZenoTOF 7600	yes	yes	CHO-cell_Bioreactor_SDRF.sdrf	moderate	45	ms-proteomics;dia-acquisition;cell-lines	none_in_pride	no	deposited: CHO-cell_Bioreactor_SDRF.sdrf
PXD058285	include	Small label-free project with a public design or sample sheet	PRIDE https://www.ebi.ac.uk/pride/ws/archive/v3/projects/PXD058285; files/all n=15	Q1	7	Mus musculus (mouse)	15	13	d.zip	DIA	LFQ	timsTOF Pro	yes	no	Hao_AGMass_round3-pellets_metadata.xlsx	moderate	13	ms-proteomics;vertebrates;dia-acquisition	none_in_pride	no	
PXD058728	include	Submitter deposited an SDRF in PRIDE; import, validate, and improve	PRIDE https://www.ebi.ac.uk/pride/ws/archive/v3/projects/PXD058728; files/all n=39	Q0	7	Homo sapiens (human)	39	35	d.zip	DIA	LFQ	timsTOF SCP	yes	yes	SDRF.tsv	moderate	35	ms-proteomics;human;dia-acquisition	none_in_pride	no	deposited: SDRF.tsv
PXD059792	include	Small label-free project with a public design or sample sheet	PRIDE https://www.ebi.ac.uk/pride/ws/archive/v3/projects/PXD059792; files/all n=15	Q1	7	Homo sapiens (human)	15	13	d.7z	DIA	LFQ	timsTOF Pro	yes	no	20231121_TTOF01_EVO_SA_Orbi4891_Sample11_S1-B11_1_10506.d.7z;20231121_TTOF01_EVO_SA_Orbi4891_Sample10_S1-B10_1_10505.d.7z;20231121_TTOF01_EVO_SA_Orbi4891_Sample21_S1-C9_1_10513.d.7z	moderate	13	ms-proteomics;human;dia-acquisition	none_in_pride	no	
PXD060170	include	Small label-free project; mapping must come from acquisition filenames	PRIDE https://www.ebi.ac.uk/pride/ws/archive/v3/projects/PXD060170; files/all n=11	Q2	7	Mus musculus (mouse)	11	10	d.7z	DIA	LFQ	timsTOF Pro	no	no		simple	10	ms-proteomics;vertebrates;dia-acquisition	none_in_pride	no	Verify filename tokens resolve condition and replicate before annotating
PXD060259	include	Submitter deposited an SDRF in PRIDE; import, validate, and improve	PRIDE https://www.ebi.ac.uk/pride/ws/archive/v3/projects/PXD060259; files/all n=32	Q0	7	Mus musculus (mouse)	32	30	d.zip	DIA	LFQ	timsTOF Pro 2	yes	yes	2023_22_S_Brandenburg_SDRF.tsv	moderate	30	ms-proteomics;vertebrates;dia-acquisition	none_in_pride	no	deposited: 2023_22_S_Brandenburg_SDRF.tsv
PXD060315	include	Small label-free project; mapping must come from acquisition filenames	PRIDE https://www.ebi.ac.uk/pride/ws/archive/v3/projects/PXD060315; files/all n=7	Q2	7	Mus musculus (mouse)	7	6	raw	DIA	LFQ	Orbitrap Astral	no	no		simple	6	ms-proteomics;vertebrates;dia-acquisition	none_in_pride	no	Verify filename tokens resolve condition and replicate before annotating
PXD062227	include	Small label-free project with a public design or sample sheet	PRIDE https://www.ebi.ac.uk/pride/ws/archive/v3/projects/PXD062227; files/all n=20	Q1	7	Homo sapiens (human)	20	15	d.zip	DIA	LFQ	timsTOF Pro	yes	no	sample_manifest.xlsx	moderate	15	ms-proteomics;human;dia-acquisition	none_in_pride	no	
PXD062696	include	Small label-free project with a public design or sample sheet	PRIDE https://www.ebi.ac.uk/pride/ws/archive/v3/projects/PXD062696; files/all n=32	Q1	7	Homo sapiens (human)	32	24	d.zip	DIA	LFQ	timsTOF Pro 2	yes	no	experiment_design.xlsx	moderate	24	ms-proteomics;human;dia-acquisition	none_in_pride	no	
PXD063537	include	Small label-free project; mapping must come from acquisition filenames	PRIDE https://www.ebi.ac.uk/pride/ws/archive/v3/projects/PXD063537; files/all n=4	Q2	7	Homo sapiens (human)	4	2	raw	DIA	LFQ	Orbitrap Astral	no	no		simple	2	ms-proteomics;human;dia-acquisition	none_in_pride	no	Verify filename tokens resolve condition and replicate before annotating
PXD063840	include	Small label-free project; mapping must come from acquisition filenames	PRIDE https://www.ebi.ac.uk/pride/ws/archive/v3/projects/PXD063840; files/all n=4	Q2	7	Homo sapiens (human)	4	3	raw	DIA	LFQ	Orbitrap Astral	no	no		simple	3	ms-proteomics;human;dia-acquisition	none_in_pride	no	Verify filename tokens resolve condition and replicate before annotating
PXD063859	include	Small label-free project; mapping must come from acquisition filenames	PRIDE https://www.ebi.ac.uk/pride/ws/archive/v3/projects/PXD063859; files/all n=3	Q2	7	Homo sapiens (human)	3	2	raw	DIA	LFQ	Orbitrap Astral	no	no		simple	2	ms-proteomics;human;dia-acquisition	none_in_pride	no	Verify filename tokens resolve condition and replicate before annotating
PXD063864	include	Small label-free project; mapping must come from acquisition filenames	PRIDE https://www.ebi.ac.uk/pride/ws/archive/v3/projects/PXD063864; files/all n=4	Q2	7	Homo sapiens (human)	4	3	raw	DIA	LFQ	Orbitrap Astral	no	no		simple	3	ms-proteomics;human;dia-acquisition	none_in_pride	no	Verify filename tokens resolve condition and replicate before annotating
PXD064577	include	Small label-free project with a public design or sample sheet	PRIDE https://www.ebi.ac.uk/pride/ws/archive/v3/projects/PXD064577; files/all n=43	Q1	7	Macropus giganteus	43	18	wiff	DIA	LFQ	ZenoTOF 7600	yes	no	MSstats_quant_by_sample.csv;Roo_sperm_DIA-NN_report.pg_matrix.tsv;Roo_sperm_DIA-NN_report.tsv	moderate	18	ms-proteomics;dia-acquisition	none_in_pride	no	
PXD065442	include	Small label-free project; mapping must come from acquisition filenames	PRIDE https://www.ebi.ac.uk/pride/ws/archive/v3/projects/PXD065442; files/all n=10	Q2	7	Diaporthe sp. t1	10	5	raw	DIA	LFQ	LTQ Orbitrap Velos	no	no		simple	5	ms-proteomics;dia-acquisition	none_in_pride	no	Verify filename tokens resolve condition and replicate before annotating
PXD066008	include	Submitter deposited an SDRF in PRIDE; import, validate, and improve	PRIDE https://www.ebi.ac.uk/pride/ws/archive/v3/projects/PXD066008; files/all n=47	Q0	7	Haloferax volcanii (halobacterium volcanii)	47	42	d.tar	DIA	LFQ	timsTOF Pro 2;timsTOF HT	yes	yes	SDRF.xlsx	moderate	42	ms-proteomics;dia-acquisition	none_in_pride	no	deposited: SDRF.xlsx
PXD066110	include	Small label-free project with a public design or sample sheet	PRIDE https://www.ebi.ac.uk/pride/ws/archive/v3/projects/PXD066110; files/all n=17	Q1	7	Homo sapiens (human)	17	15	d.zip	DIA	LFQ	timsTOF HT	yes	no	Chengrp_052325_061225_Sample_Metadata.csv	moderate	15	ms-proteomics;human;dia-acquisition;cell-lines	none_in_pride	no	
PXD066672	include	Submitter deposited an SDRF in PRIDE; import, validate, and improve	PRIDE https://www.ebi.ac.uk/pride/ws/archive/v3/projects/PXD066672; files/all n=41	Q0	7	Saccharomyces cerevisiae (baker's yeast);Escherichia coli;Homo sapiens (human)	41	36	raw	DIA	LFQ	Orbitrap Astral Zoom;Orbitrap Astral	yes	yes	sdrf-quantitation.sdrf.xlsx	moderate	36	ms-proteomics;dia-acquisition;cell-lines	none_in_pride	no	deposited: sdrf-quantitation.sdrf.xlsx
PXD066713	include	Small label-free project; mapping must come from acquisition filenames	PRIDE https://www.ebi.ac.uk/pride/ws/archive/v3/projects/PXD066713; files/all n=14	Q2	7	Mus musculus (mouse)	14	12	d.zip	DIA	LFQ	timsTOF Pro	no	no		simple	12	ms-proteomics;vertebrates;dia-acquisition	none_in_pride	no	Verify filename tokens resolve condition and replicate before annotating
PXD067363	include	Submitter deposited an SDRF in PRIDE; import, validate, and improve	PRIDE https://www.ebi.ac.uk/pride/ws/archive/v3/projects/PXD067363; files/all n=27	Q0	7	Homo sapiens (human)	27	25	raw	DIA	LFQ	Orbitrap Astral Zoom;Orbitrap Astral	yes	yes	sdrf-50SPD.sdrf.xlsx	moderate	25	ms-proteomics;human;dia-acquisition;cell-lines	none_in_pride	no	deposited: sdrf-50SPD.sdrf.xlsx
PXD067433	include	Submitter deposited an SDRF in PRIDE; import, validate, and improve	PRIDE https://www.ebi.ac.uk/pride/ws/archive/v3/projects/PXD067433; files/all n=28	Q0	7	Homo sapiens (human)	28	26	raw	DIA	LFQ	Orbitrap Astral Zoom;Orbitrap Astral	yes	yes	sdrf-50SPD.sdrf.xlsx	moderate	26	ms-proteomics;human;dia-acquisition;cell-lines	none_in_pride	no	deposited: sdrf-50SPD.sdrf.xlsx
PXD067850	include	Small label-free project with a public design or sample sheet	PRIDE https://www.ebi.ac.uk/pride/ws/archive/v3/projects/PXD067850; files/all n=23	Q1	7	Homo sapiens (human)	23	21	raw	DIA	LFQ	Orbitrap Astral	yes	no	Metadata_Jawahar.txt	moderate	21	ms-proteomics;human;dia-acquisition	none_in_pride	no	
PXD068003	include	Small label-free project with a public design or sample sheet	PRIDE https://www.ebi.ac.uk/pride/ws/archive/v3/projects/PXD068003; files/all n=30	Q1	7	Homo sapiens (human)	30	24	raw	DIA	LFQ	Orbitrap Fusion Lumos	yes	no	annotation.txt	moderate	24	ms-proteomics;human;dia-acquisition	none_in_pride	no	
PXD069663	include	Small label-free project with a public design or sample sheet	PRIDE https://www.ebi.ac.uk/pride/ws/archive/v3/projects/PXD069663; files/all n=18	Q1	7	Homo sapiens (human)	18	15	d.zip	DIA	LFQ	timsTOF Pro	yes	no	Sample_list.xlsx	moderate	15	ms-proteomics;human;dia-acquisition	none_in_pride	no	
PXD069794	include	Small label-free project; mapping must come from acquisition filenames	PRIDE https://www.ebi.ac.uk/pride/ws/archive/v3/projects/PXD069794; files/all n=14	Q2	7	Mus musculus (mouse)	14	12	raw	DIA	LFQ	Orbitrap Astral	no	no		simple	12	ms-proteomics;vertebrates;dia-acquisition	none_in_pride	no	Verify filename tokens resolve condition and replicate before annotating
PXD070150	include	Small label-free project; mapping must come from acquisition filenames	PRIDE https://www.ebi.ac.uk/pride/ws/archive/v3/projects/PXD070150; files/all n=11	Q2	7	Homo sapiens (human)	11	9	raw	unknown	LFQ	Orbitrap Fusion	no	no	checksum.txt	simple	9	ms-proteomics;human	none_in_pride	no	Verify filename tokens resolve condition and replicate before annotating
PXD070177	include	Small label-free project with a public design or sample sheet	PRIDE https://www.ebi.ac.uk/pride/ws/archive/v3/projects/PXD070177; files/all n=20	Q1	7	Rattus norvegicus (rat)	20	16	d.zip	DDA	LFQ	Bruker Daltonics timsTOF series	yes	no	experiment_annotation.tsv	moderate	16	ms-proteomics;vertebrates	none_in_pride	no	
PXD070243	include	Submitter deposited an SDRF in PRIDE; import, validate, and improve	PRIDE https://www.ebi.ac.uk/pride/ws/archive/v3/projects/PXD070243; files/all n=101	Q0	7	Mus musculus (mouse)	101	42	raw	DDA	LFQ	Orbitrap Exploris 240	yes	yes	SDRF.txt	moderate	42	ms-proteomics;vertebrates	none_in_pride	no	deposited: SDRF.txt
PXD070298	include	Small label-free project; mapping must come from acquisition filenames	PRIDE https://www.ebi.ac.uk/pride/ws/archive/v3/projects/PXD070298; files/all n=8	Q2	7	Mus musculus (mouse)	8	6	raw	unknown	LFQ	Orbitrap Fusion	no	no	checksum.txt	simple	6	ms-proteomics;vertebrates	none_in_pride	no	Verify filename tokens resolve condition and replicate before annotating
PXD070306	include	Small label-free project with a public design or sample sheet	PRIDE https://www.ebi.ac.uk/pride/ws/archive/v3/projects/PXD070306; files/all n=20	Q1	7	Mus musculus (mouse)	20	17	raw	DIA	LFQ	Orbitrap Astral	yes	no	SampleLabels.txt	moderate	17	ms-proteomics;vertebrates;dia-acquisition	none_in_pride	no	
PXD070326	include	Small label-free project with a public design or sample sheet	PRIDE https://www.ebi.ac.uk/pride/ws/archive/v3/projects/PXD070326; files/all n=54	Q1	7	Homo sapiens (human)	54	20	raw	DIA	LFQ	Orbitrap Exploris 480	yes	no	experiment_annotation_Nterminome_Legumain.tsv;experiment_annotation_Nterminome_Trypsin.tsv	moderate	20	ms-proteomics;human;dia-acquisition	none_in_pride	no	
PXD070359	include	Small label-free project; mapping must come from acquisition filenames	PRIDE https://www.ebi.ac.uk/pride/ws/archive/v3/projects/PXD070359; files/all n=8	Q2	7	Mus musculus (mouse)	8	6	raw	unknown	LFQ	Orbitrap Fusion	no	no	checksum.txt	simple	6	ms-proteomics;vertebrates	none_in_pride	no	Verify filename tokens resolve condition and replicate before annotating
PXD070494	include	Submitter deposited an SDRF in PRIDE; import, validate, and improve	PRIDE https://www.ebi.ac.uk/pride/ws/archive/v3/projects/PXD070494; files/all n=86	Q0	7	Homo sapiens (human)	86	42	d.zip	DIA	LFQ	timsTOF Pro	yes	yes	u10_MS_sample_map.sdrf	moderate	42	ms-proteomics;human;dia-acquisition	none_in_pride	no	deposited: u10_MS_sample_map.sdrf
PXD070627	include	Submitter deposited an SDRF in PRIDE; import, validate, and improve	PRIDE https://www.ebi.ac.uk/pride/ws/archive/v3/projects/PXD070627; files/all n=69	Q0	7	Homo sapiens (human)	69	32	raw	DIA	LFQ	Orbitrap Astral	yes	yes	sdrf-cell-line.sdrf.txt	moderate	32	ms-proteomics;human;dia-acquisition;cell-lines	none_in_pride	no	deposited: sdrf-cell-line.sdrf.txt
PXD070855	include	Small label-free project; mapping must come from acquisition filenames	PRIDE https://www.ebi.ac.uk/pride/ws/archive/v3/projects/PXD070855; files/all n=5	Q2	7	Homo sapiens (human)	5	4	raw	DIA	LFQ	Orbitrap Exploris 240	no	no		simple	4	ms-proteomics;human;dia-acquisition	none_in_pride	no	Verify filename tokens resolve condition and replicate before annotating
PXD070894	include	Small label-free project; mapping must come from acquisition filenames	PRIDE https://www.ebi.ac.uk/pride/ws/archive/v3/projects/PXD070894; files/all n=14	Q2	7	Mus musculus (mouse)	14	12	raw	unknown	LFQ	Q Exactive HF	no	no	proteinGroups_raw_intensities_before_SMC3_normalization.xlsx;checksum.txt	simple	12	ms-proteomics;vertebrates	none_in_pride	no	Verify filename tokens resolve condition and replicate before annotating
PXD071007	include	Small label-free project with a public design or sample sheet	PRIDE https://www.ebi.ac.uk/pride/ws/archive/v3/projects/PXD071007; files/all n=48	Q1	7	Pseudomonas aeruginosa pa14;Bacteria	48	23	raw	DDA	LFQ	Q Exactive HF	yes	no	Quant_all_samples.xlsx	moderate	23	ms-proteomics	none_in_pride	no	
PXD071066	include	Small label-free project; mapping must come from acquisition filenames	PRIDE https://www.ebi.ac.uk/pride/ws/archive/v3/projects/PXD071066; files/all n=13	Q2	7	Homo sapiens (human)	13	6	raw	unknown	LFQ	Orbitrap Eclipse	no	no	Tears_blockedbeads_ctrl_250808_VC_ctrlbeads_2.raw.xlsx;checksum.txt;Tears_Gal3_enrich_250808_VC_G3_2_DTT_IAA_postelution.raw.xlsx	simple	6	ms-proteomics;human	none_in_pride	no	Verify filename tokens resolve condition and replicate before annotating
PXD071221	include	Small label-free project; mapping must come from acquisition filenames	PRIDE https://www.ebi.ac.uk/pride/ws/archive/v3/projects/PXD071221; files/all n=11	Q2	7	Homo sapiens (human)	11	8	raw	unknown	LFQ	Q Exactive HF	no	no	evidence.txt;proteinGroups.txt;checksum.txt	simple	8	ms-proteomics;human	none_in_pride	no	Verify filename tokens resolve condition and replicate before annotating
PXD071231	include	Submitter deposited an SDRF in PRIDE; import, validate, and improve	PRIDE https://www.ebi.ac.uk/pride/ws/archive/v3/projects/PXD071231; files/all n=84	Q0	7	Mus musculus (mouse)	84	37	d.zip;raw	DIA	LFQ	LTQ Orbitrap Elite;timsTOF Pro	yes	yes	SDRF.Thbs1.CKO.WT.Proteomics.txt	moderate	37	ms-proteomics;vertebrates;dia-acquisition	none_in_pride	no	deposited: SDRF.Thbs1.CKO.WT.Proteomics.txt
PXD071378	include	Small label-free project; mapping must come from acquisition filenames	PRIDE https://www.ebi.ac.uk/pride/ws/archive/v3/projects/PXD071378; files/all n=9	Q2	7	Homo sapiens (human)	9	5	raw	DDA	LFQ	Orbitrap Ascend	no	no		simple	5	ms-proteomics;human	none_in_pride	no	Verify filename tokens resolve condition and replicate before annotating
PXD071580	include	Small label-free project with a public design or sample sheet	PRIDE https://www.ebi.ac.uk/pride/ws/archive/v3/projects/PXD071580; files/all n=30	Q1	7	Homo sapiens (human)	30	24	raw	DIA	LFQ	Orbitrap Fusion Lumos	yes	no	Sample_Matrix.xlsx	moderate	24	ms-proteomics;human;dia-acquisition	none_in_pride	no	
PXD071641	include	Small label-free project with a public design or sample sheet	PRIDE https://www.ebi.ac.uk/pride/ws/archive/v3/projects/PXD071641; files/all n=43	Q1	7	Homo sapiens (human)	43	24	d.zip	DIA	LFQ	timsTOF fleX	yes	no	04082025-24samples-report-first-pass.parquet;04082025-24samples-report-first-pass.manifest.txt;04082025-24samples-report.pr_matrix.tsv	moderate	24	ms-proteomics;human;dia-acquisition;cell-lines	none_in_pride	no	
PXD071724	include	Small label-free project with a public design or sample sheet	PRIDE https://www.ebi.ac.uk/pride/ws/archive/v3/projects/PXD071724; files/all n=22	Q1	7	Homo sapiens (human)	22	18	raw	DIA	LFQ	Q Exactive HF	yes	no	DIA-NN_output.zip;Design.xlsx	moderate	18	ms-proteomics;human;dia-acquisition	none_in_pride	no	
PXD071885	include	Small label-free project with a public design or sample sheet	PRIDE https://www.ebi.ac.uk/pride/ws/archive/v3/projects/PXD071885; files/all n=23	Q1	7	Nicotiana benthamiana	23	18	raw	DIA	LFQ	Orbitrap Fusion Lumos	yes	no	Sample_Legend_and_LC-MS_Settings_v01.docx	moderate	18	ms-proteomics;dia-acquisition	none_in_pride	no	
PXD071930	include	Small label-free project with a public design or sample sheet	PRIDE https://www.ebi.ac.uk/pride/ws/archive/v3/projects/PXD071930; files/all n=19	Q1	7	Homo sapiens (human)	19	16	d.zip	DIA	LFQ	timsTOF Pro	yes	no	Sample_List.xlsx	moderate	16	ms-proteomics;human;dia-acquisition	none_in_pride	no	
PXD071931	include	Small label-free project with a public design or sample sheet	PRIDE https://www.ebi.ac.uk/pride/ws/archive/v3/projects/PXD071931; files/all n=28	Q1	7	Mus musculus (mouse)	28	15	raw	DDA	LFQ	Q Exactive HF	yes	no	KinomeMetadata.xlsx	moderate	15	ms-proteomics;vertebrates	none_in_pride	no	
PXD072058	include	Small label-free project; mapping must come from acquisition filenames	PRIDE https://www.ebi.ac.uk/pride/ws/archive/v3/projects/PXD072058; files/all n=14	Q2	7	Leptospira biflexa serovar patoc	14	6	raw	unknown	LFQ	Exactive Plus	no	no	Leptospira_biflexa_database_1.FASTA.txt;FlaA_R3.txt;FlaA_R1.txt	simple	6	ms-proteomics	none_in_pride	no	Verify filename tokens resolve condition and replicate before annotating
PXD072077	include	Submitter deposited an SDRF in PRIDE; import, validate, and improve	PRIDE https://www.ebi.ac.uk/pride/ws/archive/v3/projects/PXD072077; files/all n=47	Q0	7	Homo sapiens (human)	47	42	raw	DDA	LFQ	Q Exactive HF	yes	yes	sdrf.tsv	moderate	42	ms-proteomics;human	none_in_pride	no	deposited: sdrf.tsv
PXD072230	include	Small label-free project with a public design or sample sheet	PRIDE https://www.ebi.ac.uk/pride/ws/archive/v3/projects/PXD072230; files/all n=17	Q1	7	Homo sapiens (human)	17	13	d.zip	DIA	LFQ	timsTOF Ultra 2	yes	no	DIANN_results.zip;sample_annotation.txt	moderate	13	ms-proteomics;human;dia-acquisition	none_in_pride	no	
PXD072599	include	Submitter deposited an SDRF in PRIDE; import, validate, and improve	PRIDE https://www.ebi.ac.uk/pride/ws/archive/v3/projects/PXD072599; files/all n=35	Q0	7	Homo sapiens (human)	35	31	raw	DDA	LFQ	Orbitrap Exploris 480	yes	yes	sdrf.tsv	moderate	31	ms-proteomics;human	none_in_pride	no	deposited: sdrf.tsv
PXD072869	include	Small label-free project with a public design or sample sheet	PRIDE https://www.ebi.ac.uk/pride/ws/archive/v3/projects/PXD072869; files/all n=61	Q1	7	Homo sapiens (human)	61	24	d.zip	DIA	LFQ	timsTOF Ultra	yes	no	sampleInfo.txt	moderate	24	ms-proteomics;human;dia-acquisition	none_in_pride	no	
PXD073353	include	Small label-free project with a public design or sample sheet	PRIDE https://www.ebi.ac.uk/pride/ws/archive/v3/projects/PXD073353; files/all n=25	Q1	7	Homo sapiens (human)	25	18	raw	DIA	LFQ	Orbitrap Exploris 480	yes	no	MS24037_Sample_to_Data_file_format.xlsx	moderate	18	ms-proteomics;human;dia-acquisition	none_in_pride	no	
PXD073363	include	Small label-free project; mapping must come from acquisition filenames	PRIDE https://www.ebi.ac.uk/pride/ws/archive/v3/projects/PXD073363; files/all n=9	Q2	7	Homo sapiens (human)	9	4	raw	unknown	LFQ	Orbitrap Exploris 480	no	no	checksum.txt	simple	4	ms-proteomics;human	none_in_pride	no	Verify filename tokens resolve condition and replicate before annotating
PXD073390	include	Small label-free project with a public design or sample sheet	PRIDE https://www.ebi.ac.uk/pride/ws/archive/v3/projects/PXD073390; files/all n=25	Q1	7	Homo sapiens (human)	25	18	raw	DIA	LFQ	Orbitrap Exploris 480	yes	no	Sample_to_Data_file_format.xlsx	moderate	18	ms-proteomics;human;dia-acquisition	none_in_pride	no	
PXD073413	include	Submitter deposited an SDRF in PRIDE; import, validate, and improve	PRIDE https://www.ebi.ac.uk/pride/ws/archive/v3/projects/PXD073413; files/all n=31	Q0	7	Homo sapiens (human)	31	27	raw.zip	DIA	LFQ	Orbitrap Astral	yes	yes	sdrf-human.tsv	moderate	27	ms-proteomics;human;dia-acquisition	none_in_pride	no	deposited: sdrf-human.tsv
PXD073452	include	Submitter deposited an SDRF in PRIDE; import, validate, and improve	PRIDE https://www.ebi.ac.uk/pride/ws/archive/v3/projects/PXD073452; files/all n=107	Q0	7	Arabidopsis thaliana (mouse-ear cress)	107	34	d.zip;raw	DDA	LFQ	Orbitrap Fusion;timsTOF Pro	yes	yes	sample_description.sdrf.txt	moderate	34	ms-proteomics;plants	none_in_pride	no	deposited: sample_description.sdrf.txt
PXD073955	include	Small label-free project with a public design or sample sheet	PRIDE https://www.ebi.ac.uk/pride/ws/archive/v3/projects/PXD073955; files/all n=31	Q1	7	Penicillium oxalicum	31	24	raw	DIA	LFQ	Q Exactive HF	yes	no	HP7-1_annotation.fasta	moderate	24	ms-proteomics;dia-acquisition	none_in_pride	no	
PXD074057	include	Small label-free project with a public design or sample sheet	PRIDE https://www.ebi.ac.uk/pride/ws/archive/v3/projects/PXD074057; files/all n=38	Q1	7	Homo sapiens (human)	38	18	raw	DDA	LFQ	Orbitrap Fusion Lumos	yes	no	sampletodatafile_LS.txt	moderate	18	ms-proteomics;human	none_in_pride	no	
PXD074405	include	Small label-free project; mapping must come from acquisition filenames	PRIDE https://www.ebi.ac.uk/pride/ws/archive/v3/projects/PXD074405; files/all n=10	Q2	7	Homo sapiens (human)	10	8	raw	unknown	LFQ	Orbitrap Exploris 480	no	no	checksum.txt	simple	8	ms-proteomics;human	none_in_pride	no	Verify filename tokens resolve condition and replicate before annotating
PXD074532	include	Small label-free project; mapping must come from acquisition filenames	PRIDE https://www.ebi.ac.uk/pride/ws/archive/v3/projects/PXD074532; files/all n=12	Q2	7	Mus musculus (mouse)	12	9	raw	unknown	LFQ	Orbitrap Eclipse	no	no	checksum.txt;combined_protein.tsv	simple	9	ms-proteomics;vertebrates	none_in_pride	no	Verify filename tokens resolve condition and replicate before annotating
PXD074679	include	Small label-free project; mapping must come from acquisition filenames	PRIDE https://www.ebi.ac.uk/pride/ws/archive/v3/projects/PXD074679; files/all n=7	Q2	7	Homo sapiens (human)	7	4	raw	unknown	LFQ	Q Exactive HF	no	no	proteinGroups.txt;checksum.txt;msms.txt	simple	4	ms-proteomics;human	none_in_pride	no	Verify filename tokens resolve condition and replicate before annotating
PXD075354	include	Small label-free project; mapping must come from acquisition filenames	PRIDE https://www.ebi.ac.uk/pride/ws/archive/v3/projects/PXD075354; files/all n=12	Q2	7	Homo sapiens (human)	12	8	d.zip	unknown	LFQ	timsTOF Pro	no	no	checksum.txt	simple	8	ms-proteomics;human	none_in_pride	no	Verify filename tokens resolve condition and replicate before annotating
PXD075459	include	Submitter deposited an SDRF in PRIDE; import, validate, and improve	PRIDE https://www.ebi.ac.uk/pride/ws/archive/v3/projects/PXD075459; files/all n=30	Q0	7	Homo sapiens (human)	30	25	d.zip	DIA	LFQ	timsTOF SCP	yes	yes	SDRF.tsv	moderate	25	ms-proteomics;human;dia-acquisition	none_in_pride	no	deposited: SDRF.tsv
PXD075513	include	Small label-free project; mapping must come from acquisition filenames	PRIDE https://www.ebi.ac.uk/pride/ws/archive/v3/projects/PXD075513; files/all n=10	Q2	7	Drosophila melanogaster (fruit fly)	10	8	raw	unknown	LFQ	Q Exactive HF	no	no	checksum.txt	simple	8	ms-proteomics;invertebrates	none_in_pride	no	Verify filename tokens resolve condition and replicate before annotating
PXD075585	include	Small label-free project with a public design or sample sheet	PRIDE https://www.ebi.ac.uk/pride/ws/archive/v3/projects/PXD075585; files/all n=17	Q1	7	Mus musculus (mouse)	17	14	raw	DIA	LFQ	Orbitrap Astral	yes	no	SampleLabels.txt	moderate	14	ms-proteomics;vertebrates;dia-acquisition	none_in_pride	no	
PXD076029	include	Small label-free project; mapping must come from acquisition filenames	PRIDE https://www.ebi.ac.uk/pride/ws/archive/v3/projects/PXD076029; files/all n=13	Q2	7	Crocus sativus	13	5	raw	unknown	LFQ	Q Exactive	no	no	COMBINED_COMPARATIVE_PROTEINS.xlsx;checksum.txt;COMBINED_COMPARATIVE_PEPTIDE_GROUPS.xlsx	simple	5	ms-proteomics	none_in_pride	no	Verify filename tokens resolve condition and replicate before annotating
PXD076099	include	Small label-free project with a public design or sample sheet	PRIDE https://www.ebi.ac.uk/pride/ws/archive/v3/projects/PXD076099; files/all n=21	Q1	7	Mus musculus (mouse)	21	18	raw	DIA	LFQ	quadrupole orbitrap astral instrument	yes	no	20260318_151204_PCF000581-KJ-allSamples-Final_ProteinList.csv;Experimental_design.docx	moderate	18	ms-proteomics;vertebrates;dia-acquisition	none_in_pride	no	
PXD076315	include	Small label-free project; mapping must come from acquisition filenames	PRIDE https://www.ebi.ac.uk/pride/ws/archive/v3/projects/PXD076315; files/all n=21	Q2	7	Rattus norvegicus (rat);Mus musculus (mouse)	21	12	raw	unknown	LFQ	Q Exactive HF	no	no	checksum.txt	simple	12	ms-proteomics;cell-lines	none_in_pride	no	Verify filename tokens resolve condition and replicate before annotating
PXD076445	include	Small label-free project; mapping must come from acquisition filenames	PRIDE https://www.ebi.ac.uk/pride/ws/archive/v3/projects/PXD076445; files/all n=8	Q2	7	Canis familiaris (dog) (canis lupus familiaris)	8	4	raw	DDA	LFQ	LTQ Orbitrap Elite	no	no		simple	4	ms-proteomics	none_in_pride	no	Verify filename tokens resolve condition and replicate before annotating
PXD076605	include	Submitter deposited an SDRF in PRIDE; import, validate, and improve	PRIDE https://www.ebi.ac.uk/pride/ws/archive/v3/projects/PXD076605; files/all n=88	Q0	7	Phocidae	88	40	raw	DIA	LFQ	orbitrap	yes	yes	metadata_LepWed.sdrf.tsv	moderate	40	ms-proteomics;dia-acquisition	none_in_pride	no	deposited: metadata_LepWed.sdrf.tsv
PXD076795	include	Small label-free project with a public design or sample sheet	PRIDE https://www.ebi.ac.uk/pride/ws/archive/v3/projects/PXD076795; files/all n=40	Q1	7	Homo sapiens (human)	40	18	raw	DDA	LFQ	Orbitrap Fusion Lumos	yes	no	experiment_annotation.tsv	moderate	18	ms-proteomics;human;cell-lines	none_in_pride	no	
PXD077606	include	Small label-free project; mapping must come from acquisition filenames	PRIDE https://www.ebi.ac.uk/pride/ws/archive/v3/projects/PXD077606; files/all n=14	Q2	7	Homo sapiens (human)	14	9	d.zip;raw	unknown	LFQ	timsTOF Pro 2;Q Exactive HF	no	no	checksum.txt;NLS.xlsx;ME1_CONDI.xlsx	simple	9	ms-proteomics;human	none_in_pride	no	Verify filename tokens resolve condition and replicate before annotating
PXD077710	include	Small label-free project with a public design or sample sheet	PRIDE https://www.ebi.ac.uk/pride/ws/archive/v3/projects/PXD077710; files/all n=24	Q1	7	Mus musculus (mouse)	24	20	raw	DIA	LFQ	Orbitrap Astral	yes	no	sample_metadata_labels.txt	moderate	20	ms-proteomics;vertebrates;dia-acquisition	none_in_pride	no	
PXD078003	include	Small label-free project with a public design or sample sheet	PRIDE https://www.ebi.ac.uk/pride/ws/archive/v3/projects/PXD078003; files/all n=36	Q1	7	Desulfuromonas acetexigens	36	19	raw	DIA	LFQ	Orbitrap Exploris 480	yes	no	Experimental_annotation.csv	moderate	19	ms-proteomics;dia-acquisition	none_in_pride	no	
PXD079145	include	Small label-free project; mapping must come from acquisition filenames	PRIDE https://www.ebi.ac.uk/pride/ws/archive/v3/projects/PXD079145; files/all n=6	Q2	7	Homo sapiens (human)	6	2	d.zip	unknown	LFQ	maXis	no	no	checksum.txt;proteinGroups.txt	simple	2	ms-proteomics;human	none_in_pride	no	Verify filename tokens resolve condition and replicate before annotating
PXD079332	include	Small label-free project with a public design or sample sheet	PRIDE https://www.ebi.ac.uk/pride/ws/archive/v3/projects/PXD079332; files/all n=19	Q1	7	Mus musculus (mouse)	19	16	raw	DIA	LFQ	LTQ Orbitrap	yes	no	diann-output.tsv;File_name_to_sample.tsv	moderate	16	ms-proteomics;vertebrates;dia-acquisition	none_in_pride	no	
PXD080115	include	Submitter deposited an SDRF in PRIDE; import, validate, and improve	PRIDE https://www.ebi.ac.uk/pride/ws/archive/v3/projects/PXD080115; files/all n=140	Q0	7	Campylobacter coli rm2228;Campylobacter jejuni subsp. jejuni atcc 33560	140	30	wiff	DIA	LFQ	ZenoTOF 7600	yes	yes	sdrf.tsv	moderate	30	ms-proteomics;dia-acquisition	none_in_pride	no	deposited: sdrf.tsv
PXD006934	include	Small label-free project; mapping must come from acquisition filenames	PRIDE https://www.ebi.ac.uk/pride/ws/archive/v3/projects/PXD006934; files/all n=25	Q2	6	Mus musculus (mouse)	25	22	raw	DIA	LFQ	Orbitrap Fusion Lumos	no	no	Spectronaut_reports.zip;Spectronaut_spectral_libraries.zip	moderate	22	ms-proteomics;vertebrates;dia-acquisition	none_in_pride	no	Verify filename tokens resolve condition and replicate before annotating
PXD024324	include	Small label-free project with a public design or sample sheet	PRIDE https://www.ebi.ac.uk/pride/ws/archive/v3/projects/PXD024324; files/all n=33	Q1	6	Homo sapiens (human)	33	28	raw	DIA	LFQ	Q Exactive HF	yes	no	sample_labeling.xlsx;Spectronaut_search.zip	moderate	28	ms-proteomics;human;dia-acquisition	none_in_pride	no	
PXD027911	include	Small label-free project; mapping must come from acquisition filenames	PRIDE https://www.ebi.ac.uk/pride/ws/archive/v3/projects/PXD027911; files/all n=30	Q2	6	Homo sapiens (human)	30	24	raw	DIA	LFQ	Orbitrap Exploris 480	no	no	checksum.txt;PE273.log.txt;PE273.setup.txt	moderate	24	ms-proteomics;human;dia-acquisition	none_in_pride	no	Verify filename tokens resolve condition and replicate before annotating
PXD033095	include	Small label-free project with a public design or sample sheet	PRIDE https://www.ebi.ac.uk/pride/ws/archive/v3/projects/PXD033095; files/all n=38	Q1	6	Mus musculus (mouse)	38	29	raw.zip	DIA	LFQ	Q Exactive	yes	no	sample_metadata.xlsx	moderate	29	ms-proteomics;vertebrates;dia-acquisition	none_in_pride	no	
PXD040305	include	Small label-free project with a public design or sample sheet	PRIDE https://www.ebi.ac.uk/pride/ws/archive/v3/projects/PXD040305; files/all n=32	Q1	6	Sus scrofa domesticus (domestic pig)	32	25	raw	DIA	LFQ	Q Exactive HF-X	yes	no	Experimental_design.pdf	moderate	25	ms-proteomics;vertebrates;dia-acquisition	none_in_pride	no	
PXD046325	include	Small label-free project; mapping must come from acquisition filenames	PRIDE https://www.ebi.ac.uk/pride/ws/archive/v3/projects/PXD046325; files/all n=19	Q2	6	Homo sapiens (human)	19	14	raw	DIA	LFQ	Orbitrap Fusion Lumos	no	no	Readme.txt;20220516_222852_Shizhong_Harvard_unnormalizeddirectDIA_20220513_Report.xls;20231018_222656_shizhong_ip_Report.tsv	moderate	14	ms-proteomics;human;dia-acquisition	none_in_pride	no	Verify filename tokens resolve condition and replicate before annotating
PXD046348	include	Small label-free project; mapping must come from acquisition filenames	PRIDE https://www.ebi.ac.uk/pride/ws/archive/v3/projects/PXD046348; files/all n=39	Q2	6	Scyliorhinus canicula	39	16	wiff	DIA	LFQ	TripleTOF 6600	no	no	SpectralLibrarySPZ.txt;SPZ-ProteinQuantitation.xlsx;CorrelationRawData-Results.xlsx	moderate	16	ms-proteomics;dia-acquisition	none_in_pride	no	Verify filename tokens resolve condition and replicate before annotating
PXD046505	include	Small label-free project; mapping must come from acquisition filenames	PRIDE https://www.ebi.ac.uk/pride/ws/archive/v3/projects/PXD046505; files/all n=21	Q2	6	Homo sapiens (human)	21	18	d.zip	DIA	LFQ	autoflex	no	no	HMC3_WholeCell_ProteinQuant.tsv.txt;checksum.txt;HEK293T_WholeCell_ProteinQuant.tsv.txt	moderate	18	ms-proteomics;human;dia-acquisition	none_in_pride	no	Verify filename tokens resolve condition and replicate before annotating
PXD046554	include	Small label-free project; mapping must come from acquisition filenames	PRIDE https://www.ebi.ac.uk/pride/ws/archive/v3/projects/PXD046554; files/all n=44	Q2	6	Homo sapiens (human);Mus musculus (mouse)	44	21	wiff	DIA	LFQ	TripleTOF 5600	no	no	checksum.txt;Result.xlsx	moderate	21	ms-proteomics;dia-acquisition	none_in_pride	no	Verify filename tokens resolve condition and replicate before annotating
PXD047291	include	Small label-free project; mapping must come from acquisition filenames	PRIDE https://www.ebi.ac.uk/pride/ws/archive/v3/projects/PXD047291; files/all n=31	Q2	6	Mus musculus (mouse)	31	14	wiff	DIA	LFQ	TripleTOF 5600	no	no	S201201_Library_PFC__FDR.xlsx	moderate	14	ms-proteomics;vertebrates;dia-acquisition	none_in_pride	no	Verify filename tokens resolve condition and replicate before annotating
PXD047455	include	Small label-free project; mapping must come from acquisition filenames	PRIDE https://www.ebi.ac.uk/pride/ws/archive/v3/projects/PXD047455; files/all n=19	Q2	6	Homo sapiens (human)	19	18	d.zip	DIA	LFQ	timsTOF Pro 2	no	no	wp-esf_537_esf4_diann_directdia_20231130_psms_filt.csv	moderate	18	ms-proteomics;human;dia-acquisition	none_in_pride	no	Verify filename tokens resolve condition and replicate before annotating
PXD047814	include	Small label-free project with a public design or sample sheet	PRIDE https://www.ebi.ac.uk/pride/ws/archive/v3/projects/PXD047814; files/all n=38	Q1	6	Mus musculus (mouse)	38	33	raw	DIA	LFQ	Q Exactive HF	yes	no	SampleKey.docx	moderate	33	ms-proteomics;vertebrates;dia-acquisition	none_in_pride	no	
PXD047931	include	Small label-free project; mapping must come from acquisition filenames	PRIDE https://www.ebi.ac.uk/pride/ws/archive/v3/projects/PXD047931; files/all n=34	Q2	6	Mus musculus (mouse)	34	16	wiff	DIA	LFQ	TripleTOF 5600	no	no	checksum.txt	moderate	16	ms-proteomics;vertebrates;dia-acquisition	none_in_pride	no	Verify filename tokens resolve condition and replicate before annotating
PXD048494	include	Small label-free project; mapping must come from acquisition filenames	PRIDE https://www.ebi.ac.uk/pride/ws/archive/v3/projects/PXD048494; files/all n=31	Q2	6	Homo sapiens (human)	31	14	wiff	DIA	LFQ	TripleTOF 6600	no	no	Quantitation.xlsx;FD_AQ_221019_20_25_LIB_SP_FDR__FDR.xlsx;SpectralLibrary.txt	moderate	14	ms-proteomics;human;dia-acquisition	none_in_pride	no	Verify filename tokens resolve condition and replicate before annotating
PXD048575	include	Small label-free project; mapping must come from acquisition filenames	PRIDE https://www.ebi.ac.uk/pride/ws/archive/v3/projects/PXD048575; files/all n=51	Q2	6	Cricetulus griseus (chinese hamster) (cricetulus barabensis griseus)	51	24	wiff	DIA	LFQ	TripleTOF 6600	no	no	CHO_NaBu_Search.tsv;Spectral_library.xlsx;checksum.txt	moderate	24	ms-proteomics;dia-acquisition;cell-lines	none_in_pride	no	Verify filename tokens resolve condition and replicate before annotating
PXD049383	include	Small label-free project with a public design or sample sheet	PRIDE https://www.ebi.ac.uk/pride/ws/archive/v3/projects/PXD049383; files/all n=86	Q1	6	Homo sapiens (human)	86	28	wiff	DIA	LFQ	TripleTOF 5600+	yes	no	Samples.to.file.names.guide.txt	moderate	28	ms-proteomics;human;dia-acquisition	none_in_pride	no	
PXD049992	include	Small label-free project; mapping must come from acquisition filenames	PRIDE https://www.ebi.ac.uk/pride/ws/archive/v3/projects/PXD049992; files/all n=23	Q2	6	Mus musculus (mouse)	23	20	raw	DIA	LFQ	Orbitrap Exploris 480	no	no	checksum.txt	moderate	20	ms-proteomics;vertebrates;dia-acquisition	none_in_pride	no	Verify filename tokens resolve condition and replicate before annotating
PXD050002	include	Small label-free project; mapping must come from acquisition filenames	PRIDE https://www.ebi.ac.uk/pride/ws/archive/v3/projects/PXD050002; files/all n=46	Q2	6	Bos taurus (bovine)	46	22	wiff	DIA	LFQ	TripleTOF 5600	no	no	checksum.txt	moderate	22	ms-proteomics;vertebrates;dia-acquisition	none_in_pride	no	Verify filename tokens resolve condition and replicate before annotating
PXD050073	include	Small label-free project; mapping must come from acquisition filenames	PRIDE https://www.ebi.ac.uk/pride/ws/archive/v3/projects/PXD050073; files/all n=22	Q2	6	Homo sapiens (human)	22	16	raw	DIA	LFQ	Orbitrap Exploris 480	no	no	Mass_List_Table.csv	moderate	16	ms-proteomics;human;dia-acquisition	none_in_pride	no	Verify filename tokens resolve condition and replicate before annotating
PXD050828	include	Small label-free project; mapping must come from acquisition filenames	PRIDE https://www.ebi.ac.uk/pride/ws/archive/v3/projects/PXD050828; files/all n=50	Q2	6	Capra hircus (goat)	50	24	wiff	DIA	LFQ	TripleTOF 5600	no	no	checksum.txt	moderate	24	ms-proteomics;dia-acquisition	none_in_pride	no	Verify filename tokens resolve condition and replicate before annotating
PXD050950	include	Small label-free project with a public design or sample sheet	PRIDE https://www.ebi.ac.uk/pride/ws/archive/v3/projects/PXD050950; files/all n=82	Q1	6	Homo sapiens (human)	82	34	raw	DIA	LFQ	Orbitrap Exploris 480	yes	no	Sample_annotation.csv	moderate	34	ms-proteomics;human;dia-acquisition	none_in_pride	no	
PXD051222	include	Small label-free project; mapping must come from acquisition filenames	PRIDE https://www.ebi.ac.uk/pride/ws/archive/v3/projects/PXD051222; files/all n=41	Q2	6	Homo sapiens (human)	41	16	wiff	DIA	LFQ	TripleTOF 6600	no	no	DDA_CD26_1__FDR.xlsx;DDA_CD26_5__FDR.xlsx;DDA_CD26_3__FDR.xlsx	moderate	16	ms-proteomics;human;dia-acquisition	none_in_pride	no	Verify filename tokens resolve condition and replicate before annotating
PXD051778	include	Small label-free project; mapping must come from acquisition filenames	PRIDE https://www.ebi.ac.uk/pride/ws/archive/v3/projects/PXD051778; files/all n=25	Q2	6	Mus musculus (mouse)	25	18	raw	DIA	LFQ	Q Exactive	no	no	297_2023_CB_mouse_directDIA_v17_AnalyisOverview.txt;297_2023_CB_mouse_directDIA_v17_Report_Protein_pivot_FP.xls;Candidates.tsv	moderate	18	ms-proteomics;vertebrates;dia-acquisition	none_in_pride	no	Verify filename tokens resolve condition and replicate before annotating
PXD051878	include	Small label-free project; mapping must come from acquisition filenames	PRIDE https://www.ebi.ac.uk/pride/ws/archive/v3/projects/PXD051878; files/all n=18	Q2	6	Mus musculus (mouse)	18	15	raw	DIA	LFQ	TripleTOF 5600;Q Exactive;Q Exactive HF;timsTOF Pro	no	no	A20190821_newml_check_30min_500ng_DIA_mainoutput.tsv;A20190820_newml_check_30min_500ng_DIA_2_mainoutput.tsv;A20190820_newml_check_30min_500ng_DIA_mainoutput.tsv	moderate	15	ms-proteomics;vertebrates;dia-acquisition	none_in_pride	no	Verify filename tokens resolve condition and replicate before annotating
PXD051921	include	Small label-free project; mapping must come from acquisition filenames	PRIDE https://www.ebi.ac.uk/pride/ws/archive/v3/projects/PXD051921; files/all n=33	Q2	6	Homo sapiens (human)	33	16	wiff	DIA	LFQ	TripleTOF 5600	no	no	untargetedmetabolomicsdata.xls	moderate	16	ms-proteomics;human;dia-acquisition	none_in_pride	no	Verify filename tokens resolve condition and replicate before annotating
PXD052852	include	Small label-free project; mapping must come from acquisition filenames	PRIDE https://www.ebi.ac.uk/pride/ws/archive/v3/projects/PXD052852; files/all n=51	Q2	6	Homo sapiens (human)	51	18	raw	DIA	LFQ	Orbitrap Fusion Lumos	no	no	report.gg_matrix.tsv;report-first-pass.stats.tsv;report-first-pass.pr_matrix.tsv	moderate	18	ms-proteomics;human;dia-acquisition	none_in_pride	no	Verify filename tokens resolve condition and replicate before annotating
PXD053085	include	Small label-free project with a public design or sample sheet	PRIDE https://www.ebi.ac.uk/pride/ws/archive/v3/projects/PXD053085; files/all n=91	Q1	6	Homo sapiens (human)	91	27	wiff	DIA	LFQ	TripleTOF 5600	yes	no	EXP1_and_EXP3_DIA_ANNOTATION.csv;EXP2_DIA_ANNOTATION.csv	moderate	27	ms-proteomics;human;dia-acquisition;cell-lines	none_in_pride	no	
PXD053298	include	Small label-free project; mapping must come from acquisition filenames	PRIDE https://www.ebi.ac.uk/pride/ws/archive/v3/projects/PXD053298; files/all n=107	Q2	6	Homo sapiens (human)	107	18	wiff	DIA	LFQ	ZenoTOF 7600	no	no	20231114_akai_contBLMMTX72-first-pass.stats.tsv;20231114_akai_contBLMMTX72.stats.tsv;20231114_akai_contBLMMTX72-first-pass.gg_matrix.tsv	moderate	18	ms-proteomics;human;dia-acquisition;cell-lines	none_in_pride	no	Verify filename tokens resolve condition and replicate before annotating
PXD054270	include	Small label-free project with a public design or sample sheet	PRIDE https://www.ebi.ac.uk/pride/ws/archive/v3/projects/PXD054270; files/all n=77	Q1	6	Homo sapiens (human)	77	30	wiff.zip	DIA	LFQ	ZenoTOF 7600	yes	no	DIA_experimental_design_MCF001695.txt	moderate	30	ms-proteomics;human;dia-acquisition	none_in_pride	no	
PXD054417	include	Small label-free project; mapping must come from acquisition filenames	PRIDE https://www.ebi.ac.uk/pride/ws/archive/v3/projects/PXD054417; files/all n=93	Q2	6	Homo sapiens (human)	93	18	wiff	DIA	LFQ	ZenoTOF 7600	no	no	Panc1_HLAp_Small_DIA_DIANN_Spectral_Library.tsv;Panc1_HLAp_Small_DIA_DIANN_main_Report.tsv	moderate	18	ms-proteomics;human;dia-acquisition;cell-lines	none_in_pride	no	Verify filename tokens resolve condition and replicate before annotating
PXD054774	include	Small label-free project; mapping must come from acquisition filenames	PRIDE https://www.ebi.ac.uk/pride/ws/archive/v3/projects/PXD054774; files/all n=40	Q2	6	Mus musculus (mouse)	40	18	wiff	DIA	LFQ	TripleTOF 5600	no	no	proteinGroupsDDA.txt;librarybase_report.pg_matrix.tsv;libraryfree_report.pg_matrix.tsv	moderate	18	ms-proteomics;vertebrates;dia-acquisition	none_in_pride	no	Verify filename tokens resolve condition and replicate before annotating
PXD054787	include	Small label-free project; mapping must come from acquisition filenames	PRIDE https://www.ebi.ac.uk/pride/ws/archive/v3/projects/PXD054787; files/all n=49	Q2	6	Mus musculus (mouse)	49	24	wiff	DIA	LFQ	TripleTOF 5600	no	no	spleen_report.pg_matrix.tsv	moderate	24	ms-proteomics;vertebrates;dia-acquisition	none_in_pride	no	Verify filename tokens resolve condition and replicate before annotating
PXD055262	include	Small label-free project; mapping must come from acquisition filenames	PRIDE https://www.ebi.ac.uk/pride/ws/archive/v3/projects/PXD055262; files/all n=20	Q2	6	Homo sapiens (human)	20	18	raw	DIA	LFQ	Orbitrap Fusion Lumos	no	no	checksum.txt	moderate	18	ms-proteomics;human;dia-acquisition	none_in_pride	no	Verify filename tokens resolve condition and replicate before annotating
PXD055399	include	Small label-free project; mapping must come from acquisition filenames	PRIDE https://www.ebi.ac.uk/pride/ws/archive/v3/projects/PXD055399; files/all n=17	Q2	6	Homo sapiens (human)	17	16	d.zip	DIA	LFQ	timsTOF Pro 2	no	no	ip-esf_381_esf4_diann_directdia_20231121_psms_filt.csv	moderate	16	ms-proteomics;human;dia-acquisition	none_in_pride	no	Verify filename tokens resolve condition and replicate before annotating
PXD055400	include	Small label-free project; mapping must come from acquisition filenames	PRIDE https://www.ebi.ac.uk/pride/ws/archive/v3/projects/PXD055400; files/all n=21	Q2	6	Homo sapiens (human)	21	20	d.zip	DIA	LFQ	timsTOF Pro 2	no	no	wp-esf_458_esf4_4724-4753_diann_directdia_RTdep_20230414_psms_filt.csv	moderate	20	ms-proteomics;human;dia-acquisition	none_in_pride	no	Verify filename tokens resolve condition and replicate before annotating
PXD055718	include	Small label-free project; mapping must come from acquisition filenames	PRIDE https://www.ebi.ac.uk/pride/ws/archive/v3/projects/PXD055718; files/all n=24	Q2	6	Mus musculus (mouse)	24	23	raw	DIA	LFQ	Orbitrap Fusion Lumos	no	no	BY_EXP1_EXP2_DIANN_OUTPUT.zip	moderate	23	ms-proteomics;vertebrates;dia-acquisition	none_in_pride	no	Verify filename tokens resolve condition and replicate before annotating
PXD055852	include	Small label-free project with a public design or sample sheet	PRIDE https://www.ebi.ac.uk/pride/ws/archive/v3/projects/PXD055852; files/all n=36	Q1	6	Homo sapiens (human)	36	28	d.zip	DIA	LFQ	timsTOF Ultra	yes	no	SampleMapping.xlsx	moderate	28	ms-proteomics;human;dia-acquisition	none_in_pride	no	
PXD056013	include	Small label-free project; mapping must come from acquisition filenames	PRIDE https://www.ebi.ac.uk/pride/ws/archive/v3/projects/PXD056013; files/all n=22	Q2	6	Homo sapiens (human)	22	16	d.zip	DIA	LFQ	timsTOF Pro 2	no	no	5563_diaParameters.txt;files_description.txt;output.tsv	moderate	16	ms-proteomics;human;dia-acquisition	none_in_pride	no	Verify filename tokens resolve condition and replicate before annotating
PXD056188	include	Small label-free project with a public design or sample sheet	PRIDE https://www.ebi.ac.uk/pride/ws/archive/v3/projects/PXD056188; files/all n=31	Q1	6	Mus musculus (mouse)	31	28	d.zip	DIA	LFQ	timsTOF Pro	yes	no	Sample_List_Npc1cKOxCx3cr1Cre.xlsx;DIA-NN_cerebellum.zip;DIA-NN_cerebrum_stem.zip	moderate	28	ms-proteomics;vertebrates;dia-acquisition	none_in_pride	no	
PXD056566	include	Small label-free project; mapping must come from acquisition filenames	PRIDE https://www.ebi.ac.uk/pride/ws/archive/v3/projects/PXD056566; files/all n=21	Q2	6	Homo sapiens (human)	21	20	d.zip	DIA	LFQ	timsTOF Pro	no	no	DIANN_libfree.zip	moderate	20	ms-proteomics;human;dia-acquisition;cell-lines	none_in_pride	no	Verify filename tokens resolve condition and replicate before annotating
PXD056867	include	Small label-free project; mapping must come from acquisition filenames	PRIDE https://www.ebi.ac.uk/pride/ws/archive/v3/projects/PXD056867; files/all n=19	Q2	6	Homo sapiens (human)	19	18	d.zip	DIA	LFQ	timsTOF Pro 2	no	no	wp-esf_497_esf4_diann_directdia_20231011_psms_filt.csv	moderate	18	ms-proteomics;human;dia-acquisition	none_in_pride	no	Verify filename tokens resolve condition and replicate before annotating
PXD057393	include	Small label-free project; mapping must come from acquisition filenames	PRIDE https://www.ebi.ac.uk/pride/ws/archive/v3/projects/PXD057393; files/all n=22	Q2	6	Homo sapiens (human)	22	20	d.zip	DIA	LFQ	timsTOF Pro 2;timsTOF HT	no	no	wp-esf_596_esf4_diann_directdia_20240910_psms_filt.csv;wp-esf_561_esf4_diann_directdia_20240418_psms_filt.csv	moderate	20	ms-proteomics;human;dia-acquisition	none_in_pride	no	Verify filename tokens resolve condition and replicate before annotating
PXD057537	include	Small label-free project; mapping must come from acquisition filenames	PRIDE https://www.ebi.ac.uk/pride/ws/archive/v3/projects/PXD057537; files/all n=27	Q2	6	Mus musculus (mouse)	27	24	d.zip	DIA	LFQ	timsTOF Pro 2	no	no	checksum.txt	moderate	24	ms-proteomics;vertebrates;dia-acquisition	none_in_pride	no	Verify filename tokens resolve condition and replicate before annotating
PXD057652	include	Small label-free project; mapping must come from acquisition filenames	PRIDE https://www.ebi.ac.uk/pride/ws/archive/v3/projects/PXD057652; files/all n=19	Q2	6	Mus musculus (mouse)	19	16	d.zip	DIA	LFQ	timsTOF Pro 2	no	no	checksum.txt	moderate	16	ms-proteomics;vertebrates;dia-acquisition	none_in_pride	no	Verify filename tokens resolve condition and replicate before annotating
PXD058369	include	Small label-free project; mapping must come from acquisition filenames	PRIDE https://www.ebi.ac.uk/pride/ws/archive/v3/projects/PXD058369; files/all n=33	Q2	6	Homo sapiens (human)	33	24	raw	DIA	LFQ	Orbitrap Fusion Lumos	no	no	20230419_080449_VR_Ex33_TC_Report.xls;checksum.txt;20230418_171645_VR_Ex33_LiP_Report.xls	moderate	24	ms-proteomics;human;dia-acquisition	none_in_pride	no	Verify filename tokens resolve condition and replicate before annotating
PXD058542	include	Small label-free project; mapping must come from acquisition filenames	PRIDE https://www.ebi.ac.uk/pride/ws/archive/v3/projects/PXD058542; files/all n=25	Q2	6	Mus musculus (mouse)	25	20	d.7z	DIA	LFQ	timsTOF Pro 2	no	no	Results_DIA-NN_PRIDE.7z;quant_DIANN.7z	moderate	20	ms-proteomics;vertebrates;dia-acquisition	none_in_pride	no	Verify filename tokens resolve condition and replicate before annotating
PXD058818	include	Small label-free project with a public design or sample sheet	PRIDE https://www.ebi.ac.uk/pride/ws/archive/v3/projects/PXD058818; files/all n=84	Q1	6	Homo sapiens (human);Mus musculus (mouse)	84	29	raw	DIA	LFQ	timsTOF Pro 2;Q Exactive	yes	no	Sample_coding_C2C12_total.txt;Sample_coding_DIAphospho.txt	moderate	29	ms-proteomics;dia-acquisition	none_in_pride	no	
PXD059451	include	Small label-free project with a public design or sample sheet	PRIDE https://www.ebi.ac.uk/pride/ws/archive/v3/projects/PXD059451; files/all n=140	Q1	6	Homo sapiens (human)	140	42	d.zip;raw;wiff	DIA	LFQ	Orbitrap Fusion Lumos;timsTOF Pro 2;ZenoTOF 7600	yes	no	Sample_file_annotations.xlsx;Orbit_DIANN_report.tsv;ZenoTOF_DIANN_report.tsv	moderate	42	ms-proteomics;human;dia-acquisition	none_in_pride	no	
PXD059676	include	Small label-free project; mapping must come from acquisition filenames	PRIDE https://www.ebi.ac.uk/pride/ws/archive/v3/projects/PXD059676; files/all n=11	Q2	6	Sus scrofa domesticus (domestic pig)	11	6	raw	DIA	TMT/iTRAQ/SILAC	Orbitrap Astral	no	no	report.pr_matrix.tsv;checksum.txt;Match_result_README.txt	simple	6	ms-proteomics;vertebrates;dia-acquisition	none_in_pride	no	Verify filename tokens resolve condition and replicate before annotating
PXD059828	include	Small label-free project; mapping must come from acquisition filenames	PRIDE https://www.ebi.ac.uk/pride/ws/archive/v3/projects/PXD059828; files/all n=13	Q2	6	Saccharomyces cerevisiae (baker's yeast)	13	6	raw	DIA	TMT/iTRAQ/SILAC	Orbitrap Fusion Lumos	no	no	checksum.txt	simple	6	ms-proteomics;dia-acquisition	none_in_pride	no	Verify filename tokens resolve condition and replicate before annotating
PXD060206	include	Small label-free project; mapping must come from acquisition filenames	PRIDE https://www.ebi.ac.uk/pride/ws/archive/v3/projects/PXD060206; files/all n=26	Q2	6	Homo sapiens (human)	26	24	d.zip	DIA	LFQ	timsTOF Pro 2	no	no	131_extracted_pr_matrix.xlsx;131_GG_search.pr_matrix.tsv	moderate	24	ms-proteomics;human;dia-acquisition	none_in_pride	no	Verify filename tokens resolve condition and replicate before annotating
PXD060296	include	Small label-free project; mapping must come from acquisition filenames	PRIDE https://www.ebi.ac.uk/pride/ws/archive/v3/projects/PXD060296; files/all n=23	Q2	6	Homo sapiens (human)	23	21	d.zip	DIA	LFQ	timsTOF Pro 2	no	no	149_GG_search.pr_matrix.tsv;149_extracted_pr_matrix.xlsx	moderate	21	ms-proteomics;human;dia-acquisition	none_in_pride	no	Verify filename tokens resolve condition and replicate before annotating
PXD060309	include	Small label-free project; mapping must come from acquisition filenames	PRIDE https://www.ebi.ac.uk/pride/ws/archive/v3/projects/PXD060309; files/all n=19	Q2	6	Homo sapiens (human)	19	18	d.zip	DIA	LFQ	timsTOF Pro 2	no	no	57_extracted_pr_matrix.xlsx	moderate	18	ms-proteomics;human;dia-acquisition	none_in_pride	no	Verify filename tokens resolve condition and replicate before annotating
PXD060375	include	Small label-free project; mapping must come from acquisition filenames	PRIDE https://www.ebi.ac.uk/pride/ws/archive/v3/projects/PXD060375; files/all n=24	Q2	6	Homo sapiens (human)	24	23	d.zip	DIA	LFQ	timsTOF Pro 2	no	no	63_extracted_pr_matrix.xlsx	moderate	23	ms-proteomics;human;dia-acquisition	none_in_pride	no	Verify filename tokens resolve condition and replicate before annotating
PXD060538	include	Small label-free project; mapping must come from acquisition filenames	PRIDE https://www.ebi.ac.uk/pride/ws/archive/v3/projects/PXD060538; files/all n=21	Q2	6	Staphylococcus aureus	21	19	raw	DIA	LFQ	Orbitrap Fusion Lumos	no	no	Candidates.tsv	moderate	19	ms-proteomics;dia-acquisition	none_in_pride	no	Verify filename tokens resolve condition and replicate before annotating
PXD060569	include	Small label-free project; mapping must come from acquisition filenames	PRIDE https://www.ebi.ac.uk/pride/ws/archive/v3/projects/PXD060569; files/all n=22	Q2	6	Mus musculus (mouse)	22	18	raw	DIA	LFQ	Orbitrap Exploris 480	no	no	report.pg_matrix.tsv;report.pr_matrix.tsv;checksum.txt	moderate	18	ms-proteomics;vertebrates;dia-acquisition	none_in_pride	no	Verify filename tokens resolve condition and replicate before annotating
PXD060683	include	Small label-free project; mapping must come from acquisition filenames	PRIDE https://www.ebi.ac.uk/pride/ws/archive/v3/projects/PXD060683; files/all n=61	Q2	6	Homo sapiens (human)	61	24	wiff	DIA	LFQ	TripleTOF 6600	no	no	4_UC_POOL1__FDR.xlsx;5_UC_POOL2__FDR.xlsx;8_sec_POOL2_DDA__FDR.xlsx	moderate	24	ms-proteomics;human;dia-acquisition	none_in_pride	no	Verify filename tokens resolve condition and replicate before annotating
PXD061045	include	Small label-free project; mapping must come from acquisition filenames	PRIDE https://www.ebi.ac.uk/pride/ws/archive/v3/projects/PXD061045; files/all n=22	Q2	6	Mus musculus (mouse)	22	21	d.zip	DIA	LFQ	timsTOF	no	no	protein.tsv	moderate	21	ms-proteomics;vertebrates;dia-acquisition	none_in_pride	no	Verify filename tokens resolve condition and replicate before annotating
PXD061238	include	Small label-free project with a public design or sample sheet	PRIDE https://www.ebi.ac.uk/pride/ws/archive/v3/projects/PXD061238; files/all n=36	Q1	6	Mus musculus (mouse)	36	30	d.zip	DIA	LFQ	timsTOF Pro	yes	no	Read_Me_Sample_Information.xlsx	moderate	30	ms-proteomics;vertebrates;dia-acquisition	none_in_pride	no	
PXD061540	include	Small label-free project; mapping must come from acquisition filenames	PRIDE https://www.ebi.ac.uk/pride/ws/archive/v3/projects/PXD061540; files/all n=27	Q2	6	Homo sapiens (human)	27	21	d.zip	DIA	LFQ	timsTOF Pro 2	no	no	report_v192_dataset6.pg_matrix_norm.tsv;report_v192_dataset6.pg_matrix_unnorm.tsv	moderate	21	ms-proteomics;human;dia-acquisition;cell-lines	none_in_pride	no	Verify filename tokens resolve condition and replicate before annotating
PXD061569	include	Small label-free project with a public design or sample sheet	PRIDE https://www.ebi.ac.uk/pride/ws/archive/v3/projects/PXD061569; files/all n=57	Q1	6	Homo sapiens (human)	57	36	d.zip	DIA	LFQ	timsTOF fleX	yes	no	experiment_annotation_metadata.tsv	moderate	36	ms-proteomics;human;dia-acquisition	none_in_pride	no	
PXD061662	include	Small label-free project; mapping must come from acquisition filenames	PRIDE https://www.ebi.ac.uk/pride/ws/archive/v3/projects/PXD061662; files/all n=29	Q2	6	Homo sapiens (human)	29	13	wiff	DIA	LFQ	TripleTOF 5600	no	no	IDA_Analysis_CMandLysate_Moore_013124.xlsx	moderate	13	ms-proteomics;human;dia-acquisition	none_in_pride	no	Verify filename tokens resolve condition and replicate before annotating
PXD061932	include	Small label-free project with a public design or sample sheet	PRIDE https://www.ebi.ac.uk/pride/ws/archive/v3/projects/PXD061932; files/all n=44	Q1	6	Mus musculus (mouse)	44	41	d.zip	DIA	LFQ	timsTOF Pro	yes	no	output_DIANN.zip;Sample_list_with_grouping.xlsx	moderate	41	ms-proteomics;vertebrates;dia-acquisition	none_in_pride	no	
PXD063236	include	Small label-free project; mapping must come from acquisition filenames	PRIDE https://www.ebi.ac.uk/pride/ws/archive/v3/projects/PXD063236; files/all n=37	Q2	6	Homo sapiens (human)	37	22	d.zip	DIA	LFQ	timsTOF SCP	no	no	report.pr_matrix.tsv;report.pg_matrix.tsv;report.protein_description.tsv	moderate	22	ms-proteomics;human;dia-acquisition	none_in_pride	no	Verify filename tokens resolve condition and replicate before annotating
PXD063243	include	Small label-free project; mapping must come from acquisition filenames	PRIDE https://www.ebi.ac.uk/pride/ws/archive/v3/projects/PXD063243; files/all n=16	Q2	6	Mus musculus (mouse)	16	14	raw	DIA	LFQ	Orbitrap Exploris 480	no	no	checksum.txt	moderate	14	ms-proteomics;vertebrates;dia-acquisition	none_in_pride	no	Verify filename tokens resolve condition and replicate before annotating
PXD063507	include	Small label-free project; mapping must come from acquisition filenames	PRIDE https://www.ebi.ac.uk/pride/ws/archive/v3/projects/PXD063507; files/all n=21	Q2	6	Arabidopsis thaliana (mouse-ear cress)	21	19	d.7z	DIA	LFQ	timsTOF Pro 2	no	no	DIANN.7z;TAIR_13112024_DIANN.fasta	moderate	19	ms-proteomics;plants;dia-acquisition	none_in_pride	no	Verify filename tokens resolve condition and replicate before annotating
PXD063948	include	Small label-free project; mapping must come from acquisition filenames	PRIDE https://www.ebi.ac.uk/pride/ws/archive/v3/projects/PXD063948; files/all n=50	Q2	6	Homo sapiens (human)	50	24	wiff	DIA	LFQ	TripleTOF 5600	no	no	Supplementary_Paper1.xlsx	moderate	24	ms-proteomics;human;dia-acquisition;cell-lines	none_in_pride	no	Verify filename tokens resolve condition and replicate before annotating
PXD064638	include	Small label-free project with a public design or sample sheet	PRIDE https://www.ebi.ac.uk/pride/ws/archive/v3/projects/PXD064638; files/all n=38	Q1	6	Mus musculus (mouse)	38	36	d.zip	DIA	LFQ	maXis	yes	no	AE133DA_SampleMeta.xlsx	moderate	36	ms-proteomics;vertebrates;dia-acquisition	none_in_pride	no	
PXD064643	include	Small label-free project; mapping must come from acquisition filenames	PRIDE https://www.ebi.ac.uk/pride/ws/archive/v3/projects/PXD064643; files/all n=15	Q2	6	Homo sapiens (human)	15	14	d.7z	DIA	LFQ	timsTOF Pro	no	no	DIAnn_analysis_30-05-2024.7z	moderate	14	ms-proteomics;human;dia-acquisition	none_in_pride	no	Verify filename tokens resolve condition and replicate before annotating
PXD064732	include	Small label-free project; mapping must come from acquisition filenames	PRIDE https://www.ebi.ac.uk/pride/ws/archive/v3/projects/PXD064732; files/all n=19	Q2	6	Haloferax volcanii sb1	19	14	raw	DIA	LFQ	Orbitrap Fusion Lumos	no	no	checksum.txt;2025_05_12_potein_report.tsv	moderate	14	ms-proteomics;dia-acquisition	none_in_pride	no	Verify filename tokens resolve condition and replicate before annotating
PXD065022	include	Small label-free project with a public design or sample sheet	PRIDE https://www.ebi.ac.uk/pride/ws/archive/v3/projects/PXD065022; files/all n=41	Q1	6	Treponema pallidum subsp. pallidum	41	27	d.zip	DIA	LFQ	timsTOF Pro	yes	no	RAST_DIANN_FASTA.zip;RAST_DIANN_main_search.zip;ORF_DIANN_FASTA.zip	moderate	27	ms-proteomics;dia-acquisition	none_in_pride	no	
PXD065438	include	Small label-free project with a public design or sample sheet	PRIDE https://www.ebi.ac.uk/pride/ws/archive/v3/projects/PXD065438; files/all n=37	Q1	6	Mus musculus (mouse)	37	30	d.zip;raw	DIA	LFQ	Orbitrap Exploris 480;timsTOF Pro	yes	no	Sample_List.xlsx	moderate	30	ms-proteomics;vertebrates;dia-acquisition	none_in_pride	no	
PXD065447	include	Small label-free project with a public design or sample sheet	PRIDE https://www.ebi.ac.uk/pride/ws/archive/v3/projects/PXD065447; files/all n=40	Q1	6	Saccharomyces cerevisiae (baker's yeast)	40	38	d.zip	DIA	LFQ	timsTOF Pro	yes	no	Sample_table.xlsx	moderate	38	ms-proteomics;dia-acquisition	none_in_pride	no	
PXD065656	include	Small label-free project with a public design or sample sheet	PRIDE https://www.ebi.ac.uk/pride/ws/archive/v3/projects/PXD065656; files/all n=32	Q1	6	Homo sapiens (human)	32	29	d.zip	DIA	LFQ	timsTOF HT	yes	no	group_and_sample_names_final.xlsx	moderate	29	ms-proteomics;human;dia-acquisition	none_in_pride	no	
PXD065925	include	Small label-free project; mapping must come from acquisition filenames	PRIDE https://www.ebi.ac.uk/pride/ws/archive/v3/projects/PXD065925; files/all n=44	Q2	6	Bos taurus (bovine)	44	20	raw	DIA	LFQ	Orbitrap Astral	no	no	FoudaA_091724_metafile.csv;checksum.txt	moderate	20	ms-proteomics;vertebrates;dia-acquisition	none_in_pride	no	Verify filename tokens resolve condition and replicate before annotating
PXD066017	include	Small label-free project; mapping must come from acquisition filenames	PRIDE https://www.ebi.ac.uk/pride/ws/archive/v3/projects/PXD066017; files/all n=47	Q2	6	Homo sapiens (human)	47	21	raw	DIA	LFQ	Orbitrap Exploris 480	no	no	checksum.txt;GodwinAK_080123_metafile_DIA.csv;GodwinAK_080123_Protein_Report_noDecoy_QuantFilter.tsv	moderate	21	ms-proteomics;human;dia-acquisition	none_in_pride	no	Verify filename tokens resolve condition and replicate before annotating
PXD066047	include	Small label-free project with a public design or sample sheet	PRIDE https://www.ebi.ac.uk/pride/ws/archive/v3/projects/PXD066047; files/all n=37	Q1	6	Homo sapiens (human);Mus musculus (mouse)	37	25	raw	DIA	LFQ	Orbitrap Exploris 480	yes	no	DesignPRIDE.xlsx	moderate	25	ms-proteomics;dia-acquisition	none_in_pride	no	
PXD066391	include	Small label-free project; mapping must come from acquisition filenames	PRIDE https://www.ebi.ac.uk/pride/ws/archive/v3/projects/PXD066391; files/all n=23	Q2	6	Mus musculus (mouse)	23	20	raw	DIA	LFQ	Orbitrap Fusion Lumos	no	no	checksum.txt	moderate	20	ms-proteomics;vertebrates;dia-acquisition	none_in_pride	no	Verify filename tokens resolve condition and replicate before annotating
PXD066610	include	Small label-free project; mapping must come from acquisition filenames	PRIDE https://www.ebi.ac.uk/pride/ws/archive/v3/projects/PXD066610; files/all n=54	Q2	6	Rattus norvegicus (rat)	54	17	wiff	DIA	LFQ	ZenoTOF 7600	no	no	report.pr_matrix.tsv;report.gg_matrix.tsv;checksum.txt	moderate	17	ms-proteomics;vertebrates;dia-acquisition;cell-lines	none_in_pride	no	Verify filename tokens resolve condition and replicate before annotating
PXD066612	include	Small label-free project with a public design or sample sheet	PRIDE https://www.ebi.ac.uk/pride/ws/archive/v3/projects/PXD066612; files/all n=50	Q1	6	Pocillopora verrucosa	50	47	d.zip	DIA	LFQ	timsTOF Pro 2	yes	no	20240309_130157_Coral2024_P_B_47sample.sne	moderate	47	ms-proteomics;dia-acquisition	none_in_pride	no	
PXD066616	include	Small label-free project; mapping must come from acquisition filenames	PRIDE https://www.ebi.ac.uk/pride/ws/archive/v3/projects/PXD066616; files/all n=17	Q2	6	Homo sapiens (human)	17	14	raw	DIA	LFQ	Orbitrap Astral	no	no	20250303_PC1415_Bryant_human_Search1_ConditionSetup.tsv;PC1415_Protein_Report.tsv	moderate	14	ms-proteomics;human;dia-acquisition	none_in_pride	no	Verify filename tokens resolve condition and replicate before annotating
PXD066750	include	Small label-free project; mapping must come from acquisition filenames	PRIDE https://www.ebi.ac.uk/pride/ws/archive/v3/projects/PXD066750; files/all n=42	Q2	6	Mus musculus (mouse)	42	16	wiff	DIA	LFQ	TripleTOF 6600	no	no	IDA_All_IDAs_100pepmodincluded_aligned.txt	moderate	16	ms-proteomics;vertebrates;dia-acquisition;cell-lines	none_in_pride	no	Verify filename tokens resolve condition and replicate before annotating
PXD067041	include	Small label-free project with a public design or sample sheet	PRIDE https://www.ebi.ac.uk/pride/ws/archive/v3/projects/PXD067041; files/all n=99	Q1	6	Pseudomonas aeruginosa pa14	99	48	wiff	DIA	LFQ	ZenoTOF 7600	yes	no	241206_RachaelDuodu_9to24_samples_report-lib.parquet	moderate	48	ms-proteomics;dia-acquisition	none_in_pride	no	
PXD067251	include	Small label-free project; mapping must come from acquisition filenames	PRIDE https://www.ebi.ac.uk/pride/ws/archive/v3/projects/PXD067251; files/all n=25	Q2	6	Homo sapiens (human)	25	23	raw	DIA	LFQ	Orbitrap Fusion Lumos	no	no	checksum.txt;20241216_Selicharova_Report_JB.tsv	moderate	23	ms-proteomics;human;dia-acquisition	none_in_pride	no	Verify filename tokens resolve condition and replicate before annotating
PXD067319	include	Small label-free project; mapping must come from acquisition filenames	PRIDE https://www.ebi.ac.uk/pride/ws/archive/v3/projects/PXD067319; files/all n=29	Q2	6	Mus musculus (mouse)	29	24	d.7z	DIA	LFQ	timsTOF Pro 2	no	no	20250717_125451_half-Oocytes_Report.tsv;20250805_154117_half-Oocytes_2ndSet_Report2.tsv;checksum.txt	moderate	24	ms-proteomics;vertebrates;dia-acquisition	none_in_pride	no	Verify filename tokens resolve condition and replicate before annotating
PXD067326	include	Small label-free project; mapping must come from acquisition filenames	PRIDE https://www.ebi.ac.uk/pride/ws/archive/v3/projects/PXD067326; files/all n=19	Q2	6	Pseudomonas aeruginosa pao1h2o	19	16	raw	DIA	LFQ	Orbitrap Ascend;Orbitrap Eclipse	no	no	Report_Protein_Quant_MSPF_Pivot_IS-10197_PyoL1.tsv;Report_Protein_Quant_MSPF_Pivot_IS-10601_Darobactin.tsv	moderate	16	ms-proteomics;dia-acquisition	none_in_pride	no	Verify filename tokens resolve condition and replicate before annotating
PXD067368	include	Small label-free project; mapping must come from acquisition filenames	PRIDE https://www.ebi.ac.uk/pride/ws/archive/v3/projects/PXD067368; files/all n=19	Q2	6	Mus musculus (mouse)	19	16	d.zip	DIA	LFQ	timsTOF HT	no	no	checksum.txt	moderate	16	ms-proteomics;vertebrates;dia-acquisition	none_in_pride	no	Verify filename tokens resolve condition and replicate before annotating
PXD067431	include	Small label-free project; mapping must come from acquisition filenames	PRIDE https://www.ebi.ac.uk/pride/ws/archive/v3/projects/PXD067431; files/all n=19	Q2	6	Homo sapiens (human)	19	15	raw	DIA	LFQ	Orbitrap Exploris 480	no	no	PLK279_Mrkacek_15x_hu_HEK293fT_huFastaOnly_SN19-9_250415_Report_Protein.tsv;PLK279_Mrkacek_15x_hu_HEK293fT_huFastaOnly_SN19-9_250415_ConditionSetup.tsv;checksum.txt	moderate	15	ms-proteomics;human;dia-acquisition	none_in_pride	no	Verify filename tokens resolve condition and replicate before annotating
PXD067702	include	Small label-free project; mapping must come from acquisition filenames	PRIDE https://www.ebi.ac.uk/pride/ws/archive/v3/projects/PXD067702; files/all n=22	Q2	6	Homo sapiens (human)	22	20	raw	DIA	LFQ	Orbitrap Exploris 480	no	no	checksum.txt	moderate	20	ms-proteomics;human;dia-acquisition;cell-lines	none_in_pride	no	Verify filename tokens resolve condition and replicate before annotating
PXD067752	include	Small label-free project; mapping must come from acquisition filenames	PRIDE https://www.ebi.ac.uk/pride/ws/archive/v3/projects/PXD067752; files/all n=18	Q2	6	Homo sapiens (human)	18	16	raw	DIA	LFQ	Orbitrap Exploris 480	no	no	checksum.txt	moderate	16	ms-proteomics;human;dia-acquisition;cell-lines	none_in_pride	no	Verify filename tokens resolve condition and replicate before annotating
PXD067856	include	Small label-free project; mapping must come from acquisition filenames	PRIDE https://www.ebi.ac.uk/pride/ws/archive/v3/projects/PXD067856; files/all n=25	Q2	6	Homo sapiens (human)	25	18	raw	DIA	LFQ	Q Exactive HF	no	no	raw_data_explained.xlsx;checksum.txt;20240710_145530_240710_FS_WithoutRNA_Paper_Report.csv	moderate	18	ms-proteomics;human;dia-acquisition	none_in_pride	no	Verify filename tokens resolve condition and replicate before annotating
PXD067936	include	Small label-free project with a public design or sample sheet	PRIDE https://www.ebi.ac.uk/pride/ws/archive/v3/projects/PXD067936; files/all n=43	Q1	6	Homo sapiens (human)	43	38	raw	DIA	LFQ	Orbitrap Exploris 480	yes	no	sample_description.xlsx	moderate	38	ms-proteomics;human;dia-acquisition;cell-lines	none_in_pride	no	
PXD067993	include	Small label-free project with a public design or sample sheet	PRIDE https://www.ebi.ac.uk/pride/ws/archive/v3/projects/PXD067993; files/all n=48	Q1	6	Bacteria;Staphylococcus aureus	48	32	raw	DIA	LFQ	Orbitrap Exploris 480	yes	no	20250107_JSNZ_wt_FunGeneFasta_curatedPseudo_DIA_N15_all_samples_Report_C_FunGene_complex_fasta.tsv	moderate	32	ms-proteomics;dia-acquisition	none_in_pride	no	
PXD068381	include	Small label-free project with a public design or sample sheet	PRIDE https://www.ebi.ac.uk/pride/ws/archive/v3/projects/PXD068381; files/all n=33	Q1	6	Homo sapiens (human)	33	27	raw	DIA	LFQ	Orbitrap Exploris 480	yes	no	experimental_design.tsv	moderate	27	ms-proteomics;human;dia-acquisition;cell-lines	none_in_pride	no	
PXD068388	include	Small label-free project with a public design or sample sheet	PRIDE https://www.ebi.ac.uk/pride/ws/archive/v3/projects/PXD068388; files/all n=100	Q1	6	Saccharomyces cerevisiae (baker's yeast)	100	48	raw	DIA	LFQ	Orbitrap Eclipse	yes	no	Phosphoproteome_RawRunAnnotations.csv;Phosphoproteome_DIANNreport.parquet	moderate	48	ms-proteomics;dia-acquisition	none_in_pride	no	
PXD068526	include	Small label-free project with a public design or sample sheet	PRIDE https://www.ebi.ac.uk/pride/ws/archive/v3/projects/PXD068526; files/all n=31	Q1	6	Homo sapiens (human)	31	28	raw	DIA	LFQ	Orbitrap Eclipse	yes	no	sample-keys.xlsx	moderate	28	ms-proteomics;human;dia-acquisition	none_in_pride	no	
PXD068671	include	Small label-free project with a public design or sample sheet	PRIDE https://www.ebi.ac.uk/pride/ws/archive/v3/projects/PXD068671; files/all n=51	Q1	6	Homo sapiens (human)	51	46	raw	DIA	LFQ	Orbitrap Ascend	yes	no	experimental_design_global.txt;experimental_design_acetyl.txt	moderate	46	ms-proteomics;human;dia-acquisition	none_in_pride	no	
PXD068954	include	Small label-free project; mapping must come from acquisition filenames	PRIDE https://www.ebi.ac.uk/pride/ws/archive/v3/projects/PXD068954; files/all n=30	Q2	6	Bacillus phage phi3t-spbeta hybrid;Mus musculus (mouse)	30	13	wiff	DIA	LFQ	TripleTOF 6600;timsTOF fleX MALDI-2	no	no	220210_CM_LIBRARY_SP_Musmusculus.xlsx;220210_CM_LIBRARY_SP_Musmusculus_FDR__FDR.xlsx;ProteinQuantitation.xlsx	moderate	13	ms-proteomics;dia-acquisition	none_in_pride	no	Verify filename tokens resolve condition and replicate before annotating
PXD069027	include	Small label-free project; mapping must come from acquisition filenames	PRIDE https://www.ebi.ac.uk/pride/ws/archive/v3/projects/PXD069027; files/all n=24	Q2	6	Homo sapiens (human)	24	20	d.7z	DIA	LFQ	timsTOF HT	no	no	Results_DIA-NN_1.9.2_MBR.7z;quant_diann_1.9.2.7z	moderate	20	ms-proteomics;human;dia-acquisition	none_in_pride	no	Verify filename tokens resolve condition and replicate before annotating
PXD069186	include	Small label-free project; mapping must come from acquisition filenames	PRIDE https://www.ebi.ac.uk/pride/ws/archive/v3/projects/PXD069186; files/all n=18	Q2	6	Pseudomonas aeruginosa (strain ucbpp-pa14);Bacteria	18	16	raw	DIA	LFQ	Q Exactive HF	no	no	Spectronaut_164_2024_PRIDE.xlsx	moderate	16	ms-proteomics;dia-acquisition	none_in_pride	no	Verify filename tokens resolve condition and replicate before annotating
PXD069187	include	Small label-free project; mapping must come from acquisition filenames	PRIDE https://www.ebi.ac.uk/pride/ws/archive/v3/projects/PXD069187; files/all n=29	Q2	6	Homo sapiens (human)	29	24	raw	DIA	LFQ	Orbitrap Astral	no	no	report.pg_matrix.tsv;checksum.txt;report.pr_matrix.tsv	moderate	24	ms-proteomics;human;dia-acquisition	none_in_pride	no	Verify filename tokens resolve condition and replicate before annotating
PXD069593	include	Small label-free project; mapping must come from acquisition filenames	PRIDE https://www.ebi.ac.uk/pride/ws/archive/v3/projects/PXD069593; files/all n=37	Q2	6	Homo sapiens (human)	37	24	d.zip;raw	DIA	LFQ	Bruker Daltonics timsTOF series;Orbitrap Ascend	no	no	DIA-NN_set2_PP4C_TP_MSQ2703_OA0086_Yingying_protgroups_report.pg_matrix.tsv;DIA-NN_MSQ2703_set1_FBOX_OA0086_TP_report.pg_matrix.tsv;DIA-NN_MSQ2703_set1_FBOX_OA0086_TP_report.log.txt	moderate	24	ms-proteomics;human;dia-acquisition	none_in_pride	no	Verify filename tokens resolve condition and replicate before annotating
PXD069675	include	Small label-free project; mapping must come from acquisition filenames	PRIDE https://www.ebi.ac.uk/pride/ws/archive/v3/projects/PXD069675; files/all n=22	Q2	6	Mus musculus (mouse)	22	20	raw	DIA	LFQ	Orbitrap Eclipse	no	no	checksum.txt	moderate	20	ms-proteomics;vertebrates;dia-acquisition	none_in_pride	no	Verify filename tokens resolve condition and replicate before annotating
PXD069732	include	Small label-free project; mapping must come from acquisition filenames	PRIDE https://www.ebi.ac.uk/pride/ws/archive/v3/projects/PXD069732; files/all n=24	Q2	6	Homo sapiens (human)	24	16	d.7z	DIA	LFQ	timsTOF HT	no	no	Results_DIANN_MBR_QC.zip;quant_DIANN1.8.1.zip;Results_DIANN1.8.1_MBR.zip	moderate	16	ms-proteomics;human;dia-acquisition	none_in_pride	no	Verify filename tokens resolve condition and replicate before annotating
PXD069869	include	Small label-free project with a public design or sample sheet	PRIDE https://www.ebi.ac.uk/pride/ws/archive/v3/projects/PXD069869; files/all n=49	Q1	6	Homo sapiens (human)	49	39	raw	DIA	LFQ	Orbitrap Exploris 480	yes	no	PLK057_PLK068_sample_IDs.txt	moderate	39	ms-proteomics;human;dia-acquisition	none_in_pride	no	
PXD069979	include	Small label-free project; mapping must come from acquisition filenames	PRIDE https://www.ebi.ac.uk/pride/ws/archive/v3/projects/PXD069979; files/all n=21	Q2	6	Pseudomonas aeruginosa pao1;Bacteria;Staphylococcus aureus	21	18	raw	DDA	LFQ	Q Exactive HF	no	no	checksum.txt	moderate	18	ms-proteomics	none_in_pride	no	Verify filename tokens resolve condition and replicate before annotating
PXD069999	include	Small label-free project; mapping must come from acquisition filenames	PRIDE https://www.ebi.ac.uk/pride/ws/archive/v3/projects/PXD069999; files/all n=20	Q2	6	Homo sapiens (human)	20	17	raw	DIA	LFQ	Orbitrap Fusion Lumos	no	no	MW1488_Report.xlsx;MW1765_Report.xlsx;checksum.txt	moderate	17	ms-proteomics;human;dia-acquisition	none_in_pride	no	Verify filename tokens resolve condition and replicate before annotating
PXD070087	include	Small label-free project; mapping must come from acquisition filenames	PRIDE https://www.ebi.ac.uk/pride/ws/archive/v3/projects/PXD070087; files/all n=129	Q2	6	Candida albicans (yeast)	129	18	raw	DIA	LFQ	Orbitrap Exploris 480	no	no	checksum.txt	moderate	18	ms-proteomics;dia-acquisition	none_in_pride	no	Verify filename tokens resolve condition and replicate before annotating
PXD070194	include	Small label-free project; mapping must come from acquisition filenames	PRIDE https://www.ebi.ac.uk/pride/ws/archive/v3/projects/PXD070194; files/all n=26	Q2	6	Mus musculus (mouse)	26	24	d.zip	DIA	LFQ	timsTOF Pro 2	no	no	checksum.txt;search.xlsx	moderate	24	ms-proteomics;vertebrates;dia-acquisition	none_in_pride	no	Verify filename tokens resolve condition and replicate before annotating
PXD070221	include	Small label-free project with a public design or sample sheet	PRIDE https://www.ebi.ac.uk/pride/ws/archive/v3/projects/PXD070221; files/all n=44	Q1	6	Homo sapiens (human)	44	40	d.zip	DIA	LFQ	timsTOF	yes	no	Quantitification_ALLSAMPLES_NONnormalized_SOL2023029_Report.tsv;sample_metadata.tsv	moderate	40	ms-proteomics;human;dia-acquisition;cell-lines	none_in_pride	no	
PXD070232	include	Small label-free project with a public design or sample sheet	PRIDE https://www.ebi.ac.uk/pride/ws/archive/v3/projects/PXD070232; files/all n=71	Q1	6	Homo sapiens (human)	71	32	raw	DIA	LFQ	Orbitrap Astral	yes	no	CombsC_20250305_04_DIA_SampleList.csv	moderate	32	ms-proteomics;human;dia-acquisition	none_in_pride	no	
PXD070252	include	Small label-free project; mapping must come from acquisition filenames	PRIDE https://www.ebi.ac.uk/pride/ws/archive/v3/projects/PXD070252; files/all n=39	Q2	6	Homo sapiens (human)	39	23	raw	DDA	LFQ	Orbitrap Exploris 480	no	no	checksum.txt	moderate	23	ms-proteomics;human	none_in_pride	no	Verify filename tokens resolve condition and replicate before annotating
PXD070255	include	Small label-free project with a public design or sample sheet	PRIDE https://www.ebi.ac.uk/pride/ws/archive/v3/projects/PXD070255; files/all n=37	Q1	6	Rattus norvegicus (rat)	37	33	d.zip	DDA	LFQ	Bruker Daltonics timsTOF series	yes	no	experiment_annotation_female_K48.tsv	moderate	33	ms-proteomics;vertebrates	none_in_pride	no	
PXD070275	include	Small label-free project; mapping must come from acquisition filenames	PRIDE https://www.ebi.ac.uk/pride/ws/archive/v3/projects/PXD070275; files/all n=21	Q2	6	Burkholderia cenocepacia k56-2valvano	21	16	raw	DIA	LFQ	Orbitrap Eclipse	no	no	checksum.txt	moderate	16	ms-proteomics;dia-acquisition	none_in_pride	no	Verify filename tokens resolve condition and replicate before annotating
PXD070314	include	Small label-free project with a public design or sample sheet	PRIDE https://www.ebi.ac.uk/pride/ws/archive/v3/projects/PXD070314; files/all n=38	Q1	6	Rattus norvegicus (rat)	38	34	d.zip	DDA	LFQ	Bruker Daltonics timsTOF series	yes	no	experiment_annotation_K48_male.tsv	moderate	34	ms-proteomics;vertebrates	none_in_pride	no	
PXD070384	include	Small label-free project; mapping must come from acquisition filenames	PRIDE https://www.ebi.ac.uk/pride/ws/archive/v3/projects/PXD070384; files/all n=17	Q2	6	Homo sapiens (human)	17	14	d.zip	DDA	LFQ	timsTOF Pro	no	no	SPatel_4579970_Experimental_Conditions.xlsx;checksum.txt	moderate	14	ms-proteomics;human	none_in_pride	no	Verify filename tokens resolve condition and replicate before annotating
PXD070431	include	Small label-free project with a public design or sample sheet	PRIDE https://www.ebi.ac.uk/pride/ws/archive/v3/projects/PXD070431; files/all n=53	Q1	6	Homo sapiens (human)	53	48	raw	DIA	LFQ	Orbitrap Fusion Lumos	yes	no	Sample_Legend_and_LC-MS_Settings_v01.docx	moderate	48	ms-proteomics;human;dia-acquisition	none_in_pride	no	
PXD070700	include	Small label-free project; mapping must come from acquisition filenames	PRIDE https://www.ebi.ac.uk/pride/ws/archive/v3/projects/PXD070700; files/all n=27	Q2	6	Homo sapiens (human)	27	18	raw	DDA	LFQ	Orbitrap Exploris 240	no	no	checksum.txt	moderate	18	ms-proteomics;human	none_in_pride	no	Verify filename tokens resolve condition and replicate before annotating
PXD070718	include	Small label-free project; mapping must come from acquisition filenames	PRIDE https://www.ebi.ac.uk/pride/ws/archive/v3/projects/PXD070718; files/all n=41	Q2	6	Homo sapiens (human)	41	13	wiff	DIA	LFQ	ZenoTOF 7600	no	no	Supplementary_Table_1.xlsx;checksum.txt	moderate	13	ms-proteomics;human;dia-acquisition;cell-lines	none_in_pride	no	Verify filename tokens resolve condition and replicate before annotating
PXD070740	include	Small label-free project; mapping must come from acquisition filenames	PRIDE https://www.ebi.ac.uk/pride/ws/archive/v3/projects/PXD070740; files/all n=23	Q2	6	Mus musculus (mouse)	23	15	raw	DIA	LFQ	Orbitrap Exploris 480	no	no	conditions_NS0909-2.tsv;setup.txt;parameters.setup_NS0909-2.txt	moderate	15	ms-proteomics;vertebrates;dia-acquisition	none_in_pride	no	Verify filename tokens resolve condition and replicate before annotating
PXD070784	include	Small label-free project; mapping must come from acquisition filenames	PRIDE https://www.ebi.ac.uk/pride/ws/archive/v3/projects/PXD070784; files/all n=16	Q2	6	Homo sapiens (human)	16	14	raw	DDA	LFQ	Orbitrap Eclipse	no	no	checksum.txt	moderate	14	ms-proteomics;human	none_in_pride	no	Verify filename tokens resolve condition and replicate before annotating
PXD070836	include	Small label-free project; mapping must come from acquisition filenames	PRIDE https://www.ebi.ac.uk/pride/ws/archive/v3/projects/PXD070836; files/all n=18	Q2	6	Homo sapiens (human)	18	16	raw	DIA	LFQ	Orbitrap Exploris 480	no	no	checksum.txt	moderate	16	ms-proteomics;human;dia-acquisition	none_in_pride	no	Verify filename tokens resolve condition and replicate before annotating
PXD070849	include	Small label-free project with a public design or sample sheet	PRIDE https://www.ebi.ac.uk/pride/ws/archive/v3/projects/PXD070849; files/all n=38	Q1	6	Homo sapiens (human)	38	36	raw	DIA	LFQ	Orbitrap Exploris 480	yes	no	DN03_AllSamples_50cm.zip	moderate	36	ms-proteomics;human;dia-acquisition	none_in_pride	no	
PXD070887	include	Small label-free project; mapping must come from acquisition filenames	PRIDE https://www.ebi.ac.uk/pride/ws/archive/v3/projects/PXD070887; files/all n=26	Q2	6	Mus musculus (mouse)	26	15	raw	DIA	LFQ	Orbitrap Exploris 480	no	no	E3_CoIID_6563632_LI_151_165_mbr.tsv;E3_CollD_656_3632_LI_151_165_mbr_lib.tsv;E3_CoIID_656_3632_LI_151_165_mbr_stats.tsv	moderate	15	ms-proteomics;vertebrates;dia-acquisition	none_in_pride	no	Verify filename tokens resolve condition and replicate before annotating
PXD070890	include	Small label-free project; mapping must come from acquisition filenames	PRIDE https://www.ebi.ac.uk/pride/ws/archive/v3/projects/PXD070890; files/all n=27	Q2	6	Homo sapiens (human)	27	14	raw	DDA	LFQ	Orbitrap Eclipse	no	no	checksum.txt	moderate	14	ms-proteomics;human	none_in_pride	no	Verify filename tokens resolve condition and replicate before annotating
PXD070915	include	Small label-free project with a public design or sample sheet	PRIDE https://www.ebi.ac.uk/pride/ws/archive/v3/projects/PXD070915; files/all n=50	Q1	6	Mus musculus (mouse)	50	40	raw	DIA	LFQ	Q Exactive HF	yes	no	Sample_Matrix.xlsx	moderate	40	ms-proteomics;vertebrates;dia-acquisition	none_in_pride	no	
PXD070931	include	Small label-free project; mapping must come from acquisition filenames	PRIDE https://www.ebi.ac.uk/pride/ws/archive/v3/projects/PXD070931; files/all n=24	Q2	6	Mus musculus (mouse)	24	21	raw	DDA	LFQ	Orbitrap Fusion Lumos	no	no	checksum.txt;SODG93A_TMTvsUntreated.xlsx;SODG93_vsWT_hyp.xlsx	moderate	21	ms-proteomics;vertebrates	none_in_pride	no	Verify filename tokens resolve condition and replicate before annotating
PXD070932	include	Small label-free project; mapping must come from acquisition filenames	PRIDE https://www.ebi.ac.uk/pride/ws/archive/v3/projects/PXD070932; files/all n=18	Q2	6	Mus musculus (mouse)	18	16	d.zip	DIA	LFQ	timsTOF Pro 2	no	no	ChBL_441_report.pr_matrix.csv;checksum.txt	moderate	16	ms-proteomics;vertebrates;dia-acquisition	none_in_pride	no	Verify filename tokens resolve condition and replicate before annotating
PXD070950	include	Small label-free project; mapping must come from acquisition filenames	PRIDE https://www.ebi.ac.uk/pride/ws/archive/v3/projects/PXD070950; files/all n=19	Q2	6	Mus musculus (mouse)	19	13	raw	DIA	LFQ	Orbitrap Exploris 480	no	no	output_AZ1049-1.tsv;checksum.txt;parameters.setup_AZ1049-1.txt	moderate	13	ms-proteomics;vertebrates;dia-acquisition	none_in_pride	no	Verify filename tokens resolve condition and replicate before annotating
PXD070953	include	Small label-free project; mapping must come from acquisition filenames	PRIDE https://www.ebi.ac.uk/pride/ws/archive/v3/projects/PXD070953; files/all n=28	Q2	6	Escherichia coli bw25113;Bacteria	28	24	d.zip	DIA	LFQ	Bruker Daltonics timsTOF series	no	no	P1968_diann.xlsx;P1968_diann.zip	moderate	24	ms-proteomics;dia-acquisition	none_in_pride	no	Verify filename tokens resolve condition and replicate before annotating
PXD070955	include	Small label-free project; mapping must come from acquisition filenames	PRIDE https://www.ebi.ac.uk/pride/ws/archive/v3/projects/PXD070955; files/all n=26	Q2	6	Simplicispira hankyongi;Pseudomonas citronellolis	26	24	d.zip	DDA	LFQ	timsTOF Pro	no	no	checksum.txt	moderate	24	ms-proteomics	none_in_pride	no	Verify filename tokens resolve condition and replicate before annotating
PXD071008	include	Small label-free project; mapping must come from acquisition filenames	PRIDE https://www.ebi.ac.uk/pride/ws/archive/v3/projects/PXD071008; files/all n=22	Q2	6	Homo sapiens (human)	22	18	raw	DIA	LFQ	Orbitrap Exploris 240	no	no	checksum.txt	moderate	18	ms-proteomics;human;dia-acquisition	none_in_pride	no	Verify filename tokens resolve condition and replicate before annotating
PXD071144	include	Small label-free project; mapping must come from acquisition filenames	PRIDE https://www.ebi.ac.uk/pride/ws/archive/v3/projects/PXD071144; files/all n=20	Q2	6	Hermetia illucens	20	18	raw	DDA	LFQ	Orbitrap Exploris 240	no	no	checksum.txt;Protein_Hermetia_PD.xlsx	moderate	18	ms-proteomics	none_in_pride	no	Verify filename tokens resolve condition and replicate before annotating
PXD071155	include	Small label-free project; mapping must come from acquisition filenames	PRIDE https://www.ebi.ac.uk/pride/ws/archive/v3/projects/PXD071155; files/all n=26	Q2	6	Homo sapiens (human)	26	24	d.zip	DIA	LFQ	timsTOF HT	no	no	NCI7_8.xlsx;checksum.txt	moderate	24	ms-proteomics;human;dia-acquisition;cell-lines	none_in_pride	no	Verify filename tokens resolve condition and replicate before annotating
PXD071177	include	Small label-free project with a public design or sample sheet	PRIDE https://www.ebi.ac.uk/pride/ws/archive/v3/projects/PXD071177; files/all n=34	Q1	6	Homo sapiens (human)	34	30	raw	DIA	LFQ	Q Exactive HF-X	yes	no	Sample_List.txt	moderate	30	ms-proteomics;human;dia-acquisition	none_in_pride	no	
PXD071194	include	Small label-free project; mapping must come from acquisition filenames	PRIDE https://www.ebi.ac.uk/pride/ws/archive/v3/projects/PXD071194; files/all n=74	Q2	6	Fungi;Cryptococcus neoformans var. grubii serotype a (strain h99 / atcc 208821 / cbs 10515 / fgsc 9487) (filobasidiella neoformans var. grubii)	74	24	wiff	DIA	LFQ	TripleTOF 5600	no	no	checksum.txt;20240326_SWATH_output_Lib.tsv	moderate	24	ms-proteomics;dia-acquisition	none_in_pride	no	Verify filename tokens resolve condition and replicate before annotating
PXD071329	include	Small label-free project with a public design or sample sheet	PRIDE https://www.ebi.ac.uk/pride/ws/archive/v3/projects/PXD071329; files/all n=30	Q1	6	Dictyostelium discoideum (slime mold)	30	25	d.zip	DIA	LFQ	timsTOF HT	yes	no	DIANN220_bulk_proteome.zip;sample_metadata_PRIDE_biot.xlsx;sample_metadata_PRIDE.xlsx	moderate	25	ms-proteomics;dia-acquisition	none_in_pride	no	
PXD071363	include	Small label-free project; mapping must come from acquisition filenames	PRIDE https://www.ebi.ac.uk/pride/ws/archive/v3/projects/PXD071363; files/all n=34	Q2	6	Chromobacterium violaceum;Bacteria	34	14	raw	DIA	LFQ	Orbitrap Exploris 480	no	no	report.unique_genes_matrix.tsv;report-lib.tsv;report.log.txt	moderate	14	ms-proteomics;dia-acquisition	none_in_pride	no	Verify filename tokens resolve condition and replicate before annotating
PXD071366	include	Small label-free project; mapping must come from acquisition filenames	PRIDE https://www.ebi.ac.uk/pride/ws/archive/v3/projects/PXD071366; files/all n=18	Q2	6	Homo sapiens (human)	18	16	raw	DDA	LFQ	Q Exactive HF	no	no	checksum.txt;proteinGroups-updated.txt	moderate	16	ms-proteomics;human	none_in_pride	no	Verify filename tokens resolve condition and replicate before annotating
PXD071367	include	Small label-free project; mapping must come from acquisition filenames	PRIDE https://www.ebi.ac.uk/pride/ws/archive/v3/projects/PXD071367; files/all n=43	Q2	6	Mus musculus (mouse)	43	20	raw	DDA	LFQ	Orbitrap Fusion Lumos	no	no	checksum.txt;Link_between_file.xlsx	moderate	20	ms-proteomics;vertebrates	none_in_pride	no	Verify filename tokens resolve condition and replicate before annotating
PXD071373	include	Small label-free project; mapping must come from acquisition filenames	PRIDE https://www.ebi.ac.uk/pride/ws/archive/v3/projects/PXD071373; files/all n=24	Q2	6	Homo sapiens (human)	24	17	d.zip	DDA	LFQ	timsTOF Pro	no	no	start_CEBPA.xlsx;combined_protein_CEBPA_and_rabbit_IgG_antibody.tsv;log_CEBPA_and_rabbit_IgG.txt	moderate	17	ms-proteomics;human	none_in_pride	no	Verify filename tokens resolve condition and replicate before annotating
PXD071466	include	Small label-free project; mapping must come from acquisition filenames	PRIDE https://www.ebi.ac.uk/pride/ws/archive/v3/projects/PXD071466; files/all n=20	Q2	6	Arabidopsis thaliana (mouse-ear cress)	20	15	raw	DDA	LFQ	Orbitrap Eclipse	no	no	Datafile.txt;checksum.txt;proteinGroups_CRWN2.txt	moderate	15	ms-proteomics;plants	none_in_pride	no	Verify filename tokens resolve condition and replicate before annotating
PXD071538	include	Small label-free project; mapping must come from acquisition filenames	PRIDE https://www.ebi.ac.uk/pride/ws/archive/v3/projects/PXD071538; files/all n=20	Q2	6	Homo sapiens (human)	20	16	raw	DIA	LFQ	Orbitrap Astral	no	no	998_report.pr_matrix_msi_plus_minus_ifny.tsv;998_report.pg_matrix_MSI_plus_minus_ifny.tsv;Project_998_MSI_CRC_plus_minus_ifny_annotated_secreted.xlsx	moderate	16	ms-proteomics;human;dia-acquisition	none_in_pride	no	Verify filename tokens resolve condition and replicate before annotating
PXD071582	include	Small label-free project; mapping must come from acquisition filenames	PRIDE https://www.ebi.ac.uk/pride/ws/archive/v3/projects/PXD071582; files/all n=22	Q2	6	Macaca mulatta (rhesus macaque);Homo sapiens (human)	22	18	d.zip;raw	DIA	LFQ	Bruker Daltonics timsTOF series;Orbitrap Astral	no	no	checksum.txt	moderate	18	ms-proteomics;dia-acquisition	none_in_pride	no	Verify filename tokens resolve condition and replicate before annotating
PXD071667	include	Small label-free project; mapping must come from acquisition filenames	PRIDE https://www.ebi.ac.uk/pride/ws/archive/v3/projects/PXD071667; files/all n=33	Q2	6	Arabidopsis thaliana (mouse-ear cress)	33	24	raw	DDA	LFQ	Q Exactive HF	no	no	checksum.txt	moderate	24	ms-proteomics;plants	none_in_pride	no	Verify filename tokens resolve condition and replicate before annotating
PXD071776	include	Small label-free project; mapping must come from acquisition filenames	PRIDE https://www.ebi.ac.uk/pride/ws/archive/v3/projects/PXD071776; files/all n=16	Q2	6	Mus musculus (mouse)	16	14	d.zip	DIA	LFQ	timsTOF Pro	no	no	checksum.txt	moderate	14	ms-proteomics;vertebrates;dia-acquisition	none_in_pride	no	Verify filename tokens resolve condition and replicate before annotating
PXD071811	include	Small label-free project; mapping must come from acquisition filenames	PRIDE https://www.ebi.ac.uk/pride/ws/archive/v3/projects/PXD071811; files/all n=22	Q2	6	Homo sapiens (human)	22	20	d.zip	DIA	LFQ	timsTOF Pro	no	no	checksum.txt	moderate	20	ms-proteomics;human;dia-acquisition	none_in_pride	no	Verify filename tokens resolve condition and replicate before annotating
PXD071831	include	Small label-free project; mapping must come from acquisition filenames	PRIDE https://www.ebi.ac.uk/pride/ws/archive/v3/projects/PXD071831; files/all n=20	Q2	6	Homo sapiens (human)	20	18	raw	DIA	LFQ	Orbitrap Exploris 240	no	no	checksum.txt	moderate	18	ms-proteomics;human;dia-acquisition;cell-lines	none_in_pride	no	Verify filename tokens resolve condition and replicate before annotating
PXD071887	include	Small label-free project; mapping must come from acquisition filenames	PRIDE https://www.ebi.ac.uk/pride/ws/archive/v3/projects/PXD071887; files/all n=50	Q2	6	Homo sapiens (human)	50	24	wiff	DIA	LFQ	TripleTOF 5600	no	no	checksum.txt	moderate	24	ms-proteomics;human;dia-acquisition;cell-lines	none_in_pride	no	Verify filename tokens resolve condition and replicate before annotating
PXD071895	include	Small label-free project; mapping must come from acquisition filenames	PRIDE https://www.ebi.ac.uk/pride/ws/archive/v3/projects/PXD071895; files/all n=15	Q2	6	Eremothecium gossypii atcc 10895	15	12	raw	unknown	LFQ	Q Exactive HF	no	no		simple	12	ms-proteomics	none_in_pride	no	Verify filename tokens resolve condition and replicate before annotating
PXD071906	include	Small label-free project; mapping must come from acquisition filenames	PRIDE https://www.ebi.ac.uk/pride/ws/archive/v3/projects/PXD071906; files/all n=24	Q2	6	Homo sapiens (human)	24	21	raw	DIA	LFQ	Orbitrap Fusion Lumos	no	no	HT29expression_proteomics_report.pg_matrix.tsv;checksum.txt;combined_protein.tsv	moderate	21	ms-proteomics;human;dia-acquisition	none_in_pride	no	Verify filename tokens resolve condition and replicate before annotating
PXD071954	include	Small label-free project with a public design or sample sheet	PRIDE https://www.ebi.ac.uk/pride/ws/archive/v3/projects/PXD071954; files/all n=54	Q1	6	Homo sapiens (human)	54	48	raw	DDA	LFQ	Q Exactive HF	yes	no	mqpar.xml;experimentalDesignTemplate.txt	moderate	48	ms-proteomics;human;cell-lines	none_in_pride	no	
PXD072035	include	Small label-free project; mapping must come from acquisition filenames	PRIDE https://www.ebi.ac.uk/pride/ws/archive/v3/projects/PXD072035; files/all n=17	Q2	6	Oryza sativa (rice)	17	15	raw	DIA	LFQ	Orbitrap Eclipse	no	no	20240326_061934_xyj_proteome_Report.tsv;checksum.txt	moderate	15	ms-proteomics;plants;dia-acquisition	none_in_pride	no	Verify filename tokens resolve condition and replicate before annotating
PXD072053	include	Small label-free project; mapping must come from acquisition filenames	PRIDE https://www.ebi.ac.uk/pride/ws/archive/v3/projects/PXD072053; files/all n=17	Q2	6	Mus musculus (mouse)	17	15	raw	DIA	LFQ	Q Exactive HF	no	no	SpectronautMatrix.zip	moderate	15	ms-proteomics;vertebrates;dia-acquisition	none_in_pride	no	Verify filename tokens resolve condition and replicate before annotating
PXD072055	include	Small label-free project; mapping must come from acquisition filenames	PRIDE https://www.ebi.ac.uk/pride/ws/archive/v3/projects/PXD072055; files/all n=38	Q2	6	Mus musculus (mouse)	38	20	raw	DIA	LFQ	Orbitrap Exploris 480	no	no	a.txt;report-first-pass.stats.tsv;report.protein_description.tsv	moderate	20	ms-proteomics;vertebrates;dia-acquisition;cell-lines	none_in_pride	no	Verify filename tokens resolve condition and replicate before annotating
PXD072089	include	Small label-free project; mapping must come from acquisition filenames	PRIDE https://www.ebi.ac.uk/pride/ws/archive/v3/projects/PXD072089; files/all n=17	Q2	6	Oryza sativa (rice)	17	15	raw	DDA	LFQ	Q Exactive	no	no	checksum.txt;SS-all-peptides.tsv	moderate	15	ms-proteomics;plants	none_in_pride	no	Verify filename tokens resolve condition and replicate before annotating
PXD072100	include	Small label-free project; mapping must come from acquisition filenames	PRIDE https://www.ebi.ac.uk/pride/ws/archive/v3/projects/PXD072100; files/all n=21	Q2	6	Yarrowia lipolytica (candida lipolytica)	21	19	raw	DIA	LFQ	Q Exactive HF	no	no	checksum.txt;report.gg_matrix.tsv	moderate	19	ms-proteomics;dia-acquisition	none_in_pride	no	Verify filename tokens resolve condition and replicate before annotating
PXD072143	include	Small label-free project with a public design or sample sheet	PRIDE https://www.ebi.ac.uk/pride/ws/archive/v3/projects/PXD072143; files/all n=32	Q1	6	Homo sapiens (human)	32	27	d.zip	DIA	LFQ	timsTOF HT	yes	no	20250513_220157_NET_samples_250513_Report.tsv	moderate	27	ms-proteomics;human;dia-acquisition	none_in_pride	no	
PXD072213	include	Small label-free project; mapping must come from acquisition filenames	PRIDE https://www.ebi.ac.uk/pride/ws/archive/v3/projects/PXD072213; files/all n=30	Q2	6	Homo sapiens (human)	30	24	raw	DIA	LFQ	Orbitrap Fusion	no	no	coip-result.txt;checksum.txt;DIA-KM-DMSO-2H.txt	moderate	24	ms-proteomics;human;dia-acquisition	none_in_pride	no	Verify filename tokens resolve condition and replicate before annotating
PXD072239	include	Small label-free project; mapping must come from acquisition filenames	PRIDE https://www.ebi.ac.uk/pride/ws/archive/v3/projects/PXD072239; files/all n=37	Q2	6	Klebsiella pneumoniae subsp. pneumoniae	37	24	raw	DDA	LFQ	Orbitrap Exploris 240	no	no	phosphosites.txt;checksum.txt	moderate	24	ms-proteomics	none_in_pride	no	Verify filename tokens resolve condition and replicate before annotating
PXD072245	include	Small label-free project; mapping must come from acquisition filenames	PRIDE https://www.ebi.ac.uk/pride/ws/archive/v3/projects/PXD072245; files/all n=17	Q2	6	Homo sapiens (human)	17	15	raw	DIA	LFQ	Q Exactive HF	no	no	DIANN_Elaboration_Human.zip	moderate	15	ms-proteomics;human;dia-acquisition	none_in_pride	no	Verify filename tokens resolve condition and replicate before annotating
PXD072258	include	Small label-free project; mapping must come from acquisition filenames	PRIDE https://www.ebi.ac.uk/pride/ws/archive/v3/projects/PXD072258; files/all n=22	Q2	6	Homo sapiens (human)	22	20	raw	DIA	LFQ	Orbitrap Exploris 240	no	no	checksum.txt	moderate	20	ms-proteomics;human;dia-acquisition	none_in_pride	no	Verify filename tokens resolve condition and replicate before annotating
PXD072352	include	Small label-free project; mapping must come from acquisition filenames	PRIDE https://www.ebi.ac.uk/pride/ws/archive/v3/projects/PXD072352; files/all n=37	Q2	6	Alcanivorax sp. 24;Bacteria;Alcanivorax borkumensis sk2	37	18	d.zip	DIA	LFQ	timsTOF fleX MALDI-2	no	no	checksum.txt	moderate	18	ms-proteomics;dia-acquisition	none_in_pride	no	Verify filename tokens resolve condition and replicate before annotating
PXD072456	include	Small label-free project with a public design or sample sheet	PRIDE https://www.ebi.ac.uk/pride/ws/archive/v3/projects/PXD072456; files/all n=39	Q1	6	Homo sapiens (human);Mus musculus (mouse)	39	30	raw	DIA	LFQ	Orbitrap Eclipse	yes	no	P2025_024_KLF15_PP_Sample_Description.xlsx;P2025_024_KLF15_PP_DIANN_Results.zip;P2025_024_KLF15_IP_Sample_Description.txt	moderate	30	ms-proteomics;dia-acquisition	none_in_pride	no	
PXD072524	include	Small label-free project with a public design or sample sheet	PRIDE https://www.ebi.ac.uk/pride/ws/archive/v3/projects/PXD072524; files/all n=49	Q1	6	Bacteroides thetaiotaomicron;Peptoclostridium difficile (strain 630) (clostridium difficile);Agathobacter rectalis	49	36	d.zip	DIA	LFQ	timsTOF Pro 2	yes	no	BenchmarkDataset_sampleMap.csv	moderate	36	ms-proteomics;dia-acquisition	none_in_pride	no	
PXD072564	include	Small label-free project; mapping must come from acquisition filenames	PRIDE https://www.ebi.ac.uk/pride/ws/archive/v3/projects/PXD072564; files/all n=29	Q2	6	Pseudomonas aeruginosa (strain ucbpp-pa14);Staphylococcus aureus	29	23	raw	DIA	LFQ	Orbitrap Exploris 480	no	no	Spectronaut_Results_AllHits.xlsx	moderate	23	ms-proteomics;dia-acquisition	none_in_pride	no	Verify filename tokens resolve condition and replicate before annotating
PXD072591	include	Small label-free project; mapping must come from acquisition filenames	PRIDE https://www.ebi.ac.uk/pride/ws/archive/v3/projects/PXD072591; files/all n=19	Q2	6	Mus musculus (mouse)	19	15	d.zip	DIA	LFQ	timsTOF HT	no	no	report.pr_matrix.tsv;checksum.txt	moderate	15	ms-proteomics;vertebrates;dia-acquisition	none_in_pride	no	Verify filename tokens resolve condition and replicate before annotating
PXD072598	include	Small label-free project; mapping must come from acquisition filenames	PRIDE https://www.ebi.ac.uk/pride/ws/archive/v3/projects/PXD072598; files/all n=27	Q2	6	Homo sapiens (human)	27	21	d.zip	DIA	LFQ	timsTOF Pro 2	no	no	Read_Me.txt;combined_peptide.tsv;combined_protein.tsv	moderate	21	ms-proteomics;human;dia-acquisition	none_in_pride	no	Verify filename tokens resolve condition and replicate before annotating
PXD072722	include	Small label-free project; mapping must come from acquisition filenames	PRIDE https://www.ebi.ac.uk/pride/ws/archive/v3/projects/PXD072722; files/all n=34	Q2	6	Rhizobium favelukesii	34	16	raw	DIA	LFQ	Q Exactive Plus	no	no	report.stats.tsv;report.unique_genes_matrix.tsv;11_04_2025_16_49_00.txt	moderate	16	ms-proteomics;dia-acquisition	none_in_pride	no	Verify filename tokens resolve condition and replicate before annotating
PXD072756	include	Small label-free project; mapping must come from acquisition filenames	PRIDE https://www.ebi.ac.uk/pride/ws/archive/v3/projects/PXD072756; files/all n=30	Q2	6	Homo sapiens (human)	30	24	raw	DIA	LFQ	Orbitrap Exploris 480	no	no	parameters.setup.txt;output.csv;checksum.txt	moderate	24	ms-proteomics;human;dia-acquisition;cell-lines	none_in_pride	no	Verify filename tokens resolve condition and replicate before annotating
PXD072961	include	Small label-free project; mapping must come from acquisition filenames	PRIDE https://www.ebi.ac.uk/pride/ws/archive/v3/projects/PXD072961; files/all n=20	Q2	6	Phytophthora infestans t30-4	20	16	raw	DIA	LFQ	Q Exactive HF	no	no	244_2023-259_2023_JP_Pinfestans_Pvulgaris_directDIA_non-normalised_v17_Report_Protein_pivot_FP_Pivot_txt.txt;ConditionSetup.txt;checksum.txt	moderate	16	ms-proteomics;dia-acquisition	none_in_pride	no	Verify filename tokens resolve condition and replicate before annotating
PXD073005	include	Small label-free project; mapping must come from acquisition filenames	PRIDE https://www.ebi.ac.uk/pride/ws/archive/v3/projects/PXD073005; files/all n=42	Q2	6	Homo sapiens (human)	42	19	wiff	DIA	LFQ	TripleTOF 5600	no	no	checksum.txt	moderate	19	ms-proteomics;human;dia-acquisition	none_in_pride	no	Verify filename tokens resolve condition and replicate before annotating
PXD073018	include	Small label-free project with a public design or sample sheet	PRIDE https://www.ebi.ac.uk/pride/ws/archive/v3/projects/PXD073018; files/all n=35	Q1	6	Homo sapiens (human)	35	31	d.zip;raw	DIA	LFQ	Orbitrap Fusion Lumos;timsTOF Pro	yes	no	Sample_overview.xlsx;DIANN_singleMIIoocytes.zip	moderate	31	ms-proteomics;human;dia-acquisition	none_in_pride	no	
PXD073167	include	Small label-free project; mapping must come from acquisition filenames	PRIDE https://www.ebi.ac.uk/pride/ws/archive/v3/projects/PXD073167; files/all n=18	Q2	6	Homo sapiens (human)	18	16	raw	DIA	LFQ	Q Exactive	no	no	checksum.txt	moderate	16	ms-proteomics;human;dia-acquisition	none_in_pride	no	Verify filename tokens resolve condition and replicate before annotating
PXD073409	include	Small label-free project with a public design or sample sheet	PRIDE https://www.ebi.ac.uk/pride/ws/archive/v3/projects/PXD073409; files/all n=53	Q1	6	Homo sapiens (human)	53	45	raw	DIA	LFQ	Orbitrap Exploris 480	yes	no	Ref10495_platedesign_20260112.xlsx;README_Ref10495_SpectronautResultFile_PRIDE.txt	moderate	45	ms-proteomics;human;dia-acquisition	none_in_pride	no	
PXD073466	include	Small label-free project; mapping must come from acquisition filenames	PRIDE https://www.ebi.ac.uk/pride/ws/archive/v3/projects/PXD073466; files/all n=21	Q2	6	Mus musculus (mouse)	21	16	raw	DIA	LFQ	Q Exactive HF-X	no	no	KEY.xlsx;checksum.txt;Mouse_2025.pr_matrix.tsv	moderate	16	ms-proteomics;vertebrates;dia-acquisition	none_in_pride	no	Verify filename tokens resolve condition and replicate before annotating
PXD073471	include	Small label-free project with a public design or sample sheet	PRIDE https://www.ebi.ac.uk/pride/ws/archive/v3/projects/PXD073471; files/all n=32	Q1	6	Vishniacozyma dimennae	32	24	raw	unknown	LFQ	Q Exactive HF	yes	no	mqpar_blapla.xml	moderate	24	ms-proteomics	none_in_pride	no	
PXD073571	include	Small label-free project; mapping must come from acquisition filenames	PRIDE https://www.ebi.ac.uk/pride/ws/archive/v3/projects/PXD073571; files/all n=22	Q2	6	Mus musculus (mouse)	22	20	raw	DIA	LFQ	Orbitrap Exploris 480	no	no	checksum.txt	moderate	20	ms-proteomics;vertebrates;dia-acquisition;cell-lines	none_in_pride	no	Verify filename tokens resolve condition and replicate before annotating
PXD073640	include	Small label-free project; mapping must come from acquisition filenames	PRIDE https://www.ebi.ac.uk/pride/ws/archive/v3/projects/PXD073640; files/all n=22	Q2	6	Homo sapiens (human)	22	16	raw	DIA	LFQ	Orbitrap Astral	no	no	ID_25330_Spectronaut_search_result.sne	moderate	16	ms-proteomics;human;dia-acquisition;cell-lines	none_in_pride	no	Verify filename tokens resolve condition and replicate before annotating
PXD073738	include	Small label-free project; mapping must come from acquisition filenames	PRIDE https://www.ebi.ac.uk/pride/ws/archive/v3/projects/PXD073738; files/all n=51	Q2	6	Hevea brasiliensis	51	24	raw	DIA	LFQ	LTQ Orbitrap	no	no	checksum.txt;KK1812.tsv;KK1812.pg_matrix.tsv	moderate	24	ms-proteomics;dia-acquisition	none_in_pride	no	Verify filename tokens resolve condition and replicate before annotating
PXD073787	include	Small label-free project; mapping must come from acquisition filenames	PRIDE https://www.ebi.ac.uk/pride/ws/archive/v3/projects/PXD073787; files/all n=39	Q2	6	Bitis arietans;Naja nigricollis	39	16	d.zip	DIA	LFQ	timsTOF SCP	no	no	combined_peptide_B_All.tsv;checksum.txt;combined_protein_B_all.tsv	moderate	16	ms-proteomics;dia-acquisition	none_in_pride	no	Verify filename tokens resolve condition and replicate before annotating
PXD073864	include	Small label-free project; mapping must come from acquisition filenames	PRIDE https://www.ebi.ac.uk/pride/ws/archive/v3/projects/PXD073864; files/all n=27	Q2	6	Apis mellifera (honeybee)	27	24	raw	DDA	LFQ	Q Exactive	no	no	checksum.txt;combined_protein.tsv;combined_modified_peptide.tsv	moderate	24	ms-proteomics;invertebrates	none_in_pride	no	Verify filename tokens resolve condition and replicate before annotating
PXD074024	include	Small label-free project; mapping must come from acquisition filenames	PRIDE https://www.ebi.ac.uk/pride/ws/archive/v3/projects/PXD074024; files/all n=24	Q2	6	Homo sapiens (human)	24	22	raw	DIA	LFQ	Orbitrap Fusion Lumos	no	no	checksum.txt;20250306_130724_DIA_Report.csv	moderate	22	ms-proteomics;human;dia-acquisition	none_in_pride	no	Verify filename tokens resolve condition and replicate before annotating
PXD074238	include	Small label-free project with a public design or sample sheet	PRIDE https://www.ebi.ac.uk/pride/ws/archive/v3/projects/PXD074238; files/all n=54	Q1	6	Abramis brama;Ligula intestinalis	54	24	d.zip	unknown	LFQ	timsTOF Pro	yes	no	Samples.docx	moderate	24	ms-proteomics	none_in_pride	no	
PXD074434	include	Small label-free project; mapping must come from acquisition filenames	PRIDE https://www.ebi.ac.uk/pride/ws/archive/v3/projects/PXD074434; files/all n=20	Q2	6	Trypanosoma brucei	20	18	raw	DIA	LFQ	Q Exactive HF	no	no	checksum.txt;report.tsv	moderate	18	ms-proteomics;dia-acquisition	none_in_pride	no	Verify filename tokens resolve condition and replicate before annotating
PXD074451	include	Small label-free project; mapping must come from acquisition filenames	PRIDE https://www.ebi.ac.uk/pride/ws/archive/v3/projects/PXD074451; files/all n=22	Q2	6	Mus musculus (mouse)	22	16	raw	DIA	LFQ	Orbitrap Exploris 480	no	no	checksum.txt;Hpolyin_houseTranscriptomen143104_DUPESREMOVED.txt;20250512_085413_029_2024_DUN_HM_directDIA_mouse_hpoly_cont_normalised_contrasts_v19_protein_pivot_Report.tsv	moderate	16	ms-proteomics;vertebrates;dia-acquisition	none_in_pride	no	Verify filename tokens resolve condition and replicate before annotating
PXD074461	include	Small label-free project; mapping must come from acquisition filenames	PRIDE https://www.ebi.ac.uk/pride/ws/archive/v3/projects/PXD074461; files/all n=28	Q2	6	Homo sapiens (human)	28	24	raw	DDA	LFQ	Orbitrap Exploris 240	no	no	parameters.txt;peptides.txt;proteinGroups.txt	moderate	24	ms-proteomics;human	none_in_pride	no	Verify filename tokens resolve condition and replicate before annotating
PXD074507	include	Small label-free project with a public design or sample sheet	PRIDE https://www.ebi.ac.uk/pride/ws/archive/v3/projects/PXD074507; files/all n=37	Q1	6	Mus musculus (mouse)	37	16	raw	unknown	LFQ	Q Exactive HF	yes	no	ESC-QE-Sample-N1-4-90min-Anusha-14-3-24-N4.mzTab;ESC-QE-Sample-N1-3-90min-Anusha-14-3-24-N3.mzTab;ESC-QE-Sample-N1-1-90min-Anusha-14-3-24-N1.mzTab	moderate	16	ms-proteomics;vertebrates	none_in_pride	no	
PXD074545	include	Small label-free project; mapping must come from acquisition filenames	PRIDE https://www.ebi.ac.uk/pride/ws/archive/v3/projects/PXD074545; files/all n=17	Q2	6	Homo sapiens (human)	17	15	raw	DIA	LFQ	Orbitrap Eclipse	no	no	report.pg_matrix.tsv;checksum.txt	moderate	15	ms-proteomics;human;dia-acquisition;cell-lines	none_in_pride	no	Verify filename tokens resolve condition and replicate before annotating
PXD074547	include	Small label-free project with a public design or sample sheet	PRIDE https://www.ebi.ac.uk/pride/ws/archive/v3/projects/PXD074547; files/all n=41	Q1	6	Mus musculus (mouse)	41	16	raw	unknown	LFQ	Q Exactive HF	yes	no	ESC-QE-Sample-H1-1-90min-Anusha-23-02-24-H1.mzTab;ESC-QE-Sample-H1-4-90min-Anusha-23-02-24-H4.mzTab;ESC-QE-Sample-H1-2-90min-Anusha-23-02-24-H2-p.xlsx	moderate	16	ms-proteomics;vertebrates	none_in_pride	no	
PXD074568	include	Small label-free project; mapping must come from acquisition filenames	PRIDE https://www.ebi.ac.uk/pride/ws/archive/v3/projects/PXD074568; files/all n=24	Q2	6	Mus musculus (mouse)	24	20	raw	DIA	LFQ	Orbitrap Astral	no	no	20251022_204804_Dana_Oct_2025_Report.csv;20251022_204804_Dana_Oct_2025_Report.setup.txt;checksum.txt	moderate	20	ms-proteomics;vertebrates;dia-acquisition	none_in_pride	no	Verify filename tokens resolve condition and replicate before annotating
PXD074943	include	Small label-free project; mapping must come from acquisition filenames	PRIDE https://www.ebi.ac.uk/pride/ws/archive/v3/projects/PXD074943; files/all n=23	Q2	6	Homo sapiens (human)	23	21	raw	DIA	LFQ	Orbitrap Eclipse	no	no	checksum.txt	moderate	21	ms-proteomics;human;dia-acquisition	none_in_pride	no	Verify filename tokens resolve condition and replicate before annotating
PXD075039	include	Small label-free project with a public design or sample sheet	PRIDE https://www.ebi.ac.uk/pride/ws/archive/v3/projects/PXD075039; files/all n=42	Q1	6	Homo sapiens (human)	42	38	d.zip	DIA	LFQ	timsTOF Pro	yes	no	20230214_klaupman_schizophrenia-cells_DIA_sample-15_S1-D3_1_7848.d.zip;20230214_klaupman_schizophrenia-cells_DIA_sample-08_S1-C8_1_7841.d.zip;20230214_klaupman_schizophrenia-cells_DIA_sample-04_S1-C4_1_7837.d.zip	moderate	38	ms-proteomics;human;dia-acquisition	none_in_pride	no	
PXD075100	include	Small label-free project; mapping must come from acquisition filenames	PRIDE https://www.ebi.ac.uk/pride/ws/archive/v3/projects/PXD075100; files/all n=29	Q2	6	Bacteria	29	24	raw	DDA	LFQ	Orbitrap Exploris 240	no	no	muestrasProteomicayOTUSagostocopia.xlsx;checksum.txt	moderate	24	ms-proteomics	none_in_pride	no	Verify filename tokens resolve condition and replicate before annotating
PXD075247	include	Small label-free project; mapping must come from acquisition filenames	PRIDE https://www.ebi.ac.uk/pride/ws/archive/v3/projects/PXD075247; files/all n=20	Q2	6	Homo sapiens (human)	20	15	raw	DIA	LFQ	Orbitrap Fusion Lumos	no	no	report.tsv;report.pg_matrix.tsv;checksum.txt	moderate	15	ms-proteomics;human;dia-acquisition	none_in_pride	no	Verify filename tokens resolve condition and replicate before annotating
PXD075335	include	Small label-free project with a public design or sample sheet	PRIDE https://www.ebi.ac.uk/pride/ws/archive/v3/projects/PXD075335; files/all n=44	Q1	6	Saccharomyces cerevisiae (baker's yeast)	44	36	raw	DIA	LFQ	Thermo Fisher Scientific instrument model	yes	no	SampleAnnotationFile.xlsx	moderate	36	ms-proteomics;dia-acquisition	none_in_pride	no	
PXD075349	include	Small label-free project; mapping must come from acquisition filenames	PRIDE https://www.ebi.ac.uk/pride/ws/archive/v3/projects/PXD075349; files/all n=20	Q2	6	Homo sapiens (human)	20	16	raw	DIA	LFQ	Orbitrap Exploris 240	no	no	checksum.txt;report.pr_matrix.tsv;report.pg_matrix.tsv	moderate	16	ms-proteomics;human;dia-acquisition	none_in_pride	no	Verify filename tokens resolve condition and replicate before annotating
PXD075355	include	Small label-free project; mapping must come from acquisition filenames	PRIDE https://www.ebi.ac.uk/pride/ws/archive/v3/projects/PXD075355; files/all n=24	Q2	6	Pichia kluyveri;Pichia kudriavzevii	24	16	d.zip	DDA	LFQ	timsTOF Pro	no	no	checksum.txt;peptide.csv;DB_search_psm.csv	moderate	16	ms-proteomics	none_in_pride	no	Verify filename tokens resolve condition and replicate before annotating
PXD075372	include	Small label-free project with a public design or sample sheet	PRIDE https://www.ebi.ac.uk/pride/ws/archive/v3/projects/PXD075372; files/all n=37	Q1	6	Homo sapiens (human)	37	24	raw	unknown	LFQ	Q Exactive	yes	no	mqpar.xml	moderate	24	ms-proteomics;human	none_in_pride	no	
PXD075440	include	Small label-free project with a public design or sample sheet	PRIDE https://www.ebi.ac.uk/pride/ws/archive/v3/projects/PXD075440; files/all n=33	Q1	6	Mus musculus (mouse)	33	30	raw	DIA	LFQ	Orbitrap Astral	yes	no	SampleLabels.txt	moderate	30	ms-proteomics;vertebrates;dia-acquisition	none_in_pride	no	
PXD075517	include	Small label-free project; mapping must come from acquisition filenames	PRIDE https://www.ebi.ac.uk/pride/ws/archive/v3/projects/PXD075517; files/all n=24	Q2	6	Trypanosoma brucei	24	20	raw	DDA	LFQ	Orbitrap Fusion	no	no	checksum.txt	moderate	20	ms-proteomics	none_in_pride	no	Verify filename tokens resolve condition and replicate before annotating
PXD075554	include	Small label-free project; mapping must come from acquisition filenames	PRIDE https://www.ebi.ac.uk/pride/ws/archive/v3/projects/PXD075554; files/all n=28	Q2	6	Homo sapiens (human)	28	24	raw	DIA	LFQ	Orbitrap Fusion Lumos	no	no	checksum.txt	moderate	24	ms-proteomics;human;dia-acquisition;cell-lines	none_in_pride	no	Verify filename tokens resolve condition and replicate before annotating
PXD075809	include	Small label-free project; mapping must come from acquisition filenames	PRIDE https://www.ebi.ac.uk/pride/ws/archive/v3/projects/PXD075809; files/all n=6	Q2	6	Arabidopsis thaliana (mouse-ear cress)	6	2	raw	DDA	unknown	Q Exactive HF	no	no	checksum.txt	simple	2	ms-proteomics;plants	none_in_pride	no	Verify filename tokens resolve condition and replicate before annotating
PXD075873	include	Small label-free project; mapping must come from acquisition filenames	PRIDE https://www.ebi.ac.uk/pride/ws/archive/v3/projects/PXD075873; files/all n=23	Q2	6	Mycobacterium smegmatis (strain atcc 700084 / mc(2)155);Mycobacterium tuberculosis h37ra;Bacteria	23	17	d.zip	DIA	LFQ	timsTOF Pro 2	no	no	Msm_report.tsv;H37Ra_report.pg_matrix.tsv;checksum.txt	moderate	17	ms-proteomics;dia-acquisition	none_in_pride	no	Verify filename tokens resolve condition and replicate before annotating
PXD076043	include	Small label-free project; mapping must come from acquisition filenames	PRIDE https://www.ebi.ac.uk/pride/ws/archive/v3/projects/PXD076043; files/all n=18	Q2	6	Mus musculus (mouse)	18	16	raw	DIA	LFQ	Orbitrap Fusion Lumos	no	no	checksum.txt	moderate	16	ms-proteomics;vertebrates;dia-acquisition	none_in_pride	no	Verify filename tokens resolve condition and replicate before annotating
PXD076153	include	Small label-free project with a public design or sample sheet	PRIDE https://www.ebi.ac.uk/pride/ws/archive/v3/projects/PXD076153; files/all n=35	Q1	6	Homo sapiens (human)	35	32	d.zip	DIA	LFQ	timsTOF Pro 2	yes	no	experimental_design.xlsx	moderate	32	ms-proteomics;human;dia-acquisition	none_in_pride	no	
PXD076220	include	Small label-free project; mapping must come from acquisition filenames	PRIDE https://www.ebi.ac.uk/pride/ws/archive/v3/projects/PXD076220; files/all n=28	Q2	6	Bos taurus (bovine)	28	24	d.zip	DIA	LFQ	maXis	no	no	SerumExosomes_Report.tsv;checksum.txt;proteinquants_Report.xlsx	moderate	24	ms-proteomics;vertebrates;dia-acquisition	none_in_pride	no	Verify filename tokens resolve condition and replicate before annotating
PXD076495	include	Small label-free project; mapping must come from acquisition filenames	PRIDE https://www.ebi.ac.uk/pride/ws/archive/v3/projects/PXD076495; files/all n=22	Q2	6	Homo sapiens (human)	22	18	raw	DIA	LFQ	quadrupole orbitrap astral instrument	no	no	PAC_BLaER1_d9report.log.txt;checksum.txt;PAC_BLaER1_QRILC_imputed_data.tsv	moderate	18	ms-proteomics;human;dia-acquisition	none_in_pride	no	Verify filename tokens resolve condition and replicate before annotating
PXD076503	include	Small label-free project; mapping must come from acquisition filenames	PRIDE https://www.ebi.ac.uk/pride/ws/archive/v3/projects/PXD076503; files/all n=25	Q2	6	Homo sapiens (human)	25	18	raw	DIA	LFQ	Orbitrap Fusion Lumos	no	no	diann_report.pdf	moderate	18	ms-proteomics;human;dia-acquisition	none_in_pride	no	Verify filename tokens resolve condition and replicate before annotating
PXD076616	include	Small label-free project with a public design or sample sheet	PRIDE https://www.ebi.ac.uk/pride/ws/archive/v3/projects/PXD076616; files/all n=39	Q1	6	Mus musculus (mouse)	39	30	d.zip	DDA	LFQ	proteomics	yes	no	Rawfile_sample_assignment.txt	moderate	30	ms-proteomics;vertebrates	none_in_pride	no	
PXD076703	include	Small label-free project; mapping must come from acquisition filenames	PRIDE https://www.ebi.ac.uk/pride/ws/archive/v3/projects/PXD076703; files/all n=27	Q2	6	Homo sapiens (human)	27	21	d.zip	DIA	LFQ	timsTOF HT	no	no	ID24183_Spectronaut_Result.sne	moderate	21	ms-proteomics;human;dia-acquisition;cell-lines	none_in_pride	no	Verify filename tokens resolve condition and replicate before annotating
PXD077140	include	Small label-free project; mapping must come from acquisition filenames	PRIDE https://www.ebi.ac.uk/pride/ws/archive/v3/projects/PXD077140; files/all n=18	Q2	6	Homo sapiens (human)	18	16	raw	DIA	LFQ	quadrupole orbitrap astral instrument	no	no	checksum.txt	moderate	16	ms-proteomics;human;dia-acquisition	none_in_pride	no	Verify filename tokens resolve condition and replicate before annotating
PXD077344	include	Small label-free project with a public design or sample sheet	PRIDE https://www.ebi.ac.uk/pride/ws/archive/v3/projects/PXD077344; files/all n=47	Q1	6	Homo sapiens (human);Mus musculus (mouse)	47	41	raw	DIA	LFQ	orbitrap	yes	no	WilkinsHM_APOE_Brain_BrainMito_iNeurons_iAstrocytes_Metadata.xlsx	moderate	41	ms-proteomics;dia-acquisition	none_in_pride	no	
PXD077377	include	Small label-free project; mapping must come from acquisition filenames	PRIDE https://www.ebi.ac.uk/pride/ws/archive/v3/projects/PXD077377; files/all n=21	Q2	6	Saccharomyces cerevisiae (baker's yeast)	21	18	raw	DDA	LFQ	Q Exactive	no	no	checksum.txt;All_3_comparisons_re-PeptideList.xlsx	moderate	18	ms-proteomics	none_in_pride	no	Verify filename tokens resolve condition and replicate before annotating
PXD077398	include	Small label-free project with a public design or sample sheet	PRIDE https://www.ebi.ac.uk/pride/ws/archive/v3/projects/PXD077398; files/all n=48	Q1	6	Termitoidae	48	43	raw	DIA	LFQ	Orbitrap Fusion	yes	no	Sample_description.txt	moderate	43	ms-proteomics;dia-acquisition	none_in_pride	no	
PXD077402	include	Small label-free project with a public design or sample sheet	PRIDE https://www.ebi.ac.uk/pride/ws/archive/v3/projects/PXD077402; files/all n=50	Q1	6	Embiratermes neotenicus	50	45	raw	DIA	LFQ	Orbitrap Fusion	yes	no	SampleDescriptrion.txt	moderate	45	ms-proteomics;dia-acquisition	none_in_pride	no	
PXD077444	include	Small label-free project; mapping must come from acquisition filenames	PRIDE https://www.ebi.ac.uk/pride/ws/archive/v3/projects/PXD077444; files/all n=19	Q2	6	Mus musculus (mouse)	19	13	raw	DIA	LFQ	orbitrap	no	no	20241115_181439_P24-947_Harini_ms_db_Report.tsv;checksum.txt;Results_P24-947.xlsx	moderate	13	ms-proteomics;vertebrates;dia-acquisition;cell-lines	none_in_pride	no	Verify filename tokens resolve condition and replicate before annotating
PXD077604	include	Small label-free project; mapping must come from acquisition filenames	PRIDE https://www.ebi.ac.uk/pride/ws/archive/v3/projects/PXD077604; files/all n=16	Q2	6	Mus musculus (mouse)	16	14	d.zip	DIA	LFQ	timsTOF HT	no	no	checksum.txt	moderate	14	ms-proteomics;vertebrates;dia-acquisition	none_in_pride	no	Verify filename tokens resolve condition and replicate before annotating
PXD077655	include	Small label-free project; mapping must come from acquisition filenames	PRIDE https://www.ebi.ac.uk/pride/ws/archive/v3/projects/PXD077655; files/all n=25	Q2	6	Homo sapiens (human)	25	20	raw	DDA	LFQ	Orbitrap Fusion Lumos	no	no	checksum.txt	moderate	20	ms-proteomics;human	none_in_pride	no	Verify filename tokens resolve condition and replicate before annotating
PXD077854	include	Small label-free project; mapping must come from acquisition filenames	PRIDE https://www.ebi.ac.uk/pride/ws/archive/v3/projects/PXD077854; files/all n=49	Q2	6	Homo sapiens (human)	49	16	raw	DIA	LFQ	Orbitrap Astral	no	no	report_SUMO1_pulldown_input.manifest.txt;report_SUMO1_pulldown_input-first-pass.pr_matrix.tsv;report_SUMO2_pulldown_off_normalization.log.txt	moderate	16	ms-proteomics;human;dia-acquisition	none_in_pride	no	Verify filename tokens resolve condition and replicate before annotating
PXD078690	include	Small label-free project; mapping must come from acquisition filenames	PRIDE https://www.ebi.ac.uk/pride/ws/archive/v3/projects/PXD078690; files/all n=17	Q2	6	Homo sapiens (human)	17	14	raw	DIA	LFQ	Orbitrap Exploris 480	no	no	Meta_data.xlsx;checksum.txt;Exp_004a_LiP_MS_for_PRIDE.xlsx	moderate	14	ms-proteomics;human;dia-acquisition	none_in_pride	no	Verify filename tokens resolve condition and replicate before annotating
PXD079016	include	Small label-free project with a public design or sample sheet	PRIDE https://www.ebi.ac.uk/pride/ws/archive/v3/projects/PXD079016; files/all n=39	Q1	6	Homo sapiens (human)	39	36	raw	DIA	LFQ	Orbitrap Exploris 480	yes	no	samplelist.csv	moderate	36	ms-proteomics;human;dia-acquisition	none_in_pride	no	
PXD079489	include	Small label-free project; mapping must come from acquisition filenames	PRIDE https://www.ebi.ac.uk/pride/ws/archive/v3/projects/PXD079489; files/all n=21	Q2	6	Streptococcus pyogenes mgas315	21	18	d.zip	DIA	LFQ	Bruker Daltonics timsTOF series	no	no	accessions_for_uniprot.csv;Strain_lfq_table.xlsx;checksum.txt	moderate	18	ms-proteomics;dia-acquisition	none_in_pride	no	Verify filename tokens resolve condition and replicate before annotating
PXD079623	include	Small label-free project; mapping must come from acquisition filenames	PRIDE https://www.ebi.ac.uk/pride/ws/archive/v3/projects/PXD079623; files/all n=17	Q2	6	Mus musculus (mouse)	17	13	raw	DIA	LFQ	Orbitrap Astral	no	no	20260223_134747_DF_DC_ex_vivo_spectronaut19.sne;20260223_134747_DF_DC_ex_vivo_spectronaut19_Report.csv;20260223_134747_DF_DC_ex_vivo_spectronaut19_Report.setup.txt	moderate	13	ms-proteomics;vertebrates;dia-acquisition	none_in_pride	no	Verify filename tokens resolve condition and replicate before annotating
PXD079702	include	Small label-free project; mapping must come from acquisition filenames	PRIDE https://www.ebi.ac.uk/pride/ws/archive/v3/projects/PXD079702; files/all n=23	Q2	6	Caenorhabditis elegans	23	18	raw	DIA	LFQ	Orbitrap Eclipse	no	no	checksum.txt;P031_Report.tsv;P031_Report.log.txt	moderate	18	ms-proteomics;invertebrates;dia-acquisition	none_in_pride	no	Verify filename tokens resolve condition and replicate before annotating
PXD080370	include	Small label-free project; mapping must come from acquisition filenames	PRIDE https://www.ebi.ac.uk/pride/ws/archive/v3/projects/PXD080370; files/all n=25	Q2	6	Homo sapiens (human)	25	17	raw	DIA	LFQ	Orbitrap Eclipse	no	no	DIA-NN_report_WP_HEMK1.pdf;DIA-NN_report_MEP_HEMK1.pdf	moderate	17	ms-proteomics;human;dia-acquisition	none_in_pride	no	Verify filename tokens resolve condition and replicate before annotating
PXD080813	include	Small label-free project with a public design or sample sheet	PRIDE https://www.ebi.ac.uk/pride/ws/archive/v3/projects/PXD080813; files/all n=121	Q1	6	Trypanosoma cruzi dm28c	121	30	raw	DDA	LFQ	Q Exactive HF	yes	no	experiment_annotation.tsv	moderate	30	ms-proteomics	none_in_pride	no	
PXD081058	include	Small label-free project; mapping must come from acquisition filenames	PRIDE https://www.ebi.ac.uk/pride/ws/archive/v3/projects/PXD081058; files/all n=20	Q2	6	Homo sapiens (human)	20	18	raw	DDA	LFQ	Orbitrap Exploris 480	no	no	checksum.txt;Proteome_Discoverer_output.tsv.xlsx	moderate	18	ms-proteomics;human	none_in_pride	no	Verify filename tokens resolve condition and replicate before annotating
PXD000590	include	Small label-free project; mapping must come from acquisition filenames	PRIDE https://www.ebi.ac.uk/pride/ws/archive/v3/projects/PXD000590; files/all n=38	Q2	5	Mus musculus (mouse)	38	36	raw.zip	DIA	LFQ	Synapt MS	no	no	Distler_et_al_protein_report_fractions.xlsx;Distler_et_al_peptide_report_fractions.xlsx	moderate	36	ms-proteomics;vertebrates;dia-acquisition	none_in_pride	no	Verify filename tokens resolve condition and replicate before annotating
PXD025431	include	Small label-free project; mapping must come from acquisition filenames	PRIDE https://www.ebi.ac.uk/pride/ws/archive/v3/projects/PXD025431; files/all n=35	Q2	5	Homo sapiens (human)	35	33	raw	DIA	LFQ	Q Exactive HF	no	no	checksum.txt	moderate	33	ms-proteomics;human;dia-acquisition	none_in_pride	no	Verify filename tokens resolve condition and replicate before annotating
PXD029625	include	Small label-free project; mapping must come from acquisition filenames	PRIDE https://www.ebi.ac.uk/pride/ws/archive/v3/projects/PXD029625; files/all n=50	Q2	5	Mus musculus (mouse)	50	44	raw	DIA	LFQ	Q Exactive HF	no	no	DIANN_results_Lung.zip;DIANN_results_BALF.zip	moderate	44	ms-proteomics;vertebrates;dia-acquisition	none_in_pride	no	Verify filename tokens resolve condition and replicate before annotating
PXD031413	include	Small label-free project; mapping must come from acquisition filenames	PRIDE https://www.ebi.ac.uk/pride/ws/archive/v3/projects/PXD031413; files/all n=77	Q2	5	Mus musculus (mouse)	77	35	raw	DIA	LFQ	Orbitrap Fusion	no	no	Supplementary_Table_X_Scientific_Reports_final.xlsx;checksum.txt	moderate	35	ms-proteomics;vertebrates;dia-acquisition	none_in_pride	no	Verify filename tokens resolve condition and replicate before annotating
PXD036596	include	Small label-free project; mapping must come from acquisition filenames	PRIDE https://www.ebi.ac.uk/pride/ws/archive/v3/projects/PXD036596; files/all n=19	Q2	5	Rattus rattus (black rat)	19	18	d.zip	DIA	LFQ	timsTOF Pro	no	no		moderate	18	ms-proteomics;dia-acquisition	none_in_pride	no	Verify filename tokens resolve condition and replicate before annotating
PXD038367	include	Submitter deposited an SDRF in PRIDE; import, validate, and improve	PRIDE https://www.ebi.ac.uk/pride/ws/archive/v3/projects/PXD038367; files/all n=131	Q0	5	Saccharomyces cerevisiae (strain atcc 204508 / s288c) (baker's yeast)	131	128	raw	DIA	LFQ	Q Exactive HF-X	yes	yes	HFX_SPD.sdrf.tsv	hard	128	ms-proteomics;dia-acquisition	none_in_pride	no	deposited: HFX_SPD.sdrf.tsv
PXD040933	include	Small label-free project; mapping must come from acquisition filenames	PRIDE https://www.ebi.ac.uk/pride/ws/archive/v3/projects/PXD040933; files/all n=52	Q2	5	Mus musculus (mouse)	52	48	raw	DIA	LFQ	Orbitrap Exploris 480	no	no	checksum.txt;20220726_2021-43_2022-14_Sara_MS1Quant_Qclassic_LocalNorm_NoImp.xls	moderate	48	ms-proteomics;vertebrates;dia-acquisition	none_in_pride	no	Verify filename tokens resolve condition and replicate before annotating
PXD044665	include	Small label-free project; mapping must come from acquisition filenames	PRIDE https://www.ebi.ac.uk/pride/ws/archive/v3/projects/PXD044665; files/all n=22	Q2	5	Neisseria gonorrhoeae ms11	22	21	raw	DIA	LFQ	Orbitrap Fusion Lumos	no	no		moderate	21	ms-proteomics;dia-acquisition	none_in_pride	no	Verify filename tokens resolve condition and replicate before annotating
PXD046108	include	Small label-free project; mapping must come from acquisition filenames	PRIDE https://www.ebi.ac.uk/pride/ws/archive/v3/projects/PXD046108; files/all n=86	Q2	5	Homo sapiens (human)	86	35	wiff	DIA	LFQ	TripleTOF 6600	no	no	neutrophils_DDA3__FDR.xlsx;TH2_DDA3__FDR.xlsx;eosinophils_DDA2__FDR.xlsx	moderate	35	ms-proteomics;human;dia-acquisition	none_in_pride	no	Verify filename tokens resolve condition and replicate before annotating
PXD046533	include	Small label-free project; mapping must come from acquisition filenames	PRIDE https://www.ebi.ac.uk/pride/ws/archive/v3/projects/PXD046533; files/all n=86	Q2	5	Homo sapiens (human);Mus musculus (mouse)	86	42	wiff	DIA	LFQ	TripleTOF 5600	no	no	checksum.txt;Result.xlsx	moderate	42	ms-proteomics;dia-acquisition	none_in_pride	no	Verify filename tokens resolve condition and replicate before annotating
PXD046676	include	Small label-free project; mapping must come from acquisition filenames	PRIDE https://www.ebi.ac.uk/pride/ws/archive/v3/projects/PXD046676; files/all n=32	Q2	5	Homo sapiens (human)	32	30	raw	DIA	LFQ	LTQ Orbitrap	no	no	total_identification_info.txt;checksum.txt	moderate	30	ms-proteomics;human;dia-acquisition	none_in_pride	no	Verify filename tokens resolve condition and replicate before annotating
PXD046908	include	Small label-free project; mapping must come from acquisition filenames	PRIDE https://www.ebi.ac.uk/pride/ws/archive/v3/projects/PXD046908; files/all n=58	Q2	5	Homo sapiens (human)	58	28	wiff	DIA	LFQ	TripleTOF 6600	no	no	checksum.txt;formattedmatrix.csv	moderate	28	ms-proteomics;human;dia-acquisition	none_in_pride	no	Verify filename tokens resolve condition and replicate before annotating
PXD046938	include	Small label-free project; mapping must come from acquisition filenames	PRIDE https://www.ebi.ac.uk/pride/ws/archive/v3/projects/PXD046938; files/all n=17	Q2	5	Staphylococcus aureus	17	16	raw	DIA	LFQ	Q Exactive Plus	no	no		moderate	16	ms-proteomics;dia-acquisition	none_in_pride	no	Verify filename tokens resolve condition and replicate before annotating
PXD047282	include	Small label-free project; mapping must come from acquisition filenames	PRIDE https://www.ebi.ac.uk/pride/ws/archive/v3/projects/PXD047282; files/all n=43	Q2	5	Homo sapiens (human)	43	42	raw	DIA	LFQ	Orbitrap Fusion Lumos	no	no	report.pg_matrix.tsv	moderate	42	ms-proteomics;human;dia-acquisition	none_in_pride	no	Verify filename tokens resolve condition and replicate before annotating
PXD047537	include	Small label-free project; mapping must come from acquisition filenames	PRIDE https://www.ebi.ac.uk/pride/ws/archive/v3/projects/PXD047537; files/all n=39	Q2	5	Pseudomonas putida kt2440	39	32	raw	DIA	LFQ	Orbitrap Exploris 480	no	no	220719_main_search.log.txt;220719_main_search.tsv;5815_Mass_List_Table_PRM02.csv	moderate	32	ms-proteomics;dia-acquisition	none_in_pride	no	Verify filename tokens resolve condition and replicate before annotating
PXD048002	include	Small label-free project; mapping must come from acquisition filenames	PRIDE https://www.ebi.ac.uk/pride/ws/archive/v3/projects/PXD048002; files/all n=97	Q2	5	Homo sapiens (human)	97	48	wiff	DIA	LFQ	TripleTOF 6600	no	no	SWATH_library__FDR.xlsx	moderate	48	ms-proteomics;human;dia-acquisition	none_in_pride	no	Verify filename tokens resolve condition and replicate before annotating
PXD048506	include	Small label-free project; mapping must come from acquisition filenames	PRIDE https://www.ebi.ac.uk/pride/ws/archive/v3/projects/PXD048506; files/all n=73	Q2	5	Rattus norvegicus (rat)	73	36	wiff	DIA	LFQ	TripleTOF 6600	no	no	Phopho_library__FDR.xlsx	moderate	36	ms-proteomics;vertebrates;dia-acquisition	none_in_pride	no	Verify filename tokens resolve condition and replicate before annotating
PXD048564	include	Small label-free project; mapping must come from acquisition filenames	PRIDE https://www.ebi.ac.uk/pride/ws/archive/v3/projects/PXD048564; files/all n=95	Q2	5	Rattus norvegicus (rat)	95	29	wiff	DIA	LFQ	TripleTOF 6600	no	no	SNx_Urine_SWATH_DIANN_search_and_quantitation_results.zip;SNx_Kidney_SWATH_DIANN_search_and_quantitation_results.zip;SNx_Plasma_SWATH_DIANN_search_and_quantitation_results.zip	moderate	29	ms-proteomics;vertebrates;dia-acquisition	none_in_pride	no	Verify filename tokens resolve condition and replicate before annotating
PXD048687	include	Small label-free project; mapping must come from acquisition filenames	PRIDE https://www.ebi.ac.uk/pride/ws/archive/v3/projects/PXD048687; files/all n=33	Q2	5	Mus musculus (mouse)	33	32	raw	DIA	LFQ	Orbitrap Exploris 240	no	no	report.pg_matrix.tsv	moderate	32	ms-proteomics;vertebrates;dia-acquisition	none_in_pride	no	Verify filename tokens resolve condition and replicate before annotating
PXD048814	include	Small label-free project; mapping must come from acquisition filenames	PRIDE https://www.ebi.ac.uk/pride/ws/archive/v3/projects/PXD048814; files/all n=42	Q2	5	Mus musculus (mouse)	42	20	wiff	DIA	LFQ	TripleTOF 5600	no	no		moderate	20	ms-proteomics;vertebrates;dia-acquisition	none_in_pride	no	Verify filename tokens resolve condition and replicate before annotating
PXD049062	include	Submitter deposited an SDRF in PRIDE; import, validate, and improve	PRIDE https://www.ebi.ac.uk/pride/ws/archive/v3/projects/PXD049062; files/all n=1658	Q0	5	Rattus norvegicus (rat)	1658	159	raw	DIA	LFQ	Q Exactive HF	yes	yes	Depar_sdrf.tsv;5ExtractProt_sdrf.tsv	hard	159	ms-proteomics;vertebrates;dia-acquisition	none_in_pride	no	deposited: Depar_sdrf.tsv;5ExtractProt_sdrf.tsv
PXD049090	include	Small label-free project; mapping must come from acquisition filenames	PRIDE https://www.ebi.ac.uk/pride/ws/archive/v3/projects/PXD049090; files/all n=41	Q2	5	Homo sapiens (human)	41	30	raw	DIA	LFQ	Q Exactive	no	no	HX-MS-summary_full_kinetics_hCGN2.xlsx;2023-09-20-hGCN2-DIA-bin-file-375-911mz.csv;checksum.txt	moderate	30	ms-proteomics;human;dia-acquisition	none_in_pride	no	Verify filename tokens resolve condition and replicate before annotating
PXD049421	include	Small label-free project; mapping must come from acquisition filenames	PRIDE https://www.ebi.ac.uk/pride/ws/archive/v3/projects/PXD049421; files/all n=69	Q2	5	Mus musculus (mouse)	69	33	wiff	DIA	LFQ	TripleTOF 6600	no	no	checksum.txt	moderate	33	ms-proteomics;vertebrates;dia-acquisition	none_in_pride	no	Verify filename tokens resolve condition and replicate before annotating
PXD049689	include	Small label-free project; mapping must come from acquisition filenames	PRIDE https://www.ebi.ac.uk/pride/ws/archive/v3/projects/PXD049689; files/all n=35	Q2	5	Homo sapiens (human)	35	30	raw	DIA	LFQ	Orbitrap Fusion Lumos	no	no	Mass_list_table.txt	moderate	30	ms-proteomics;human;dia-acquisition	none_in_pride	no	Verify filename tokens resolve condition and replicate before annotating
PXD050202	include	Submitter deposited an SDRF in PRIDE; import, validate, and improve	PRIDE https://www.ebi.ac.uk/pride/ws/archive/v3/projects/PXD050202; files/all n=183	Q0	5	Homo sapiens (human)	183	87	wiff	DIA	LFQ	ZenoTOF 7600	yes	yes	SDRF.txt	hard	87	ms-proteomics;human;dia-acquisition	none_in_pride	no	deposited: SDRF.txt
PXD050755	include	Small label-free project; mapping must come from acquisition filenames	PRIDE https://www.ebi.ac.uk/pride/ws/archive/v3/projects/PXD050755; files/all n=55	Q2	5	Homo sapiens (human)	55	18	wiff	DIA	LFQ	TripleTOF 5600	no	no		moderate	18	ms-proteomics;human;dia-acquisition	none_in_pride	no	Verify filename tokens resolve condition and replicate before annotating
PXD050798	include	Small label-free project; mapping must come from acquisition filenames	PRIDE https://www.ebi.ac.uk/pride/ws/archive/v3/projects/PXD050798; files/all n=86	Q2	5	Capra hircus (goat)	86	42	wiff	DIA	LFQ	TripleTOF 5600	no	no	checksum.txt	moderate	42	ms-proteomics;dia-acquisition	none_in_pride	no	Verify filename tokens resolve condition and replicate before annotating
PXD051011	include	Small label-free project; mapping must come from acquisition filenames	PRIDE https://www.ebi.ac.uk/pride/ws/archive/v3/projects/PXD051011; files/all n=83	Q2	5	Homo sapiens (human)	83	40	wiff	DIA	LFQ	TripleTOF 6600	no	no	checksum.txt	moderate	40	ms-proteomics;human;dia-acquisition	none_in_pride	no	Verify filename tokens resolve condition and replicate before annotating
PXD051097	include	Small label-free project; mapping must come from acquisition filenames	PRIDE https://www.ebi.ac.uk/pride/ws/archive/v3/projects/PXD051097; files/all n=39	Q2	5	Homo sapiens (human)	39	37	raw	DIA	LFQ	Q Exactive HF	no	no	checksum.txt	moderate	37	ms-proteomics;human;dia-acquisition	none_in_pride	no	Verify filename tokens resolve condition and replicate before annotating
PXD051606	include	Small label-free project; mapping must come from acquisition filenames	PRIDE https://www.ebi.ac.uk/pride/ws/archive/v3/projects/PXD051606; files/all n=46	Q2	5	Mus musculus (mouse)	46	43	raw	DIA	LFQ	Q Exactive HF-X;Orbitrap Exploris 480	no	no	Whole_adipose_mitopep_KO_.pg_matrix.tsv;Mitopep_pg_soleus.tsv;Mitopep_plasma.pg_matrix.tsv	moderate	43	ms-proteomics;vertebrates;dia-acquisition	none_in_pride	no	Verify filename tokens resolve condition and replicate before annotating
PXD053051	include	Small label-free project; mapping must come from acquisition filenames	PRIDE https://www.ebi.ac.uk/pride/ws/archive/v3/projects/PXD053051; files/all n=43	Q2	5	Mus musculus (mouse)	43	40	d.zip	DIA	LFQ	timsTOF Pro 2	no	no	20240125_003024_2023_96_J_Wegener_CM_dDIA_Report.tsv;2023_96_J_Wegener_CM_dDIA_ConditionSetup.tsv	moderate	40	ms-proteomics;vertebrates;dia-acquisition	none_in_pride	no	Verify filename tokens resolve condition and replicate before annotating
PXD053397	include	Small label-free project; mapping must come from acquisition filenames	PRIDE https://www.ebi.ac.uk/pride/ws/archive/v3/projects/PXD053397; files/all n=139	Q2	5	Homo sapiens (human)	139	25	wiff	DIA	LFQ	ZenoTOF 7600	no	no	report.unique_genes_matrix.tsv;report.gg_matrix.tsv;report.stats.tsv	moderate	25	ms-proteomics;human;dia-acquisition	none_in_pride	no	Verify filename tokens resolve condition and replicate before annotating
PXD053930	include	Submitter deposited an SDRF in PRIDE; import, validate, and improve	PRIDE https://www.ebi.ac.uk/pride/ws/archive/v3/projects/PXD053930; files/all n=244	Q0	5	Saccharomyces cerevisiae (baker's yeast)	244	60	wiff	DIA	LFQ	4800 Proteomics Analyzer	yes	yes	sdrf-default.txt	hard	60	ms-proteomics;dia-acquisition	none_in_pride	no	deposited: sdrf-default.txt
PXD054777	include	Small label-free project; mapping must come from acquisition filenames	PRIDE https://www.ebi.ac.uk/pride/ws/archive/v3/projects/PXD054777; files/all n=91	Q2	5	Homo sapiens (human)	91	45	wiff	DIA	LFQ	TripleTOF 6600	no	no	SWATH_Library.txt	moderate	45	ms-proteomics;human;dia-acquisition	none_in_pride	no	Verify filename tokens resolve condition and replicate before annotating
PXD055059	include	Small label-free project; mapping must come from acquisition filenames	PRIDE https://www.ebi.ac.uk/pride/ws/archive/v3/projects/PXD055059; files/all n=74	Q2	5	Vibrio cholerae o1 str. haiti	74	36	wiff	DIA	LFQ	TripleTOF 5600	no	no	checksum.txt	moderate	36	ms-proteomics;dia-acquisition	none_in_pride	no	Verify filename tokens resolve condition and replicate before annotating
PXD055275	include	Small label-free project; mapping must come from acquisition filenames	PRIDE https://www.ebi.ac.uk/pride/ws/archive/v3/projects/PXD055275; files/all n=98	Q2	5	Homo sapiens (human)	98	36	d.zip;raw;wiff	DIA	LFQ	Orbitrap Fusion Lumos	no	no	TIMsTOF_report.tsv;ZenoTOF_report.tsv;Orbit_HCEC.tsv	moderate	36	ms-proteomics;human;dia-acquisition	none_in_pride	no	Verify filename tokens resolve condition and replicate before annotating
PXD055472	include	Submitter deposited an SDRF in PRIDE; import, validate, and improve	PRIDE https://www.ebi.ac.uk/pride/ws/archive/v3/projects/PXD055472; files/all n=584	Q0	5	Homo sapiens (human)	584	581	d.zip	DIA	LFQ	timsTOF Pro 2	yes	yes	20240830_SDRF_Saliva_final.sdrf	hard	581	ms-proteomics;human;dia-acquisition	none_in_pride	no	deposited: 20240830_SDRF_Saliva_final.sdrf
PXD055890	include	Small label-free project; mapping must come from acquisition filenames	PRIDE https://www.ebi.ac.uk/pride/ws/archive/v3/projects/PXD055890; files/all n=34	Q2	5	Bos taurus (bovine)	34	32	d.zip	DIA	LFQ	timsTOF Pro	no	no	checksum.txt	moderate	32	ms-proteomics;vertebrates;dia-acquisition	none_in_pride	no	Verify filename tokens resolve condition and replicate before annotating
PXD055912	include	Small label-free project; mapping must come from acquisition filenames	PRIDE https://www.ebi.ac.uk/pride/ws/archive/v3/projects/PXD055912; files/all n=54	Q2	5	Homo sapiens (human)	54	48	d.zip	DIA	LFQ	timsTOF Pro	no	no	output.tsv;5880_diaParameters.txt;files_description.txt	moderate	48	ms-proteomics;human;dia-acquisition	none_in_pride	no	Verify filename tokens resolve condition and replicate before annotating
PXD055980	include	Small label-free project; mapping must come from acquisition filenames	PRIDE https://www.ebi.ac.uk/pride/ws/archive/v3/projects/PXD055980; files/all n=43	Q2	5	Homo sapiens (human)	43	37	d.zip	DIA	LFQ	timsTOF Pro 2	no	no	5295_diaParameters.txt;output.tsv;files_description.txt	moderate	37	ms-proteomics;human;dia-acquisition	none_in_pride	no	Verify filename tokens resolve condition and replicate before annotating
PXD056097	include	Small label-free project; mapping must come from acquisition filenames	PRIDE https://www.ebi.ac.uk/pride/ws/archive/v3/projects/PXD056097; files/all n=41	Q2	5	Gallus gallus (chicken)	41	20	wiff	DIA	LFQ	TripleTOF 6600	no	no		moderate	20	ms-proteomics;vertebrates;dia-acquisition	none_in_pride	no	Verify filename tokens resolve condition and replicate before annotating
PXD056184	include	Small label-free project; mapping must come from acquisition filenames	PRIDE https://www.ebi.ac.uk/pride/ws/archive/v3/projects/PXD056184; files/all n=41	Q2	5	Gallus gallus (chicken)	41	20	wiff	DIA	LFQ	TripleTOF 6600	no	no		moderate	20	ms-proteomics;vertebrates;dia-acquisition	none_in_pride	no	Verify filename tokens resolve condition and replicate before annotating
PXD056472	include	Small label-free project; mapping must come from acquisition filenames	PRIDE https://www.ebi.ac.uk/pride/ws/archive/v3/projects/PXD056472; files/all n=62	Q2	5	Spodoptera littoralis;Spodoptera exigua	62	28	wiff	DIA	LFQ	TripleTOF 6600	no	no	SpodopteraExigua-SpectralLibrary-SEARCH.xlsx;ProteinQuantitationSpodopteraExigua.xlsx;SpodopteraLittoralis-SpectralLibrary-SEARCH.xlsx	moderate	28	ms-proteomics;dia-acquisition	none_in_pride	no	Verify filename tokens resolve condition and replicate before annotating
PXD056515	include	Small label-free project; mapping must come from acquisition filenames	PRIDE https://www.ebi.ac.uk/pride/ws/archive/v3/projects/PXD056515; files/all n=28	Q2	5	Homo sapiens (human)	28	25	d.7z	DIA	LFQ	timsTOF HT	no	no	report.log.txt;checksum.txt	moderate	25	ms-proteomics;human;dia-acquisition	none_in_pride	no	Verify filename tokens resolve condition and replicate before annotating
PXD057116	include	Small label-free project; mapping must come from acquisition filenames	PRIDE https://www.ebi.ac.uk/pride/ws/archive/v3/projects/PXD057116; files/all n=122	Q2	5	Homo sapiens (human)	122	32	wiff	DIA	LFQ	TripleTOF 5600	no	no	checksum.txt	moderate	32	ms-proteomics;human;dia-acquisition	none_in_pride	no	Verify filename tokens resolve condition and replicate before annotating
PXD057129	include	Small label-free project; mapping must come from acquisition filenames	PRIDE https://www.ebi.ac.uk/pride/ws/archive/v3/projects/PXD057129; files/all n=33	Q2	5	Homo sapiens (human)	33	30	d.7z	DIA	LFQ	timsTOF Pro	no	no	checksum.txt;report.log.txt	moderate	30	ms-proteomics;human;dia-acquisition	none_in_pride	no	Verify filename tokens resolve condition and replicate before annotating
PXD057784	include	Small label-free project; mapping must come from acquisition filenames	PRIDE https://www.ebi.ac.uk/pride/ws/archive/v3/projects/PXD057784; files/all n=19	Q2	5	Mus musculus (mouse)	19	18	d.zip	DIA	LFQ	timsTOF Pro	no	no		moderate	18	ms-proteomics;vertebrates;dia-acquisition	none_in_pride	no	Verify filename tokens resolve condition and replicate before annotating
PXD057946	include	Submitter deposited an SDRF in PRIDE; import, validate, and improve	PRIDE https://www.ebi.ac.uk/pride/ws/archive/v3/projects/PXD057946; files/all n=186	Q0	5	Homo sapiens (human)	186	184	d.zip	DIA	LFQ	timsTOF HT	yes	yes	SDRF.csv	hard	184	ms-proteomics;human;dia-acquisition	none_in_pride	no	deposited: SDRF.csv
PXD057999	include	Small label-free project; mapping must come from acquisition filenames	PRIDE https://www.ebi.ac.uk/pride/ws/archive/v3/projects/PXD057999; files/all n=40	Q2	5	Homo sapiens (human)	40	37	d.7z	DIA	LFQ	timsTOF Pro	no	no	report.log.txt;checksum.txt	moderate	37	ms-proteomics;human;dia-acquisition	none_in_pride	no	Verify filename tokens resolve condition and replicate before annotating
PXD058482	include	Small label-free project; mapping must come from acquisition filenames	PRIDE https://www.ebi.ac.uk/pride/ws/archive/v3/projects/PXD058482; files/all n=37	Q2	5	Mus musculus (mouse)	37	35	d.zip	DIA	LFQ	timsTOF Pro	no	no	checksum.txt	moderate	35	ms-proteomics;vertebrates;dia-acquisition	none_in_pride	no	Verify filename tokens resolve condition and replicate before annotating
PXD058939	include	Small label-free project; mapping must come from acquisition filenames	PRIDE https://www.ebi.ac.uk/pride/ws/archive/v3/projects/PXD058939; files/all n=30	Q2	5	Sorghum bicolor	30	29	d.zip	DIA	LFQ	timsTOF Pro 2	no	no	P242_R916_report.tsv	moderate	29	ms-proteomics;dia-acquisition	none_in_pride	no	Verify filename tokens resolve condition and replicate before annotating
PXD058952	include	Small label-free project; mapping must come from acquisition filenames	PRIDE https://www.ebi.ac.uk/pride/ws/archive/v3/projects/PXD058952; files/all n=45	Q2	5	Homo sapiens (human)	45	41	raw	DIA	LFQ	Orbitrap Fusion	no	no	Search_results_CP-VZ.xlsx;NESc_Differentiation_Library.tsv;Search_results_NESc_Differentiation.xlsx	moderate	41	ms-proteomics;human;dia-acquisition	none_in_pride	no	Verify filename tokens resolve condition and replicate before annotating
PXD060267	include	Submitter deposited an SDRF in PRIDE; import, validate, and improve	PRIDE https://www.ebi.ac.uk/pride/ws/archive/v3/projects/PXD060267; files/all n=74	Q0	5	Mus musculus (mouse)	74	71	d.zip	DIA	LFQ	timsTOF Pro 2	yes	yes	2023_50_Y_Zuehlke_SDRF.tsv	hard	71	ms-proteomics;vertebrates;dia-acquisition	none_in_pride	no	deposited: 2023_50_Y_Zuehlke_SDRF.tsv
PXD060301	include	Small label-free project; mapping must come from acquisition filenames	PRIDE https://www.ebi.ac.uk/pride/ws/archive/v3/projects/PXD060301; files/all n=37	Q2	5	Homo sapiens (human)	37	36	d.zip	DIA	LFQ	timsTOF Pro 2	no	no	207_extracted_pr_matrix.xlsx	moderate	36	ms-proteomics;human;dia-acquisition	none_in_pride	no	Verify filename tokens resolve condition and replicate before annotating
PXD060355	include	Small label-free project; mapping must come from acquisition filenames	PRIDE https://www.ebi.ac.uk/pride/ws/archive/v3/projects/PXD060355; files/all n=45	Q2	5	Homo sapiens (human)	45	42	d.zip	DIA	LFQ	timsTOF Pro 2	no	no	19_DIANN_normalized.pr_matrix.tsv	moderate	42	ms-proteomics;human;dia-acquisition	none_in_pride	no	Verify filename tokens resolve condition and replicate before annotating
PXD060415	include	Small label-free project; mapping must come from acquisition filenames	PRIDE https://www.ebi.ac.uk/pride/ws/archive/v3/projects/PXD060415; files/all n=49	Q2	5	Mus musculus (mouse)	49	48	d.zip	DIA	LFQ	timsTOF Pro	no	no	DIANN_libfree_P4156.zip	moderate	48	ms-proteomics;vertebrates;dia-acquisition	none_in_pride	no	Verify filename tokens resolve condition and replicate before annotating
PXD060584	include	Submitter deposited an SDRF in PRIDE; import, validate, and improve	PRIDE https://www.ebi.ac.uk/pride/ws/archive/v3/projects/PXD060584; files/all n=57	Q0	5	Equus caballus (horse)	57	51	d.zip	DIA	LFQ	timsTOF SCP	yes	yes	SDRF_CAPA-IVM.sdrf.tsv	hard	51	ms-proteomics;dia-acquisition	none_in_pride	no	deposited: SDRF_CAPA-IVM.sdrf.tsv
PXD061221	include	Small label-free project; mapping must come from acquisition filenames	PRIDE https://www.ebi.ac.uk/pride/ws/archive/v3/projects/PXD061221; files/all n=409	Q2	5	Mus musculus (mouse)	409	47	d.zip	DIA	LFQ	timsTOF	no	no	20230324_TIMS5_PRIEVO2_PRI_X722_P100_R648_21min_DDA_proteinGroups_BNPAGE.txt	moderate	47	ms-proteomics;vertebrates;dia-acquisition	none_in_pride	no	Verify filename tokens resolve condition and replicate before annotating
PXD061541	include	Small label-free project; mapping must come from acquisition filenames	PRIDE https://www.ebi.ac.uk/pride/ws/archive/v3/projects/PXD061541; files/all n=43	Q2	5	Homo sapiens (human)	43	33	d.zip	DIA	LFQ	timsTOF Pro 2	no	no	report_v192_dataset1.pg_matrix_norm_RTnormPep_Sumpep.tsv;report_v192_dataset1.pg_matrix_norm_MaxLFQ.tsv;report_v192_dataset1.pg_matrix_norm_Sumpep_normbytotal.tsv	moderate	33	ms-proteomics;human;dia-acquisition	none_in_pride	no	Verify filename tokens resolve condition and replicate before annotating
PXD062078	include	Small label-free project; mapping must come from acquisition filenames	PRIDE https://www.ebi.ac.uk/pride/ws/archive/v3/projects/PXD062078; files/all n=41	Q2	5	Dictyostelium discoideum (slime mold);Homo sapiens (human)	41	36	d.7z	DIA	LFQ	timsTOF Pro	no	no	checksum.txt	moderate	36	ms-proteomics;dia-acquisition	none_in_pride	no	Verify filename tokens resolve condition and replicate before annotating
PXD062366	include	Small label-free project; mapping must come from acquisition filenames	PRIDE https://www.ebi.ac.uk/pride/ws/archive/v3/projects/PXD062366; files/all n=49	Q2	5	Homo sapiens (human)	49	47	d.zip	DIA	LFQ	timsTOF Pro	no	no	checksum.txt;Proteins_Report.csv	moderate	47	ms-proteomics;human;dia-acquisition	none_in_pride	no	Verify filename tokens resolve condition and replicate before annotating
PXD062722	include	Small label-free project; mapping must come from acquisition filenames	PRIDE https://www.ebi.ac.uk/pride/ws/archive/v3/projects/PXD062722; files/all n=89	Q2	5	Homo sapiens (human)	89	44	wiff	DIA	LFQ	timsTOF Pro 2	no	no	DIANN_SDtempcort_output.zip	moderate	44	ms-proteomics;human;dia-acquisition	none_in_pride	no	Verify filename tokens resolve condition and replicate before annotating
PXD063370	include	Submitter deposited an SDRF in PRIDE; import, validate, and improve	PRIDE https://www.ebi.ac.uk/pride/ws/archive/v3/projects/PXD063370; files/all n=4167	Q0	5	Homo sapiens (human)	4167	2200	d.zip;raw	DIA	LFQ	Q Exactive HF;timsTOF Pro	yes	yes	sdrf_validated.txt	hard	2200	ms-proteomics;human;dia-acquisition	none_in_pride	no	deposited: sdrf_validated.txt
PXD064013	include	Small label-free project; mapping must come from acquisition filenames	PRIDE https://www.ebi.ac.uk/pride/ws/archive/v3/projects/PXD064013; files/all n=98	Q2	5	Gallus gallus (chicken)	98	31	wiff	DIA	LFQ	ZenoTOF 7600	no	no	221209__CsabaMatta2_Surface_16_DIANN_GallusGallus-lib.tsv;221209_CsabaMatta2_Surface_16_DIANN_report.pg_matrix.tsv	moderate	31	ms-proteomics;vertebrates;dia-acquisition	none_in_pride	no	Verify filename tokens resolve condition and replicate before annotating
PXD064170	include	Small label-free project; mapping must come from acquisition filenames	PRIDE https://www.ebi.ac.uk/pride/ws/archive/v3/projects/PXD064170; files/all n=57	Q2	5	Homo sapiens (human)	57	26	raw	DIA	LFQ	Orbitrap Exploris 480	no	no	checksum.txt;GangulyA_071223_metafile_DIA.csv	moderate	26	ms-proteomics;human;dia-acquisition	none_in_pride	no	Verify filename tokens resolve condition and replicate before annotating
PXD064469	include	Small label-free project; mapping must come from acquisition filenames	PRIDE https://www.ebi.ac.uk/pride/ws/archive/v3/projects/PXD064469; files/all n=44	Q2	5	Homo sapiens (human)	44	40	d.zip	DIA	LFQ	timsTOF Pro	no	no	ProteinAbundances.xlsx;WU293916_report.tsv;checksum.txt	moderate	40	ms-proteomics;human;dia-acquisition	none_in_pride	no	Verify filename tokens resolve condition and replicate before annotating
PXD064921	include	Small label-free project; mapping must come from acquisition filenames	PRIDE https://www.ebi.ac.uk/pride/ws/archive/v3/projects/PXD064921; files/all n=50	Q2	5	Homo sapiens (human)	50	48	d.zip	DIA	LFQ	Bruker Daltonics timsTOF series	no	no	DIANNsearchfiles_Secretome.zip;DIANNsearchfiles_Lysate.zip	moderate	48	ms-proteomics;human;dia-acquisition	none_in_pride	no	Verify filename tokens resolve condition and replicate before annotating
PXD065121	include	Small label-free project; mapping must come from acquisition filenames	PRIDE https://www.ebi.ac.uk/pride/ws/archive/v3/projects/PXD065121; files/all n=35	Q2	5	Diplonema;Diplonema papillatum	35	33	raw	DDA	LFQ	Orbitrap Fusion Lumos	no	no	checksum.txt;Hammond_Ppap-all.xlsx	moderate	33	ms-proteomics	none_in_pride	no	Verify filename tokens resolve condition and replicate before annotating
PXD065122	include	Small label-free project; mapping must come from acquisition filenames	PRIDE https://www.ebi.ac.uk/pride/ws/archive/v3/projects/PXD065122; files/all n=42	Q2	5	Homo sapiens (human)	42	35	d.7z	DIA	LFQ	timsTOF Pro	no	no	Results_DIA-NN_melanocyte.7z;Results_DIA-NN_keratinocyte.7z	moderate	35	ms-proteomics;human;dia-acquisition	none_in_pride	no	Verify filename tokens resolve condition and replicate before annotating
PXD065812	include	Small label-free project; mapping must come from acquisition filenames	PRIDE https://www.ebi.ac.uk/pride/ws/archive/v3/projects/PXD065812; files/all n=54	Q2	5	Homo sapiens (human)	54	34	d.zip	DIA	LFQ	autoflex	no	no	dia_db.peptides.csv;checksum.txt;dia_db.proteins.csv	moderate	34	ms-proteomics;human;dia-acquisition	none_in_pride	no	Verify filename tokens resolve condition and replicate before annotating
PXD066064	include	Small label-free project; mapping must come from acquisition filenames	PRIDE https://www.ebi.ac.uk/pride/ws/archive/v3/projects/PXD066064; files/all n=134	Q2	5	Homo sapiens (human)	134	44	wiff	DIA	LFQ	ZenoTOF 7600	no	no	report.pg_matrix.tsv;checksum.txt	moderate	44	ms-proteomics;human;dia-acquisition	none_in_pride	no	Verify filename tokens resolve condition and replicate before annotating
PXD066097	include	Small label-free project; mapping must come from acquisition filenames	PRIDE https://www.ebi.ac.uk/pride/ws/archive/v3/projects/PXD066097; files/all n=26	Q2	5	Mus musculus (mouse)	26	24	d.zip;raw	DIA	LFQ	Q Exactive HF-X	no	no		moderate	24	ms-proteomics;vertebrates;dia-acquisition	none_in_pride	no	Verify filename tokens resolve condition and replicate before annotating
PXD066225	include	Small label-free project; mapping must come from acquisition filenames	PRIDE https://www.ebi.ac.uk/pride/ws/archive/v3/projects/PXD066225; files/all n=35	Q2	5	Mus musculus (mouse)	35	32	d.zip	DIA	LFQ	timsTOF Pro	no	no	DIA-NN_Analysis.zip	moderate	32	ms-proteomics;vertebrates;dia-acquisition	none_in_pride	no	Verify filename tokens resolve condition and replicate before annotating
PXD066231	include	Small label-free project; mapping must come from acquisition filenames	PRIDE https://www.ebi.ac.uk/pride/ws/archive/v3/projects/PXD066231; files/all n=66	Q2	5	Bos taurus (bovine)	66	32	wiff	DIA	LFQ	ZenoTOF 7600	no	no	checksum.txt;20230221_BFL_Ali_Lib.tsv	moderate	32	ms-proteomics;vertebrates;dia-acquisition	none_in_pride	no	Verify filename tokens resolve condition and replicate before annotating
PXD066263	include	Small label-free project; mapping must come from acquisition filenames	PRIDE https://www.ebi.ac.uk/pride/ws/archive/v3/projects/PXD066263; files/all n=37	Q2	5	Mus musculus (mouse)	37	35	raw	DIA	LFQ	Q Exactive HF	no	no	220523_BRB12417_directDIA_mouse_SumPeptide_Qvalue_notNormalized_ProteinReport.xlsx;checksum.txt	moderate	35	ms-proteomics;vertebrates;dia-acquisition	none_in_pride	no	Verify filename tokens resolve condition and replicate before annotating
PXD066296	include	Small label-free project; mapping must come from acquisition filenames	PRIDE https://www.ebi.ac.uk/pride/ws/archive/v3/projects/PXD066296; files/all n=33	Q2	5	Haemonchus contortus (barber pole worm)	33	32	raw	DIA	LFQ	Orbitrap Ascend	no	no	250203_Tao_HCon_.txt	moderate	32	ms-proteomics;dia-acquisition	none_in_pride	no	Verify filename tokens resolve condition and replicate before annotating
PXD066659	include	Submitter deposited an SDRF in PRIDE; import, validate, and improve	PRIDE https://www.ebi.ac.uk/pride/ws/archive/v3/projects/PXD066659; files/all n=206	Q0	5	Homo sapiens (human)	206	199	raw	DIA	LFQ	Orbitrap Astral Zoom;Orbitrap Astral	yes	yes	sdrf-fractionation.sdrf.xlsx	hard	199	ms-proteomics;human;dia-acquisition	none_in_pride	no	deposited: sdrf-fractionation.sdrf.xlsx
PXD066686	include	Submitter deposited an SDRF in PRIDE; import, validate, and improve	PRIDE https://www.ebi.ac.uk/pride/ws/archive/v3/projects/PXD066686; files/all n=282	Q0	5	Homo sapiens (human)	282	279	raw	DIA	LFQ	Orbitrap Astral Zoom	yes	yes	sdrf-cell-line.sdrf.xlsx	hard	279	ms-proteomics;human;dia-acquisition;cell-lines	none_in_pride	no	deposited: sdrf-cell-line.sdrf.xlsx
PXD066697	include	Small label-free project; mapping must come from acquisition filenames	PRIDE https://www.ebi.ac.uk/pride/ws/archive/v3/projects/PXD066697; files/all n=34	Q2	5	Saccharomyces cerevisiae (baker's yeast);Escherichia coli	34	27	raw	DIA	LFQ	Orbitrap Astral	no	no	DIANN_Scerevisiae_Rep3.parquet;DIANN_Scerevisiae_Rep1.parquet;DIANN_Ecoli_Rep3.parquet	moderate	27	ms-proteomics;dia-acquisition	none_in_pride	no	Verify filename tokens resolve condition and replicate before annotating
PXD066724	include	Submitter deposited an SDRF in PRIDE; import, validate, and improve	PRIDE https://www.ebi.ac.uk/pride/ws/archive/v3/projects/PXD066724; files/all n=152	Q0	5	Homo sapiens (human)	152	150	d.7z	DIA	LFQ	Bruker Daltonics instrument model	yes	yes	metadata.sdrf.tsv	hard	150	ms-proteomics;human;dia-acquisition	none_in_pride	no	deposited: metadata.sdrf.tsv
PXD066807	include	Small label-free project; mapping must come from acquisition filenames	PRIDE https://www.ebi.ac.uk/pride/ws/archive/v3/projects/PXD066807; files/all n=32	Q2	5	Mus musculus (mouse)	32	30	raw	DIA	LFQ	Orbitrap Exploris 480	no	no	20220722_mouse_GSD_Ia_Ib_proteomics_Report_input.xls;checksum.txt	moderate	30	ms-proteomics;vertebrates;dia-acquisition	none_in_pride	no	Verify filename tokens resolve condition and replicate before annotating
PXD066924	include	Submitter deposited an SDRF in PRIDE; import, validate, and improve	PRIDE https://www.ebi.ac.uk/pride/ws/archive/v3/projects/PXD066924; files/all n=143	Q0	5	Homo sapiens (human)	143	141	raw	DIA	LFQ	Orbitrap Astral Zoom;Orbitrap Astral	yes	yes	sdrf-titration.sdrf.xlsx	hard	141	ms-proteomics;human;dia-acquisition;cell-lines	none_in_pride	no	deposited: sdrf-titration.sdrf.xlsx
PXD066925	include	Submitter deposited an SDRF in PRIDE; import, validate, and improve	PRIDE https://www.ebi.ac.uk/pride/ws/archive/v3/projects/PXD066925; files/all n=77	Q0	5	Homo sapiens (human)	77	75	raw	DIA	LFQ	Orbitrap Astral Zoom;Orbitrap Astral	yes	yes	sdrf-90SPD.sdrf.xlsx	hard	75	ms-proteomics;human;dia-acquisition;cell-lines	none_in_pride	no	deposited: sdrf-90SPD.sdrf.xlsx
PXD066927	include	Submitter deposited an SDRF in PRIDE; import, validate, and improve	PRIDE https://www.ebi.ac.uk/pride/ws/archive/v3/projects/PXD066927; files/all n=140	Q0	5	Homo sapiens (human)	140	138	raw	DIA	LFQ	Orbitrap Astral	yes	yes	sdrf-titration.sdrf.xlsx	hard	138	ms-proteomics;human;dia-acquisition;cell-lines	none_in_pride	no	deposited: sdrf-titration.sdrf.xlsx
PXD066944	include	Submitter deposited an SDRF in PRIDE; import, validate, and improve	PRIDE https://www.ebi.ac.uk/pride/ws/archive/v3/projects/PXD066944; files/all n=83	Q0	5	Homo sapiens (human)	83	72	raw	DIA	LFQ	Orbitrap Astral Zoom;Orbitrap Astral	yes	yes	TEMP_sdrf-dda-dia.sdrf.xlsx	hard	72	ms-proteomics;human;dia-acquisition;cell-lines	none_in_pride	no	deposited: TEMP_sdrf-dda-dia.sdrf.xlsx
PXD067019	include	Submitter deposited an SDRF in PRIDE; import, validate, and improve	PRIDE https://www.ebi.ac.uk/pride/ws/archive/v3/projects/PXD067019; files/all n=406	Q0	5	Homo sapiens (human)	406	398	d.zip	DIA	LFQ	timsTOF Ultra 2	yes	yes	sdrf_onesheet_pap_2_updated.tsv	hard	398	ms-proteomics;human;dia-acquisition	none_in_pride	no	deposited: sdrf_onesheet_pap_2_updated.tsv
PXD067308	include	Small label-free project; mapping must come from acquisition filenames	PRIDE https://www.ebi.ac.uk/pride/ws/archive/v3/projects/PXD067308; files/all n=36	Q2	5	Homo sapiens (human)	36	28	raw	DIA	LFQ	Orbitrap Exploris 480	no	no	GSKi_GSK3Ab_PG_Quant.tsv;GSKi_AXIN1Ab_PTM.tsv;MEKi_GSK3Ab_PG_Quant.tsv	moderate	28	ms-proteomics;human;dia-acquisition	none_in_pride	no	Verify filename tokens resolve condition and replicate before annotating
PXD067559	include	Small label-free project; mapping must come from acquisition filenames	PRIDE https://www.ebi.ac.uk/pride/ws/archive/v3/projects/PXD067559; files/all n=45	Q2	5	Cricetulus griseus (chinese hamster) (cricetulus barabensis griseus)	45	38	raw	DIA	LFQ	Orbitrap Exploris 480	no	no	20250529_164915_20250320_Bevacizumab_Whole-cell_Report.setup.txt;checksum.txt;20250529_164915_20250320_Bevacizumab_Whole-cell_Report.log.txt	moderate	38	ms-proteomics;dia-acquisition	none_in_pride	no	Verify filename tokens resolve condition and replicate before annotating
PXD067911	include	Small label-free project; mapping must come from acquisition filenames	PRIDE https://www.ebi.ac.uk/pride/ws/archive/v3/projects/PXD067911; files/all n=46	Q2	5	Saccharomyces cerevisiae (baker's yeast)	46	45	raw	DIA	LFQ	Orbitrap Exploris 480	no	no	DIANN_Koch_etal_2025_51K_51N_N_PE_A_F_Final_Analysis_report.pr_matrix.7z	moderate	45	ms-proteomics;dia-acquisition	none_in_pride	no	Verify filename tokens resolve condition and replicate before annotating
PXD067973	include	Small label-free project; mapping must come from acquisition filenames	PRIDE https://www.ebi.ac.uk/pride/ws/archive/v3/projects/PXD067973; files/all n=46	Q2	5	Mus musculus (mouse)	46	30	raw	DIA	LFQ	Orbitrap Astral	no	no	report-first-pass.tsv;report-first-pass.pg_matrix.tsv;report-first-pass.gg_matrix.tsv	moderate	30	ms-proteomics;vertebrates;dia-acquisition	none_in_pride	no	Verify filename tokens resolve condition and replicate before annotating
PXD068008	include	Small label-free project; mapping must come from acquisition filenames	PRIDE https://www.ebi.ac.uk/pride/ws/archive/v3/projects/PXD068008; files/all n=52	Q2	5	Homo sapiens (human)	52	24	wiff	DIA	LFQ	TripleTOF 5600	no	no		moderate	24	ms-proteomics;human;dia-acquisition	none_in_pride	no	Verify filename tokens resolve condition and replicate before annotating
PXD068032	include	Small label-free project; mapping must come from acquisition filenames	PRIDE https://www.ebi.ac.uk/pride/ws/archive/v3/projects/PXD068032; files/all n=31	Q2	5	Sus scrofa domesticus (domestic pig)	31	29	d.zip	DIA	LFQ	timsTOF Pro 2	no	no	checksum.txt	moderate	29	ms-proteomics;vertebrates;dia-acquisition	none_in_pride	no	Verify filename tokens resolve condition and replicate before annotating
PXD068087	include	Small label-free project; mapping must come from acquisition filenames	PRIDE https://www.ebi.ac.uk/pride/ws/archive/v3/projects/PXD068087; files/all n=21	Q2	5	Mus musculus (mouse)	21	20	raw	DIA	LFQ	Orbitrap Eclipse	no	no		moderate	20	ms-proteomics;vertebrates;dia-acquisition	none_in_pride	no	Verify filename tokens resolve condition and replicate before annotating
PXD068119	include	Small label-free project; mapping must come from acquisition filenames	PRIDE https://www.ebi.ac.uk/pride/ws/archive/v3/projects/PXD068119; files/all n=53	Q2	5	Paramecium tetraurelia	53	26	d.zip;raw	DIA	LFQ	timsTOF Pro 2	no	no	Experimental_Plan.xlsx;checksum.txt	moderate	26	ms-proteomics;dia-acquisition	none_in_pride	no	Verify filename tokens resolve condition and replicate before annotating
PXD068132	include	Small label-free project; mapping must come from acquisition filenames	PRIDE https://www.ebi.ac.uk/pride/ws/archive/v3/projects/PXD068132; files/all n=66	Q2	5	Xenopus laevis (african clawed frog)	66	40	d.zip	DIA	LFQ	timsTOF Pro 2	no	no	checksum.txt;2402007_ptmprofile_LFQ_Ttest-CTRL-vs-Gwl-EF-Timing.xlsx;2402007_FT_DIA_Report_Ttest-Gwl-vs-CTRL_EF_Time.xlsx	moderate	40	ms-proteomics;dia-acquisition	none_in_pride	no	Verify filename tokens resolve condition and replicate before annotating
PXD068151	include	Small label-free project; mapping must come from acquisition filenames	PRIDE https://www.ebi.ac.uk/pride/ws/archive/v3/projects/PXD068151; files/all n=30	Q2	5	Homo sapiens (human);Mus musculus (mouse)	30	28	raw	DIA	LFQ	Orbitrap Eclipse	no	no	EC_9736_ARPE_DHF_Report_BGS_Factory_Report_Normal.tsv;EC-9611_Report_BGS_Factory_ReportNormal.tsv	moderate	28	ms-proteomics;dia-acquisition	none_in_pride	no	Verify filename tokens resolve condition and replicate before annotating
PXD068262	include	Small label-free project; mapping must come from acquisition filenames	PRIDE https://www.ebi.ac.uk/pride/ws/archive/v3/projects/PXD068262; files/all n=39	Q2	5	Rattus norvegicus (rat)	39	32	d.zip	DIA	LFQ	timsTOF HT	no	no	checksum.txt;20250509_112752_20250421_GSartor_32ratlysates_500ng_60min_HT_DIApasef_Report.setup.txt;20250509_112752_20250421_GSartor_32ratlysates_500ng_60min_HT_DIApasef_Report.csv	moderate	32	ms-proteomics;vertebrates;dia-acquisition	none_in_pride	no	Verify filename tokens resolve condition and replicate before annotating
PXD068828	include	Small label-free project; mapping must come from acquisition filenames	PRIDE https://www.ebi.ac.uk/pride/ws/archive/v3/projects/PXD068828; files/all n=44	Q2	5	Mus musculus (mouse)	44	38	raw	DIA	LFQ	Orbitrap Exploris 240	no	no	checksum.txt;MMTPPSupplementaryFile.xlsx;ATPVO4MMTPPDIAOutput.tsv	moderate	38	ms-proteomics;vertebrates;dia-acquisition	none_in_pride	no	Verify filename tokens resolve condition and replicate before annotating
PXD069004	include	Small label-free project; mapping must come from acquisition filenames	PRIDE https://www.ebi.ac.uk/pride/ws/archive/v3/projects/PXD069004; files/all n=39	Q2	5	Caulobacter crescentus (strain na1000 / cb15n)	39	34	raw	DIA	LFQ	Orbitrap Exploris 480	no	no	AmiX-2.tsv;AmiX-3.tsv;AmiX.xlsx	moderate	34	ms-proteomics;dia-acquisition	none_in_pride	no	Verify filename tokens resolve condition and replicate before annotating
PXD069123	include	Small label-free project; mapping must come from acquisition filenames	PRIDE https://www.ebi.ac.uk/pride/ws/archive/v3/projects/PXD069123; files/all n=48	Q2	5	Homo sapiens (human)	48	40	raw	DIA	LFQ	Orbitrap Astral	no	no	241110_1112_ProteinGroup_dia_INSOLUBLE_FRACTION.csv;241110_1120_ProteinGroup_dia_TOTAL.csv;241111_2026_ProteinGroup_dia_SOLUBLE_FRACTION.csv	moderate	40	ms-proteomics;human;dia-acquisition	none_in_pride	no	Verify filename tokens resolve condition and replicate before annotating
PXD069129	include	Small label-free project; mapping must come from acquisition filenames	PRIDE https://www.ebi.ac.uk/pride/ws/archive/v3/projects/PXD069129; files/all n=61	Q2	5	Homo sapiens (human)	61	28	raw	DIA	LFQ	Orbitrap Astral	no	no	report_stressors_integration_with_proteome.gg_matrix.tsv;report_stressors_integration_with_proteome.log.txt;report_stressors_integration_with_proteome-first-pass.manifest.txt	moderate	28	ms-proteomics;human;dia-acquisition	none_in_pride	no	Verify filename tokens resolve condition and replicate before annotating
PXD069136	include	Small label-free project; mapping must come from acquisition filenames	PRIDE https://www.ebi.ac.uk/pride/ws/archive/v3/projects/PXD069136; files/all n=37	Q2	5	Homo sapiens (human)	37	26	raw	DIA	LFQ	Orbitrap Fusion Lumos	no	no	HsUFM1_F35_2024.06.24.filtered_cross-linked_sites.csv;HsUFM1_F35_240718_2024.09.23.filtered_cross-linked_sites.csv;checksum.txt	moderate	26	ms-proteomics;human;dia-acquisition	none_in_pride	no	Verify filename tokens resolve condition and replicate before annotating
PXD069191	include	Submitter deposited an SDRF in PRIDE; import, validate, and improve	PRIDE https://www.ebi.ac.uk/pride/ws/archive/v3/projects/PXD069191; files/all n=59	Q0	5	Mus musculus (mouse)	59	54	d.zip	DIA	LFQ	timsTOF Pro	yes	yes	sample_description.sdrf.txt	hard	54	ms-proteomics;vertebrates;dia-acquisition	none_in_pride	no	deposited: sample_description.sdrf.txt
PXD069212	include	Small label-free project; mapping must come from acquisition filenames	PRIDE https://www.ebi.ac.uk/pride/ws/archive/v3/projects/PXD069212; files/all n=88	Q2	5	Homo sapiens (human)	88	48	raw	DIA	LFQ	Orbitrap Exploris 480	no	no	checksum.txt	moderate	48	ms-proteomics;human;dia-acquisition	none_in_pride	no	Verify filename tokens resolve condition and replicate before annotating
PXD069325	include	Small label-free project; mapping must come from acquisition filenames	PRIDE https://www.ebi.ac.uk/pride/ws/archive/v3/projects/PXD069325; files/all n=54	Q2	5	Homo sapiens (human)	54	40	d.7z;raw	DIA	LFQ	Orbitrap Exploris 480;timsTOF HT	no	no	DIA-NN_Exploris480_30min_ENplus_Hu_Plasma_DIA_Source-1-5_combined_report.pg_matrix.tsv;DIA-NN_Exploris480_30min_ENplus_Hu_Plasma_DIA_Source-5_report.pg_matrix.tsv;DIA-NN_Exploris480_30min_ENplus_Hu_Plasma_DIA_Source-1_report.pr_matrix.tsv	moderate	40	ms-proteomics;human;dia-acquisition	none_in_pride	no	Verify filename tokens resolve condition and replicate before annotating
PXD069399	include	Small label-free project; mapping must come from acquisition filenames	PRIDE https://www.ebi.ac.uk/pride/ws/archive/v3/projects/PXD069399; files/all n=47	Q2	5	Homo sapiens (human)	47	42	raw	DIA	LFQ	Orbitrap Astral;Orbitrap Exploris 480	no	no	checksum.txt	moderate	42	ms-proteomics;human;dia-acquisition	none_in_pride	no	Verify filename tokens resolve condition and replicate before annotating
PXD069478	include	Small label-free project; mapping must come from acquisition filenames	PRIDE https://www.ebi.ac.uk/pride/ws/archive/v3/projects/PXD069478; files/all n=35	Q2	5	Falco peregrinus	35	30	raw	DIA	LFQ	Orbitrap Exploris 480	no	no	checksum.txt;report.pg_matrix.tsv;report.tsv	moderate	30	ms-proteomics;dia-acquisition	none_in_pride	no	Verify filename tokens resolve condition and replicate before annotating
PXD069597	include	Submitter deposited an SDRF in PRIDE; import, validate, and improve	PRIDE https://www.ebi.ac.uk/pride/ws/archive/v3/projects/PXD069597; files/all n=103	Q0	5	Homo sapiens (human)	103	99	raw	DIA	LFQ	Q Exactive HF	yes	yes	sdrf_.txt	hard	99	ms-proteomics;human;dia-acquisition	none_in_pride	no	deposited: sdrf_.txt
PXD069669	include	Submitter deposited an SDRF in PRIDE; import, validate, and improve	PRIDE https://www.ebi.ac.uk/pride/ws/archive/v3/projects/PXD069669; files/all n=168	Q0	5	Homo sapiens (human)	168	55	raw	DDA	LFQ	LTQ Velos	yes	yes	SDRF.tsv	hard	55	ms-proteomics;human	none_in_pride	no	deposited: SDRF.tsv
PXD069813	include	Small label-free project; mapping must come from acquisition filenames	PRIDE https://www.ebi.ac.uk/pride/ws/archive/v3/projects/PXD069813; files/all n=17	Q2	5	Homo sapiens (human)	17	15	raw	unknown	LFQ	Q Exactive	no	no	checksum.txt	moderate	15	ms-proteomics;human	none_in_pride	no	Verify filename tokens resolve condition and replicate before annotating
PXD069883	include	Small label-free project; mapping must come from acquisition filenames	PRIDE https://www.ebi.ac.uk/pride/ws/archive/v3/projects/PXD069883; files/all n=29	Q2	5	Homo sapiens (human)	29	26	raw.zip	DIA	LFQ	SYNAPT G2-Si	no	no	checksum.txt;Total_Proteins.csv;peptides_totales.csv	moderate	26	ms-proteomics;human;dia-acquisition;cell-lines	none_in_pride	no	Verify filename tokens resolve condition and replicate before annotating
PXD069989	include	Small label-free project; mapping must come from acquisition filenames	PRIDE https://www.ebi.ac.uk/pride/ws/archive/v3/projects/PXD069989; files/all n=34	Q2	5	Homo sapiens (human)	34	32	d.zip	DIA	LFQ	timsTOF Pro 2	no	no	checksum.txt	moderate	32	ms-proteomics;human;dia-acquisition	none_in_pride	no	Verify filename tokens resolve condition and replicate before annotating
PXD070131	include	Submitter deposited an SDRF in PRIDE; import, validate, and improve	PRIDE https://www.ebi.ac.uk/pride/ws/archive/v3/projects/PXD070131; files/all n=786	Q0	5	Homo sapiens (human)	786	261	raw.zip	DIA	LFQ	Synapt MS	yes	yes	SDRF_Proteomis.txt	hard	261	ms-proteomics;human;dia-acquisition	none_in_pride	no	deposited: SDRF_Proteomis.txt
PXD070147	include	Small label-free project; mapping must come from acquisition filenames	PRIDE https://www.ebi.ac.uk/pride/ws/archive/v3/projects/PXD070147; files/all n=72	Q2	5	Homo sapiens (human)	72	33	d.zip	DIA	LFQ	Bruker Daltonics timsTOF series	no	no	report.stats.tsv;report.log.txt;report.pg_matrix.tsv	moderate	33	ms-proteomics;human;dia-acquisition	none_in_pride	no	Verify filename tokens resolve condition and replicate before annotating
PXD070186	include	Small label-free project; mapping must come from acquisition filenames	PRIDE https://www.ebi.ac.uk/pride/ws/archive/v3/projects/PXD070186; files/all n=31	Q2	5	Homo sapiens (human)	31	15	raw	unknown	LFQ	Orbitrap Fusion	no	no	APC1_unique_IP_S1.csv;IgG_control_IP_S3.csv;IgG_control_IP_S1.csv	moderate	15	ms-proteomics;human	none_in_pride	no	Verify filename tokens resolve condition and replicate before annotating
PXD070189	include	Submitter deposited an SDRF in PRIDE; import, validate, and improve	PRIDE https://www.ebi.ac.uk/pride/ws/archive/v3/projects/PXD070189; files/all n=55	Q0	5	Arabidopsis thaliana (mouse-ear cress)	55	50	d.zip	DIA	LFQ	timsTOF HT	yes	yes	SDRF.tsv	hard	50	ms-proteomics;plants;dia-acquisition	none_in_pride	no	deposited: SDRF.tsv
PXD070244	include	Small label-free project; mapping must come from acquisition filenames	PRIDE https://www.ebi.ac.uk/pride/ws/archive/v3/projects/PXD070244; files/all n=48	Q2	5	Mus musculus (mouse)	48	44	d.zip	DIA	LFQ	timsTOF Pro 2	no	no	2nd_search_DIANN_humanDB_direct.zip;20220628_MALICOT_DIANN.zip	moderate	44	ms-proteomics;vertebrates;dia-acquisition	none_in_pride	no	Verify filename tokens resolve condition and replicate before annotating
PXD070245	include	Small label-free project; mapping must come from acquisition filenames	PRIDE https://www.ebi.ac.uk/pride/ws/archive/v3/projects/PXD070245; files/all n=42	Q2	5	Sus scrofa domesticus (domestic pig)	42	40	raw	DDA	LFQ	Q Exactive	no	no	checksum.txt	moderate	40	ms-proteomics;vertebrates	none_in_pride	no	Verify filename tokens resolve condition and replicate before annotating
PXD070246	include	Small label-free project; mapping must come from acquisition filenames	PRIDE https://www.ebi.ac.uk/pride/ws/archive/v3/projects/PXD070246; files/all n=26	Q2	5	Mus musculus (mouse)	26	24	raw	unknown	LFQ	Orbitrap Fusion	no	no	checksum.txt	moderate	24	ms-proteomics;vertebrates	none_in_pride	no	Verify filename tokens resolve condition and replicate before annotating
PXD070254	include	Small label-free project; mapping must come from acquisition filenames	PRIDE https://www.ebi.ac.uk/pride/ws/archive/v3/projects/PXD070254; files/all n=39	Q2	5	Mus musculus (mouse)	39	35	raw	DIA	LFQ	Orbitrap Astral	no	no	checksum.txt;B_cell_stimuli_Report.csv;B_cell_stimuli_setup.txt	moderate	35	ms-proteomics;vertebrates;dia-acquisition	none_in_pride	no	Verify filename tokens resolve condition and replicate before annotating
PXD070302	include	Small label-free project; mapping must come from acquisition filenames	PRIDE https://www.ebi.ac.uk/pride/ws/archive/v3/projects/PXD070302; files/all n=52	Q2	5	Homo sapiens (human)	52	48	d.zip	DIA	LFQ	timsTOF HT	no	no	checksum.txt;240119_human_library_w_PO4.tsv;report.pg_matrix.tsv	moderate	48	ms-proteomics;human;dia-acquisition;cell-lines	none_in_pride	no	Verify filename tokens resolve condition and replicate before annotating
PXD070500	include	Small label-free project; mapping must come from acquisition filenames	PRIDE https://www.ebi.ac.uk/pride/ws/archive/v3/projects/PXD070500; files/all n=43	Q2	5	Homo sapiens (human)	43	40	d.7z	DIA	LFQ	timsTOF Pro	no	no	report.log.txt;checksum.txt	moderate	40	ms-proteomics;human;dia-acquisition	none_in_pride	no	Verify filename tokens resolve condition and replicate before annotating
PXD070502	include	Small label-free project; mapping must come from acquisition filenames	PRIDE https://www.ebi.ac.uk/pride/ws/archive/v3/projects/PXD070502; files/all n=32	Q2	5	Homo sapiens (human)	32	26	raw	DIA	LFQ	Q Exactive HF	no	no	checksum.txt	moderate	26	ms-proteomics;human;dia-acquisition	none_in_pride	no	Verify filename tokens resolve condition and replicate before annotating
PXD070711	include	Small label-free project; mapping must come from acquisition filenames	PRIDE https://www.ebi.ac.uk/pride/ws/archive/v3/projects/PXD070711; files/all n=32	Q2	5	Homo sapiens (human)	32	30	raw	DDA	LFQ	LTQ Orbitrap;Orbitrap Fusion	no	no	checksum.txt	moderate	30	ms-proteomics;human	none_in_pride	no	Verify filename tokens resolve condition and replicate before annotating
PXD070754	include	Small label-free project; mapping must come from acquisition filenames	PRIDE https://www.ebi.ac.uk/pride/ws/archive/v3/projects/PXD070754; files/all n=33	Q2	5	Mus musculus (mouse)	33	31	raw	DIA	LFQ	Orbitrap Exploris 480	no	no	checksum.txt	moderate	31	ms-proteomics;vertebrates;dia-acquisition	none_in_pride	no	Verify filename tokens resolve condition and replicate before annotating
PXD070758	include	Small label-free project; mapping must come from acquisition filenames	PRIDE https://www.ebi.ac.uk/pride/ws/archive/v3/projects/PXD070758; files/all n=39	Q2	5	Homo sapiens (human)	39	38	raw	DIA	LFQ	Orbitrap Exploris 240	no	no	checksum.txt	moderate	38	ms-proteomics;human;dia-acquisition	none_in_pride	no	Verify filename tokens resolve condition and replicate before annotating
PXD070767	include	Small label-free project; mapping must come from acquisition filenames	PRIDE https://www.ebi.ac.uk/pride/ws/archive/v3/projects/PXD070767; files/all n=38	Q2	5	Pieris rapae rapae	38	36	raw	DDA	LFQ	Orbitrap Fusion Lumos	no	no	checksum.txt	moderate	36	ms-proteomics	none_in_pride	no	Verify filename tokens resolve condition and replicate before annotating
PXD070780	include	Small label-free project; mapping must come from acquisition filenames	PRIDE https://www.ebi.ac.uk/pride/ws/archive/v3/projects/PXD070780; files/all n=51	Q2	5	Homo sapiens (human)	51	48	raw	DIA	LFQ	Orbitrap Astral	no	no	checksum.txt	moderate	48	ms-proteomics;human;dia-acquisition	none_in_pride	no	Verify filename tokens resolve condition and replicate before annotating
PXD070925	include	Small label-free project; mapping must come from acquisition filenames	PRIDE https://www.ebi.ac.uk/pride/ws/archive/v3/projects/PXD070925; files/all n=38	Q2	5	Danio rerio (zebrafish) (brachydanio rerio)	38	24	raw	unknown	LFQ	Orbitrap Exploris 480	no	no	proteinGroups_TRUE_ONE.xlsx;Tectum_1_6_2025_2__ms2_toppic_proteoform_single.tsv;Cereb_2_6_2025_2_ms2_toppic_proteoform_single.tsv	moderate	24	ms-proteomics;vertebrates	none_in_pride	no	Verify filename tokens resolve condition and replicate before annotating
PXD070990	include	Small label-free project; mapping must come from acquisition filenames	PRIDE https://www.ebi.ac.uk/pride/ws/archive/v3/projects/PXD070990; files/all n=65	Q2	5	Mus musculus (mouse)	65	16	raw	unknown	LFQ	Q Exactive	no	no	checksum.txt	moderate	16	ms-proteomics;vertebrates	none_in_pride	no	Verify filename tokens resolve condition and replicate before annotating
PXD071067	include	Small label-free project; mapping must come from acquisition filenames	PRIDE https://www.ebi.ac.uk/pride/ws/archive/v3/projects/PXD071067; files/all n=42	Q2	5	Arabidopsis thaliana (mouse-ear cress)	42	40	d.zip	DIA	LFQ	timsTOF Pro 2	no	no	checksum.txt	moderate	40	ms-proteomics;plants;dia-acquisition	none_in_pride	no	Verify filename tokens resolve condition and replicate before annotating
PXD071139	include	Small label-free project; mapping must come from acquisition filenames	PRIDE https://www.ebi.ac.uk/pride/ws/archive/v3/projects/PXD071139; files/all n=44	Q2	5	Homo sapiens (human)	44	42	raw	DIA	LFQ	Orbitrap Eclipse	no	no	checksum.txt;TLR10_ASC-TERT1_Report.xls	moderate	42	ms-proteomics;human;dia-acquisition;cell-lines	none_in_pride	no	Verify filename tokens resolve condition and replicate before annotating
PXD071205	include	Submitter deposited an SDRF in PRIDE; import, validate, and improve	PRIDE https://www.ebi.ac.uk/pride/ws/archive/v3/projects/PXD071205; files/all n=86	Q0	5	Saccharomyces cerevisiae (baker's yeast);Escherichia coli;Homo sapiens (human)	86	82	raw	DIA	LFQ	Orbitrap Astral	yes	yes	PXDAstral_Optimized.sdrf.tsv	hard	82	ms-proteomics;dia-acquisition	none_in_pride	no	deposited: PXDAstral_Optimized.sdrf.tsv
PXD071421	include	Small label-free project; mapping must come from acquisition filenames	PRIDE https://www.ebi.ac.uk/pride/ws/archive/v3/projects/PXD071421; files/all n=28	Q2	5	Homo sapiens (human)	28	26	d.zip	DIA	LFQ	timsTOF Pro 2	no	no	checksum.txt	moderate	26	ms-proteomics;human;dia-acquisition	none_in_pride	no	Verify filename tokens resolve condition and replicate before annotating
PXD071599	include	Small label-free project; mapping must come from acquisition filenames	PRIDE https://www.ebi.ac.uk/pride/ws/archive/v3/projects/PXD071599; files/all n=46	Q2	5	Mus musculus (mouse)	46	26	raw	DIA	LFQ	Orbitrap Exploris 480	no	no	report.stats.tsv;report.pr_matrix.tsv;checksum.txt	moderate	26	ms-proteomics;vertebrates;dia-acquisition;cell-lines	none_in_pride	no	Verify filename tokens resolve condition and replicate before annotating
PXD071649	include	Small label-free project; mapping must come from acquisition filenames	PRIDE https://www.ebi.ac.uk/pride/ws/archive/v3/projects/PXD071649; files/all n=37	Q2	5	Rattus norvegicus (rat)	37	35	raw	DDA	LFQ	Q Exactive	no	no	Results.xlsx;checksum.txt	moderate	35	ms-proteomics;vertebrates	none_in_pride	no	Verify filename tokens resolve condition and replicate before annotating
PXD071707	include	Small label-free project; mapping must come from acquisition filenames	PRIDE https://www.ebi.ac.uk/pride/ws/archive/v3/projects/PXD071707; files/all n=23	Q2	5	Oryza sativa (rice)	23	21	raw	unknown	LFQ	Q Exactive	no	no	PeptideGroups.xls;checksum.txt	moderate	21	ms-proteomics;plants	none_in_pride	no	Verify filename tokens resolve condition and replicate before annotating
PXD071833	include	Small label-free project; mapping must come from acquisition filenames	PRIDE https://www.ebi.ac.uk/pride/ws/archive/v3/projects/PXD071833; files/all n=50	Q2	5	Homo sapiens (human);Mus musculus (mouse)	50	42	d.zip	DIA	LFQ	timsTOF Ultra 2	no	no	report.pg_matrix_humanKeratinocytes.tsv;report.pr_matrix_humanKeratinocytes.tsv;report_humanKeratinocytes.tsv	moderate	42	ms-proteomics;dia-acquisition	none_in_pride	no	Verify filename tokens resolve condition and replicate before annotating
PXD071837	include	Small label-free project; mapping must come from acquisition filenames	PRIDE https://www.ebi.ac.uk/pride/ws/archive/v3/projects/PXD071837; files/all n=38	Q2	5	Homo sapiens (human)	38	36	raw	DDA	LFQ	Orbitrap Eclipse	no	no	Results.xlsx;checksum.txt	moderate	36	ms-proteomics;human;cell-lines	none_in_pride	no	Verify filename tokens resolve condition and replicate before annotating
PXD071917	include	Small label-free project; mapping must come from acquisition filenames	PRIDE https://www.ebi.ac.uk/pride/ws/archive/v3/projects/PXD071917; files/all n=17	Q2	5	Mus musculus (mouse)	17	16	d.zip	DIA	LFQ	timsTOF Pro 2	no	no		moderate	16	ms-proteomics;vertebrates;dia-acquisition	none_in_pride	no	Verify filename tokens resolve condition and replicate before annotating
PXD071948	include	Small label-free project; mapping must come from acquisition filenames	PRIDE https://www.ebi.ac.uk/pride/ws/archive/v3/projects/PXD071948; files/all n=39	Q2	5	Homo sapiens (human)	39	26	raw	DIA	LFQ	Orbitrap Astral;Orbitrap Exploris 480;timsTOF HT	no	no	MultiSection_FFPE15_timsTOF_noimputation_proteintable.tsv;MultiSection_FFPE15_Exploris_noimputation_proteintable.tsv;MultiSection_FFPE15_timsTOF_imputed_proteintable.tsv	moderate	26	ms-proteomics;human;dia-acquisition	none_in_pride	no	Verify filename tokens resolve condition and replicate before annotating
PXD072045	include	Small label-free project; mapping must come from acquisition filenames	PRIDE https://www.ebi.ac.uk/pride/ws/archive/v3/projects/PXD072045; files/all n=146	Q2	5	Pseudomonas sp. m1	146	48	d.zip	DDA	LFQ	timsTOF Pro	no	no	checksum.txt;20231101_filipa_final_data.csv	moderate	48	ms-proteomics	none_in_pride	no	Verify filename tokens resolve condition and replicate before annotating
PXD072260	include	Small label-free project; mapping must come from acquisition filenames	PRIDE https://www.ebi.ac.uk/pride/ws/archive/v3/projects/PXD072260; files/all n=74	Q2	5	Mus musculus (mouse)	74	36	raw	DIA	LFQ	Q Exactive HF	no	no	checksum.txt;report.tsv	moderate	36	ms-proteomics;vertebrates;dia-acquisition	none_in_pride	no	Verify filename tokens resolve condition and replicate before annotating
PXD072354	include	Small label-free project; mapping must come from acquisition filenames	PRIDE https://www.ebi.ac.uk/pride/ws/archive/v3/projects/PXD072354; files/all n=32	Q2	5	Homo sapiens (human)	32	30	raw	DIA	LFQ	LTQ Orbitrap Elite	no	no	ExplanationatorynotesKnitlovaCAMB-D-25-00260.xlsx;checksum.txt	moderate	30	ms-proteomics;human;dia-acquisition	none_in_pride	no	Verify filename tokens resolve condition and replicate before annotating
PXD072581	include	Small label-free project; mapping must come from acquisition filenames	PRIDE https://www.ebi.ac.uk/pride/ws/archive/v3/projects/PXD072581; files/all n=32	Q2	5	Escherichia coli;Homo sapiens (human)	32	30	d.zip	DIA	LFQ	timsTOF Pro 2	no	no	checksum.txt	moderate	30	ms-proteomics;dia-acquisition	none_in_pride	no	Verify filename tokens resolve condition and replicate before annotating
PXD072729	include	Small label-free project; mapping must come from acquisition filenames	PRIDE https://www.ebi.ac.uk/pride/ws/archive/v3/projects/PXD072729; files/all n=48	Q2	5	Homo sapiens (human)	48	42	raw	DIA	LFQ	Orbitrap Fusion Lumos	no	no	DIA_Shortgradient.tsv;ADPProbeDDA.xlsx;Bindingmotifassessment.xlsx	moderate	42	ms-proteomics;human;dia-acquisition;cell-lines	none_in_pride	no	Verify filename tokens resolve condition and replicate before annotating
PXD072822	include	Small label-free project; mapping must come from acquisition filenames	PRIDE https://www.ebi.ac.uk/pride/ws/archive/v3/projects/PXD072822; files/all n=33	Q2	5	Homo sapiens (human)	33	31	raw	DIA	LFQ	Orbitrap Exploris 480	no	no	checksum.txt	moderate	31	ms-proteomics;human;dia-acquisition;cell-lines	none_in_pride	no	Verify filename tokens resolve condition and replicate before annotating
PXD072964	include	Small label-free project; mapping must come from acquisition filenames	PRIDE https://www.ebi.ac.uk/pride/ws/archive/v3/projects/PXD072964; files/all n=30	Q2	5	Homo sapiens (human)	30	27	raw	DIA	LFQ	Orbitrap Exploris 240	no	no	report_pg.xlsx;checksum.txt;report.log.txt	moderate	27	ms-proteomics;human;dia-acquisition;cell-lines	none_in_pride	no	Verify filename tokens resolve condition and replicate before annotating
PXD073012	include	Small label-free project; mapping must come from acquisition filenames	PRIDE https://www.ebi.ac.uk/pride/ws/archive/v3/projects/PXD073012; files/all n=47	Q2	5	Staphylococcus aureus	47	42	raw	DIA	LFQ	Q Exactive Plus	no	no	checksum.txt	moderate	42	ms-proteomics;dia-acquisition	none_in_pride	no	Verify filename tokens resolve condition and replicate before annotating
PXD073022	include	Submitter deposited an SDRF in PRIDE; import, validate, and improve	PRIDE https://www.ebi.ac.uk/pride/ws/archive/v3/projects/PXD073022; files/all n=72	Q0	5	Pseudomonas taiwanensis;Microbacterium ginsengisoli;Pseudomonas canadensis	72	60	raw	DDA	LFQ	Orbitrap Fusion	yes	yes	DEP.sdrf.tsv	hard	60	ms-proteomics	none_in_pride	no	deposited: DEP.sdrf.tsv
PXD073076	include	Small label-free project; mapping must come from acquisition filenames	PRIDE https://www.ebi.ac.uk/pride/ws/archive/v3/projects/PXD073076; files/all n=71	Q2	5	Mus musculus (mouse)	71	30	d.zip;raw	DDA	LFQ	Orbitrap Exploris 480;timsTOF HT	no	no	checksum.txt	moderate	30	ms-proteomics;vertebrates	none_in_pride	no	Verify filename tokens resolve condition and replicate before annotating
PXD073189	include	Small label-free project; mapping must come from acquisition filenames	PRIDE https://www.ebi.ac.uk/pride/ws/archive/v3/projects/PXD073189; files/all n=35	Q2	5	Homo sapiens (human)	35	32	raw	DIA	LFQ	Orbitrap Fusion Lumos	no	no	Spectronaut_protein_results.zip	moderate	32	ms-proteomics;human;dia-acquisition	none_in_pride	no	Verify filename tokens resolve condition and replicate before annotating
PXD073205	include	Small label-free project; mapping must come from acquisition filenames	PRIDE https://www.ebi.ac.uk/pride/ws/archive/v3/projects/PXD073205; files/all n=35	Q2	5	Homo sapiens (human)	35	32	raw	DIA	LFQ	Orbitrap Ascend	no	no	spectronaut_results.zip	moderate	32	ms-proteomics;human;dia-acquisition	none_in_pride	no	Verify filename tokens resolve condition and replicate before annotating
PXD073488	include	Small label-free project; mapping must come from acquisition filenames	PRIDE https://www.ebi.ac.uk/pride/ws/archive/v3/projects/PXD073488; files/all n=37	Q2	5	Homo sapiens (human)	37	34	raw	DIA	LFQ	Orbitrap Fusion Lumos	no	no	checksum.txt;ProteinQuantitaion_GlobalProteomics.xlsx;20250620_Michele_Kinativ_Report.csv	moderate	34	ms-proteomics;human;dia-acquisition	none_in_pride	no	Verify filename tokens resolve condition and replicate before annotating
PXD073754	include	Small label-free project; mapping must come from acquisition filenames	PRIDE https://www.ebi.ac.uk/pride/ws/archive/v3/projects/PXD073754; files/all n=32	Q2	5	Homo sapiens (human)	32	30	raw	DIA	LFQ	Orbitrap Astral	no	no	checksum.txt	moderate	30	ms-proteomics;human;dia-acquisition	none_in_pride	no	Verify filename tokens resolve condition and replicate before annotating
PXD073765	include	Small label-free project; mapping must come from acquisition filenames	PRIDE https://www.ebi.ac.uk/pride/ws/archive/v3/projects/PXD073765; files/all n=71	Q2	5	Mus musculus (mouse)	71	48	raw	DDA	LFQ	Q Exactive HF-X	no	no	checksum.txt	moderate	48	ms-proteomics;vertebrates	none_in_pride	no	Verify filename tokens resolve condition and replicate before annotating
PXD073775	include	Small label-free project; mapping must come from acquisition filenames	PRIDE https://www.ebi.ac.uk/pride/ws/archive/v3/projects/PXD073775; files/all n=32	Q2	5	Homo sapiens (human)	32	30	raw	DIA	LFQ	Orbitrap Astral	no	no	checksum.txt	moderate	30	ms-proteomics;human;dia-acquisition	none_in_pride	no	Verify filename tokens resolve condition and replicate before annotating
PXD073952	include	Small label-free project; mapping must come from acquisition filenames	PRIDE https://www.ebi.ac.uk/pride/ws/archive/v3/projects/PXD073952; files/all n=42	Q2	5	Homo sapiens (human)	42	39	raw	DIA	LFQ	Orbitrap Exploris 480	no	no	checksum.txt	moderate	39	ms-proteomics;human;dia-acquisition	none_in_pride	no	Verify filename tokens resolve condition and replicate before annotating
PXD074107	include	Small label-free project; mapping must come from acquisition filenames	PRIDE https://www.ebi.ac.uk/pride/ws/archive/v3/projects/PXD074107; files/all n=47	Q2	5	Homo sapiens (human)	47	40	d.zip	DIA	LFQ	timsTOF HT	no	no	checksum.txt;raw_files_description.xlsx;files_description.txt	moderate	40	ms-proteomics;human;dia-acquisition	none_in_pride	no	Verify filename tokens resolve condition and replicate before annotating
PXD074203	include	Small label-free project; mapping must come from acquisition filenames	PRIDE https://www.ebi.ac.uk/pride/ws/archive/v3/projects/PXD074203; files/all n=32	Q2	5	Canis familiaris (dog) (canis lupus familiaris)	32	30	raw	DDA	LFQ	Orbitrap Fusion Lumos	no	no	checksum.txt	moderate	30	ms-proteomics	none_in_pride	no	Verify filename tokens resolve condition and replicate before annotating
PXD074276	include	Small label-free project; mapping must come from acquisition filenames	PRIDE https://www.ebi.ac.uk/pride/ws/archive/v3/projects/PXD074276; files/all n=25	Q2	5	Homo sapiens (human)	25	23	raw	unknown	LFQ	Q Exactive HF	no	no	checksum.txt	moderate	23	ms-proteomics;human	none_in_pride	no	Verify filename tokens resolve condition and replicate before annotating
PXD074345	include	Small label-free project; mapping must come from acquisition filenames	PRIDE https://www.ebi.ac.uk/pride/ws/archive/v3/projects/PXD074345; files/all n=37	Q2	5	Vespa velutina;Vespa basalis;Vespa mandarinia;Provespa barthelemyi	37	18	raw	unknown	LFQ	Orbitrap Fusion	no	no	GelBandProteinID_Vm_F2_PD.xlsx;GelBandProteinID_Vb_F3_PD.xlsx;GelBandProteinID_Vv_F3_Band1_PD.xlsx	moderate	18	ms-proteomics	none_in_pride	no	Verify filename tokens resolve condition and replicate before annotating
PXD074552	include	Small label-free project; mapping must come from acquisition filenames	PRIDE https://www.ebi.ac.uk/pride/ws/archive/v3/projects/PXD074552; files/all n=38	Q2	5	Ovis aries	38	36	d.zip	DIA	LFQ	timsTOF Pro	no	no	Report.pg_matrix.tsv;checksum.txt	moderate	36	ms-proteomics;dia-acquisition	none_in_pride	no	Verify filename tokens resolve condition and replicate before annotating
PXD074567	include	Small label-free project; mapping must come from acquisition filenames	PRIDE https://www.ebi.ac.uk/pride/ws/archive/v3/projects/PXD074567; files/all n=32	Q2	5	Homo sapiens (human)	32	25	raw	DDA	LFQ	Orbitrap Ascend	no	no	checksum.txt	moderate	25	ms-proteomics;human	none_in_pride	no	Verify filename tokens resolve condition and replicate before annotating
PXD074587	include	Small label-free project; mapping must come from acquisition filenames	PRIDE https://www.ebi.ac.uk/pride/ws/archive/v3/projects/PXD074587; files/all n=32	Q2	5	Homo sapiens (human)	32	28	raw	DIA	LFQ	Orbitrap Exploris 480	no	no	checksum.txt;20260113_072548_islet_total_final_Report.setup.txt	moderate	28	ms-proteomics;human;dia-acquisition	none_in_pride	no	Verify filename tokens resolve condition and replicate before annotating
PXD075581	include	Small label-free project; mapping must come from acquisition filenames	PRIDE https://www.ebi.ac.uk/pride/ws/archive/v3/projects/PXD075581; files/all n=41	Q2	5	Mus musculus (mouse)	41	32	raw	DIA	LFQ	Orbitrap Astral	no	no	all.pg_matrix.tsv;all.pr_matrix.tsv;checksum.txt	moderate	32	ms-proteomics;vertebrates;dia-acquisition	none_in_pride	no	Verify filename tokens resolve condition and replicate before annotating
PXD075611	include	Small label-free project; mapping must come from acquisition filenames	PRIDE https://www.ebi.ac.uk/pride/ws/archive/v3/projects/PXD075611; files/all n=44	Q2	5	Homo sapiens (human)	44	42	raw	DIA	LFQ	Orbitrap Eclipse	no	no	RawData.xlsx;checksum.txt	moderate	42	ms-proteomics;human;dia-acquisition	none_in_pride	no	Verify filename tokens resolve condition and replicate before annotating
PXD075613	include	Small label-free project; mapping must come from acquisition filenames	PRIDE https://www.ebi.ac.uk/pride/ws/archive/v3/projects/PXD075613; files/all n=39	Q2	5	Homo sapiens (human)	39	30	raw	DDA	LFQ	Orbitrap Fusion Lumos;Q Exactive	no	no	169_crosslinkMsms.txt;checksum.txt;01_RawFileDetails.txt	moderate	30	ms-proteomics;human	none_in_pride	no	Verify filename tokens resolve condition and replicate before annotating
PXD075637	include	Small label-free project; mapping must come from acquisition filenames	PRIDE https://www.ebi.ac.uk/pride/ws/archive/v3/projects/PXD075637; files/all n=33	Q2	5	Burkholderia cenocepacia k56-2valvano	33	28	raw	DIA	LFQ	Orbitrap Eclipse	no	no	checksum.txt	moderate	28	ms-proteomics;dia-acquisition	none_in_pride	no	Verify filename tokens resolve condition and replicate before annotating
PXD075711	include	Small label-free project; mapping must come from acquisition filenames	PRIDE https://www.ebi.ac.uk/pride/ws/archive/v3/projects/PXD075711; files/all n=55	Q2	5	Rattus norvegicus (rat)	55	36	raw	DDA	LFQ	Q Exactive	no	no	checksum.txt	moderate	36	ms-proteomics;vertebrates	none_in_pride	no	Verify filename tokens resolve condition and replicate before annotating
PXD075760	include	Small label-free project; mapping must come from acquisition filenames	PRIDE https://www.ebi.ac.uk/pride/ws/archive/v3/projects/PXD075760; files/all n=73	Q2	5	Corynebacterium glutamicum mb001	73	26	raw	DIA	LFQ	Orbitrap Exploris 480	no	no	report.stats.tsv;report.manifest.txt;report-first-pass.pr_matrix.tsv	moderate	26	ms-proteomics;dia-acquisition	none_in_pride	no	Verify filename tokens resolve condition and replicate before annotating
PXD076118	include	Small label-free project; mapping must come from acquisition filenames	PRIDE https://www.ebi.ac.uk/pride/ws/archive/v3/projects/PXD076118; files/all n=51	Q2	5	Metamycoplasma;Bos taurus (bovine)	51	25	d.zip	DDA	LFQ	maXis	no	no	checksum.txt	moderate	25	ms-proteomics	none_in_pride	no	Verify filename tokens resolve condition and replicate before annotating
PXD076163	include	Small label-free project; mapping must come from acquisition filenames	PRIDE https://www.ebi.ac.uk/pride/ws/archive/v3/projects/PXD076163; files/all n=35	Q2	5	Drosophila melanogaster (fruit fly)	35	32	raw	DIA	LFQ	quadrupole orbitrap astral instrument	no	no	proteinGroups.txt;abundance_single-site_MS2quant_Norm.tsv;checksum.txt	moderate	32	ms-proteomics;invertebrates;dia-acquisition	none_in_pride	no	Verify filename tokens resolve condition and replicate before annotating
PXD076428	include	Small label-free project; mapping must come from acquisition filenames	PRIDE https://www.ebi.ac.uk/pride/ws/archive/v3/projects/PXD076428; files/all n=29	Q2	5	Homo sapiens (human)	29	26	raw	DIA	LFQ	Q Exactive HF	no	no	checksum.txt;NK_cells_Report.setup.txt;NK_cells_Report.csv	moderate	26	ms-proteomics;human;dia-acquisition	none_in_pride	no	Verify filename tokens resolve condition and replicate before annotating
PXD076459	include	Small label-free project; mapping must come from acquisition filenames	PRIDE https://www.ebi.ac.uk/pride/ws/archive/v3/projects/PXD076459; files/all n=91	Q2	5	Homo sapiens (human)	91	30	raw	DIA	LFQ	Q Exactive	no	no	checksum.txt	moderate	30	ms-proteomics;human;dia-acquisition	none_in_pride	no	Verify filename tokens resolve condition and replicate before annotating
PXD076715	include	Small label-free project; mapping must come from acquisition filenames	PRIDE https://www.ebi.ac.uk/pride/ws/archive/v3/projects/PXD076715; files/all n=36	Q2	5	Drosophila melanogaster (fruit fly)	36	33	raw	DIA	LFQ	Q Exactive HF	no	no	KEY.xlsx;Search_Results_Kiparaki.txt;checksum.txt	moderate	33	ms-proteomics;invertebrates;dia-acquisition	none_in_pride	no	Verify filename tokens resolve condition and replicate before annotating
PXD076825	include	Submitter deposited an SDRF in PRIDE; import, validate, and improve	PRIDE https://www.ebi.ac.uk/pride/ws/archive/v3/projects/PXD076825; files/all n=201	Q0	5	Mus musculus (mouse)	201	90	raw	DIA	LFQ	quadrupole orbitrap astral instrument	yes	yes	SDRF.xlsx	hard	90	ms-proteomics;vertebrates;dia-acquisition	none_in_pride	no	deposited: SDRF.xlsx
PXD077030	include	Small label-free project; mapping must come from acquisition filenames	PRIDE https://www.ebi.ac.uk/pride/ws/archive/v3/projects/PXD077030; files/all n=28	Q2	5	Homo sapiens (human)	28	26	raw	DIA	LFQ	Orbitrap Fusion Lumos	no	no	checksum.txt;proteinGroups.txt	moderate	26	ms-proteomics;human;dia-acquisition	none_in_pride	no	Verify filename tokens resolve condition and replicate before annotating
PXD077318	include	Small label-free project with a public design or sample sheet	PRIDE https://www.ebi.ac.uk/pride/ws/archive/v3/projects/PXD077318; files/all n=60	Q1	5	Homo sapiens (human)	60	29	raw	unknown	LFQ	Q Exactive HF-X	yes	no	Design_PRIDE_Mirabal_Ortega.xlsx	moderate	29	ms-proteomics;human	none_in_pride	no	
PXD077620	include	Small label-free project; mapping must come from acquisition filenames	PRIDE https://www.ebi.ac.uk/pride/ws/archive/v3/projects/PXD077620; files/all n=42	Q2	5	Mus musculus (mouse)	42	38	raw	DIA	LFQ	Orbitrap Astral	no	no	checksum.txt	moderate	38	ms-proteomics;vertebrates;dia-acquisition	none_in_pride	no	Verify filename tokens resolve condition and replicate before annotating
PXD077631	include	Small label-free project; mapping must come from acquisition filenames	PRIDE https://www.ebi.ac.uk/pride/ws/archive/v3/projects/PXD077631; files/all n=45	Q2	5	Mus musculus (mouse)	45	39	raw	DIA	LFQ	orbitrap	no	no	checksum.txt;Yuang_250318_Ascend-5-Gps-No-normalization-remove-FeR3.tsv;260209_Yuang_YG-12535_Report_minus_1to4.tsv	moderate	39	ms-proteomics;vertebrates;dia-acquisition	none_in_pride	no	Verify filename tokens resolve condition and replicate before annotating
PXD077923	include	Small label-free project; mapping must come from acquisition filenames	PRIDE https://www.ebi.ac.uk/pride/ws/archive/v3/projects/PXD077923; files/all n=66	Q2	5	Homo sapiens (human)	66	32	raw	DIA	LFQ	Orbitrap Astral	no	no	OtUBD_pulldown_bortezomib.protein_description.tsv;OtUBD_pulldown_bortezomib.pr_matrix.tsv;checksum.txt	moderate	32	ms-proteomics;human;dia-acquisition	none_in_pride	no	Verify filename tokens resolve condition and replicate before annotating
PXD078908	include	Submitter deposited an SDRF in PRIDE; import, validate, and improve	PRIDE https://www.ebi.ac.uk/pride/ws/archive/v3/projects/PXD078908; files/all n=62	Q0	5	Streptomyces albidoflavus	62	55	d.zip	DIA	LFQ	timsTOF	yes	yes	sdrf.tsv	hard	55	ms-proteomics;dia-acquisition	none_in_pride	no	deposited: sdrf.tsv
PXD079313	include	Small label-free project; mapping must come from acquisition filenames	PRIDE https://www.ebi.ac.uk/pride/ws/archive/v3/projects/PXD079313; files/all n=50	Q2	5	Homo sapiens (human)	50	42	raw	DDA	LFQ	Q Exactive HF-X	no	no	TurboID_Raw_file_experiment_list.xlsx;checksum.txt	moderate	42	ms-proteomics;human;cell-lines	none_in_pride	no	Verify filename tokens resolve condition and replicate before annotating
PXD080046	include	Small label-free project; mapping must come from acquisition filenames	PRIDE https://www.ebi.ac.uk/pride/ws/archive/v3/projects/PXD080046; files/all n=41	Q2	5	Homo sapiens (human)	41	36	raw	DDA	LFQ	Q Exactive HF-X	no	no	Raw_file_experiment_list.xlsx;checksum.txt	moderate	36	ms-proteomics;human;cell-lines	none_in_pride	no	Verify filename tokens resolve condition and replicate before annotating
PXD020283	include	Small label-free project; mapping must come from acquisition filenames	PRIDE https://www.ebi.ac.uk/pride/ws/archive/v3/projects/PXD020283; files/all n=57	Q2	4	Candida albicans (yeast)	57	28	raw	DIA	LFQ	Q Exactive Plus	no	no		moderate	28	ms-proteomics;dia-acquisition	none_in_pride	no	Verify filename tokens resolve condition and replicate before annotating
PXD046499	include	Small label-free project; mapping must come from acquisition filenames	PRIDE https://www.ebi.ac.uk/pride/ws/archive/v3/projects/PXD046499; files/all n=98	Q2	4	Corynebacterium glutamicum atcc 13032	98	48	wiff	DIA	LFQ	TripleTOF 5600	no	no		moderate	48	ms-proteomics;dia-acquisition	none_in_pride	no	Verify filename tokens resolve condition and replicate before annotating
PXD046738	include	Small label-free project; mapping must come from acquisition filenames	PRIDE https://www.ebi.ac.uk/pride/ws/archive/v3/projects/PXD046738; files/all n=31	Q2	4	Homo sapiens (human)	31	30	raw	DIA	LFQ	Q Exactive HF	no	no		moderate	30	ms-proteomics;human;dia-acquisition	none_in_pride	no	Verify filename tokens resolve condition and replicate before annotating
PXD049199	include	Small label-free project; mapping must come from acquisition filenames	PRIDE https://www.ebi.ac.uk/pride/ws/archive/v3/projects/PXD049199; files/all n=55	Q2	4	Homo sapiens (human)	55	27	wiff	DIA	LFQ	TripleTOF 5600	no	no		moderate	27	ms-proteomics;human;dia-acquisition	none_in_pride	no	Verify filename tokens resolve condition and replicate before annotating
PXD052863	include	Small label-free project; mapping must come from acquisition filenames	PRIDE https://www.ebi.ac.uk/pride/ws/archive/v3/projects/PXD052863; files/all n=77	Q2	4	Bos taurus (bovine)	77	38	wiff	DIA	LFQ	TripleTOF 5600	no	no		moderate	38	ms-proteomics;vertebrates;dia-acquisition	none_in_pride	no	Verify filename tokens resolve condition and replicate before annotating
PXD054453	include	Small label-free project; mapping must come from acquisition filenames	PRIDE https://www.ebi.ac.uk/pride/ws/archive/v3/projects/PXD054453; files/all n=77	Q2	4	Homo sapiens (human)	77	38	raw	DIA	LFQ	Q Exactive HF	no	no		moderate	38	ms-proteomics;human;dia-acquisition	none_in_pride	no	Verify filename tokens resolve condition and replicate before annotating
PXD056568	include	Small label-free project; mapping must come from acquisition filenames	PRIDE https://www.ebi.ac.uk/pride/ws/archive/v3/projects/PXD056568; files/all n=128	Q2	4	Mus musculus (mouse)	128	32	wiff	DIA	LFQ	ZenoTOF 7600	no	no		moderate	32	ms-proteomics;vertebrates;dia-acquisition	none_in_pride	no	Verify filename tokens resolve condition and replicate before annotating
PXD057158	include	Small label-free project; mapping must come from acquisition filenames	PRIDE https://www.ebi.ac.uk/pride/ws/archive/v3/projects/PXD057158; files/all n=33	Q2	4	Mesocricetus auratus (golden hamster)	33	32	d.7z	DIA	LFQ	timsTOF Pro 2	no	no		moderate	32	ms-proteomics;dia-acquisition	none_in_pride	no	Verify filename tokens resolve condition and replicate before annotating
PXD061471	include	Small label-free project; mapping must come from acquisition filenames	PRIDE https://www.ebi.ac.uk/pride/ws/archive/v3/projects/PXD061471; files/all n=74	Q2	4	Homo sapiens (human)	74	36	wiff	DIA	LFQ	TripleTOF 6600	no	no		moderate	36	ms-proteomics;human;dia-acquisition	none_in_pride	no	Verify filename tokens resolve condition and replicate before annotating
PXD063568	include	Small label-free project; mapping must come from acquisition filenames	PRIDE https://www.ebi.ac.uk/pride/ws/archive/v3/projects/PXD063568; files/all n=60	Q2	4	Sus scrofa domesticus (domestic pig)	60	30	d.zip	DIA	LFQ	compact	no	no		moderate	30	ms-proteomics;vertebrates;dia-acquisition	none_in_pride	no	Verify filename tokens resolve condition and replicate before annotating
PXD070273	include	Small label-free project; mapping must come from acquisition filenames	PRIDE https://www.ebi.ac.uk/pride/ws/archive/v3/projects/PXD070273; files/all n=37	Q2	4	Mus musculus (mouse)	37	32	raw	unknown	LFQ	Q Exactive HF	no	no	checksum.txt	moderate	32	ms-proteomics;vertebrates	none_in_pride	no	Verify filename tokens resolve condition and replicate before annotating
PXD074193	include	Small label-free project; mapping must come from acquisition filenames	PRIDE https://www.ebi.ac.uk/pride/ws/archive/v3/projects/PXD074193; files/all n=46	Q2	4	Homo sapiens (human)	46	44	raw	unknown	LFQ	Orbitrap Exploris 480	no	no	checksum.txt;search_result.txt	moderate	44	ms-proteomics;human	none_in_pride	no	Verify filename tokens resolve condition and replicate before annotating
PXD074614	include	Small label-free project; mapping must come from acquisition filenames	PRIDE https://www.ebi.ac.uk/pride/ws/archive/v3/projects/PXD074614; files/all n=100	Q2	4	Mus musculus (mouse)	100	33	raw	unknown	LFQ	Q Exactive	no	no	checksum.txt	moderate	33	ms-proteomics;vertebrates	none_in_pride	no	Verify filename tokens resolve condition and replicate before annotating
PXD075103	include	Small label-free project; mapping must come from acquisition filenames	PRIDE https://www.ebi.ac.uk/pride/ws/archive/v3/projects/PXD075103; files/all n=46	Q2	4	Apis mellifera (honeybee);Mus musculus (mouse)	46	31	raw	unknown	LFQ	Orbitrap Fusion;Orbitrap Exploris 480	no	no	Inhouse_GSTTRPV1_pullDown_proteins.csv;checksum.txt;GelBandProteinID_Am_F3_PD.xlsx	moderate	31	ms-proteomics	none_in_pride	no	Verify filename tokens resolve condition and replicate before annotating
PXD077767	include	Small label-free project; mapping must come from acquisition filenames	PRIDE https://www.ebi.ac.uk/pride/ws/archive/v3/projects/PXD077767; files/all n=45	Q2	4	Homo sapiens (human)	45	15	raw	unknown	LFQ	LTQ Orbitrap Elite	no	no		moderate	15	ms-proteomics;human	none_in_pride	no	Verify filename tokens resolve condition and replicate before annotating
PXD073683	include	Submitter deposited an SDRF in PRIDE; import, validate, and improve	PRIDE https://www.ebi.ac.uk/pride/ws/archive/v3/projects/PXD073683; files/all n=122	Q0	3	Rattus norvegicus (rat);Homo sapiens (human)	122	80	raw	DDA	TMT/iTRAQ/SILAC	Orbitrap Fusion Lumos	yes	yes	sdrf.tsv	hard	80	ms-proteomics	none_in_pride	no	deposited: sdrf.tsv
PXD061638	exclude	Already annotated in datasets/	PRIDE https://www.ebi.ac.uk/pride/ws/archive/v3/projects/PXD061638; files/all n=9		8	Homo sapiens (human)	9	4	raw	DIA	LFQ	Orbitrap Astral	no	no	20240224.txt;Supplementary_Table_1.xlsx;Supplementary_Table_2.xlsx	simple	4	ms-proteomics;human;dia-acquisition	none_in_pride	yes	
PXD047623	hold	Acquisition files are bundled inside archives and are not listed individually	PRIDE https://www.ebi.ac.uk/pride/ws/archive/v3/projects/PXD047623; files/all n=54	Q3	7	Homo sapiens (human)	54	0		DIA	LFQ	Bruker Daltonics instrument model	yes	yes	metadata.sdrf.tsv	simple	0	ms-proteomics;human;dia-acquisition	none_in_pride	no	53 archive(s); inspect the FTP listing before annotating
PXD047908	hold	Acquisition files are bundled inside archives and are not listed individually	PRIDE https://www.ebi.ac.uk/pride/ws/archive/v3/projects/PXD047908; files/all n=20	Q3	7	Mus musculus (mouse)	20	0		DIA	LFQ	Bruker Daltonics instrument model	yes	yes	metadata.sdrf.tsv	simple	0	ms-proteomics;vertebrates;dia-acquisition	none_in_pride	no	19 archive(s); inspect the FTP listing before annotating
PXD060523	hold	Acquisition files are bundled inside archives and are not listed individually	PRIDE https://www.ebi.ac.uk/pride/ws/archive/v3/projects/PXD060523; files/all n=12	Q3	7	Mus musculus (mouse)	12	0		DIA	LFQ	Bruker Daltonics instrument model	yes	yes	metadata.sdrf.tsv	simple	0	ms-proteomics;vertebrates;dia-acquisition;cell-lines	none_in_pride	no	10 archive(s); inspect the FTP listing before annotating
PXD062685	exclude	Already annotated in datasets/	PRIDE https://www.ebi.ac.uk/pride/ws/archive/v3/projects/PXD062685; files/all n=4		7	Saccharomyces cerevisiae (baker's yeast);Escherichia coli;Homo sapiens (human)	4	0		DIA	LFQ	timsTOF SCP	yes	yes	less_SDRF.sdrf.tsv	simple	0	ms-proteomics;dia-acquisition	none_in_pride	yes	
PXD064899	hold	Acquisition files are bundled inside archives and are not listed individually	PRIDE https://www.ebi.ac.uk/pride/ws/archive/v3/projects/PXD064899; files/all n=7	Q3	7	Botryllus schlosseri	7	0		DIA	LFQ	maXis	yes	yes	ML_SDRF.sdrf.tsv	simple	0	ms-proteomics;dia-acquisition	none_in_pride	no	1 archive(s); inspect the FTP listing before annotating
PXD068007	hold	Neither acquisition nor quantitation mode could be determined	PRIDE https://www.ebi.ac.uk/pride/ws/archive/v3/projects/PXD068007; files/all n=8	Q3	7	Homo sapiens (human)	8	6	raw	unknown	unknown	Orbitrap Astral	yes	no	DesignPRIDE.xlsx	simple	6	ms-proteomics;human	none_in_pride	no	
PXD070160	hold	Acquisition files are bundled inside archives and are not listed individually	PRIDE https://www.ebi.ac.uk/pride/ws/archive/v3/projects/PXD070160; files/all n=30	Q3	7	Rattus norvegicus (rat)	30	0		DDA	LFQ	Orbitrap Exploris 240	yes	yes	sdrf-rat-secretome.tsv	simple	0	ms-proteomics;vertebrates	none_in_pride	no	2 archive(s); inspect the FTP listing before annotating
PXD071140	hold	Acquisition files are bundled inside archives and are not listed individually	PRIDE https://www.ebi.ac.uk/pride/ws/archive/v3/projects/PXD071140; files/all n=14	Q3	7	Bos taurus (bovine)	14	0		DIA	LFQ	timsTOF fleX	yes	yes	sdrf-PXD071140.tsv	simple	0	ms-proteomics;vertebrates;dia-acquisition	none_in_pride	no	12 archive(s); inspect the FTP listing before annotating
PXD071471	hold	Acquisition files are bundled inside archives and are not listed individually	PRIDE https://www.ebi.ac.uk/pride/ws/archive/v3/projects/PXD071471; files/all n=9	Q3	7	Homo sapiens (human)	9	0		DIA	LFQ	timsTOF SCP	yes	yes	SDRF_pregnancy.xlsx	simple	0	ms-proteomics;human;dia-acquisition	none_in_pride	no	3 archive(s); inspect the FTP listing before annotating
PXD071497	hold	Acquisition files are bundled inside archives and are not listed individually	PRIDE https://www.ebi.ac.uk/pride/ws/archive/v3/projects/PXD071497; files/all n=27	Q3	7	Homo sapiens (human)	27	0		DIA	LFQ	timsTOF fleX	yes	yes	sdrf-BAP1.sdrf	simple	0	ms-proteomics;human;dia-acquisition	none_in_pride	no	24 archive(s); inspect the FTP listing before annotating
PXD071598	exclude	Isobaric or metabolic multiplexing above the 6-file exception	PRIDE https://www.ebi.ac.uk/pride/ws/archive/v3/projects/PXD071598; files/all n=19		7	Homo sapiens (human)	19	12	d.zip	DIA	TMT/iTRAQ/SILAC	Orbitrap Fusion Lumos	yes	no	DIA_ExperimentDesign.csv;DDA_ExperimentDesign.csv	simple	12	ms-proteomics;human;dia-acquisition	none_in_pride	no	
PXD075212	exclude	No vendor acquisition files in the archive	PRIDE https://www.ebi.ac.uk/pride/ws/archive/v3/projects/PXD075212; files/all n=121		7	Arabidopsis thaliana (mouse-ear cress)	121	0		DDA	LFQ	Q Exactive Plus	yes	yes	SDRF_DELANNOY_metadata.tsv	simple	0	ms-proteomics;plants	none_in_pride	no	
PXD075982	exclude	No vendor acquisition files in the archive	PRIDE https://www.ebi.ac.uk/pride/ws/archive/v3/projects/PXD075982; files/all n=23		7	Homo sapiens (human)	23	0		DIA	LFQ	maXis	yes	yes	sdrf_form.csv	simple	0	ms-proteomics;human;dia-acquisition	none_in_pride	no	
PXD051392	hold	Acquisition files are bundled inside archives and are not listed individually	PRIDE https://www.ebi.ac.uk/pride/ws/archive/v3/projects/PXD051392; files/all n=101	Q3	6	Schizosaccharomyces pombe;Schizosaccharomyces pombe 927	101	0		DIA	LFQ	ZenoTOF 7600	yes	no	RNA_degradation_metadata.xlsx	simple	0	ms-proteomics;dia-acquisition	none_in_pride	no	97 archive(s); inspect the FTP listing before annotating
PXD051823	hold	Acquisition files are bundled inside archives and are not listed individually	PRIDE https://www.ebi.ac.uk/pride/ws/archive/v3/projects/PXD051823; files/all n=6	Q3	6	Mus musculus (mouse)	6	0		DIA	LFQ	TripleTOF 6600	yes	no	20220319_SWATH_sample.7z	simple	0	ms-proteomics;vertebrates;dia-acquisition	none_in_pride	no	3 archive(s); inspect the FTP listing before annotating
PXD053967	exclude	Isobaric or metabolic multiplexing above the 6-file exception	PRIDE https://www.ebi.ac.uk/pride/ws/archive/v3/projects/PXD053967; files/all n=12		6	Staphylococcus aureus	12	8	raw	DIA	TMT/iTRAQ/SILAC	Orbitrap Exploris 480	no	no	20240626_134433_20240527_Sau_ClpXI265E_medianNorm_Report.tsv	simple	8	ms-proteomics;dia-acquisition	none_in_pride	no	
PXD054133	exclude	No vendor acquisition files in the archive	PRIDE https://www.ebi.ac.uk/pride/ws/archive/v3/projects/PXD054133; files/all n=4		6	Homo sapiens (human)	4	0		DIA	LFQ	timsTOF Pro	yes	no	Results_DIA-NN.rar;sample_info.txt	simple	0	ms-proteomics;human;dia-acquisition	none_in_pride	no	
PXD055981	hold	Acquisition files are bundled inside archives and are not listed individually	PRIDE https://www.ebi.ac.uk/pride/ws/archive/v3/projects/PXD055981; files/all n=15	Q3	6	Saccharomyces cerevisiae (baker's yeast);Escherichia coli;Homo sapiens (human)	15	0		DIA	LFQ	timsTOF Ultra	yes	no	Experiment_design.xlsx	simple	0	ms-proteomics;dia-acquisition	none_in_pride	no	6 archive(s); inspect the FTP listing before annotating
PXD056459	hold	Acquisition files are bundled inside archives and are not listed individually	PRIDE https://www.ebi.ac.uk/pride/ws/archive/v3/projects/PXD056459; files/all n=8	Q3	6	Rattus norvegicus (rat)	8	0		DIA	LFQ	timsTOF Pro 2	yes	no	MetaData.txt	simple	0	ms-proteomics;vertebrates;dia-acquisition	none_in_pride	no	1 archive(s); inspect the FTP listing before annotating
PXD056492	hold	Acquisition files are bundled inside archives and are not listed individually	PRIDE https://www.ebi.ac.uk/pride/ws/archive/v3/projects/PXD056492; files/all n=12	Q3	6	Homo sapiens (human)	12	0		DIA	LFQ	timsTOF Pro 2	yes	no	B_192_sample_study_raw_data_part_2.zip;A_96_samples_study_raw_data.zip;B_192_sample_study_raw_data_part_1.zip	simple	0	ms-proteomics;human;dia-acquisition	none_in_pride	no	4 archive(s); inspect the FTP listing before annotating
PXD057120	hold	Acquisition files are bundled inside archives and are not listed individually	PRIDE https://www.ebi.ac.uk/pride/ws/archive/v3/projects/PXD057120; files/all n=23	Q3	6	Homo sapiens (human)	23	0		DIA	LFQ	TripleTOF 5600	yes	no	SampleAnnotation.xlsx	simple	0	ms-proteomics;human;dia-acquisition	none_in_pride	no	2 archive(s); inspect the FTP listing before annotating
PXD059015	hold	Acquisition files are bundled inside archives and are not listed individually	PRIDE https://www.ebi.ac.uk/pride/ws/archive/v3/projects/PXD059015; files/all n=10	Q3	6	Homo sapiens (human)	10	0		DIA	LFQ	timsTOF HT	yes	no	metadata.txt	simple	0	ms-proteomics;human;dia-acquisition	none_in_pride	no	1 archive(s); inspect the FTP listing before annotating
PXD059319	hold	Acquisition files are bundled inside archives and are not listed individually	PRIDE https://www.ebi.ac.uk/pride/ws/archive/v3/projects/PXD059319; files/all n=17	Q3	6	Ornithodoros sp. ajm-2011b	17	0		DIA	LFQ	Q Exactive HF	yes	no	annotation_allprotein.xls;sample_relationship.xls	simple	0	ms-proteomics;dia-acquisition	none_in_pride	no	3 archive(s); inspect the FTP listing before annotating
PXD059899	hold	Acquisition files are bundled inside archives and are not listed individually	PRIDE https://www.ebi.ac.uk/pride/ws/archive/v3/projects/PXD059899; files/all n=7	Q3	6	Homo sapiens (human)	7	0		DIA	LFQ	timsTOF HT	yes	no	metadata.txt	simple	0	ms-proteomics;human;dia-acquisition;cell-lines	none_in_pride	no	1 archive(s); inspect the FTP listing before annotating
PXD060229	hold	Acquisition files are bundled inside archives and are not listed individually	PRIDE https://www.ebi.ac.uk/pride/ws/archive/v3/projects/PXD060229; files/all n=6	Q3	6	Mus musculus (mouse)	6	0		DIA	LFQ	timsTOF HT	yes	no	Sample_Table.xlsx	simple	0	ms-proteomics;vertebrates;dia-acquisition	none_in_pride	no	2 archive(s); inspect the FTP listing before annotating
PXD061128	exclude	No vendor acquisition files in the archive	PRIDE https://www.ebi.ac.uk/pride/ws/archive/v3/projects/PXD061128; files/all n=4		6	Homo sapiens (human)	4	0		DIA	LFQ	timsTOF Pro	yes	no	experimental_design.rar;spectronaut_output_files.rar;spectronaut_search_file.rar	simple	0	ms-proteomics;human;dia-acquisition	none_in_pride	no	
PXD061129	hold	Acquisition files are bundled inside archives and are not listed individually	PRIDE https://www.ebi.ac.uk/pride/ws/archive/v3/projects/PXD061129; files/all n=4	Q3	6	Homo sapiens (human)	4	0		DIA	LFQ	timsTOF HT	yes	no	samples.xlsx	simple	0	ms-proteomics;human;dia-acquisition	none_in_pride	no	1 archive(s); inspect the FTP listing before annotating
PXD061698	exclude	Already annotated in datasets/	PRIDE https://www.ebi.ac.uk/pride/ws/archive/v3/projects/PXD061698; files/all n=19		6	Homo sapiens (human)	19	14	raw	DIA	LFQ	Orbitrap Astral	no	no	Supplementary_Table_2.xlsx;20240275.tsv;20240224.txt	moderate	14	ms-proteomics;human;dia-acquisition	none_in_pride	yes	
PXD061887	hold	Acquisition files are bundled inside archives and are not listed individually	PRIDE https://www.ebi.ac.uk/pride/ws/archive/v3/projects/PXD061887; files/all n=4	Q3	6	Mus musculus (mouse)	4	0		DIA	LFQ	timsTOF Pro 2	yes	no	samples.xlsx	simple	0	ms-proteomics;vertebrates;dia-acquisition	none_in_pride	no	1 archive(s); inspect the FTP listing before annotating
PXD062198	hold	Acquisition files are bundled inside archives and are not listed individually	PRIDE https://www.ebi.ac.uk/pride/ws/archive/v3/projects/PXD062198; files/all n=13	Q3	6	Mus musculus (mouse)	13	0		DIA	LFQ	timsTOF HT	yes	no	metadata-all.csv	simple	0	ms-proteomics;vertebrates;dia-acquisition	none_in_pride	no	7 archive(s); inspect the FTP listing before annotating
PXD062678	exclude	No vendor acquisition files in the archive	PRIDE https://www.ebi.ac.uk/pride/ws/archive/v3/projects/PXD062678; files/all n=65		6	Homo sapiens (human)	65	0		DIA	LFQ	timsTOF Pro 2	yes	no	DIANNreport.log.txt;Metadata_file.txt	simple	0	ms-proteomics;human;dia-acquisition	none_in_pride	no	
PXD063539	hold	Acquisition files are bundled inside archives and are not listed individually	PRIDE https://www.ebi.ac.uk/pride/ws/archive/v3/projects/PXD063539; files/all n=15	Q3	6	Homo sapiens (human)	15	0		DIA	LFQ	timsTOF SCP	yes	no	OuterEpidermis_DIANN181_MBR.stats_deidentified.tsv;Metadata_PsoLayers_Moeller_et_al.csv;Subcutis_DIANN181_MBR.stats_deidentified.tsv	simple	0	ms-proteomics;human;dia-acquisition	none_in_pride	no	5 archive(s); inspect the FTP listing before annotating
PXD064353	exclude	No vendor acquisition files in the archive	PRIDE https://www.ebi.ac.uk/pride/ws/archive/v3/projects/PXD064353; files/all n=39		6	Homo sapiens (human)	39	0		DIA	LFQ	timsTOF SCP	yes	no	DIA-NN_output.pg_matrix.tsv;sample_to_file.csv	simple	0	ms-proteomics;human;dia-acquisition	none_in_pride	no	
PXD064529	hold	Acquisition files are bundled inside archives and are not listed individually	PRIDE https://www.ebi.ac.uk/pride/ws/archive/v3/projects/PXD064529; files/all n=9	Q3	6	Homo sapiens (human)	9	0		DIA	LFQ	Orbitrap Fusion Lumos;timsTOF HT	yes	no	all_metadata_phospho.txt;metadata_abundance.txt	simple	0	ms-proteomics;human;dia-acquisition;cell-lines	none_in_pride	no	3 archive(s); inspect the FTP listing before annotating
PXD064562	hold	Acquisition files are bundled inside archives and are not listed individually	PRIDE https://www.ebi.ac.uk/pride/ws/archive/v3/projects/PXD064562; files/all n=208	Q3	6	Saccharomyces cerevisiae (baker's yeast)	208	0		DIA	LFQ	ZenoTOF 7600	yes	no	20220509_Z2_KTT_104_30-0056_JM-ScHumanizedTelomeres_P02_Sample-17.wiff2.dia;20220701_Z2_KTT_064_30-0056_JM-ScHumanizedTelomeres_P01_Sample-36.wiff2.dia;20220509_Z2_KTT_081_30-0056_JM-ScHumanizedTelomeres_P02_Sample-90.wiff2.dia	simple	0	ms-proteomics;dia-acquisition	none_in_pride	no	1 archive(s); inspect the FTP listing before annotating
PXD064789	exclude	No vendor acquisition files in the archive	PRIDE https://www.ebi.ac.uk/pride/ws/archive/v3/projects/PXD064789; files/all n=95		6	Homo sapiens (human)	95	0		DIA	LFQ	timsTOF Pro	yes	no	metadata_TINRES.csv	simple	0	ms-proteomics;human;dia-acquisition	none_in_pride	no	
PXD064815	exclude	No vendor acquisition files in the archive	PRIDE https://www.ebi.ac.uk/pride/ws/archive/v3/projects/PXD064815; files/all n=59		6	Homo sapiens (human)	59	0		DIA	LFQ	TripleTOF 5600	yes	no	20240216_MS025_E1_S1-10_DIAnn_report.pg_matrix.tsv;experiment_annotation.tsv;20240216_MS025_E1_S1-10_DIAnn_report.stats.tsv	simple	0	ms-proteomics;human;dia-acquisition	none_in_pride	no	
PXD065347	hold	Acquisition files are bundled inside archives and are not listed individually	PRIDE https://www.ebi.ac.uk/pride/ws/archive/v3/projects/PXD065347; files/all n=4	Q3	6	Pleurotus pulmonarius	4	0		DIA	LFQ	Thermo Fisher Scientific instrument model	yes	no	all_DEPs_annotation.zip	simple	0	ms-proteomics;dia-acquisition	none_in_pride	no	3 archive(s); inspect the FTP listing before annotating
PXD066004	hold	Acquisition files are bundled inside archives and are not listed individually	PRIDE https://www.ebi.ac.uk/pride/ws/archive/v3/projects/PXD066004; files/all n=29	Q3	6	Mus musculus (mouse);Fasciola hepatica (liver fluke)	29	0		DIA	LFQ	TripleTOF 6600;timsTOF fleX	yes	no	SeCT_allSamples.tsv;SeCT_allSamples.pr_matrix.tsv;SeCT_allSamples.unique_genes_matrix.tsv	simple	0	ms-proteomics;dia-acquisition	none_in_pride	no	2 archive(s); inspect the FTP listing before annotating
PXD066316	hold	Acquisition files are bundled inside archives and are not listed individually	PRIDE https://www.ebi.ac.uk/pride/ws/archive/v3/projects/PXD066316; files/all n=4	Q3	6	Homo sapiens (human)	4	0		DIA	LFQ	Q Exactive HF	yes	no	Sample_annotation.xlsx	simple	0	ms-proteomics;human;dia-acquisition;cell-lines	none_in_pride	no	2 archive(s); inspect the FTP listing before annotating
PXD066834	hold	Acquisition files are bundled inside archives and are not listed individually	PRIDE https://www.ebi.ac.uk/pride/ws/archive/v3/projects/PXD066834; files/all n=7	Q3	6	Homo sapiens (human)	7	0		DIA	LFQ	TripleTOF 6600	yes	no	Protein_DIANN_report.pg_matrix_results.tsv;Spectral_Lib_DIANN_MBR.tsv;Sample_name_to_wiff_file_name_list.xlsx	simple	0	ms-proteomics;human;dia-acquisition	none_in_pride	no	2 archive(s); inspect the FTP listing before annotating
PXD066886	hold	Acquisition files are bundled inside archives and are not listed individually	PRIDE https://www.ebi.ac.uk/pride/ws/archive/v3/projects/PXD066886; files/all n=4	Q3	6	Homo sapiens (human)	4	0		DIA	LFQ	timsTOF Pro 2	yes	no	search_DIA-NN.tsv.zip;samples.xlsx	simple	0	ms-proteomics;human;dia-acquisition	none_in_pride	no	2 archive(s); inspect the FTP listing before annotating
PXD067006	hold	Acquisition files are bundled inside archives and are not listed individually	PRIDE https://www.ebi.ac.uk/pride/ws/archive/v3/projects/PXD067006; files/all n=3	Q3	6	Mus musculus (mouse)	3	0		DIA	LFQ	timsTOF HT	yes	no	Metadata.xlsx	simple	0	ms-proteomics;vertebrates;dia-acquisition	none_in_pride	no	1 archive(s); inspect the FTP listing before annotating
PXD067113	hold	Acquisition files are bundled inside archives and are not listed individually	PRIDE https://www.ebi.ac.uk/pride/ws/archive/v3/projects/PXD067113; files/all n=4	Q3	6	Homo sapiens (human)	4	0		DIA	LFQ	timsTOF Pro 2	yes	no	samples.xlsx;search_DIA-NN.tsv.zip	simple	0	ms-proteomics;human;dia-acquisition	none_in_pride	no	2 archive(s); inspect the FTP listing before annotating
PXD067114	hold	Acquisition files are bundled inside archives and are not listed individually	PRIDE https://www.ebi.ac.uk/pride/ws/archive/v3/projects/PXD067114; files/all n=4	Q3	6	Homo sapiens (human)	4	0		DIA	LFQ	timsTOF Pro 2	yes	no	search_DIA-NN.tsv.zip;samples.xlsx	simple	0	ms-proteomics;human;dia-acquisition	none_in_pride	no	2 archive(s); inspect the FTP listing before annotating
PXD067115	hold	Acquisition files are bundled inside archives and are not listed individually	PRIDE https://www.ebi.ac.uk/pride/ws/archive/v3/projects/PXD067115; files/all n=4	Q3	6	Homo sapiens (human)	4	0		DIA	LFQ	timsTOF Pro 2	yes	no	search_DIA-NN.tsv.zip;samples.xlsx	simple	0	ms-proteomics;human;dia-acquisition	none_in_pride	no	2 archive(s); inspect the FTP listing before annotating
PXD067631	hold	Acquisition files are bundled inside archives and are not listed individually	PRIDE https://www.ebi.ac.uk/pride/ws/archive/v3/projects/PXD067631; files/all n=8	Q3	6	Severe acute respiratory syndrome coronavirus 2;Homo sapiens (human)	8	0		DIA	LFQ	timsTOF HT	yes	no	metadata.txt	simple	0	ms-proteomics;dia-acquisition	none_in_pride	no	1 archive(s); inspect the FTP listing before annotating
PXD068387	hold	Acquisition files are bundled inside archives and are not listed individually	PRIDE https://www.ebi.ac.uk/pride/ws/archive/v3/projects/PXD068387; files/all n=4	Q3	6	Mus musculus (mouse)	4	0		DIA	LFQ	timsTOF HT	yes	no	experimental_design.txt	simple	0	ms-proteomics;vertebrates;dia-acquisition	none_in_pride	no	2 archive(s); inspect the FTP listing before annotating
PXD069877	hold	Acquisition files are bundled inside archives and are not listed individually	PRIDE https://www.ebi.ac.uk/pride/ws/archive/v3/projects/PXD069877; files/all n=17	Q3	6	Homo sapiens (human);Mus musculus (mouse)	17	0		DIA	LFQ	timsUltra AIP	yes	no	DIANN_fig3.rar;DIANN_fig1.rar;Fig2_DIANN.tar	simple	0	ms-proteomics;dia-acquisition	none_in_pride	no	7 archive(s); inspect the FTP listing before annotating
PXD070471	hold	Acquisition files are bundled inside archives and are not listed individually	PRIDE https://www.ebi.ac.uk/pride/ws/archive/v3/projects/PXD070471; files/all n=8	Q3	6	Homo sapiens (human)	8	0		DIA	LFQ	timsTOF SCP	yes	no	ORLANDO_PRIDESUBMISSION_METADATA_SCP.xlsx	simple	0	ms-proteomics;human;dia-acquisition	none_in_pride	no	3 archive(s); inspect the FTP listing before annotating
PXD070528	hold	Acquisition files are bundled inside archives and are not listed individually	PRIDE https://www.ebi.ac.uk/pride/ws/archive/v3/projects/PXD070528; files/all n=5	Q3	6	Homo sapiens (human)	5	0		DIA	LFQ	timsTOF Pro 2	yes	no	4540-samples.zip	simple	0	ms-proteomics;human;dia-acquisition	none_in_pride	no	2 archive(s); inspect the FTP listing before annotating
PXD070854	exclude	Isobaric or metabolic multiplexing above the 6-file exception	PRIDE https://www.ebi.ac.uk/pride/ws/archive/v3/projects/PXD070854; files/all n=10		6	Homo sapiens (human)	10	8	raw	DIA	TMT/iTRAQ/SILAC	Orbitrap Exploris 480	no	no	checksum.txt	simple	8	ms-proteomics;human;dia-acquisition	none_in_pride	no	
PXD071265	exclude	No vendor acquisition files in the archive	PRIDE https://www.ebi.ac.uk/pride/ws/archive/v3/projects/PXD071265; files/all n=678		6	Homo sapiens (human)	678	0		DIA	LFQ	TripleTOF 6600	yes	no	50-0004_metadata_BioCog_project.txt;DiOGenes_Label-free_Library-replaced_mod_names-diann_format-isoform_ann.tsv.speclib;DIANN_report.pr_matrix.tsv.gz	simple	0	ms-proteomics;human;dia-acquisition	none_in_pride	no	
PXD071819	hold	Acquisition files are bundled inside archives and are not listed individually	PRIDE https://www.ebi.ac.uk/pride/ws/archive/v3/projects/PXD071819; files/all n=16	Q3	6	Homo sapiens (human)	16	0		DIA	LFQ	timsTOF Ultra 2	yes	no	3_Condition_DIANN_results.zip;2_SCP_DIANN_results.zip;1_HYE_DIA_DIANN_results.zip	simple	0	ms-proteomics;human;dia-acquisition	none_in_pride	no	14 archive(s); inspect the FTP listing before annotating
PXD072113	hold	Acquisition files are bundled inside archives and are not listed individually	PRIDE https://www.ebi.ac.uk/pride/ws/archive/v3/projects/PXD072113; files/all n=50	Q3	6	Mus musculus (mouse)	50	0		DIA	LFQ	ZenoTOF 7600	yes	no	50-0176_PRIDE_metadata.xlsx;50-0176_DIANN_Output.7z	simple	0	ms-proteomics;vertebrates;dia-acquisition	none_in_pride	no	46 archive(s); inspect the FTP listing before annotating
PXD073554	hold	Acquisition files are bundled inside archives and are not listed individually	PRIDE https://www.ebi.ac.uk/pride/ws/archive/v3/projects/PXD073554; files/all n=26	Q3	6	Bacteria;Faecalibacterium prausnitzii a2-165	26	0		DIA	LFQ	timsTOF Pro	yes	no	Metadata.ods	simple	0	ms-proteomics;dia-acquisition	none_in_pride	no	8 archive(s); inspect the FTP listing before annotating
PXD073620	hold	Acquisition files are bundled inside archives and are not listed individually	PRIDE https://www.ebi.ac.uk/pride/ws/archive/v3/projects/PXD073620; files/all n=8	Q3	6	Mus musculus (mouse)	8	0		DIA	LFQ	timsTOF Pro 2	yes	no	sample_list.xlsx;DIANN_output.7z	simple	0	ms-proteomics;vertebrates;dia-acquisition	none_in_pride	no	6 archive(s); inspect the FTP listing before annotating
PXD073688	hold	Acquisition files are bundled inside archives and are not listed individually	PRIDE https://www.ebi.ac.uk/pride/ws/archive/v3/projects/PXD073688; files/all n=6	Q3	6	Mus musculus (mouse)	6	0		DIA	LFQ	timsUltra AIP	yes	no	metadata.xlsx	simple	0	ms-proteomics;vertebrates;dia-acquisition	none_in_pride	no	2 archive(s); inspect the FTP listing before annotating
PXD073779	hold	Acquisition files are bundled inside archives and are not listed individually	PRIDE https://www.ebi.ac.uk/pride/ws/archive/v3/projects/PXD073779; files/all n=22	Q3	6	Salinibacter ruber dsm 13855;Ligilactobacillus murinus dsm 20452 = nbrc 14221;Homo sapiens (human)	22	0		DIA	LFQ	timsTOF Ultra 2	yes	no	metadata.xlsx	simple	0	ms-proteomics;dia-acquisition	none_in_pride	no	2 archive(s); inspect the FTP listing before annotating
PXD073801	hold	Neither acquisition nor quantitation mode could be determined	PRIDE https://www.ebi.ac.uk/pride/ws/archive/v3/projects/PXD073801; files/all n=12	Q3	6	Drosophila melanogaster (fruit fly)	12	9	raw	unknown	unknown	Orbitrap Eclipse	no	no	checksum.txt	simple	9	ms-proteomics;invertebrates	none_in_pride	no	
PXD074603	hold	Acquisition files are bundled inside archives and are not listed individually	PRIDE https://www.ebi.ac.uk/pride/ws/archive/v3/projects/PXD074603; files/all n=13	Q3	6	Sus scrofa domesticus (domestic pig)	13	0		DIA	LFQ	TripleTOF 5600	yes	no	Gene_ontology_annotation.tsv	simple	0	ms-proteomics;vertebrates;dia-acquisition	none_in_pride	no	6 archive(s); inspect the FTP listing before annotating
PXD074776	hold	Acquisition files are bundled inside archives and are not listed individually	PRIDE https://www.ebi.ac.uk/pride/ws/archive/v3/projects/PXD074776; files/all n=6	Q3	6	Carollia perspicillata;Mus musculus (mouse)	6	0		DDA	LFQ	timsTOF Ultra 2	yes	no	mqpar.xml;sample_names.txt	simple	0	ms-proteomics	none_in_pride	no	2 archive(s); inspect the FTP listing before annotating
PXD074893	exclude	Isobaric or metabolic multiplexing above the 6-file exception	PRIDE https://www.ebi.ac.uk/pride/ws/archive/v3/projects/PXD074893; files/all n=12		6	Mus musculus (mouse)	12	9	raw	DIA	TMT/iTRAQ/SILAC	Orbitrap Astral	no	no	report.pg_matrix.tsv;report.tsv;checksum.txt	simple	9	ms-proteomics;vertebrates;dia-acquisition	none_in_pride	no	
PXD075099	hold	Acquisition files are bundled inside archives and are not listed individually	PRIDE https://www.ebi.ac.uk/pride/ws/archive/v3/projects/PXD075099; files/all n=10	Q3	6	Escherichia coli;Bacteria	10	0		DIA	LFQ	ZenoTOF 7600	yes	no	PCF000100_DIA-NN_output_and_imputed_matrix.xlsx;PCF000101_DIA-NN_output_and_imputed_matrix.xlsx;PCF000045_DIA-NN_output_and_imputed_matrix.xlsx	simple	0	ms-proteomics;dia-acquisition	none_in_pride	no	3 archive(s); inspect the FTP listing before annotating
PXD076251	hold	Acquisition files are bundled inside archives and are not listed individually	PRIDE https://www.ebi.ac.uk/pride/ws/archive/v3/projects/PXD076251; files/all n=25	Q3	6	Homo sapiens (human)	25	0		DDA	LFQ	timsTOF Pro	yes	no	mqpar.xml;Sample_documentation.docx	simple	0	ms-proteomics;human	none_in_pride	no	15 archive(s); inspect the FTP listing before annotating
PXD076286	hold	Acquisition files are bundled inside archives and are not listed individually	PRIDE https://www.ebi.ac.uk/pride/ws/archive/v3/projects/PXD076286; files/all n=40	Q3	6	Homo sapiens (human)	40	0		DDA	LFQ	timsTOF Pro	yes	no	mqpar_136_Sh.xml;SampleDocumentation_136_Sh.docx;SampleDocumentation_138_Sh.docx	simple	0	ms-proteomics;human	none_in_pride	no	20 archive(s); inspect the FTP listing before annotating
PXD076392	exclude	No vendor acquisition files in the archive	PRIDE https://www.ebi.ac.uk/pride/ws/archive/v3/projects/PXD076392; files/all n=22		6	Homo sapiens (human)	22	0		DIA	LFQ	Q Exactive	yes	no	experiment_annotation.tsv	simple	0	ms-proteomics;human;dia-acquisition	none_in_pride	no	
PXD076596	hold	Acquisition files are bundled inside archives and are not listed individually	PRIDE https://www.ebi.ac.uk/pride/ws/archive/v3/projects/PXD076596; files/all n=7	Q3	6	Homo sapiens (human)	7	0		DIA	LFQ	timsTOF Pro 2	yes	no	26-1265-Pro2_Sample01-18.sne;26-1265_20260106_Sample19_3organism.sne	simple	0	ms-proteomics;human;dia-acquisition	none_in_pride	no	3 archive(s); inspect the FTP listing before annotating
PXD077489	hold	Acquisition files are bundled inside archives and are not listed individually	PRIDE https://www.ebi.ac.uk/pride/ws/archive/v3/projects/PXD077489; files/all n=4	Q3	6	Homo sapiens (human)	4	0		DIA	LFQ	timsTOF Pro	yes	no	Experimental_Design.txt;DIANN_IDs_AF_CTRLs.xlsx	simple	0	ms-proteomics;human;dia-acquisition	none_in_pride	no	1 archive(s); inspect the FTP listing before annotating
PXD077909	hold	Acquisition files are bundled inside archives and are not listed individually	PRIDE https://www.ebi.ac.uk/pride/ws/archive/v3/projects/PXD077909; files/all n=11	Q3	6	Homo sapiens (human)	11	0		DIA	LFQ	Orbitrap Fusion Lumos;timsTOF HT	yes	no	metadata_phospho.txt;metadata_abundance.txt	simple	0	ms-proteomics;human;dia-acquisition;cell-lines	none_in_pride	no	3 archive(s); inspect the FTP listing before annotating
PXD080412	hold	Acquisition files are bundled inside archives and are not listed individually	PRIDE https://www.ebi.ac.uk/pride/ws/archive/v3/projects/PXD080412; files/all n=4	Q3	6	Fungi;Peniophora incarnata	4	0		DIA	LFQ	timsTOF HT	yes	no	Sample_annotation_proteomics.xlsx	simple	0	ms-proteomics;dia-acquisition	none_in_pride	no	2 archive(s); inspect the FTP listing before annotating
PXD021508	exclude	Isobaric or metabolic multiplexing above the 6-file exception	PRIDE https://www.ebi.ac.uk/pride/ws/archive/v3/projects/PXD021508; files/all n=32		5	Mus musculus (mouse)	32	24	raw	DIA	TMT/iTRAQ/SILAC	Q Exactive HF-X	yes	no	experimentaldesign.xlsx	moderate	24	ms-proteomics;vertebrates;dia-acquisition	none_in_pride	no	
PXD038040	hold	Acquisition files are bundled inside archives and are not listed individually	PRIDE https://www.ebi.ac.uk/pride/ws/archive/v3/projects/PXD038040; files/all n=5	Q3	5	Homo sapiens (human)	5	0		DIA	LFQ	Q Exactive HF	no	no	ConditionSetup.xlsx;checksum.txt;20211222_133602_FFPE-Turin-directDIA_Report.xls	simple	0	ms-proteomics;human;dia-acquisition	none_in_pride	no	1 archive(s); inspect the FTP listing before annotating
PXD046574	exclude	No vendor acquisition files in the archive	PRIDE https://www.ebi.ac.uk/pride/ws/archive/v3/projects/PXD046574; files/all n=70		5	Homo sapiens (human)	70	0		DIA	LFQ	TripleTOF 6600	no	no	Spectral_Library_Hek293T_AllPeptides.tsv	simple	0	ms-proteomics;human;dia-acquisition	none_in_pride	no	
PXD046594	exclude	Already annotated in datasets/	PRIDE https://www.ebi.ac.uk/pride/ws/archive/v3/projects/PXD046594; files/all n=57		5	Homo sapiens (human)	57	27	wiff	DIA	LFQ	TripleTOF 6600	no	no	checksum.txt;Sperm_IonLib_Fert1_2_pool_Infert4_5_isoforms_new-batch.txt	moderate	27	ms-proteomics;human;dia-acquisition	none_in_pride	yes	
PXD047457	hold	Acquisition files are bundled inside archives and are not listed individually	PRIDE https://www.ebi.ac.uk/pride/ws/archive/v3/projects/PXD047457; files/all n=4	Q3	5	Camelus bactrianus	4	0		DIA	LFQ	Orbitrap Fusion Lumos	no	no	Codex.xlsx;checksum.txt	simple	0	ms-proteomics;dia-acquisition	none_in_pride	no	2 archive(s); inspect the FTP listing before annotating
PXD051023	exclude	No vendor acquisition files in the archive	PRIDE https://www.ebi.ac.uk/pride/ws/archive/v3/projects/PXD051023; files/all n=11		5	Homo sapiens (human)	11	0		DIA	LFQ	timsTOF Pro	no	no	checksum.txt	simple	0	ms-proteomics;human;dia-acquisition	none_in_pride	no	
PXD052902	hold	Acquisition files are bundled inside archives and are not listed individually	PRIDE https://www.ebi.ac.uk/pride/ws/archive/v3/projects/PXD052902; files/all n=13	Q3	5	Canis familiaris (dog) (canis lupus familiaris)	13	0		DIA	LFQ	timsTOF Pro	no	no	Canine-Tissues-Plasma-T6-Spectral-Library-Max20-SN_18_4v_2024.QC.tsv;Canine-Tissues-Plasma-T6-Spectral-Library-Max20-SN_18_4v_2024.tsv;Canine-tissues-90min-Library-max20_Pepeport.tsv	simple	0	ms-proteomics;dia-acquisition	none_in_pride	no	7 archive(s); inspect the FTP listing before annotating
PXD053973	exclude	No vendor acquisition files in the archive	PRIDE https://www.ebi.ac.uk/pride/ws/archive/v3/projects/PXD053973; files/all n=329		5	Homo sapiens (human)	329	0		DIA	LFQ	TripleTOF 5600	no	no	checksum.txt	simple	0	ms-proteomics;human;dia-acquisition	none_in_pride	no	
PXD055742	hold	Acquisition files are bundled inside archives and are not listed individually	PRIDE https://www.ebi.ac.uk/pride/ws/archive/v3/projects/PXD055742; files/all n=4	Q3	5	Trichoderma reesei	4	0		DIA	LFQ	timsTOF HT	no	no	DIA-NN_Proteomics_Output.zip	simple	0	ms-proteomics;dia-acquisition	none_in_pride	no	2 archive(s); inspect the FTP listing before annotating
PXD055970	exclude	No vendor acquisition files in the archive	PRIDE https://www.ebi.ac.uk/pride/ws/archive/v3/projects/PXD055970; files/all n=27		5	Sus scrofa domesticus (domestic pig)	27	0		DIA	LFQ	timsTOF fleX	no	no	DIANuniqueGenesQuantitation.xlsx;FileNames_PRIDE.xlsx;ProteinIdentification.xlsx	simple	0	ms-proteomics;vertebrates;dia-acquisition	none_in_pride	no	
PXD056046	exclude	No vendor acquisition files in the archive	PRIDE https://www.ebi.ac.uk/pride/ws/archive/v3/projects/PXD056046; files/all n=3		5	Homo sapiens (human)	3	0		DIA	LFQ	timsTOF	no	no	checksum.txt;RESULTS.xlsx	simple	0	ms-proteomics;human;dia-acquisition	none_in_pride	no	
PXD056543	hold	Acquisition files are bundled inside archives and are not listed individually	PRIDE https://www.ebi.ac.uk/pride/ws/archive/v3/projects/PXD056543; files/all n=4	Q3	5	Homo sapiens (human)	4	0		DIA	LFQ	timsTOF Pro	no	no	DIANN_P4412_BiCap.zip;DIANN_4139_TurboID.zip	simple	0	ms-proteomics;human;dia-acquisition	none_in_pride	no	4 archive(s); inspect the FTP listing before annotating
PXD056692	hold	Acquisition files are bundled inside archives and are not listed individually	PRIDE https://www.ebi.ac.uk/pride/ws/archive/v3/projects/PXD056692; files/all n=4	Q3	5	Homo sapiens (human)	4	0		DIA	LFQ	timsTOF Pro	no	no	Neat_Urine_DIANN_libfree.zip;MagNet_DIANN_libfree.zip	simple	0	ms-proteomics;human;dia-acquisition	none_in_pride	no	4 archive(s); inspect the FTP listing before annotating
PXD056702	hold	Acquisition files are bundled inside archives and are not listed individually	PRIDE https://www.ebi.ac.uk/pride/ws/archive/v3/projects/PXD056702; files/all n=7	Q3	5	Homo sapiens (human)	7	0		DIA	LFQ	timsTOF Pro 2	no	no	20241010_103743_240220_CMB-0040_Mohsan_timecourse_abundance_Report.tsv;20241010_103743_240220_CMB-0040_Mohsan_timecourse_abundance_Report.log.txt;checksum.txt	simple	0	ms-proteomics;human;dia-acquisition	none_in_pride	no	1 archive(s); inspect the FTP listing before annotating
PXD056871	hold	Acquisition files are bundled inside archives and are not listed individually	PRIDE https://www.ebi.ac.uk/pride/ws/archive/v3/projects/PXD056871; files/all n=27	Q3	5	Mus musculus (mouse)	27	0		DIA	LFQ	timsTOF SCP	no	no	report14SPD_LNP_plasma_13Aug2024_DIANN_1_9.pg_matrix.tsv;report14SPD_LNP_plasma_13Aug2024_DIANN_1_9.pr_matrix.tsv	simple	0	ms-proteomics;vertebrates;dia-acquisition	none_in_pride	no	20 archive(s); inspect the FTP listing before annotating
PXD056975	hold	Acquisition files are bundled inside archives and are not listed individually	PRIDE https://www.ebi.ac.uk/pride/ws/archive/v3/projects/PXD056975; files/all n=3	Q3	5	Mus musculus (mouse)	3	0		DIA	LFQ	maXis	no	no	Proteomics_dataset_Nat_Aging.xlsx	simple	0	ms-proteomics;vertebrates;dia-acquisition	none_in_pride	no	1 archive(s); inspect the FTP listing before annotating
PXD057104	hold	Acquisition files are bundled inside archives and are not listed individually	PRIDE https://www.ebi.ac.uk/pride/ws/archive/v3/projects/PXD057104; files/all n=2	Q3	5	Mus musculus (mouse)	2	0		DIA	LFQ	timsTOF fleX	no	no	spectronaut_searchresults_proteomexchange.7z	simple	0	ms-proteomics;vertebrates;dia-acquisition	none_in_pride	no	2 archive(s); inspect the FTP listing before annotating
PXD057747	hold	Acquisition files are bundled inside archives and are not listed individually	PRIDE https://www.ebi.ac.uk/pride/ws/archive/v3/projects/PXD057747; files/all n=2	Q3	5	Homo sapiens (human)	2	0		DIA	LFQ	TripleTOF 5600	no	no	Results.xlsx	simple	0	ms-proteomics;human;dia-acquisition;cell-lines	none_in_pride	no	1 archive(s); inspect the FTP listing before annotating
PXD057803	hold	Acquisition files are bundled inside archives and are not listed individually	PRIDE https://www.ebi.ac.uk/pride/ws/archive/v3/projects/PXD057803; files/all n=11	Q3	5	Homo sapiens (human)	11	0		DIA	LFQ	timsTOF HT;Q Exactive HF	no	no	Experiments_list.xlsx	simple	0	ms-proteomics;human;dia-acquisition	none_in_pride	no	10 archive(s); inspect the FTP listing before annotating
PXD058047	hold	Acquisition files are bundled inside archives and are not listed individually	PRIDE https://www.ebi.ac.uk/pride/ws/archive/v3/projects/PXD058047; files/all n=26	Q3	5	Homo sapiens (human)	26	0		DIA	LFQ	timsTOF HT	no	no	Experimental_conditions.txt	simple	0	ms-proteomics;human;dia-acquisition	none_in_pride	no	25 archive(s); inspect the FTP listing before annotating
PXD058050	hold	Acquisition files are bundled inside archives and are not listed individually	PRIDE https://www.ebi.ac.uk/pride/ws/archive/v3/projects/PXD058050; files/all n=26	Q3	5	Homo sapiens (human)	26	0		DIA	LFQ	timsTOF HT	no	no	Experimental_conditions.txt	simple	0	ms-proteomics;human;dia-acquisition	none_in_pride	no	25 archive(s); inspect the FTP listing before annotating
PXD058053	hold	Acquisition files are bundled inside archives and are not listed individually	PRIDE https://www.ebi.ac.uk/pride/ws/archive/v3/projects/PXD058053; files/all n=34	Q3	5	Homo sapiens (human)	34	0		DIA	LFQ	timsTOF HT	no	no	Experimental_conditions.txt	simple	0	ms-proteomics;human;dia-acquisition	none_in_pride	no	33 archive(s); inspect the FTP listing before annotating
PXD058054	hold	Acquisition files are bundled inside archives and are not listed individually	PRIDE https://www.ebi.ac.uk/pride/ws/archive/v3/projects/PXD058054; files/all n=34	Q3	5	Homo sapiens (human)	34	0		DIA	LFQ	timsTOF HT	no	no	Experimental_conditions.txt	simple	0	ms-proteomics;human;dia-acquisition	none_in_pride	no	33 archive(s); inspect the FTP listing before annotating
PXD058081	hold	Acquisition files are bundled inside archives and are not listed individually	PRIDE https://www.ebi.ac.uk/pride/ws/archive/v3/projects/PXD058081; files/all n=10	Q3	5	Homo sapiens (human)	10	0		DIA	LFQ	timsTOF HT	no	no	Treatment_conditions.txt	simple	0	ms-proteomics;human;dia-acquisition;cell-lines	none_in_pride	no	9 archive(s); inspect the FTP listing before annotating
PXD058098	hold	Acquisition files are bundled inside archives and are not listed individually	PRIDE https://www.ebi.ac.uk/pride/ws/archive/v3/projects/PXD058098; files/all n=10	Q3	5	Brassica oleracea var. oleracea;Arabidopsis thaliana (mouse-ear cress)	10	0		DIA	LFQ	timsTOF fleX	no	no	spectronaut_searches.7z	simple	0	ms-proteomics;dia-acquisition	none_in_pride	no	5 archive(s); inspect the FTP listing before annotating
PXD058245	hold	Acquisition files are bundled inside archives and are not listed individually	PRIDE https://www.ebi.ac.uk/pride/ws/archive/v3/projects/PXD058245; files/all n=3	Q3	5	Homo sapiens (human)	3	0		DIA	LFQ	timsTOF HT	no	no	diann_2550_PRIDE.zip	simple	0	ms-proteomics;human;dia-acquisition	none_in_pride	no	2 archive(s); inspect the FTP listing before annotating
PXD058342	hold	Acquisition files are bundled inside archives and are not listed individually	PRIDE https://www.ebi.ac.uk/pride/ws/archive/v3/projects/PXD058342; files/all n=7	Q3	5	Arabidopsis thaliana (mouse-ear cress)	7	0		DIA	LFQ	timsTOF HT	no	no	checksum.txt;Can_c_report.tsv;Col_c_report.tsv	simple	0	ms-proteomics;plants;dia-acquisition	none_in_pride	no	2 archive(s); inspect the FTP listing before annotating
PXD058362	exclude	No vendor acquisition files in the archive	PRIDE https://www.ebi.ac.uk/pride/ws/archive/v3/projects/PXD058362; files/all n=30		5	Mus musculus (mouse)	30	0		DIA	LFQ	Orbitrap Fusion Lumos	no	no	DIA_Peptideidentification_report_Spectroanut.tsv;DDA_proteinmeasurement_QIP.tsv;checksum.txt	simple	0	ms-proteomics;vertebrates;dia-acquisition	none_in_pride	no	
PXD058830	hold	Acquisition files are bundled inside archives and are not listed individually	PRIDE https://www.ebi.ac.uk/pride/ws/archive/v3/projects/PXD058830; files/all n=9	Q3	5	Mus musculus (mouse)	9	0		DIA	LFQ	Q Exactive	no	no	checksum.txt	simple	0	ms-proteomics;vertebrates;dia-acquisition	none_in_pride	no	8 archive(s); inspect the FTP listing before annotating
PXD058903	hold	Acquisition files are bundled inside archives and are not listed individually	PRIDE https://www.ebi.ac.uk/pride/ws/archive/v3/projects/PXD058903; files/all n=24	Q3	5	Bacteroides thetaiotaomicron	24	0		DIA	LFQ	timsTOF HT	no	no	report.log.txt;report-first-pass.unique_genes_matrix.tsv;report.stats.tsv	simple	0	ms-proteomics;dia-acquisition	none_in_pride	no	1 archive(s); inspect the FTP listing before annotating
PXD058905	hold	Acquisition files are bundled inside archives and are not listed individually	PRIDE https://www.ebi.ac.uk/pride/ws/archive/v3/projects/PXD058905; files/all n=21	Q3	5	Porphyromonas gingivalis	21	0		DIA	LFQ	timsTOF HT	no	no	report.tsv;report.unique_genes_matrix.tsv;report.gg_matrix.tsv	simple	0	ms-proteomics;dia-acquisition	none_in_pride	no	1 archive(s); inspect the FTP listing before annotating
PXD059137	hold	Acquisition files are bundled inside archives and are not listed individually	PRIDE https://www.ebi.ac.uk/pride/ws/archive/v3/projects/PXD059137; files/all n=12	Q3	5	Homo sapiens (human)	12	0		DIA	LFQ	timsTOF HT	no	no	1045_Global_PRLX_Time_DIANN_SEARCH.parquet;1068_TurboID_DIANN_SEARCH.parquet;1085_Global_PRLX_Nup98_sg3_DIANN_SEARCH.parquet	simple	0	ms-proteomics;human;dia-acquisition	none_in_pride	no	5 archive(s); inspect the FTP listing before annotating
PXD059821	hold	Acquisition files are bundled inside archives and are not listed individually	PRIDE https://www.ebi.ac.uk/pride/ws/archive/v3/projects/PXD059821; files/all n=6	Q3	5	Mus musculus (mouse)	6	0		DIA	LFQ	Q Exactive HF	no	no	checksum.txt	simple	0	ms-proteomics;vertebrates;dia-acquisition	none_in_pride	no	5 archive(s); inspect the FTP listing before annotating
PXD060035	hold	Acquisition files are bundled inside archives and are not listed individually	PRIDE https://www.ebi.ac.uk/pride/ws/archive/v3/projects/PXD060035; files/all n=5	Q3	5	Homo sapiens (human)	5	0		DIA	LFQ	timsTOF Pro 2	no	no	paser_spectral_library_Human_plasma_iRT.tsv;checksum.txt	simple	0	ms-proteomics;human;dia-acquisition	none_in_pride	no	1 archive(s); inspect the FTP listing before annotating
PXD060218	hold	Acquisition files are bundled inside archives and are not listed individually	PRIDE https://www.ebi.ac.uk/pride/ws/archive/v3/projects/PXD060218; files/all n=3	Q3	5	Homo sapiens (human);Plasmodium falciparum	3	0		DIA	LFQ	timsTOF HT	no	no	DIA-NN_Search_Results.xlsx	simple	0	ms-proteomics;dia-acquisition	none_in_pride	no	1 archive(s); inspect the FTP listing before annotating
PXD060484	exclude	No vendor acquisition files in the archive	PRIDE https://www.ebi.ac.uk/pride/ws/archive/v3/projects/PXD060484; files/all n=70		5	Homo sapiens (human)	70	0		DIA	LFQ	timsTOF Pro	no	no	Patients_clinical_infomation.xlsx;report.tsv;Group.xlsx	simple	0	ms-proteomics;human;dia-acquisition	none_in_pride	no	
PXD061304	exclude	No vendor acquisition files in the archive	PRIDE https://www.ebi.ac.uk/pride/ws/archive/v3/projects/PXD061304; files/all n=51		5	Rattus norvegicus (rat)	51	0		DIA	LFQ	timsTOF Pro 2	no	no	rTgD_Hom_vs_WT.tsv;AD_vs_WT.tsv;rTgD_Het_vs_WT.tsv	simple	0	ms-proteomics;vertebrates;dia-acquisition	none_in_pride	no	
PXD061392	hold	Acquisition files are bundled inside archives and are not listed individually	PRIDE https://www.ebi.ac.uk/pride/ws/archive/v3/projects/PXD061392; files/all n=6	Q3	5	Homo sapiens (human)	6	0		DIA	LFQ	timsTOF Pro	no	no	checksum.txt;Aging_SupGLom_LCM_Dis_54s_diaPASEF.tsv;Aging_SupGLom_LCM_Val_14s_diaPASEF.tsv	simple	0	ms-proteomics;human;dia-acquisition	none_in_pride	no	3 archive(s); inspect the FTP listing before annotating
PXD061710	exclude	Already annotated in datasets/	PRIDE https://www.ebi.ac.uk/pride/ws/archive/v3/projects/PXD061710; files/all n=22		5	Homo sapiens (human);Mus musculus (mouse)	22	0		DIA	LFQ	timsTOF SCP	no	no	20270731Acinar_24hrsfix_Figure7_search_engine_results.tsv;20240709MDA_fresh_fixed_24hrs_Figure3_search_engine_results.tsv;20241221_PDAC_Figure5_search_engine_results.tsv	simple	0	ms-proteomics;dia-acquisition	none_in_pride	yes	
PXD061725	exclude	Already annotated in datasets/	PRIDE https://www.ebi.ac.uk/pride/ws/archive/v3/projects/PXD061725; files/all n=38		5	Homo sapiens (human)	38	33	raw	DIA	LFQ	Orbitrap Astral	no	no	Supplementary_Table_1.xlsx;20240275.tsv;Supplementary_Table_2.xlsx	moderate	33	ms-proteomics;human;dia-acquisition	none_in_pride	yes	
PXD061940	exclude	No vendor acquisition files in the archive	PRIDE https://www.ebi.ac.uk/pride/ws/archive/v3/projects/PXD061940; files/all n=140		5	Homo sapiens (human)	140	0		DIA	LFQ	TripleTOF 5600	no	no	20240405_DIAnn_1_8_2_beta27_Huvec_cells_report.stats.tsv;20240405_DIAnn_1_8_2_beta27_Huvec_cells_report.tsv	simple	0	ms-proteomics;human;dia-acquisition	none_in_pride	no	
PXD061942	exclude	No vendor acquisition files in the archive	PRIDE https://www.ebi.ac.uk/pride/ws/archive/v3/projects/PXD061942; files/all n=145		5	Homo sapiens (human)	145	0		DIA	LFQ	TripleTOF 5600	no	no	20240513_MS024_E2_S25-48_supernatant_DIAnn_report.tsv;20240513_MS024_E2_S25-48_supernatant_DIAnn_report.stats.tsv	simple	0	ms-proteomics;human;dia-acquisition	none_in_pride	no	
PXD062503	hold	Acquisition files are bundled inside archives and are not listed individually	PRIDE https://www.ebi.ac.uk/pride/ws/archive/v3/projects/PXD062503; files/all n=4	Q3	5	Homo sapiens (human)	4	0		DIA	LFQ	timsTOF HT	no	no	DIANNoutput.zip	simple	0	ms-proteomics;human;dia-acquisition	none_in_pride	no	2 archive(s); inspect the FTP listing before annotating
PXD063462	hold	Acquisition files are bundled inside archives and are not listed individually	PRIDE https://www.ebi.ac.uk/pride/ws/archive/v3/projects/PXD063462; files/all n=15	Q3	5	Saccharomyces cerevisiae (baker's yeast);Escherichia coli;Homo sapiens (human)	15	0		DIA	LFQ	ZenoTOF 7600+	no	no	DIANN_logs_uFlow_LFQbench.zip;DIANN_logs_uFLow-15minG-11x5ng.zip;DIANN_logs_uFlow-Screening.zip	simple	0	ms-proteomics;dia-acquisition;cell-lines	none_in_pride	no	14 archive(s); inspect the FTP listing before annotating
PXD063467	exclude	Already annotated in datasets/	PRIDE https://www.ebi.ac.uk/pride/ws/archive/v3/projects/PXD063467; files/all n=199		5	Homo sapiens (human)	199	192	d.zip	DIA	LFQ	timsTOF HT	yes	yes	sdrf.xlsx	hard	192	ms-proteomics;human;dia-acquisition;cell-lines	none_in_pride	yes	
PXD063566	hold	Acquisition files are bundled inside archives and are not listed individually	PRIDE https://www.ebi.ac.uk/pride/ws/archive/v3/projects/PXD063566; files/all n=13	Q3	5	Homo sapiens (human);Xenopus laevis (african clawed frog)	13	0		DIA	LFQ	timsTOF Pro	no	no	HeLa_spectrallibrary_Spectronaut.xls	simple	0	ms-proteomics;dia-acquisition	none_in_pride	no	4 archive(s); inspect the FTP listing before annotating
PXD064490	hold	Acquisition files are bundled inside archives and are not listed individually	PRIDE https://www.ebi.ac.uk/pride/ws/archive/v3/projects/PXD064490; files/all n=8	Q3	5	Mus musculus (mouse)	8	0		DIA	LFQ	timsTOF Pro	no	no	report_DIA.xls	simple	0	ms-proteomics;vertebrates;dia-acquisition	none_in_pride	no	7 archive(s); inspect the FTP listing before annotating
PXD064948	hold	Acquisition files are bundled inside archives and are not listed individually	PRIDE https://www.ebi.ac.uk/pride/ws/archive/v3/projects/PXD064948; files/all n=16	Q3	5	Homo sapiens (human)	16	0		DIA	LFQ	timsTOF HT	no	no	report-first-pass.pr_matrix.tsv;report.pg_matrix.tsv;report-first-pass.stats.tsv	simple	0	ms-proteomics;human;dia-acquisition	none_in_pride	no	1 archive(s); inspect the FTP listing before annotating
PXD065342	hold	Acquisition files are bundled inside archives and are not listed individually	PRIDE https://www.ebi.ac.uk/pride/ws/archive/v3/projects/PXD065342; files/all n=4	Q3	5	Mus musculus (mouse)	4	0		DIA	LFQ	timsTOF Pro	no	no	report_Inmunoprecipitado_AlphaTC_Irene__15cm_MS15_280525.pg_matrix.tsv;report_Inmunoprecipitado_AlphaTC_Irene__15cm_MS15_280525.stats.tsv;report_Inmunoprecipitado_AlphaTC_Irene__15cm_MS15_280525.pr_matrix.tsv	simple	0	ms-proteomics;vertebrates;dia-acquisition	none_in_pride	no	1 archive(s); inspect the FTP listing before annotating
PXD065389	hold	Acquisition files are bundled inside archives and are not listed individually	PRIDE https://www.ebi.ac.uk/pride/ws/archive/v3/projects/PXD065389; files/all n=4	Q3	5	Homo sapiens (human)	4	0		DIA	LFQ	Q Exactive HF-X	no	no	KEY_SRRM3.xlsx;Kafasla_40530.unique_genes_matrix.tsv;Kafasla_40530.pg_matrix.tsv	simple	0	ms-proteomics;human;dia-acquisition	none_in_pride	no	1 archive(s); inspect the FTP listing before annotating
PXD065583	hold	Acquisition files are bundled inside archives and are not listed individually	PRIDE https://www.ebi.ac.uk/pride/ws/archive/v3/projects/PXD065583; files/all n=5	Q3	5	Homo sapiens (human)	5	0		DIA	LFQ	timsTOF fleX	no	no	PE211_2023_ASO_OTS_Pilot.pg_matrix.tsv	simple	0	ms-proteomics;human;dia-acquisition	none_in_pride	no	1 archive(s); inspect the FTP listing before annotating
PXD065631	hold	Acquisition files are bundled inside archives and are not listed individually	PRIDE https://www.ebi.ac.uk/pride/ws/archive/v3/projects/PXD065631; files/all n=3	Q3	5	Homo sapiens (human)	3	0		DIA	LFQ	TripleTOF 5600	no	no	Supplementary_3.xlsx	simple	0	ms-proteomics;human;dia-acquisition	none_in_pride	no	1 archive(s); inspect the FTP listing before annotating
PXD065853	exclude	No vendor acquisition files in the archive	PRIDE https://www.ebi.ac.uk/pride/ws/archive/v3/projects/PXD065853; files/all n=41		5	Homo sapiens (human)	41	0		DIA	LFQ	time-of-flight	no	no	DIANN_report_DIA_30minLC_1000ng_rep2.pg_matrix.tsv;DIANN_report_DIA_30minLC_1000ng_rep1.pg_matrix.tsv	simple	0	ms-proteomics;human;dia-acquisition;cell-lines	none_in_pride	no	
PXD066057	hold	Acquisition files are bundled inside archives and are not listed individually	PRIDE https://www.ebi.ac.uk/pride/ws/archive/v3/projects/PXD066057; files/all n=6	Q3	5	Bos taurus (bovine)	6	0		DIA	LFQ	timsTOF Pro	no	no	Spectral-Library_Peaks-Online.tsv	simple	0	ms-proteomics;vertebrates;dia-acquisition	none_in_pride	no	5 archive(s); inspect the FTP listing before annotating
PXD066067	hold	Acquisition files are bundled inside archives and are not listed individually	PRIDE https://www.ebi.ac.uk/pride/ws/archive/v3/projects/PXD066067; files/all n=7	Q3	5	Mus musculus (mouse)	7	0		DIA	LFQ	timsTOF Pro 2	no	no	20250604_084017_250530_CMB-0122-Hus_mechano-SN20_Report.tsv;20250604_084017_250530_CMB-0122-Hus_mechano-SN20_Report.log.txt;20250604_084017_250530_CMB-0122-Hus_mechano-SN20_Report.setup.txt	simple	0	ms-proteomics;vertebrates;dia-acquisition	none_in_pride	no	1 archive(s); inspect the FTP listing before annotating
PXD066450	hold	Acquisition files are bundled inside archives and are not listed individually	PRIDE https://www.ebi.ac.uk/pride/ws/archive/v3/projects/PXD066450; files/all n=2	Q3	5	Homo sapiens (human)	2	0		DIA	LFQ	timsTOF Pro 2	no	no	MM1225-ProteinGroups.xlsx	simple	0	ms-proteomics;human;dia-acquisition;cell-lines	none_in_pride	no	1 archive(s); inspect the FTP listing before annotating
PXD066466	hold	Acquisition files are bundled inside archives and are not listed individually	PRIDE https://www.ebi.ac.uk/pride/ws/archive/v3/projects/PXD066466; files/all n=3	Q3	5	Homo sapiens (human)	3	0		DIA	LFQ	timsTOF Pro	no	no	checksum.txt	simple	0	ms-proteomics;human;dia-acquisition	none_in_pride	no	2 archive(s); inspect the FTP listing before annotating
PXD066809	hold	Acquisition files are bundled inside archives and are not listed individually	PRIDE https://www.ebi.ac.uk/pride/ws/archive/v3/projects/PXD066809; files/all n=3	Q3	5	Triplophysa siluroides	3	0		DIA	LFQ	maXis	no	no	checksum.txt	simple	0	ms-proteomics;dia-acquisition	none_in_pride	no	1 archive(s); inspect the FTP listing before annotating
PXD066868	hold	Acquisition files are bundled inside archives and are not listed individually	PRIDE https://www.ebi.ac.uk/pride/ws/archive/v3/projects/PXD066868; files/all n=4	Q3	5	Homo sapiens (human)	4	0		DIA	LFQ	timsTOF Pro 2	no	no	search_library_Built.tsv	simple	0	ms-proteomics;human;dia-acquisition	none_in_pride	no	1 archive(s); inspect the FTP listing before annotating
PXD067256	exclude	No vendor acquisition files in the archive	PRIDE https://www.ebi.ac.uk/pride/ws/archive/v3/projects/PXD067256; files/all n=4		5	Phascolarctos cinereus (koala)	4	0		DIA	LFQ	ZenoTOF 7600	no	no	protein_report_from_DiaNN.pg_matrix.tsv.xlsx;protein_report_from_DiaNN.speclib;protein_report_from_DiaNN.tsv	simple	0	ms-proteomics;dia-acquisition	none_in_pride	no	
PXD067749	hold	Acquisition files are bundled inside archives and are not listed individually	PRIDE https://www.ebi.ac.uk/pride/ws/archive/v3/projects/PXD067749; files/all n=3	Q3	5	Homo sapiens (human)	3	0		DIA	LFQ	timsTOF Pro 2	no	no	20230626_160455_230623_CMB-0008_MoLab_SMAD4_Report.tsv	simple	0	ms-proteomics;human;dia-acquisition	none_in_pride	no	1 archive(s); inspect the FTP listing before annotating
PXD067996	exclude	No vendor acquisition files in the archive	PRIDE https://www.ebi.ac.uk/pride/ws/archive/v3/projects/PXD067996; files/all n=15		5	Canis familiaris (dog) (canis lupus familiaris)	15	0		DIA	LFQ	timsTOF Pro	no	no	ion.tsv;checksum.txt	simple	0	ms-proteomics;dia-acquisition;cell-lines	none_in_pride	no	
PXD068068	exclude	No vendor acquisition files in the archive	PRIDE https://www.ebi.ac.uk/pride/ws/archive/v3/projects/PXD068068; files/all n=32		5	Mus musculus (mouse)	32	0		DIA	LFQ	timsTOF SCP	no	no	StimIL33_report.pr_matrix.xlsx;List_of_files.xlsx;CompKO_WT_report.pg_matrix.xlsx	simple	0	ms-proteomics;vertebrates;dia-acquisition	none_in_pride	no	
PXD068076	hold	Acquisition files are bundled inside archives and are not listed individually	PRIDE https://www.ebi.ac.uk/pride/ws/archive/v3/projects/PXD068076; files/all n=27	Q3	5	Homo sapiens (human)	27	0		DIA	LFQ	timsTOF HT	no	no	B240830_Rebecca_Chloe_iMac_18s_candidates_NoFilter.tsv;20240901_095511_B240830_Rebecca_Chloe_iMac_18s_Report_PG.tsv	simple	0	ms-proteomics;human;dia-acquisition	none_in_pride	no	25 archive(s); inspect the FTP listing before annotating
PXD068378	hold	Acquisition files are bundled inside archives and are not listed individually	PRIDE https://www.ebi.ac.uk/pride/ws/archive/v3/projects/PXD068378; files/all n=15	Q3	5	Homo sapiens (human)	15	0		DIA	LFQ	Orbitrap Fusion Lumos	no	no	RFT_free.tsv;Ir_cat_free.txt;checksum.txt	simple	0	ms-proteomics;human;dia-acquisition	none_in_pride	no	7 archive(s); inspect the FTP listing before annotating
PXD068418	hold	Acquisition files are bundled inside archives and are not listed individually	PRIDE https://www.ebi.ac.uk/pride/ws/archive/v3/projects/PXD068418; files/all n=10	Q3	5	Mus musculus (mouse)	10	0		DIA	LFQ	timsTOF Pro	no	no	checksum.txt	simple	0	ms-proteomics;vertebrates;dia-acquisition	none_in_pride	no	1 archive(s); inspect the FTP listing before annotating
PXD068454	hold	Acquisition files are bundled inside archives and are not listed individually	PRIDE https://www.ebi.ac.uk/pride/ws/archive/v3/projects/PXD068454; files/all n=15	Q3	5	Homo sapiens (human)	15	0		DIA	LFQ	Orbitrap Exploris 480	no	no	checksum.txt	simple	0	ms-proteomics;human;dia-acquisition	none_in_pride	no	2 archive(s); inspect the FTP listing before annotating
PXD068594	hold	Acquisition files are bundled inside archives and are not listed individually	PRIDE https://www.ebi.ac.uk/pride/ws/archive/v3/projects/PXD068594; files/all n=3	Q3	5	Homo sapiens (human)	3	0		DIA	LFQ	timsTOF Pro 2	no	no	E2V_pg_matrix_filesFromDIANN.zip	simple	0	ms-proteomics;human;dia-acquisition	none_in_pride	no	2 archive(s); inspect the FTP listing before annotating
PXD068715	hold	Acquisition files are bundled inside archives and are not listed individually	PRIDE https://www.ebi.ac.uk/pride/ws/archive/v3/projects/PXD068715; files/all n=19	Q3	5	Mus musculus (mouse)	19	0		DIA	LFQ	Orbitrap Astral	no	no	checksum.txt	simple	0	ms-proteomics;vertebrates;dia-acquisition	none_in_pride	no	17 archive(s); inspect the FTP listing before annotating
PXD068742	exclude	No vendor acquisition files in the archive	PRIDE https://www.ebi.ac.uk/pride/ws/archive/v3/projects/PXD068742; files/all n=28		5	Mus musculus (mouse)	28	0		DIA	LFQ	timsTOF Pro 2	no	no	hybrid_quant.pg_matrix.tsv;checksum.txt;ph_hybrid_quant.pg_matrix.tsv	simple	0	ms-proteomics;vertebrates;dia-acquisition	none_in_pride	no	
PXD068810	exclude	No vendor acquisition files in the archive	PRIDE https://www.ebi.ac.uk/pride/ws/archive/v3/projects/PXD068810; files/all n=150		5	Homo sapiens (human)	150	0		DIA	LFQ	ultraflex	no	no	MVhyper3_quant.csv;MVctrl2_quant.csv;reprint.int.tsv	simple	0	ms-proteomics;human;dia-acquisition	none_in_pride	no	
PXD068838	exclude	No vendor acquisition files in the archive	PRIDE https://www.ebi.ac.uk/pride/ws/archive/v3/projects/PXD068838; files/all n=7		5	Homo sapiens (human);Mus musculus (mouse)	7	0		DIA	LFQ	timsTOF Pro 2	no	no	checksum.txt	simple	0	ms-proteomics;dia-acquisition	none_in_pride	no	
PXD069158	hold	Acquisition files are bundled inside archives and are not listed individually	PRIDE https://www.ebi.ac.uk/pride/ws/archive/v3/projects/PXD069158; files/all n=3	Q3	5	Homo sapiens (human)	3	0		DIA	LFQ	timsTOF HT	no	no	checksum.txt	simple	0	ms-proteomics;human;dia-acquisition	none_in_pride	no	2 archive(s); inspect the FTP listing before annotating
PXD069310	hold	Acquisition files are bundled inside archives and are not listed individually	PRIDE https://www.ebi.ac.uk/pride/ws/archive/v3/projects/PXD069310; files/all n=35	Q3	5	Pseudomonas putida kt2440;Escherichia coli;Homo sapiens (human)	35	0		DIA	LFQ	timsTOF Pro	no	no	checksum.txt;E_coli_BL21_Tuner_pedH_full_proteome_report.tsv;HepG2_enrichment_report.tsv	simple	0	ms-proteomics;dia-acquisition	none_in_pride	no	19 archive(s); inspect the FTP listing before annotating
PXD069537	hold	Acquisition files are bundled inside archives and are not listed individually	PRIDE https://www.ebi.ac.uk/pride/ws/archive/v3/projects/PXD069537; files/all n=15	Q3	5	Homo sapiens (human)	15	0		DIA	LFQ	Orbitrap Exploris 480;Q Exactive	no	no	checksum.txt	simple	0	ms-proteomics;human;dia-acquisition;cell-lines	none_in_pride	no	2 archive(s); inspect the FTP listing before annotating
PXD069630	exclude	No vendor acquisition files in the archive	PRIDE https://www.ebi.ac.uk/pride/ws/archive/v3/projects/PXD069630; files/all n=11		5	Homo sapiens (human)	11	0		DIA	LFQ	timsTOF Ultra	no	no	DIANN_search_results_STIC_figure3F.rar;DIANN_search_results_predicted_library.rar	simple	0	ms-proteomics;human;dia-acquisition;cell-lines	none_in_pride	no	
PXD069713	exclude	No vendor acquisition files in the archive	PRIDE https://www.ebi.ac.uk/pride/ws/archive/v3/projects/PXD069713; files/all n=3		5	Homo sapiens (human)	3	0		DIA	LFQ	timsTOF Pro	no	no	240215_240123A_Aizpea_DIANN.xlsx	simple	0	ms-proteomics;human;dia-acquisition	none_in_pride	no	
PXD069730	hold	Acquisition files are bundled inside archives and are not listed individually	PRIDE https://www.ebi.ac.uk/pride/ws/archive/v3/projects/PXD069730; files/all n=55	Q3	5	Homo sapiens (human)	55	0		DIA	LFQ	Mobilion MBI format;Agilent instrument model	no	no	250ng_30SPD_Spectronaut_results_Library.zip;100ng_30SPD_Spectronaut_results_directDIA.zip;500ng_30SPD_Spectronaut_results_directDIA.zip	simple	0	ms-proteomics;human;dia-acquisition	none_in_pride	no	52 archive(s); inspect the FTP listing before annotating
PXD069842	hold	Acquisition files are bundled inside archives and are not listed individually	PRIDE https://www.ebi.ac.uk/pride/ws/archive/v3/projects/PXD069842; files/all n=43	Q3	5	Homo sapiens (human)	43	0		DIA	LFQ	timsTOF HT	no	no	DIANN_report_Plasma.tsv	simple	0	ms-proteomics;human;dia-acquisition	none_in_pride	no	41 archive(s); inspect the FTP listing before annotating
PXD069951	hold	Acquisition files are bundled inside archives and are not listed individually	PRIDE https://www.ebi.ac.uk/pride/ws/archive/v3/projects/PXD069951; files/all n=66	Q3	5	Homo sapiens (human)	66	0		DIA	LFQ	Mobilion MBI format;Agilent instrument model	no	no	Low-load_120SPD_Spectronaut_results.zip;Low-load_80SPD_Spectronaut_results.zip;Low-load_40SPD_Spectronaut_results.zip	simple	0	ms-proteomics;human;dia-acquisition	none_in_pride	no	64 archive(s); inspect the FTP listing before annotating
PXD069983	hold	Acquisition files are bundled inside archives and are not listed individually	PRIDE https://www.ebi.ac.uk/pride/ws/archive/v3/projects/PXD069983; files/all n=3	Q3	5	Flaveria sonorensis	3	0		DIA	LFQ	timsTOF Pro 2	no	no	checksum.txt	simple	0	ms-proteomics;dia-acquisition	none_in_pride	no	1 archive(s); inspect the FTP listing before annotating
PXD070002	hold	Acquisition files are bundled inside archives and are not listed individually	PRIDE https://www.ebi.ac.uk/pride/ws/archive/v3/projects/PXD070002; files/all n=6	Q3	5	Bacteria;Unclassified eubacteriaceae	6	0		unknown	LFQ	Synapt MS	yes	no	READ-ME_exp-design_nomenclature.txt	simple	0	ms-proteomics	none_in_pride	no	2 archive(s); inspect the FTP listing before annotating
PXD070049	exclude	Already annotated in datasets/	PRIDE https://www.ebi.ac.uk/pride/ws/archive/v3/projects/PXD070049; files/all n=2174		5	Saccharomyces cerevisiae (baker's yeast);Escherichia coli;Homo sapiens (human)	2174	973	d.zip;raw;wiff	DIA	LFQ	timsTOF Ultra 2;ZenoTOF 7600+;Orbitrap Astral;ZenoTOF 8600;timsTOF Ultra	yes	yes	LFQBenchmark_Beta.sdrf.tsv	hard	973	ms-proteomics;dia-acquisition	none_in_pride	yes	
PXD070201	exclude	Already annotated in datasets/	PRIDE https://www.ebi.ac.uk/pride/ws/archive/v3/projects/PXD070201; files/all n=7		5	Homo sapiens (human);Mus musculus (mouse)	7	0		DIA	LFQ	Orbitrap Astral	no	no	checksum.txt	simple	0	ms-proteomics;dia-acquisition	none_in_pride	yes	
PXD070495	hold	Acquisition files are bundled inside archives and are not listed individually	PRIDE https://www.ebi.ac.uk/pride/ws/archive/v3/projects/PXD070495; files/all n=11	Q3	5	Mus musculus (mouse)	11	0		DIA	LFQ	timsTOF SCP;timsTOF Ultra	no	no	Peptidergic_nonpeptidergic_single_tissue_cell_DIA-NN_output.zip;Neurofilaments_singe_tissue_cell_tissue_DIA-NN_output.zip;Cell_culture_DIA-NN_output.zip	simple	0	ms-proteomics;vertebrates;dia-acquisition	none_in_pride	no	3 archive(s); inspect the FTP listing before annotating
PXD070747	hold	Acquisition files are bundled inside archives and are not listed individually	PRIDE https://www.ebi.ac.uk/pride/ws/archive/v3/projects/PXD070747; files/all n=11	Q3	5	Homo sapiens (human)	11	0		DIA	LFQ	timsTOF SCP	no	no	PA_DiaNN_quant.zip;FA_DiaNN_quant.zip;DiaNN_RESULTS.zip	simple	0	ms-proteomics;human;dia-acquisition	none_in_pride	no	10 archive(s); inspect the FTP listing before annotating
PXD070911	exclude	No vendor acquisition files in the archive	PRIDE https://www.ebi.ac.uk/pride/ws/archive/v3/projects/PXD070911; files/all n=32		5	Homo sapiens (human)	32	0		DDA	LFQ	LTQ Orbitrap Elite	no	no	checksum.txt	simple	0	ms-proteomics;human;cell-lines	none_in_pride	no	
PXD071172	hold	Acquisition files are bundled inside archives and are not listed individually	PRIDE https://www.ebi.ac.uk/pride/ws/archive/v3/projects/PXD071172; files/all n=32	Q3	5	Homo sapiens (human)	32	0		DIA	LFQ	timsTOF SCP	no	no	reportD2_IDs_12SEP2025_hGanglion_14SPD_4s_emppLIBSearch.pr_matrix.tsv;reportD2_IDs_12SEP2025_hGanglion_14SPD_4s_emppLIBSearch.pg_matrix.tsv;checksum.txt	simple	0	ms-proteomics;human;dia-acquisition	none_in_pride	no	2 archive(s); inspect the FTP listing before annotating
PXD071327	hold	Acquisition files are bundled inside archives and are not listed individually	PRIDE https://www.ebi.ac.uk/pride/ws/archive/v3/projects/PXD071327; files/all n=3	Q3	5	Rattus norvegicus (rat)	3	0		DIA	LFQ	Orbitrap Astral	no	no	checksum.txt	simple	0	ms-proteomics;vertebrates;dia-acquisition	none_in_pride	no	2 archive(s); inspect the FTP listing before annotating
PXD071424	hold	Acquisition files are bundled inside archives and are not listed individually	PRIDE https://www.ebi.ac.uk/pride/ws/archive/v3/projects/PXD071424; files/all n=98	Q3	5	Staphylococcus aureus	98	0		DIA	LFQ	Orbitrap Exploris 480	no	no	checksum.txt	simple	0	ms-proteomics;dia-acquisition	none_in_pride	no	1 archive(s); inspect the FTP listing before annotating
PXD071631	hold	Acquisition files are bundled inside archives and are not listed individually	PRIDE https://www.ebi.ac.uk/pride/ws/archive/v3/projects/PXD071631; files/all n=5	Q3	5	Homo sapiens (human)	5	0		DIA	LFQ	timsTOF Pro 2	no	no	LRRC58-CDO1_pg_matrix_filesFromDIANN_v2.zip;LRRC58-CDO1_pg_matrix_filesFromDIANN.zip	simple	0	ms-proteomics;human;dia-acquisition	none_in_pride	no	4 archive(s); inspect the FTP listing before annotating
PXD071694	hold	Acquisition files are bundled inside archives and are not listed individually	PRIDE https://www.ebi.ac.uk/pride/ws/archive/v3/projects/PXD071694; files/all n=8	Q3	5	Homo sapiens (human)	8	0		DIA	LFQ	autoflex	no	no	24028_report.xlsx;checksum.txt	simple	0	ms-proteomics;human;dia-acquisition	none_in_pride	no	6 archive(s); inspect the FTP listing before annotating
PXD072314	hold	Acquisition files are bundled inside archives and are not listed individually	PRIDE https://www.ebi.ac.uk/pride/ws/archive/v3/projects/PXD072314; files/all n=17	Q3	5	Picosynechococcus sp. pcc 11901;Nostoc punctiforme (strain atcc 29133 / pcc 73102);Synechocystis sp. pcc 6803	17	0		DIA	LFQ	Bruker Daltonics timsTOF series	no	no	checksum.txt	simple	0	ms-proteomics;dia-acquisition	none_in_pride	no	14 archive(s); inspect the FTP listing before annotating
PXD072418	hold	Acquisition files are bundled inside archives and are not listed individually	PRIDE https://www.ebi.ac.uk/pride/ws/archive/v3/projects/PXD072418; files/all n=16	Q3	5	Mus musculus (mouse)	16	0		DIA	LFQ	timsTOF	no	no	ProteinLevelData_PH.txt;SS21RS1PhMSstats.tsv;Keys_AB.csv	simple	0	ms-proteomics;vertebrates;dia-acquisition	none_in_pride	no	2 archive(s); inspect the FTP listing before annotating
PXD072559	hold	Acquisition files are bundled inside archives and are not listed individually	PRIDE https://www.ebi.ac.uk/pride/ws/archive/v3/projects/PXD072559; files/all n=5	Q3	5	Homo sapiens (human)	5	0		DIA	LFQ	Orbitrap Astral	no	no	DIANN_SEARCH_RESULTS.zip;DIANN_SEARCH_RESULTS_KRAS.zip	simple	0	ms-proteomics;human;dia-acquisition	none_in_pride	no	3 archive(s); inspect the FTP listing before annotating
PXD072625	exclude	No vendor acquisition files in the archive	PRIDE https://www.ebi.ac.uk/pride/ws/archive/v3/projects/PXD072625; files/all n=12		5	Homo sapiens (human)	12	0		DIA	LFQ	timsTOF HT	no	no	report.pr_matrix.tsv;checksum.txt	simple	0	ms-proteomics;human;dia-acquisition	none_in_pride	no	
PXD072715	exclude	No vendor acquisition files in the archive	PRIDE https://www.ebi.ac.uk/pride/ws/archive/v3/projects/PXD072715; files/all n=29		5	Mus musculus (mouse)	29	0		DIA	LFQ	timsTOF HT	no	no	AE13p136_MS-Ranee0327205.xlsx;checksum.txt;report.pr_matrix.tsv	simple	0	ms-proteomics;vertebrates;dia-acquisition	none_in_pride	no	
PXD072749	hold	Acquisition files are bundled inside archives and are not listed individually	PRIDE https://www.ebi.ac.uk/pride/ws/archive/v3/projects/PXD072749; files/all n=15	Q3	5	Plasmodium falciparum (isolate 3d7)	15	0		DIA	LFQ	Orbitrap Eclipse;timsTOF Pro	no	no	DIANN_libfree_P4121.zip;DIANN_libfree_P4122.zip;Fbox_DIA-NN_search.zip	simple	0	ms-proteomics;dia-acquisition	none_in_pride	no	14 archive(s); inspect the FTP listing before annotating
PXD072946	hold	Acquisition files are bundled inside archives and are not listed individually	PRIDE https://www.ebi.ac.uk/pride/ws/archive/v3/projects/PXD072946; files/all n=10	Q3	5	Homo sapiens (human)	10	0		DIA	LFQ	timsTOF HT	no	no	FeatureLevelData_AB.csv;ProteinLevelData_AB.csv;FeatureLevelData_PH.csv	simple	0	ms-proteomics;human;dia-acquisition	none_in_pride	no	1 archive(s); inspect the FTP listing before annotating
PXD072950	hold	Acquisition files are bundled inside archives and are not listed individually	PRIDE https://www.ebi.ac.uk/pride/ws/archive/v3/projects/PXD072950; files/all n=4	Q3	5	Homo sapiens (human)	4	0		DIA	LFQ	timsTOF HT	no	no	checksum.txt;Codex.xlsx	simple	0	ms-proteomics;human;dia-acquisition	none_in_pride	no	2 archive(s); inspect the FTP listing before annotating
PXD072978	hold	Acquisition files are bundled inside archives and are not listed individually	PRIDE https://www.ebi.ac.uk/pride/ws/archive/v3/projects/PXD072978; files/all n=52	Q3	5	Homo sapiens (human)	52	0		DIA	LFQ	timsTOF SCP	no	no	DiaNN_report_files.zip	simple	0	ms-proteomics;human;dia-acquisition	none_in_pride	no	2 archive(s); inspect the FTP listing before annotating
PXD073655	exclude	No vendor acquisition files in the archive	PRIDE https://www.ebi.ac.uk/pride/ws/archive/v3/projects/PXD073655; files/all n=7		5	Homo sapiens (human)	7	0		DIA	LFQ	Synapt MS	no	no	checksum.txt	simple	0	ms-proteomics;human;dia-acquisition	none_in_pride	no	
PXD073675	exclude	No vendor acquisition files in the archive	PRIDE https://www.ebi.ac.uk/pride/ws/archive/v3/projects/PXD073675; files/all n=11		5	Saccharomyces cerevisiae (baker's yeast)	11	0		DIA	LFQ	Orbitrap Exploris 480	no	no	checksum.txt	simple	0	ms-proteomics;dia-acquisition	none_in_pride	no	
PXD073707	hold	Acquisition files are bundled inside archives and are not listed individually	PRIDE https://www.ebi.ac.uk/pride/ws/archive/v3/projects/PXD073707; files/all n=3	Q3	5	Homo sapiens (human)	3	0		DIA	LFQ	timsTOF Pro 2	no	no	checksum.txt;searchdata.csv	simple	0	ms-proteomics;human;dia-acquisition	none_in_pride	no	1 archive(s); inspect the FTP listing before annotating
PXD073783	exclude	No vendor acquisition files in the archive	PRIDE https://www.ebi.ac.uk/pride/ws/archive/v3/projects/PXD073783; files/all n=85		5	Mus musculus (mouse)	85	0		DIA	LFQ	Bruker Daltonics timsTOF series	no	no	checksum.txt	simple	0	ms-proteomics;vertebrates;dia-acquisition	none_in_pride	no	
PXD074147	exclude	No vendor acquisition files in the archive	PRIDE https://www.ebi.ac.uk/pride/ws/archive/v3/projects/PXD074147; files/all n=49		5	Homo sapiens (human)	49	0		DIA	LFQ	TripleTOF 5600	no	no	20160113_Yvonne_Y10B__FDR.xlsx;20160113_Yvonne_Y30B__FDR.xlsx;20160113_Yvonne_Y60B__FDR.xlsx	simple	0	ms-proteomics;human;dia-acquisition	none_in_pride	no	
PXD074176	hold	Acquisition files are bundled inside archives and are not listed individually	PRIDE https://www.ebi.ac.uk/pride/ws/archive/v3/projects/PXD074176; files/all n=23	Q3	5	Homo sapiens (human)	23	0		DDA	LFQ	timsTOF Pro	no	no	checksum.txt	simple	0	ms-proteomics;human	none_in_pride	no	2 archive(s); inspect the FTP listing before annotating
PXD074495	hold	Acquisition files are bundled inside archives and are not listed individually	PRIDE https://www.ebi.ac.uk/pride/ws/archive/v3/projects/PXD074495; files/all n=7	Q3	5	Rattus norvegicus (rat)	7	0		DIA	LFQ	TripleTOF 5600	no	no	checksum.txt;SWATH_result.txt	simple	0	ms-proteomics;vertebrates;dia-acquisition	none_in_pride	no	2 archive(s); inspect the FTP listing before annotating
PXD074635	hold	Acquisition files are bundled inside archives and are not listed individually	PRIDE https://www.ebi.ac.uk/pride/ws/archive/v3/projects/PXD074635; files/all n=5	Q3	5	Homo sapiens (human)	5	0		DIA	LFQ	timsTOF fleX	no	no	Spectronaut_urine.7z;Spectronaut_tissue.7z	simple	0	ms-proteomics;human;dia-acquisition	none_in_pride	no	4 archive(s); inspect the FTP listing before annotating
PXD074729	hold	Acquisition files are bundled inside archives and are not listed individually	PRIDE https://www.ebi.ac.uk/pride/ws/archive/v3/projects/PXD074729; files/all n=3	Q3	5	Homo sapiens (human)	3	0		DIA	LFQ	timsTOF Pro	no	no	checksum.txt;report.pg_matrix.tsv	simple	0	ms-proteomics;human;dia-acquisition;cell-lines	none_in_pride	no	1 archive(s); inspect the FTP listing before annotating
PXD074780	hold	Acquisition files are bundled inside archives and are not listed individually	PRIDE https://www.ebi.ac.uk/pride/ws/archive/v3/projects/PXD074780; files/all n=18	Q3	5	Homo sapiens (human)	18	0		DIA	LFQ	ZenoTOF 7600	no	no	checksum.txt;HTR8_BPA_SW_01092025_Library.tsv	simple	0	ms-proteomics;human;dia-acquisition	none_in_pride	no	13 archive(s); inspect the FTP listing before annotating
PXD074830	hold	Acquisition files are bundled inside archives and are not listed individually	PRIDE https://www.ebi.ac.uk/pride/ws/archive/v3/projects/PXD074830; files/all n=20	Q3	5	Homo sapiens (human)	20	0		DIA	LFQ	timsTOF HT	no	no	ELN377338_DIANN.zip;ELN451941_DIANN.zip;ELN411818_DIANN.zip	simple	0	ms-proteomics;human;dia-acquisition	none_in_pride	no	7 archive(s); inspect the FTP listing before annotating
PXD074963	hold	Acquisition files are bundled inside archives and are not listed individually	PRIDE https://www.ebi.ac.uk/pride/ws/archive/v3/projects/PXD074963; files/all n=8	Q3	5	Homo sapiens (human)	8	0		DIA	LFQ	Synapt MS	no	no	FASTA_Complex_I_GABARAP.txt;Deuteration_tables_summary.xlsx;checksum.txt	simple	0	ms-proteomics;human;dia-acquisition	none_in_pride	no	4 archive(s); inspect the FTP listing before annotating
PXD074975	hold	Acquisition files are bundled inside archives and are not listed individually	PRIDE https://www.ebi.ac.uk/pride/ws/archive/v3/projects/PXD074975; files/all n=6	Q3	5	Homo sapiens (human)	6	0		DIA	LFQ	timsTOF Pro 2	no	no	checksum.txt;3332_PRIDE.txt;3332_using_predicted_HUMANc_MC1_NoVarMods_350_1250_mbr.tsv	simple	0	ms-proteomics;human;dia-acquisition	none_in_pride	no	1 archive(s); inspect the FTP listing before annotating
PXD075511	hold	Acquisition files are bundled inside archives and are not listed individually	PRIDE https://www.ebi.ac.uk/pride/ws/archive/v3/projects/PXD075511; files/all n=4	Q3	5	Listeria monocytogenes egd-e	4	0		DIA	LFQ	timsTOF Ultra 2	no	no	Key.xlsx;Listeria_monocytogenes_Results.tsv;checksum.txt	simple	0	ms-proteomics;dia-acquisition	none_in_pride	no	1 archive(s); inspect the FTP listing before annotating
PXD075565	hold	Acquisition files are bundled inside archives and are not listed individually	PRIDE https://www.ebi.ac.uk/pride/ws/archive/v3/projects/PXD075565; files/all n=4	Q3	5	Escherichia coli	4	0		DIA	LFQ	timsTOF Pro	no	no	E_coli_K12_PQQ_PQQ4_competition_report.tsv;checksum.txt	simple	0	ms-proteomics;dia-acquisition	none_in_pride	no	1 archive(s); inspect the FTP listing before annotating
PXD076398	hold	Acquisition files are bundled inside archives and are not listed individually	PRIDE https://www.ebi.ac.uk/pride/ws/archive/v3/projects/PXD076398; files/all n=8	Q3	5	Rattus norvegicus (rat)	8	0		DIA	LFQ	orbitrap	no	no	SCI-Protein.xlsx;SCI-Peptide.xlsx;checksum.txt	simple	0	ms-proteomics;vertebrates;dia-acquisition	none_in_pride	no	2 archive(s); inspect the FTP listing before annotating
PXD076608	hold	Acquisition files are bundled inside archives and are not listed individually	PRIDE https://www.ebi.ac.uk/pride/ws/archive/v3/projects/PXD076608; files/all n=9	Q3	5	Homo sapiens (human)	9	0		DIA	LFQ	timsTOF Ultra	no	no	20250614_085323_Giorgia_phospho_HLA_Report.tsv;report.pg_matrix.tsv;checksum.txt	simple	0	ms-proteomics;human;dia-acquisition;cell-lines	none_in_pride	no	3 archive(s); inspect the FTP listing before annotating
PXD077610	hold	Acquisition files are bundled inside archives and are not listed individually	PRIDE https://www.ebi.ac.uk/pride/ws/archive/v3/projects/PXD077610; files/all n=6	Q3	5	Homo sapiens (human)	6	0		DIA	LFQ	timsTOF Pro 2	no	no	checksum.txt;20230120_133822_Slot2-12_Report.xls;20230120_133822_Slot2-12_Report.setup.txt	simple	0	ms-proteomics;human;dia-acquisition	none_in_pride	no	1 archive(s); inspect the FTP listing before annotating
PXD078350	hold	Acquisition files are bundled inside archives and are not listed individually	PRIDE https://www.ebi.ac.uk/pride/ws/archive/v3/projects/PXD078350; files/all n=7	Q3	5	Saccharomyces cerevisiae (baker's yeast);Escherichia coli;Homo sapiens (human)	7	0		DIA	LFQ	Mobilion MBI format;Agilent instrument model	no	no	meta-data_HYE.xlsx;checksum.txt	simple	0	ms-proteomics;dia-acquisition	none_in_pride	no	5 archive(s); inspect the FTP listing before annotating
PXD078617	hold	Acquisition files are bundled inside archives and are not listed individually	PRIDE https://www.ebi.ac.uk/pride/ws/archive/v3/projects/PXD078617; files/all n=6	Q3	5	Homo sapiens (human)	6	0		DIA	LFQ	timsTOF Pro 2	no	no	4148-HUMANc-mbr.log.txt;4148-HUMANc-mbr-lib.tsv;4148_Experiment_PRIDE.xlsx	simple	0	ms-proteomics;human;dia-acquisition	none_in_pride	no	1 archive(s); inspect the FTP listing before annotating
PXD078825	exclude	No vendor acquisition files in the archive	PRIDE https://www.ebi.ac.uk/pride/ws/archive/v3/projects/PXD078825; files/all n=15		5	Equus caballus (horse)	15	0		DDA	LFQ	Orbitrap Exploris 240	no	no	checksum.txt	simple	0	ms-proteomics	none_in_pride	no	
PXD079406	hold	Acquisition files are bundled inside archives and are not listed individually	PRIDE https://www.ebi.ac.uk/pride/ws/archive/v3/projects/PXD079406; files/all n=8	Q3	5	Sus scrofa domesticus (domestic pig)	8	0		DIA	LFQ	Orbitrap Astral Zoom	no	no	checksum.txt	simple	0	ms-proteomics;vertebrates;dia-acquisition	none_in_pride	no	6 archive(s); inspect the FTP listing before annotating
PXD015977	hold	Acquisition files are bundled inside archives and are not listed individually	PRIDE https://www.ebi.ac.uk/pride/ws/archive/v3/projects/PXD015977; files/all n=2	Q3	4	Mus musculus (mouse)	2	0		DIA	LFQ	TripleTOF 5600	no	no		simple	0	ms-proteomics;vertebrates;dia-acquisition	none_in_pride	no	2 archive(s); inspect the FTP listing before annotating
PXD038394	exclude	141 acquisition files exceeds the 48-file ceiling	PRIDE https://www.ebi.ac.uk/pride/ws/archive/v3/projects/PXD038394; files/all n=147		4	Homo sapiens (human)	147	141	raw	DIA	LFQ	Q Exactive HF-X	yes	no	design_matrix_group_de.tsv	hard	141	ms-proteomics;human;dia-acquisition	none_in_pride	no	
PXD047184	exclude	Isobaric or metabolic multiplexing above the 6-file exception	PRIDE https://www.ebi.ac.uk/pride/ws/archive/v3/projects/PXD047184; files/all n=33		4	Homo sapiens (human)	33	30	raw	DIA	TMT/iTRAQ/SILAC	Orbitrap Eclipse	yes	no	SampleID.xlsx;TotalProteome_SpectronautResults.zip	moderate	30	ms-proteomics;human;dia-acquisition	none_in_pride	no	
PXD047585	exclude	78 acquisition files exceeds the 48-file ceiling	PRIDE https://www.ebi.ac.uk/pride/ws/archive/v3/projects/PXD047585; files/all n=255		4	Homo sapiens (human)	255	78	wiff	DIA	LFQ	TripleTOF 5600	yes	no	SampleAnnotation.xlsx	hard	78	ms-proteomics;human;dia-acquisition	none_in_pride	no	
PXD050933	exclude	No vendor acquisition files in the archive	PRIDE https://www.ebi.ac.uk/pride/ws/archive/v3/projects/PXD050933; files/all n=110		4	Homo sapiens (human)	110	0		DIA	LFQ	TripleTOF 5600	no	no		simple	0	ms-proteomics;human;dia-acquisition	none_in_pride	no	
PXD051719	exclude	Isobaric or metabolic multiplexing above the 6-file exception	PRIDE https://www.ebi.ac.uk/pride/ws/archive/v3/projects/PXD051719; files/all n=21		4	Homo sapiens (human)	21	18	d.tar.gz	DIA	TMT/iTRAQ/SILAC	ultraflex	no	no	report_DIA.reAnalyse.xls;checksum.txt	moderate	18	ms-proteomics;human;dia-acquisition	none_in_pride	no	
PXD052106	exclude	125 acquisition files exceeds the 48-file ceiling	PRIDE https://www.ebi.ac.uk/pride/ws/archive/v3/projects/PXD052106; files/all n=254		4	Mus musculus (mouse)	254	125	wiff	DIA	LFQ	TripleTOF 5600	yes	no	Sample_033.wiff.scan;Sample_066.wiff.scan;Sample_085.wiff.scan	hard	125	ms-proteomics;vertebrates;dia-acquisition	none_in_pride	no	
PXD054684	exclude	156 acquisition files exceeds the 48-file ceiling	PRIDE https://www.ebi.ac.uk/pride/ws/archive/v3/projects/PXD054684; files/all n=163		4	Homo sapiens (human)	163	156	raw	DIA	LFQ	Orbitrap Exploris 480	yes	no	BN_sample_metadata.xlsx;EndoIP_sample_metadata.xlsx	hard	156	ms-proteomics;human;dia-acquisition	none_in_pride	no	
PXD054895	exclude	72 acquisition files exceeds the 48-file ceiling	PRIDE https://www.ebi.ac.uk/pride/ws/archive/v3/projects/PXD054895; files/all n=76		4	Mus musculus (mouse)	76	72	raw	DIA	LFQ	Orbitrap Exploris 480	yes	no	metadata.csv;Phospho_results_spectronaut_PTM_report.csv;Total_results_DIANN.zip	hard	72	ms-proteomics;vertebrates;dia-acquisition	none_in_pride	no	
PXD055158	exclude	70 acquisition files exceeds the 48-file ceiling	PRIDE https://www.ebi.ac.uk/pride/ws/archive/v3/projects/PXD055158; files/all n=149		4	Homo sapiens (human)	149	70	wiff	DIA	LFQ	TripleTOF 5600	yes	no	Plasmametadata_n35.csv;experiment_annotation.txt	hard	70	ms-proteomics;human;dia-acquisition	none_in_pride	no	
PXD057069	exclude	70 acquisition files exceeds the 48-file ceiling	PRIDE https://www.ebi.ac.uk/pride/ws/archive/v3/projects/PXD057069; files/all n=75		4	Mus musculus (mouse)	75	70	d.zip	DIA	LFQ	timsTOF Pro	yes	no	HvP_hippocampus_DIANNdirect.pg_matrix.tsv;hvp_plasma_diann_direct_requant2.pg_matrix.tsv;HvP_R883_muscle_DIANN-requant.pg_matrix.tsv	hard	70	ms-proteomics;vertebrates;dia-acquisition	none_in_pride	no	
PXD057118	hold	Acquisition files are bundled inside archives and are not listed individually	PRIDE https://www.ebi.ac.uk/pride/ws/archive/v3/projects/PXD057118; files/all n=18	Q3	4	Homo sapiens (human)	18	0		DIA	TMT/iTRAQ/SILAC	timsTOF SCP;Orbitrap Astral	yes	no	Metadata.xlsx	simple	0	ms-proteomics;human;dia-acquisition	none_in_pride	no	6 archive(s); inspect the FTP listing before annotating
PXD057304	exclude	72 acquisition files exceeds the 48-file ceiling	PRIDE https://www.ebi.ac.uk/pride/ws/archive/v3/projects/PXD057304; files/all n=90		4	Homo sapiens (human)	90	72	d.zip	DIA	LFQ	timsTOF Pro 2	yes	no	3443_SspH2_Spectronaut_search_settings.txt;Metadata.xlsx;3652_Spectronaut_peptide_quantity_report.csv	hard	72	ms-proteomics;human;dia-acquisition	none_in_pride	no	
PXD057361	exclude	118 acquisition files exceeds the 48-file ceiling	PRIDE https://www.ebi.ac.uk/pride/ws/archive/v3/projects/PXD057361; files/all n=121		4	Homo sapiens (human)	121	118	raw	DIA	LFQ	Orbitrap Exploris 480	yes	no	PRIDE_2928_sampleNames.xlsx	hard	118	ms-proteomics;human;dia-acquisition	none_in_pride	no	
PXD057851	exclude	81 acquisition files exceeds the 48-file ceiling	PRIDE https://www.ebi.ac.uk/pride/ws/archive/v3/projects/PXD057851; files/all n=93		4	Homo sapiens (human)	93	81	d.zip;raw	DIA	LFQ	timsTOF Pro 2	yes	no	DC2817_Spectronaut_search_enantiopair_IA-DTB_Precursor_Intensity_Report.tsv;Metadata.xlsx;DC2817_Spectronaut_search_settings.txt	hard	81	ms-proteomics;human;dia-acquisition	none_in_pride	no	
PXD058049	exclude	54 acquisition files exceeds the 48-file ceiling	PRIDE https://www.ebi.ac.uk/pride/ws/archive/v3/projects/PXD058049; files/all n=81		4	Homo sapiens (human)	81	54	raw	DIA	LFQ	Orbitrap Exploris 480	yes	no	mqpar.xml	hard	54	ms-proteomics;human;dia-acquisition	none_in_pride	no	
PXD059186	hold	Acquisition files are bundled inside archives and are not listed individually	PRIDE https://www.ebi.ac.uk/pride/ws/archive/v3/projects/PXD059186; files/all n=148	Q3	4	Homo sapiens (human)	148	0		DIA	LFQ	TripleTOF 5600	no	no		simple	0	ms-proteomics;human;dia-acquisition;cell-lines	none_in_pride	no	2 archive(s); inspect the FTP listing before annotating
PXD059919	hold	Acquisition files are bundled inside archives and are not listed individually	PRIDE https://www.ebi.ac.uk/pride/ws/archive/v3/projects/PXD059919; files/all n=8	Q3	4	Homo sapiens (human)	8	0		DIA	LFQ	timsTOF HT	no	no		simple	0	ms-proteomics;human;dia-acquisition	none_in_pride	no	4 archive(s); inspect the FTP listing before annotating
PXD060130	exclude	264 acquisition files exceeds the 48-file ceiling	PRIDE https://www.ebi.ac.uk/pride/ws/archive/v3/projects/PXD060130; files/all n=530		4	Mus musculus (mouse)	530	264	wiff	DIA	LFQ	ZenoTOF 7600	yes	no	Metadata.csv	hard	264	ms-proteomics;vertebrates;dia-acquisition	none_in_pride	no	
PXD060292	exclude	56 acquisition files exceeds the 48-file ceiling	PRIDE https://www.ebi.ac.uk/pride/ws/archive/v3/projects/PXD060292; files/all n=65		4	Mus musculus (mouse)	65	56	d.zip	DIA	LFQ	timsTOF Pro	yes	no	MD_metadata.txt	hard	56	ms-proteomics;vertebrates;dia-acquisition	none_in_pride	no	
PXD061007	hold	Acquisition files are bundled inside archives and are not listed individually	PRIDE https://www.ebi.ac.uk/pride/ws/archive/v3/projects/PXD061007; files/all n=9	Q3	4	Bos taurus (bovine)	9	0		DIA	LFQ	timsTOF Pro	no	no		simple	0	ms-proteomics;vertebrates;dia-acquisition	none_in_pride	no	9 archive(s); inspect the FTP listing before annotating
PXD061265	hold	Acquisition files are bundled inside archives and are not listed individually	PRIDE https://www.ebi.ac.uk/pride/ws/archive/v3/projects/PXD061265; files/all n=2	Q3	4	Homo sapiens (human)	2	0		DIA	LFQ	timsTOF Pro 2	no	no		simple	0	ms-proteomics;human;dia-acquisition	none_in_pride	no	2 archive(s); inspect the FTP listing before annotating
PXD061610	hold	Acquisition files are bundled inside archives and are not listed individually	PRIDE https://www.ebi.ac.uk/pride/ws/archive/v3/projects/PXD061610; files/all n=7	Q3	4	Homo sapiens (human)	7	0		DIA	LFQ	timsTOF HT	no	no		simple	0	ms-proteomics;human;dia-acquisition;cell-lines	none_in_pride	no	6 archive(s); inspect the FTP listing before annotating
PXD062127	hold	Acquisition files are bundled inside archives and are not listed individually	PRIDE https://www.ebi.ac.uk/pride/ws/archive/v3/projects/PXD062127; files/all n=10	Q3	4	Homo sapiens (human)	10	0		DIA	LFQ	TripleTOF 5600	no	no		simple	0	ms-proteomics;human;dia-acquisition	none_in_pride	no	2 archive(s); inspect the FTP listing before annotating
PXD062203	hold	Acquisition files are bundled inside archives and are not listed individually	PRIDE https://www.ebi.ac.uk/pride/ws/archive/v3/projects/PXD062203; files/all n=9	Q3	4	Homo sapiens (human)	9	0		DIA	LFQ	timsTOF SCP	no	no		simple	0	ms-proteomics;human;dia-acquisition	none_in_pride	no	4 archive(s); inspect the FTP listing before annotating
PXD062328	exclude	79 acquisition files exceeds the 48-file ceiling	PRIDE https://www.ebi.ac.uk/pride/ws/archive/v3/projects/PXD062328; files/all n=83		4	Homo sapiens (human)	83	79	d.zip	DIA	LFQ	Bruker Daltonics timsTOF series	yes	no	Annotation_Reduced_withControls.csv	hard	79	ms-proteomics;human;dia-acquisition	none_in_pride	no	
PXD062635	exclude	128 acquisition files exceeds the 48-file ceiling	PRIDE https://www.ebi.ac.uk/pride/ws/archive/v3/projects/PXD062635; files/all n=1567		4	Saccharomyces cerevisiae (baker's yeast)	1567	128	d.zip	DIA	LFQ	TripleTOF 6600;ZenoTOF 7600;timsTOF HT	yes	no	20230323_Z1_FA_047_50-0040_DanJarosh-1kSegregants-v2_P01_Sample-37.wiff2.Zip;20230323_Z1_FA_062_50-0040_DanJarosh-1kSegregants-v2_P01_Sample-17.wiff2.Zip;20230323_Z1_FA_024_50-0040_DanJarosh-1kSegregants-v2_P01_Sample-02.wiff2.Zip	hard	128	ms-proteomics;dia-acquisition	none_in_pride	no	
PXD062674	exclude	100 acquisition files exceeds the 48-file ceiling	PRIDE https://www.ebi.ac.uk/pride/ws/archive/v3/projects/PXD062674; files/all n=109		4	Homo sapiens (human)	109	100	d.zip;raw	DIA	LFQ	Orbitrap Astral;timsTOF Pro	yes	no	SampleKey.csv;P5080_DIANN.zip	hard	100	ms-proteomics;human;dia-acquisition;cell-lines	none_in_pride	no	
PXD062684	hold	Acquisition files are bundled inside archives and are not listed individually	PRIDE https://www.ebi.ac.uk/pride/ws/archive/v3/projects/PXD062684; files/all n=5	Q3	4	Mus musculus (mouse)	5	0		DIA	LFQ	timsTOF fleX	no	no		simple	0	ms-proteomics;vertebrates;dia-acquisition	none_in_pride	no	5 archive(s); inspect the FTP listing before annotating
PXD063320	hold	Acquisition files are bundled inside archives and are not listed individually	PRIDE https://www.ebi.ac.uk/pride/ws/archive/v3/projects/PXD063320; files/all n=8	Q3	4	Homo sapiens (human)	8	0		DIA	LFQ	timsTOF Pro 2	no	no		simple	0	ms-proteomics;human;dia-acquisition	none_in_pride	no	8 archive(s); inspect the FTP listing before annotating
PXD063677	exclude	134 acquisition files exceeds the 48-file ceiling	PRIDE https://www.ebi.ac.uk/pride/ws/archive/v3/projects/PXD063677; files/all n=168		4	Homo sapiens (human)	168	134	d.zip	DIA	LFQ	timsTOF Pro	yes	no	protein_matrix_discovery_377samples.csv;protein_matrix_test_106samples.csv	hard	134	ms-proteomics;human;dia-acquisition	none_in_pride	no	
PXD064132	exclude	51 acquisition files exceeds the 48-file ceiling	PRIDE https://www.ebi.ac.uk/pride/ws/archive/v3/projects/PXD064132; files/all n=53		4	Homo sapiens (human)	53	51	d.tar.gz	DIA	LFQ	timsTOF Pro 2	yes	no	MM_CD138_Gain1q_51samples_diaPASEF_Spectronaut.sne	hard	51	ms-proteomics;human;dia-acquisition	none_in_pride	no	
PXD064343	exclude	103 acquisition files exceeds the 48-file ceiling	PRIDE https://www.ebi.ac.uk/pride/ws/archive/v3/projects/PXD064343; files/all n=257		4	Kluyveromyces lactis;Komagataella phaffii;Saccharomyces cerevisiae by4741;Kluyveromyces marxianus;Lachancea thermotolerans;Candida albicans (yeast);Wickerhamomyces anomalus;Candida tropicalis cab54-6763-3	257	103	d.zip	DIA	LFQ	ZenoTOF 7600;timsTOF Pro	yes	no	Metadata.xlsx	hard	103	ms-proteomics;dia-acquisition	none_in_pride	no	
PXD064740	exclude	60 acquisition files exceeds the 48-file ceiling	PRIDE https://www.ebi.ac.uk/pride/ws/archive/v3/projects/PXD064740; files/all n=62		4	Mus musculus (mouse)	62	60	d.zip	DIA	LFQ	maXis	yes	no	AE064LPST_SampleMeta.txt	hard	60	ms-proteomics;vertebrates;dia-acquisition	none_in_pride	no	
PXD065011	exclude	80 acquisition files exceeds the 48-file ceiling	PRIDE https://www.ebi.ac.uk/pride/ws/archive/v3/projects/PXD065011; files/all n=84		4	Mus musculus (mouse)	84	80	d.zip;raw	DIA	LFQ	Orbitrap Exploris 480;timsTOF Pro	yes	no	Sample_List.xlsx	hard	80	ms-proteomics;vertebrates;dia-acquisition	none_in_pride	no	
PXD065951	exclude	179 acquisition files exceeds the 48-file ceiling	PRIDE https://www.ebi.ac.uk/pride/ws/archive/v3/projects/PXD065951; files/all n=361		4	Homo sapiens (human)	361	179	wiff	DIA	LFQ	TripleTOF 5600	yes	no	23084_SampleInformation.txt	hard	179	ms-proteomics;human;dia-acquisition	none_in_pride	no	
PXD066019	hold	Neither acquisition nor quantitation mode could be determined	PRIDE https://www.ebi.ac.uk/pride/ws/archive/v3/projects/PXD066019; files/all n=43	Q3	4	Homo sapiens (human)	43	40	raw	unknown	unknown	Orbitrap Astral	yes	no	DesignPRIDE.xlsx	moderate	40	ms-proteomics;human;cell-lines	none_in_pride	no	
PXD066054	exclude	Isobaric or metabolic multiplexing above the 6-file exception	PRIDE https://www.ebi.ac.uk/pride/ws/archive/v3/projects/PXD066054; files/all n=23		4	Homo sapiens (human)	23	20	d.zip	DIA	TMT/iTRAQ/SILAC	timsTOF Pro 2	no	no	checksum.txt	moderate	20	ms-proteomics;human;dia-acquisition	none_in_pride	no	
PXD066108	exclude	Already annotated in datasets/	PRIDE https://www.ebi.ac.uk/pride/ws/archive/v3/projects/PXD066108; files/all n=571		4	Macaca mulatta (rhesus macaque)	571	481	raw	DIA	LFQ	Q Exactive HF	yes	no	Pancreas_metadata.tsv;Frontal_pole_metadata.tsv;Spleen_metadata.tsv	hard	481	ms-proteomics;dia-acquisition	none_in_pride	yes	
PXD066214	exclude	159 acquisition files exceeds the 48-file ceiling	PRIDE https://www.ebi.ac.uk/pride/ws/archive/v3/projects/PXD066214; files/all n=639		4	Homo sapiens (human)	639	159	wiff	DDA	LFQ	ZenoTOF 7600	yes	no	500SPD-Lupus_Allan-digest_sample11B.wiff2;500SPD-Lupus_Allan-digest_sample35B.wiff.scan;500SPD-Lupus_Allan-digest_sample31A.wiff2	hard	159	ms-proteomics;human	none_in_pride	no	
PXD066343	exclude	54 acquisition files exceeds the 48-file ceiling	PRIDE https://www.ebi.ac.uk/pride/ws/archive/v3/projects/PXD066343; files/all n=56		4	Homo sapiens (human)	56	54	raw	DIA	LFQ	Orbitrap Exploris 480	yes	no	SAMPLES_ID.xlsx	hard	54	ms-proteomics;human;dia-acquisition	none_in_pride	no	
PXD067038	exclude	No vendor acquisition files in the archive	PRIDE https://www.ebi.ac.uk/pride/ws/archive/v3/projects/PXD067038; files/all n=5		4	Oryza sativa (rice)	5	0		DIA	LFQ	autoflex	no	no		simple	0	ms-proteomics;plants;dia-acquisition	none_in_pride	no	
PXD067417	exclude	No vendor acquisition files in the archive	PRIDE https://www.ebi.ac.uk/pride/ws/archive/v3/projects/PXD067417; files/all n=29		4	Homo sapiens (human)	29	0		DIA	TMT/iTRAQ/SILAC	timsTOF Pro 2	yes	no	Metadata_new_NScharping.csv	simple	0	ms-proteomics;human;dia-acquisition	none_in_pride	no	
PXD067859	exclude	104 acquisition files exceeds the 48-file ceiling	PRIDE https://www.ebi.ac.uk/pride/ws/archive/v3/projects/PXD067859; files/all n=111		4	Homo sapiens (human)	111	104	d.zip	DIA	LFQ	timsTOF HT	yes	no	Sample_labeling.xlsx	hard	104	ms-proteomics;human;dia-acquisition	none_in_pride	no	
PXD068130	exclude	95 acquisition files exceeds the 48-file ceiling	PRIDE https://www.ebi.ac.uk/pride/ws/archive/v3/projects/PXD068130; files/all n=102		4	Homo sapiens (human)	102	95	d.zip	DIA	LFQ	timsTOF HT	yes	no	Plasma_sample_labeling.xlsx	hard	95	ms-proteomics;human;dia-acquisition	none_in_pride	no	
PXD068318	exclude	61 acquisition files exceeds the 48-file ceiling	PRIDE https://www.ebi.ac.uk/pride/ws/archive/v3/projects/PXD068318; files/all n=128		4	Mus musculus (mouse)	128	61	d.zip	DIA	LFQ	timsTOF Pro 2	yes	no	Experimental_Design.xlsx	hard	61	ms-proteomics;vertebrates;dia-acquisition	none_in_pride	no	
PXD068392	exclude	80 acquisition files exceeds the 48-file ceiling	PRIDE https://www.ebi.ac.uk/pride/ws/archive/v3/projects/PXD068392; files/all n=188		4	Saccharomyces cerevisiae (baker's yeast)	188	80	raw	DIA	LFQ	Orbitrap Eclipse	yes	no	WholeProteome_DIANNreport.parquet;WholeProteome_RunAnnotations.csv	hard	80	ms-proteomics;dia-acquisition	none_in_pride	no	
PXD068417	exclude	192 acquisition files exceeds the 48-file ceiling	PRIDE https://www.ebi.ac.uk/pride/ws/archive/v3/projects/PXD068417; files/all n=198		4	Homo sapiens (human)	198	192	d.zip	DIA	LFQ	timsTOF HT	yes	no	ABPP_ExperimentMetadata.csv	hard	192	ms-proteomics;human;dia-acquisition	none_in_pride	no	
PXD068528	hold	Acquisition files are bundled inside archives and are not listed individually	PRIDE https://www.ebi.ac.uk/pride/ws/archive/v3/projects/PXD068528; files/all n=25	Q3	4	Homo sapiens (human)	25	0		DIA	LFQ	Orbitrap Astral	no	no		simple	0	ms-proteomics;human;dia-acquisition;cell-lines	none_in_pride	no	25 archive(s); inspect the FTP listing before annotating
PXD068530	exclude	No vendor acquisition files in the archive	PRIDE https://www.ebi.ac.uk/pride/ws/archive/v3/projects/PXD068530; files/all n=7		4	Mus musculus (mouse)	7	0		DIA	LFQ	timsTOF Pro 2	no	no		simple	0	ms-proteomics;vertebrates;dia-acquisition	none_in_pride	no	
PXD069095	exclude	318 acquisition files exceeds the 48-file ceiling	PRIDE https://www.ebi.ac.uk/pride/ws/archive/v3/projects/PXD069095; files/all n=385		4	Homo sapiens (human)	385	318	raw	DIA	LFQ	LTQ Orbitrap;Q Exactive HF	yes	no	Pride_submission_annotations.xlsx	hard	318	ms-proteomics;human;dia-acquisition	none_in_pride	no	
PXD069201	exclude	164 acquisition files exceeds the 48-file ceiling	PRIDE https://www.ebi.ac.uk/pride/ws/archive/v3/projects/PXD069201; files/all n=167		4	Homo sapiens (human)	167	164	raw	DIA	LFQ	Q Exactive HF	yes	no	20250809_Lysates_sample_key.txt	hard	164	ms-proteomics;human;dia-acquisition	none_in_pride	no	
PXD069727	exclude	122 acquisition files exceeds the 48-file ceiling	PRIDE https://www.ebi.ac.uk/pride/ws/archive/v3/projects/PXD069727; files/all n=266		4	Caenorhabditis elegans	266	122	raw	DIA	LFQ	Orbitrap Exploris 480	yes	no	FayDS_121124_metadata.csv;FayDS_120523_metadata.csv;FayDS_081524_metadata.csv	hard	122	ms-proteomics;invertebrates;dia-acquisition	none_in_pride	no	
PXD069785	exclude	No vendor acquisition files in the archive	PRIDE https://www.ebi.ac.uk/pride/ws/archive/v3/projects/PXD069785; files/all n=55		4	Mus musculus (mouse)	55	0		DIA	TMT/iTRAQ/SILAC	Orbitrap Fusion Lumos;Q Exactive;Q Exactive HF	yes	no	mqpar.xml	simple	0	ms-proteomics;vertebrates;dia-acquisition	none_in_pride	no	
PXD069851	exclude	80 acquisition files exceeds the 48-file ceiling	PRIDE https://www.ebi.ac.uk/pride/ws/archive/v3/projects/PXD069851; files/all n=84		4	Bos taurus (bovine)	84	80	raw	DDA	LFQ	Orbitrap Fusion Lumos	yes	no	P377_02B_experimental_design.xlsx	hard	80	ms-proteomics;vertebrates	none_in_pride	no	
PXD069984	exclude	78 acquisition files exceeds the 48-file ceiling	PRIDE https://www.ebi.ac.uk/pride/ws/archive/v3/projects/PXD069984; files/all n=81		4	Homo sapiens (human)	81	78	d.zip	DIA	LFQ	timsTOF Pro	yes	no	Sample_List_AGDP_2501.xlsx	hard	78	ms-proteomics;human;dia-acquisition;cell-lines	none_in_pride	no	
PXD069993	exclude	64 acquisition files exceeds the 48-file ceiling	PRIDE https://www.ebi.ac.uk/pride/ws/archive/v3/projects/PXD069993; files/all n=70		4	Homo sapiens (human)	70	64	d.zip	DIA	LFQ	Bruker Daltonics timsTOF series	yes	no	Sample-data-mapping.xlsx;DIA-NN_outputfolder.zip	hard	64	ms-proteomics;human;dia-acquisition	none_in_pride	no	
PXD071192	exclude	210 acquisition files exceeds the 48-file ceiling	PRIDE https://www.ebi.ac.uk/pride/ws/archive/v3/projects/PXD071192; files/all n=427		4	Homo sapiens (human)	427	210	wiff	DIA	LFQ	TripleTOF 5600	yes	no	metadata.csv	hard	210	ms-proteomics;human;dia-acquisition	none_in_pride	no	
PXD071328	exclude	336 acquisition files exceeds the 48-file ceiling	PRIDE https://www.ebi.ac.uk/pride/ws/archive/v3/projects/PXD071328; files/all n=350		4	Homo sapiens (human)	350	336	raw	DIA	LFQ	Orbitrap Exploris 480	yes	no	PRIDE_3099_annotation.xlsx	hard	336	ms-proteomics;human;dia-acquisition	none_in_pride	no	
PXD071468	exclude	96 acquisition files exceeds the 48-file ceiling	PRIDE https://www.ebi.ac.uk/pride/ws/archive/v3/projects/PXD071468; files/all n=107		4	Homo sapiens (human)	107	96	raw	DIA	LFQ	Orbitrap Exploris 480	yes	no	sample_list_PRIDE.ods	hard	96	ms-proteomics;human;dia-acquisition	none_in_pride	no	
PXD071549	exclude	184 acquisition files exceeds the 48-file ceiling	PRIDE https://www.ebi.ac.uk/pride/ws/archive/v3/projects/PXD071549; files/all n=205		4	Homo sapiens (human)	205	184	raw	DIA	LFQ	Q Exactive HF-X;Orbitrap Astral	yes	no	mqpar.xml;251120_Annotations_Tri_Astral.csv;241009_AnnotationTable_Ork_Tri.csv	hard	184	ms-proteomics;human;dia-acquisition	none_in_pride	no	
PXD071678	exclude	58 acquisition files exceeds the 48-file ceiling	PRIDE https://www.ebi.ac.uk/pride/ws/archive/v3/projects/PXD071678; files/all n=71		4	Saccharomyces cerevisiae (baker's yeast)	71	58	d.zip;raw	DIA	LFQ	Orbitrap Eclipse;timsTOF HT	yes	no	20250605_TTOF_Evo10_DIA_SA_Orbi5709_Sample12_S1-A11_1_2603.d.zip;20240920_TTOF01_EVO10_SA_DIA_Orbi5353_Sample05_S1-A5_1_13033.d.zip;5706_Sample02_idmapping_2025_06_10_2025.06.11.filtered_cross-linked_spectra.csv	hard	58	ms-proteomics;dia-acquisition	none_in_pride	no	
PXD071849	exclude	71 acquisition files exceeds the 48-file ceiling	PRIDE https://www.ebi.ac.uk/pride/ws/archive/v3/projects/PXD071849; files/all n=74		4	Homo sapiens (human)	74	71	d.zip	DIA	LFQ	timsTOF Pro	yes	no	Sample_List.xlsx	hard	71	ms-proteomics;human;dia-acquisition	none_in_pride	no	
PXD071953	exclude	120 acquisition files exceeds the 48-file ceiling	PRIDE https://www.ebi.ac.uk/pride/ws/archive/v3/projects/PXD071953; files/all n=123		4	Synechocystis sp. pcc 6803 substr. gt-i	123	120	d.zip	DDA	LFQ	impact II	yes	no	data_sample_sheet.xlsx	hard	120	ms-proteomics	none_in_pride	no	
PXD072061	exclude	400 acquisition files exceeds the 48-file ceiling	PRIDE https://www.ebi.ac.uk/pride/ws/archive/v3/projects/PXD072061; files/all n=403		4	Homo sapiens (human)	403	400	raw	DDA	LFQ	Q Exactive	yes	no	experimentalDesignTemplate.xls	hard	400	ms-proteomics;human	none_in_pride	no	
PXD072165	exclude	186 acquisition files exceeds the 48-file ceiling	PRIDE https://www.ebi.ac.uk/pride/ws/archive/v3/projects/PXD072165; files/all n=233		4	Homo sapiens (human)	233	186	raw	DIA	LFQ	Orbitrap Eclipse	yes	no	supplementary-metadata.xlsx	hard	186	ms-proteomics;human;dia-acquisition	none_in_pride	no	
PXD072444	exclude	56 acquisition files exceeds the 48-file ceiling	PRIDE https://www.ebi.ac.uk/pride/ws/archive/v3/projects/PXD072444; files/all n=70		4	Mycoplasma gallisepticum s6	70	56	raw	DIA	LFQ	Orbitrap Exploris 480	yes	no	mqpar_article.xml	hard	56	ms-proteomics;dia-acquisition	none_in_pride	no	
PXD072920	exclude	60 acquisition files exceeds the 48-file ceiling	PRIDE https://www.ebi.ac.uk/pride/ws/archive/v3/projects/PXD072920; files/all n=121		4	Homo sapiens (human)	121	60	raw	DIA	LFQ	Orbitrap Exploris 480	yes	no	annotation_FFPE.csv;annotation_organ_solvent.csv;annotation_proof_of_principle.csv	hard	60	ms-proteomics;human;dia-acquisition	none_in_pride	no	
PXD073186	exclude	No vendor acquisition files in the archive	PRIDE https://www.ebi.ac.uk/pride/ws/archive/v3/projects/PXD073186; files/all n=55		4	Homo sapiens (human)	55	0		DIA	TMT/iTRAQ/SILAC	timsTOF Pro	yes	no	sample-tray_temperature.txt;SampleInfo.xml	simple	0	ms-proteomics;human;dia-acquisition	none_in_pride	no	
PXD073246	exclude	57 acquisition files exceeds the 48-file ceiling	PRIDE https://www.ebi.ac.uk/pride/ws/archive/v3/projects/PXD073246; files/all n=62		4	Homo sapiens (human)	62	57	raw	DIA	LFQ	Orbitrap Exploris 240	yes	no	Sample_list.txt	hard	57	ms-proteomics;human;dia-acquisition	none_in_pride	no	
PXD073337	exclude	70 acquisition files exceeds the 48-file ceiling	PRIDE https://www.ebi.ac.uk/pride/ws/archive/v3/projects/PXD073337; files/all n=87		4	Homo sapiens (human);Mycobacterium tuberculosis h37rv	87	70	raw	DIA	LFQ	Orbitrap Exploris 480	yes	no	BALFallsamples.sne	hard	70	ms-proteomics;dia-acquisition	none_in_pride	no	
PXD075144	exclude	96 acquisition files exceeds the 48-file ceiling	PRIDE https://www.ebi.ac.uk/pride/ws/archive/v3/projects/PXD075144; files/all n=101		4	Homo sapiens (human)	101	96	raw	DIA	LFQ	Orbitrap Exploris 480	yes	no	00d_Bavani_samplelist_DIA.xlsx	hard	96	ms-proteomics;human;dia-acquisition	none_in_pride	no	
PXD075147	exclude	359 acquisition files exceeds the 48-file ceiling	PRIDE https://www.ebi.ac.uk/pride/ws/archive/v3/projects/PXD075147; files/all n=362		4	Mus musculus (mouse)	362	359	raw	DIA	LFQ	Orbitrap Ascend	yes	no	SpectronautResults.sne;Sample_IDs.xlsx	hard	359	ms-proteomics;vertebrates;dia-acquisition	none_in_pride	no	
PXD075230	exclude	Isobaric or metabolic multiplexing above the 6-file exception	PRIDE https://www.ebi.ac.uk/pride/ws/archive/v3/projects/PXD075230; files/all n=23		4	Sus scrofa domesticus (domestic pig)	23	18	raw	DDA	TMT/iTRAQ/SILAC	Orbitrap Exploris 480	no	no	checksum.txt;Raw_file_experiment_list.xlsx	moderate	18	ms-proteomics;vertebrates	none_in_pride	no	
PXD075641	exclude	129 acquisition files exceeds the 48-file ceiling	PRIDE https://www.ebi.ac.uk/pride/ws/archive/v3/projects/PXD075641; files/all n=167		4	Homo sapiens (human)	167	129	raw	DIA	LFQ	Orbitrap Fusion	yes	no	QKL13_metadata.txt;QMPKR_metadata.txt	hard	129	ms-proteomics;human;dia-acquisition	none_in_pride	no	
PXD076278	exclude	92 acquisition files exceeds the 48-file ceiling	PRIDE https://www.ebi.ac.uk/pride/ws/archive/v3/projects/PXD076278; files/all n=101		4	Homo sapiens (human)	101	92	d.zip	DIA	LFQ	timsTOF Pro 2;timsTOF HT	yes	no	Synaptosome-proteomics_DIA-NN_Spectral-library.predicted.speclib;Tissue-extraction-optimization_DIA-NN-search.zip;Tissue-extraction-optimization_sample-key.xlsx	hard	92	ms-proteomics;human;dia-acquisition	none_in_pride	no	
PXD077567	exclude	60 acquisition files exceeds the 48-file ceiling	PRIDE https://www.ebi.ac.uk/pride/ws/archive/v3/projects/PXD077567; files/all n=70		4	Mus musculus (mouse)	70	60	raw	DIA	LFQ	Orbitrap Exploris 480	yes	no	EXPERIMENTAL_DESIGN.txt	hard	60	ms-proteomics;vertebrates;dia-acquisition	none_in_pride	no	
PXD079232	exclude	531 acquisition files exceeds the 48-file ceiling	PRIDE https://www.ebi.ac.uk/pride/ws/archive/v3/projects/PXD079232; files/all n=537		4	Homo sapiens (human)	537	531	raw	DIA	LFQ	Q Exactive HF-X;Orbitrap Exploris 480	yes	no	Sample_List_PRM_21_panel_Plasma.txt;Sample_List_Global_DIA_Plasma.txt;Sample_List_TQL_7_panel_Plasma.txt	hard	531	ms-proteomics;human;dia-acquisition	none_in_pride	no	
PXD005573	exclude	172 acquisition files exceeds the 48-file ceiling	PRIDE https://www.ebi.ac.uk/pride/ws/archive/v3/projects/PXD005573; files/all n=239		3	Homo sapiens (human);Mus musculus (mouse)	239	172	raw	DIA	LFQ	Q Exactive HF	no	no	Fig2Hela240minSpectronautAnalysis.sne;Fig1HeLa120kMS1-32W15kMS2_SpectronautAnalysis.sne;Fig1HeLa60kMS1_SpectronautAnalysis.sne	hard	172	ms-proteomics;dia-acquisition;cell-lines	none_in_pride	no	
PXD021491	exclude	142 acquisition files exceeds the 48-file ceiling	PRIDE https://www.ebi.ac.uk/pride/ws/archive/v3/projects/PXD021491; files/all n=146		3	Homo sapiens (human)	146	142	raw	DIA	LFQ	Orbitrap Fusion Lumos	no	no	ProtSummary_201708290010.xls;FragSummary_201708290010.xls;IDNoSummary_201708290010.xls	hard	142	ms-proteomics;human;dia-acquisition	none_in_pride	no	
PXD025560	exclude	209 acquisition files exceeds the 48-file ceiling	PRIDE https://www.ebi.ac.uk/pride/ws/archive/v3/projects/PXD025560; files/all n=211		3	Homo sapiens (human)	211	209	raw	DIA	LFQ	Q Exactive HF	no	no	checksum.txt;Protein_results.xlsx	hard	209	ms-proteomics;human;dia-acquisition	none_in_pride	no	
PXD031070	exclude	72 acquisition files exceeds the 48-file ceiling	PRIDE https://www.ebi.ac.uk/pride/ws/archive/v3/projects/PXD031070; files/all n=79		3	Brassica napus (rape)	79	72	raw	DIA	LFQ	Orbitrap Fusion Lumos	no	no	Spectronaut_Settings.txt	hard	72	ms-proteomics;dia-acquisition	none_in_pride	no	
PXD031780	exclude	74 acquisition files exceeds the 48-file ceiling	PRIDE https://www.ebi.ac.uk/pride/ws/archive/v3/projects/PXD031780; files/all n=78		3	Brassica oleracea (wild cabbage);Brassica napus (rape)	78	74	raw	DIA	LFQ	Orbitrap Fusion Lumos	no	no	20220107_150138_202010320_Kale_TP_EDvEN_Report.setup.txt;20220107_150138_202010320_Kale_TP_EDvEN_Report.log.txt;checksum.txt	hard	74	ms-proteomics;dia-acquisition	none_in_pride	no	
PXD036566	exclude	80 acquisition files exceeds the 48-file ceiling	PRIDE https://www.ebi.ac.uk/pride/ws/archive/v3/projects/PXD036566; files/all n=85		3	Homo sapiens (human)	85	80	d.zip	DIA	LFQ	timsTOF Pro	no	no	checksum.txt	hard	80	ms-proteomics;human;dia-acquisition;cell-lines	none_in_pride	no	
PXD038377	exclude	120 acquisition files exceeds the 48-file ceiling	PRIDE https://www.ebi.ac.uk/pride/ws/archive/v3/projects/PXD038377; files/all n=123		3	Saccharomyces cerevisiae (strain atcc 204508 / s288c) (baker's yeast);Mus musculus (mouse)	123	120	raw	DIA	LFQ	Q Exactive HF-X	no	no	checksum.txt;library.tsv	hard	120	ms-proteomics;dia-acquisition	none_in_pride	no	
PXD039439	exclude	72 acquisition files exceeds the 48-file ceiling	PRIDE https://www.ebi.ac.uk/pride/ws/archive/v3/projects/PXD039439; files/all n=75		3	Homo sapiens (human)	75	72	raw	DIA	LFQ	Orbitrap Fusion Lumos	no	no	checksum.txt	hard	72	ms-proteomics;human;dia-acquisition;cell-lines	none_in_pride	no	
PXD040620	exclude	56 acquisition files exceeds the 48-file ceiling	PRIDE https://www.ebi.ac.uk/pride/ws/archive/v3/projects/PXD040620; files/all n=63		3	Mus musculus (mouse)	63	56	d.zip	DIA	LFQ	timsTOF Pro 2	no	no	heart.report.tsv;heart.meta.tsv;heart.report.log.txt	hard	56	ms-proteomics;vertebrates;dia-acquisition	none_in_pride	no	
PXD045142	exclude	60 acquisition files exceeds the 48-file ceiling	PRIDE https://www.ebi.ac.uk/pride/ws/archive/v3/projects/PXD045142; files/all n=64		3	Neisseria gonorrhoeae fa19	64	60	raw	DIA	LFQ	Orbitrap Exploris 480	no	no	Spectronaut-search_results.zip	hard	60	ms-proteomics;dia-acquisition	none_in_pride	no	
PXD045547	exclude	81 acquisition files exceeds the 48-file ceiling	PRIDE https://www.ebi.ac.uk/pride/ws/archive/v3/projects/PXD045547; files/all n=85		3	Homo sapiens (human)	85	81	raw	DIA	LFQ	Q Exactive HF-X	no	no	KEY_AC.xlsx;Karakosta_Perifakio.unique_genes_matrix.tsv;Karakosta_Perifakio.pr_matrix.tsv	hard	81	ms-proteomics;human;dia-acquisition	none_in_pride	no	
PXD045554	exclude	88 acquisition files exceeds the 48-file ceiling	PRIDE https://www.ebi.ac.uk/pride/ws/archive/v3/projects/PXD045554; files/all n=92		3	Homo sapiens (human)	92	88	raw	DIA	LFQ	Q Exactive HF-X	no	no	KEY_AH.xlsx;Karakosta_AH_30449.unique_genes_matrix.tsv;Karakosta_AH_30449.pg_matrix.tsv	hard	88	ms-proteomics;human;dia-acquisition	none_in_pride	no	
PXD045557	exclude	88 acquisition files exceeds the 48-file ceiling	PRIDE https://www.ebi.ac.uk/pride/ws/archive/v3/projects/PXD045557; files/all n=92		3	Homo sapiens (human)	92	88	raw	DIA	LFQ	Q Exactive HF-X	no	no	KEY_Phaco.xlsx;Karakosta_Cassett_30445.pg_matrix.tsv;Karakosta_Cassett_30445.pr_matrix.tsv	hard	88	ms-proteomics;human;dia-acquisition	none_in_pride	no	
PXD046388	exclude	97 acquisition files exceeds the 48-file ceiling	PRIDE https://www.ebi.ac.uk/pride/ws/archive/v3/projects/PXD046388; files/all n=100		3	Homo sapiens (human)	100	97	raw	DIA	LFQ	Orbitrap Exploris 480	no	no	2813_GPF_DIANN.tsv.speclib	hard	97	ms-proteomics;human;dia-acquisition	none_in_pride	no	
PXD046992	exclude	120 acquisition files exceeds the 48-file ceiling	PRIDE https://www.ebi.ac.uk/pride/ws/archive/v3/projects/PXD046992; files/all n=356		3	Ostreococcus tauri	356	120	wiff	DIA	LFQ	TripleTOF 5600	no	no	ostta_SD_library_FDR.xlsx;checksum.txt;LD_swath_raw_data.tsv	hard	120	ms-proteomics;dia-acquisition	none_in_pride	no	
PXD047296	exclude	400 acquisition files exceeds the 48-file ceiling	PRIDE https://www.ebi.ac.uk/pride/ws/archive/v3/projects/PXD047296; files/all n=421		3	Mus musculus (mouse)	421	400	raw	DIA	LFQ	Q Exactive HF	no	no	IntestineDIANNreport.pr_matrix.tsv;MuscleDIANNStep3report.pg_matrix.tsv;spleenDIANNStep3_report.pg_matrix.tsv	hard	400	ms-proteomics;vertebrates;dia-acquisition	none_in_pride	no	
PXD047550	exclude	53 acquisition files exceeds the 48-file ceiling	PRIDE https://www.ebi.ac.uk/pride/ws/archive/v3/projects/PXD047550; files/all n=55		3	Mus musculus (mouse)	55	53	d.zip	DIA	LFQ	timsTOF Pro 2	no	no	Search_batch_2.tsv;Search_batch_1.tsv	hard	53	ms-proteomics;vertebrates;dia-acquisition	none_in_pride	no	
PXD047720	exclude	49 acquisition files exceeds the 48-file ceiling	PRIDE https://www.ebi.ac.uk/pride/ws/archive/v3/projects/PXD047720; files/all n=51		3	Homo sapiens (human)	51	49	raw	DIA	LFQ	Orbitrap Exploris 480	no	no	checksum.txt	hard	49	ms-proteomics;human;dia-acquisition	none_in_pride	no	
PXD048138	exclude	94 acquisition files exceeds the 48-file ceiling	PRIDE https://www.ebi.ac.uk/pride/ws/archive/v3/projects/PXD048138; files/all n=189		3	Homo sapiens (human)	189	94	wiff	DIA	LFQ	TripleTOF 6600	no	no	SWATH_library__FDR.xlsx	hard	94	ms-proteomics;human;dia-acquisition	none_in_pride	no	
PXD048648	exclude	54 acquisition files exceeds the 48-file ceiling	PRIDE https://www.ebi.ac.uk/pride/ws/archive/v3/projects/PXD048648; files/all n=110		3	Saccharomyces cerevisiae (baker's yeast)	110	54	wiff	DIA	LFQ	TripleTOF 5600	no	no	checksum.txt	hard	54	ms-proteomics;dia-acquisition	none_in_pride	no	
PXD048791	exclude	838 acquisition files exceeds the 48-file ceiling	PRIDE https://www.ebi.ac.uk/pride/ws/archive/v3/projects/PXD048791; files/all n=1678		3	Homo sapiens (human)	1678	838	wiff	DIA	LFQ	TripleTOF 6600	no	no	E0045_P02-srl.tsv;210831_E0045-P03_SRL-srl.tsv	hard	838	ms-proteomics;human;dia-acquisition	none_in_pride	no	
PXD049084	exclude	75 acquisition files exceeds the 48-file ceiling	PRIDE https://www.ebi.ac.uk/pride/ws/archive/v3/projects/PXD049084; files/all n=78		3	Rattus norvegicus (rat)	78	75	raw	DIA	LFQ	Orbitrap Fusion Lumos	no	no	20191204_230755_SynPEP-SEC-v1_Report_pivot_PEP.xls;20191204_135658_SynPEP-SEC-v1_Report.xls;checksum.txt	hard	75	ms-proteomics;vertebrates;dia-acquisition	none_in_pride	no	
PXD049296	exclude	159 acquisition files exceeds the 48-file ceiling	PRIDE https://www.ebi.ac.uk/pride/ws/archive/v3/projects/PXD049296; files/all n=319		3	Homo sapiens (human)	319	159	wiff	DIA	LFQ	TripleTOF 6600	no	no	Tear_KC_Library.xlsx	hard	159	ms-proteomics;human;dia-acquisition	none_in_pride	no	
PXD049340	exclude	288 acquisition files exceeds the 48-file ceiling	PRIDE https://www.ebi.ac.uk/pride/ws/archive/v3/projects/PXD049340; files/all n=291		3	Homo sapiens (human)	291	288	d.zip	DIA	LFQ	timsTOF Pro 2	no	no	DIANN_Search_Hek293_P1.zip.zip;DIANN_Search_Hek293_P2.zip.zip	hard	288	ms-proteomics;human;dia-acquisition;cell-lines	none_in_pride	no	
PXD049426	exclude	242 acquisition files exceeds the 48-file ceiling	PRIDE https://www.ebi.ac.uk/pride/ws/archive/v3/projects/PXD049426; files/all n=244		3	Mus musculus (mouse)	244	242	d.zip	DIA	LFQ	timsTOF Pro 2	no	no	DIANN_VCM_Search.zip	hard	242	ms-proteomics;vertebrates;dia-acquisition	none_in_pride	no	
PXD050003	exclude	181 acquisition files exceeds the 48-file ceiling	PRIDE https://www.ebi.ac.uk/pride/ws/archive/v3/projects/PXD050003; files/all n=365		3	Homo sapiens (human)	365	181	wiff	DIA	LFQ	TripleTOF 5600	no	no	DataLC031-LC519_upload.xlsx;Integrated_library_65min_95min_published.txt	hard	181	ms-proteomics;human;dia-acquisition	none_in_pride	no	
PXD050231	exclude	67 acquisition files exceeds the 48-file ceiling	PRIDE https://www.ebi.ac.uk/pride/ws/archive/v3/projects/PXD050231; files/all n=135		3	Homo sapiens (human)	135	67	wiff	DIA	LFQ	ZenoTOF 7600	no	no	Proteomics_data.xlsx	hard	67	ms-proteomics;human;dia-acquisition	none_in_pride	no	
PXD050245	exclude	118 acquisition files exceeds the 48-file ceiling	PRIDE https://www.ebi.ac.uk/pride/ws/archive/v3/projects/PXD050245; files/all n=240		3	Homo sapiens (human)	240	118	wiff	DIA	LFQ	TripleTOF 5600	no	no	T_Buhl_240619_230220_Aekta__FDR.xlsx;20240229_ProteinID_and_Quant.xlsx	hard	118	ms-proteomics;human;dia-acquisition	none_in_pride	no	
PXD050276	exclude	230 acquisition files exceeds the 48-file ceiling	PRIDE https://www.ebi.ac.uk/pride/ws/archive/v3/projects/PXD050276; files/all n=461		3	Homo sapiens (human)	461	230	wiff	DIA	LFQ	TripleTOF 5600	no	no	Convertedmatrix.annotated.csv	hard	230	ms-proteomics;human;dia-acquisition	none_in_pride	no	
PXD050383	exclude	712 acquisition files exceeds the 48-file ceiling	PRIDE https://www.ebi.ac.uk/pride/ws/archive/v3/projects/PXD050383; files/all n=911		3	Mus musculus (mouse)	911	712	d.zip	DIA	LFQ	timsTOF Pro 2	no	no	SEM_MS_28W_HET_R1.csv;SEM_MS_28W_WT_R2.csv;SEM_MS_28W_WT_R1.csv	hard	712	ms-proteomics;vertebrates;dia-acquisition;cell-lines	none_in_pride	no	
PXD050656	exclude	60 acquisition files exceeds the 48-file ceiling	PRIDE https://www.ebi.ac.uk/pride/ws/archive/v3/projects/PXD050656; files/all n=124		3	Ovis aries	124	60	wiff	DIA	LFQ	TripleTOF 6600	no	no	clinical_stage__FDR.xlsx;healthy_control__FDR.xlsx;preclinica_stage__FDR.xlsx	hard	60	ms-proteomics;dia-acquisition	none_in_pride	no	
PXD050835	exclude	97 acquisition files exceeds the 48-file ceiling	PRIDE https://www.ebi.ac.uk/pride/ws/archive/v3/projects/PXD050835; files/all n=197		3	Sus scrofa domesticus (domestic pig)	197	97	wiff	DIA	LFQ	TripleTOF 5600	no	no	report.unique_genes_matrix_all_vs_C_Lc.tsv;report.unique_genes_matrix_all_vs_C_Kc.tsv;checksum.txt	hard	97	ms-proteomics;vertebrates;dia-acquisition	none_in_pride	no	
PXD050920	exclude	58 acquisition files exceeds the 48-file ceiling	PRIDE https://www.ebi.ac.uk/pride/ws/archive/v3/projects/PXD050920; files/all n=143		3	Homo sapiens (human);Mus musculus (mouse)	143	58	wiff	DIA	LFQ	TripleTOF 5600	no	no	Mouse-MPO-identification-All-for-Library_ProteinSummary.txt;Mouse-MPO-identification-untreated_ProteinSummary.txt;Mouse-MPO-identification-untreated_PeptideSummary.txt	hard	58	ms-proteomics;dia-acquisition	none_in_pride	no	
PXD051208	exclude	72 acquisition files exceeds the 48-file ceiling	PRIDE https://www.ebi.ac.uk/pride/ws/archive/v3/projects/PXD051208; files/all n=146		3	Homo sapiens (human)	146	72	wiff	DIA	LFQ	TripleTOF 5600	no	no	20240410_Organoid_protein_DIA-NN_Search.csv	hard	72	ms-proteomics;human;dia-acquisition;cell-lines	none_in_pride	no	
PXD051500	exclude	88 acquisition files exceeds the 48-file ceiling	PRIDE https://www.ebi.ac.uk/pride/ws/archive/v3/projects/PXD051500; files/all n=90		3	Homo sapiens (human)	90	88	d.zip	DIA	LFQ	autoflex	no	no	checksum.txt	hard	88	ms-proteomics;human;dia-acquisition	none_in_pride	no	
PXD051740	exclude	133 acquisition files exceeds the 48-file ceiling	PRIDE https://www.ebi.ac.uk/pride/ws/archive/v3/projects/PXD051740; files/all n=266		3	Homo sapiens (human)	266	133	wiff	DIA	LFQ	TripleTOF 5600	no	no	post_covid_swath_library__FDR.xlsx	hard	133	ms-proteomics;human;dia-acquisition	none_in_pride	no	
PXD051873	exclude	157 acquisition files exceeds the 48-file ceiling	PRIDE https://www.ebi.ac.uk/pride/ws/archive/v3/projects/PXD051873; files/all n=797		3	Rattus norvegicus (rat)	797	157	wiff	DIA	LFQ	TripleTOF 5600	no	no	Phospho_Stringent_Raw_Precursors.log.txt;Proteome_Stringent_ProteinGroups_Raw.log.txt;FFPEModSearch_Kidney_Precursor.tsv	hard	157	ms-proteomics;vertebrates;dia-acquisition	none_in_pride	no	
PXD052794	exclude	52 acquisition files exceeds the 48-file ceiling	PRIDE https://www.ebi.ac.uk/pride/ws/archive/v3/projects/PXD052794; files/all n=105		3	Mus musculus (mouse)	105	52	wiff	DIA	LFQ	TripleTOF 5600	no	no	Library__FDR.xlsx	hard	52	ms-proteomics;vertebrates;dia-acquisition	none_in_pride	no	
PXD052861	exclude	200 acquisition files exceeds the 48-file ceiling	PRIDE https://www.ebi.ac.uk/pride/ws/archive/v3/projects/PXD052861; files/all n=403		3	Homo sapiens (human)	403	200	raw	DIA	LFQ	TripleTOF 6600	no	no	diann_report_qcs.csv	hard	200	ms-proteomics;human;dia-acquisition	none_in_pride	no	
PXD052871	exclude	2610 acquisition files exceeds the 48-file ceiling	PRIDE https://www.ebi.ac.uk/pride/ws/archive/v3/projects/PXD052871; files/all n=3141		3	Mus musculus (mouse)	3141	2610	d.zip;raw;wiff	DIA	LFQ	TripleTOF 5600;TripleTOF 6600;Q Exactive HF-X;Q Exactive Plus;Orbitrap Fusion;Orbitrap Exploris 480;Q Exactive;Q Exactive HF	no	no	Library_FinalPanMouse_v2_FinalWithoutDecoys.tsv	hard	2610	ms-proteomics;vertebrates;dia-acquisition	none_in_pride	no	
PXD052892	exclude	497 acquisition files exceeds the 48-file ceiling	PRIDE https://www.ebi.ac.uk/pride/ws/archive/v3/projects/PXD052892; files/all n=997		3	Homo sapiens (human)	997	497	raw	DIA	LFQ	TripleTOF 6600	no	no	diann_report_qcs.csv	hard	497	ms-proteomics;human;dia-acquisition	none_in_pride	no	
PXD052899	exclude	107 acquisition files exceeds the 48-file ceiling	PRIDE https://www.ebi.ac.uk/pride/ws/archive/v3/projects/PXD052899; files/all n=215		3	Rattus norvegicus (rat)	215	107	wiff	DIA	LFQ	TripleTOF 6600	no	no	Control_Sham_Ischemic_SWATH_library__FDR.xlsx	hard	107	ms-proteomics;vertebrates;dia-acquisition	none_in_pride	no	
PXD053035	exclude	69 acquisition files exceeds the 48-file ceiling	PRIDE https://www.ebi.ac.uk/pride/ws/archive/v3/projects/PXD053035; files/all n=298		3	Cricetulus griseus (chinese hamster) (cricetulus barabensis griseus)	298	69	wiff	DIA	LFQ	ZenoTOF 7600	no	no	checksum.txt;20230406_SPEED_prec_std_Report_BGS_Factory_Report_filtered.txt;20230524_pepstd_hi3_unique_all_std_Report_BGS_Factory_Report_filtered.txt	hard	69	ms-proteomics;dia-acquisition	none_in_pride	no	
PXD053037	exclude	78 acquisition files exceeds the 48-file ceiling	PRIDE https://www.ebi.ac.uk/pride/ws/archive/v3/projects/PXD053037; files/all n=159		3	Mus musculus (mouse)	159	78	wiff	DIA	LFQ	TripleTOF 5600	no	no	D_Kownatzki_290119_1814Quants.xlsx.xlsx	hard	78	ms-proteomics;vertebrates;dia-acquisition	none_in_pride	no	
PXD053543	exclude	300 acquisition files exceeds the 48-file ceiling	PRIDE https://www.ebi.ac.uk/pride/ws/archive/v3/projects/PXD053543; files/all n=301		3	Homo sapiens (human)	301	300	raw	DIA	LFQ	Orbitrap Exploris 240	no	no	report.pg_matrix_NEW_H.tsv	hard	300	ms-proteomics;human;dia-acquisition	none_in_pride	no	
PXD053710	exclude	144 acquisition files exceeds the 48-file ceiling	PRIDE https://www.ebi.ac.uk/pride/ws/archive/v3/projects/PXD053710; files/all n=289		3	Homo sapiens (human)	289	144	wiff	DIA	LFQ	ZenoTOF 7600	no	no	PRIDE_proteomics.xlsx	hard	144	ms-proteomics;human;dia-acquisition	none_in_pride	no	
PXD054596	exclude	532 acquisition files exceeds the 48-file ceiling	PRIDE https://www.ebi.ac.uk/pride/ws/archive/v3/projects/PXD054596; files/all n=1836		3	Rattus norvegicus (rat);Homo sapiens (human)	1836	532	wiff	DIA	LFQ	TripleTOF 6600	no	no	190914_HEK-QCI_000F2_00IC8_M03_I_1__FDR.xlsx;190916_W4-K-RT_00FK2_00IDO_M03_I_1__FDR.xlsx;191217_W16-B-F_00FGT_00P2X_M05_I_1__FDR.xlsx	hard	532	ms-proteomics;dia-acquisition	none_in_pride	no	
PXD055173	exclude	116 acquisition files exceeds the 48-file ceiling	PRIDE https://www.ebi.ac.uk/pride/ws/archive/v3/projects/PXD055173; files/all n=117		3	Mus musculus (mouse)	117	116	raw	DIA	LFQ	Q Exactive HF	no	no	A20231127zengl_ml_30min_iDIA_QCML_500ng_20231113ML_mainoutput.tsv	hard	116	ms-proteomics;vertebrates;dia-acquisition	none_in_pride	no	
PXD055302	exclude	50 acquisition files exceeds the 48-file ceiling	PRIDE https://www.ebi.ac.uk/pride/ws/archive/v3/projects/PXD055302; files/all n=107		3	Homo sapiens (human)	107	50	wiff	DIA	LFQ	TripleTOF 5600	no	no	checksum.txt	hard	50	ms-proteomics;human;dia-acquisition	none_in_pride	no	
PXD055552	exclude	63 acquisition files exceeds the 48-file ceiling	PRIDE https://www.ebi.ac.uk/pride/ws/archive/v3/projects/PXD055552; files/all n=65		3	Mus musculus (mouse)	65	63	d.zip	DIA	LFQ	timsTOF Pro	no	no	MandF_EtOH_Tau_Mg-again.pg_matrix.tsv;MandF_EtOH_Tau_Mg-again.pr_matrix.tsv	hard	63	ms-proteomics;vertebrates;dia-acquisition	none_in_pride	no	
PXD055566	exclude	96 acquisition files exceeds the 48-file ceiling	PRIDE https://www.ebi.ac.uk/pride/ws/archive/v3/projects/PXD055566; files/all n=127		3	Saccharomyces cerevisiae (baker's yeast)	127	96	raw	DIA	LFQ	Orbitrap Fusion Lumos;Orbitrap Eclipse	no	no	20220203_102935_CD010_10K_TC_Report.xls;20230516_114942_230516_CD014_aceylation_mutant_HU_control_CD010_CD011_CD014_merged_lib_Report_proteins.setup.txt;20220203_093918_CD010_100K_LiP_Report.xls	hard	96	ms-proteomics;dia-acquisition	none_in_pride	no	
PXD055843	exclude	52 acquisition files exceeds the 48-file ceiling	PRIDE https://www.ebi.ac.uk/pride/ws/archive/v3/projects/PXD055843; files/all n=56		3	Homo sapiens (human)	56	52	d.zip	DIA	LFQ	timsTOF Pro	no	no	Supplementary_Data_S3_ISG15_IP.xlsx;Supplementary_Data_S1_TP.xlsx;Supplementary_Data_S2_GG.xlsx	hard	52	ms-proteomics;human;dia-acquisition	none_in_pride	no	
PXD056810	exclude	3777 acquisition files exceeds the 48-file ceiling	PRIDE https://www.ebi.ac.uk/pride/ws/archive/v3/projects/PXD056810; files/all n=7557		3	Homo sapiens (human)	7557	3777	wiff	DIA	LFQ	TripleTOF 6600	no	no	cohort_1_processed_matrix.xlsx;E0008_P10_onlyVCB_protein_averaged_log2_transformed.csv;E0008_P10-srl.tsv	hard	3777	ms-proteomics;human;dia-acquisition	none_in_pride	no	
PXD056913	exclude	52 acquisition files exceeds the 48-file ceiling	PRIDE https://www.ebi.ac.uk/pride/ws/archive/v3/projects/PXD056913; files/all n=53		3	Homo sapiens (human)	53	52	d.zip	DIA	LFQ	timsTOF Pro 2	no	no	wp-esf_327_esf4_1243-1294_diann_directdia_RTdep_pred-lib_20220323_rerun_psms_filt.csv	hard	52	ms-proteomics;human;dia-acquisition	none_in_pride	no	
PXD057032	exclude	60 acquisition files exceeds the 48-file ceiling	PRIDE https://www.ebi.ac.uk/pride/ws/archive/v3/projects/PXD057032; files/all n=225		3	Cicer arietinum (chickpea) (garbanzo);Bombyx mori (silk moth);Caenorhabditis elegans;Cercopithecus aethiops (green monkey) (grivet);Bos taurus (bovine);Dictyostelium discoideum (slime mold);Drosophila melanogaster (fruit fly);Brassica oleracea var. botrytis (cauliflower);Danio rerio (zebrafish) (brachydanio rerio);Pinus radiata (monterey pine);Candida albicans (yeast);Brassica napus (rape);Homo sapiens (human)	225	60	wiff	DIA	LFQ	TripleTOF 5600;4800 Proteomics Analyzer;LCQ Classic;LTQ Orbitrap Elite;4700 Proteomics Analyzer;LTQ Orbitrap Velos;Q Exactive	no	no	checksum.txt	hard	60	ms-proteomics;dia-acquisition	none_in_pride	no	
PXD057547	exclude	538 acquisition files exceeds the 48-file ceiling	PRIDE https://www.ebi.ac.uk/pride/ws/archive/v3/projects/PXD057547; files/all n=540		3	Homo sapiens (human)	540	538	d.zip	DIA	LFQ	timsTOF HT	no	no	diann_report.csv	hard	538	ms-proteomics;human;dia-acquisition	none_in_pride	no	
PXD057692	exclude	98 acquisition files exceeds the 48-file ceiling	PRIDE https://www.ebi.ac.uk/pride/ws/archive/v3/projects/PXD057692; files/all n=101		3	Homo sapiens (human)	101	98	raw	DIA	LFQ	Orbitrap Exploris 480	no	no	checksum.txt	hard	98	ms-proteomics;human;dia-acquisition	none_in_pride	no	
PXD058183	exclude	124 acquisition files exceeds the 48-file ceiling	PRIDE https://www.ebi.ac.uk/pride/ws/archive/v3/projects/PXD058183; files/all n=251		3	Homo sapiens (human)	251	124	wiff	DIA	LFQ	TripleTOF 6600	no	no	Baseline_progression_study_DIANN_matrix.xlsx;Resistance_model_DIANN_matrix.xlsx;MRD_study_DIANN_matrix.xlsx	hard	124	ms-proteomics;human;dia-acquisition;cell-lines	none_in_pride	no	
PXD058564	exclude	78 acquisition files exceeds the 48-file ceiling	PRIDE https://www.ebi.ac.uk/pride/ws/archive/v3/projects/PXD058564; files/all n=157		3	Mus musculus (mouse)	157	78	wiff	DIA	LFQ	TripleTOF 6600	no	no	BW_EXP_DIANN.zip	hard	78	ms-proteomics;vertebrates;dia-acquisition	none_in_pride	no	
PXD058664	exclude	2852 acquisition files exceeds the 48-file ceiling	PRIDE https://www.ebi.ac.uk/pride/ws/archive/v3/projects/PXD058664; files/all n=5706		3	Homo sapiens (human)	5706	2852	wiff	DIA	LFQ	TripleTOF 6600	no	no	E0022-P25-protein-matrix.csv;E0022_P25-srl.tsv	hard	2852	ms-proteomics;human;dia-acquisition;cell-lines	none_in_pride	no	
PXD058736	exclude	422 acquisition files exceeds the 48-file ceiling	PRIDE https://www.ebi.ac.uk/pride/ws/archive/v3/projects/PXD058736; files/all n=848		3	Homo sapiens (human)	848	422	wiff	DIA	LFQ	TripleTOF 5600	no	no	ProteinSummary.txt;RawFile-list.xlsx;PeptideSummary.txt	hard	422	ms-proteomics;human;dia-acquisition	none_in_pride	no	
PXD059074	exclude	683 acquisition files exceeds the 48-file ceiling	PRIDE https://www.ebi.ac.uk/pride/ws/archive/v3/projects/PXD059074; files/all n=1369		3	Homo sapiens (human)	1369	683	wiff	DIA	LFQ	TripleTOF 6600	no	no	E0021_P01_SRL_with_triplicates-srl.tsv;checksum.txt;protein_matrix.csv	hard	683	ms-proteomics;human;dia-acquisition	none_in_pride	no	
PXD059876	exclude	52 acquisition files exceeds the 48-file ceiling	PRIDE https://www.ebi.ac.uk/pride/ws/archive/v3/projects/PXD059876; files/all n=105		3	Bos taurus (bovine)	105	52	wiff	DIA	LFQ	TripleTOF 6600	no	no	SWATH_library__FDR.xlsx	hard	52	ms-proteomics;vertebrates;dia-acquisition	none_in_pride	no	
PXD059942	exclude	50 acquisition files exceeds the 48-file ceiling	PRIDE https://www.ebi.ac.uk/pride/ws/archive/v3/projects/PXD059942; files/all n=53		3	Homo sapiens (human)	53	50	raw	DIA	LFQ	Orbitrap Fusion	no	no	AnalyisOverview.txt;checksum.txt;ExperimentSetupOverview_MS1.txt	hard	50	ms-proteomics;human;dia-acquisition	none_in_pride	no	
PXD060308	exclude	63 acquisition files exceeds the 48-file ceiling	PRIDE https://www.ebi.ac.uk/pride/ws/archive/v3/projects/PXD060308; files/all n=64		3	Homo sapiens (human)	64	63	d.zip	DIA	LFQ	timsTOF Pro 2	no	no	239_extracted_pr_matrix.xlsx	hard	63	ms-proteomics;human;dia-acquisition	none_in_pride	no	
PXD060349	exclude	126 acquisition files exceeds the 48-file ceiling	PRIDE https://www.ebi.ac.uk/pride/ws/archive/v3/projects/PXD060349; files/all n=127		3	Homo sapiens (human)	127	126	d.zip	DIA	LFQ	timsTOF Pro 2	no	no	77_DIANN_normalized.pr_matrix.tsv	hard	126	ms-proteomics;human;dia-acquisition	none_in_pride	no	
PXD060473	exclude	416 acquisition files exceeds the 48-file ceiling	PRIDE https://www.ebi.ac.uk/pride/ws/archive/v3/projects/PXD060473; files/all n=837		3	Homo sapiens (human)	837	416	wiff	DIA	LFQ	TripleTOF 5600	no	no	Serum_FreshFT_Validation_cohort_DIANN_Report.tsv;Serum_FreshFT_Pilot_cohort_DIANN_report.tsv	hard	416	ms-proteomics;human;dia-acquisition	none_in_pride	no	
PXD060639	exclude	109 acquisition files exceeds the 48-file ceiling	PRIDE https://www.ebi.ac.uk/pride/ws/archive/v3/projects/PXD060639; files/all n=222		3	Rattus norvegicus (rat)	222	109	wiff	DIA	LFQ	TripleTOF 6600	no	no	checksum.txt;Library_FirstBatch_SwissProt_NoMod__FDR.xlsx	hard	109	ms-proteomics;vertebrates;dia-acquisition	none_in_pride	no	
PXD060810	exclude	84 acquisition files exceeds the 48-file ceiling	PRIDE https://www.ebi.ac.uk/pride/ws/archive/v3/projects/PXD060810; files/all n=85		3	Homo sapiens (human)	85	84	raw	DIA	LFQ	Q Exactive Plus	no	no	report.pg_matrix.tsv	hard	84	ms-proteomics;human;dia-acquisition	none_in_pride	no	
PXD061811	exclude	65 acquisition files exceeds the 48-file ceiling	PRIDE https://www.ebi.ac.uk/pride/ws/archive/v3/projects/PXD061811; files/all n=199		3	Mus musculus (mouse)	199	65	wiff	DIA	LFQ	TripleTOF 5600;ZenoTOF 7600	no	no	IMPexp_2hLysate_Log.log.txt;checksum.txt;IMPmembExp_pg_matrix.tsv	hard	65	ms-proteomics;vertebrates;dia-acquisition	none_in_pride	no	
PXD062043	exclude	Isobaric or metabolic multiplexing above the 6-file exception	PRIDE https://www.ebi.ac.uk/pride/ws/archive/v3/projects/PXD062043; files/all n=84		3	Homo sapiens (human)	84	40	wiff	DIA	TMT/iTRAQ/SILAC	TripleTOF 5600	no	no	DIANN_report_light_search_Secretome.tsv;DIANN_report_heavy_search_Sediment.tsv;DIANN_report_light_search_Sediment.tsv	moderate	40	ms-proteomics;human;dia-acquisition;cell-lines	none_in_pride	no	
PXD062264	exclude	No vendor acquisition files in the archive	PRIDE https://www.ebi.ac.uk/pride/ws/archive/v3/projects/PXD062264; files/all n=4		3	Homo sapiens (human)	4	0		DIA	TMT/iTRAQ/SILAC	Q-Tof Ultima	no	no	codex.xlsx;checksum.txt	simple	0	ms-proteomics;human;dia-acquisition	none_in_pride	no	
PXD063198	exclude	50 acquisition files exceeds the 48-file ceiling	PRIDE https://www.ebi.ac.uk/pride/ws/archive/v3/projects/PXD063198; files/all n=101		3	Homo sapiens (human)	101	50	wiff	DIA	LFQ	TripleTOF 6600	no	no	SWATH_library__FDR.xlsx	hard	50	ms-proteomics;human;dia-acquisition	none_in_pride	no	
PXD063396	exclude	180 acquisition files exceeds the 48-file ceiling	PRIDE https://www.ebi.ac.uk/pride/ws/archive/v3/projects/PXD063396; files/all n=361		3	Homo sapiens (human)	361	180	wiff	DIA	LFQ	TripleTOF 5600+	no	no	220428-ASD_DFS_SWATH_w_pan_reannot_prot_opt.tsv	hard	180	ms-proteomics;human;dia-acquisition	none_in_pride	no	
PXD063439	exclude	63 acquisition files exceeds the 48-file ceiling	PRIDE https://www.ebi.ac.uk/pride/ws/archive/v3/projects/PXD063439; files/all n=176		3	Pseudomonas aeruginosa aes-1r;Bacteria	176	63	raw	DIA	LFQ	Orbitrap Exploris 480	no	no	Search1.pg_matrix.tsv;Search2-first-pass.pr_matrix.tsv;Search3.stats.tsv	hard	63	ms-proteomics;dia-acquisition	none_in_pride	no	
PXD063552	exclude	102 acquisition files exceeds the 48-file ceiling	PRIDE https://www.ebi.ac.uk/pride/ws/archive/v3/projects/PXD063552; files/all n=207		3	Homo sapiens (human)	207	102	wiff	DIA	LFQ	TripleTOF 6600	no	no	Rosen_031722_SWATH_params.txt	hard	102	ms-proteomics;human;dia-acquisition	none_in_pride	no	
PXD063938	exclude	54 acquisition files exceeds the 48-file ceiling	PRIDE https://www.ebi.ac.uk/pride/ws/archive/v3/projects/PXD063938; files/all n=55		3	Mus musculus (mouse)	55	54	d.zip	DIA	LFQ	timsTOF Pro	no	no	DIANN_libfree.zip	hard	54	ms-proteomics;vertebrates;dia-acquisition	none_in_pride	no	
PXD064937	exclude	102 acquisition files exceeds the 48-file ceiling	PRIDE https://www.ebi.ac.uk/pride/ws/archive/v3/projects/PXD064937; files/all n=104		3	Homo sapiens (human)	104	102	d.zip	DIA	LFQ	timsTOF HT	no	no	DIANN_Search_Secretomes.zip;DIANN_Search_Lysates.zip	hard	102	ms-proteomics;human;dia-acquisition	none_in_pride	no	
PXD066161	exclude	89 acquisition files exceeds the 48-file ceiling	PRIDE https://www.ebi.ac.uk/pride/ws/archive/v3/projects/PXD066161; files/all n=179		3	Homo sapiens (human)	179	89	wiff	DIA	LFQ	TripleTOF 6600	no	no	SWATH_Library__FDR.xlsx	hard	89	ms-proteomics;human;dia-acquisition	none_in_pride	no	
PXD066303	exclude	61 acquisition files exceeds the 48-file ceiling	PRIDE https://www.ebi.ac.uk/pride/ws/archive/v3/projects/PXD066303; files/all n=124		3	Homo sapiens (human)	124	61	wiff	DIA	LFQ	TripleTOF 5600	no	no	non-normalise_SWATH-IP_Spectronaut_base_SWISSPROT.xlsx	hard	61	ms-proteomics;human;dia-acquisition	none_in_pride	no	
PXD066565	exclude	53 acquisition files exceeds the 48-file ceiling	PRIDE https://www.ebi.ac.uk/pride/ws/archive/v3/projects/PXD066565; files/all n=55		3	Danio rerio (zebrafish) (brachydanio rerio)	55	53	raw	DIA	LFQ	Orbitrap Fusion Lumos	no	no	checksum.txt;250722_export_PAC2_proteomics_PD1_PD2_ReportBGS.tsv	hard	53	ms-proteomics;vertebrates;dia-acquisition;cell-lines	none_in_pride	no	
PXD066701	exclude	124 acquisition files exceeds the 48-file ceiling	PRIDE https://www.ebi.ac.uk/pride/ws/archive/v3/projects/PXD066701; files/all n=137		3	Homo sapiens (human)	137	124	d.zip;raw	DIA	LFQ	timsTOF Ultra 2;Orbitrap Astral	no	no	PeakArea0420_report.pg_matrix.tsv;Gradient_0414_report.pg_matrix.tsv;checksum.txt	hard	124	ms-proteomics;human;dia-acquisition	none_in_pride	no	
PXD066875	exclude	705 acquisition files exceeds the 48-file ceiling	PRIDE https://www.ebi.ac.uk/pride/ws/archive/v3/projects/PXD066875; files/all n=721		3	Mus musculus (mouse)	721	705	raw	DIA	LFQ	Orbitrap Exploris 480	no	no	Filedata_PXD066875.tsv;20230830_100518_MmObesityRegression_Brain_Report.tsv;20230821_101012_MmObesityRegression_Duodenum_Report.tsv	hard	705	ms-proteomics;vertebrates;dia-acquisition	none_in_pride	no	
PXD067064	exclude	86 acquisition files exceeds the 48-file ceiling	PRIDE https://www.ebi.ac.uk/pride/ws/archive/v3/projects/PXD067064; files/all n=88		3	Homo sapiens (human)	88	86	raw	DIA	LFQ	Orbitrap Exploris 480	no	no	HAP-Info.xlsx;HAP_Depletion_MS.csv	hard	86	ms-proteomics;human;dia-acquisition	none_in_pride	no	
PXD067092	exclude	59 acquisition files exceeds the 48-file ceiling	PRIDE https://www.ebi.ac.uk/pride/ws/archive/v3/projects/PXD067092; files/all n=63		3	Mus musculus (mouse)	63	59	d.7z	DIA	LFQ	timsTOF Pro 2	no	no	DIANN_v1.8.1_Results.zip	hard	59	ms-proteomics;vertebrates;dia-acquisition;cell-lines	none_in_pride	no	
PXD067155	exclude	60 acquisition files exceeds the 48-file ceiling	PRIDE https://www.ebi.ac.uk/pride/ws/archive/v3/projects/PXD067155; files/all n=122		3	Rattus norvegicus (rat)	122	60	wiff	DIA	LFQ	TripleTOF 6600	no	no	Results_processing_MM.xlsx	hard	60	ms-proteomics;vertebrates;dia-acquisition	none_in_pride	no	
PXD067161	exclude	55 acquisition files exceeds the 48-file ceiling	PRIDE https://www.ebi.ac.uk/pride/ws/archive/v3/projects/PXD067161; files/all n=56		3	Homo sapiens (human)	56	55	raw	DIA	LFQ	Orbitrap Eclipse	no	no	20241025_103534_Wholecell_middle_pellet_IK_Report.csv	hard	55	ms-proteomics;human;dia-acquisition	none_in_pride	no	
PXD067260	exclude	242 acquisition files exceeds the 48-file ceiling	PRIDE https://www.ebi.ac.uk/pride/ws/archive/v3/projects/PXD067260; files/all n=249		3	Homo sapiens (human)	249	242	raw	DIA	LFQ	Q Exactive HF	no	no	checksum.txt	hard	242	ms-proteomics;human;dia-acquisition	none_in_pride	no	
PXD067480	exclude	55 acquisition files exceeds the 48-file ceiling	PRIDE https://www.ebi.ac.uk/pride/ws/archive/v3/projects/PXD067480; files/all n=62		3	Homo sapiens (human)	62	55	d.7z	DIA	LFQ	timsTOF Pro 2	no	no	checksum.txt	hard	55	ms-proteomics;human;dia-acquisition	none_in_pride	no	
PXD067893	exclude	55 acquisition files exceeds the 48-file ceiling	PRIDE https://www.ebi.ac.uk/pride/ws/archive/v3/projects/PXD067893; files/all n=63		3	Homo sapiens (human)	63	55	raw	DIA	LFQ	Orbitrap Ascend	no	no	allpeptides.csv;dependentpeptides.csv;Hex.csv	hard	55	ms-proteomics;human;dia-acquisition	none_in_pride	no	
PXD068195	exclude	100 acquisition files exceeds the 48-file ceiling	PRIDE https://www.ebi.ac.uk/pride/ws/archive/v3/projects/PXD068195; files/all n=107		3	Mycobacterium tuberculosis h37rv	107	100	d.zip	DIA	LFQ	timsTOF fleX MALDI-2	no	no	SEARCH_strategy4_Report.tsv;checksum.txt;SEARCH__strategy2_Report.tsv	hard	100	ms-proteomics;dia-acquisition	none_in_pride	no	
PXD068197	exclude	64 acquisition files exceeds the 48-file ceiling	PRIDE https://www.ebi.ac.uk/pride/ws/archive/v3/projects/PXD068197; files/all n=86		3	Mycobacterium tuberculosis h37rv	86	64	d.zip	DIA	LFQ	timsTOF fleX MALDI-2	no	no	strategy3.setup.txt;strategy4_Report.log.txt;strategy2_Report.setup.txt	hard	64	ms-proteomics;dia-acquisition	none_in_pride	no	
PXD068314	exclude	78 acquisition files exceeds the 48-file ceiling	PRIDE https://www.ebi.ac.uk/pride/ws/archive/v3/projects/PXD068314; files/all n=85		3	Homo sapiens (human)	85	78	raw	DIA	LFQ	Orbitrap Exploris 480	no	no	2023_xx_C_Thome_dDIA_IdentificationsOverview.tsv;2024_xx_C_Thome_dDIA_IPs_ConditionSetup.tsv;checksum.txt	hard	78	ms-proteomics;human;dia-acquisition	none_in_pride	no	
PXD068371	exclude	Isobaric or metabolic multiplexing above the 6-file exception	PRIDE https://www.ebi.ac.uk/pride/ws/archive/v3/projects/PXD068371; files/all n=60		3	Homo sapiens (human)	60	26	raw	DIA	TMT/iTRAQ/SILAC	Orbitrap Ascend	no	no	report.gg_matrix.tsv;Req20240302-PM-Niedzwiedz_TOPBP1-IP_TMT_05_0_-680042129_realtimesearch.tsv;report-first-pass.pg_matrix.tsv	moderate	26	ms-proteomics;human;dia-acquisition	none_in_pride	no	
PXD068389	exclude	146 acquisition files exceeds the 48-file ceiling	PRIDE https://www.ebi.ac.uk/pride/ws/archive/v3/projects/PXD068389; files/all n=148		3	Homo sapiens (human)	148	146	d.zip	DIA	LFQ	timsTOF Pro 2	no	no	DIA-NN_Reports.zip	hard	146	ms-proteomics;human;dia-acquisition	none_in_pride	no	
PXD068409	exclude	60 acquisition files exceeds the 48-file ceiling	PRIDE https://www.ebi.ac.uk/pride/ws/archive/v3/projects/PXD068409; files/all n=65		3	Oncorhynchus mykiss (rainbow trout) (salmo gairdneri)	65	60	d.zip	DIA	LFQ	timsTOF Pro 2	no	no	20241012_103145_Seabas_plasma_ReportTSV.log.txt;20241012_103145_Seabas_plasma_ReportTSV.tsv;checksum.txt	hard	60	ms-proteomics;dia-acquisition	none_in_pride	no	
PXD068504	exclude	122 acquisition files exceeds the 48-file ceiling	PRIDE https://www.ebi.ac.uk/pride/ws/archive/v3/projects/PXD068504; files/all n=490		3	Homo sapiens (human)	490	122	wiff	DIA	LFQ	ZenoTOF 7600	no	no	Spectronaut_Report.xlsx	hard	122	ms-proteomics;human;dia-acquisition	none_in_pride	no	
PXD068572	exclude	105 acquisition files exceeds the 48-file ceiling	PRIDE https://www.ebi.ac.uk/pride/ws/archive/v3/projects/PXD068572; files/all n=109		3	Homo sapiens (human)	109	105	raw	DIA	LFQ	Q Exactive HF-X	no	no	checksum.txt	hard	105	ms-proteomics;human;dia-acquisition	none_in_pride	no	
PXD068613	exclude	108 acquisition files exceeds the 48-file ceiling	PRIDE https://www.ebi.ac.uk/pride/ws/archive/v3/projects/PXD068613; files/all n=114		3	Homo sapiens (human)	114	108	raw	DIA	LFQ	Orbitrap Exploris 240	no	no	20260504_100909_VitaminCStudy_Report_PERPROTOCOL_SENSITIVITYANALYSIS_2.tsv;20260504_100909_VitaminCStudy_Report_PERIOD_SENSITIVITYANALYSIS_1.tsv;20260504_115254_VitaminCStudy_Report_60_PERCENT_IMPUTED_FINAL.tsv	hard	108	ms-proteomics;human;dia-acquisition	none_in_pride	no	
PXD068620	hold	Acquisition files are bundled inside archives and are not listed individually	PRIDE https://www.ebi.ac.uk/pride/ws/archive/v3/projects/PXD068620; files/all n=19	Q3	3	Homo sapiens (human);Influenza a virus	19	0		DIA	TMT/iTRAQ/SILAC	timsTOF Ultra	no	no	checksum.txt	simple	0	ms-proteomics;dia-acquisition	none_in_pride	no	18 archive(s); inspect the FTP listing before annotating
PXD068788	exclude	51 acquisition files exceeds the 48-file ceiling	PRIDE https://www.ebi.ac.uk/pride/ws/archive/v3/projects/PXD068788; files/all n=54		3	Homo sapiens (human)	54	51	d.7z	DIA	LFQ	timsTOF Pro	no	no	report.log.txt	hard	51	ms-proteomics;human;dia-acquisition	none_in_pride	no	
PXD068866	exclude	144 acquisition files exceeds the 48-file ceiling	PRIDE https://www.ebi.ac.uk/pride/ws/archive/v3/projects/PXD068866; files/all n=148		3	Homo sapiens (human)	148	144	raw	DIA	LFQ	Orbitrap Astral	no	no	report.pg_matrix_MSCs_144.tsv;checksum.txt	hard	144	ms-proteomics;human;dia-acquisition	none_in_pride	no	
PXD068960	exclude	65 acquisition files exceeds the 48-file ceiling	PRIDE https://www.ebi.ac.uk/pride/ws/archive/v3/projects/PXD068960; files/all n=69		3	Homo sapiens (human)	69	65	raw	DIA	LFQ	Orbitrap Astral	no	no	PRIDE_Martina_Serafini_MS_180925.xlsx;checksum.txt	hard	65	ms-proteomics;human;dia-acquisition	none_in_pride	no	
PXD069060	exclude	372 acquisition files exceeds the 48-file ceiling	PRIDE https://www.ebi.ac.uk/pride/ws/archive/v3/projects/PXD069060; files/all n=384		3	Homo sapiens (human)	384	372	d.zip;raw	DIA	LFQ	Orbitrap Astral;Orbitrap Eclipse;timsTOF Pro	no	no	P4778_15_Report.tsv;checksum.txt;P4777_45_Report.tsv	hard	372	ms-proteomics;human;dia-acquisition	none_in_pride	no	
PXD069126	exclude	73 acquisition files exceeds the 48-file ceiling	PRIDE https://www.ebi.ac.uk/pride/ws/archive/v3/projects/PXD069126; files/all n=75		3	Homo sapiens (human)	75	73	raw.zip	DIA	LFQ	Orbitrap Fusion Lumos	no	no	results.csv;checksum.txt	hard	73	ms-proteomics;human;dia-acquisition	none_in_pride	no	
PXD069335	exclude	Already annotated in datasets/	PRIDE https://www.ebi.ac.uk/pride/ws/archive/v3/projects/PXD069335; files/all n=158		3	Homo sapiens (human)	158	125	raw	DIA	LFQ	Orbitrap Astral	no	no	checksum.txt	hard	125	ms-proteomics;human;dia-acquisition	none_in_pride	yes	
PXD069402	exclude	101 acquisition files exceeds the 48-file ceiling	PRIDE https://www.ebi.ac.uk/pride/ws/archive/v3/projects/PXD069402; files/all n=112		3	Streptococcus pyogenes mgas315;Streptococcus pyogenes m1 gas;Homo sapiens (human)	112	101	raw	DIA	LFQ	Q Exactive HF-X	no	no	interactomeB_APMS_PLG_SP_MistOutput_copy.txt;interactomeA_experiment_to_MSinjection.xlsx;interactomeA_APMS_udHSaliva_2GAS_MistOutput_copy.txt	hard	101	ms-proteomics;dia-acquisition	none_in_pride	no	
PXD069438	exclude	138 acquisition files exceeds the 48-file ceiling	PRIDE https://www.ebi.ac.uk/pride/ws/archive/v3/projects/PXD069438; files/all n=146		3	Homo sapiens (human)	146	138	raw	DIA	LFQ	Orbitrap Astral	no	no	checksum.txt;20250129_121316_HEK293-dBET6-1h-24H-vs-dBET6Me_Report-v1.tsv;20250130_095855_MDA-MB-231-MZ1-1h-24h-vscisMZ1-DIRECTDIA_Report.tsv	hard	138	ms-proteomics;human;dia-acquisition;cell-lines	none_in_pride	no	
PXD069607	exclude	320 acquisition files exceeds the 48-file ceiling	PRIDE https://www.ebi.ac.uk/pride/ws/archive/v3/projects/PXD069607; files/all n=332		3	Saccharomyces cerevisiae (baker's yeast);Escherichia coli;Homo sapiens (human)	332	320	raw	DIA	LFQ	Q Exactive HF	no	no	checksum.txt	hard	320	ms-proteomics;dia-acquisition	none_in_pride	no	
PXD069667	exclude	78 acquisition files exceeds the 48-file ceiling	PRIDE https://www.ebi.ac.uk/pride/ws/archive/v3/projects/PXD069667; files/all n=83		3	Homo sapiens (human)	83	78	raw	DIA	LFQ	Q Exactive HF-X	no	no	EYE_CONTROL_KEYs.xlsx;checksum.txt;AH_pg.tsv	hard	78	ms-proteomics;human;dia-acquisition	none_in_pride	no	
PXD069681	exclude	56 acquisition files exceeds the 48-file ceiling	PRIDE https://www.ebi.ac.uk/pride/ws/archive/v3/projects/PXD069681; files/all n=60		3	Bos taurus (bovine)	60	56	d.zip	unknown	LFQ	timsTOF Pro	yes	no	mqpar.xml	hard	56	ms-proteomics;vertebrates	none_in_pride	no	
PXD069823	exclude	Already annotated in datasets/	PRIDE https://www.ebi.ac.uk/pride/ws/archive/v3/projects/PXD069823; files/all n=74		3	Mus musculus (mouse)	74	72	raw	DIA	LFQ	Orbitrap Astral	no	no	checksum.txt	hard	72	ms-proteomics;vertebrates;dia-acquisition	none_in_pride	yes	
PXD069824	exclude	146 acquisition files exceeds the 48-file ceiling	PRIDE https://www.ebi.ac.uk/pride/ws/archive/v3/projects/PXD069824; files/all n=161		3	Saccharomyces cerevisiae (baker's yeast)	161	146	raw	DIA	LFQ	Orbitrap Exploris 480	no	no	PPPome_summary.txt;Proxi_proteinGroups.txt;Proxi_summary.txt	hard	146	ms-proteomics;dia-acquisition	none_in_pride	no	
PXD069830	exclude	404 acquisition files exceeds the 48-file ceiling	PRIDE https://www.ebi.ac.uk/pride/ws/archive/v3/projects/PXD069830; files/all n=525		3	Homo sapiens (human)	525	404	raw	DIA	LFQ	Orbitrap Fusion Lumos;Orbitrap Exploris 480	no	no	VR_Ex114_PRKCA_dose_response_BioID_Report_VR_QC.tsv;VR_Ex113_PRKCA_R22A_A25E_Report_VR_QC.tsv;README.xlsx	hard	404	ms-proteomics;human;dia-acquisition	none_in_pride	no	
PXD069904	exclude	78 acquisition files exceeds the 48-file ceiling	PRIDE https://www.ebi.ac.uk/pride/ws/archive/v3/projects/PXD069904; files/all n=80		3	Homo sapiens (human)	80	78	raw	DIA	LFQ	Orbitrap Exploris 480	no	no	checksum.txt	hard	78	ms-proteomics;human;dia-acquisition	none_in_pride	no	
PXD070072	exclude	1943 acquisition files exceeds the 48-file ceiling	PRIDE https://www.ebi.ac.uk/pride/ws/archive/v3/projects/PXD070072; files/all n=3648		3	Homo sapiens (human)	3648	1943	raw	DIA	LFQ	Orbitrap Astral;Orbitrap Exploris 480	no	no	Astral_12SPD_Enrich_quant_results_diann_report.stats.tsv;Astral_48SPD_SEER_NP1NP2_quant_results_diann_report-first-pass.gg_matrix.tsv;Astral_12SPD_Neat_quant_diann_report.gg_matrix.tsv	hard	1943	ms-proteomics;human;dia-acquisition	none_in_pride	no	
PXD070123	exclude	72 acquisition files exceeds the 48-file ceiling	PRIDE https://www.ebi.ac.uk/pride/ws/archive/v3/projects/PXD070123; files/all n=147		3	Lake water metagenome	147	72	raw	DIA	LFQ	Orbitrap Fusion Lumos	no	no	diann-report.tsv	hard	72	ms-proteomics;dia-acquisition	none_in_pride	no	
PXD070195	exclude	162 acquisition files exceeds the 48-file ceiling	PRIDE https://www.ebi.ac.uk/pride/ws/archive/v3/projects/PXD070195; files/all n=173		3	Homo sapiens (human)	173	162	raw	DDA	LFQ	Q Exactive	no	no	Figure_2_fjn.xlsx;Figure_8f.xlsx;Figure_3e.xlsx	hard	162	ms-proteomics;human;cell-lines	none_in_pride	no	
PXD070222	exclude	151 acquisition files exceeds the 48-file ceiling	PRIDE https://www.ebi.ac.uk/pride/ws/archive/v3/projects/PXD070222; files/all n=161		3	Homo sapiens (human)	161	151	d.zip	DIA	LFQ	timsTOF Pro	no	no	WU300344_report.tsv;WU300344_report.log.txt;checksum.txt	hard	151	ms-proteomics;human;dia-acquisition	none_in_pride	no	
PXD070262	exclude	60 acquisition files exceeds the 48-file ceiling	PRIDE https://www.ebi.ac.uk/pride/ws/archive/v3/projects/PXD070262; files/all n=62		3	Canis familiaris (dog) (canis lupus familiaris);Lyssavirus rabies	62	60	d.zip	DIA	LFQ	timsTOF HT	no	no	checksum.txt	hard	60	ms-proteomics;dia-acquisition	none_in_pride	no	
PXD070324	exclude	1235 acquisition files exceeds the 48-file ceiling	PRIDE https://www.ebi.ac.uk/pride/ws/archive/v3/projects/PXD070324; files/all n=1257		3	Homo sapiens (human)	1257	1235	raw	DIA	LFQ	Orbitrap Astral	no	no	checksum.txt	hard	1235	ms-proteomics;human;dia-acquisition	none_in_pride	no	
PXD070358	exclude	55 acquisition files exceeds the 48-file ceiling	PRIDE https://www.ebi.ac.uk/pride/ws/archive/v3/projects/PXD070358; files/all n=60		3	Danio rerio (zebrafish) (brachydanio rerio)	60	55	raw	DIA	LFQ	Q Exactive HF-X	no	no	Mahaira_40466_R.pg_matrix.tsv;checksum.txt;Mahaira_40466_R.unique_genes_matrix.tsv	hard	55	ms-proteomics;vertebrates;dia-acquisition	none_in_pride	no	
PXD070374	exclude	85 acquisition files exceeds the 48-file ceiling	PRIDE https://www.ebi.ac.uk/pride/ws/archive/v3/projects/PXD070374; files/all n=432		3	Homo sapiens (human)	432	85	wiff	DDA	LFQ	ZenoTOF 7600+	no	no	260328_C1RB57_I_II_ExCID-KE-3-6-9_Acq_260311_FP22_peptides.tsv;240730_C1RB57_I-II_CID-ExCID-KE-3-6-9_Acq_231022_FP22_peptides.tsv;250814_Panc1_IFNg_UnEnriched_CID-ExCID_Acq_250305_FP22_peptides.tsv	hard	85	ms-proteomics;human;cell-lines	none_in_pride	no	
PXD070542	exclude	93 acquisition files exceeds the 48-file ceiling	PRIDE https://www.ebi.ac.uk/pride/ws/archive/v3/projects/PXD070542; files/all n=97		3	Homo sapiens (human)	97	93	raw	DIA	LFQ	Orbitrap Exploris 480	no	no	20240416_190043_20240402_sarcopenia_Report1.tsv;checksum.txt	hard	93	ms-proteomics;human;dia-acquisition	none_in_pride	no	
PXD070553	exclude	88 acquisition files exceeds the 48-file ceiling	PRIDE https://www.ebi.ac.uk/pride/ws/archive/v3/projects/PXD070553; files/all n=92		3	Mus musculus (mouse)	92	88	d.zip	DIA	LFQ	timsTOF HT	no	no	240830_PG_withpool.txt;checksum.txt	hard	88	ms-proteomics;vertebrates;dia-acquisition	none_in_pride	no	
PXD070601	exclude	56 acquisition files exceeds the 48-file ceiling	PRIDE https://www.ebi.ac.uk/pride/ws/archive/v3/projects/PXD070601; files/all n=62		3	Anaerostipes caccae;Thomasclavelia ramosa;Clostridium butyricum dsm 10702;Blautia producta atcc 27340 = dsm 2950;Bacteroides thetaiotaomicron;Lactobacillus plantarum subsp. plantarum;Escherichia coli (strain k12);Bifidobacterium longum ncc2705	62	56	raw	DIA	LFQ	Q Exactive HF	no	no	Azoxystrobin_BR_Run_Report_ResultFile_ForPride.tsv;Azoxystrobin_BR_Run_Report_ResultFile_ForPride.log.txt;Azoxystrobin_BR_Run_Report_ResultFile_ForPride.setup.txt	hard	56	ms-proteomics;dia-acquisition	none_in_pride	no	
PXD070632	exclude	132 acquisition files exceeds the 48-file ceiling	PRIDE https://www.ebi.ac.uk/pride/ws/archive/v3/projects/PXD070632; files/all n=138		3	Homo sapiens (human)	138	132	d.zip;raw	DDA	LFQ	Orbitrap Fusion Lumos;timsTOF SCP	no	no	File_Key_Experimental_Conditions.xlsx;checksum.txt	hard	132	ms-proteomics;human	none_in_pride	no	
PXD070776	exclude	70 acquisition files exceeds the 48-file ceiling	PRIDE https://www.ebi.ac.uk/pride/ws/archive/v3/projects/PXD070776; files/all n=75		3	Equus caballus (horse)	75	70	raw	DDA	LFQ	Q Exactive HF	no	no	checksum.txt;Supplement_3_t-test_SEA_vs_healthy.csv;Supplement_3_t-test_SEA_vs_MEA.csv	hard	70	ms-proteomics	none_in_pride	no	
PXD070943	exclude	64 acquisition files exceeds the 48-file ceiling	PRIDE https://www.ebi.ac.uk/pride/ws/archive/v3/projects/PXD070943; files/all n=67		3	Sus scrofa domesticus (domestic pig)	67	64	raw	DDA	LFQ	Orbitrap Fusion	no	no	checksum.txt	hard	64	ms-proteomics;vertebrates	none_in_pride	no	
PXD070961	exclude	64 acquisition files exceeds the 48-file ceiling	PRIDE https://www.ebi.ac.uk/pride/ws/archive/v3/projects/PXD070961; files/all n=66		3	Homo sapiens (human)	66	64	raw	DDA	LFQ	Orbitrap Fusion	no	no	checksum.txt	hard	64	ms-proteomics;human	none_in_pride	no	
PXD071057	exclude	No vendor acquisition files in the archive	PRIDE https://www.ebi.ac.uk/pride/ws/archive/v3/projects/PXD071057; files/all n=14		3	Zea mays (maize)	14	0		DDA	unknown	Bruker Daltonics timsTOF series	no	no	checksum.txt	simple	0	ms-proteomics;plants	none_in_pride	no	
PXD071075	exclude	Already annotated in datasets/	PRIDE https://www.ebi.ac.uk/pride/ws/archive/v3/projects/PXD071075; files/all n=2313		3	Homo sapiens (human)	2313	2310	raw	DIA	LFQ	Orbitrap Eclipse	no	no	checksum.txt;protein_report.tsv;peptide_report.tsv	hard	2310	ms-proteomics;human;dia-acquisition	none_in_pride	yes	
PXD071111	exclude	179 acquisition files exceeds the 48-file ceiling	PRIDE https://www.ebi.ac.uk/pride/ws/archive/v3/projects/PXD071111; files/all n=360		3	Homo sapiens (human)	360	179	wiff	DIA	LFQ	TripleTOF 6600+	no	no	checksum.txt	hard	179	ms-proteomics;human;dia-acquisition	none_in_pride	no	
PXD071156	exclude	145 acquisition files exceeds the 48-file ceiling	PRIDE https://www.ebi.ac.uk/pride/ws/archive/v3/projects/PXD071156; files/all n=152		3	Plasmodium falciparum (isolate 3d7)	152	145	raw	DIA	LFQ	Orbitrap Astral	no	no	Lysate_CIP.tsv;Livecell_exp2.tsv;Solvent_Induced_Precipitation.tsv	hard	145	ms-proteomics;dia-acquisition	none_in_pride	no	
PXD071200	exclude	56 acquisition files exceeds the 48-file ceiling	PRIDE https://www.ebi.ac.uk/pride/ws/archive/v3/projects/PXD071200; files/all n=58		3	Homo sapiens (human)	58	56	raw	DDA	LFQ	Orbitrap Fusion Lumos	no	no	checksum.txt	hard	56	ms-proteomics;human	none_in_pride	no	
PXD071248	exclude	70 acquisition files exceeds the 48-file ceiling	PRIDE https://www.ebi.ac.uk/pride/ws/archive/v3/projects/PXD071248; files/all n=72		3	Papio hamadryas	72	70	raw	DIA	LFQ	Q Exactive HF	no	no	report.xlsx;checksum.txt	hard	70	ms-proteomics;dia-acquisition	none_in_pride	no	
PXD071362	exclude	64 acquisition files exceeds the 48-file ceiling	PRIDE https://www.ebi.ac.uk/pride/ws/archive/v3/projects/PXD071362; files/all n=67		3	Mus musculus (mouse)	67	64	raw	DIA	LFQ	Q Exactive Plus	no	no	DIANN_out_ATG16L1_IP.7z	hard	64	ms-proteomics;vertebrates;dia-acquisition	none_in_pride	no	
PXD071372	exclude	58 acquisition files exceeds the 48-file ceiling	PRIDE https://www.ebi.ac.uk/pride/ws/archive/v3/projects/PXD071372; files/all n=61		3	Homo sapiens (human)	61	58	d.zip	DIA	LFQ	timsTOF Pro	no	no	TTP0545_MSQ1858_20231010_Tendon_Peptides.txt;TTP0545_MSQ1858_20231010_Tendon_ProteinGroups.txt;checksum.txt	hard	58	ms-proteomics;human;dia-acquisition	none_in_pride	no	
PXD071376	exclude	686 acquisition files exceeds the 48-file ceiling	PRIDE https://www.ebi.ac.uk/pride/ws/archive/v3/projects/PXD071376; files/all n=689		3	Homo sapiens (human)	689	686	d.zip	DIA	LFQ	timsTOF HT	no	no	checksum.txt	hard	686	ms-proteomics;human;dia-acquisition	none_in_pride	no	
PXD071663	exclude	88 acquisition files exceeds the 48-file ceiling	PRIDE https://www.ebi.ac.uk/pride/ws/archive/v3/projects/PXD071663; files/all n=91		3	Escherichia coli;Bacteria	91	88	d.zip	DIA	LFQ	timsTOF Pro 2	no	no	Proteomic-Raw-datas-Perseus.xlsx;report.pg_matrix.tsv	hard	88	ms-proteomics;dia-acquisition	none_in_pride	no	
PXD071869	exclude	118 acquisition files exceeds the 48-file ceiling	PRIDE https://www.ebi.ac.uk/pride/ws/archive/v3/projects/PXD071869; files/all n=214		3	Halomonas bluephagenesis;Escherichia coli	214	118	d.zip;raw;raw.zip;wiff	DIA	LFQ	Waters instrument model;Orbitrap Exploris 480;ZenoTOF 7600	no	no	MR_MSstats_Input_IMS_25_11_25.csv;checksum.txt;compsite_library_final_fragment.csv	hard	118	ms-proteomics;dia-acquisition	none_in_pride	no	
PXD071972	exclude	913 acquisition files exceeds the 48-file ceiling	PRIDE https://www.ebi.ac.uk/pride/ws/archive/v3/projects/PXD071972; files/all n=927		3	Saccharomyces cerevisiae (baker's yeast);Escherichia coli;Homo sapiens (human)	927	913	raw	DIA	LFQ	Orbitrap Astral Zoom	no	no	HUMAN_DIANN_20.predicted.speclib	hard	913	ms-proteomics;dia-acquisition	none_in_pride	no	
PXD072014	exclude	68 acquisition files exceeds the 48-file ceiling	PRIDE https://www.ebi.ac.uk/pride/ws/archive/v3/projects/PXD072014; files/all n=81		3	Homo sapiens (human)	81	68	raw	DIA	LFQ	Orbitrap Astral;timsTOF HT	no	no	SingleSlide_FFPE68_Astral_nonimputation_proteintable.tsv;SingleSlide_FFPE55_timsTOF_noimputation_nonormalization_precursor.tsv;SingleSlide_FFPE55_timsTOF_imputed_proteintable.tsv	hard	68	ms-proteomics;human;dia-acquisition	none_in_pride	no	
PXD072017	exclude	Isobaric or metabolic multiplexing above the 6-file exception	PRIDE https://www.ebi.ac.uk/pride/ws/archive/v3/projects/PXD072017; files/all n=37		3	Homo sapiens (human)	37	28	raw	DIA	TMT/iTRAQ/SILAC	Orbitrap Exploris 480	no	no	proteinGroups_Exp_2.txt;proteinGroups_Exp_5.txt;proteinGroups_Exp_1.txt	moderate	28	ms-proteomics;human;dia-acquisition	none_in_pride	no	
PXD072114	exclude	183 acquisition files exceeds the 48-file ceiling	PRIDE https://www.ebi.ac.uk/pride/ws/archive/v3/projects/PXD072114; files/all n=195		3	Homo sapiens (human);Mus musculus (mouse);Arabidopsis thaliana (mouse-ear cress)	195	183	raw	DIA	LFQ	Orbitrap Astral	no	no	human_reviewed_isoforms_fasta_diann_speclib_Ox_AcN_182beta.predicted.speclib	hard	183	ms-proteomics;dia-acquisition	none_in_pride	no	
PXD072115	exclude	54 acquisition files exceeds the 48-file ceiling	PRIDE https://www.ebi.ac.uk/pride/ws/archive/v3/projects/PXD072115; files/all n=57		3	Cicer arietinum (chickpea) (garbanzo);Vigna radiata;Brassica oleracea var. oleracea;Pisum sativum (garden pea)	57	54	d.zip	DDA	LFQ	timsTOF Pro	no	no	checksum.txt;proteinGroups.txt;peptides.txt	hard	54	ms-proteomics	none_in_pride	no	
PXD072508	exclude	70 acquisition files exceeds the 48-file ceiling	PRIDE https://www.ebi.ac.uk/pride/ws/archive/v3/projects/PXD072508; files/all n=77		3	Homo sapiens (human);Mus musculus (mouse)	77	70	raw	DIA	LFQ	Orbitrap Fusion Lumos;Orbitrap Exploris 480	no	no	checksum.txt	hard	70	ms-proteomics;dia-acquisition	none_in_pride	no	
PXD072647	exclude	171 acquisition files exceeds the 48-file ceiling	PRIDE https://www.ebi.ac.uk/pride/ws/archive/v3/projects/PXD072647; files/all n=175		3	Homo sapiens (human)	175	171	raw	DIA	LFQ	Q Exactive Plus	no	no	bundang_full_results.xls;checksum.txt	hard	171	ms-proteomics;human;dia-acquisition	none_in_pride	no	
PXD072780	exclude	90 acquisition files exceeds the 48-file ceiling	PRIDE https://www.ebi.ac.uk/pride/ws/archive/v3/projects/PXD072780; files/all n=97		3	Homo sapiens (human)	97	90	raw	DIA	LFQ	Orbitrap Eclipse;Q Exactive HF	no	no	RAW_files_PMN_Secretome.xlsx;checksum.txt;RAW_files_PMN_proteomics.xlsx	hard	90	ms-proteomics;human;dia-acquisition	none_in_pride	no	
PXD072877	exclude	87 acquisition files exceeds the 48-file ceiling	PRIDE https://www.ebi.ac.uk/pride/ws/archive/v3/projects/PXD072877; files/all n=89		3	Drosophila melanogaster (fruit fly)	89	87	raw	DDA	LFQ	Orbitrap Eclipse	no	no	Supplementary_table_1.xlsx;checksum.txt	hard	87	ms-proteomics;invertebrates	none_in_pride	no	
PXD073093	exclude	64 acquisition files exceeds the 48-file ceiling	PRIDE https://www.ebi.ac.uk/pride/ws/archive/v3/projects/PXD073093; files/all n=68		3	Mus musculus (mouse)	68	64	raw	DIA	LFQ	Orbitrap Exploris 480	no	no	report.log.txt;report.unique_genes_matrix.tsv;report.tsv	hard	64	ms-proteomics;vertebrates;dia-acquisition	none_in_pride	no	
PXD073250	exclude	549 acquisition files exceeds the 48-file ceiling	PRIDE https://www.ebi.ac.uk/pride/ws/archive/v3/projects/PXD073250; files/all n=557		3	Homo sapiens (human)	557	549	d.zip	DIA	LFQ	timsTOF HT	no	no	report.pg_matrix.tsv;report.stats.tsv;report.pr_matrix.tsv	hard	549	ms-proteomics;human;dia-acquisition	none_in_pride	no	
PXD073328	exclude	181 acquisition files exceeds the 48-file ceiling	PRIDE https://www.ebi.ac.uk/pride/ws/archive/v3/projects/PXD073328; files/all n=190		3	Arabidopsis thaliana (mouse-ear cress)	190	181	raw	DDA	LFQ	Q Exactive Plus;Orbitrap Exploris 480;Q Exactive	no	no	checksum.txt	hard	181	ms-proteomics;plants	none_in_pride	no	
PXD073760	exclude	120 acquisition files exceeds the 48-file ceiling	PRIDE https://www.ebi.ac.uk/pride/ws/archive/v3/projects/PXD073760; files/all n=127		3	Arabidopsis thaliana (mouse-ear cress)	127	120	raw	DIA	LFQ	Q Exactive Plus;Orbitrap Exploris 480	no	no	checksum.txt	hard	120	ms-proteomics;plants;dia-acquisition	none_in_pride	no	
PXD073798	exclude	60 acquisition files exceeds the 48-file ceiling	PRIDE https://www.ebi.ac.uk/pride/ws/archive/v3/projects/PXD073798; files/all n=63		3	Homo sapiens (human)	63	60	raw	DIA	LFQ	Orbitrap Astral	no	no	checksum.txt	hard	60	ms-proteomics;human;dia-acquisition;cell-lines	none_in_pride	no	
PXD073869	exclude	60 acquisition files exceeds the 48-file ceiling	PRIDE https://www.ebi.ac.uk/pride/ws/archive/v3/projects/PXD073869; files/all n=62		3	Homo sapiens (human)	62	60	raw	DIA	LFQ	Orbitrap Astral	no	no	checksum.txt	hard	60	ms-proteomics;human;dia-acquisition	none_in_pride	no	
PXD073985	exclude	108 acquisition files exceeds the 48-file ceiling	PRIDE https://www.ebi.ac.uk/pride/ws/archive/v3/projects/PXD073985; files/all n=356		3	Homo sapiens (human)	356	108	raw	DDA	LFQ	Orbitrap Exploris 240	no	no	Infection_Lysate_combined_peptide.tsv;README.txt;Infection_Streptavidin_combined_protein.tsv	hard	108	ms-proteomics;human	none_in_pride	no	
PXD074179	exclude	86 acquisition files exceeds the 48-file ceiling	PRIDE https://www.ebi.ac.uk/pride/ws/archive/v3/projects/PXD074179; files/all n=92		3	Homo sapiens (human)	92	86	raw	DDA	LFQ	Orbitrap Fusion Lumos	no	no	checksum.txt	hard	86	ms-proteomics;human	none_in_pride	no	
PXD074187	exclude	64 acquisition files exceeds the 48-file ceiling	PRIDE https://www.ebi.ac.uk/pride/ws/archive/v3/projects/PXD074187; files/all n=132		3	Mus musculus (mouse)	132	64	raw	DDA	LFQ	Q Exactive	no	no	TH-16-12-22-HPC-WDS-C15A2-undil-2uL-30min.csv;TH-7-12-22-FC-CDS-C14A1-undil-2ul-30min.csv;TH-7-12-22-FC-CDNS-C10A4-undil-2ul-30min.csv	hard	64	ms-proteomics;vertebrates	none_in_pride	no	
PXD074190	exclude	72 acquisition files exceeds the 48-file ceiling	PRIDE https://www.ebi.ac.uk/pride/ws/archive/v3/projects/PXD074190; files/all n=146		3	Mus musculus (mouse)	146	72	d.zip	DIA	LFQ	Q Exactive HF;timsTOF Pro	no	no	DIA-NN_report.parquet	hard	72	ms-proteomics;vertebrates;dia-acquisition	none_in_pride	no	
PXD074201	exclude	72 acquisition files exceeds the 48-file ceiling	PRIDE https://www.ebi.ac.uk/pride/ws/archive/v3/projects/PXD074201; files/all n=76		3	Cavia	76	72	raw	DIA	LFQ	Orbitrap Exploris 480	no	no	LH8vsL8.tsv;L4vsN4.tsv;LH4vsL4.tsv	hard	72	ms-proteomics;dia-acquisition	none_in_pride	no	
PXD074287	exclude	72 acquisition files exceeds the 48-file ceiling	PRIDE https://www.ebi.ac.uk/pride/ws/archive/v3/projects/PXD074287; files/all n=77		3	Sus scrofa domesticus (domestic pig)	77	72	raw	DIA	LFQ	Orbitrap Exploris 480	no	no	checksum.txt	hard	72	ms-proteomics;vertebrates;dia-acquisition	none_in_pride	no	
PXD074533	exclude	261 acquisition files exceeds the 48-file ceiling	PRIDE https://www.ebi.ac.uk/pride/ws/archive/v3/projects/PXD074533; files/all n=264		3	Homo sapiens (human)	264	261	raw	DIA	LFQ	Orbitrap Exploris 480	no	no	checksum.txt	hard	261	ms-proteomics;human;dia-acquisition	none_in_pride	no	
PXD074536	exclude	370 acquisition files exceeds the 48-file ceiling	PRIDE https://www.ebi.ac.uk/pride/ws/archive/v3/projects/PXD074536; files/all n=1870		3	Homo sapiens (human)	1870	370	wiff	DIA	LFQ	ZenoTOF 7600	no	no	report-first-pass.manifest.txt;protein.tsv;report-first-pass.stats.tsv	hard	370	ms-proteomics;human;dia-acquisition	none_in_pride	no	
PXD074734	exclude	144 acquisition files exceeds the 48-file ceiling	PRIDE https://www.ebi.ac.uk/pride/ws/archive/v3/projects/PXD074734; files/all n=163		3	Glycine max;Capsicum annuum;Oryza sativa (rice);Solanum lycopersicum;Zea mays (maize);Arabidopsis thaliana (mouse-ear cress)	163	144	raw	DDA	LFQ	Orbitrap Fusion Lumos	no	no	checksum.txt	hard	144	ms-proteomics	none_in_pride	no	
PXD074900	exclude	Already annotated in datasets/	PRIDE https://www.ebi.ac.uk/pride/ws/archive/v3/projects/PXD074900; files/all n=68		3	Homo sapiens (human)	68	57	raw	DIA	LFQ	Orbitrap Astral Zoom	no	no	Hela_singlecell_plate7_report.tsv;Hela_singlecell_plate10_report.tsv;Hela_singlecell_plate9_report.tsv	hard	57	ms-proteomics;human;dia-acquisition	none_in_pride	yes	
PXD074949	exclude	54 acquisition files exceeds the 48-file ceiling	PRIDE https://www.ebi.ac.uk/pride/ws/archive/v3/projects/PXD074949; files/all n=58		3	Nicotiana benthamiana;Pseudomonas syringae pv. tomato;Arabidopsis thaliana (mouse-ear cress)	58	54	raw	DDA	LFQ	Orbitrap Exploris 480;Q Exactive HF	no	no	checksum.txt	hard	54	ms-proteomics	none_in_pride	no	
PXD075211	exclude	88 acquisition files exceeds the 48-file ceiling	PRIDE https://www.ebi.ac.uk/pride/ws/archive/v3/projects/PXD075211; files/all n=90		3	Haemonchus contortus (barber pole worm)	90	88	raw	DIA	LFQ	Orbitrap Astral	no	no	250728_Tao_HCon_Report_Norm.tsv;checksum.txt	hard	88	ms-proteomics;dia-acquisition	none_in_pride	no	
PXD075263	exclude	Isobaric or metabolic multiplexing above the 6-file exception	PRIDE https://www.ebi.ac.uk/pride/ws/archive/v3/projects/PXD075263; files/all n=51		3	Haemonchus contortus (barber pole worm)	51	48	raw	DIA	TMT/iTRAQ/SILAC	Orbitrap Ascend	no	no	checksum.txt;251014_PISA_Ref_channel_10_proteinGroups_Af.txt;251009_proteinGroups_reference10_xL3.txt	moderate	48	ms-proteomics;dia-acquisition	none_in_pride	no	
PXD075275	exclude	50 acquisition files exceeds the 48-file ceiling	PRIDE https://www.ebi.ac.uk/pride/ws/archive/v3/projects/PXD075275; files/all n=53		3	Homo sapiens (human)	53	50	raw	DIA	LFQ	Orbitrap Astral	no	no	checksum.txt;report.pr_matrix.tsv;report.pg_matrix.tsv	hard	50	ms-proteomics;human;dia-acquisition	none_in_pride	no	
PXD075538	exclude	61 acquisition files exceeds the 48-file ceiling	PRIDE https://www.ebi.ac.uk/pride/ws/archive/v3/projects/PXD075538; files/all n=65		3	Nicotiana benthamiana	65	61	raw	DDA	LFQ	Q Exactive HF	no	no	checksum.txt	hard	61	ms-proteomics	none_in_pride	no	
PXD075583	exclude	144 acquisition files exceeds the 48-file ceiling	PRIDE https://www.ebi.ac.uk/pride/ws/archive/v3/projects/PXD075583; files/all n=148		3	Mus musculus (mouse)	148	144	raw	DIA	LFQ	Orbitrap Exploris 480	no	no	report.pg_matrix.tsv;checksum.txt;report.pg_matrix.csv	hard	144	ms-proteomics;vertebrates;dia-acquisition	none_in_pride	no	
PXD075810	exclude	380 acquisition files exceeds the 48-file ceiling	PRIDE https://www.ebi.ac.uk/pride/ws/archive/v3/projects/PXD075810; files/all n=392		3	Homo sapiens (human)	392	380	raw	DIA	LFQ	Orbitrap Fusion Lumos;quadrupole orbitrap astral instrument	no	no	raw_file_mapping.txt;checksum.txt	hard	380	ms-proteomics;human;dia-acquisition	none_in_pride	no	
PXD076189	exclude	84 acquisition files exceeds the 48-file ceiling	PRIDE https://www.ebi.ac.uk/pride/ws/archive/v3/projects/PXD076189; files/all n=87		3	Escherichia coli	87	84	raw	DIA	LFQ	Q Exactive HF	no	no	FileLegend.xlsx;checksum.txt;report.tsv	hard	84	ms-proteomics;dia-acquisition	none_in_pride	no	
PXD076297	exclude	109 acquisition files exceeds the 48-file ceiling	PRIDE https://www.ebi.ac.uk/pride/ws/archive/v3/projects/PXD076297; files/all n=117		3	Homo sapiens (human)	117	109	raw	DIA	LFQ	orbitrap	no	no	LENG8-pBAC-CTRL-WT-F301A-R563A.txt;LENG8-GANP-PCID2-Endogenous.txt;ZFC3H1-Ctrl-endogenous-low-stringency.txt	hard	109	ms-proteomics;human;dia-acquisition	none_in_pride	no	
PXD077096	exclude	110 acquisition files exceeds the 48-file ceiling	PRIDE https://www.ebi.ac.uk/pride/ws/archive/v3/projects/PXD077096; files/all n=117		3	Homo sapiens (human)	117	110	raw	DDA	LFQ	Orbitrap Exploris 480	no	no	NC0642_setup.txt;checksum.txt	hard	110	ms-proteomics;human	none_in_pride	no	
PXD077492	exclude	94 acquisition files exceeds the 48-file ceiling	PRIDE https://www.ebi.ac.uk/pride/ws/archive/v3/projects/PXD077492; files/all n=119		3	Homo sapiens (human);Mus musculus (mouse)	119	94	raw	DIA	LFQ	LTQ Orbitrap Velos	no	no	checksum.txt	hard	94	ms-proteomics;dia-acquisition	none_in_pride	no	
PXD077765	exclude	203 acquisition files exceeds the 48-file ceiling	PRIDE https://www.ebi.ac.uk/pride/ws/archive/v3/projects/PXD077765; files/all n=207		3	Rattus norvegicus (rat)	207	203	raw	DIA	LFQ	LTQ XL	no	no	checksum.txt	hard	203	ms-proteomics;vertebrates;dia-acquisition	none_in_pride	no	
PXD077779	exclude	60 acquisition files exceeds the 48-file ceiling	PRIDE https://www.ebi.ac.uk/pride/ws/archive/v3/projects/PXD077779; files/all n=65		3	Mus musculus (mouse)	65	60	d.zip	DDA	LFQ	timsTOF Pro	no	no	File_Key_Experimental_Conditions.xlsx;checksum.txt	hard	60	ms-proteomics;vertebrates	none_in_pride	no	
PXD078909	exclude	57 acquisition files exceeds the 48-file ceiling	PRIDE https://www.ebi.ac.uk/pride/ws/archive/v3/projects/PXD078909; files/all n=116		3	Danio rerio (zebrafish) (brachydanio rerio)	116	57	wiff	DIA	LFQ	TripleTOF 5600	no	no	checksum.txt	hard	57	ms-proteomics;vertebrates;dia-acquisition	none_in_pride	no	
PXD079292	exclude	98 acquisition files exceeds the 48-file ceiling	PRIDE https://www.ebi.ac.uk/pride/ws/archive/v3/projects/PXD079292; files/all n=101		3	Homo sapiens (human)	101	98	raw	DIA	LFQ	Q Exactive HF	no	no	checksum.txt;YAS202505070041-1.pg_matrix.tsv;YAS202505070041-1.pr_matrix.tsv	hard	98	ms-proteomics;human;dia-acquisition	none_in_pride	no	
PXD080178	exclude	53 acquisition files exceeds the 48-file ceiling	PRIDE https://www.ebi.ac.uk/pride/ws/archive/v3/projects/PXD080178; files/all n=56		3	Saccharomyces cerevisiae (baker's yeast)	56	53	raw	DDA	LFQ	Q Exactive	no	no	checksum.txt	hard	53	ms-proteomics	none_in_pride	no	
PXD080427	exclude	193 acquisition files exceeds the 48-file ceiling	PRIDE https://www.ebi.ac.uk/pride/ws/archive/v3/projects/PXD080427; files/all n=195		3	Equus caballus (horse)	195	193	raw	DIA	LFQ	Orbitrap Astral Zoom	no	no	checksum.txt;peptides.raw.intensity.xlsx	hard	193	ms-proteomics;dia-acquisition	none_in_pride	no	
PXD081287	hold	Acquisition files are bundled inside archives and are not listed individually	PRIDE https://www.ebi.ac.uk/pride/ws/archive/v3/projects/PXD081287; files/all n=19	Q3	3	Oryza sativa (rice)	19	0		DDA	unknown	time-of-flight	no	no	checksum.txt	simple	0	ms-proteomics;plants	none_in_pride	no	6 archive(s); inspect the FTP listing before annotating
PXD039258	exclude	180 acquisition files exceeds the 48-file ceiling	PRIDE https://www.ebi.ac.uk/pride/ws/archive/v3/projects/PXD039258; files/all n=181		2	Homo sapiens (human)	181	180	raw	DIA	LFQ	Orbitrap Fusion	no	no		hard	180	ms-proteomics;human;dia-acquisition	none_in_pride	no	
PXD040778	exclude	64 acquisition files exceeds the 48-file ceiling	PRIDE https://www.ebi.ac.uk/pride/ws/archive/v3/projects/PXD040778; files/all n=67		2	Homo sapiens (human)	67	64	d.7z	DIA	LFQ	timsTOF Pro	no	no		hard	64	ms-proteomics;human;dia-acquisition	none_in_pride	no	
PXD044666	exclude	90 acquisition files exceeds the 48-file ceiling	PRIDE https://www.ebi.ac.uk/pride/ws/archive/v3/projects/PXD044666; files/all n=92		2	Neisseria gonorrhoeae ms11	92	90	raw	DIA	LFQ	Orbitrap Fusion Lumos	no	no		hard	90	ms-proteomics;dia-acquisition	none_in_pride	no	
PXD046441	exclude	81 acquisition files exceeds the 48-file ceiling	PRIDE https://www.ebi.ac.uk/pride/ws/archive/v3/projects/PXD046441; files/all n=163		2	Homo sapiens (human)	163	81	wiff	DIA	LFQ	TripleTOF 5600	no	no		hard	81	ms-proteomics;human;dia-acquisition	none_in_pride	no	
PXD046477	exclude	90 acquisition files exceeds the 48-file ceiling	PRIDE https://www.ebi.ac.uk/pride/ws/archive/v3/projects/PXD046477; files/all n=91		2	Campylobacter jejuni subsp. jejuni 81-176	91	90	d.zip	DIA	LFQ	Bruker Daltonics timsTOF series	no	no		hard	90	ms-proteomics;dia-acquisition	none_in_pride	no	
PXD049304	exclude	51 acquisition files exceeds the 48-file ceiling	PRIDE https://www.ebi.ac.uk/pride/ws/archive/v3/projects/PXD049304; files/all n=103		2	Homo sapiens (human)	103	51	wiff	DIA	LFQ	TripleTOF 5600	no	no		hard	51	ms-proteomics;human;dia-acquisition;cell-lines	none_in_pride	no	
PXD051136	exclude	84 acquisition files exceeds the 48-file ceiling	PRIDE https://www.ebi.ac.uk/pride/ws/archive/v3/projects/PXD051136; files/all n=85		2	Mus musculus (mouse)	85	84	raw	DIA	LFQ	Orbitrap Fusion Lumos;Q Exactive HF	no	no		hard	84	ms-proteomics;vertebrates;dia-acquisition	none_in_pride	no	
PXD051236	exclude	139 acquisition files exceeds the 48-file ceiling	PRIDE https://www.ebi.ac.uk/pride/ws/archive/v3/projects/PXD051236; files/all n=407		2	Homo sapiens (human)	407	139	wiff	DIA	LFQ	TripleTOF 5600	no	no		hard	139	ms-proteomics;human;dia-acquisition	none_in_pride	no	
PXD051504	exclude	63 acquisition files exceeds the 48-file ceiling	PRIDE https://www.ebi.ac.uk/pride/ws/archive/v3/projects/PXD051504; files/all n=128		2	Arachis hypogaea (peanut)	128	63	wiff	DIA	LFQ	LTQ FT	no	no		hard	63	ms-proteomics;dia-acquisition	none_in_pride	no	
PXD051676	exclude	78 acquisition files exceeds the 48-file ceiling	PRIDE https://www.ebi.ac.uk/pride/ws/archive/v3/projects/PXD051676; files/all n=157		2	Homo sapiens (human)	157	78	wiff	DIA	LFQ	TripleTOF 5600	no	no		hard	78	ms-proteomics;human;dia-acquisition	none_in_pride	no	
PXD052784	exclude	322 acquisition files exceeds the 48-file ceiling	PRIDE https://www.ebi.ac.uk/pride/ws/archive/v3/projects/PXD052784; files/all n=645		2	Homo sapiens (human)	645	322	wiff	DIA	LFQ	TripleTOF 5600	no	no		hard	322	ms-proteomics;human;dia-acquisition	none_in_pride	no	
PXD054170	exclude	197 acquisition files exceeds the 48-file ceiling	PRIDE https://www.ebi.ac.uk/pride/ws/archive/v3/projects/PXD054170; files/all n=395		2	Homo sapiens (human)	395	197	wiff	DIA	LFQ	TripleTOF 5600	no	no		hard	197	ms-proteomics;human;dia-acquisition	none_in_pride	no	
PXD054888	exclude	156 acquisition files exceeds the 48-file ceiling	PRIDE https://www.ebi.ac.uk/pride/ws/archive/v3/projects/PXD054888; files/all n=336		2	Homo sapiens (human)	336	156	wiff	DIA	LFQ	TripleTOF 5600	no	no		hard	156	ms-proteomics;human;dia-acquisition	none_in_pride	no	
PXD055641	exclude	99 acquisition files exceeds the 48-file ceiling	PRIDE https://www.ebi.ac.uk/pride/ws/archive/v3/projects/PXD055641; files/all n=199		2	Homo sapiens (human)	199	99	wiff	DIA	LFQ	TripleTOF 5600	no	no		hard	99	ms-proteomics;human;dia-acquisition	none_in_pride	no	
PXD056036	exclude	95 acquisition files exceeds the 48-file ceiling	PRIDE https://www.ebi.ac.uk/pride/ws/archive/v3/projects/PXD056036; files/all n=192		2	Homo sapiens (human)	192	95	wiff	DIA	LFQ	4800 Proteomics Analyzer	no	no		hard	95	ms-proteomics;human;dia-acquisition	none_in_pride	no	
PXD057848	exclude	65 acquisition files exceeds the 48-file ceiling	PRIDE https://www.ebi.ac.uk/pride/ws/archive/v3/projects/PXD057848; files/all n=66		2	Homo sapiens (human)	66	65	raw	DIA	LFQ	Orbitrap Fusion Lumos	no	no		hard	65	ms-proteomics;human;dia-acquisition	none_in_pride	no	
PXD058337	exclude	250 acquisition files exceeds the 48-file ceiling	PRIDE https://www.ebi.ac.uk/pride/ws/archive/v3/projects/PXD058337; files/all n=251		2	Homo sapiens (human)	251	250	d.zip	DIA	LFQ	timsTOF HT	no	no		hard	250	ms-proteomics;human;dia-acquisition	none_in_pride	no	
PXD059857	exclude	50 acquisition files exceeds the 48-file ceiling	PRIDE https://www.ebi.ac.uk/pride/ws/archive/v3/projects/PXD059857; files/all n=51		2	Homo sapiens (human)	51	50	d.zip	DIA	LFQ	timsTOF HT	no	no		hard	50	ms-proteomics;human;dia-acquisition	none_in_pride	no	
PXD060216	hold	Acquisition files are bundled inside archives and are not listed individually	PRIDE https://www.ebi.ac.uk/pride/ws/archive/v3/projects/PXD060216; files/all n=4	Q3	2	Homo sapiens (human)	4	0		DIA	TMT/iTRAQ/SILAC	Orbitrap Eclipse;timsTOF HT	no	no		simple	0	ms-proteomics;human;dia-acquisition	none_in_pride	no	4 archive(s); inspect the FTP listing before annotating
PXD062469	exclude	56 acquisition files exceeds the 48-file ceiling	PRIDE https://www.ebi.ac.uk/pride/ws/archive/v3/projects/PXD062469; files/all n=113		2	Homo sapiens (human)	113	56	wiff	DIA	LFQ	TripleTOF 5600	no	no		hard	56	ms-proteomics;human;dia-acquisition	none_in_pride	no	
PXD062971	exclude	212 acquisition files exceeds the 48-file ceiling	PRIDE https://www.ebi.ac.uk/pride/ws/archive/v3/projects/PXD062971; files/all n=214		2	Homo sapiens (human)	214	212	d.zip	DIA	LFQ	timsTOF Pro	no	no		hard	212	ms-proteomics;human;dia-acquisition	none_in_pride	no	
PXD066508	exclude	86 acquisition files exceeds the 48-file ceiling	PRIDE https://www.ebi.ac.uk/pride/ws/archive/v3/projects/PXD066508; files/all n=87		2	Fulmarus glacialis	87	86	raw	DIA	LFQ	Q Exactive HF	no	no		hard	86	ms-proteomics;dia-acquisition	none_in_pride	no	
PXD067156	exclude	Isobaric or metabolic multiplexing above the 6-file exception	PRIDE https://www.ebi.ac.uk/pride/ws/archive/v3/projects/PXD067156; files/all n=174		2	Homo sapiens (human);Mus musculus (mouse)	174	90	d.zip;raw	DIA	TMT/iTRAQ/SILAC	Q Exactive HF	yes	no	PRIDE_release_samplelist_v01.xlsx	hard	90	ms-proteomics;dia-acquisition	none_in_pride	no	
PXD067597	exclude	83 acquisition files exceeds the 48-file ceiling	PRIDE https://www.ebi.ac.uk/pride/ws/archive/v3/projects/PXD067597; files/all n=168		2	Mus musculus (mouse)	168	83	wiff	DIA	LFQ	TripleTOF 6600	no	no		hard	83	ms-proteomics;vertebrates;dia-acquisition	none_in_pride	no	
PXD068793	exclude	Already annotated in datasets/	PRIDE https://www.ebi.ac.uk/pride/ws/archive/v3/projects/PXD068793; files/all n=216		2	Sus scrofa domesticus (domestic pig)	216	202	d.zip	DIA	LFQ	timsTOF Pro 2	no	no		hard	202	ms-proteomics;vertebrates;dia-acquisition	none_in_pride	yes	
PXD070765	exclude	Isobaric or metabolic multiplexing above the 6-file exception	PRIDE https://www.ebi.ac.uk/pride/ws/archive/v3/projects/PXD070765; files/all n=406		2	Homo sapiens (human)	406	78	raw	DIA	TMT/iTRAQ/SILAC	Orbitrap Exploris 480;ZenoTOF 7600	yes	no	metadata.xlsx;metadata_studydesign.xlsx	hard	78	ms-proteomics;human;dia-acquisition	none_in_pride	no	
PXD071492	exclude	290 acquisition files exceeds the 48-file ceiling	PRIDE https://www.ebi.ac.uk/pride/ws/archive/v3/projects/PXD071492; files/all n=296		2	Homo sapiens (human)	296	290	raw	DDA	LFQ	Q Exactive HF	no	no		hard	290	ms-proteomics;human	none_in_pride	no	
PXD072701	exclude	143 acquisition files exceeds the 48-file ceiling	PRIDE https://www.ebi.ac.uk/pride/ws/archive/v3/projects/PXD072701; files/all n=426		2	Mus musculus (mouse)	426	143	raw	unknown	LFQ	Orbitrap Fusion Lumos	no	no	checksum.txt	hard	143	ms-proteomics;vertebrates	none_in_pride	no	
PXD073684	exclude	59 acquisition files exceeds the 48-file ceiling	PRIDE https://www.ebi.ac.uk/pride/ws/archive/v3/projects/PXD073684; files/all n=61		2	Homo sapiens (human)	61	59	raw	unknown	LFQ	Orbitrap Exploris 480	no	no	checksum.txt	hard	59	ms-proteomics;human	none_in_pride	no	
PXD074707	exclude	87 acquisition files exceeds the 48-file ceiling	PRIDE https://www.ebi.ac.uk/pride/ws/archive/v3/projects/PXD074707; files/all n=177		2	Mesocricetus auratus (golden hamster);Murine norovirus	177	87	d.zip	DDA	LFQ	timsTOF HT	no	no		hard	87	ms-proteomics	none_in_pride	no	
PXD077759	exclude	80 acquisition files exceeds the 48-file ceiling	PRIDE https://www.ebi.ac.uk/pride/ws/archive/v3/projects/PXD077759; files/all n=82		2	Homo sapiens (human)	82	80	d.zip	unknown	LFQ	timsTOF	no	no	checksum.txt	hard	80	ms-proteomics;human	none_in_pride	no	
PXD079661	exclude	90 acquisition files exceeds the 48-file ceiling	PRIDE https://www.ebi.ac.uk/pride/ws/archive/v3/projects/PXD079661; files/all n=94		2	Rattus norvegicus (rat)	94	90	d.zip	unknown	LFQ	Bruker software	no	no	checksum.txt	hard	90	ms-proteomics;vertebrates	none_in_pride	no	
PXD048503	exclude	Isobaric or metabolic multiplexing above the 6-file exception	PRIDE https://www.ebi.ac.uk/pride/ws/archive/v3/projects/PXD048503; files/all n=84		1	Homo sapiens (human)	84	71	raw	DIA	TMT/iTRAQ/SILAC	Q Exactive Plus	no	no	Raw_File_List.xlsx;RAW_File_List_DRM-Fractions.xlsx;2049_using_HUMANc_MC1_NoVarMod_GPF_Library.tsv	hard	71	ms-proteomics;human;dia-acquisition	none_in_pride	no	
PXD054343	exclude	Isobaric or metabolic multiplexing above the 6-file exception	PRIDE https://www.ebi.ac.uk/pride/ws/archive/v3/projects/PXD054343; files/all n=128		1	Escherichia coli;Homo sapiens (human)	128	109	d.tar	DIA	TMT/iTRAQ/SILAC	timsTOF Pro 2;Orbitrap Exploris 480	no	no	8_spectronaut_LF_report.tsv;7_spectronaut_SILAC_report.tsv;lib_diann_HSonly_refinedon_HSonly200ngLF44m.tsv.speclib	hard	109	ms-proteomics;dia-acquisition	none_in_pride	no	
PXD055203	exclude	Isobaric or metabolic multiplexing above the 6-file exception	PRIDE https://www.ebi.ac.uk/pride/ws/archive/v3/projects/PXD055203; files/all n=165		1	Homo sapiens (human)	165	124	d.tar.gz;d.zip	DIA	TMT/iTRAQ/SILAC	Q Exactive HF;timsTOF Pro	no	no	phosmd5sums.txt;result_MS.xlsx;ACETYL_md5sums.txt	hard	124	ms-proteomics;human;dia-acquisition	none_in_pride	no	
PXD059245	exclude	Isobaric or metabolic multiplexing above the 6-file exception	PRIDE https://www.ebi.ac.uk/pride/ws/archive/v3/projects/PXD059245; files/all n=177		1	Homo sapiens (human)	177	149	raw	DIA	TMT/iTRAQ/SILAC	timsTOF Pro 2;Orbitrap Eclipse	no	no	20231204_KO_ICCA_Truty_ID472_Kinobeads_DIA-NN_output.7z;20231129_KO_Truty_ICCA_338_Global_DIA-NN_output.7z;20231105_KO_Truty_ICCA_305_Kinobead_DIA-NN_output.7z	hard	149	ms-proteomics;human;dia-acquisition	none_in_pride	no	
PXD063082	exclude	Isobaric or metabolic multiplexing above the 6-file exception	PRIDE https://www.ebi.ac.uk/pride/ws/archive/v3/projects/PXD063082; files/all n=126		1	Homo sapiens (human)	126	108	raw	DIA	TMT/iTRAQ/SILAC	Orbitrap Fusion Lumos;timsTOF HT	no	no	report_DIA-LOP_R1R8R9.tsv;report_DIA-detergent_D1D2D4.tsv;3detergent_PSMs.txt	hard	108	ms-proteomics;human;dia-acquisition;cell-lines	none_in_pride	no	
PXD066221	exclude	Isobaric or metabolic multiplexing above the 6-file exception	PRIDE https://www.ebi.ac.uk/pride/ws/archive/v3/projects/PXD066221; files/all n=80		1	Homo sapiens (human)	80	66	d.zip;raw	DIA	TMT/iTRAQ/SILAC	Orbitrap Exploris 480;timsTOF HT	no	no	Supporting_table_S3.xlsx;Supporting_table_S2.xlsx;Supporting_table_S1.xlsx	hard	66	ms-proteomics;human;dia-acquisition	none_in_pride	no	
PXD069668	exclude	Isobaric or metabolic multiplexing above the 6-file exception	PRIDE https://www.ebi.ac.uk/pride/ws/archive/v3/projects/PXD069668; files/all n=164		1	Homo sapiens (human)	164	153	raw	DIA	TMT/iTRAQ/SILAC	Orbitrap Astral	no	no	experiments.xlsx	hard	153	ms-proteomics;human;dia-acquisition	none_in_pride	no	
PXD070075	exclude	Isobaric or metabolic multiplexing above the 6-file exception	PRIDE https://www.ebi.ac.uk/pride/ws/archive/v3/projects/PXD070075; files/all n=141		1	Homo sapiens (human)	141	132	raw	DIA	TMT/iTRAQ/SILAC	Orbitrap Fusion Lumos;Q Exactive HF-X;Orbitrap Exploris 480;Q Exactive HF	no	no	checksum.txt;AD_Sarkosyl-insoluble_fraction_Report.txt;AD_F3_synaptosomal_fraction_Report.txt	hard	132	ms-proteomics;human;dia-acquisition	none_in_pride	no	
PXD070795	exclude	Isobaric or metabolic multiplexing above the 6-file exception	PRIDE https://www.ebi.ac.uk/pride/ws/archive/v3/projects/PXD070795; files/all n=79		1	Homo sapiens (human)	79	60	raw	DIA	TMT/iTRAQ/SILAC	Orbitrap Exploris 240;Orbitrap Exploris 480	no	no	Spectronaut-Output.sne	hard	60	ms-proteomics;human;dia-acquisition	none_in_pride	no	
PXD072589	exclude	Isobaric or metabolic multiplexing above the 6-file exception	PRIDE https://www.ebi.ac.uk/pride/ws/archive/v3/projects/PXD072589; files/all n=212		1	Homo sapiens (human);Mus musculus (mouse)	212	196	d.zip;raw	DIA	TMT/iTRAQ/SILAC	Orbitrap Eclipse;timsTOF Pro	no	no	FBO_D100_results_DIA.pg_matrix.tsv;Mouse_P2_DIA_results.pg_matrix.tsv;ALICO_D150_DIA_results.pg_matrix.tsv	hard	196	ms-proteomics;dia-acquisition	none_in_pride	no	
PXD074337	exclude	Isobaric or metabolic multiplexing above the 6-file exception	PRIDE https://www.ebi.ac.uk/pride/ws/archive/v3/projects/PXD074337; files/all n=55		1	Saccharomyces cerevisiae (baker's yeast)	55	50	raw	DDA	TMT/iTRAQ/SILAC	Orbitrap Fusion Lumos	no	no	checksum.txt	hard	50	ms-proteomics	none_in_pride	no	
PXD080876	exclude	Isobaric or metabolic multiplexing above the 6-file exception	PRIDE https://www.ebi.ac.uk/pride/ws/archive/v3/projects/PXD080876; files/all n=121		1	Mus musculus (mouse)	121	120	raw	DIA	TMT/iTRAQ/SILAC	Orbitrap Exploris 480	no	no	checksum.txt	hard	120	ms-proteomics;vertebrates;dia-acquisition	none_in_pride	no	
