id	label	reason	evidence	queue	priority_score	organism	n_files_total	n_raw	raw_extensions	acquisition_mode	quant_mode	instruments	has_pride_metadata_file	has_deposited_sdrf	metadata_filenames	design_complexity	estimated_sdrf_rows	templates	publication	already_annotated	notes
PXD039882	include	Submitter deposited an SDRF in PRIDE; import, validate, and improve	PRIDE https://www.ebi.ac.uk/pride/ws/archive/v3/projects/PXD039882; files/all n=7	Q0	10	Diplonema papillatum	7	1	raw	DDA	LFQ	Orbitrap Fusion	yes	yes	WT-SDRF.tsv	simple	1	ms-proteomics	none_in_pride	no	deposited: WT-SDRF.tsv
PXD076440	include	Submitter deposited an SDRF in PRIDE; import, validate, and improve	PRIDE https://www.ebi.ac.uk/pride/ws/archive/v3/projects/PXD076440; files/all n=19	Q0	10	Danio rerio (zebrafish) (brachydanio rerio)	19	1	d.zip	DIA	LFQ	timsTOF Pro 2	yes	yes	SDRF.sdrf.tsv	simple	1	ms-proteomics;vertebrates;dia-acquisition	none_in_pride	no	deposited: SDRF.sdrf.tsv
PXD049224	include	Submitter deposited an SDRF in PRIDE; import, validate, and improve	PRIDE https://www.ebi.ac.uk/pride/ws/archive/v3/projects/PXD049224; files/all n=7	Q0	10	Mus musculus (mouse)	7	2	raw	DDA	LFQ	Orbitrap Fusion	yes	yes	sdrf.tsv	simple	2	ms-proteomics;vertebrates	none_in_pride	no	deposited: sdrf.tsv
PXD069946	include	Submitter deposited an SDRF in PRIDE; import, validate, and improve	PRIDE https://www.ebi.ac.uk/pride/ws/archive/v3/projects/PXD069946; files/all n=6	Q0	10	Nicotiana tabacum (common tobacco)	6	2	raw	DIA	LFQ	Orbitrap Exploris 480	yes	yes	sdrf-plants_BP.tsv	simple	2	ms-proteomics;dia-acquisition	none_in_pride	no	deposited: sdrf-plants_BP.tsv
PXD048381	include	Submitter deposited an SDRF in PRIDE; import, validate, and improve	PRIDE https://www.ebi.ac.uk/pride/ws/archive/v3/projects/PXD048381; files/all n=13	Q0	10	Bos taurus (bovine)	13	3	raw	DDA	LFQ	Q Exactive HF-X	yes	yes	SDRF.csv	simple	3	ms-proteomics;vertebrates	none_in_pride	no	deposited: SDRF.csv
PXD022725	include	Submitter deposited an SDRF in PRIDE; import, validate, and improve	PRIDE https://www.ebi.ac.uk/pride/ws/archive/v3/projects/PXD022725; files/all n=12	Q0	10	Toxoplasma gondii me49;Homo sapiens (human)	12	4	raw	DDA	LFQ	Q Exactive HF-X	yes	yes	SDRF_ND10.tsv	simple	4	ms-proteomics	none_in_pride	no	deposited: SDRF_ND10.tsv
PXD038835	include	Submitter deposited an SDRF in PRIDE; import, validate, and improve	PRIDE https://www.ebi.ac.uk/pride/ws/archive/v3/projects/PXD038835; files/all n=39	Q0	10	Fusarium oxysporum;Aspergillus transmontanensis	39	4	raw	DDA	LFQ	Q Exactive HF	yes	yes	sdrf.tsv	simple	4	ms-proteomics	none_in_pride	no	deposited: sdrf.tsv
PXD050008	include	Submitter deposited an SDRF in PRIDE; import, validate, and improve	PRIDE https://www.ebi.ac.uk/pride/ws/archive/v3/projects/PXD050008; files/all n=12	Q0	10	Homo sapiens (human)	12	4	wiff	DDA	LFQ	TripleTOF 5600	yes	yes	CS56_210224.sdrf.tsv	simple	4	ms-proteomics;human	none_in_pride	no	deposited: CS56_210224.sdrf.tsv
PXD032691	include	Submitter deposited an SDRF in PRIDE; import, validate, and improve	PRIDE https://www.ebi.ac.uk/pride/ws/archive/v3/projects/PXD032691; files/all n=17	Q0	10	Abortiporus biennis	17	5	raw	DDA	LFQ	Q Exactive	yes	yes	sdrf_PXD032691.tsv	simple	5	ms-proteomics	none_in_pride	no	deposited: sdrf_PXD032691.tsv
PXD050316	include	Submitter deposited an SDRF in PRIDE; import, validate, and improve	PRIDE https://www.ebi.ac.uk/pride/ws/archive/v3/projects/PXD050316; files/all n=14	Q0	10	Homo sapiens (human)	14	5	raw	DDA	LFQ	Orbitrap Fusion Lumos	yes	yes	SDRF.txt	simple	5	ms-proteomics;human;cell-lines	none_in_pride	no	deposited: SDRF.txt
PXD054113	include	Submitter deposited an SDRF in PRIDE; import, validate, and improve	PRIDE https://www.ebi.ac.uk/pride/ws/archive/v3/projects/PXD054113; files/all n=18	Q0	10	Homo sapiens (human)	18	5	raw	DDA	LFQ	LTQ Orbitrap Elite	yes	yes	CETUXIMAB00001.sdrf.tsv	simple	5	ms-proteomics;human;cell-lines	none_in_pride	no	deposited: CETUXIMAB00001.sdrf.tsv
PXD035795	include	Submitter deposited an SDRF in PRIDE; import, validate, and improve	PRIDE https://www.ebi.ac.uk/pride/ws/archive/v3/projects/PXD035795; files/all n=23	Q0	10	Arabidopsis thaliana (mouse-ear cress)	23	6	raw	DDA	LFQ	Orbitrap Fusion Lumos	yes	yes	SDRF.txt	simple	6	ms-proteomics;plants	none_in_pride	no	deposited: SDRF.txt
PXD041036	include	Submitter deposited an SDRF in PRIDE; import, validate, and improve	PRIDE https://www.ebi.ac.uk/pride/ws/archive/v3/projects/PXD041036; files/all n=18	Q0	10	Mus musculus (mouse)	18	6	raw	DDA	LFQ	Orbitrap Fusion Lumos	yes	yes	sdrf.tsv	simple	6	ms-proteomics;vertebrates	none_in_pride	no	deposited: sdrf.tsv
PXD041759	include	Submitter deposited an SDRF in PRIDE; import, validate, and improve	PRIDE https://www.ebi.ac.uk/pride/ws/archive/v3/projects/PXD041759; files/all n=10	Q0	10	Vicia faba var. minor	10	6	raw	DDA	LFQ	Orbitrap Fusion Lumos	yes	yes	SDRF_Muhovski_et_al_final.docx	simple	6	ms-proteomics	none_in_pride	no	deposited: SDRF_Muhovski_et_al_final.docx
PXD052817	include	Submitter deposited an SDRF in PRIDE; import, validate, and improve	PRIDE https://www.ebi.ac.uk/pride/ws/archive/v3/projects/PXD052817; files/all n=23	Q0	10	Homo sapiens (human)	23	6	raw	DDA	LFQ	Orbitrap Fusion Lumos	yes	yes	SDRF.txt	simple	6	ms-proteomics;human	none_in_pride	no	deposited: SDRF.txt
PXD060055	include	Submitter deposited an SDRF in PRIDE; import, validate, and improve	PRIDE https://www.ebi.ac.uk/pride/ws/archive/v3/projects/PXD060055; files/all n=18	Q0	10	Nicotiana tabacum (common tobacco)	18	6	raw	DDA	LFQ	Orbitrap Exploris 480	yes	yes	sdrf-plants_BP.sdrf.tsv	simple	6	ms-proteomics	none_in_pride	no	deposited: sdrf-plants_BP.sdrf.tsv
PXD066589	include	Submitter deposited an SDRF in PRIDE; import, validate, and improve	PRIDE https://www.ebi.ac.uk/pride/ws/archive/v3/projects/PXD066589; files/all n=19	Q0	10	Gallus gallus (chicken)	19	6	raw	DDA	LFQ	Q Exactive	yes	yes	SDRF.tsv	simple	6	ms-proteomics;vertebrates	none_in_pride	no	deposited: SDRF.tsv
PXD066627	include	Submitter deposited an SDRF in PRIDE; import, validate, and improve	PRIDE https://www.ebi.ac.uk/pride/ws/archive/v3/projects/PXD066627; files/all n=11	Q0	10	Homo sapiens (human)	11	6	raw	DIA	LFQ	Orbitrap Fusion Lumos	yes	yes	sdrf-cell-line.sdrf.tsv	simple	6	ms-proteomics;human;dia-acquisition	none_in_pride	no	deposited: sdrf-cell-line.sdrf.tsv
PXD066779	include	Submitter deposited an SDRF in PRIDE; import, validate, and improve	PRIDE https://www.ebi.ac.uk/pride/ws/archive/v3/projects/PXD066779; files/all n=18	Q0	10	Synechocystis sp. (strain pcc 6803 / kazusa);Bacteria	18	6	raw	DIA	LFQ	Q Exactive HF	yes	yes	sdrf.csv	simple	6	ms-proteomics;dia-acquisition	none_in_pride	no	deposited: sdrf.csv
PXD068623	include	Submitter deposited an SDRF in PRIDE; import, validate, and improve	PRIDE https://www.ebi.ac.uk/pride/ws/archive/v3/projects/PXD068623; files/all n=131	Q0	10	Mycobacterium tuberculosis	131	6	raw	DIA	LFQ	Orbitrap Fusion	yes	yes	sdrf.tsv	simple	6	ms-proteomics;dia-acquisition	none_in_pride	no	deposited: sdrf.tsv
PXD068894	include	Submitter deposited an SDRF in PRIDE; import, validate, and improve	PRIDE https://www.ebi.ac.uk/pride/ws/archive/v3/projects/PXD068894; files/all n=96	Q0	10	Rhyparobia maderae	96	6	raw	DIA	LFQ	Q Exactive Plus	yes	yes	sdrf_complete.tsv	simple	6	ms-proteomics;dia-acquisition	none_in_pride	no	deposited: sdrf_complete.tsv
PXD069676	include	Submitter deposited an SDRF in PRIDE; import, validate, and improve	PRIDE https://www.ebi.ac.uk/pride/ws/archive/v3/projects/PXD069676; files/all n=15	Q0	10	Homo sapiens (human)	15	6	raw	DIA	LFQ	LTQ Orbitrap Elite;Orbitrap Astral	yes	yes	SDRFics.txt	simple	6	ms-proteomics;human;dia-acquisition	none_in_pride	no	deposited: SDRFics.txt
PXD070838	include	Submitter deposited an SDRF in PRIDE; import, validate, and improve	PRIDE https://www.ebi.ac.uk/pride/ws/archive/v3/projects/PXD070838; files/all n=12	Q0	10	Klebsiella pneumoniae subsp. pneumoniae hs11286	12	6	raw	DIA	LFQ	Orbitrap Astral	yes	yes	SDRF.tsv	simple	6	ms-proteomics;dia-acquisition	none_in_pride	no	deposited: SDRF.tsv
PXD072661	include	Submitter deposited an SDRF in PRIDE; import, validate, and improve	PRIDE https://www.ebi.ac.uk/pride/ws/archive/v3/projects/PXD072661; files/all n=78	Q0	10	Mus musculus (mouse)	78	6	raw	DIA	LFQ	4800 Proteomics Analyzer	yes	yes	TENT5C.sdrf.tsv	simple	6	ms-proteomics;vertebrates;dia-acquisition	none_in_pride	no	deposited: TENT5C.sdrf.tsv
PXD073840	include	Submitter deposited an SDRF in PRIDE; import, validate, and improve	PRIDE https://www.ebi.ac.uk/pride/ws/archive/v3/projects/PXD073840; files/all n=153	Q0	10	Mycobacterium tuberculosis h37rv	153	6	raw	DIA	LFQ	Orbitrap Fusion	yes	yes	sdrf.tsv	simple	6	ms-proteomics;dia-acquisition	none_in_pride	no	deposited: sdrf.tsv
PXD074721	include	Submitter deposited an SDRF in PRIDE; import, validate, and improve	PRIDE https://www.ebi.ac.uk/pride/ws/archive/v3/projects/PXD074721; files/all n=11	Q0	10	Mus musculus (mouse)	11	6	raw	DIA	LFQ	Orbitrap Fusion	yes	yes	SDRF.xlsx	simple	6	ms-proteomics;vertebrates;dia-acquisition	none_in_pride	no	deposited: SDRF.xlsx
PXD023801	include	Submitter deposited an SDRF in PRIDE; import, validate, and improve	PRIDE https://www.ebi.ac.uk/pride/ws/archive/v3/projects/PXD023801; files/all n=60	Q0	10	Naja ashei	60	7	raw	DDA	LFQ	Q Exactive	yes	yes	sdrf.tsv	simple	7	ms-proteomics	none_in_pride	no	deposited: sdrf.tsv
PXD037850	include	Submitter deposited an SDRF in PRIDE; import, validate, and improve	PRIDE https://www.ebi.ac.uk/pride/ws/archive/v3/projects/PXD037850; files/all n=15	Q0	10	Labeo rohita (indian major carp)	15	8	raw	DDA	LFQ	Orbitrap Fusion	yes	yes	SDRF_Ah_Gut_rohu.txt	simple	8	ms-proteomics	none_in_pride	no	deposited: SDRF_Ah_Gut_rohu.txt
PXD039014	include	Submitter deposited an SDRF in PRIDE; import, validate, and improve	PRIDE https://www.ebi.ac.uk/pride/ws/archive/v3/projects/PXD039014; files/all n=11	Q0	10	Mus musculus (mouse)	11	8	raw	DDA	LFQ	Q Exactive Plus	yes	yes	sdrf-vertebrates.tsv	simple	8	ms-proteomics;vertebrates	none_in_pride	no	deposited: sdrf-vertebrates.tsv
PXD044798	include	Submitter deposited an SDRF in PRIDE; import, validate, and improve	PRIDE https://www.ebi.ac.uk/pride/ws/archive/v3/projects/PXD044798; files/all n=14	Q0	10	Pisum sativum (garden pea)	14	8	raw	DDA	LFQ	LTQ Orbitrap Elite	yes	yes	sdrf-pea.tsv	simple	8	ms-proteomics	none_in_pride	no	deposited: sdrf-pea.tsv
PXD058977	include	Submitter deposited an SDRF in PRIDE; import, validate, and improve	PRIDE https://www.ebi.ac.uk/pride/ws/archive/v3/projects/PXD058977; files/all n=16	Q0	10	Abortiporus biennis	16	8	raw	DDA	LFQ	Q Exactive HF	yes	yes	sdrf.tsv;sdrf_openms_design_openms.mzTab.gz;sdrf_openms_design_msstats_in.csv.gz	simple	8	ms-proteomics	none_in_pride	no	deposited: sdrf.tsv;sdrf_openms_design_openms.mzTab.gz;sdrf_openms_design_msstats_in.csv.gz
PXD061467	include	Submitter deposited an SDRF in PRIDE; import, validate, and improve	PRIDE https://www.ebi.ac.uk/pride/ws/archive/v3/projects/PXD061467; files/all n=34	Q0	10	Homo sapiens (human)	34	8	raw	DDA	LFQ	Orbitrap Exploris 480	yes	yes	2025-02-28-sdrf-human.sdrf.txt	simple	8	ms-proteomics;human	none_in_pride	no	deposited: 2025-02-28-sdrf-human.sdrf.txt
PXD068411	include	Submitter deposited an SDRF in PRIDE; import, validate, and improve	PRIDE https://www.ebi.ac.uk/pride/ws/archive/v3/projects/PXD068411; files/all n=11	Q0	10	Mus musculus (mouse)	11	8	raw	DDA	LFQ	Orbitrap Exploris 480	yes	yes	sdrf.txt	simple	8	ms-proteomics;vertebrates;cell-lines	none_in_pride	no	deposited: sdrf.txt
PXD068927	include	Submitter deposited an SDRF in PRIDE; import, validate, and improve	PRIDE https://www.ebi.ac.uk/pride/ws/archive/v3/projects/PXD068927; files/all n=13	Q0	10	Homo sapiens (human)	13	8	raw	DIA	LFQ	Orbitrap Exploris 480	yes	yes	human_MS_sample.sdrf.tsv	simple	8	ms-proteomics;human;dia-acquisition	none_in_pride	no	deposited: human_MS_sample.sdrf.tsv
PXD074506	include	Submitter deposited an SDRF in PRIDE; import, validate, and improve	PRIDE https://www.ebi.ac.uk/pride/ws/archive/v3/projects/PXD074506; files/all n=14	Q0	10	Sus scrofa domesticus (domestic pig)	14	8	raw	DIA	LFQ	LTQ Orbitrap Elite	yes	yes	SDRF.txt	simple	8	ms-proteomics;vertebrates;dia-acquisition	none_in_pride	no	deposited: SDRF.txt
PXD035035	include	Submitter deposited an SDRF in PRIDE; import, validate, and improve	PRIDE https://www.ebi.ac.uk/pride/ws/archive/v3/projects/PXD035035; files/all n=12	Q0	10	Escherichia coli	12	9	raw	DIA	LFQ	Q Exactive HF	yes	yes	SDRF.tsv	simple	9	ms-proteomics;dia-acquisition	none_in_pride	no	deposited: SDRF.tsv
PXD035553	include	Submitter deposited an SDRF in PRIDE; import, validate, and improve	PRIDE https://www.ebi.ac.uk/pride/ws/archive/v3/projects/PXD035553; files/all n=44	Q0	10	Plasmodium falciparum	44	9	raw	DDA	LFQ	Q Exactive HF	yes	yes	sdrf-default_OOM_220510_TurnoID.tsv	simple	9	ms-proteomics	none_in_pride	no	deposited: sdrf-default_OOM_220510_TurnoID.tsv
PXD058271	include	Submitter deposited an SDRF in PRIDE; import, validate, and improve	PRIDE https://www.ebi.ac.uk/pride/ws/archive/v3/projects/PXD058271; files/all n=19	Q0	10	Aspergillus parasiticus	19	9	raw	DDA	LFQ	Q Exactive HF	yes	yes	sdrf.tsv;sdrf_openms_design_msstats_in.csv.gz;sdrf_openms_design_openms.mzTab.gz	simple	9	ms-proteomics	none_in_pride	no	deposited: sdrf.tsv;sdrf_openms_design_msstats_in.csv.gz;sdrf_openms_design_openms.mzTab.gz
PXD060698	include	Submitter deposited an SDRF in PRIDE; import, validate, and improve	PRIDE https://www.ebi.ac.uk/pride/ws/archive/v3/projects/PXD060698; files/all n=11	Q0	10	Anopheles gambiae str. pest	11	9	raw	DDA	LFQ	Orbitrap Exploris 480	yes	yes	SDRF_FP_ABPP.txt	simple	9	ms-proteomics	none_in_pride	no	deposited: SDRF_FP_ABPP.txt
PXD061092	include	Submitter deposited an SDRF in PRIDE; import, validate, and improve	PRIDE https://www.ebi.ac.uk/pride/ws/archive/v3/projects/PXD061092; files/all n=15	Q0	10	Homo sapiens (human)	15	9	raw	DDA	LFQ	Orbitrap Exploris 240	yes	yes	sdrf-stem-cells.tsv	simple	9	ms-proteomics;human	none_in_pride	no	deposited: sdrf-stem-cells.tsv
PXD063229	include	Submitter deposited an SDRF in PRIDE; import, validate, and improve	PRIDE https://www.ebi.ac.uk/pride/ws/archive/v3/projects/PXD063229; files/all n=13	Q0	10	Escherichia coli	13	9	raw	DIA	LFQ	Orbitrap Eclipse	yes	yes	SDRF.xlsx	simple	9	ms-proteomics;dia-acquisition	none_in_pride	no	deposited: SDRF.xlsx
PXD065010	include	Submitter deposited an SDRF in PRIDE; import, validate, and improve	PRIDE https://www.ebi.ac.uk/pride/ws/archive/v3/projects/PXD065010; files/all n=18	Q0	10	Pleurotus pulmonarius	18	9	raw	DDA	LFQ	Q Exactive HF	yes	yes	sdrf_openms_design_openms.mzTab;sdrf.tsv;sdrf_openms_design_msstats_in.csv.gz	simple	9	ms-proteomics	none_in_pride	no	deposited: sdrf_openms_design_openms.mzTab;sdrf.tsv;sdrf_openms_design_msstats_in.csv.gz
PXD070054	include	Submitter deposited an SDRF in PRIDE; import, validate, and improve	PRIDE https://www.ebi.ac.uk/pride/ws/archive/v3/projects/PXD070054; files/all n=14	Q0	10	Apis mellifera (honeybee)	14	9	raw	DIA	LFQ	Orbitrap Eclipse	yes	yes	Sonter_SDRF.tsv	simple	9	ms-proteomics;invertebrates;dia-acquisition	none_in_pride	no	deposited: Sonter_SDRF.tsv
PXD073686	include	Submitter deposited an SDRF in PRIDE; import, validate, and improve	PRIDE https://www.ebi.ac.uk/pride/ws/archive/v3/projects/PXD073686; files/all n=12	Q0	10	Mus musculus (mouse)	12	9	raw	DIA	LFQ	Q Exactive HF	yes	yes	intermediate_SDRF.sdrf.tsv	simple	9	ms-proteomics;vertebrates;dia-acquisition	none_in_pride	no	deposited: intermediate_SDRF.sdrf.tsv
PXD045388	include	Submitter deposited an SDRF in PRIDE; import, validate, and improve	PRIDE https://www.ebi.ac.uk/pride/ws/archive/v3/projects/PXD045388; files/all n=15	Q0	10	Mus musculus (mouse)	15	10	raw	DDA	LFQ	Q Exactive	yes	yes	sdrf.tsv	simple	10	ms-proteomics;vertebrates	none_in_pride	no	deposited: sdrf.tsv
PXD055837	include	Submitter deposited an SDRF in PRIDE; import, validate, and improve	PRIDE https://www.ebi.ac.uk/pride/ws/archive/v3/projects/PXD055837; files/all n=13	Q0	10	Homo sapiens (human)	13	10	raw	DIA	LFQ	Orbitrap Fusion Lumos	yes	yes	PXD055837.sdrf.tsv	simple	10	ms-proteomics;human;dia-acquisition	none_in_pride	no	deposited: PXD055837.sdrf.tsv
PXD058044	include	Submitter deposited an SDRF in PRIDE; import, validate, and improve	PRIDE https://www.ebi.ac.uk/pride/ws/archive/v3/projects/PXD058044; files/all n=12	Q0	10	Mus musculus (mouse)	12	10	raw	DIA	LFQ	Orbitrap Exploris 480	yes	yes	SDRF_proteomics_metadata.xlsx	simple	10	ms-proteomics;vertebrates;dia-acquisition	none_in_pride	no	deposited: SDRF_proteomics_metadata.xlsx
PXD058143	include	Submitter deposited an SDRF in PRIDE; import, validate, and improve	PRIDE https://www.ebi.ac.uk/pride/ws/archive/v3/projects/PXD058143; files/all n=16	Q0	10	Euglena gracilis	16	10	raw	DDA	LFQ	LTQ Orbitrap Elite	yes	yes	sdrf-euglena-darkness.tsv	simple	10	ms-proteomics	none_in_pride	no	deposited: sdrf-euglena-darkness.tsv
PXD039015	include	Submitter deposited an SDRF in PRIDE; import, validate, and improve	PRIDE https://www.ebi.ac.uk/pride/ws/archive/v3/projects/PXD039015; files/all n=13	Q0	10	Mus musculus (mouse)	13	11	raw	DDA	LFQ	Q Exactive Plus	yes	yes	sdrf-whole_cell.tsv	simple	11	ms-proteomics;vertebrates	none_in_pride	no	deposited: sdrf-whole_cell.tsv
PXD052258	include	Submitter deposited an SDRF in PRIDE; import, validate, and improve	PRIDE https://www.ebi.ac.uk/pride/ws/archive/v3/projects/PXD052258; files/all n=15	Q0	10	Bos taurus (bovine)	15	11	raw	DDA	LFQ	Orbitrap Fusion Lumos	yes	yes	sdrfile.docx	simple	11	ms-proteomics;vertebrates	none_in_pride	no	deposited: sdrfile.docx
PXD058349	include	Submitter deposited an SDRF in PRIDE; import, validate, and improve	PRIDE https://www.ebi.ac.uk/pride/ws/archive/v3/projects/PXD058349; files/all n=57	Q0	10	Orthobunyavirus;Homo sapiens (human)	57	11	raw	DDA	LFQ	Q Exactive HF-X	yes	yes	SDRF.tsv	simple	11	ms-proteomics	none_in_pride	no	deposited: SDRF.tsv
PXD022713	include	Submitter deposited an SDRF in PRIDE; import, validate, and improve	PRIDE https://www.ebi.ac.uk/pride/ws/archive/v3/projects/PXD022713; files/all n=19	Q0	10	Toxoplasma gondii me49;Homo sapiens (human)	19	12	raw	DDA	LFQ	Q Exactive HF-X	yes	yes	SDRF_ND9.tsv	simple	12	ms-proteomics	none_in_pride	no	deposited: SDRF_ND9.tsv
PXD037997	include	Submitter deposited an SDRF in PRIDE; import, validate, and improve	PRIDE https://www.ebi.ac.uk/pride/ws/archive/v3/projects/PXD037997; files/all n=27	Q0	10	Saccharomyces cerevisiae (baker's yeast)	27	12	d.zip	DIA	LFQ	timsTOF Pro	yes	yes	Onetto-sdrf.txt	simple	12	ms-proteomics;dia-acquisition	none_in_pride	no	deposited: Onetto-sdrf.txt
PXD039574	include	Submitter deposited an SDRF in PRIDE; import, validate, and improve	PRIDE https://www.ebi.ac.uk/pride/ws/archive/v3/projects/PXD039574; files/all n=48	Q0	10	Methanothermobacter thermautotrophicus;Methanothermobacter thermautotrophicus str. delta h;Methanothermobacter marburgensis	48	12	raw	DDA	LFQ	Orbitrap Exploris 480	yes	yes	SDRF.tsv	simple	12	ms-proteomics	none_in_pride	no	deposited: SDRF.tsv
PXD045216	include	Submitter deposited an SDRF in PRIDE; import, validate, and improve	PRIDE https://www.ebi.ac.uk/pride/ws/archive/v3/projects/PXD045216; files/all n=16	Q0	10	Theobroma cacao (cacao) (cocoa)	16	12	raw	DDA	LFQ	Orbitrap Fusion Lumos	yes	yes	sdrf.docx	simple	12	ms-proteomics	none_in_pride	no	deposited: sdrf.docx
PXD047020	include	Submitter deposited an SDRF in PRIDE; import, validate, and improve	PRIDE https://www.ebi.ac.uk/pride/ws/archive/v3/projects/PXD047020; files/all n=16	Q0	10	Homo sapiens (human)	16	12	raw	DDA	LFQ	Orbitrap Fusion Lumos	yes	yes	sdrf.docx	simple	12	ms-proteomics;human	none_in_pride	no	deposited: sdrf.docx
PXD048357	include	Submitter deposited an SDRF in PRIDE; import, validate, and improve	PRIDE https://www.ebi.ac.uk/pride/ws/archive/v3/projects/PXD048357; files/all n=27	Q0	10	Montipora capitata	27	12	raw	DIA	LFQ	Orbitrap Fusion Lumos	yes	yes	sdrf-Mcapitata-gametes.tsv	simple	12	ms-proteomics;dia-acquisition	none_in_pride	no	deposited: sdrf-Mcapitata-gametes.tsv
PXD056255	include	Submitter deposited an SDRF in PRIDE; import, validate, and improve	PRIDE https://www.ebi.ac.uk/pride/ws/archive/v3/projects/PXD056255; files/all n=27	Q0	10	Homo sapiens (human)	27	12	raw	DDA	LFQ	Orbitrap Fusion Lumos	yes	yes	2024-09-21-sdrf-2.sdrf.txt	simple	12	ms-proteomics;human	none_in_pride	no	deposited: 2024-09-21-sdrf-2.sdrf.txt
PXD057806	include	Submitter deposited an SDRF in PRIDE; import, validate, and improve	PRIDE https://www.ebi.ac.uk/pride/ws/archive/v3/projects/PXD057806; files/all n=15	Q0	10	Homo sapiens (human)	15	12	raw	DIA	LFQ	Orbitrap Exploris 480	yes	yes	SDRF_file.xlsx	simple	12	ms-proteomics;human;dia-acquisition;cell-lines	none_in_pride	no	deposited: SDRF_file.xlsx
PXD065495	include	Submitter deposited an SDRF in PRIDE; import, validate, and improve	PRIDE https://www.ebi.ac.uk/pride/ws/archive/v3/projects/PXD065495; files/all n=26	Q0	10	Danio rerio (zebrafish) (brachydanio rerio)	26	12	raw	DDA	LFQ	Q Exactive HF	yes	yes	PXD024942.sdrf.tsv	simple	12	ms-proteomics;vertebrates	none_in_pride	no	deposited: PXD024942.sdrf.tsv
PXD065756	include	Submitter deposited an SDRF in PRIDE; import, validate, and improve	PRIDE https://www.ebi.ac.uk/pride/ws/archive/v3/projects/PXD065756; files/all n=15	Q0	10	Glycine max x glycine soja	15	12	raw	DDA	LFQ	Q Exactive HF	yes	yes	SDRF_PRIDE_Compliant_Soybean_Proteomics.txt	simple	12	ms-proteomics	none_in_pride	no	deposited: SDRF_PRIDE_Compliant_Soybean_Proteomics.txt
PXD067868	include	Submitter deposited an SDRF in PRIDE; import, validate, and improve	PRIDE https://www.ebi.ac.uk/pride/ws/archive/v3/projects/PXD067868; files/all n=16	Q0	10	Homo sapiens (human)	16	12	raw	DDA	LFQ	Orbitrap Eclipse	yes	yes	SDRF.csv	simple	12	ms-proteomics;human;cell-lines	none_in_pride	no	deposited: SDRF.csv
PXD070162	include	Submitter deposited an SDRF in PRIDE; import, validate, and improve	PRIDE https://www.ebi.ac.uk/pride/ws/archive/v3/projects/PXD070162; files/all n=16	Q0	10	Chlamydomonas reinhardtii	16	12	raw	DDA	LFQ	Orbitrap Fusion Lumos	yes	yes	sdrfile.docx	simple	12	ms-proteomics	none_in_pride	no	deposited: sdrfile.docx
PXD073702	include	Submitter deposited an SDRF in PRIDE; import, validate, and improve	PRIDE https://www.ebi.ac.uk/pride/ws/archive/v3/projects/PXD073702; files/all n=18	Q0	10	Mus musculus (mouse)	18	12	raw	DDA	LFQ	Orbitrap Exploris 480	yes	yes	sample_description.sdrf.txt	simple	12	ms-proteomics;vertebrates	none_in_pride	no	deposited: sample_description.sdrf.txt
PXD077951	include	Submitter deposited an SDRF in PRIDE; import, validate, and improve	PRIDE https://www.ebi.ac.uk/pride/ws/archive/v3/projects/PXD077951; files/all n=15	Q0	10	Homo sapiens (human)	15	12	d.zip	DIA	LFQ	timsTOF Pro 2	yes	yes	sdrf.csv	simple	12	ms-proteomics;human;dia-acquisition	none_in_pride	no	deposited: sdrf.csv
PXD062176	include	Submitter deposited an SDRF in PRIDE; import, validate, and improve	PRIDE https://www.ebi.ac.uk/pride/ws/archive/v3/projects/PXD062176; files/all n=14	Q0	9	Homo sapiens (human)	14	6	raw	unknown	LFQ	Orbitrap Fusion Lumos	yes	yes	sdrf.tsv	simple	6	ms-proteomics;human	none_in_pride	no	deposited: sdrf.tsv
PXD026121	include	Submitter deposited an SDRF in PRIDE; import, validate, and improve	PRIDE https://www.ebi.ac.uk/pride/ws/archive/v3/projects/PXD026121; files/all n=7	Q0	8	Equus caballus (horse)	7	1	raw	unknown	TMT/iTRAQ/SILAC	Q Exactive HF	yes	yes	RER-Standardbred-SDRF.tsv	simple	1	ms-proteomics	none_in_pride	no	deposited: RER-Standardbred-SDRF.tsv
PXD027141	include	Submitter deposited an SDRF in PRIDE; import, validate, and improve	PRIDE https://www.ebi.ac.uk/pride/ws/archive/v3/projects/PXD027141; files/all n=57	Q0	8	Labeo rohita (indian major carp)	57	1	raw	DDA	unknown	Orbitrap Fusion	yes	yes	SDRF_rohu.txt	simple	1	ms-proteomics	none_in_pride	no	deposited: SDRF_rohu.txt
PXD036939	include	Submitter deposited an SDRF in PRIDE; import, validate, and improve	PRIDE https://www.ebi.ac.uk/pride/ws/archive/v3/projects/PXD036939; files/all n=4	Q0	8	Severe acute respiratory syndrome coronavirus 2;Homo sapiens (human)	4	1	raw	DDA	unknown	Orbitrap Fusion Lumos	yes	yes	sdrf-EpiScan.tsv	simple	1	ms-proteomics	none_in_pride	no	deposited: sdrf-EpiScan.tsv
PXD038744	include	Submitter deposited an SDRF in PRIDE; import, validate, and improve	PRIDE https://www.ebi.ac.uk/pride/ws/archive/v3/projects/PXD038744; files/all n=5	Q0	8	Archaea	5	1	raw	DDA	TMT/iTRAQ/SILAC	Orbitrap Fusion Lumos	yes	yes	sdrfile.docx	simple	1	ms-proteomics	none_in_pride	no	deposited: sdrfile.docx
PXD050812	include	Submitter deposited an SDRF in PRIDE; import, validate, and improve	PRIDE https://www.ebi.ac.uk/pride/ws/archive/v3/projects/PXD050812; files/all n=9	Q0	8	Lepeophtheirus salmonis salmonis	9	1	raw	unknown	unknown	Orbitrap Eclipse	yes	yes	Cem100.sdrf	simple	1	ms-proteomics	none_in_pride	no	deposited: Cem100.sdrf
PXD054332	include	Submitter deposited an SDRF in PRIDE; import, validate, and improve	PRIDE https://www.ebi.ac.uk/pride/ws/archive/v3/projects/PXD054332; files/all n=5	Q0	8	Homo sapiens (human)	5	1	raw	DDA	unknown	LTQ Orbitrap Elite	yes	yes	CETUXIMABACETYL00001.sdrf.tsv	simple	1	ms-proteomics;human	none_in_pride	no	deposited: CETUXIMABACETYL00001.sdrf.tsv
PXD018682	include	Submitter deposited an SDRF in PRIDE; import, validate, and improve	PRIDE https://www.ebi.ac.uk/pride/ws/archive/v3/projects/PXD018682; files/all n=12	Q0	8	Homo sapiens (human)	12	2	raw	DDA	unknown	Orbitrap Fusion	yes	yes	sdrf.tsv	simple	2	ms-proteomics;human	none_in_pride	no	deposited: sdrf.tsv
PXD022998	include	Submitter deposited an SDRF in PRIDE; import, validate, and improve	PRIDE https://www.ebi.ac.uk/pride/ws/archive/v3/projects/PXD022998; files/all n=8	Q0	8	Homo sapiens (human)	8	2	raw	unknown	unknown	Q Exactive HF	yes	yes	SDRF_D133B.tsv	simple	2	ms-proteomics;human;cell-lines	none_in_pride	no	deposited: SDRF_D133B.tsv
PXD031867	include	Submitter deposited an SDRF in PRIDE; import, validate, and improve	PRIDE https://www.ebi.ac.uk/pride/ws/archive/v3/projects/PXD031867; files/all n=5	Q0	8	Streptococcus thermophilus	5	2	raw	DDA	unknown	Orbitrap Fusion	yes	yes	SDRF_sample4.txt	simple	2	ms-proteomics	none_in_pride	no	deposited: SDRF_sample4.txt
PXD046319	include	Submitter deposited an SDRF in PRIDE; import, validate, and improve	PRIDE https://www.ebi.ac.uk/pride/ws/archive/v3/projects/PXD046319; files/all n=6	Q0	8	Homo sapiens (human)	6	2	raw	unknown	unknown	LTQ Orbitrap	yes	yes	sdrf.tsv	simple	2	ms-proteomics;human	none_in_pride	no	deposited: sdrf.tsv
PXD054186	include	Submitter deposited an SDRF in PRIDE; import, validate, and improve	PRIDE https://www.ebi.ac.uk/pride/ws/archive/v3/projects/PXD054186; files/all n=7	Q0	8	Homo sapiens (human)	7	2	raw	DDA	unknown	LTQ Orbitrap Elite	yes	yes	CETUXIMABPTPHS00001.sdrf.tsv	simple	2	ms-proteomics;human	none_in_pride	no	deposited: CETUXIMABPTPHS00001.sdrf.tsv
PXD062518	include	Submitter deposited an SDRF in PRIDE; import, validate, and improve	PRIDE https://www.ebi.ac.uk/pride/ws/archive/v3/projects/PXD062518; files/all n=5	Q0	8	Homo sapiens (human)	5	2	raw	unknown	unknown	LTQ Orbitrap Elite	yes	yes	SDRF.xlsx	simple	2	ms-proteomics;human	none_in_pride	no	deposited: SDRF.xlsx
PXD032788	include	Submitter deposited an SDRF in PRIDE; import, validate, and improve	PRIDE https://www.ebi.ac.uk/pride/ws/archive/v3/projects/PXD032788; files/all n=7	Q0	8	Mus musculus (mouse)	7	3	raw	DDA	TMT/iTRAQ/SILAC	Q Exactive	yes	yes	SDRF_Optogenetics_Data.txt	simple	3	ms-proteomics;vertebrates	none_in_pride	no	deposited: SDRF_Optogenetics_Data.txt
PXD047981	include	Submitter deposited an SDRF in PRIDE; import, validate, and improve	PRIDE https://www.ebi.ac.uk/pride/ws/archive/v3/projects/PXD047981; files/all n=8	Q0	8	Mus musculus (mouse)	8	3	raw	unknown	TMT/iTRAQ/SILAC	Orbitrap Fusion Lumos	yes	yes	sdrf-cell-line.txt	simple	3	ms-proteomics;vertebrates	none_in_pride	no	deposited: sdrf-cell-line.txt
PXD051408	include	Submitter deposited an SDRF in PRIDE; import, validate, and improve	PRIDE https://www.ebi.ac.uk/pride/ws/archive/v3/projects/PXD051408; files/all n=21	Q0	8	Eubalaena glacialis	21	3	raw	DDA	unknown	Orbitrap Exploris 480	yes	yes	SDRF.tsv	simple	3	ms-proteomics	none_in_pride	no	deposited: SDRF.tsv
PXD052839	include	Submitter deposited an SDRF in PRIDE; import, validate, and improve	PRIDE https://www.ebi.ac.uk/pride/ws/archive/v3/projects/PXD052839; files/all n=19	Q0	8	Mus musculus (mouse)	19	3	raw	unknown	unknown	LTQ Orbitrap Velos	yes	yes	SDRF.txt	simple	3	ms-proteomics;vertebrates	none_in_pride	no	deposited: SDRF.txt
PXD060466	include	Submitter deposited an SDRF in PRIDE; import, validate, and improve	PRIDE https://www.ebi.ac.uk/pride/ws/archive/v3/projects/PXD060466; files/all n=12	Q0	8	Zobellia galactanivorans	12	3	raw	DDA	unknown	Q Exactive	yes	yes	sdrf.txt	simple	3	ms-proteomics	none_in_pride	no	deposited: sdrf.txt
PXD032791	include	Submitter deposited an SDRF in PRIDE; import, validate, and improve	PRIDE https://www.ebi.ac.uk/pride/ws/archive/v3/projects/PXD032791; files/all n=24	Q0	8	Homo sapiens (human)	24	4	raw	unknown	TMT/iTRAQ/SILAC	Orbitrap Eclipse	yes	yes	SDRF_experimental_design.tsv	simple	4	ms-proteomics;human	none_in_pride	no	deposited: SDRF_experimental_design.tsv
PXD041354	include	Submitter deposited an SDRF in PRIDE; import, validate, and improve	PRIDE https://www.ebi.ac.uk/pride/ws/archive/v3/projects/PXD041354; files/all n=14	Q0	8	Homo sapiens (human)	14	4	raw	DDA	TMT/iTRAQ/SILAC	Orbitrap Fusion	yes	yes	SDRF.tsv	simple	4	ms-proteomics;human	none_in_pride	no	deposited: SDRF.tsv
PXD041707	include	Submitter deposited an SDRF in PRIDE; import, validate, and improve	PRIDE https://www.ebi.ac.uk/pride/ws/archive/v3/projects/PXD041707; files/all n=10	Q0	8	Mycobacterium tuberculosis;Homo sapiens (human)	10	4	raw	unknown	unknown	Orbitrap Fusion Lumos	yes	yes	sdrf.tsv	simple	4	ms-proteomics	none_in_pride	no	deposited: sdrf.tsv
PXD041955	include	Submitter deposited an SDRF in PRIDE; import, validate, and improve	PRIDE https://www.ebi.ac.uk/pride/ws/archive/v3/projects/PXD041955; files/all n=65	Q0	8	Escherichia coli	65	4	raw	DDA	unknown	Orbitrap Eclipse	yes	yes	sdrf.tsv	simple	4	ms-proteomics	none_in_pride	no	deposited: sdrf.tsv
PXD066865	include	Submitter deposited an SDRF in PRIDE; import, validate, and improve	PRIDE https://www.ebi.ac.uk/pride/ws/archive/v3/projects/PXD066865; files/all n=20	Q0	8	Enterocloster citroniae;Enterocloster hominis (ex hitch et al. 2024);Enterocloster asparagiformis;Bacteria	20	4	raw	unknown	unknown	Orbitrap Fusion	yes	yes	sdrf-invertebrates.sdrf.tsv	simple	4	ms-proteomics	none_in_pride	no	deposited: sdrf-invertebrates.sdrf.tsv
PXD039580	include	Submitter deposited an SDRF in PRIDE; import, validate, and improve	PRIDE https://www.ebi.ac.uk/pride/ws/archive/v3/projects/PXD039580; files/all n=12	Q0	8	Homo sapiens (human)	12	6	raw	DIA	TMT/iTRAQ/SILAC	Q Exactive HF	yes	yes	sdrf-silac_Hela_SILAC_benchmark_DDA.txt	simple	6	ms-proteomics;human;dia-acquisition	none_in_pride	no	deposited: sdrf-silac_Hela_SILAC_benchmark_DDA.txt
PXD040248	include	Submitter deposited an SDRF in PRIDE; import, validate, and improve	PRIDE https://www.ebi.ac.uk/pride/ws/archive/v3/projects/PXD040248; files/all n=16	Q0	8	Aquifex aeolicus	16	6	raw	DDA	unknown	Q Exactive	yes	yes	SDRF_Lebrun_Guiral.xlsx	simple	6	ms-proteomics	none_in_pride	no	deposited: SDRF_Lebrun_Guiral.xlsx
PXD046605	include	Submitter deposited an SDRF in PRIDE; import, validate, and improve	PRIDE https://www.ebi.ac.uk/pride/ws/archive/v3/projects/PXD046605; files/all n=10	Q0	8	Chlamydomonas reinhardtii	10	6	raw	DDA	TMT/iTRAQ/SILAC	Orbitrap Fusion Lumos	yes	yes	sdrf.docx	simple	6	ms-proteomics	none_in_pride	no	deposited: sdrf.docx
PXD046638	include	Submitter deposited an SDRF in PRIDE; import, validate, and improve	PRIDE https://www.ebi.ac.uk/pride/ws/archive/v3/projects/PXD046638; files/all n=14	Q0	8	Desulfovibrio vulgaris str. hildenborough	14	6	raw	DDA	unknown	Q Exactive	yes	yes	SDRF_DesignExperiment_Lebrun.xlsx	simple	6	ms-proteomics	none_in_pride	no	deposited: SDRF_DesignExperiment_Lebrun.xlsx
PXD048514	include	Submitter deposited an SDRF in PRIDE; import, validate, and improve	PRIDE https://www.ebi.ac.uk/pride/ws/archive/v3/projects/PXD048514; files/all n=23	Q0	8	Enterocloster bolteae atcc baa-613;Bacteria	23	6	raw	unknown	unknown	Orbitrap Fusion	yes	yes	sdrf-eb-dsm-15670.tsv	simple	6	ms-proteomics	none_in_pride	no	deposited: sdrf-eb-dsm-15670.tsv
PXD051470	include	Submitter deposited an SDRF in PRIDE; import, validate, and improve	PRIDE https://www.ebi.ac.uk/pride/ws/archive/v3/projects/PXD051470; files/all n=57	Q0	8	Mus musculus (mouse)	57	6	raw	DDA	TMT/iTRAQ/SILAC	Orbitrap Fusion Lumos	yes	yes	sdrf.tsv	simple	6	ms-proteomics;vertebrates	none_in_pride	no	deposited: sdrf.tsv
PXD057602	include	Submitter deposited an SDRF in PRIDE; import, validate, and improve	PRIDE https://www.ebi.ac.uk/pride/ws/archive/v3/projects/PXD057602; files/all n=11	Q0	8	Sulfolobus islandicus rey15a	11	6	d.zip	DDA	unknown	timsTOF Pro	yes	yes	SDRF.txt	simple	6	ms-proteomics	none_in_pride	no	deposited: SDRF.txt
PXD062195	include	Submitter deposited an SDRF in PRIDE; import, validate, and improve	PRIDE https://www.ebi.ac.uk/pride/ws/archive/v3/projects/PXD062195; files/all n=14	Q0	8	Homo sapiens (human)	14	6	raw	DDA	unknown	Orbitrap Exploris 480	yes	yes	sdrf.tsv	simple	6	ms-proteomics;human	none_in_pride	no	deposited: sdrf.tsv
PXD063758	include	Submitter deposited an SDRF in PRIDE; import, validate, and improve	PRIDE https://www.ebi.ac.uk/pride/ws/archive/v3/projects/PXD063758; files/all n=25	Q0	8	Brucella melitensis b115	25	6	raw	DDA	unknown	Q Exactive	yes	yes	SDRF.xlsx	simple	6	ms-proteomics	none_in_pride	no	deposited: SDRF.xlsx
PXD069014	include	Submitter deposited an SDRF in PRIDE; import, validate, and improve	PRIDE https://www.ebi.ac.uk/pride/ws/archive/v3/projects/PXD069014; files/all n=10	Q0	8	Arabidopsis thaliana (mouse-ear cress)	10	6	raw	unknown	unknown	Q Exactive	yes	yes	SDRF.tsv	simple	6	ms-proteomics;plants	none_in_pride	no	deposited: SDRF.tsv
PXD069282	include	Submitter deposited an SDRF in PRIDE; import, validate, and improve	PRIDE https://www.ebi.ac.uk/pride/ws/archive/v3/projects/PXD069282; files/all n=20	Q0	8	Mus musculus (mouse)	20	6	raw	unknown	TMT/iTRAQ/SILAC	Q Exactive HF-X	yes	yes	sdrf.tsv	simple	6	ms-proteomics;vertebrates	none_in_pride	no	deposited: sdrf.tsv
PXD077887	include	Submitter deposited an SDRF in PRIDE; import, validate, and improve	PRIDE https://www.ebi.ac.uk/pride/ws/archive/v3/projects/PXD077887; files/all n=31	Q0	8	Homo sapiens (human)	31	6	raw	unknown	unknown	Orbitrap Eclipse	yes	yes	sdrf.tsv	simple	6	ms-proteomics;human	none_in_pride	no	deposited: sdrf.tsv
PXD033042	include	Submitter deposited an SDRF in PRIDE; import, validate, and improve	PRIDE https://www.ebi.ac.uk/pride/ws/archive/v3/projects/PXD033042; files/all n=19	Q0	8	Trypanosoma brucei	19	8	raw	unknown	TMT/iTRAQ/SILAC	Q Exactive	yes	yes	sdrf.tsv	simple	8	ms-proteomics	none_in_pride	no	deposited: sdrf.tsv
PXD041747	include	Submitter deposited an SDRF in PRIDE; import, validate, and improve	PRIDE https://www.ebi.ac.uk/pride/ws/archive/v3/projects/PXD041747; files/all n=10	Q0	8	Solanum melongena	10	8	raw	DDA	TMT/iTRAQ/SILAC	Q Exactive	yes	yes	SDRF.tsv	simple	8	ms-proteomics	none_in_pride	no	deposited: SDRF.tsv
PXD052602	include	Submitter deposited an SDRF in PRIDE; import, validate, and improve	PRIDE https://www.ebi.ac.uk/pride/ws/archive/v3/projects/PXD052602; files/all n=13	Q0	8	Homo sapiens (human)	13	8	raw	DDA	unknown	LTQ Orbitrap Elite	yes	yes	sdrf-human.txt	simple	8	ms-proteomics;human	none_in_pride	no	deposited: sdrf-human.txt
PXD053438	include	Submitter deposited an SDRF in PRIDE; import, validate, and improve	PRIDE https://www.ebi.ac.uk/pride/ws/archive/v3/projects/PXD053438; files/all n=12	Q0	8	Homo sapiens (human)	12	8	raw	unknown	unknown	Orbitrap Fusion Lumos	yes	yes	sdrf.txt	simple	8	ms-proteomics;human	none_in_pride	no	deposited: sdrf.txt
PXD060982	include	Submitter deposited an SDRF in PRIDE; import, validate, and improve	PRIDE https://www.ebi.ac.uk/pride/ws/archive/v3/projects/PXD060982; files/all n=19	Q0	8	Mus musculus (mouse)	19	8	raw	DDA	unknown	Orbitrap Fusion Lumos	yes	yes	INSERM_00020375_QualSummary_3.sdrf	simple	8	ms-proteomics;vertebrates	none_in_pride	no	deposited: INSERM_00020375_QualSummary_3.sdrf
PXD061586	include	Submitter deposited an SDRF in PRIDE; import, validate, and improve	PRIDE https://www.ebi.ac.uk/pride/ws/archive/v3/projects/PXD061586; files/all n=11	Q0	8	Homo sapiens (human)	11	8	raw	DDA	unknown	Q Exactive HF	yes	yes	SDRF_MSC1824.xlsx	simple	8	ms-proteomics;human	none_in_pride	no	deposited: SDRF_MSC1824.xlsx
PXD043243	include	Submitter deposited an SDRF in PRIDE; import, validate, and improve	PRIDE https://www.ebi.ac.uk/pride/ws/archive/v3/projects/PXD043243; files/all n=29	Q0	8	Zea mays (maize)	29	9	raw	unknown	unknown	Q Exactive	yes	yes	sdrf-maize.tsv.txt	simple	9	ms-proteomics;plants	none_in_pride	no	deposited: sdrf-maize.tsv.txt
PXD053214	include	Submitter deposited an SDRF in PRIDE; import, validate, and improve	PRIDE https://www.ebi.ac.uk/pride/ws/archive/v3/projects/PXD053214; files/all n=20	Q0	8	Nitrosophilus labii	20	9	raw	DDA	unknown	Q Exactive	yes	yes	sdrf-Mino-HRV44.tsv	simple	9	ms-proteomics	none_in_pride	no	deposited: sdrf-Mino-HRV44.tsv
PXD057215	include	Submitter deposited an SDRF in PRIDE; import, validate, and improve	PRIDE https://www.ebi.ac.uk/pride/ws/archive/v3/projects/PXD057215; files/all n=30	Q0	8	Candidatus kuenenia stuttgartiensis;Bacteria	30	9	raw	unknown	unknown	Orbitrap Fusion	yes	yes	SDRF.sdrf.tsv	simple	9	ms-proteomics	none_in_pride	no	deposited: SDRF.sdrf.tsv
PXD062219	include	Submitter deposited an SDRF in PRIDE; import, validate, and improve	PRIDE https://www.ebi.ac.uk/pride/ws/archive/v3/projects/PXD062219; files/all n=29	Q0	8	Cereibacter sphaeroides;Bacteria	29	9	raw	DDA	TMT/iTRAQ/SILAC	Q Exactive	yes	yes	sdrf.xlsx	simple	9	ms-proteomics	none_in_pride	no	deposited: sdrf.xlsx
PXD039829	include	Submitter deposited an SDRF in PRIDE; import, validate, and improve	PRIDE https://www.ebi.ac.uk/pride/ws/archive/v3/projects/PXD039829; files/all n=52	Q0	8	Homo sapiens (human)	52	10	raw	DDA	unknown	Thermo Finnigan instrument model	yes	yes	SDRF.xlsx	simple	10	ms-proteomics;human	none_in_pride	no	deposited: SDRF.xlsx
PXD040773	include	Submitter deposited an SDRF in PRIDE; import, validate, and improve	PRIDE https://www.ebi.ac.uk/pride/ws/archive/v3/projects/PXD040773; files/all n=31	Q0	8	Anncaliia algerae	31	10	raw	unknown	unknown	Q Exactive HF	yes	yes	ID0362_ID0377.sdrf.xlsx	simple	10	ms-proteomics	none_in_pride	no	deposited: ID0362_ID0377.sdrf.xlsx
PXD041308	include	Submitter deposited an SDRF in PRIDE; import, validate, and improve	PRIDE https://www.ebi.ac.uk/pride/ws/archive/v3/projects/PXD041308; files/all n=14	Q0	8	Danio rerio (zebrafish) (brachydanio rerio)	14	10	raw	DDA	unknown	Orbitrap Fusion	yes	yes	SDRF.tsv	simple	10	ms-proteomics;vertebrates	none_in_pride	no	deposited: SDRF.tsv
PXD046547	include	Submitter deposited an SDRF in PRIDE; import, validate, and improve	PRIDE https://www.ebi.ac.uk/pride/ws/archive/v3/projects/PXD046547; files/all n=31	Q0	8	Plasmodium falciparum (isolate 3d7)	31	10	raw	unknown	unknown	Q Exactive	yes	yes	SDRF_sample_to_data_file_format.xlsx	simple	10	ms-proteomics	none_in_pride	no	deposited: SDRF_sample_to_data_file_format.xlsx
PXD048836	include	Submitter deposited an SDRF in PRIDE; import, validate, and improve	PRIDE https://www.ebi.ac.uk/pride/ws/archive/v3/projects/PXD048836; files/all n=43	Q0	8	Homo sapiens (human)	43	10	raw	DDA	unknown	Velos Plus	yes	yes	SDRF_PROETD.sdrf.tsv	simple	10	ms-proteomics;human;cell-lines	none_in_pride	no	deposited: SDRF_PROETD.sdrf.tsv
PXD048839	include	Submitter deposited an SDRF in PRIDE; import, validate, and improve	PRIDE https://www.ebi.ac.uk/pride/ws/archive/v3/projects/PXD048839; files/all n=43	Q0	8	Homo sapiens (human)	43	10	raw	DDA	unknown	Q Exactive HF	yes	yes	SDRF_QExHF.sdrf.tsv	simple	10	ms-proteomics;human;cell-lines	none_in_pride	no	deposited: SDRF_QExHF.sdrf.tsv
PXD048840	include	Submitter deposited an SDRF in PRIDE; import, validate, and improve	PRIDE https://www.ebi.ac.uk/pride/ws/archive/v3/projects/PXD048840; files/all n=43	Q0	8	Homo sapiens (human)	43	10	raw	DDA	unknown	Orbitrap Exploris 480	yes	yes	SDRF_EXII.sdrf.tsv	simple	10	ms-proteomics;human;cell-lines	none_in_pride	no	deposited: SDRF_EXII.sdrf.tsv
PXD053237	include	Submitter deposited an SDRF in PRIDE; import, validate, and improve	PRIDE https://www.ebi.ac.uk/pride/ws/archive/v3/projects/PXD053237; files/all n=56	Q0	8	Homo sapiens (human)	56	10	raw	unknown	unknown	Q Exactive HF	yes	yes	PXD028605.sdrf.tsv	simple	10	ms-proteomics;human	none_in_pride	no	deposited: PXD028605.sdrf.tsv
PXD065297	include	Submitter deposited an SDRF in PRIDE; import, validate, and improve	PRIDE https://www.ebi.ac.uk/pride/ws/archive/v3/projects/PXD065297; files/all n=24	Q0	8	Panthera tigris (tiger);Panthera leo (lion);Panthera spelaea	24	10	raw	DDA	unknown	Orbitrap Exploris 480	yes	yes	sdrf-vertebrates.txt	simple	10	ms-proteomics	none_in_pride	no	deposited: sdrf-vertebrates.txt
PXD057347	include	Submitter deposited an SDRF in PRIDE; import, validate, and improve	PRIDE https://www.ebi.ac.uk/pride/ws/archive/v3/projects/PXD057347; files/all n=42	Q0	8	Mus musculus (mouse)	42	11	raw	DDA	unknown	Orbitrap Eclipse;Q Exactive HF	yes	yes	SDRF.sdrf.tsv	simple	11	ms-proteomics;vertebrates	none_in_pride	no	deposited: SDRF.sdrf.tsv
PXD081190	include	Submitter deposited an SDRF in PRIDE; import, validate, and improve	PRIDE https://www.ebi.ac.uk/pride/ws/archive/v3/projects/PXD081190; files/all n=53	Q0	8	Dictyostelium discoideum (slime mold);Geobacillus stearothermophilus;Ligilactobacillus murinus;Bacillus mojavensis	53	11	raw	DDA	unknown	Q Exactive HF-X;Orbitrap Exploris 480	yes	yes	sdrf.tsv	simple	11	ms-proteomics	none_in_pride	no	deposited: sdrf.tsv
PXD029852	include	Submitter deposited an SDRF in PRIDE; import, validate, and improve	PRIDE https://www.ebi.ac.uk/pride/ws/archive/v3/projects/PXD029852; files/all n=17	Q0	8	Mus musculus (mouse)	17	12	raw	DDA	TMT/iTRAQ/SILAC	Orbitrap Eclipse	yes	yes	sdrf-vertebrates.tsv	simple	12	ms-proteomics;vertebrates	none_in_pride	no	deposited: sdrf-vertebrates.tsv
PXD034251	include	Submitter deposited an SDRF in PRIDE; import, validate, and improve	PRIDE https://www.ebi.ac.uk/pride/ws/archive/v3/projects/PXD034251; files/all n=18	Q0	8	Homo sapiens (human)	18	12	raw	DDA	TMT/iTRAQ/SILAC	Q Exactive HF	yes	yes	sdrf.txt	simple	12	ms-proteomics;human	none_in_pride	no	deposited: sdrf.txt
PXD039578	include	Submitter deposited an SDRF in PRIDE; import, validate, and improve	PRIDE https://www.ebi.ac.uk/pride/ws/archive/v3/projects/PXD039578; files/all n=19	Q0	8	Homo sapiens (human)	19	12	raw	DIA	TMT/iTRAQ/SILAC	Q Exactive HF	yes	yes	sdrf-silac_Hela_SILAC_benchmark_DIA.txt	simple	12	ms-proteomics;human;dia-acquisition	none_in_pride	no	deposited: sdrf-silac_Hela_SILAC_benchmark_DIA.txt
PXD056556	include	Submitter deposited an SDRF in PRIDE; import, validate, and improve	PRIDE https://www.ebi.ac.uk/pride/ws/archive/v3/projects/PXD056556; files/all n=37	Q0	8	Rattus norvegicus (rat)	37	12	raw	DDA	TMT/iTRAQ/SILAC	Orbitrap Fusion Lumos	yes	yes	ROR2_MG132.sdrf.tsv	simple	12	ms-proteomics;vertebrates	none_in_pride	no	deposited: ROR2_MG132.sdrf.tsv
PXD059495	include	Submitter deposited an SDRF in PRIDE; import, validate, and improve	PRIDE https://www.ebi.ac.uk/pride/ws/archive/v3/projects/PXD059495; files/all n=15	Q0	8	Homo sapiens (human)	15	12	d.zip;raw	unknown	unknown	timsTOF Pro 2	yes	yes	sdrf-AMO1-PhoX-cell-line.sdrf	simple	12	ms-proteomics;human	none_in_pride	no	deposited: sdrf-AMO1-PhoX-cell-line.sdrf
PXD073444	include	Submitter deposited an SDRF in PRIDE; import, validate, and improve	PRIDE https://www.ebi.ac.uk/pride/ws/archive/v3/projects/PXD073444; files/all n=30	Q0	8	Apis mellifera (honeybee)	30	12	raw	DDA	unknown	Q Exactive HF	yes	yes	PXD073444.sdrf.tsv	simple	12	ms-proteomics;invertebrates	none_in_pride	no	deposited: PXD073444.sdrf.tsv
PXD061081	include	Submitter deposited an SDRF in PRIDE; import, validate, and improve	PRIDE https://www.ebi.ac.uk/pride/ws/archive/v3/projects/PXD061081; files/all n=19	Q0	8	Rattus norvegicus (rat)	19	13	raw	DDA	LFQ	LTQ Orbitrap Elite	yes	yes	sdrf-rat-brain.tsv	moderate	13	ms-proteomics;vertebrates	none_in_pride	no	deposited: sdrf-rat-brain.tsv
PXD053491	include	Submitter deposited an SDRF in PRIDE; import, validate, and improve	PRIDE https://www.ebi.ac.uk/pride/ws/archive/v3/projects/PXD053491; files/all n=32	Q0	8	Mus musculus (mouse)	32	14	raw	DDA	LFQ	Q Exactive Plus	yes	yes	SDRF.tsv	moderate	14	ms-proteomics;vertebrates	none_in_pride	no	deposited: SDRF.tsv
PXD059240	include	Submitter deposited an SDRF in PRIDE; import, validate, and improve	PRIDE https://www.ebi.ac.uk/pride/ws/archive/v3/projects/PXD059240; files/all n=16	Q0	8	Homo sapiens (human)	16	14	raw	DIA	LFQ	Orbitrap Astral	yes	yes	sdrf.tsv	moderate	14	ms-proteomics;human;dia-acquisition	none_in_pride	no	deposited: sdrf.tsv
PXD060867	include	Submitter deposited an SDRF in PRIDE; import, validate, and improve	PRIDE https://www.ebi.ac.uk/pride/ws/archive/v3/projects/PXD060867; files/all n=19	Q0	8	Escherichia coli;Homo sapiens (human)	19	14	raw	DDA	LFQ	Orbitrap Eclipse	yes	yes	SDRF.xlsx	moderate	14	ms-proteomics	none_in_pride	no	deposited: SDRF.xlsx
PXD065382	include	Submitter deposited an SDRF in PRIDE; import, validate, and improve	PRIDE https://www.ebi.ac.uk/pride/ws/archive/v3/projects/PXD065382; files/all n=60	Q0	8	Homo sapiens (human)	60	14	raw	DDA	LFQ	Orbitrap Fusion Lumos	yes	yes	sdrf-cell-line.sdrf.tsv	moderate	14	ms-proteomics;human	none_in_pride	no	deposited: sdrf-cell-line.sdrf.tsv
PXD030129	include	Submitter deposited an SDRF in PRIDE; import, validate, and improve	PRIDE https://www.ebi.ac.uk/pride/ws/archive/v3/projects/PXD030129; files/all n=18	Q0	8	Homo sapiens (human)	18	15	raw	DDA	LFQ	Q Exactive Plus	yes	yes	sdrf.tsv	moderate	15	ms-proteomics;human	none_in_pride	no	deposited: sdrf.tsv
PXD039927	include	Submitter deposited an SDRF in PRIDE; import, validate, and improve	PRIDE https://www.ebi.ac.uk/pride/ws/archive/v3/projects/PXD039927; files/all n=63	Q0	8	Diplonema papillatum	63	15	raw	DDA	LFQ	Orbitrap Fusion	yes	yes	IP-SDRF.tsv	moderate	15	ms-proteomics	none_in_pride	no	deposited: IP-SDRF.tsv
PXD042251	include	Submitter deposited an SDRF in PRIDE; import, validate, and improve	PRIDE https://www.ebi.ac.uk/pride/ws/archive/v3/projects/PXD042251; files/all n=18	Q0	8	Mus musculus (mouse)	18	15	raw	DIA	LFQ	Orbitrap Exploris 480	yes	yes	SDRF_extracellular_DIA.txt	moderate	15	ms-proteomics;vertebrates;dia-acquisition	none_in_pride	no	deposited: SDRF_extracellular_DIA.txt
PXD049174	include	Submitter deposited an SDRF in PRIDE; import, validate, and improve	PRIDE https://www.ebi.ac.uk/pride/ws/archive/v3/projects/PXD049174; files/all n=24	Q0	8	Homo sapiens (human)	24	15	raw	DDA	LFQ	Orbitrap Fusion Lumos	yes	yes	SDRF.txt	moderate	15	ms-proteomics;human	none_in_pride	no	deposited: SDRF.txt
PXD070583	include	Submitter deposited an SDRF in PRIDE; import, validate, and improve	PRIDE https://www.ebi.ac.uk/pride/ws/archive/v3/projects/PXD070583; files/all n=20	Q0	8	Galdieria sulphuraria	20	15	d.zip	DIA	LFQ	Q Exactive HF	yes	yes	GS_secretome.sdrf.tsv	moderate	15	ms-proteomics;dia-acquisition	none_in_pride	no	deposited: GS_secretome.sdrf.tsv
PXD029669	include	Submitter deposited an SDRF in PRIDE; import, validate, and improve	PRIDE https://www.ebi.ac.uk/pride/ws/archive/v3/projects/PXD029669; files/all n=22	Q0	8	Streptomyces sp. mbt42;Bacteria	22	16	raw	DDA	LFQ	Q Exactive HF	yes	yes	sdrf.tsv	moderate	16	ms-proteomics	none_in_pride	no	deposited: sdrf.tsv
PXD031026	include	Submitter deposited an SDRF in PRIDE; import, validate, and improve	PRIDE https://www.ebi.ac.uk/pride/ws/archive/v3/projects/PXD031026; files/all n=19	Q0	8	Xanthomonas retroflexus	19	16	raw	DDA	LFQ	Q Exactive HF	yes	yes	SDRF.xlsx	moderate	16	ms-proteomics	none_in_pride	no	deposited: SDRF.xlsx
PXD040247	include	Submitter deposited an SDRF in PRIDE; import, validate, and improve	PRIDE https://www.ebi.ac.uk/pride/ws/archive/v3/projects/PXD040247; files/all n=22	Q0	8	Pinus nigra	22	16	raw	DDA	LFQ	LTQ Orbitrap Elite	yes	yes	sdrf-pine.tsv	moderate	16	ms-proteomics;cell-lines	none_in_pride	no	deposited: sdrf-pine.tsv
PXD043528	include	Submitter deposited an SDRF in PRIDE; import, validate, and improve	PRIDE https://www.ebi.ac.uk/pride/ws/archive/v3/projects/PXD043528; files/all n=49	Q0	8	Citrus sinensis (sweet orange) (citrus aurantium var. sinensis);Citrus limon	49	16	raw	DDA	LFQ	Q Exactive	yes	yes	SDRF_PhloemOrangeLemon_StressTriozaErytreae.txt	moderate	16	ms-proteomics	none_in_pride	no	deposited: SDRF_PhloemOrangeLemon_StressTriozaErytreae.txt
PXD045279	include	Submitter deposited an SDRF in PRIDE; import, validate, and improve	PRIDE https://www.ebi.ac.uk/pride/ws/archive/v3/projects/PXD045279; files/all n=33	Q0	8	Mus musculus (mouse)	33	16	raw	DDA	LFQ	Q Exactive	yes	yes	SDRF.xlsx	moderate	16	ms-proteomics;vertebrates	none_in_pride	no	deposited: SDRF.xlsx
PXD051889	include	Submitter deposited an SDRF in PRIDE; import, validate, and improve	PRIDE https://www.ebi.ac.uk/pride/ws/archive/v3/projects/PXD051889; files/all n=23	Q0	8	Mus musculus (mouse)	23	16	raw	DDA	LFQ	Q Exactive HF-X	yes	yes	sdrf.tsv	moderate	16	ms-proteomics;vertebrates	none_in_pride	no	deposited: sdrf.tsv
PXD057021	include	Submitter deposited an SDRF in PRIDE; import, validate, and improve	PRIDE https://www.ebi.ac.uk/pride/ws/archive/v3/projects/PXD057021; files/all n=21	Q0	8	Clostridium pasteurianum dsm 525 = atcc 6013;Rhodopseudomonas palustris	21	16	raw	DIA	LFQ	Orbitrap Exploris 480	yes	yes	sdrf.txt	moderate	16	ms-proteomics;dia-acquisition	none_in_pride	no	deposited: sdrf.txt
PXD058465	include	Submitter deposited an SDRF in PRIDE; import, validate, and improve	PRIDE https://www.ebi.ac.uk/pride/ws/archive/v3/projects/PXD058465; files/all n=19	Q0	8	Homo sapiens (human)	19	16	raw	DIA	LFQ	Q Exactive HF	yes	yes	sdrf-cell-line.tsv	moderate	16	ms-proteomics;human;dia-acquisition;cell-lines	none_in_pride	no	deposited: sdrf-cell-line.tsv
PXD070157	include	Submitter deposited an SDRF in PRIDE; import, validate, and improve	PRIDE https://www.ebi.ac.uk/pride/ws/archive/v3/projects/PXD070157; files/all n=21	Q0	8	Mus musculus (mouse)	21	16	raw	DDA	LFQ	Orbitrap Exploris 480	yes	yes	sample_description.sdrf.txt	moderate	16	ms-proteomics;vertebrates	none_in_pride	no	deposited: sample_description.sdrf.txt
PXD071585	include	Submitter deposited an SDRF in PRIDE; import, validate, and improve	PRIDE https://www.ebi.ac.uk/pride/ws/archive/v3/projects/PXD071585; files/all n=44	Q0	8	Equus caballus (horse)	44	16	d.zip	DIA	LFQ	timsTOF SCP	yes	yes	sdrf.tsv	moderate	16	ms-proteomics;dia-acquisition	none_in_pride	no	deposited: sdrf.tsv
PXD063351	include	Submitter deposited an SDRF in PRIDE; import, validate, and improve	PRIDE https://www.ebi.ac.uk/pride/ws/archive/v3/projects/PXD063351; files/all n=20	Q0	8	Mus musculus (mouse)	20	17	d.zip	DIA	LFQ	timsTOF HT	yes	yes	SDRF.tsv	moderate	17	ms-proteomics;vertebrates;dia-acquisition	none_in_pride	no	deposited: SDRF.tsv
PXD064689	include	Submitter deposited an SDRF in PRIDE; import, validate, and improve	PRIDE https://www.ebi.ac.uk/pride/ws/archive/v3/projects/PXD064689; files/all n=22	Q0	8	Methanosarcina mazei go1	22	17	raw	DIA	LFQ	Orbitrap Exploris 480	yes	yes	sdrf.tsv	moderate	17	ms-proteomics;dia-acquisition	none_in_pride	no	deposited: sdrf.tsv
PXD073954	include	Submitter deposited an SDRF in PRIDE; import, validate, and improve	PRIDE https://www.ebi.ac.uk/pride/ws/archive/v3/projects/PXD073954; files/all n=23	Q0	8	Homo sapiens (human);Mus musculus (mouse)	23	17	raw	DIA	LFQ	Orbitrap Exploris 480	yes	yes	HEK_RiboTag_SDRF.tsv	moderate	17	ms-proteomics;dia-acquisition	none_in_pride	no	deposited: HEK_RiboTag_SDRF.tsv
PXD016336	include	Submitter deposited an SDRF in PRIDE; import, validate, and improve	PRIDE https://www.ebi.ac.uk/pride/ws/archive/v3/projects/PXD016336; files/all n=118	Q0	8	Homo sapiens (human)	118	18	raw	DDA	LFQ	Q Exactive Plus	yes	yes	sdrf.tsv	moderate	18	ms-proteomics;human;cell-lines	none_in_pride	no	deposited: sdrf.tsv
PXD044432	include	Submitter deposited an SDRF in PRIDE; import, validate, and improve	PRIDE https://www.ebi.ac.uk/pride/ws/archive/v3/projects/PXD044432; files/all n=25	Q0	8	Homo sapiens (human)	25	18	raw.zip	DIA	LFQ	Synapt MS	yes	yes	SDRF.xlsx	moderate	18	ms-proteomics;human;dia-acquisition	none_in_pride	no	deposited: SDRF.xlsx
PXD066718	include	Submitter deposited an SDRF in PRIDE; import, validate, and improve	PRIDE https://www.ebi.ac.uk/pride/ws/archive/v3/projects/PXD066718; files/all n=23	Q0	8	Homo sapiens (human)	23	18	raw	DIA	LFQ	Orbitrap Astral Zoom;Orbitrap Astral	yes	yes	sdrf-500-300SPD.sdrf.xlsx	moderate	18	ms-proteomics;human;dia-acquisition;cell-lines	none_in_pride	no	deposited: sdrf-500-300SPD.sdrf.xlsx
PXD073612	include	Submitter deposited an SDRF in PRIDE; import, validate, and improve	PRIDE https://www.ebi.ac.uk/pride/ws/archive/v3/projects/PXD073612; files/all n=36	Q0	8	Homo sapiens (human)	36	18	raw	DDA	LFQ	Orbitrap Ascend;Orbitrap Exploris 480	yes	yes	sdrf-default.sdrf.csv	moderate	18	ms-proteomics;human;cell-lines	none_in_pride	no	deposited: sdrf-default.sdrf.csv
PXD073641	include	Submitter deposited an SDRF in PRIDE; import, validate, and improve	PRIDE https://www.ebi.ac.uk/pride/ws/archive/v3/projects/PXD073641; files/all n=41	Q0	8	Naja sp.;Trimeresurus	41	18	raw	DIA	LFQ	Q Exactive HF	yes	yes	sdrf-default_VenomProteome-Napat.xlsx	moderate	18	ms-proteomics;dia-acquisition	none_in_pride	no	deposited: sdrf-default_VenomProteome-Napat.xlsx
PXD074583	include	Submitter deposited an SDRF in PRIDE; import, validate, and improve	PRIDE https://www.ebi.ac.uk/pride/ws/archive/v3/projects/PXD074583; files/all n=193	Q0	8	Akkermansia muciniphila	193	18	raw	DDA	LFQ	Orbitrap Fusion	yes	yes	Akk_Proteomics_Study5.PRIDE_ready.RENAMED_for_your_RAWs.sdrf.tsv	moderate	18	ms-proteomics	none_in_pride	no	deposited: Akk_Proteomics_Study5.PRIDE_ready.RENAMED_for_your_RAWs.sdrf.tsv
PXD030447	include	Submitter deposited an SDRF in PRIDE; import, validate, and improve	PRIDE https://www.ebi.ac.uk/pride/ws/archive/v3/projects/PXD030447; files/all n=40	Q0	8	Mus musculus (mouse)	40	19	wiff	DIA	LFQ	TripleTOF 6600	yes	yes	SDRF.tsv	moderate	19	ms-proteomics;vertebrates;dia-acquisition	none_in_pride	no	deposited: SDRF.tsv
PXD045896	include	Submitter deposited an SDRF in PRIDE; import, validate, and improve	PRIDE https://www.ebi.ac.uk/pride/ws/archive/v3/projects/PXD045896; files/all n=61	Q0	8	Mus musculus (mouse)	61	19	raw	DDA	LFQ	Orbitrap Eclipse	yes	yes	SDRF_PSSH.tsv;SDRF_Totalproteome.tsv	moderate	19	ms-proteomics;vertebrates	none_in_pride	no	deposited: SDRF_PSSH.tsv;SDRF_Totalproteome.tsv
PXD068063	include	Submitter deposited an SDRF in PRIDE; import, validate, and improve	PRIDE https://www.ebi.ac.uk/pride/ws/archive/v3/projects/PXD068063; files/all n=23	Q0	8	Homo sapiens (human);Sus scrofa domesticus (domestic pig)	23	19	d.zip;raw	DIA	LFQ	timsTOF HT;Q Exactive HF	yes	yes	KAK386_SDRF_PRIDE.xlsx	moderate	19	ms-proteomics;dia-acquisition	none_in_pride	no	deposited: KAK386_SDRF_PRIDE.xlsx
PXD027813	include	Submitter deposited an SDRF in PRIDE; import, validate, and improve	PRIDE https://www.ebi.ac.uk/pride/ws/archive/v3/projects/PXD027813; files/all n=184	Q0	8	Giardia lamblia atcc 50803	184	20	raw	DDA	LFQ	Q Exactive Plus	yes	yes	sdrf.tsv	moderate	20	ms-proteomics	none_in_pride	no	deposited: sdrf.tsv
PXD040462	include	Submitter deposited an SDRF in PRIDE; import, validate, and improve	PRIDE https://www.ebi.ac.uk/pride/ws/archive/v3/projects/PXD040462; files/all n=26	Q0	8	Juglans regia (english walnut)	26	20	raw	DDA	LFQ	LTQ Orbitrap Elite	yes	yes	sdrf-walnut.tsv	moderate	20	ms-proteomics	none_in_pride	no	deposited: sdrf-walnut.tsv
PXD044001	include	Submitter deposited an SDRF in PRIDE; import, validate, and improve	PRIDE https://www.ebi.ac.uk/pride/ws/archive/v3/projects/PXD044001; files/all n=24	Q0	8	Homo sapiens (human)	24	20	raw	DDA	LFQ	Q Exactive HF	yes	yes	CHI3L1OE-metadata-SDRF.tsv	moderate	20	ms-proteomics;human;cell-lines	none_in_pride	no	deposited: CHI3L1OE-metadata-SDRF.tsv
PXD053150	include	Submitter deposited an SDRF in PRIDE; import, validate, and improve	PRIDE https://www.ebi.ac.uk/pride/ws/archive/v3/projects/PXD053150; files/all n=62	Q0	8	Homo sapiens (human)	62	20	d.zip	DDA	LFQ	Bruker Daltonics timsTOF series	yes	yes	sdrf.tsv	moderate	20	ms-proteomics;human	none_in_pride	no	deposited: sdrf.tsv
PXD053568	include	Submitter deposited an SDRF in PRIDE; import, validate, and improve	PRIDE https://www.ebi.ac.uk/pride/ws/archive/v3/projects/PXD053568; files/all n=37	Q0	8	Mus musculus (mouse)	37	20	raw	DIA	LFQ	Q Exactive HF	yes	yes	sdrf_5xFAD_DIA.tsv;sdrf_5xFAD_DDA.tsv	moderate	20	ms-proteomics;vertebrates;dia-acquisition	none_in_pride	no	deposited: sdrf_5xFAD_DIA.tsv;sdrf_5xFAD_DDA.tsv
PXD077362	include	Submitter deposited an SDRF in PRIDE; import, validate, and improve	PRIDE https://www.ebi.ac.uk/pride/ws/archive/v3/projects/PXD077362; files/all n=23	Q0	8	Homo sapiens (human)	23	20	raw	DIA	LFQ	orbitrap	yes	yes	SDRF_HDF_repregrammed_DCs_3_DIA.txt	moderate	20	ms-proteomics;human;dia-acquisition	none_in_pride	no	deposited: SDRF_HDF_repregrammed_DCs_3_DIA.txt
PXD029913	include	Submitter deposited an SDRF in PRIDE; import, validate, and improve	PRIDE https://www.ebi.ac.uk/pride/ws/archive/v3/projects/PXD029913; files/all n=32	Q0	8	Saccharomyces cerevisiae (baker's yeast)	32	21	raw	DIA	LFQ	Orbitrap Fusion	yes	yes	SDRF.txt	moderate	21	ms-proteomics;dia-acquisition	none_in_pride	no	deposited: SDRF.txt
PXD060108	include	Submitter deposited an SDRF in PRIDE; import, validate, and improve	PRIDE https://www.ebi.ac.uk/pride/ws/archive/v3/projects/PXD060108; files/all n=27	Q0	8	Arabidopsis thaliana (mouse-ear cress)	27	22	raw	DDA	LFQ	Q Exactive	yes	yes	sdrf-plants_MKIP1.sdrf.tsv	moderate	22	ms-proteomics;plants	none_in_pride	no	deposited: sdrf-plants_MKIP1.sdrf.tsv
PXD048344	include	Submitter deposited an SDRF in PRIDE; import, validate, and improve	PRIDE https://www.ebi.ac.uk/pride/ws/archive/v3/projects/PXD048344; files/all n=31	Q0	8	Homo sapiens (human)	31	23	raw.zip	DIA	LFQ	Synapt MS	yes	yes	SDRF.txt	moderate	23	ms-proteomics;human;dia-acquisition	none_in_pride	no	deposited: SDRF.txt
PXD064206	include	Submitter deposited an SDRF in PRIDE; import, validate, and improve	PRIDE https://www.ebi.ac.uk/pride/ws/archive/v3/projects/PXD064206; files/all n=40	Q0	8	Candida albicans (yeast)	40	23	raw	DDA	LFQ	Orbitrap Exploris 240	yes	yes	SDRF.tsv	moderate	23	ms-proteomics	none_in_pride	no	deposited: SDRF.tsv
PXD029341	include	Submitter deposited an SDRF in PRIDE; import, validate, and improve	PRIDE https://www.ebi.ac.uk/pride/ws/archive/v3/projects/PXD029341; files/all n=27	Q0	8	Homo sapiens (human)	27	24	raw	DDA	LFQ	Q Exactive HF	yes	yes	sdrf.tsv	moderate	24	ms-proteomics;human	none_in_pride	no	deposited: sdrf.tsv
PXD035104	include	Submitter deposited an SDRF in PRIDE; import, validate, and improve	PRIDE https://www.ebi.ac.uk/pride/ws/archive/v3/projects/PXD035104; files/all n=34	Q0	8	Diplonema papillatum	34	24	raw	DDA	LFQ	LTQ Orbitrap Elite	yes	yes	sdrf-fractions.tsv	moderate	24	ms-proteomics	none_in_pride	no	deposited: sdrf-fractions.tsv
PXD035547	include	Submitter deposited an SDRF in PRIDE; import, validate, and improve	PRIDE https://www.ebi.ac.uk/pride/ws/archive/v3/projects/PXD035547; files/all n=300	Q0	8	Plasmodium falciparum	300	24	raw	DDA	LFQ	Q Exactive HF	yes	yes	sdrf-default_OOM_220621_WholeProteome.tsv	moderate	24	ms-proteomics	none_in_pride	no	deposited: sdrf-default_OOM_220621_WholeProteome.tsv
PXD041415	include	Submitter deposited an SDRF in PRIDE; import, validate, and improve	PRIDE https://www.ebi.ac.uk/pride/ws/archive/v3/projects/PXD041415; files/all n=76	Q0	8	Mus musculus (mouse)	76	24	raw	DDA	LFQ	Q Exactive HF-X	yes	yes	sdrf.tsv.tsv	moderate	24	ms-proteomics;vertebrates	none_in_pride	no	deposited: sdrf.tsv.tsv
PXD044301	include	Submitter deposited an SDRF in PRIDE; import, validate, and improve	PRIDE https://www.ebi.ac.uk/pride/ws/archive/v3/projects/PXD044301; files/all n=73	Q0	8	Oncorhynchus mykiss (rainbow trout) (salmo gairdneri)	73	24	raw	DDA	LFQ	Q Exactive HF	yes	yes	SDRFFileBrainRainbowTroutShotgun.txt	moderate	24	ms-proteomics	none_in_pride	no	deposited: SDRFFileBrainRainbowTroutShotgun.txt
PXD045806	include	Submitter deposited an SDRF in PRIDE; import, validate, and improve	PRIDE https://www.ebi.ac.uk/pride/ws/archive/v3/projects/PXD045806; files/all n=126	Q0	8	Mus musculus (mouse)	126	24	raw	DDA	LFQ	LTQ Orbitrap Velos;Orbitrap Eclipse	yes	yes	SDRF_Totalproteome_NBF.txt;SDRF_persulfidation.txt	moderate	24	ms-proteomics;vertebrates	none_in_pride	no	deposited: SDRF_Totalproteome_NBF.txt;SDRF_persulfidation.txt
PXD050916	include	Submitter deposited an SDRF in PRIDE; import, validate, and improve	PRIDE https://www.ebi.ac.uk/pride/ws/archive/v3/projects/PXD050916; files/all n=32	Q0	8	Mus musculus (mouse)	32	24	raw	DDA	LFQ	Orbitrap Fusion Lumos	yes	yes	sdrf-vertebrates.tsv	moderate	24	ms-proteomics;vertebrates	none_in_pride	no	deposited: sdrf-vertebrates.tsv
PXD054714	include	Submitter deposited an SDRF in PRIDE; import, validate, and improve	PRIDE https://www.ebi.ac.uk/pride/ws/archive/v3/projects/PXD054714; files/all n=29	Q0	8	Human gut metagenome;Gut metagenome	29	24	raw	DDA	LFQ	Q Exactive HF	yes	yes	SDRF.txt	moderate	24	ms-proteomics	none_in_pride	no	deposited: SDRF.txt
PXD057643	include	Submitter deposited an SDRF in PRIDE; import, validate, and improve	PRIDE https://www.ebi.ac.uk/pride/ws/archive/v3/projects/PXD057643; files/all n=27	Q0	8	Homo sapiens (human)	27	24	d.zip	DIA	LFQ	timsTOF Pro 2;timsTOF Pro	yes	yes	SDRF.txt	moderate	24	ms-proteomics;human;dia-acquisition	none_in_pride	no	deposited: SDRF.txt
PXD058185	include	Submitter deposited an SDRF in PRIDE; import, validate, and improve	PRIDE https://www.ebi.ac.uk/pride/ws/archive/v3/projects/PXD058185; files/all n=26	Q0	8	Mus musculus (mouse)	26	24	d.zip	DIA	LFQ	timsTOF Pro 2	yes	yes	SDRF.sdrf	moderate	24	ms-proteomics;vertebrates;dia-acquisition	none_in_pride	no	deposited: SDRF.sdrf
PXD063595	include	Submitter deposited an SDRF in PRIDE; import, validate, and improve	PRIDE https://www.ebi.ac.uk/pride/ws/archive/v3/projects/PXD063595; files/all n=29	Q0	8	Homo sapiens (human)	29	24	raw	DIA	LFQ	Orbitrap Astral	yes	yes	sdrf-cell-line.sdrf.tsv;sdrf-human.sdrf.tsv	moderate	24	ms-proteomics;human;dia-acquisition	none_in_pride	no	deposited: sdrf-cell-line.sdrf.tsv;sdrf-human.sdrf.tsv
PXD066622	include	Submitter deposited an SDRF in PRIDE; import, validate, and improve	PRIDE https://www.ebi.ac.uk/pride/ws/archive/v3/projects/PXD066622; files/all n=29	Q0	8	Homo sapiens (human)	29	24	raw	DDA	LFQ	Orbitrap Exploris 480;Q Exactive HF	yes	yes	sdrf.tsv	moderate	24	ms-proteomics;human	none_in_pride	no	deposited: sdrf.tsv
PXD067317	include	Submitter deposited an SDRF in PRIDE; import, validate, and improve	PRIDE https://www.ebi.ac.uk/pride/ws/archive/v3/projects/PXD067317; files/all n=26	Q0	8	Homo sapiens (human)	26	24	raw	DIA	LFQ	Orbitrap Astral Zoom;Orbitrap Astral	yes	yes	sdrf-50SPD.sdrf.xlsx	moderate	24	ms-proteomics;human;dia-acquisition;cell-lines	none_in_pride	no	deposited: sdrf-50SPD.sdrf.xlsx
PXD050553	include	Submitter deposited an SDRF in PRIDE; import, validate, and improve	PRIDE https://www.ebi.ac.uk/pride/ws/archive/v3/projects/PXD050553; files/all n=31	Q0	7	Arabidopsis thaliana (mouse-ear cress)	31	17	raw	unknown	LFQ	LTQ Orbitrap	yes	yes	SDRF_pollen_mito.txt	moderate	17	ms-proteomics;plants	none_in_pride	no	deposited: SDRF_pollen_mito.txt
PXD063339	include	Submitter deposited an SDRF in PRIDE; import, validate, and improve	PRIDE https://www.ebi.ac.uk/pride/ws/archive/v3/projects/PXD063339; files/all n=20	Q0	7	Mus musculus (mouse)	20	17	d.zip	unknown	LFQ	timsTOF HT	yes	yes	SDRF.tsv	moderate	17	ms-proteomics;vertebrates	none_in_pride	no	deposited: SDRF.tsv
PXD062688	include	Submitter deposited an SDRF in PRIDE; import, validate, and improve	PRIDE https://www.ebi.ac.uk/pride/ws/archive/v3/projects/PXD062688; files/all n=20	Q0	7	Homo sapiens (human)	20	18	raw	unknown	LFQ	Orbitrap Fusion Lumos	yes	yes	sdrf.tsv	moderate	18	ms-proteomics;human	none_in_pride	no	deposited: sdrf.tsv
PXD050212	include	Submitter deposited an SDRF in PRIDE; import, validate, and improve	PRIDE https://www.ebi.ac.uk/pride/ws/archive/v3/projects/PXD050212; files/all n=62	Q0	7	Homo sapiens (human);Mus musculus (mouse)	62	19	raw	unknown	LFQ	LTQ Orbitrap Velos	yes	yes	SDRF.tsv	moderate	19	ms-proteomics	none_in_pride	no	deposited: SDRF.tsv
PXD048806	include	Submitter deposited an SDRF in PRIDE; import, validate, and improve	PRIDE https://www.ebi.ac.uk/pride/ws/archive/v3/projects/PXD048806; files/all n=66	Q0	7	Homo sapiens (human)	66	21	raw	unknown	LFQ	Q Exactive Plus	yes	yes	annotation_rev1.sdrf.txt	moderate	21	ms-proteomics;human	none_in_pride	no	deposited: annotation_rev1.sdrf.txt
PXD056299	include	Submitter deposited an SDRF in PRIDE; import, validate, and improve	PRIDE https://www.ebi.ac.uk/pride/ws/archive/v3/projects/PXD056299; files/all n=27	Q0	7	Homo sapiens (human)	27	24	raw	unknown	LFQ	LTQ Orbitrap	yes	yes	sdrf-cell-line.sdrf.tsv	moderate	24	ms-proteomics;human	none_in_pride	no	deposited: sdrf-cell-line.sdrf.tsv
PXD062890	include	Submitter deposited an SDRF in PRIDE; import, validate, and improve	PRIDE https://www.ebi.ac.uk/pride/ws/archive/v3/projects/PXD062890; files/all n=27	Q0	7	Homo sapiens (human)	27	24	raw	unknown	LFQ	LTQ Orbitrap Elite	yes	yes	sdrf-cell-line.sdrf.tsv	moderate	24	ms-proteomics;human	none_in_pride	no	deposited: sdrf-cell-line.sdrf.tsv
PXD050661	include	Submitter deposited an SDRF in PRIDE; import, validate, and improve	PRIDE https://www.ebi.ac.uk/pride/ws/archive/v3/projects/PXD050661; files/all n=36	Q0	7	Bos taurus (bovine)	36	25	raw	DIA	LFQ	Orbitrap Exploris 480	yes	yes	SDRF.tsv	moderate	25	ms-proteomics;vertebrates;dia-acquisition	none_in_pride	no	deposited: SDRF.tsv
PXD067363	include	Submitter deposited an SDRF in PRIDE; import, validate, and improve	PRIDE https://www.ebi.ac.uk/pride/ws/archive/v3/projects/PXD067363; files/all n=27	Q0	7	Homo sapiens (human)	27	25	raw	DIA	LFQ	Orbitrap Astral Zoom;Orbitrap Astral	yes	yes	sdrf-50SPD.sdrf.xlsx	moderate	25	ms-proteomics;human;dia-acquisition;cell-lines	none_in_pride	no	deposited: sdrf-50SPD.sdrf.xlsx
PXD075459	include	Submitter deposited an SDRF in PRIDE; import, validate, and improve	PRIDE https://www.ebi.ac.uk/pride/ws/archive/v3/projects/PXD075459; files/all n=30	Q0	7	Homo sapiens (human)	30	25	d.zip	DIA	LFQ	timsTOF SCP	yes	yes	SDRF.tsv	moderate	25	ms-proteomics;human;dia-acquisition	none_in_pride	no	deposited: SDRF.tsv
PXD048079	include	Submitter deposited an SDRF in PRIDE; import, validate, and improve	PRIDE https://www.ebi.ac.uk/pride/ws/archive/v3/projects/PXD048079; files/all n=57	Q0	7	Mus musculus (mouse)	57	26	raw	DDA	LFQ	Orbitrap Eclipse	yes	yes	SDRF_DS_PSSH.tsv;DS_total_proteome_SDRF.tsv	moderate	26	ms-proteomics;vertebrates	none_in_pride	no	deposited: SDRF_DS_PSSH.tsv;DS_total_proteome_SDRF.tsv
PXD067433	include	Submitter deposited an SDRF in PRIDE; import, validate, and improve	PRIDE https://www.ebi.ac.uk/pride/ws/archive/v3/projects/PXD067433; files/all n=28	Q0	7	Homo sapiens (human)	28	26	raw	DIA	LFQ	Orbitrap Astral Zoom;Orbitrap Astral	yes	yes	sdrf-50SPD.sdrf.xlsx	moderate	26	ms-proteomics;human;dia-acquisition;cell-lines	none_in_pride	no	deposited: sdrf-50SPD.sdrf.xlsx
PXD024305	include	Submitter deposited an SDRF in PRIDE; import, validate, and improve	PRIDE https://www.ebi.ac.uk/pride/ws/archive/v3/projects/PXD024305; files/all n=33	Q0	7	Saccharomyces cerevisiae (baker's yeast);Homo sapiens (human)	33	27	raw	DDA	LFQ	LTQ Orbitrap Velos	yes	yes	sdrf.tsv	moderate	27	ms-proteomics	none_in_pride	no	deposited: sdrf.tsv
PXD041327	include	Submitter deposited an SDRF in PRIDE; import, validate, and improve	PRIDE https://www.ebi.ac.uk/pride/ws/archive/v3/projects/PXD041327; files/all n=85	Q0	7	Mus musculus (mouse)	85	27	raw	DDA	LFQ	Q Exactive HF-X	yes	yes	sdrf.tsv	moderate	27	ms-proteomics;vertebrates	none_in_pride	no	deposited: sdrf.tsv
PXD073413	include	Submitter deposited an SDRF in PRIDE; import, validate, and improve	PRIDE https://www.ebi.ac.uk/pride/ws/archive/v3/projects/PXD073413; files/all n=31	Q0	7	Homo sapiens (human)	31	27	raw.zip	DIA	LFQ	Orbitrap Astral	yes	yes	sdrf-human.tsv	moderate	27	ms-proteomics;human;dia-acquisition	none_in_pride	no	deposited: sdrf-human.tsv
PXD031455	include	Submitter deposited an SDRF in PRIDE; import, validate, and improve	PRIDE https://www.ebi.ac.uk/pride/ws/archive/v3/projects/PXD031455; files/all n=83	Q0	7	Homo sapiens (human)	83	28	raw	DDA	LFQ	Orbitrap Eclipse	yes	yes	SDRF.tsv.txt	moderate	28	ms-proteomics;human;cell-lines	none_in_pride	no	deposited: SDRF.tsv.txt
PXD040190	include	Submitter deposited an SDRF in PRIDE; import, validate, and improve	PRIDE https://www.ebi.ac.uk/pride/ws/archive/v3/projects/PXD040190; files/all n=64	Q0	7	Apis mellifera (honeybee)	64	28	raw	DDA	LFQ	LTQ Orbitrap Elite	yes	yes	sdrf-origin.tsv	moderate	28	ms-proteomics;invertebrates	none_in_pride	no	deposited: sdrf-origin.tsv
PXD059390	include	Submitter deposited an SDRF in PRIDE; import, validate, and improve	PRIDE https://www.ebi.ac.uk/pride/ws/archive/v3/projects/PXD059390; files/all n=39	Q0	7	Homo sapiens (human)	39	28	raw	DDA	LFQ	Q Exactive HF	yes	yes	PXD059390.sdrf.tsv	moderate	28	ms-proteomics;human	none_in_pride	no	deposited: PXD059390.sdrf.tsv
PXD059416	include	Submitter deposited an SDRF in PRIDE; import, validate, and improve	PRIDE https://www.ebi.ac.uk/pride/ws/archive/v3/projects/PXD059416; files/all n=38	Q0	7	Homo sapiens (human)	38	28	raw	DDA	LFQ	Proteome Discoverer;Q Exactive HF	yes	yes	PXD059416.sdrf.tsv	moderate	28	ms-proteomics;human	none_in_pride	no	deposited: PXD059416.sdrf.tsv
PXD059982	include	Submitter deposited an SDRF in PRIDE; import, validate, and improve	PRIDE https://www.ebi.ac.uk/pride/ws/archive/v3/projects/PXD059982; files/all n=34	Q0	7	Coffea arabica (arabian coffee)	34	28	raw	DDA	LFQ	LTQ Orbitrap Elite	yes	yes	sdrf-coffee-origin.tsv	moderate	28	ms-proteomics	none_in_pride	no	deposited: sdrf-coffee-origin.tsv
PXD066688	include	Submitter deposited an SDRF in PRIDE; import, validate, and improve	PRIDE https://www.ebi.ac.uk/pride/ws/archive/v3/projects/PXD066688; files/all n=33	Q0	7	Saccharomyces cerevisiae (baker's yeast)	33	28	raw	DIA	LFQ	Orbitrap Exploris 480	yes	yes	SDRF.tsv	moderate	28	ms-proteomics;dia-acquisition	none_in_pride	no	deposited: SDRF.tsv
PXD048340	include	Submitter deposited an SDRF in PRIDE; import, validate, and improve	PRIDE https://www.ebi.ac.uk/pride/ws/archive/v3/projects/PXD048340; files/all n=36	Q0	7	Homo sapiens (human)	36	29	raw.zip	DIA	LFQ	Synapt MS	yes	yes	SDRF.xlsx	moderate	29	ms-proteomics;human;dia-acquisition	none_in_pride	no	deposited: SDRF.xlsx
PXD033871	include	Submitter deposited an SDRF in PRIDE; import, validate, and improve	PRIDE https://www.ebi.ac.uk/pride/ws/archive/v3/projects/PXD033871; files/all n=33	Q0	7	Homo sapiens (human)	33	30	raw	DIA	LFQ	Q Exactive HF	yes	yes	SDRF.tsv	moderate	30	ms-proteomics;human;dia-acquisition	none_in_pride	no	deposited: SDRF.tsv
PXD042946	include	Submitter deposited an SDRF in PRIDE; import, validate, and improve	PRIDE https://www.ebi.ac.uk/pride/ws/archive/v3/projects/PXD042946; files/all n=69	Q0	7	Human gut metagenome;Homo sapiens (human)	69	30	raw	DDA	LFQ	Orbitrap Exploris 480	yes	yes	sdrf.tsv	moderate	30	ms-proteomics	none_in_pride	no	deposited: sdrf.tsv
PXD051376	include	Submitter deposited an SDRF in PRIDE; import, validate, and improve	PRIDE https://www.ebi.ac.uk/pride/ws/archive/v3/projects/PXD051376; files/all n=64	Q0	7	Homo sapiens (human)	64	30	raw	DDA	LFQ	Orbitrap Fusion Lumos	yes	yes	SDRF.tsv	moderate	30	ms-proteomics;human	none_in_pride	no	deposited: SDRF.tsv
PXD052504	include	Submitter deposited an SDRF in PRIDE; import, validate, and improve	PRIDE https://www.ebi.ac.uk/pride/ws/archive/v3/projects/PXD052504; files/all n=63	Q0	7	Xanthium strumarium	63	30	wiff	DIA	LFQ	TripleTOF 5600	yes	yes	SDRF.xlsx	moderate	30	ms-proteomics;dia-acquisition	none_in_pride	no	deposited: SDRF.xlsx
PXD052706	include	Submitter deposited an SDRF in PRIDE; import, validate, and improve	PRIDE https://www.ebi.ac.uk/pride/ws/archive/v3/projects/PXD052706; files/all n=41	Q0	7	Cricetulus griseus (chinese hamster) (cricetulus barabensis griseus)	41	30	raw	DDA	LFQ	Orbitrap Fusion Lumos	yes	yes	SDRF.xlsx	moderate	30	ms-proteomics;cell-lines	none_in_pride	no	deposited: SDRF.xlsx
PXD052831	include	Submitter deposited an SDRF in PRIDE; import, validate, and improve	PRIDE https://www.ebi.ac.uk/pride/ws/archive/v3/projects/PXD052831; files/all n=33	Q0	7	Homo sapiens (human)	33	30	raw	DDA	LFQ	Q Exactive HF	yes	yes	SDRF.txt	moderate	30	ms-proteomics;human	none_in_pride	no	deposited: SDRF.txt
PXD058727	include	Submitter deposited an SDRF in PRIDE; import, validate, and improve	PRIDE https://www.ebi.ac.uk/pride/ws/archive/v3/projects/PXD058727; files/all n=35	Q0	7	Homo sapiens (human)	35	30	raw	DDA	LFQ	Orbitrap Exploris 480	yes	yes	SDRF.sdrf.tsv	moderate	30	ms-proteomics;human	none_in_pride	no	deposited: SDRF.sdrf.tsv
PXD060259	include	Submitter deposited an SDRF in PRIDE; import, validate, and improve	PRIDE https://www.ebi.ac.uk/pride/ws/archive/v3/projects/PXD060259; files/all n=32	Q0	7	Mus musculus (mouse)	32	30	d.zip	DIA	LFQ	timsTOF Pro 2	yes	yes	2023_22_S_Brandenburg_SDRF.tsv	moderate	30	ms-proteomics;vertebrates;dia-acquisition	none_in_pride	no	deposited: 2023_22_S_Brandenburg_SDRF.tsv
PXD060764	include	Submitter deposited an SDRF in PRIDE; import, validate, and improve	PRIDE https://www.ebi.ac.uk/pride/ws/archive/v3/projects/PXD060764; files/all n=94	Q0	7	Homo sapiens (human)	94	30	raw	DDA	LFQ	Orbitrap Fusion Lumos	yes	yes	sdrf-cell-line.sdrf.tsv	moderate	30	ms-proteomics;human	none_in_pride	no	deposited: sdrf-cell-line.sdrf.tsv
PXD076035	include	Submitter deposited an SDRF in PRIDE; import, validate, and improve	PRIDE https://www.ebi.ac.uk/pride/ws/archive/v3/projects/PXD076035; files/all n=97	Q0	7	Histoplasma ohiense	97	30	raw	DDA	LFQ	Orbitrap Fusion Lumos	yes	yes	sdrf.tsv	moderate	30	ms-proteomics	none_in_pride	no	deposited: sdrf.tsv
PXD072599	include	Submitter deposited an SDRF in PRIDE; import, validate, and improve	PRIDE https://www.ebi.ac.uk/pride/ws/archive/v3/projects/PXD072599; files/all n=35	Q0	7	Homo sapiens (human)	35	31	raw	DDA	LFQ	Orbitrap Exploris 480	yes	yes	sdrf.tsv	moderate	31	ms-proteomics;human	none_in_pride	no	deposited: sdrf.tsv
PXD047766	include	Submitter deposited an SDRF in PRIDE; import, validate, and improve	PRIDE https://www.ebi.ac.uk/pride/ws/archive/v3/projects/PXD047766; files/all n=35	Q0	7	Homo sapiens (human)	35	32	raw	DIA	LFQ	Orbitrap Fusion Lumos	yes	yes	sdrfOVS.txt	moderate	32	ms-proteomics;human;dia-acquisition	none_in_pride	no	deposited: sdrfOVS.txt
PXD057299	include	Submitter deposited an SDRF in PRIDE; import, validate, and improve	PRIDE https://www.ebi.ac.uk/pride/ws/archive/v3/projects/PXD057299; files/all n=35	Q0	7	Homo sapiens (human)	35	32	raw	DDA	LFQ	Dionex instrument model;Q Exactive	yes	yes	SDRF_PCF_Proteomics.txt	moderate	32	ms-proteomics;human	none_in_pride	no	deposited: SDRF_PCF_Proteomics.txt
PXD060551	include	Submitter deposited an SDRF in PRIDE; import, validate, and improve	PRIDE https://www.ebi.ac.uk/pride/ws/archive/v3/projects/PXD060551; files/all n=66	Q0	7	Phragmites australis	66	32	raw	DDA	LFQ	Orbitrap Exploris 240	yes	yes	sdrf-reed-Chornobyl.tsv	moderate	32	ms-proteomics	none_in_pride	no	deposited: sdrf-reed-Chornobyl.tsv
PXD064531	include	Submitter deposited an SDRF in PRIDE; import, validate, and improve	PRIDE https://www.ebi.ac.uk/pride/ws/archive/v3/projects/PXD064531; files/all n=74	Q0	7	Lepyronia quadrangularis;Cuerna striata;Neotibicen lyricen;Philaenus spumarius	74	32	raw	DDA	LFQ	Orbitrap Fusion Lumos	yes	yes	sdrf_proteomes_HemipteraSpermatostyles.tsv	moderate	32	ms-proteomics	none_in_pride	no	deposited: sdrf_proteomes_HemipteraSpermatostyles.tsv
PXD065761	include	Submitter deposited an SDRF in PRIDE; import, validate, and improve	PRIDE https://www.ebi.ac.uk/pride/ws/archive/v3/projects/PXD065761; files/all n=39	Q0	7	Chlamydomonas reinhardtii	39	33	raw	DDA	LFQ	Q Exactive	yes	yes	SDRF_template.xlsx	moderate	33	ms-proteomics	none_in_pride	no	deposited: SDRF_template.xlsx
PXD040358	include	Submitter deposited an SDRF in PRIDE; import, validate, and improve	PRIDE https://www.ebi.ac.uk/pride/ws/archive/v3/projects/PXD040358; files/all n=37	Q0	7	Mus musculus (mouse)	37	34	d.zip	DIA	LFQ	timsTOF Pro	yes	yes	SDRF-22022023.txt	moderate	34	ms-proteomics;vertebrates;dia-acquisition	none_in_pride	no	deposited: SDRF-22022023.txt
PXD041899	include	Submitter deposited an SDRF in PRIDE; import, validate, and improve	PRIDE https://www.ebi.ac.uk/pride/ws/archive/v3/projects/PXD041899; files/all n=37	Q0	7	Homo sapiens (human)	37	34	raw	DDA	LFQ	Q Exactive HF	yes	yes	sdrf.tsv	moderate	34	ms-proteomics;human	none_in_pride	no	deposited: sdrf.tsv
PXD073452	include	Submitter deposited an SDRF in PRIDE; import, validate, and improve	PRIDE https://www.ebi.ac.uk/pride/ws/archive/v3/projects/PXD073452; files/all n=107	Q0	7	Arabidopsis thaliana (mouse-ear cress)	107	34	d.zip;raw	DDA	LFQ	Orbitrap Fusion;timsTOF Pro	yes	yes	sample_description.sdrf.txt	moderate	34	ms-proteomics;plants	none_in_pride	no	deposited: sample_description.sdrf.txt
PXD041174	include	Submitter deposited an SDRF in PRIDE; import, validate, and improve	PRIDE https://www.ebi.ac.uk/pride/ws/archive/v3/projects/PXD041174; files/all n=38	Q0	7	Homo sapiens (human)	38	35	raw	DDA	LFQ	Orbitrap Fusion	yes	yes	SDRF.xlsx	moderate	35	ms-proteomics;human	none_in_pride	no	deposited: SDRF.xlsx
PXD046156	include	Submitter deposited an SDRF in PRIDE; import, validate, and improve	PRIDE https://www.ebi.ac.uk/pride/ws/archive/v3/projects/PXD046156; files/all n=45	Q0	7	Pseudomonas brenneri;Bacillus thuringiensis	45	35	raw	DDA	LFQ	Q Exactive	yes	yes	SDRF_metadata_Kalundborg.txt	moderate	35	ms-proteomics	none_in_pride	no	deposited: SDRF_metadata_Kalundborg.txt
PXD058728	include	Submitter deposited an SDRF in PRIDE; import, validate, and improve	PRIDE https://www.ebi.ac.uk/pride/ws/archive/v3/projects/PXD058728; files/all n=39	Q0	7	Homo sapiens (human)	39	35	d.zip	DIA	LFQ	timsTOF SCP	yes	yes	SDRF.tsv	moderate	35	ms-proteomics;human;dia-acquisition	none_in_pride	no	deposited: SDRF.tsv
PXD036392	include	Submitter deposited an SDRF in PRIDE; import, validate, and improve	PRIDE https://www.ebi.ac.uk/pride/ws/archive/v3/projects/PXD036392; files/all n=110	Q0	7	Sparus aurata	110	36	raw	DDA	LFQ	Q Exactive	yes	yes	SDRF_FileLiverShotgun.txt	moderate	36	ms-proteomics	none_in_pride	no	deposited: SDRF_FileLiverShotgun.txt
PXD041310	include	Submitter deposited an SDRF in PRIDE; import, validate, and improve	PRIDE https://www.ebi.ac.uk/pride/ws/archive/v3/projects/PXD041310; files/all n=114	Q0	7	Mus musculus (mouse)	114	36	raw	DDA	LFQ	Orbitrap Eclipse	yes	yes	SDRF_FP.txt;SDRF_PSSH.tsv	moderate	36	ms-proteomics;vertebrates	none_in_pride	no	deposited: SDRF_FP.txt;SDRF_PSSH.tsv
PXD051022	include	Submitter deposited an SDRF in PRIDE; import, validate, and improve	PRIDE https://www.ebi.ac.uk/pride/ws/archive/v3/projects/PXD051022; files/all n=40	Q0	7	Mus musculus (mouse)	40	36	d.zip	DIA	LFQ	timsTOF HT	yes	yes	SDRF.tsv	moderate	36	ms-proteomics;vertebrates;dia-acquisition	none_in_pride	no	deposited: SDRF.tsv
PXD054360	include	Submitter deposited an SDRF in PRIDE; import, validate, and improve	PRIDE https://www.ebi.ac.uk/pride/ws/archive/v3/projects/PXD054360; files/all n=224	Q0	7	Homo sapiens (human)	224	36	wiff	DIA	LFQ	ZenoTOF 7600	yes	yes	Panc1_HLAp_HPH_RP_Library_FragPipe_SDRF.tsv;Panc1_HLAp_Small_input_DDA_FragPipe_SDRF.tsv	moderate	36	ms-proteomics;human;dia-acquisition;cell-lines	none_in_pride	no	deposited: Panc1_HLAp_HPH_RP_Library_FragPipe_SDRF.tsv;Panc1_HLAp_Small_input_DDA_FragPipe_SDRF.tsv
PXD058169	include	Submitter deposited an SDRF in PRIDE; import, validate, and improve	PRIDE https://www.ebi.ac.uk/pride/ws/archive/v3/projects/PXD058169; files/all n=38	Q0	7	Rattus norvegicus (rat)	38	36	raw	DIA	LFQ	Orbitrap Fusion Lumos	yes	yes	SDRF.tsv	moderate	36	ms-proteomics;vertebrates;dia-acquisition	none_in_pride	no	deposited: SDRF.tsv
PXD066672	include	Submitter deposited an SDRF in PRIDE; import, validate, and improve	PRIDE https://www.ebi.ac.uk/pride/ws/archive/v3/projects/PXD066672; files/all n=41	Q0	7	Saccharomyces cerevisiae (baker's yeast);Escherichia coli;Homo sapiens (human)	41	36	raw	DIA	LFQ	Orbitrap Astral Zoom;Orbitrap Astral	yes	yes	sdrf-quantitation.sdrf.xlsx	moderate	36	ms-proteomics;dia-acquisition;cell-lines	none_in_pride	no	deposited: sdrf-quantitation.sdrf.xlsx
PXD071231	include	Submitter deposited an SDRF in PRIDE; import, validate, and improve	PRIDE https://www.ebi.ac.uk/pride/ws/archive/v3/projects/PXD071231; files/all n=84	Q0	7	Mus musculus (mouse)	84	37	d.zip;raw	DIA	LFQ	LTQ Orbitrap Elite;timsTOF Pro	yes	yes	SDRF.Thbs1.CKO.WT.Proteomics.txt	moderate	37	ms-proteomics;vertebrates;dia-acquisition	none_in_pride	no	deposited: SDRF.Thbs1.CKO.WT.Proteomics.txt
PXD046268	include	Submitter deposited an SDRF in PRIDE; import, validate, and improve	PRIDE https://www.ebi.ac.uk/pride/ws/archive/v3/projects/PXD046268; files/all n=51	Q0	7	Mus musculus (mouse)	51	38	raw	DDA	LFQ	Q Exactive HF	yes	yes	sdrf.txt	moderate	38	ms-proteomics;vertebrates	none_in_pride	no	deposited: sdrf.txt
PXD049375	include	Submitter deposited an SDRF in PRIDE; import, validate, and improve	PRIDE https://www.ebi.ac.uk/pride/ws/archive/v3/projects/PXD049375; files/all n=49	Q0	7	Drosophila melanogaster (fruit fly)	49	40	raw	DDA	LFQ	Q Exactive	yes	yes	sdrf.tsv	moderate	40	ms-proteomics;invertebrates	none_in_pride	no	deposited: sdrf.tsv
PXD060552	include	Submitter deposited an SDRF in PRIDE; import, validate, and improve	PRIDE https://www.ebi.ac.uk/pride/ws/archive/v3/projects/PXD060552; files/all n=46	Q0	7	Arabidopsis thaliana (mouse-ear cress)	46	40	raw	DDA	LFQ	LTQ Orbitrap Elite	yes	yes	sdrf-arabidopsis-SYTsalt.tsv	moderate	40	ms-proteomics;plants	none_in_pride	no	deposited: sdrf-arabidopsis-SYTsalt.tsv
PXD076605	include	Submitter deposited an SDRF in PRIDE; import, validate, and improve	PRIDE https://www.ebi.ac.uk/pride/ws/archive/v3/projects/PXD076605; files/all n=88	Q0	7	Phocidae	88	40	raw	DIA	LFQ	orbitrap	yes	yes	metadata_LepWed.sdrf.tsv	moderate	40	ms-proteomics;dia-acquisition	none_in_pride	no	deposited: metadata_LepWed.sdrf.tsv
PXD054062	include	Submitter deposited an SDRF in PRIDE; import, validate, and improve	PRIDE https://www.ebi.ac.uk/pride/ws/archive/v3/projects/PXD054062; files/all n=46	Q0	7	Homo sapiens (human)	46	41	raw	DIA	LFQ	Orbitrap Fusion Lumos;Orbitrap Exploris 240	yes	yes	SDRF_paper.xlsx	moderate	41	ms-proteomics;human;dia-acquisition	none_in_pride	no	deposited: SDRF_paper.xlsx
PXD059419	include	Submitter deposited an SDRF in PRIDE; import, validate, and improve	PRIDE https://www.ebi.ac.uk/pride/ws/archive/v3/projects/PXD059419; files/all n=47	Q0	7	Homo sapiens (human)	47	42	raw	DIA	LFQ	Spectronaut;Q Exactive HF	yes	yes	PXD059419.sdrf.tsv	moderate	42	ms-proteomics;human;dia-acquisition	none_in_pride	no	deposited: PXD059419.sdrf.tsv
PXD066008	include	Submitter deposited an SDRF in PRIDE; import, validate, and improve	PRIDE https://www.ebi.ac.uk/pride/ws/archive/v3/projects/PXD066008; files/all n=47	Q0	7	Haloferax volcanii (halobacterium volcanii)	47	42	d.tar	DIA	LFQ	timsTOF Pro 2;timsTOF HT	yes	yes	SDRF.xlsx	moderate	42	ms-proteomics;dia-acquisition	none_in_pride	no	deposited: SDRF.xlsx
PXD067014	include	Submitter deposited an SDRF in PRIDE; import, validate, and improve	PRIDE https://www.ebi.ac.uk/pride/ws/archive/v3/projects/PXD067014; files/all n=99	Q0	7	Mus musculus (mouse)	99	42	raw	DDA	LFQ	Orbitrap Exploris 480	yes	yes	sdrfsp.tsv;sdrff.tsv;sdrf.tsv	moderate	42	ms-proteomics;vertebrates	none_in_pride	no	deposited: sdrfsp.tsv;sdrff.tsv;sdrf.tsv
PXD070243	include	Submitter deposited an SDRF in PRIDE; import, validate, and improve	PRIDE https://www.ebi.ac.uk/pride/ws/archive/v3/projects/PXD070243; files/all n=101	Q0	7	Mus musculus (mouse)	101	42	raw	DDA	LFQ	Orbitrap Exploris 240	yes	yes	SDRF.txt	moderate	42	ms-proteomics;vertebrates	none_in_pride	no	deposited: SDRF.txt
PXD070494	include	Submitter deposited an SDRF in PRIDE; import, validate, and improve	PRIDE https://www.ebi.ac.uk/pride/ws/archive/v3/projects/PXD070494; files/all n=86	Q0	7	Homo sapiens (human)	86	42	d.zip	DIA	LFQ	timsTOF Pro	yes	yes	u10_MS_sample_map.sdrf	moderate	42	ms-proteomics;human;dia-acquisition	none_in_pride	no	deposited: u10_MS_sample_map.sdrf
PXD041681	include	Submitter deposited an SDRF in PRIDE; import, validate, and improve	PRIDE https://www.ebi.ac.uk/pride/ws/archive/v3/projects/PXD041681; files/all n=51	Q0	7	Homo sapiens (human)	51	43	raw	DDA	LFQ	Orbitrap Fusion Lumos	yes	yes	SDRF.tsv	moderate	43	ms-proteomics;human	none_in_pride	no	deposited: SDRF.tsv
PXD068369	include	Submitter deposited an SDRF in PRIDE; import, validate, and improve	PRIDE https://www.ebi.ac.uk/pride/ws/archive/v3/projects/PXD068369; files/all n=54	Q0	7	Saccharomyces cerevisiae (baker's yeast)	54	43	d.zip;raw	DDA	LFQ	Orbitrap Exploris 480;timsTOF Pro	yes	yes	sdrf.tsv;sdrf_2.tsv	moderate	43	ms-proteomics	none_in_pride	no	deposited: sdrf.tsv;sdrf_2.tsv
PXD023388	include	Submitter deposited an SDRF in PRIDE; import, validate, and improve	PRIDE https://www.ebi.ac.uk/pride/ws/archive/v3/projects/PXD023388; files/all n=50	Q0	7	Rattus norvegicus (rat)	50	44	raw	DDA	LFQ	Q Exactive	yes	yes	SDRF.txt	moderate	44	ms-proteomics;vertebrates	none_in_pride	no	deposited: SDRF.txt
PXD046983	include	Submitter deposited an SDRF in PRIDE; import, validate, and improve	PRIDE https://www.ebi.ac.uk/pride/ws/archive/v3/projects/PXD046983; files/all n=225	Q0	7	Mus musculus (mouse)	225	44	wiff	DIA	LFQ	ZenoTOF 7600	yes	yes	PXD046983.sdrf.tsv	moderate	44	ms-proteomics;vertebrates;dia-acquisition	none_in_pride	no	deposited: PXD046983.sdrf.tsv
PXD057984	include	Submitter deposited an SDRF in PRIDE; import, validate, and improve	PRIDE https://www.ebi.ac.uk/pride/ws/archive/v3/projects/PXD057984; files/all n=126	Q0	7	Cricetulus griseus (chinese hamster) (cricetulus barabensis griseus)	126	45	wiff	DIA	LFQ	SELECT SERIES Cyclic IMS;ZenoTOF 7600	yes	yes	CHO-cell_Bioreactor_SDRF.sdrf	moderate	45	ms-proteomics;dia-acquisition;cell-lines	none_in_pride	no	deposited: CHO-cell_Bioreactor_SDRF.sdrf
PXD061929	include	Submitter deposited an SDRF in PRIDE; import, validate, and improve	PRIDE https://www.ebi.ac.uk/pride/ws/archive/v3/projects/PXD061929; files/all n=47	Q0	7	Bacillus subtilis subsp. subtilis str. 168;Bacteria	47	45	raw	DDA	LFQ	Q Exactive	yes	yes	sdrf-RBP.xlsx	moderate	45	ms-proteomics	none_in_pride	no	deposited: sdrf-RBP.xlsx
PXD042336	include	Submitter deposited an SDRF in PRIDE; import, validate, and improve	PRIDE https://www.ebi.ac.uk/pride/ws/archive/v3/projects/PXD042336; files/all n=140	Q0	7	Acinetobacter baumannii a424;Bacteria	140	46	d.zip	DDA	LFQ	timsTOF Pro 2	yes	yes	sdrf.tsv	moderate	46	ms-proteomics	none_in_pride	no	deposited: sdrf.tsv
PXD046591	include	Submitter deposited an SDRF in PRIDE; import, validate, and improve	PRIDE https://www.ebi.ac.uk/pride/ws/archive/v3/projects/PXD046591; files/all n=65	Q0	7	Mycobacterium smegmatis mc2 51	65	48	raw	DDA	LFQ	LTQ Orbitrap Elite	yes	yes	sdrf-fractions.tsv	moderate	48	ms-proteomics	none_in_pride	no	deposited: sdrf-fractions.tsv
PXD048928	include	Submitter deposited an SDRF in PRIDE; import, validate, and improve	PRIDE https://www.ebi.ac.uk/pride/ws/archive/v3/projects/PXD048928; files/all n=110	Q0	7	Dineutus hornii;Dineutus discolor;Orectochilus villosus;Dineutus nigrior;Dineutus ciliatus;Dineutus assimilis	110	48	raw	DDA	LFQ	Orbitrap Fusion Lumos	yes	yes	sdrf_proteomes_whirligigSpermatostyles.tsv	moderate	48	ms-proteomics	none_in_pride	no	deposited: sdrf_proteomes_whirligigSpermatostyles.tsv
PXD062322	include	Submitter deposited an SDRF in PRIDE; import, validate, and improve	PRIDE https://www.ebi.ac.uk/pride/ws/archive/v3/projects/PXD062322; files/all n=23	Q0	6	Mus musculus (mouse)	23	14	raw	DIA	TMT/iTRAQ/SILAC	Orbitrap Astral	yes	yes	SDRF.txt	moderate	14	ms-proteomics;vertebrates;dia-acquisition	none_in_pride	no	deposited: SDRF.txt
PXD038915	include	Submitter deposited an SDRF in PRIDE; import, validate, and improve	PRIDE https://www.ebi.ac.uk/pride/ws/archive/v3/projects/PXD038915; files/all n=20	Q0	6	Homo sapiens (human)	20	15	raw	DIA	TMT/iTRAQ/SILAC	Q Exactive HF	yes	yes	sdrf-silac_Hela_IFNg_nascProt_timecourse.txt	moderate	15	ms-proteomics;human;dia-acquisition	none_in_pride	no	deposited: sdrf-silac_Hela_IFNg_nascProt_timecourse.txt
PXD031000	include	Submitter deposited an SDRF in PRIDE; import, validate, and improve	PRIDE https://www.ebi.ac.uk/pride/ws/archive/v3/projects/PXD031000; files/all n=410	Q0	6	Eulimnogammarus verrucosus;Eulimnogammarus cyaneus;Gammarus lacustris	410	16	raw	DDA	TMT/iTRAQ/SILAC	Q Exactive	yes	yes	sdrf.tsv	moderate	16	ms-proteomics	none_in_pride	no	deposited: sdrf.tsv
PXD032098	include	Submitter deposited an SDRF in PRIDE; import, validate, and improve	PRIDE https://www.ebi.ac.uk/pride/ws/archive/v3/projects/PXD032098; files/all n=24	Q0	6	Saccharomyces cerevisiae (baker's yeast)	24	16	raw	DDA	unknown	Orbitrap Fusion	yes	yes	SDRF.xlsx	moderate	16	ms-proteomics	none_in_pride	no	deposited: SDRF.xlsx
PXD053749	include	Submitter deposited an SDRF in PRIDE; import, validate, and improve	PRIDE https://www.ebi.ac.uk/pride/ws/archive/v3/projects/PXD053749; files/all n=24	Q0	6	Homo sapiens (human)	24	16	raw	unknown	unknown	Orbitrap Ascend	yes	yes	sdrf.tsv	moderate	16	ms-proteomics;human	none_in_pride	no	deposited: sdrf.tsv
PXD065274	include	Submitter deposited an SDRF in PRIDE; import, validate, and improve	PRIDE https://www.ebi.ac.uk/pride/ws/archive/v3/projects/PXD065274; files/all n=27	Q0	6	Mus musculus (mouse)	27	16	raw	DDA	unknown	Orbitrap Fusion Lumos;Q Exactive HF	yes	yes	6.sdrf.tsv	moderate	16	ms-proteomics;vertebrates	none_in_pride	no	deposited: 6.sdrf.tsv
PXD067153	include	Submitter deposited an SDRF in PRIDE; import, validate, and improve	PRIDE https://www.ebi.ac.uk/pride/ws/archive/v3/projects/PXD067153; files/all n=21	Q0	6	Homo sapiens (human)	21	16	raw	DDA	TMT/iTRAQ/SILAC	Orbitrap Fusion	yes	yes	sdrf.tsv	moderate	16	ms-proteomics;human;cell-lines	none_in_pride	no	deposited: sdrf.tsv
PXD067220	include	Submitter deposited an SDRF in PRIDE; import, validate, and improve	PRIDE https://www.ebi.ac.uk/pride/ws/archive/v3/projects/PXD067220; files/all n=21	Q0	6	Homo sapiens (human)	21	16	raw	DDA	TMT/iTRAQ/SILAC	Orbitrap Fusion	yes	yes	sdrf.tsv	moderate	16	ms-proteomics;human;cell-lines	none_in_pride	no	deposited: sdrf.tsv
PXD068822	include	Submitter deposited an SDRF in PRIDE; import, validate, and improve	PRIDE https://www.ebi.ac.uk/pride/ws/archive/v3/projects/PXD068822; files/all n=22	Q0	6	Mus musculus (mouse)	22	16	raw	DDA	TMT/iTRAQ/SILAC	Orbitrap Fusion Lumos	yes	yes	sdrfile.docx	moderate	16	ms-proteomics;vertebrates	none_in_pride	no	deposited: sdrfile.docx
PXD055781	include	Submitter deposited an SDRF in PRIDE; import, validate, and improve	PRIDE https://www.ebi.ac.uk/pride/ws/archive/v3/projects/PXD055781; files/all n=22	Q0	6	Mus musculus (mouse)	22	17	raw	unknown	TMT/iTRAQ/SILAC	Orbitrap Fusion Lumos	yes	yes	sdrf_liver_PTB.sdrf.tsv	moderate	17	ms-proteomics;vertebrates	none_in_pride	no	deposited: sdrf_liver_PTB.sdrf.tsv
PXD023222	include	Submitter deposited an SDRF in PRIDE; import, validate, and improve	PRIDE https://www.ebi.ac.uk/pride/ws/archive/v3/projects/PXD023222; files/all n=22	Q0	6	Mus musculus (mouse)	22	18	raw	DDA	TMT/iTRAQ/SILAC	Q Exactive HF	yes	yes	SDRF.tsv	moderate	18	ms-proteomics;vertebrates	none_in_pride	no	deposited: SDRF.tsv
PXD030748	include	Submitter deposited an SDRF in PRIDE; import, validate, and improve	PRIDE https://www.ebi.ac.uk/pride/ws/archive/v3/projects/PXD030748; files/all n=56	Q0	6	Mus musculus (mouse)	56	18	raw	DDA	TMT/iTRAQ/SILAC	Orbitrap Eclipse	yes	yes	Stoilov_060821.sdrf.tsv	moderate	18	ms-proteomics;vertebrates	none_in_pride	no	deposited: Stoilov_060821.sdrf.tsv
PXD034334	include	Submitter deposited an SDRF in PRIDE; import, validate, and improve	PRIDE https://www.ebi.ac.uk/pride/ws/archive/v3/projects/PXD034334; files/all n=24	Q0	6	Homo sapiens (human)	24	18	raw	DDA	TMT/iTRAQ/SILAC	Q Exactive HF	yes	yes	sdrf.txt	moderate	18	ms-proteomics;human	none_in_pride	no	deposited: sdrf.txt
PXD035918	include	Submitter deposited an SDRF in PRIDE; import, validate, and improve	PRIDE https://www.ebi.ac.uk/pride/ws/archive/v3/projects/PXD035918; files/all n=231	Q0	6	Mus musculus (mouse)	231	18	raw	DDA	TMT/iTRAQ/SILAC	Exactive Plus	yes	yes	sdrf-tmt.tsv	moderate	18	ms-proteomics;vertebrates	none_in_pride	no	deposited: sdrf-tmt.tsv
PXD036078	include	Submitter deposited an SDRF in PRIDE; import, validate, and improve	PRIDE https://www.ebi.ac.uk/pride/ws/archive/v3/projects/PXD036078; files/all n=348	Q0	6	Homo sapiens (human)	348	18	raw	DDA	TMT/iTRAQ/SILAC	Orbitrap Fusion Lumos	yes	yes	SDRF_file.xlsx	moderate	18	ms-proteomics;human	none_in_pride	no	deposited: SDRF_file.xlsx
PXD048363	include	Submitter deposited an SDRF in PRIDE; import, validate, and improve	PRIDE https://www.ebi.ac.uk/pride/ws/archive/v3/projects/PXD048363; files/all n=21	Q0	6	Mus musculus (mouse)	21	18	raw	unknown	unknown	Orbitrap Fusion Lumos	yes	yes	sdrf-Proteomic_Vaziri_et_al_2024.sdrf.tsv	moderate	18	ms-proteomics;vertebrates	none_in_pride	no	deposited: sdrf-Proteomic_Vaziri_et_al_2024.sdrf.tsv
PXD063670	include	Submitter deposited an SDRF in PRIDE; import, validate, and improve	PRIDE https://www.ebi.ac.uk/pride/ws/archive/v3/projects/PXD063670; files/all n=25	Q0	6	Homo sapiens (human)	25	18	raw	DDA	unknown	Q Exactive HF	yes	yes	sdrf.tsv	moderate	18	ms-proteomics;human	none_in_pride	no	deposited: sdrf.tsv
PXD065028	include	Submitter deposited an SDRF in PRIDE; import, validate, and improve	PRIDE https://www.ebi.ac.uk/pride/ws/archive/v3/projects/PXD065028; files/all n=21	Q0	6	Mus musculus (mouse)	21	18	raw	DDA	unknown	Q Exactive	yes	yes	SDRF.tsv	moderate	18	ms-proteomics;vertebrates	none_in_pride	no	deposited: SDRF.tsv
PXD073256	include	Submitter deposited an SDRF in PRIDE; import, validate, and improve	PRIDE https://www.ebi.ac.uk/pride/ws/archive/v3/projects/PXD073256; files/all n=21	Q0	6	Homo sapiens (human)	21	18	d.zip	DDA	unknown	timsTOF Pro	yes	yes	sdrf.tsv	moderate	18	ms-proteomics;human	none_in_pride	no	deposited: sdrf.tsv
PXD047620	include	Submitter deposited an SDRF in PRIDE; import, validate, and improve	PRIDE https://www.ebi.ac.uk/pride/ws/archive/v3/projects/PXD047620; files/all n=25	Q0	6	Thermothielavioides terrestris	25	20	raw	DDA	TMT/iTRAQ/SILAC	Orbitrap Fusion Lumos	yes	yes	sdrf.tsv	moderate	20	ms-proteomics	none_in_pride	no	deposited: sdrf.tsv
PXD049683	include	Submitter deposited an SDRF in PRIDE; import, validate, and improve	PRIDE https://www.ebi.ac.uk/pride/ws/archive/v3/projects/PXD049683; files/all n=24	Q0	6	Homo sapiens (human)	24	20	raw	unknown	unknown	Q Exactive	yes	yes	sdrf_MS745.txt	moderate	20	ms-proteomics;human;cell-lines	none_in_pride	no	deposited: sdrf_MS745.txt
PXD062324	include	Submitter deposited an SDRF in PRIDE; import, validate, and improve	PRIDE https://www.ebi.ac.uk/pride/ws/archive/v3/projects/PXD062324; files/all n=25	Q0	6	Mus musculus (mouse)	25	20	raw	DDA	TMT/iTRAQ/SILAC	Orbitrap Eclipse	yes	yes	SDRF_Split_Intein_Proteomics_Data.txt	moderate	20	ms-proteomics;vertebrates	none_in_pride	no	deposited: SDRF_Split_Intein_Proteomics_Data.txt
PXD027872	include	Submitter deposited an SDRF in PRIDE; import, validate, and improve	PRIDE https://www.ebi.ac.uk/pride/ws/archive/v3/projects/PXD027872; files/all n=64	Q0	6	Saccharomyces cerevisiae (baker's yeast)	64	21	raw	unknown	unknown	Orbitrap Fusion	yes	yes	SDRF_Sample_information.xlsx	moderate	21	ms-proteomics	none_in_pride	no	deposited: SDRF_Sample_information.xlsx
PXD038809	include	Submitter deposited an SDRF in PRIDE; import, validate, and improve	PRIDE https://www.ebi.ac.uk/pride/ws/archive/v3/projects/PXD038809; files/all n=34	Q0	6	Homo sapiens (human);Mus musculus (mouse)	34	21	raw	DDA	unknown	Orbitrap Fusion Lumos	yes	yes	SDRF_File.xlsx	moderate	21	ms-proteomics	none_in_pride	no	deposited: SDRF_File.xlsx
PXD064137	include	Submitter deposited an SDRF in PRIDE; import, validate, and improve	PRIDE https://www.ebi.ac.uk/pride/ws/archive/v3/projects/PXD064137; files/all n=32	Q0	6	Mus musculus (mouse)	32	21	raw	DDA	TMT/iTRAQ/SILAC	Orbitrap Fusion Lumos	yes	yes	sdrf-cell-line.sdrf.tsv	moderate	21	ms-proteomics;vertebrates	none_in_pride	no	deposited: sdrf-cell-line.sdrf.tsv
PXD023005	include	Submitter deposited an SDRF in PRIDE; import, validate, and improve	PRIDE https://www.ebi.ac.uk/pride/ws/archive/v3/projects/PXD023005; files/all n=29	Q0	6	Mus musculus (mouse)	29	24	raw	DDA	TMT/iTRAQ/SILAC	Orbitrap Fusion	yes	yes	SDRF.tsv	moderate	24	ms-proteomics;vertebrates	none_in_pride	no	deposited: SDRF.tsv
PXD029422	include	Submitter deposited an SDRF in PRIDE; import, validate, and improve	PRIDE https://www.ebi.ac.uk/pride/ws/archive/v3/projects/PXD029422; files/all n=30	Q0	6	Solanum lycopersicum	30	24	raw	DDA	unknown	Orbitrap Eclipse	yes	yes	SDRF.txt	moderate	24	ms-proteomics	none_in_pride	no	deposited: SDRF.txt
PXD038980	include	Submitter deposited an SDRF in PRIDE; import, validate, and improve	PRIDE https://www.ebi.ac.uk/pride/ws/archive/v3/projects/PXD038980; files/all n=27	Q0	6	Arabidopsis thaliana (mouse-ear cress)	27	24	raw	DDA	unknown	Orbitrap Fusion Lumos	yes	yes	sdrf.txt	moderate	24	ms-proteomics;plants	none_in_pride	no	deposited: sdrf.txt
PXD040291	include	Submitter deposited an SDRF in PRIDE; import, validate, and improve	PRIDE https://www.ebi.ac.uk/pride/ws/archive/v3/projects/PXD040291; files/all n=32	Q0	6	Homo sapiens (human)	32	24	raw	DDA	TMT/iTRAQ/SILAC	Orbitrap Fusion Lumos	yes	yes	sdrf.tsv	moderate	24	ms-proteomics;human	none_in_pride	no	deposited: sdrf.tsv
PXD040666	include	Submitter deposited an SDRF in PRIDE; import, validate, and improve	PRIDE https://www.ebi.ac.uk/pride/ws/archive/v3/projects/PXD040666; files/all n=27	Q0	6	Homo sapiens (human)	27	24	raw	unknown	unknown	Q Exactive	yes	yes	SDRF_triple-negative-breast-cancer_Chutoe2023.txt	moderate	24	ms-proteomics;human	none_in_pride	no	deposited: SDRF_triple-negative-breast-cancer_Chutoe2023.txt
PXD040677	include	Submitter deposited an SDRF in PRIDE; import, validate, and improve	PRIDE https://www.ebi.ac.uk/pride/ws/archive/v3/projects/PXD040677; files/all n=148	Q0	6	Eulimnogammarus verrucosus	148	24	raw	DDA	TMT/iTRAQ/SILAC	Q Exactive HF	yes	yes	sdrf_field.tsv	moderate	24	ms-proteomics	none_in_pride	no	deposited: sdrf_field.tsv
PXD042828	include	Submitter deposited an SDRF in PRIDE; import, validate, and improve	PRIDE https://www.ebi.ac.uk/pride/ws/archive/v3/projects/PXD042828; files/all n=36	Q0	6	Saccharomyces cerevisiae (baker's yeast)	36	24	raw	unknown	TMT/iTRAQ/SILAC	Orbitrap Fusion Lumos	yes	yes	SDRF.xlsx	moderate	24	ms-proteomics	none_in_pride	no	deposited: SDRF.xlsx
PXD042990	include	Submitter deposited an SDRF in PRIDE; import, validate, and improve	PRIDE https://www.ebi.ac.uk/pride/ws/archive/v3/projects/PXD042990; files/all n=52	Q0	6	Saccharomyces cerevisiae (baker's yeast)	52	24	raw	unknown	TMT/iTRAQ/SILAC	LTQ Orbitrap Elite	yes	yes	SDRF.xlsx	moderate	24	ms-proteomics	none_in_pride	no	deposited: SDRF.xlsx
PXD046677	include	Submitter deposited an SDRF in PRIDE; import, validate, and improve	PRIDE https://www.ebi.ac.uk/pride/ws/archive/v3/projects/PXD046677; files/all n=36	Q0	6	Homo sapiens (human)	36	24	raw	DDA	TMT/iTRAQ/SILAC	Orbitrap Fusion Lumos	yes	yes	sdrf.tsv	moderate	24	ms-proteomics;human	none_in_pride	no	deposited: sdrf.tsv
PXD051478	include	Submitter deposited an SDRF in PRIDE; import, validate, and improve	PRIDE https://www.ebi.ac.uk/pride/ws/archive/v3/projects/PXD051478; files/all n=28	Q0	6	Prunus avium subsp. avium	28	24	raw	DDA	TMT/iTRAQ/SILAC	Q Exactive HF	yes	yes	sdrf_sweetcherry.txt	moderate	24	ms-proteomics	none_in_pride	no	deposited: sdrf_sweetcherry.txt
PXD053307	include	Submitter deposited an SDRF in PRIDE; import, validate, and improve	PRIDE https://www.ebi.ac.uk/pride/ws/archive/v3/projects/PXD053307; files/all n=27	Q0	6	Saccharomyces cerevisiae (baker's yeast)	27	24	raw	unknown	TMT/iTRAQ/SILAC	Orbitrap Eclipse	yes	yes	SDRF_Kumar_2024.xlsx	moderate	24	ms-proteomics	none_in_pride	no	deposited: SDRF_Kumar_2024.xlsx
PXD054828	include	Submitter deposited an SDRF in PRIDE; import, validate, and improve	PRIDE https://www.ebi.ac.uk/pride/ws/archive/v3/projects/PXD054828; files/all n=28	Q0	6	Oryza sativa (rice)	28	24	raw	unknown	TMT/iTRAQ/SILAC	Orbitrap Fusion Lumos;Q Exactive	yes	yes	SDRF.csv	moderate	24	ms-proteomics;plants	none_in_pride	no	deposited: SDRF.csv
PXD059544	include	Submitter deposited an SDRF in PRIDE; import, validate, and improve	PRIDE https://www.ebi.ac.uk/pride/ws/archive/v3/projects/PXD059544; files/all n=32	Q0	6	Homo sapiens (human)	32	24	raw	DDA	unknown	Q Exactive HF	yes	yes	sdrf.tsv	moderate	24	ms-proteomics;human	none_in_pride	no	deposited: sdrf.tsv
PXD060293	include	Submitter deposited an SDRF in PRIDE; import, validate, and improve	PRIDE https://www.ebi.ac.uk/pride/ws/archive/v3/projects/PXD060293; files/all n=28	Q0	6	Arabidopsis thaliana (mouse-ear cress)	28	24	raw	DDA	unknown	Orbitrap Fusion Lumos	yes	yes	sdrf.txt	moderate	24	ms-proteomics;plants	none_in_pride	no	deposited: sdrf.txt
PXD066494	include	Submitter deposited an SDRF in PRIDE; import, validate, and improve	PRIDE https://www.ebi.ac.uk/pride/ws/archive/v3/projects/PXD066494; files/all n=56	Q0	6	Homo sapiens (human)	56	24	raw	DDA	unknown	Orbitrap Eclipse	yes	yes	BMPR2-SDRF.tsv.txt	moderate	24	ms-proteomics;human	none_in_pride	no	deposited: BMPR2-SDRF.tsv.txt
PXD067072	include	Submitter deposited an SDRF in PRIDE; import, validate, and improve	PRIDE https://www.ebi.ac.uk/pride/ws/archive/v3/projects/PXD067072; files/all n=74	Q0	6	Zea mays (maize)	74	24	raw	unknown	unknown	Q Exactive HF	yes	yes	sdrf-maize.tsv	moderate	24	ms-proteomics;plants	none_in_pride	no	deposited: sdrf-maize.tsv
PXD079334	include	Submitter deposited an SDRF in PRIDE; import, validate, and improve	PRIDE https://www.ebi.ac.uk/pride/ws/archive/v3/projects/PXD079334; files/all n=28	Q0	6	Homo sapiens (human)	28	24	raw	DDA	TMT/iTRAQ/SILAC	Orbitrap Ascend	yes	yes	SDRF_SanteTMTpro_exp2_v4.tsv	moderate	24	ms-proteomics;human	none_in_pride	no	deposited: SDRF_SanteTMTpro_exp2_v4.tsv
PXD047338	include	Submitter deposited an SDRF in PRIDE; import, validate, and improve	PRIDE https://www.ebi.ac.uk/pride/ws/archive/v3/projects/PXD047338; files/all n=63	Q0	6	Homo sapiens (human)	63	28	d.zip	unknown	LFQ	timsTOF Pro 2	yes	yes	SDRF_persulfidation.tsv;SDRF_Totalproteome.tsv	moderate	28	ms-proteomics;human	none_in_pride	no	deposited: SDRF_persulfidation.tsv;SDRF_Totalproteome.tsv
PXD034537	include	Submitter deposited an SDRF in PRIDE; import, validate, and improve	PRIDE https://www.ebi.ac.uk/pride/ws/archive/v3/projects/PXD034537; files/all n=37	Q0	6	Mus musculus (mouse)	37	30	raw	unknown	LFQ	Orbitrap Fusion Lumos	yes	yes	SDRF_Fig4.xlsx	moderate	30	ms-proteomics;vertebrates	none_in_pride	no	deposited: SDRF_Fig4.xlsx
PXD049360	include	Submitter deposited an SDRF in PRIDE; import, validate, and improve	PRIDE https://www.ebi.ac.uk/pride/ws/archive/v3/projects/PXD049360; files/all n=39	Q0	6	Drosophila melanogaster (fruit fly)	39	30	raw	unknown	LFQ	Q Exactive	yes	yes	sdrf.tsv	moderate	30	ms-proteomics;invertebrates	none_in_pride	no	deposited: sdrf.tsv
PXD038305	include	Submitter deposited an SDRF in PRIDE; import, validate, and improve	PRIDE https://www.ebi.ac.uk/pride/ws/archive/v3/projects/PXD038305; files/all n=535	Q0	6	Mus musculus (mouse)	535	35	raw	unknown	LFQ	Orbitrap Fusion Lumos	yes	yes	sdrf.tsv	moderate	35	ms-proteomics;vertebrates	none_in_pride	no	deposited: sdrf.tsv
PXD038703	include	Submitter deposited an SDRF in PRIDE; import, validate, and improve	PRIDE https://www.ebi.ac.uk/pride/ws/archive/v3/projects/PXD038703; files/all n=112	Q0	6	Mus musculus (mouse)	112	37	raw	unknown	LFQ	LTQ Orbitrap Velos	yes	yes	SDRF.tsv	moderate	37	ms-proteomics;vertebrates	none_in_pride	no	deposited: SDRF.tsv
PXD030403	include	Submitter deposited an SDRF in PRIDE; import, validate, and improve	PRIDE https://www.ebi.ac.uk/pride/ws/archive/v3/projects/PXD030403; files/all n=45	Q0	6	Homo sapiens (human)	45	42	raw	unknown	LFQ	LTQ Orbitrap	yes	yes	SDRF.txt	moderate	42	ms-proteomics;human	none_in_pride	no	deposited: SDRF.txt
PXD049795	include	Submitter deposited an SDRF in PRIDE; import, validate, and improve	PRIDE https://www.ebi.ac.uk/pride/ws/archive/v3/projects/PXD049795; files/all n=29	Q0	5	Homo sapiens (human)	29	25	raw	DDA	TMT/iTRAQ/SILAC	Orbitrap Fusion Lumos	yes	yes	sdrf_metadata.xlsx	moderate	25	ms-proteomics;human	none_in_pride	no	deposited: sdrf_metadata.xlsx
PXD069094	include	Submitter deposited an SDRF in PRIDE; import, validate, and improve	PRIDE https://www.ebi.ac.uk/pride/ws/archive/v3/projects/PXD069094; files/all n=28	Q0	5	Homo sapiens (human);Mus musculus (mouse)	28	25	d.zip;raw	DDA	unknown	ultraflex;Q Exactive HF	yes	yes	sdrf.tsv	moderate	25	ms-proteomics;cell-lines	none_in_pride	no	deposited: sdrf.tsv
PXD028554	include	Submitter deposited an SDRF in PRIDE; import, validate, and improve	PRIDE https://www.ebi.ac.uk/pride/ws/archive/v3/projects/PXD028554; files/all n=36	Q0	5	Mus musculus (mouse)	36	26	raw	DDA	TMT/iTRAQ/SILAC	Orbitrap Eclipse	yes	yes	SDRF_template_vertebrates_ProteomeXchange091321.csv	moderate	26	ms-proteomics;vertebrates	none_in_pride	no	deposited: SDRF_template_vertebrates_ProteomeXchange091321.csv
PXD030577	include	Submitter deposited an SDRF in PRIDE; import, validate, and improve	PRIDE https://www.ebi.ac.uk/pride/ws/archive/v3/projects/PXD030577; files/all n=33	Q0	5	Saccharomyces cerevisiae (baker's yeast);Homo sapiens (human)	33	27	raw	DDA	unknown	LTQ Orbitrap Velos	yes	yes	sdrf.tsv	moderate	27	ms-proteomics	none_in_pride	no	deposited: sdrf.tsv
PXD045898	include	Submitter deposited an SDRF in PRIDE; import, validate, and improve	PRIDE https://www.ebi.ac.uk/pride/ws/archive/v3/projects/PXD045898; files/all n=30	Q0	5	Homo sapiens (human)	30	27	raw	DDA	TMT/iTRAQ/SILAC	LTQ Orbitrap Velos	yes	yes	sdrf.tsv	moderate	27	ms-proteomics;human;cell-lines	none_in_pride	no	deposited: sdrf.tsv
PXD056428	include	Submitter deposited an SDRF in PRIDE; import, validate, and improve	PRIDE https://www.ebi.ac.uk/pride/ws/archive/v3/projects/PXD056428; files/all n=35	Q0	5	Homo sapiens (human)	35	27	raw	DDA	unknown	Q Exactive HF	yes	yes	SDRF.tsv	moderate	27	ms-proteomics;human	none_in_pride	no	deposited: SDRF.tsv
PXD056553	include	Submitter deposited an SDRF in PRIDE; import, validate, and improve	PRIDE https://www.ebi.ac.uk/pride/ws/archive/v3/projects/PXD056553; files/all n=34	Q0	5	Homo sapiens (human)	34	28	raw	unknown	TMT/iTRAQ/SILAC	Q Exactive HF-X;GCMS-QP2010SE	yes	yes	sdrf.tsv	moderate	28	ms-proteomics;human	none_in_pride	no	deposited: sdrf.tsv
PXD044191	include	Submitter deposited an SDRF in PRIDE; import, validate, and improve	PRIDE https://www.ebi.ac.uk/pride/ws/archive/v3/projects/PXD044191; files/all n=129	Q0	5	Clostridium botulinum str. langelan f	129	29	raw	DDA	unknown	LTQ Orbitrap Velos	yes	yes	SDRF.txt	moderate	29	ms-proteomics	none_in_pride	no	deposited: SDRF.txt
PXD059932	include	Submitter deposited an SDRF in PRIDE; import, validate, and improve	PRIDE https://www.ebi.ac.uk/pride/ws/archive/v3/projects/PXD059932; files/all n=121	Q0	5	Homo sapiens (human)	121	30	raw	DDA	unknown	Q Exactive	yes	yes	SDRF.txt	moderate	30	ms-proteomics;human	none_in_pride	no	deposited: SDRF.txt
PXD060699	include	Submitter deposited an SDRF in PRIDE; import, validate, and improve	PRIDE https://www.ebi.ac.uk/pride/ws/archive/v3/projects/PXD060699; files/all n=37	Q0	5	Pongo pygmaeus morio	37	31	raw	DDA	unknown	Q Exactive Plus	yes	yes	sdrf-vertebrates.txt	moderate	31	ms-proteomics	none_in_pride	no	deposited: sdrf-vertebrates.txt
PXD061178	include	Submitter deposited an SDRF in PRIDE; import, validate, and improve	PRIDE https://www.ebi.ac.uk/pride/ws/archive/v3/projects/PXD061178; files/all n=32	Q0	5	Homo sapiens (human)	32	31	d.zip;raw	DDA	unknown	timsTOF;Q Exactive HF	yes	yes	sdrf_backup.tsv	moderate	31	ms-proteomics;human;cell-lines	none_in_pride	no	deposited: sdrf_backup.tsv
PXD076216	include	Submitter deposited an SDRF in PRIDE; import, validate, and improve	PRIDE https://www.ebi.ac.uk/pride/ws/archive/v3/projects/PXD076216; files/all n=36	Q0	5	Homo sapiens (human)	36	31	raw	DDA	unknown	Q Exactive	yes	yes	sdrf.tsv	moderate	31	ms-proteomics;human	none_in_pride	no	deposited: sdrf.tsv
PXD067321	include	Submitter deposited an SDRF in PRIDE; import, validate, and improve	PRIDE https://www.ebi.ac.uk/pride/ws/archive/v3/projects/PXD067321; files/all n=38	Q0	5	Haemonchus contortus (barber pole worm)	38	32	raw	DDA	TMT/iTRAQ/SILAC	Q Exactive HF	yes	yes	SDRF.tsv	moderate	32	ms-proteomics	none_in_pride	no	deposited: SDRF.tsv
PXD036886	include	Submitter deposited an SDRF in PRIDE; import, validate, and improve	PRIDE https://www.ebi.ac.uk/pride/ws/archive/v3/projects/PXD036886; files/all n=42	Q0	5	Homo sapiens (human)	42	36	raw	DDA	TMT/iTRAQ/SILAC	Q Exactive HF	yes	yes	sdrf.tsv	moderate	36	ms-proteomics;human	none_in_pride	no	deposited: sdrf.tsv
PXD038539	include	Submitter deposited an SDRF in PRIDE; import, validate, and improve	PRIDE https://www.ebi.ac.uk/pride/ws/archive/v3/projects/PXD038539; files/all n=45	Q0	5	Marine metagenome	45	36	raw	unknown	unknown	Q Exactive HF	yes	yes	SDRF_PXD020692.tsv	moderate	36	ms-proteomics	none_in_pride	no	deposited: SDRF_PXD020692.tsv
PXD045527	include	Submitter deposited an SDRF in PRIDE; import, validate, and improve	PRIDE https://www.ebi.ac.uk/pride/ws/archive/v3/projects/PXD045527; files/all n=113	Q0	5	Drosophila melanogaster (fruit fly)	113	36	raw	unknown	unknown	Q Exactive	yes	yes	SDRF-file.xlsx	moderate	36	ms-proteomics;invertebrates	none_in_pride	no	deposited: SDRF-file.xlsx
PXD058012	include	Submitter deposited an SDRF in PRIDE; import, validate, and improve	PRIDE https://www.ebi.ac.uk/pride/ws/archive/v3/projects/PXD058012; files/all n=57	Q0	5	Cavia porcellus (guinea pig)	57	36	raw	DDA	TMT/iTRAQ/SILAC	LTQ Orbitrap Elite	yes	yes	SDRF_P38.xlsx	moderate	36	ms-proteomics	none_in_pride	no	deposited: SDRF_P38.xlsx
PXD067415	include	Submitter deposited an SDRF in PRIDE; import, validate, and improve	PRIDE https://www.ebi.ac.uk/pride/ws/archive/v3/projects/PXD067415; files/all n=47	Q0	5	Homo sapiens (human)	47	36	raw	unknown	TMT/iTRAQ/SILAC	Orbitrap Fusion;Q Exactive HF	yes	yes	experiment-2-sdrf.tsv;experiment-1-sdrf.tsv	moderate	36	ms-proteomics;human	none_in_pride	no	deposited: experiment-2-sdrf.tsv;experiment-1-sdrf.tsv
PXD073555	include	Submitter deposited an SDRF in PRIDE; import, validate, and improve	PRIDE https://www.ebi.ac.uk/pride/ws/archive/v3/projects/PXD073555; files/all n=39	Q0	5	Homo sapiens (human)	39	36	raw	DDA	TMT/iTRAQ/SILAC	LTQ Orbitrap Elite	yes	yes	sdrf-cell-line.tsv	moderate	36	ms-proteomics;human	none_in_pride	no	deposited: sdrf-cell-line.tsv
PXD069194	include	Submitter deposited an SDRF in PRIDE; import, validate, and improve	PRIDE https://www.ebi.ac.uk/pride/ws/archive/v3/projects/PXD069194; files/all n=113	Q0	5	Homo sapiens (human)	113	37	raw	unknown	TMT/iTRAQ/SILAC	Q Exactive	yes	yes	SDRF.sdrf.tsv	moderate	37	ms-proteomics;human	none_in_pride	no	deposited: SDRF.sdrf.tsv
PXD036465	include	Submitter deposited an SDRF in PRIDE; import, validate, and improve	PRIDE https://www.ebi.ac.uk/pride/ws/archive/v3/projects/PXD036465; files/all n=42	Q0	5	Homo sapiens (human)	42	38	raw	DDA	unknown	Orbitrap Exploris 480	yes	yes	sdrf.tsv	moderate	38	ms-proteomics;human	none_in_pride	no	deposited: sdrf.tsv
PXD053196	include	Submitter deposited an SDRF in PRIDE; import, validate, and improve	PRIDE https://www.ebi.ac.uk/pride/ws/archive/v3/projects/PXD053196; files/all n=196	Q0	5	Homo sapiens (human)	196	38	raw	unknown	unknown	LTQ Orbitrap Elite	yes	yes	PXD002171.sdrf.tsv	moderate	38	ms-proteomics;human	none_in_pride	no	deposited: PXD002171.sdrf.tsv
PXD050222	include	Submitter deposited an SDRF in PRIDE; import, validate, and improve	PRIDE https://www.ebi.ac.uk/pride/ws/archive/v3/projects/PXD050222; files/all n=42	Q0	5	Mus musculus (mouse)	42	40	raw	unknown	unknown	Orbitrap Fusion Lumos	yes	yes	sdrf-vertebrates.tsv	moderate	40	ms-proteomics;vertebrates	none_in_pride	no	deposited: sdrf-vertebrates.tsv
PXD036295	include	Submitter deposited an SDRF in PRIDE; import, validate, and improve	PRIDE https://www.ebi.ac.uk/pride/ws/archive/v3/projects/PXD036295; files/all n=134	Q0	5	Mus musculus (mouse)	134	44	raw	unknown	unknown	LTQ Orbitrap Velos	yes	yes	SDRF.tsv	moderate	44	ms-proteomics;vertebrates	none_in_pride	no	deposited: SDRF.tsv
PXD048132	include	Submitter deposited an SDRF in PRIDE; import, validate, and improve	PRIDE https://www.ebi.ac.uk/pride/ws/archive/v3/projects/PXD048132; files/all n=55	Q0	5	Oryza sativa (rice)	55	44	raw	unknown	TMT/iTRAQ/SILAC	Orbitrap Fusion Lumos;Q Exactive	yes	yes	SDRF.csv	moderate	44	ms-proteomics;plants	none_in_pride	no	deposited: SDRF.csv
PXD050418	include	Submitter deposited an SDRF in PRIDE; import, validate, and improve	PRIDE https://www.ebi.ac.uk/pride/ws/archive/v3/projects/PXD050418; files/all n=93	Q0	5	Colwellia psychrerythraea 34h	93	45	raw	DDA	unknown	Q Exactive HF	yes	yes	sdrf-Perchlorate-Cp34H.txt	moderate	45	ms-proteomics	none_in_pride	no	deposited: sdrf-Perchlorate-Cp34H.txt
PXD055488	include	Submitter deposited an SDRF in PRIDE; import, validate, and improve	PRIDE https://www.ebi.ac.uk/pride/ws/archive/v3/projects/PXD055488; files/all n=90	Q0	5	Caenorhabditis elegans	90	46	raw	DDA	unknown	Orbitrap Exploris 480	yes	yes	sdrf.tsv	moderate	46	ms-proteomics;invertebrates	none_in_pride	no	deposited: sdrf.tsv
PXD020041	include	Submitter deposited an SDRF in PRIDE; import, validate, and improve	PRIDE https://www.ebi.ac.uk/pride/ws/archive/v3/projects/PXD020041; files/all n=51	Q0	5	Mus musculus (mouse)	51	48	raw	DDA	TMT/iTRAQ/SILAC	Orbitrap Fusion	yes	yes	sdrf.tsv	moderate	48	ms-proteomics;vertebrates	none_in_pride	no	deposited: sdrf.tsv
PXD031188	include	Submitter deposited an SDRF in PRIDE; import, validate, and improve	PRIDE https://www.ebi.ac.uk/pride/ws/archive/v3/projects/PXD031188; files/all n=51	Q0	5	Homo sapiens (human)	51	48	raw	DDA	unknown	Orbitrap Fusion	yes	yes	SDRF_File.txt	moderate	48	ms-proteomics;human	none_in_pride	no	deposited: SDRF_File.txt
PXD071225	include	Submitter deposited an SDRF in PRIDE; import, validate, and improve	PRIDE https://www.ebi.ac.uk/pride/ws/archive/v3/projects/PXD071225; files/all n=52	Q0	5	Homo sapiens (human)	52	48	raw	DDA	TMT/iTRAQ/SILAC	Orbitrap Exploris 480	yes	yes	SDRF.txt	moderate	48	ms-proteomics;human	none_in_pride	no	deposited: SDRF.txt
PXD041463	include	Submitter deposited an SDRF in PRIDE; import, validate, and improve	PRIDE https://www.ebi.ac.uk/pride/ws/archive/v3/projects/PXD041463; files/all n=156	Q0	5	Mus musculus (mouse)	156	49	raw	DDA	LFQ	Q Exactive HF-X	yes	yes	sdrf.tsv	hard	49	ms-proteomics;vertebrates	none_in_pride	no	deposited: sdrf.tsv
PXD058915	include	Submitter deposited an SDRF in PRIDE; import, validate, and improve	PRIDE https://www.ebi.ac.uk/pride/ws/archive/v3/projects/PXD058915; files/all n=52	Q0	5	Homo sapiens (human)	52	49	raw	DIA	LFQ	Orbitrap Exploris 480	yes	yes	SDRF_HDF_repregrammed_DCs_DIA.txt	hard	49	ms-proteomics;human;dia-acquisition	none_in_pride	no	deposited: SDRF_HDF_repregrammed_DCs_DIA.txt
PXD060584	include	Submitter deposited an SDRF in PRIDE; import, validate, and improve	PRIDE https://www.ebi.ac.uk/pride/ws/archive/v3/projects/PXD060584; files/all n=57	Q0	5	Equus caballus (horse)	57	51	d.zip	DIA	LFQ	timsTOF SCP	yes	yes	SDRF_CAPA-IVM.sdrf.tsv	hard	51	ms-proteomics;dia-acquisition	none_in_pride	no	deposited: SDRF_CAPA-IVM.sdrf.tsv
PXD061667	include	Submitter deposited an SDRF in PRIDE; import, validate, and improve	PRIDE https://www.ebi.ac.uk/pride/ws/archive/v3/projects/PXD061667; files/all n=177	Q0	5	Homo sapiens (human)	177	52	raw	DDA	LFQ	Orbitrap Eclipse	yes	yes	sdrf.tsv	hard	52	ms-proteomics;human	none_in_pride	no	deposited: sdrf.tsv
PXD042829	include	Submitter deposited an SDRF in PRIDE; import, validate, and improve	PRIDE https://www.ebi.ac.uk/pride/ws/archive/v3/projects/PXD042829; files/all n=59	Q0	5	Homo sapiens (human);Hiv-1 vector pnl4-3	59	53	raw	DDA	LFQ	Q Exactive	yes	yes	sdrf.tsv	hard	53	ms-proteomics	none_in_pride	no	deposited: sdrf.tsv
PXD066206	include	Submitter deposited an SDRF in PRIDE; import, validate, and improve	PRIDE https://www.ebi.ac.uk/pride/ws/archive/v3/projects/PXD066206; files/all n=65	Q0	5	Homo sapiens (human)	65	54	raw	DDA	LFQ	Orbitrap Fusion Lumos	yes	yes	sdrf_Milcamps_et_al.docx	hard	54	ms-proteomics;human	none_in_pride	no	deposited: sdrf_Milcamps_et_al.docx
PXD069191	include	Submitter deposited an SDRF in PRIDE; import, validate, and improve	PRIDE https://www.ebi.ac.uk/pride/ws/archive/v3/projects/PXD069191; files/all n=59	Q0	5	Mus musculus (mouse)	59	54	d.zip	DIA	LFQ	timsTOF Pro	yes	yes	sample_description.sdrf.txt	hard	54	ms-proteomics;vertebrates;dia-acquisition	none_in_pride	no	deposited: sample_description.sdrf.txt
PXD069669	include	Submitter deposited an SDRF in PRIDE; import, validate, and improve	PRIDE https://www.ebi.ac.uk/pride/ws/archive/v3/projects/PXD069669; files/all n=168	Q0	5	Homo sapiens (human)	168	55	raw	DDA	LFQ	LTQ Velos	yes	yes	SDRF.tsv	hard	55	ms-proteomics;human	none_in_pride	no	deposited: SDRF.tsv
PXD059428	include	Submitter deposited an SDRF in PRIDE; import, validate, and improve	PRIDE https://www.ebi.ac.uk/pride/ws/archive/v3/projects/PXD059428; files/all n=65	Q0	5	Homo sapiens (human)	65	56	raw	DDA	LFQ	Proteome Discoverer;Q Exactive HF	yes	yes	PXD059428.sdrf.tsv	hard	56	ms-proteomics;human	none_in_pride	no	deposited: PXD059428.sdrf.tsv
PXD037654	include	Submitter deposited an SDRF in PRIDE; import, validate, and improve	PRIDE https://www.ebi.ac.uk/pride/ws/archive/v3/projects/PXD037654; files/all n=61	Q0	5	Homo sapiens (human)	61	57	raw	DDA	LFQ	Orbitrap Exploris 480	yes	yes	SDRF_cervical_mucus.tsv	hard	57	ms-proteomics;human	none_in_pride	no	deposited: SDRF_cervical_mucus.tsv
PXD024905	include	Submitter deposited an SDRF in PRIDE; import, validate, and improve	PRIDE https://www.ebi.ac.uk/pride/ws/archive/v3/projects/PXD024905; files/all n=64	Q0	5	Synechocystis sp. pcc 6803	64	60	raw	DDA	LFQ	LTQ Orbitrap XL	yes	yes	SDRF.tsv	hard	60	ms-proteomics	none_in_pride	no	deposited: SDRF.tsv
PXD033891	include	Submitter deposited an SDRF in PRIDE; import, validate, and improve	PRIDE https://www.ebi.ac.uk/pride/ws/archive/v3/projects/PXD033891; files/all n=63	Q0	5	Mus musculus (mouse)	63	60	raw	DIA	LFQ	Q Exactive HF	yes	yes	SDRF.tsv	hard	60	ms-proteomics;vertebrates;dia-acquisition	none_in_pride	no	deposited: SDRF.tsv
PXD065321	include	Submitter deposited an SDRF in PRIDE; import, validate, and improve	PRIDE https://www.ebi.ac.uk/pride/ws/archive/v3/projects/PXD065321; files/all n=64	Q0	5	Pseudomonas aeruginosa pao1;Homo sapiens (human)	64	60	raw	DIA	LFQ	Orbitrap Exploris 240	yes	yes	SDRF.sdrf.tsv	hard	60	ms-proteomics;dia-acquisition	none_in_pride	no	deposited: SDRF.sdrf.tsv
PXD067759	include	Submitter deposited an SDRF in PRIDE; import, validate, and improve	PRIDE https://www.ebi.ac.uk/pride/ws/archive/v3/projects/PXD067759; files/all n=63	Q0	5	Homo sapiens (human)	63	60	raw	DDA	LFQ	Orbitrap Eclipse	yes	yes	sdrf.csv	hard	60	ms-proteomics;human	none_in_pride	no	deposited: sdrf.csv
PXD073022	include	Submitter deposited an SDRF in PRIDE; import, validate, and improve	PRIDE https://www.ebi.ac.uk/pride/ws/archive/v3/projects/PXD073022; files/all n=72	Q0	5	Pseudomonas taiwanensis;Microbacterium ginsengisoli;Pseudomonas canadensis	72	60	raw	DDA	LFQ	Orbitrap Fusion	yes	yes	DEP.sdrf.tsv	hard	60	ms-proteomics	none_in_pride	no	deposited: DEP.sdrf.tsv
PXD056037	include	Submitter deposited an SDRF in PRIDE; import, validate, and improve	PRIDE https://www.ebi.ac.uk/pride/ws/archive/v3/projects/PXD056037; files/all n=69	Q0	5	Homo sapiens (human);Mus musculus (mouse)	69	63	raw	DIA	LFQ	Orbitrap Exploris 480	yes	yes	sdrf.txt	hard	63	ms-proteomics;dia-acquisition	none_in_pride	no	deposited: sdrf.txt
PXD053049	include	Submitter deposited an SDRF in PRIDE; import, validate, and improve	PRIDE https://www.ebi.ac.uk/pride/ws/archive/v3/projects/PXD053049; files/all n=67	Q0	5	Drosophila melanogaster (fruit fly);Drosophila persimilis;Drosophila simulans;Drosophila virilis;Drosophila erecta	67	64	d.zip	DIA	LFQ	timsTOF Pro	yes	yes	SDRF.txt	hard	64	ms-proteomics;dia-acquisition	none_in_pride	no	deposited: SDRF.txt
PXD067562	include	Submitter deposited an SDRF in PRIDE; import, validate, and improve	PRIDE https://www.ebi.ac.uk/pride/ws/archive/v3/projects/PXD067562; files/all n=79	Q0	5	Homo sapiens (human)	79	64	raw	DDA	LFQ	Orbitrap Fusion Lumos	yes	yes	sdrf.tsv	hard	64	ms-proteomics;human	none_in_pride	no	deposited: sdrf.tsv
PXD045733	include	Submitter deposited an SDRF in PRIDE; import, validate, and improve	PRIDE https://www.ebi.ac.uk/pride/ws/archive/v3/projects/PXD045733; files/all n=180	Q0	5	Homo sapiens (human)	180	66	raw	DDA	LFQ	Q Exactive HF	yes	yes	sdrf.tsv	hard	66	ms-proteomics;human	none_in_pride	no	deposited: sdrf.tsv
PXD055544	include	Submitter deposited an SDRF in PRIDE; import, validate, and improve	PRIDE https://www.ebi.ac.uk/pride/ws/archive/v3/projects/PXD055544; files/all n=88	Q0	5	Homo sapiens (human)	88	66	d.zip;raw	DDA	LFQ	Orbitrap Fusion Lumos;timsTOF;Q Exactive HF	yes	yes	sdrf.tsv	hard	66	ms-proteomics;human	none_in_pride	no	deposited: sdrf.tsv
PXD057661	include	Submitter deposited an SDRF in PRIDE; import, validate, and improve	PRIDE https://www.ebi.ac.uk/pride/ws/archive/v3/projects/PXD057661; files/all n=274	Q0	5	Homo sapiens (human)	274	68	raw	DDA	LFQ	Orbitrap Fusion	yes	yes	SDRF_Serum_Proteomics.txt	hard	68	ms-proteomics;human	none_in_pride	no	deposited: SDRF_Serum_Proteomics.txt
PXD060267	include	Submitter deposited an SDRF in PRIDE; import, validate, and improve	PRIDE https://www.ebi.ac.uk/pride/ws/archive/v3/projects/PXD060267; files/all n=74	Q0	5	Mus musculus (mouse)	74	71	d.zip	DIA	LFQ	timsTOF Pro 2	yes	yes	2023_50_Y_Zuehlke_SDRF.tsv	hard	71	ms-proteomics;vertebrates;dia-acquisition	none_in_pride	no	deposited: 2023_50_Y_Zuehlke_SDRF.tsv
PXD056077	include	Submitter deposited an SDRF in PRIDE; import, validate, and improve	PRIDE https://www.ebi.ac.uk/pride/ws/archive/v3/projects/PXD056077; files/all n=153	Q0	5	Homo sapiens (human)	153	72	raw	DDA	LFQ	Orbitrap Fusion Lumos	yes	yes	sdrf_new.tsv;sdrf.tsv	hard	72	ms-proteomics;human	none_in_pride	no	deposited: sdrf_new.tsv;sdrf.tsv
PXD066944	include	Submitter deposited an SDRF in PRIDE; import, validate, and improve	PRIDE https://www.ebi.ac.uk/pride/ws/archive/v3/projects/PXD066944; files/all n=83	Q0	5	Homo sapiens (human)	83	72	raw	DIA	LFQ	Orbitrap Astral Zoom;Orbitrap Astral	yes	yes	TEMP_sdrf-dda-dia.sdrf.xlsx	hard	72	ms-proteomics;human;dia-acquisition;cell-lines	none_in_pride	no	deposited: TEMP_sdrf-dda-dia.sdrf.xlsx
PXD066925	include	Submitter deposited an SDRF in PRIDE; import, validate, and improve	PRIDE https://www.ebi.ac.uk/pride/ws/archive/v3/projects/PXD066925; files/all n=77	Q0	5	Homo sapiens (human)	77	75	raw	DIA	LFQ	Orbitrap Astral Zoom;Orbitrap Astral	yes	yes	sdrf-90SPD.sdrf.xlsx	hard	75	ms-proteomics;human;dia-acquisition;cell-lines	none_in_pride	no	deposited: sdrf-90SPD.sdrf.xlsx
PXD045353	include	Submitter deposited an SDRF in PRIDE; import, validate, and improve	PRIDE https://www.ebi.ac.uk/pride/ws/archive/v3/projects/PXD045353; files/all n=98	Q0	5	Mus musculus (mouse)	98	76	raw	DIA	LFQ	Orbitrap Eclipse	yes	yes	SDRF.txt	hard	76	ms-proteomics;vertebrates;dia-acquisition	none_in_pride	no	deposited: SDRF.txt
PXD043297	include	Submitter deposited an SDRF in PRIDE; import, validate, and improve	PRIDE https://www.ebi.ac.uk/pride/ws/archive/v3/projects/PXD043297; files/all n=1106	Q0	5	Mus musculus (mouse)	1106	77	raw	DDA	LFQ	Q Exactive HF-X	yes	yes	sdrf.tsv	hard	77	ms-proteomics;vertebrates	none_in_pride	no	deposited: sdrf.tsv
PXD024819	include	Submitter deposited an SDRF in PRIDE; import, validate, and improve	PRIDE https://www.ebi.ac.uk/pride/ws/archive/v3/projects/PXD024819; files/all n=245	Q0	5	Cupriavidus necator (strain atcc 17699 / h16 / dsm 428 / stanier 337) (ralstonia eutropha)	245	79	raw	DDA	LFQ	Q Exactive HF	yes	yes	sdrf.tsv	hard	79	ms-proteomics	none_in_pride	no	deposited: sdrf.tsv
PXD054561	include	Submitter deposited an SDRF in PRIDE; import, validate, and improve	PRIDE https://www.ebi.ac.uk/pride/ws/archive/v3/projects/PXD054561; files/all n=84	Q0	5	Bos taurus (bovine)	84	79	d.zip;raw	DIA	LFQ	Orbitrap Exploris 240;timsTOF SCP	yes	yes	SDRF_Annotation.tsv	hard	79	ms-proteomics;vertebrates;dia-acquisition	none_in_pride	no	deposited: SDRF_Annotation.tsv
PXD042423	include	Submitter deposited an SDRF in PRIDE; import, validate, and improve	PRIDE https://www.ebi.ac.uk/pride/ws/archive/v3/projects/PXD042423; files/all n=86	Q0	5	Mus musculus (mouse)	86	80	raw	DDA	LFQ	Orbitrap Fusion Lumos	yes	yes	sdrf.pdf	hard	80	ms-proteomics;vertebrates	none_in_pride	no	deposited: sdrf.pdf
PXD053256	include	Submitter deposited an SDRF in PRIDE; import, validate, and improve	PRIDE https://www.ebi.ac.uk/pride/ws/archive/v3/projects/PXD053256; files/all n=83	Q0	5	Homo sapiens (human);Mus musculus (mouse)	83	81	d.zip;raw	DDA	LFQ	Orbitrap Fusion Lumos;Q Exactive HF	yes	yes	sdrf.tsv	hard	81	ms-proteomics	none_in_pride	no	deposited: sdrf.tsv
PXD071205	include	Submitter deposited an SDRF in PRIDE; import, validate, and improve	PRIDE https://www.ebi.ac.uk/pride/ws/archive/v3/projects/PXD071205; files/all n=86	Q0	5	Saccharomyces cerevisiae (baker's yeast);Escherichia coli;Homo sapiens (human)	86	82	raw	DIA	LFQ	Orbitrap Astral	yes	yes	PXDAstral_Optimized.sdrf.tsv	hard	82	ms-proteomics;dia-acquisition	none_in_pride	no	deposited: PXDAstral_Optimized.sdrf.tsv
PXD054879	include	Submitter deposited an SDRF in PRIDE; import, validate, and improve	PRIDE https://www.ebi.ac.uk/pride/ws/archive/v3/projects/PXD054879; files/all n=86	Q0	5	Mus musculus (mouse)	86	84	raw	DIA	LFQ	Orbitrap Fusion Lumos	yes	yes	PRIDE-SDRF.zip	hard	84	ms-proteomics;vertebrates;dia-acquisition	none_in_pride	no	deposited: PRIDE-SDRF.zip
PXD050202	include	Submitter deposited an SDRF in PRIDE; import, validate, and improve	PRIDE https://www.ebi.ac.uk/pride/ws/archive/v3/projects/PXD050202; files/all n=183	Q0	5	Homo sapiens (human)	183	87	wiff	DIA	LFQ	ZenoTOF 7600	yes	yes	SDRF.txt	hard	87	ms-proteomics;human;dia-acquisition	none_in_pride	no	deposited: SDRF.txt
PXD034438	include	Submitter deposited an SDRF in PRIDE; import, validate, and improve	PRIDE https://www.ebi.ac.uk/pride/ws/archive/v3/projects/PXD034438; files/all n=279	Q0	5	Rattus norvegicus (rat);Mus musculus (mouse)	279	90	wiff	DIA	LFQ	TripleTOF 6600	yes	yes	sdrf.tsv	hard	90	ms-proteomics;dia-acquisition	none_in_pride	no	deposited: sdrf.tsv
PXD076825	include	Submitter deposited an SDRF in PRIDE; import, validate, and improve	PRIDE https://www.ebi.ac.uk/pride/ws/archive/v3/projects/PXD076825; files/all n=201	Q0	5	Mus musculus (mouse)	201	90	raw	DIA	LFQ	quadrupole orbitrap astral instrument	yes	yes	SDRF.xlsx	hard	90	ms-proteomics;vertebrates;dia-acquisition	none_in_pride	no	deposited: SDRF.xlsx
PXD053131	include	Submitter deposited an SDRF in PRIDE; import, validate, and improve	PRIDE https://www.ebi.ac.uk/pride/ws/archive/v3/projects/PXD053131; files/all n=107	Q0	5	Zea mays (maize)	107	92	raw	DDA	LFQ	LTQ Orbitrap Elite	yes	yes	sdrf-cornCW.tsv	hard	92	ms-proteomics;plants	none_in_pride	no	deposited: sdrf-cornCW.tsv
PXD049016	include	Submitter deposited an SDRF in PRIDE; import, validate, and improve	PRIDE https://www.ebi.ac.uk/pride/ws/archive/v3/projects/PXD049016; files/all n=108	Q0	5	Homo sapiens (human)	108	98	raw	DIA	LFQ	Orbitrap Exploris 480	yes	yes	SDRF_Secretome_Phosphoproteome_THP1_KOPN8_DIA.txt	hard	98	ms-proteomics;human;dia-acquisition;cell-lines	none_in_pride	no	deposited: SDRF_Secretome_Phosphoproteome_THP1_KOPN8_DIA.txt
PXD069597	include	Submitter deposited an SDRF in PRIDE; import, validate, and improve	PRIDE https://www.ebi.ac.uk/pride/ws/archive/v3/projects/PXD069597; files/all n=103	Q0	5	Homo sapiens (human)	103	99	raw	DIA	LFQ	Q Exactive HF	yes	yes	sdrf_.txt	hard	99	ms-proteomics;human;dia-acquisition	none_in_pride	no	deposited: sdrf_.txt
PXD043108	include	Submitter deposited an SDRF in PRIDE; import, validate, and improve	PRIDE https://www.ebi.ac.uk/pride/ws/archive/v3/projects/PXD043108; files/all n=103	Q0	5	Mus musculus (mouse)	103	100	d.zip	DIA	LFQ	timsTOF Pro	yes	yes	SDRF.tsv	hard	100	ms-proteomics;vertebrates;dia-acquisition	none_in_pride	no	deposited: SDRF.tsv
PXD065346	include	Submitter deposited an SDRF in PRIDE; import, validate, and improve	PRIDE https://www.ebi.ac.uk/pride/ws/archive/v3/projects/PXD065346; files/all n=148	Q0	5	Peptoclostridium difficile (strain 630) (clostridium difficile)	148	104	raw	DIA	LFQ	LTQ Orbitrap Velos;Q Exactive	yes	yes	SDRF_File.txt	hard	104	ms-proteomics;dia-acquisition	none_in_pride	no	deposited: SDRF_File.txt
PXD038712	include	Submitter deposited an SDRF in PRIDE; import, validate, and improve	PRIDE https://www.ebi.ac.uk/pride/ws/archive/v3/projects/PXD038712; files/all n=326	Q0	5	Sparus aurata	326	108	raw	DDA	LFQ	Q Exactive	yes	yes	SDRF_FileSkinMucusShotgun.txt	hard	108	ms-proteomics	none_in_pride	no	deposited: SDRF_FileSkinMucusShotgun.txt
PXD049014	include	Submitter deposited an SDRF in PRIDE; import, validate, and improve	PRIDE https://www.ebi.ac.uk/pride/ws/archive/v3/projects/PXD049014; files/all n=122	Q0	5	Mus musculus (mouse)	122	114	raw	DIA	LFQ	Orbitrap Exploris 480	yes	yes	SDRF_Secretome_LMPPs_DIA.txt	hard	114	ms-proteomics;vertebrates;dia-acquisition	none_in_pride	no	deposited: SDRF_Secretome_LMPPs_DIA.txt
PXD047901	include	Submitter deposited an SDRF in PRIDE; import, validate, and improve	PRIDE https://www.ebi.ac.uk/pride/ws/archive/v3/projects/PXD047901; files/all n=294	Q0	5	Homo sapiens (human)	294	122	raw	DIA	LFQ	Orbitrap Exploris 240	yes	yes	SDRF_V2.xlsm	hard	122	ms-proteomics;human;dia-acquisition	none_in_pride	no	deposited: SDRF_V2.xlsm
PXD045661	include	Submitter deposited an SDRF in PRIDE; import, validate, and improve	PRIDE https://www.ebi.ac.uk/pride/ws/archive/v3/projects/PXD045661; files/all n=126	Q0	5	Homo sapiens (human)	126	123	raw	DIA	LFQ	Orbitrap Exploris 480	yes	yes	sdrf-default_ABN.tsv	hard	123	ms-proteomics;human;dia-acquisition	none_in_pride	no	deposited: sdrf-default_ABN.tsv
PXD061907	include	Submitter deposited an SDRF in PRIDE; import, validate, and improve	PRIDE https://www.ebi.ac.uk/pride/ws/archive/v3/projects/PXD061907; files/all n=372	Q0	5	Nepenthes alata	372	124	raw	DDA	LFQ	Q Exactive	yes	yes	sdrf.tsv	hard	124	ms-proteomics	none_in_pride	no	deposited: sdrf.tsv
PXD038367	include	Submitter deposited an SDRF in PRIDE; import, validate, and improve	PRIDE https://www.ebi.ac.uk/pride/ws/archive/v3/projects/PXD038367; files/all n=131	Q0	5	Saccharomyces cerevisiae (strain atcc 204508 / s288c) (baker's yeast)	131	128	raw	DIA	LFQ	Q Exactive HF-X	yes	yes	HFX_SPD.sdrf.tsv	hard	128	ms-proteomics;dia-acquisition	none_in_pride	no	deposited: HFX_SPD.sdrf.tsv
PXD066927	include	Submitter deposited an SDRF in PRIDE; import, validate, and improve	PRIDE https://www.ebi.ac.uk/pride/ws/archive/v3/projects/PXD066927; files/all n=140	Q0	5	Homo sapiens (human)	140	138	raw	DIA	LFQ	Orbitrap Astral	yes	yes	sdrf-titration.sdrf.xlsx	hard	138	ms-proteomics;human;dia-acquisition;cell-lines	none_in_pride	no	deposited: sdrf-titration.sdrf.xlsx
PXD066924	include	Submitter deposited an SDRF in PRIDE; import, validate, and improve	PRIDE https://www.ebi.ac.uk/pride/ws/archive/v3/projects/PXD066924; files/all n=143	Q0	5	Homo sapiens (human)	143	141	raw	DIA	LFQ	Orbitrap Astral Zoom;Orbitrap Astral	yes	yes	sdrf-titration.sdrf.xlsx	hard	141	ms-proteomics;human;dia-acquisition;cell-lines	none_in_pride	no	deposited: sdrf-titration.sdrf.xlsx
PXD059421	include	Submitter deposited an SDRF in PRIDE; import, validate, and improve	PRIDE https://www.ebi.ac.uk/pride/ws/archive/v3/projects/PXD059421; files/all n=156	Q0	5	Mus musculus (mouse)	156	144	raw	DIA	LFQ	Spectronaut;Q Exactive HF	yes	yes	PXD059421.sdrf.tsv	hard	144	ms-proteomics;vertebrates;dia-acquisition	none_in_pride	no	deposited: PXD059421.sdrf.tsv
PXD066724	include	Submitter deposited an SDRF in PRIDE; import, validate, and improve	PRIDE https://www.ebi.ac.uk/pride/ws/archive/v3/projects/PXD066724; files/all n=152	Q0	5	Homo sapiens (human)	152	150	d.7z	DIA	LFQ	Bruker Daltonics instrument model	yes	yes	metadata.sdrf.tsv	hard	150	ms-proteomics;human;dia-acquisition	none_in_pride	no	deposited: metadata.sdrf.tsv
PXD042850	include	Submitter deposited an SDRF in PRIDE; import, validate, and improve	PRIDE https://www.ebi.ac.uk/pride/ws/archive/v3/projects/PXD042850; files/all n=159	Q0	5	Homo sapiens (human);Human immunodeficiency virus 1	159	156	raw	DIA	LFQ	Orbitrap Exploris 480	yes	yes	sdrf.tsv	hard	156	ms-proteomics;dia-acquisition	none_in_pride	no	deposited: sdrf.tsv
PXD049062	include	Submitter deposited an SDRF in PRIDE; import, validate, and improve	PRIDE https://www.ebi.ac.uk/pride/ws/archive/v3/projects/PXD049062; files/all n=1658	Q0	5	Rattus norvegicus (rat)	1658	159	raw	DIA	LFQ	Q Exactive HF	yes	yes	Depar_sdrf.tsv;5ExtractProt_sdrf.tsv	hard	159	ms-proteomics;vertebrates;dia-acquisition	none_in_pride	no	deposited: Depar_sdrf.tsv;5ExtractProt_sdrf.tsv
PXD066207	include	Submitter deposited an SDRF in PRIDE; import, validate, and improve	PRIDE https://www.ebi.ac.uk/pride/ws/archive/v3/projects/PXD066207; files/all n=171	Q0	5	Porphyromonas gingivalis (strain atcc baa-308 / w83)	171	165	raw	DDA	LFQ	LTQ Orbitrap Velos	yes	yes	sdrf.tsv	hard	165	ms-proteomics	none_in_pride	no	deposited: sdrf.tsv
PXD069101	include	Submitter deposited an SDRF in PRIDE; import, validate, and improve	PRIDE https://www.ebi.ac.uk/pride/ws/archive/v3/projects/PXD069101; files/all n=174	Q0	5	Saccharomyces cerevisiae (baker's yeast)	174	168	raw	DDA	LFQ	Orbitrap Fusion;TSQ Altis	yes	yes	sdrf.csv	hard	168	ms-proteomics	none_in_pride	no	deposited: sdrf.csv
PXD057946	include	Submitter deposited an SDRF in PRIDE; import, validate, and improve	PRIDE https://www.ebi.ac.uk/pride/ws/archive/v3/projects/PXD057946; files/all n=186	Q0	5	Homo sapiens (human)	186	184	d.zip	DIA	LFQ	timsTOF HT	yes	yes	SDRF.csv	hard	184	ms-proteomics;human;dia-acquisition	none_in_pride	no	deposited: SDRF.csv
PXD035909	include	Submitter deposited an SDRF in PRIDE; import, validate, and improve	PRIDE https://www.ebi.ac.uk/pride/ws/archive/v3/projects/PXD035909; files/all n=194	Q0	5	Saccharomyces cerevisiae (baker's yeast)	194	185	d.zip	DIA	LFQ	timsTOF Pro	yes	yes	SDRF.txt	hard	185	ms-proteomics;dia-acquisition	none_in_pride	no	deposited: SDRF.txt
PXD043476	include	Submitter deposited an SDRF in PRIDE; import, validate, and improve	PRIDE https://www.ebi.ac.uk/pride/ws/archive/v3/projects/PXD043476; files/all n=195	Q0	5	Homo sapiens (human)	195	189	raw	DDA	LFQ	Q Exactive HF-X;Q Exactive Plus	yes	yes	sdrf.tsv	hard	189	ms-proteomics;human	none_in_pride	no	deposited: sdrf.tsv
PXD036036	include	Submitter deposited an SDRF in PRIDE; import, validate, and improve	PRIDE https://www.ebi.ac.uk/pride/ws/archive/v3/projects/PXD036036; files/all n=209	Q0	5	Homo sapiens (human)	209	196	raw	DDA	LFQ	Orbitrap Fusion	yes	yes	SDRF-File_Sample-to-data-information.txt	hard	196	ms-proteomics;human	none_in_pride	no	deposited: SDRF-File_Sample-to-data-information.txt
PXD066659	include	Submitter deposited an SDRF in PRIDE; import, validate, and improve	PRIDE https://www.ebi.ac.uk/pride/ws/archive/v3/projects/PXD066659; files/all n=206	Q0	5	Homo sapiens (human)	206	199	raw	DIA	LFQ	Orbitrap Astral Zoom;Orbitrap Astral	yes	yes	sdrf-fractionation.sdrf.xlsx	hard	199	ms-proteomics;human;dia-acquisition	none_in_pride	no	deposited: sdrf-fractionation.sdrf.xlsx
PXD043300	include	Submitter deposited an SDRF in PRIDE; import, validate, and improve	PRIDE https://www.ebi.ac.uk/pride/ws/archive/v3/projects/PXD043300; files/all n=1363	Q0	5	Homo sapiens (human);Mus musculus (mouse)	1363	200	raw	DDA	LFQ	Q Exactive Plus	yes	yes	sdrf.tsv	hard	200	ms-proteomics	none_in_pride	no	deposited: sdrf.tsv
PXD041243	include	Submitter deposited an SDRF in PRIDE; import, validate, and improve	PRIDE https://www.ebi.ac.uk/pride/ws/archive/v3/projects/PXD041243; files/all n=212	Q0	5	Homo sapiens (human)	212	210	d.zip	DDA	LFQ	timsTOF Pro	yes	yes	SDRF-Proteomics.txt	hard	210	ms-proteomics;human	none_in_pride	no	deposited: SDRF-Proteomics.txt
PXD049054	include	Submitter deposited an SDRF in PRIDE; import, validate, and improve	PRIDE https://www.ebi.ac.uk/pride/ws/archive/v3/projects/PXD049054; files/all n=265	Q0	5	Mus musculus (mouse)	265	244	raw	DDA	LFQ	Q Exactive	yes	yes	sdrf.tsv	hard	244	ms-proteomics;vertebrates	none_in_pride	no	deposited: sdrf.tsv
PXD043497	include	Submitter deposited an SDRF in PRIDE; import, validate, and improve	PRIDE https://www.ebi.ac.uk/pride/ws/archive/v3/projects/PXD043497; files/all n=260	Q0	5	Homo sapiens (human)	260	258	raw	DDA	LFQ	Q Exactive	yes	yes	SDRF.xlsx	hard	258	ms-proteomics;human	none_in_pride	no	deposited: SDRF.xlsx
PXD070131	include	Submitter deposited an SDRF in PRIDE; import, validate, and improve	PRIDE https://www.ebi.ac.uk/pride/ws/archive/v3/projects/PXD070131; files/all n=786	Q0	5	Homo sapiens (human)	786	261	raw.zip	DIA	LFQ	Synapt MS	yes	yes	SDRF_Proteomis.txt	hard	261	ms-proteomics;human;dia-acquisition	none_in_pride	no	deposited: SDRF_Proteomis.txt
PXD027265	include	Submitter deposited an SDRF in PRIDE; import, validate, and improve	PRIDE https://www.ebi.ac.uk/pride/ws/archive/v3/projects/PXD027265; files/all n=282	Q0	5	Homo sapiens (human)	282	262	raw	DDA	LFQ	Q Exactive HF	yes	yes	SDRF_experimental_design_PRISMA.txt	hard	262	ms-proteomics;human	none_in_pride	no	deposited: SDRF_experimental_design_PRISMA.txt
PXD046372	include	Submitter deposited an SDRF in PRIDE; import, validate, and improve	PRIDE https://www.ebi.ac.uk/pride/ws/archive/v3/projects/PXD046372; files/all n=283	Q0	5	Homo sapiens (human)	283	278	raw	DIA	LFQ	Orbitrap Astral	yes	yes	SDRF_Astral_JVO_Fractionation.txt	hard	278	ms-proteomics;human;dia-acquisition;cell-lines	none_in_pride	no	deposited: SDRF_Astral_JVO_Fractionation.txt
PXD066686	include	Submitter deposited an SDRF in PRIDE; import, validate, and improve	PRIDE https://www.ebi.ac.uk/pride/ws/archive/v3/projects/PXD066686; files/all n=282	Q0	5	Homo sapiens (human)	282	279	raw	DIA	LFQ	Orbitrap Astral Zoom	yes	yes	sdrf-cell-line.sdrf.xlsx	hard	279	ms-proteomics;human;dia-acquisition;cell-lines	none_in_pride	no	deposited: sdrf-cell-line.sdrf.xlsx
PXD058422	include	Submitter deposited an SDRF in PRIDE; import, validate, and improve	PRIDE https://www.ebi.ac.uk/pride/ws/archive/v3/projects/PXD058422; files/all n=310	Q0	5	Escherichia coli	310	295	raw	DIA	LFQ	Orbitrap Eclipse	yes	yes	SDRF.csv	hard	295	ms-proteomics;dia-acquisition	none_in_pride	no	deposited: SDRF.csv
PXD046386	include	Submitter deposited an SDRF in PRIDE; import, validate, and improve	PRIDE https://www.ebi.ac.uk/pride/ws/archive/v3/projects/PXD046386; files/all n=320	Q0	5	Saccharomyces cerevisiae (baker's yeast)	320	318	raw	DIA	LFQ	Orbitrap Astral	yes	yes	SDRF_Astral_JVO_YeastKO.txt	hard	318	ms-proteomics;dia-acquisition;cell-lines	none_in_pride	no	deposited: SDRF_Astral_JVO_YeastKO.txt
PXD046417	include	Submitter deposited an SDRF in PRIDE; import, validate, and improve	PRIDE https://www.ebi.ac.uk/pride/ws/archive/v3/projects/PXD046417; files/all n=374	Q0	5	Homo sapiens (human)	374	371	raw	DIA	LFQ	Orbitrap Astral	yes	yes	SDRF_Astral_JVO_MSAvsCtrol_.txt	hard	371	ms-proteomics;human;dia-acquisition;cell-lines	none_in_pride	no	deposited: SDRF_Astral_JVO_MSAvsCtrol_.txt
PXD065289	include	Submitter deposited an SDRF in PRIDE; import, validate, and improve	PRIDE https://www.ebi.ac.uk/pride/ws/archive/v3/projects/PXD065289; files/all n=514	Q0	5	Escherichia coli;Homo sapiens (human);Arabidopsis thaliana (mouse-ear cress)	514	502	raw	DIA	LFQ	Orbitrap Exploris 480	yes	yes	sdrf.tsv	hard	502	ms-proteomics;dia-acquisition	none_in_pride	no	deposited: sdrf.tsv
PXD055472	include	Submitter deposited an SDRF in PRIDE; import, validate, and improve	PRIDE https://www.ebi.ac.uk/pride/ws/archive/v3/projects/PXD055472; files/all n=584	Q0	5	Homo sapiens (human)	584	581	d.zip	DIA	LFQ	timsTOF Pro 2	yes	yes	20240830_SDRF_Saliva_final.sdrf	hard	581	ms-proteomics;human;dia-acquisition	none_in_pride	no	deposited: 20240830_SDRF_Saliva_final.sdrf
PXD063253	include	Submitter deposited an SDRF in PRIDE; import, validate, and improve	PRIDE https://www.ebi.ac.uk/pride/ws/archive/v3/projects/PXD063253; files/all n=1377	Q0	5	Homo sapiens (human)	1377	589	raw	DDA	LFQ	Orbitrap Eclipse	yes	yes	SDRF.tsv	hard	589	ms-proteomics;human;cell-lines	none_in_pride	no	deposited: SDRF.tsv
PXD044412	include	Submitter deposited an SDRF in PRIDE; import, validate, and improve	PRIDE https://www.ebi.ac.uk/pride/ws/archive/v3/projects/PXD044412; files/all n=2001	Q0	5	Hydrogenophaga pseudoflava;Synechococcus elongatus (strain pcc 7942) (anacystis nidulans r2);Synechocystis sp. (strain pcc 6803 / kazusa);Cupriavidus necator (strain atcc 17699 / h16 / dsm 428 / stanier 337) (ralstonia eutropha);Bacteria	2001	761	raw	DIA	LFQ	Q Exactive HF	yes	yes	sdrf.csv	hard	761	ms-proteomics;dia-acquisition	none_in_pride	no	deposited: sdrf.csv
PXD046387	include	Submitter deposited an SDRF in PRIDE; import, validate, and improve	PRIDE https://www.ebi.ac.uk/pride/ws/archive/v3/projects/PXD046387; files/all n=900	Q0	5	Homo sapiens (human)	900	895	raw	DDA	LFQ	Q Exactive HF	yes	yes	sdrf.txt	hard	895	ms-proteomics;human	none_in_pride	no	deposited: sdrf.txt
PXD063370	include	Submitter deposited an SDRF in PRIDE; import, validate, and improve	PRIDE https://www.ebi.ac.uk/pride/ws/archive/v3/projects/PXD063370; files/all n=4167	Q0	5	Homo sapiens (human)	4167	2200	d.zip;raw	DIA	LFQ	Q Exactive HF;timsTOF Pro	yes	yes	sdrf_validated.txt	hard	2200	ms-proteomics;human;dia-acquisition	none_in_pride	no	deposited: sdrf_validated.txt
PXD048832	include	Submitter deposited an SDRF in PRIDE; import, validate, and improve	PRIDE https://www.ebi.ac.uk/pride/ws/archive/v3/projects/PXD048832; files/all n=156	Q0	4	Homo sapiens (human)	156	50	raw	unknown	LFQ	Q Exactive Plus	yes	yes	annotation_rev12.sdrf.txt	hard	50	ms-proteomics;human	none_in_pride	no	deposited: annotation_rev12.sdrf.txt
PXD045690	include	Submitter deposited an SDRF in PRIDE; import, validate, and improve	PRIDE https://www.ebi.ac.uk/pride/ws/archive/v3/projects/PXD045690; files/all n=128	Q0	4	Manihot esculenta (cassava) (jatropha manihot)	128	84	raw	unknown	LFQ	LTQ FT	yes	yes	sdrf-plants.tsv	hard	84	ms-proteomics	none_in_pride	no	deposited: sdrf-plants.tsv
PXD051103	include	Submitter deposited an SDRF in PRIDE; import, validate, and improve	PRIDE https://www.ebi.ac.uk/pride/ws/archive/v3/projects/PXD051103; files/all n=457	Q0	4	Salicornia bigelovii	457	144	raw	unknown	LFQ	Q Exactive	yes	yes	sdrf-Salicornia.tsv	hard	144	ms-proteomics	none_in_pride	no	deposited: sdrf-Salicornia.tsv
PXD066021	include	Submitter deposited an SDRF in PRIDE; import, validate, and improve	PRIDE https://www.ebi.ac.uk/pride/ws/archive/v3/projects/PXD066021; files/all n=381	Q0	4	Homo sapiens (human)	381	155	raw	unknown	LFQ	Orbitrap Eclipse	yes	yes	sdrf.tsv	hard	155	ms-proteomics;human	none_in_pride	no	deposited: sdrf.tsv
PXD068848	include	Submitter deposited an SDRF in PRIDE; import, validate, and improve	PRIDE https://www.ebi.ac.uk/pride/ws/archive/v3/projects/PXD068848; files/all n=100	Q0	3	Homo sapiens (human)	100	49	raw.zip	unknown	unknown	Synapt MS	yes	yes	sdrf-HDX-MS-sdrf.tsv	hard	49	ms-proteomics;human	none_in_pride	no	deposited: sdrf-HDX-MS-sdrf.tsv
PXD050173	include	Submitter deposited an SDRF in PRIDE; import, validate, and improve	PRIDE https://www.ebi.ac.uk/pride/ws/archive/v3/projects/PXD050173; files/all n=226	Q0	3	Homo sapiens (human)	226	50	wiff	DDA	unknown	ZenoTOF 7600	yes	yes	SDRF.txt	hard	50	ms-proteomics;human	none_in_pride	no	deposited: SDRF.txt
PXD056409	include	Submitter deposited an SDRF in PRIDE; import, validate, and improve	PRIDE https://www.ebi.ac.uk/pride/ws/archive/v3/projects/PXD056409; files/all n=273	Q0	3	Homo sapiens (human)	273	50	raw	DDA	unknown	Q Exactive HF	yes	yes	sdrf.tsv	hard	50	ms-proteomics;human	none_in_pride	no	deposited: sdrf.tsv
PXD054385	include	Submitter deposited an SDRF in PRIDE; import, validate, and improve	PRIDE https://www.ebi.ac.uk/pride/ws/archive/v3/projects/PXD054385; files/all n=54	Q0	3	Homo sapiens (human)	54	51	raw	DDA	unknown	Q Exactive Plus	yes	yes	SDRF.docx	hard	51	ms-proteomics;human	none_in_pride	no	deposited: SDRF.docx
PXD080181	include	Submitter deposited an SDRF in PRIDE; import, validate, and improve	PRIDE https://www.ebi.ac.uk/pride/ws/archive/v3/projects/PXD080181; files/all n=141	Q0	3	Mus musculus (mouse)	141	60	raw	DDA	unknown	LTQ Orbitrap Velos	yes	yes	sdrf.tsv	hard	60	ms-proteomics;vertebrates	none_in_pride	no	deposited: sdrf.tsv
PXD034604	include	Submitter deposited an SDRF in PRIDE; import, validate, and improve	PRIDE https://www.ebi.ac.uk/pride/ws/archive/v3/projects/PXD034604; files/all n=127	Q0	3	Homo sapiens (human)	127	63	raw	DDA	unknown	Orbitrap Fusion Lumos	yes	yes	SDRF_file.docx	hard	63	ms-proteomics;human	none_in_pride	no	deposited: SDRF_file.docx
PXD051206	include	Submitter deposited an SDRF in PRIDE; import, validate, and improve	PRIDE https://www.ebi.ac.uk/pride/ws/archive/v3/projects/PXD051206; files/all n=211	Q0	3	Homo sapiens (human)	211	70	raw	DDA	TMT/iTRAQ/SILAC	Orbitrap Eclipse	yes	yes	sdrf.tsv	hard	70	ms-proteomics;human;cell-lines	none_in_pride	no	deposited: sdrf.tsv
PXD057229	include	Submitter deposited an SDRF in PRIDE; import, validate, and improve	PRIDE https://www.ebi.ac.uk/pride/ws/archive/v3/projects/PXD057229; files/all n=83	Q0	3	Homo sapiens (human);Mus musculus (mouse)	83	72	raw	DDA	TMT/iTRAQ/SILAC	Orbitrap Fusion Lumos	yes	yes	sdrf.tsv	hard	72	ms-proteomics	none_in_pride	no	deposited: sdrf.tsv
PXD063660	include	Submitter deposited an SDRF in PRIDE; import, validate, and improve	PRIDE https://www.ebi.ac.uk/pride/ws/archive/v3/projects/PXD063660; files/all n=79	Q0	3	Homo sapiens (human)	79	72	raw	DDA	TMT/iTRAQ/SILAC	Q Exactive HF	yes	yes	sdrf.tsv	hard	72	ms-proteomics;human	none_in_pride	no	deposited: sdrf.tsv
PXD063662	include	Submitter deposited an SDRF in PRIDE; import, validate, and improve	PRIDE https://www.ebi.ac.uk/pride/ws/archive/v3/projects/PXD063662; files/all n=78	Q0	3	Homo sapiens (human)	78	72	raw	DDA	TMT/iTRAQ/SILAC	Q Exactive HF	yes	yes	sdrf.tsv	hard	72	ms-proteomics;human	none_in_pride	no	deposited: sdrf.tsv
PXD063666	include	Submitter deposited an SDRF in PRIDE; import, validate, and improve	PRIDE https://www.ebi.ac.uk/pride/ws/archive/v3/projects/PXD063666; files/all n=79	Q0	3	Homo sapiens (human)	79	72	raw	DDA	TMT/iTRAQ/SILAC	Q Exactive HF	yes	yes	sdrf.tsv	hard	72	ms-proteomics;human	none_in_pride	no	deposited: sdrf.tsv
PXD046286	include	Submitter deposited an SDRF in PRIDE; import, validate, and improve	PRIDE https://www.ebi.ac.uk/pride/ws/archive/v3/projects/PXD046286; files/all n=83	Q0	3	Homo sapiens (human)	83	75	raw	unknown	TMT/iTRAQ/SILAC	Orbitrap Fusion Lumos	yes	yes	sdrf.tsv	hard	75	ms-proteomics;human	none_in_pride	no	deposited: sdrf.tsv
PXD056281	include	Submitter deposited an SDRF in PRIDE; import, validate, and improve	PRIDE https://www.ebi.ac.uk/pride/ws/archive/v3/projects/PXD056281; files/all n=88	Q0	3	Homo sapiens (human)	88	81	raw	DDA	unknown	Q Exactive HF	yes	yes	sdrf.tsv	hard	81	ms-proteomics;human	none_in_pride	no	deposited: sdrf.tsv
PXD036790	include	Submitter deposited an SDRF in PRIDE; import, validate, and improve	PRIDE https://www.ebi.ac.uk/pride/ws/archive/v3/projects/PXD036790; files/all n=127	Q0	3	Campylobacter jejuni subsp. jejuni nctc 11168 = atcc 700819	127	87	raw	DDA	unknown	Orbitrap Fusion	yes	yes	sdrf-nonvertebrates.tsv	hard	87	ms-proteomics	none_in_pride	no	deposited: sdrf-nonvertebrates.tsv
PXD054412	include	Submitter deposited an SDRF in PRIDE; import, validate, and improve	PRIDE https://www.ebi.ac.uk/pride/ws/archive/v3/projects/PXD054412; files/all n=174	Q0	3	Homininae;Palaeoloxodon sp.;Suidae	174	98	raw	DDA	unknown	Orbitrap Exploris 480	yes	yes	sdrf-vertebrates.txt	hard	98	ms-proteomics	none_in_pride	no	deposited: sdrf-vertebrates.txt
PXD059930	include	Submitter deposited an SDRF in PRIDE; import, validate, and improve	PRIDE https://www.ebi.ac.uk/pride/ws/archive/v3/projects/PXD059930; files/all n=316	Q0	3	Blank sample;Salmo salar (atlantic salmon);Bos taurus (bovine);Beta vulgaris (sugar beet)	316	102	raw	DDA	unknown	Orbitrap Fusion	yes	yes	sdrf-CookExp.sdrf.tsv	hard	102	ms-proteomics	none_in_pride	no	deposited: sdrf-CookExp.sdrf.tsv
PXD034617	include	Submitter deposited an SDRF in PRIDE; import, validate, and improve	PRIDE https://www.ebi.ac.uk/pride/ws/archive/v3/projects/PXD034617; files/all n=145	Q0	3	Homo sapiens (human)	145	108	raw	unknown	unknown	Q Exactive HF	yes	yes	SDRF_PXD003791.tsv	hard	108	ms-proteomics;human	none_in_pride	no	deposited: SDRF_PXD003791.tsv
PXD060439	include	Submitter deposited an SDRF in PRIDE; import, validate, and improve	PRIDE https://www.ebi.ac.uk/pride/ws/archive/v3/projects/PXD060439; files/all n=122	Q0	3	Ovis aries	122	110	raw	unknown	unknown	Orbitrap Exploris 480	yes	yes	SDRF_sheep_feces.sdrf.txt	hard	110	ms-proteomics	none_in_pride	no	deposited: SDRF_sheep_feces.sdrf.txt
PXD040147	include	Submitter deposited an SDRF in PRIDE; import, validate, and improve	PRIDE https://www.ebi.ac.uk/pride/ws/archive/v3/projects/PXD040147; files/all n=116	Q0	3	Homo sapiens (human)	116	112	raw	unknown	unknown	Q Exactive HF	yes	yes	SDRF_File.csv	hard	112	ms-proteomics;human	none_in_pride	no	deposited: SDRF_File.csv
PXD067770	include	Submitter deposited an SDRF in PRIDE; import, validate, and improve	PRIDE https://www.ebi.ac.uk/pride/ws/archive/v3/projects/PXD067770; files/all n=122	Q0	3	Homo sapiens (human)	122	120	raw	unknown	unknown	LTQ Orbitrap Velos Pro	yes	yes	sdrf.csv	hard	120	ms-proteomics;human	none_in_pride	no	deposited: sdrf.csv
PXD029115	include	Submitter deposited an SDRF in PRIDE; import, validate, and improve	PRIDE https://www.ebi.ac.uk/pride/ws/archive/v3/projects/PXD029115; files/all n=136	Q0	3	Cricetulus griseus (chinese hamster) (cricetulus barabensis griseus);Mus musculus (mouse)	136	124	raw	DDA	TMT/iTRAQ/SILAC	Orbitrap Eclipse	yes	yes	sdrf.tsv	hard	124	ms-proteomics;cell-lines	none_in_pride	no	deposited: sdrf.tsv
PXD031991	include	Submitter deposited an SDRF in PRIDE; import, validate, and improve	PRIDE https://www.ebi.ac.uk/pride/ws/archive/v3/projects/PXD031991; files/all n=164	Q0	3	Acanthamoeba castellanii;Sycon ciliatum;Phytophthora infestans;Thecamonas trahens;Chlamydomonas reinhardtii;Physcomitrella;Dictyostelium discoideum (slime mold);Nitrososphaera viennensis;Bigelowiella natans;Methanobrevibacter cuticularis;Gefionella okellyi;Corallochytrium limacisporum;Guillardia theta;Naegleria gruberi;Capsaspora owczarzaki;Emiliania huxleyi;Spizellomyces punctatus;Homo sapiens (human);Methanospirillum stamsii;Thalassiosira pseudonana;Fabomonas tropica	164	130	raw	DDA	unknown	Orbitrap Fusion Lumos	yes	yes	sdrf.xlsx	hard	130	ms-proteomics	none_in_pride	no	deposited: sdrf.xlsx
PXD047950	include	Submitter deposited an SDRF in PRIDE; import, validate, and improve	PRIDE https://www.ebi.ac.uk/pride/ws/archive/v3/projects/PXD047950; files/all n=154	Q0	3	Mus musculus (mouse)	154	144	raw	DDA	unknown	Q Exactive HF	yes	yes	sdrf.txt	hard	144	ms-proteomics;vertebrates	none_in_pride	no	deposited: sdrf.txt
PXD052223	include	Submitter deposited an SDRF in PRIDE; import, validate, and improve	PRIDE https://www.ebi.ac.uk/pride/ws/archive/v3/projects/PXD052223; files/all n=182	Q0	3	Homo sapiens (human)	182	180	raw	DDA	TMT/iTRAQ/SILAC	LTQ Orbitrap Elite;Q Exactive	yes	yes	sdrf.tsv	hard	180	ms-proteomics;human	none_in_pride	no	deposited: sdrf.tsv
PXD006833	include	Submitter deposited an SDRF in PRIDE; import, validate, and improve	PRIDE https://www.ebi.ac.uk/pride/ws/archive/v3/projects/PXD006833; files/all n=459	Q0	3	Homo sapiens (human)	459	199	raw	DDA	unknown	Q Exactive HF	yes	yes	sdrf.tsv	hard	199	ms-proteomics;human	none_in_pride	no	deposited: sdrf.tsv
PXD044303	include	Submitter deposited an SDRF in PRIDE; import, validate, and improve	PRIDE https://www.ebi.ac.uk/pride/ws/archive/v3/projects/PXD044303; files/all n=520	Q0	3	Zea mays (maize)	520	258	raw	DDA	unknown	LTQ Orbitrap	yes	yes	sdrf.tsv	hard	258	ms-proteomics;plants	none_in_pride	no	deposited: sdrf.tsv
PXD002619	include	Submitter deposited an SDRF in PRIDE; import, validate, and improve	PRIDE https://www.ebi.ac.uk/pride/ws/archive/v3/projects/PXD002619; files/all n=266	Q0	3	Homo sapiens (human)	266	261	raw	DDA	TMT/iTRAQ/SILAC	Q Exactive	yes	yes	sdrf.tsv	hard	261	ms-proteomics;human	none_in_pride	no	deposited: sdrf.tsv
PXD068736	include	Submitter deposited an SDRF in PRIDE; import, validate, and improve	PRIDE https://www.ebi.ac.uk/pride/ws/archive/v3/projects/PXD068736; files/all n=401	Q0	3	Hordeum vulgare (barley)	401	384	raw	DDA	TMT/iTRAQ/SILAC	Orbitrap Eclipse	yes	yes	SDRF.xlsx	hard	384	ms-proteomics	none_in_pride	no	deposited: SDRF.xlsx
PXD027068	include	Submitter deposited an SDRF in PRIDE; import, validate, and improve	PRIDE https://www.ebi.ac.uk/pride/ws/archive/v3/projects/PXD027068; files/all n=444	Q0	3	Caenorhabditis elegans	444	440	raw	DDA	unknown	Q Exactive	yes	yes	SDRF.txt	hard	440	ms-proteomics;invertebrates	none_in_pride	no	deposited: SDRF.txt
PXD041587	include	Submitter deposited an SDRF in PRIDE; import, validate, and improve	PRIDE https://www.ebi.ac.uk/pride/ws/archive/v3/projects/PXD041587; files/all n=742	Q0	3	Homo sapiens (human)	742	460	raw	DDA	TMT/iTRAQ/SILAC	Orbitrap Fusion Lumos	yes	yes	sdrf.tsv	hard	460	ms-proteomics;human	none_in_pride	no	deposited: sdrf.tsv
PXD044389	include	Submitter deposited an SDRF in PRIDE; import, validate, and improve	PRIDE https://www.ebi.ac.uk/pride/ws/archive/v3/projects/PXD044389; files/all n=1400	Q0	3	Homo sapiens (human)	1400	552	raw	DDA	TMT/iTRAQ/SILAC	Q Exactive HF	yes	yes	CCLE.sdrf.tsv;COREAD_TR_MS3_SDRF.tsv	hard	552	ms-proteomics;human;cell-lines	none_in_pride	no	deposited: CCLE.sdrf.tsv;COREAD_TR_MS3_SDRF.tsv
PXD063403	include	Submitter deposited an SDRF in PRIDE; import, validate, and improve	PRIDE https://www.ebi.ac.uk/pride/ws/archive/v3/projects/PXD063403; files/all n=926	Q0	3	Homo sapiens (human)	926	701	raw	unknown	unknown	Q Exactive	yes	yes	SDRF.tsv	hard	701	ms-proteomics;human	none_in_pride	no	deposited: SDRF.tsv
PXD042233	include	Submitter deposited an SDRF in PRIDE; import, validate, and improve	PRIDE https://www.ebi.ac.uk/pride/ws/archive/v3/projects/PXD042233; files/all n=14901	Q0	3	Homo sapiens (human)	14901	7444	raw	DDA	unknown	Orbitrap Fusion Lumos;Q Exactive HF-X;Q Exactive Plus;Orbitrap Exploris 480;Q Exactive;Q Exactive HF	yes	yes	Experimental-Design.sdrf.tsv	hard	7444	ms-proteomics;human	none_in_pride	no	deposited: Experimental-Design.sdrf.tsv
