id	label	reason	evidence	queue	priority_score	organism	n_files_total	n_raw	raw_extensions	acquisition_mode	quant_mode	instruments	has_pride_metadata_file	has_deposited_sdrf	metadata_filenames	design_complexity	estimated_sdrf_rows	templates	publication	already_annotated	notes
PXD008396	include	Small label-free project; mapping must come from acquisition filenames	PRIDE https://www.ebi.ac.uk/pride/ws/archive/v3/projects/PXD008396; files/all n=13	Q2	8	Mus musculus (mouse)	13	12	raw	DIA	LFQ	Q Exactive	no	no	ListofDIAidentifiedproteins.xlsx	simple	12	ms-proteomics;vertebrates;dia-acquisition;cell-lines	none_in_pride	no	Verify filename tokens resolve condition and replicate before annotating
PXD046350	include	Small label-free project; mapping must come from acquisition filenames	PRIDE https://www.ebi.ac.uk/pride/ws/archive/v3/projects/PXD046350; files/all n=31	Q2	8	Scyliorhinus canicula	31	12	wiff	DIA	LFQ	TripleTOF 6600	no	no	FM_libPSsolyGel__FDR.xlsx;SpectralLibrarySPZ.txt;CorrelationRawData-Results.xlsx	simple	12	ms-proteomics;dia-acquisition	none_in_pride	no	Verify filename tokens resolve condition and replicate before annotating
PXD046839	include	Small label-free project; mapping must come from acquisition filenames	PRIDE https://www.ebi.ac.uk/pride/ws/archive/v3/projects/PXD046839; files/all n=13	Q2	8	Arabidopsis thaliana (mouse-ear cress)	13	8	raw	DIA	LFQ	Orbitrap Fusion Lumos	no	no	221215_main_search_5269.tsv;400_850_20W_overlap.txt;221215_main_search_5269.log.txt	simple	8	ms-proteomics;plants;dia-acquisition	none_in_pride	no	Verify filename tokens resolve condition and replicate before annotating
PXD046949	include	Small label-free project; mapping must come from acquisition filenames	PRIDE https://www.ebi.ac.uk/pride/ws/archive/v3/projects/PXD046949; files/all n=45	Q2	8	Homo sapiens (human)	45	8	raw	DIA	LFQ	Orbitrap Fusion Lumos	no	no	diann-output.stats.tsv;diann-output.tsv;DIANN.R	simple	8	ms-proteomics;human;dia-acquisition	none_in_pride	no	Verify filename tokens resolve condition and replicate before annotating
PXD047955	include	Small label-free project; mapping must come from acquisition filenames	PRIDE https://www.ebi.ac.uk/pride/ws/archive/v3/projects/PXD047955; files/all n=17	Q2	8	Vespa crabro	17	8	wiff	DIA	LFQ	TripleTOF 6600	no	no	SWATH_Library__FDR.xlsx	simple	8	ms-proteomics;dia-acquisition	none_in_pride	no	Verify filename tokens resolve condition and replicate before annotating
PXD048265	include	Small label-free project; mapping must come from acquisition filenames	PRIDE https://www.ebi.ac.uk/pride/ws/archive/v3/projects/PXD048265; files/all n=3	Q2	8	Homo sapiens (human)	3	2	raw	DIA	LFQ	Orbitrap Fusion	no	no	20231123_140051_zhangyan_1123_Report.xls	simple	2	ms-proteomics;human;dia-acquisition	none_in_pride	no	Verify filename tokens resolve condition and replicate before annotating
PXD048453	include	Small label-free project; mapping must come from acquisition filenames	PRIDE https://www.ebi.ac.uk/pride/ws/archive/v3/projects/PXD048453; files/all n=26	Q2	8	Mus musculus (mouse)	26	8	wiff	DIA	LFQ	TripleTOF 6600	no	no	checksum.txt;S210501_02_M1_Mouse__FDR.xlsx;S210501_04_M2C_Mouse__FDR.xlsx	simple	8	ms-proteomics;vertebrates;dia-acquisition	none_in_pride	no	Verify filename tokens resolve condition and replicate before annotating
PXD048613	include	Small label-free project; mapping must come from acquisition filenames	PRIDE https://www.ebi.ac.uk/pride/ws/archive/v3/projects/PXD048613; files/all n=8	Q2	8	Mus musculus (mouse)	8	6	raw	DIA	LFQ	Orbitrap Fusion Lumos	no	no	20220820_165438_yiluan_neutrophil_mouse_150min_directdia_20220819_Report.xls	simple	6	ms-proteomics;vertebrates;dia-acquisition	none_in_pride	no	Verify filename tokens resolve condition and replicate before annotating
PXD049373	include	Small label-free project; mapping must come from acquisition filenames	PRIDE https://www.ebi.ac.uk/pride/ws/archive/v3/projects/PXD049373; files/all n=17	Q2	8	Homo sapiens (human)	17	5	wiff	DIA	LFQ	TripleTOF 5600+	no	no	checksum.txt;Cell.line.name.to.file.guide.txt	simple	5	ms-proteomics;human;dia-acquisition	none_in_pride	no	Verify filename tokens resolve condition and replicate before annotating
PXD051177	include	Small label-free project; mapping must come from acquisition filenames	PRIDE https://www.ebi.ac.uk/pride/ws/archive/v3/projects/PXD051177; files/all n=17	Q2	8	Salmonella enterica subsp. enterica serovar typhimurium str. 98346;Salmonella enterica subsp. enterica serovar typhimurium str. lt2-4	17	8	wiff	DIA	LFQ	ZenoTOF 7600	no	no	Z01-12.tsv	simple	8	ms-proteomics;dia-acquisition	none_in_pride	no	Verify filename tokens resolve condition and replicate before annotating
PXD051479	include	Small label-free project; mapping must come from acquisition filenames	PRIDE https://www.ebi.ac.uk/pride/ws/archive/v3/projects/PXD051479; files/all n=56	Q2	8	Homo sapiens (human)	56	12	wiff	DIA	LFQ	ZenoTOF 7600	no	no	report.log.txt;report.tsv;report-lib.tsv	simple	12	ms-proteomics;human;dia-acquisition	none_in_pride	no	Verify filename tokens resolve condition and replicate before annotating
PXD052292	include	Small label-free project; mapping must come from acquisition filenames	PRIDE https://www.ebi.ac.uk/pride/ws/archive/v3/projects/PXD052292; files/all n=25	Q2	8	Homo sapiens (human)	25	12	wiff	DIA	LFQ	TripleTOF 6600	no	no	report.pg_matrix.tsv	simple	12	ms-proteomics;human;dia-acquisition;cell-lines	none_in_pride	no	Verify filename tokens resolve condition and replicate before annotating
PXD052372	include	Small label-free project; mapping must come from acquisition filenames	PRIDE https://www.ebi.ac.uk/pride/ws/archive/v3/projects/PXD052372; files/all n=5	Q2	8	Homo sapiens (human)	5	2	raw	DIA	LFQ	Q Exactive	no	no	checksum.txt	simple	2	ms-proteomics;human;dia-acquisition	none_in_pride	no	Verify filename tokens resolve condition and replicate before annotating
PXD053975	include	Small label-free project; mapping must come from acquisition filenames	PRIDE https://www.ebi.ac.uk/pride/ws/archive/v3/projects/PXD053975; files/all n=9	Q2	8	Mus musculus (mouse)	9	8	raw	DIA	LFQ	Q Exactive	no	no	2108306523838.xlsx	simple	8	ms-proteomics;vertebrates;dia-acquisition	none_in_pride	no	Verify filename tokens resolve condition and replicate before annotating
PXD054068	include	Small label-free project; mapping must come from acquisition filenames	PRIDE https://www.ebi.ac.uk/pride/ws/archive/v3/projects/PXD054068; files/all n=16	Q2	8	Rhipicephalus microplus	16	12	raw	DIA	LFQ	Orbitrap Exploris 480	no	no	163_282_2022_MP_orfseq_SFTSV_directDIA_ConditionSetup.tsv;163_282_2022_MP_orfseq_SFTSV_directDIA_Report_Protein_pivot_FP.xls;163_282_2022_MP_orfseq_SFTSV_directDIA_Report_peptide_pivot_FP.xls	simple	12	ms-proteomics;dia-acquisition	none_in_pride	no	Verify filename tokens resolve condition and replicate before annotating
PXD054773	include	Small label-free project; mapping must come from acquisition filenames	PRIDE https://www.ebi.ac.uk/pride/ws/archive/v3/projects/PXD054773; files/all n=9	Q2	8	Mus musculus (mouse)	9	8	raw	DIA	LFQ	TripleTOF 5600	no	no	proteinGroups.txt	simple	8	ms-proteomics;vertebrates;dia-acquisition	none_in_pride	no	Verify filename tokens resolve condition and replicate before annotating
PXD055191	include	Small label-free project; mapping must come from acquisition filenames	PRIDE https://www.ebi.ac.uk/pride/ws/archive/v3/projects/PXD055191; files/all n=8	Q2	8	Homo sapiens (human)	8	6	raw	DIA	LFQ	Orbitrap Astral	no	no	checksum.txt	simple	6	ms-proteomics;human;dia-acquisition	none_in_pride	no	Verify filename tokens resolve condition and replicate before annotating
PXD055350	include	Small label-free project; mapping must come from acquisition filenames	PRIDE https://www.ebi.ac.uk/pride/ws/archive/v3/projects/PXD055350; files/all n=15	Q2	8	Homo sapiens (human)	15	9	raw	DIA	LFQ	Orbitrap Fusion Lumos	no	no	readme.xlsx;checksum.txt;20240128_205103_VR_Ex46_DLCK1_directDIA_Report.tsv	simple	9	ms-proteomics;human;dia-acquisition	none_in_pride	no	Verify filename tokens resolve condition and replicate before annotating
PXD055825	include	Small label-free project; mapping must come from acquisition filenames	PRIDE https://www.ebi.ac.uk/pride/ws/archive/v3/projects/PXD055825; files/all n=7	Q2	8	Homo sapiens (human)	7	6	d.zip	DIA	LFQ	timsTOF Pro 2	no	no	report.pr_matrix.tsv	simple	6	ms-proteomics;human;dia-acquisition	none_in_pride	no	Verify filename tokens resolve condition and replicate before annotating
PXD055826	include	Small label-free project; mapping must come from acquisition filenames	PRIDE https://www.ebi.ac.uk/pride/ws/archive/v3/projects/PXD055826; files/all n=7	Q2	8	Homo sapiens (human)	7	6	d.zip	DIA	LFQ	timsTOF Pro 2	no	no	report.pr_matrix.tsv	simple	6	ms-proteomics;human;dia-acquisition	none_in_pride	no	Verify filename tokens resolve condition and replicate before annotating
PXD055855	include	Small label-free project; mapping must come from acquisition filenames	PRIDE https://www.ebi.ac.uk/pride/ws/archive/v3/projects/PXD055855; files/all n=11	Q2	8	Saccharomyces cerevisiae (baker's yeast)	11	9	d.zip	DIA	LFQ	timsTOF Pro 2	no	no	20231109_Nov_2023_Merced_Spectronaut_Report.tsv	simple	9	ms-proteomics;dia-acquisition	none_in_pride	no	Verify filename tokens resolve condition and replicate before annotating
PXD055873	include	Small label-free project; mapping must come from acquisition filenames	PRIDE https://www.ebi.ac.uk/pride/ws/archive/v3/projects/PXD055873; files/all n=18	Q2	8	Homo sapiens (human)	18	12	d.zip	DIA	LFQ	timsTOF Pro	no	no	5816_diaParameters.txt;files_description.txt;output.tsv	simple	12	ms-proteomics;human;dia-acquisition	none_in_pride	no	Verify filename tokens resolve condition and replicate before annotating
PXD055900	include	Small label-free project; mapping must come from acquisition filenames	PRIDE https://www.ebi.ac.uk/pride/ws/archive/v3/projects/PXD055900; files/all n=13	Q2	8	Homo sapiens (human)	13	12	d.zip	DIA	LFQ	timsTOF Pro 2	no	no	brain_report.pr_matrix.tsv	simple	12	ms-proteomics;human;dia-acquisition	none_in_pride	no	Verify filename tokens resolve condition and replicate before annotating
PXD056242	include	Small label-free project; mapping must come from acquisition filenames	PRIDE https://www.ebi.ac.uk/pride/ws/archive/v3/projects/PXD056242; files/all n=16	Q2	8	Homo sapiens (human)	16	8	raw	DIA	LFQ	Orbitrap Fusion Lumos	no	no	20240924_191224_dschuster_Report_protein_quant.csv;20240924_191224_dschuster_Report_protein_quant.log.txt;20240924_191224_dschuster_Report_protein_quant.setup.txt	simple	8	ms-proteomics;human;dia-acquisition	none_in_pride	no	Verify filename tokens resolve condition and replicate before annotating
PXD056424	include	Small label-free project; mapping must come from acquisition filenames	PRIDE https://www.ebi.ac.uk/pride/ws/archive/v3/projects/PXD056424; files/all n=23	Q2	8	Bos taurus (bovine)	23	10	wiff	DIA	LFQ	TripleTOF 6600	no	no	MS_ionLIBRARY_BousTaurus.txt;NormalizedAreas.xlsx;MS_ionLIBRARY_BousTaurus__FDR.xlsx	simple	10	ms-proteomics;vertebrates;dia-acquisition	none_in_pride	no	Verify filename tokens resolve condition and replicate before annotating
PXD056613	include	Small label-free project; mapping must come from acquisition filenames	PRIDE https://www.ebi.ac.uk/pride/ws/archive/v3/projects/PXD056613; files/all n=25	Q2	8	Homo sapiens (human)	25	12	wiff	DIA	LFQ	TripleTOF 6600	no	no	SWATH_Library__FDR.xlsx	simple	12	ms-proteomics;human;dia-acquisition	none_in_pride	no	Verify filename tokens resolve condition and replicate before annotating
PXD056636	include	Small label-free project; mapping must come from acquisition filenames	PRIDE https://www.ebi.ac.uk/pride/ws/archive/v3/projects/PXD056636; files/all n=18	Q2	8	Mus musculus (mouse)	18	8	wiff	DIA	LFQ	TripleTOF 6600	no	no	Original_data_untransformed.tsv;checksum.txt	simple	8	ms-proteomics;vertebrates;dia-acquisition	none_in_pride	no	Verify filename tokens resolve condition and replicate before annotating
PXD057162	include	Small label-free project; mapping must come from acquisition filenames	PRIDE https://www.ebi.ac.uk/pride/ws/archive/v3/projects/PXD057162; files/all n=5	Q2	8	Homo sapiens (human)	5	2	d.7z	DIA	LFQ	timsTOF Pro	no	no	report.log.txt;checksum.txt	simple	2	ms-proteomics;human;dia-acquisition	none_in_pride	no	Verify filename tokens resolve condition and replicate before annotating
PXD057310	include	Small label-free project; mapping must come from acquisition filenames	PRIDE https://www.ebi.ac.uk/pride/ws/archive/v3/projects/PXD057310; files/all n=11	Q2	8	Mus musculus (mouse)	11	10	d.zip	DIA	LFQ	timsTOF Pro	no	no	DIAnn_analysis.zip	simple	10	ms-proteomics;vertebrates;dia-acquisition	none_in_pride	no	Verify filename tokens resolve condition and replicate before annotating
PXD057430	include	Small label-free project; mapping must come from acquisition filenames	PRIDE https://www.ebi.ac.uk/pride/ws/archive/v3/projects/PXD057430; files/all n=4	Q2	8	Synechococcus sp. (strain atcc 27264 / pcc 7002 / pr-6) (agmenellum quadruplicatum)	4	2	raw	DIA	LFQ	Q Exactive HF	no	no	WT_Flag_IP_CP47.xlsx;0913CF_Flag_IP_CP47.xlsx	simple	2	ms-proteomics;dia-acquisition	none_in_pride	no	Verify filename tokens resolve condition and replicate before annotating
PXD057596	include	Small label-free project; mapping must come from acquisition filenames	PRIDE https://www.ebi.ac.uk/pride/ws/archive/v3/projects/PXD057596; files/all n=8	Q2	8	Synechococcus sp. (strain atcc 27264 / pcc 7002 / pr-6) (agmenellum quadruplicatum)	8	4	raw	DIA	LFQ	Q Exactive HF	no	no	BNPAGE_WT_COIP.xlsx;BNPAGE_0913CF_COIP.xlsx;WT_Flag_IP_CP47.xlsx	simple	4	ms-proteomics;dia-acquisition	none_in_pride	no	Verify filename tokens resolve condition and replicate before annotating
PXD057622	include	Small label-free project; mapping must come from acquisition filenames	PRIDE https://www.ebi.ac.uk/pride/ws/archive/v3/projects/PXD057622; files/all n=46	Q2	8	Homo sapiens (human)	46	9	wiff	DIA	LFQ	ZenoTOF 7600	no	no	20240924_131823_PCF000039-SpectronautV19.sne	simple	9	ms-proteomics;human;dia-acquisition	none_in_pride	no	Verify filename tokens resolve condition and replicate before annotating
PXD058037	include	Small label-free project; mapping must come from acquisition filenames	PRIDE https://www.ebi.ac.uk/pride/ws/archive/v3/projects/PXD058037; files/all n=40	Q2	8	Homo sapiens (human)	40	10	wiff.zip	DIA	LFQ	ZenoTOF 7600	no	no	checksum.txt	simple	10	ms-proteomics;human;dia-acquisition	none_in_pride	no	Verify filename tokens resolve condition and replicate before annotating
PXD058199	include	Small label-free project; mapping must come from acquisition filenames	PRIDE https://www.ebi.ac.uk/pride/ws/archive/v3/projects/PXD058199; files/all n=7	Q2	8	Saccharomyces cerevisiae (baker's yeast)	7	6	raw	DIA	LFQ	Q Exactive	no	no	230908_HGoold_yeast_DianNN_results.tsv	simple	6	ms-proteomics;dia-acquisition	none_in_pride	no	Verify filename tokens resolve condition and replicate before annotating
PXD058292	include	Small label-free project; mapping must come from acquisition filenames	PRIDE https://www.ebi.ac.uk/pride/ws/archive/v3/projects/PXD058292; files/all n=16	Q2	8	Homo sapiens (human)	16	9	raw	DIA	LFQ	Orbitrap Fusion Lumos	no	no	readme.xlsx;20240619_152747_VR_Ex63_CAMK1_s18_Report.tsv;checksum.txt	simple	9	ms-proteomics;human;dia-acquisition	none_in_pride	no	Verify filename tokens resolve condition and replicate before annotating
PXD058317	include	Small label-free project; mapping must come from acquisition filenames	PRIDE https://www.ebi.ac.uk/pride/ws/archive/v3/projects/PXD058317; files/all n=18	Q2	8	Homo sapiens (human)	18	12	raw	DIA	LFQ	Orbitrap Fusion Lumos	no	no	readme.xlsx;20240807_092356_VR_Ex68_dirDIA_Report.tsv	simple	12	ms-proteomics;human;dia-acquisition	none_in_pride	no	Verify filename tokens resolve condition and replicate before annotating
PXD058318	include	Small label-free project; mapping must come from acquisition filenames	PRIDE https://www.ebi.ac.uk/pride/ws/archive/v3/projects/PXD058318; files/all n=16	Q2	8	Homo sapiens (human)	16	9	raw	DIA	LFQ	Orbitrap Fusion Lumos	no	no	20240502_150049_VR_Ex56_dirDIA_Report.tsv;readme.xlsx;checksum.txt	simple	9	ms-proteomics;human;dia-acquisition	none_in_pride	no	Verify filename tokens resolve condition and replicate before annotating
PXD058320	include	Small label-free project; mapping must come from acquisition filenames	PRIDE https://www.ebi.ac.uk/pride/ws/archive/v3/projects/PXD058320; files/all n=16	Q2	8	Homo sapiens (human)	16	9	raw	DIA	LFQ	Orbitrap Fusion Lumos	no	no	readme.xlsx;20240619_152610_VR_Ex63_PRKCA_s18_Report.tsv;checksum.txt	simple	9	ms-proteomics;human;dia-acquisition	none_in_pride	no	Verify filename tokens resolve condition and replicate before annotating
PXD058559	include	Small label-free project; mapping must come from acquisition filenames	PRIDE https://www.ebi.ac.uk/pride/ws/archive/v3/projects/PXD058559; files/all n=11	Q2	8	Mus musculus (mouse)	11	8	raw	DIA	LFQ	Q Exactive	no	no	checksum.txt;20240104-YP202389746-Cold-peptide.xlsx;20240104-YP202389746-Cold-protein.xlsx	simple	8	ms-proteomics;vertebrates;dia-acquisition	none_in_pride	no	Verify filename tokens resolve condition and replicate before annotating
PXD058906	include	Small label-free project; mapping must come from acquisition filenames	PRIDE https://www.ebi.ac.uk/pride/ws/archive/v3/projects/PXD058906; files/all n=10	Q2	8	Homo sapiens (human)	10	8	d.7z	DIA	LFQ	timsTOF Pro 2	no	no	FrSO230330_DIA-NN-CAF_LFQreordered_n4_DIA-NNreport.log.zip	simple	8	ms-proteomics;human;dia-acquisition	none_in_pride	no	Verify filename tokens resolve condition and replicate before annotating
PXD058954	include	Small label-free project; mapping must come from acquisition filenames	PRIDE https://www.ebi.ac.uk/pride/ws/archive/v3/projects/PXD058954; files/all n=13	Q2	8	Homo sapiens (human)	13	12	d.zip	DIA	LFQ	timsTOF Pro	no	no	DIANN_4139_TurboID.zip	simple	12	ms-proteomics;human;dia-acquisition	none_in_pride	no	Verify filename tokens resolve condition and replicate before annotating
PXD059377	include	Small label-free project; mapping must come from acquisition filenames	PRIDE https://www.ebi.ac.uk/pride/ws/archive/v3/projects/PXD059377; files/all n=19	Q2	8	Mus musculus (mouse)	19	6	wiff	DIA	LFQ	ZenoTOF 7600	no	no	240704_SKKU_w_LF_mouse.tsv	simple	6	ms-proteomics;vertebrates;dia-acquisition	none_in_pride	no	Verify filename tokens resolve condition and replicate before annotating
PXD059509	include	Small label-free project; mapping must come from acquisition filenames	PRIDE https://www.ebi.ac.uk/pride/ws/archive/v3/projects/PXD059509; files/all n=19	Q2	8	Chlorella ohadii	19	12	d.zip	DIA	LFQ	timsTOF Pro	no	no	5589_report_customDTB.tsv;5795_report.tsv;5589_report.tsv	simple	12	ms-proteomics;dia-acquisition	none_in_pride	no	Verify filename tokens resolve condition and replicate before annotating
PXD059510	include	Small label-free project; mapping must come from acquisition filenames	PRIDE https://www.ebi.ac.uk/pride/ws/archive/v3/projects/PXD059510; files/all n=19	Q2	8	Homo sapiens (human)	19	8	wiff	DIA	LFQ	TripleTOF 5600	no	no	DDA-Exosomen_hLib_ProteinSummary.txt;File-list.xlsx	simple	8	ms-proteomics;human;dia-acquisition;cell-lines	none_in_pride	no	Verify filename tokens resolve condition and replicate before annotating
PXD059560	include	Small label-free project; mapping must come from acquisition filenames	PRIDE https://www.ebi.ac.uk/pride/ws/archive/v3/projects/PXD059560; files/all n=15	Q2	8	Danio rerio (zebrafish) (brachydanio rerio)	15	12	d.zip;raw	DIA	LFQ	Orbitrap Exploris 480;timsTOF HT	no	no	report.tsv;File_names.xlsx	simple	12	ms-proteomics;vertebrates;dia-acquisition	none_in_pride	no	Verify filename tokens resolve condition and replicate before annotating
PXD059684	include	Small label-free project; mapping must come from acquisition filenames	PRIDE https://www.ebi.ac.uk/pride/ws/archive/v3/projects/PXD059684; files/all n=29	Q2	8	Fasciola hepatica (liver fluke)	29	12	wiff	DIA	LFQ	TripleTOF 6600	no	no	PeptideSummary_Library_3h_24h_8d_FDR.xlsx.xlsx;ProteinSummary_Library_3h_24h_8d_FDR.xlsx.xlsx;FileReport.xlsx	simple	12	ms-proteomics;dia-acquisition	none_in_pride	no	Verify filename tokens resolve condition and replicate before annotating
PXD060177	include	Small label-free project; mapping must come from acquisition filenames	PRIDE https://www.ebi.ac.uk/pride/ws/archive/v3/projects/PXD060177; files/all n=9	Q2	8	Homo sapiens (human)	9	7	d.zip	DIA	LFQ	timsTOF Pro 2	no	no	136_extracted_pr_matrix.xlsx;136_GG.pr_matrix.tsv	simple	7	ms-proteomics;human;dia-acquisition	none_in_pride	no	Verify filename tokens resolve condition and replicate before annotating
PXD060207	include	Small label-free project; mapping must come from acquisition filenames	PRIDE https://www.ebi.ac.uk/pride/ws/archive/v3/projects/PXD060207; files/all n=13	Q2	8	Homo sapiens (human)	13	12	d.zip	DIA	LFQ	timsTOF Pro 2	no	no	86_extracted_pr_matrix.xlsx	simple	12	ms-proteomics;human;dia-acquisition	none_in_pride	no	Verify filename tokens resolve condition and replicate before annotating
PXD060208	include	Small label-free project; mapping must come from acquisition filenames	PRIDE https://www.ebi.ac.uk/pride/ws/archive/v3/projects/PXD060208; files/all n=13	Q2	8	Homo sapiens (human)	13	12	d.zip	DIA	LFQ	timsTOF Pro 2	no	no	193_extracted_pr_matrix.xlsx	simple	12	ms-proteomics;human;dia-acquisition	none_in_pride	no	Verify filename tokens resolve condition and replicate before annotating
PXD060294	include	Small label-free project; mapping must come from acquisition filenames	PRIDE https://www.ebi.ac.uk/pride/ws/archive/v3/projects/PXD060294; files/all n=13	Q2	8	Homo sapiens (human)	13	12	d.zip	DIA	LFQ	timsTOF Pro 2	no	no	225_extracted_pr_matrix.xlsx	simple	12	ms-proteomics;human;dia-acquisition	none_in_pride	no	Verify filename tokens resolve condition and replicate before annotating
PXD060299	include	Small label-free project; mapping must come from acquisition filenames	PRIDE https://www.ebi.ac.uk/pride/ws/archive/v3/projects/PXD060299; files/all n=13	Q2	8	Homo sapiens (human)	13	12	d.zip	DIA	LFQ	timsTOF Pro 2	no	no	58_extracted_pr_matrix.xlsx	simple	12	ms-proteomics;human;dia-acquisition	none_in_pride	no	Verify filename tokens resolve condition and replicate before annotating
PXD060331	include	Small label-free project; mapping must come from acquisition filenames	PRIDE https://www.ebi.ac.uk/pride/ws/archive/v3/projects/PXD060331; files/all n=13	Q2	8	Homo sapiens (human)	13	12	d.zip	DIA	LFQ	timsTOF Pro 2	no	no	144_extracted_pr_matrix.xlsx	simple	12	ms-proteomics;human;dia-acquisition	none_in_pride	no	Verify filename tokens resolve condition and replicate before annotating
PXD060334	include	Small label-free project; mapping must come from acquisition filenames	PRIDE https://www.ebi.ac.uk/pride/ws/archive/v3/projects/PXD060334; files/all n=10	Q2	8	Homo sapiens (human)	10	9	d.zip	DIA	LFQ	timsTOF Pro 2	no	no	92_extracted_pr_matrix.xlsx	simple	9	ms-proteomics;human;dia-acquisition	none_in_pride	no	Verify filename tokens resolve condition and replicate before annotating
PXD060356	include	Small label-free project; mapping must come from acquisition filenames	PRIDE https://www.ebi.ac.uk/pride/ws/archive/v3/projects/PXD060356; files/all n=10	Q2	8	Homo sapiens (human)	10	6	d.tar	DIA	LFQ	timsTOF HT	no	no	ID_23183_Spectronaut_result.SNE	simple	6	ms-proteomics;human;dia-acquisition	none_in_pride	no	Verify filename tokens resolve condition and replicate before annotating
PXD060363	include	Small label-free project; mapping must come from acquisition filenames	PRIDE https://www.ebi.ac.uk/pride/ws/archive/v3/projects/PXD060363; files/all n=18	Q2	8	Homo sapiens (human)	18	12	d.tar	DIA	LFQ	timsTOF HT	no	no	ID_24296_Spectronaut_result.SNE;ID_24273_Spectronaut_result.SNE	simple	12	ms-proteomics;human;dia-acquisition	none_in_pride	no	Verify filename tokens resolve condition and replicate before annotating
PXD060416	include	Small label-free project; mapping must come from acquisition filenames	PRIDE https://www.ebi.ac.uk/pride/ws/archive/v3/projects/PXD060416; files/all n=4	Q2	8	Escherichia coli;Bacteria	4	2	d.zip	DIA	LFQ	timsTOF Pro 2	no	no	checksum.txt	simple	2	ms-proteomics;dia-acquisition	none_in_pride	no	Verify filename tokens resolve condition and replicate before annotating
PXD061079	include	Small label-free project; mapping must come from acquisition filenames	PRIDE https://www.ebi.ac.uk/pride/ws/archive/v3/projects/PXD061079; files/all n=12	Q2	8	Homo sapiens (human)	12	8	d.zip	DIA	LFQ	timsTOF Pro	no	no	diaParameters.txt	simple	8	ms-proteomics;human;dia-acquisition	none_in_pride	no	Verify filename tokens resolve condition and replicate before annotating
PXD061711	include	Small label-free project; mapping must come from acquisition filenames	PRIDE https://www.ebi.ac.uk/pride/ws/archive/v3/projects/PXD061711; files/all n=44	Q2	8	Homo sapiens (human)	44	10	wiff	DIA	LFQ	ultraflex	no	no	checksum.txt	simple	10	ms-proteomics;human;dia-acquisition	none_in_pride	no	Verify filename tokens resolve condition and replicate before annotating
PXD062037	include	Small label-free project; mapping must come from acquisition filenames	PRIDE https://www.ebi.ac.uk/pride/ws/archive/v3/projects/PXD062037; files/all n=11	Q2	8	Mus musculus (mouse)	11	9	d.7z	DIA	LFQ	timsTOF Pro	no	no	DIAnn_analysis_results.zip	simple	9	ms-proteomics;vertebrates;dia-acquisition	none_in_pride	no	Verify filename tokens resolve condition and replicate before annotating
PXD062468	include	Small label-free project; mapping must come from acquisition filenames	PRIDE https://www.ebi.ac.uk/pride/ws/archive/v3/projects/PXD062468; files/all n=11	Q2	8	Camellia sinensis	11	9	d.zip	DIA	LFQ	API 3000	no	no	checksum.txt;all_Peptides.txt	simple	9	ms-proteomics;dia-acquisition	none_in_pride	no	Verify filename tokens resolve condition and replicate before annotating
PXD062955	include	Small label-free project; mapping must come from acquisition filenames	PRIDE https://www.ebi.ac.uk/pride/ws/archive/v3/projects/PXD062955; files/all n=26	Q2	8	Homo sapiens (human)	26	12	wiff	DIA	LFQ	TripleTOF 6600	no	no	checksum.txt;SEARCH.xlsx	simple	12	ms-proteomics;human;dia-acquisition	none_in_pride	no	Verify filename tokens resolve condition and replicate before annotating
PXD063161	include	Small label-free project; mapping must come from acquisition filenames	PRIDE https://www.ebi.ac.uk/pride/ws/archive/v3/projects/PXD063161; files/all n=15	Q2	8	Rattus norvegicus (rat)	15	9	d.zip	DIA	LFQ	autoflex	no	no	dia.db.supportPeptides.csv	simple	9	ms-proteomics;vertebrates;dia-acquisition	none_in_pride	no	Verify filename tokens resolve condition and replicate before annotating
PXD063162	include	Small label-free project; mapping must come from acquisition filenames	PRIDE https://www.ebi.ac.uk/pride/ws/archive/v3/projects/PXD063162; files/all n=13	Q2	8	Homo sapiens (human)	13	8	d.zip	DIA	LFQ	timsTOF Pro	no	no	files_description.txt;240409_main_search.tsv	simple	8	ms-proteomics;human;dia-acquisition	none_in_pride	no	Verify filename tokens resolve condition and replicate before annotating
PXD063241	include	Small label-free project; mapping must come from acquisition filenames	PRIDE https://www.ebi.ac.uk/pride/ws/archive/v3/projects/PXD063241; files/all n=3	Q2	8	Homo sapiens (human)	3	1	d.zip	DIA	LFQ	timsTOF Pro	no	no	checksum.txt	simple	1	ms-proteomics;human;dia-acquisition	none_in_pride	no	Verify filename tokens resolve condition and replicate before annotating
PXD063557	include	Small label-free project; mapping must come from acquisition filenames	PRIDE https://www.ebi.ac.uk/pride/ws/archive/v3/projects/PXD063557; files/all n=11	Q2	8	Homo sapiens (human)	11	10	d.zip	DIA	LFQ	timsTOF Pro 2	no	no	wp-esf_566-8hr_esf4_diann_directdia_20240506.pr_matrix_upload.tsv	simple	10	ms-proteomics;human;dia-acquisition	none_in_pride	no	Verify filename tokens resolve condition and replicate before annotating
PXD063560	include	Small label-free project; mapping must come from acquisition filenames	PRIDE https://www.ebi.ac.uk/pride/ws/archive/v3/projects/PXD063560; files/all n=26	Q2	8	Listeria monocytogenes;Homo sapiens (human)	26	8	d.zip	DIA	LFQ	timsTOF SCP	no	no	spectronaut_result.zip;peptide_centric_DIANN_first_and_second_pass.zip	simple	8	ms-proteomics;dia-acquisition	none_in_pride	no	Verify filename tokens resolve condition and replicate before annotating
PXD063661	include	Small label-free project; mapping must come from acquisition filenames	PRIDE https://www.ebi.ac.uk/pride/ws/archive/v3/projects/PXD063661; files/all n=7	Q2	8	Mus musculus (mouse)	7	6	d.zip	DIA	LFQ	timsTOF HT	no	no	report.pg_matrix.tsv	simple	6	ms-proteomics;vertebrates;dia-acquisition;cell-lines	none_in_pride	no	Verify filename tokens resolve condition and replicate before annotating
PXD063851	include	Small label-free project; mapping must come from acquisition filenames	PRIDE https://www.ebi.ac.uk/pride/ws/archive/v3/projects/PXD063851; files/all n=9	Q2	8	Homo sapiens (human)	9	8	d.zip	DIA	LFQ	timsTOF HT	no	no	report.pg_matrix.tsv	simple	8	ms-proteomics;human;dia-acquisition;cell-lines	none_in_pride	no	Verify filename tokens resolve condition and replicate before annotating
PXD063952	include	Small label-free project; mapping must come from acquisition filenames	PRIDE https://www.ebi.ac.uk/pride/ws/archive/v3/projects/PXD063952; files/all n=38	Q2	8	Homo sapiens (human)	38	12	wiff	DIA	LFQ	TripleTOF 5600	no	no	Supplementary_Paper2.xlsx	simple	12	ms-proteomics;human;dia-acquisition;cell-lines	none_in_pride	no	Verify filename tokens resolve condition and replicate before annotating
PXD063971	include	Small label-free project; mapping must come from acquisition filenames	PRIDE https://www.ebi.ac.uk/pride/ws/archive/v3/projects/PXD063971; files/all n=8	Q2	8	Homo sapiens (human);Mus musculus (mouse)	8	6	d.zip	DIA	LFQ	timsTOF Pro	no	no	checksum.txt;APEX2-CDK3.xlsx	simple	6	ms-proteomics;dia-acquisition	none_in_pride	no	Verify filename tokens resolve condition and replicate before annotating
PXD064668	include	Small label-free project; mapping must come from acquisition filenames	PRIDE https://www.ebi.ac.uk/pride/ws/archive/v3/projects/PXD064668; files/all n=15	Q2	8	Homo sapiens (human)	15	12	raw	DIA	LFQ	Orbitrap Exploris 480	no	no	checksum.txt;Experiment_Name.xlsx	simple	12	ms-proteomics;human;dia-acquisition;cell-lines	none_in_pride	no	Verify filename tokens resolve condition and replicate before annotating
PXD064682	include	Small label-free project; mapping must come from acquisition filenames	PRIDE https://www.ebi.ac.uk/pride/ws/archive/v3/projects/PXD064682; files/all n=14	Q2	8	Komagataella phaffii	14	12	raw	DIA	LFQ	Orbitrap Exploris 480	no	no	checksum.txt	simple	12	ms-proteomics;dia-acquisition	none_in_pride	no	Verify filename tokens resolve condition and replicate before annotating
PXD064869	include	Small label-free project; mapping must come from acquisition filenames	PRIDE https://www.ebi.ac.uk/pride/ws/archive/v3/projects/PXD064869; files/all n=25	Q2	8	Homo sapiens (human)	25	12	wiff	DIA	LFQ	TripleTOF 6600	no	no	201209_Amalia_Mir_pLKO_report.pg_matrix.tsv	simple	12	ms-proteomics;human;dia-acquisition;cell-lines	none_in_pride	no	Verify filename tokens resolve condition and replicate before annotating
PXD065687	include	Small label-free project; mapping must come from acquisition filenames	PRIDE https://www.ebi.ac.uk/pride/ws/archive/v3/projects/PXD065687; files/all n=12	Q2	8	Homo sapiens (human)	12	6	d.zip	DIA	LFQ	maXis	no	no	20250527_091632_240828_LB_H2505_9170_Karpman_EVs_Report.setup.txt;20250527_091632_240828_LB_H2505_9170_Karpman_EVs_Report.log.txt;20250527_091632_240828_LB_H2505_9170_Karpman_EVs_Report.tsv	simple	6	ms-proteomics;human;dia-acquisition	none_in_pride	no	Verify filename tokens resolve condition and replicate before annotating
PXD066252	include	Small label-free project; mapping must come from acquisition filenames	PRIDE https://www.ebi.ac.uk/pride/ws/archive/v3/projects/PXD066252; files/all n=13	Q2	8	Mus musculus (mouse)	13	12	d.zip	DIA	LFQ	timsTOF HT	no	no	HAA289_Male_BSG_ProteinReport.xlsx	simple	12	ms-proteomics;vertebrates;dia-acquisition	none_in_pride	no	Verify filename tokens resolve condition and replicate before annotating
PXD066261	include	Small label-free project; mapping must come from acquisition filenames	PRIDE https://www.ebi.ac.uk/pride/ws/archive/v3/projects/PXD066261; files/all n=15	Q2	8	Mus musculus (mouse)	15	12	d.zip	DIA	LFQ	timsTOF Pro	no	no	checksum.txt	simple	12	ms-proteomics;vertebrates;dia-acquisition	none_in_pride	no	Verify filename tokens resolve condition and replicate before annotating
PXD066262	include	Small label-free project; mapping must come from acquisition filenames	PRIDE https://www.ebi.ac.uk/pride/ws/archive/v3/projects/PXD066262; files/all n=9	Q2	8	Homo sapiens (human)	9	6	d.zip	DIA	LFQ	timsTOF HT	no	no	checksum.txt;report.log.txt	simple	6	ms-proteomics;human;dia-acquisition	none_in_pride	no	Verify filename tokens resolve condition and replicate before annotating
PXD066533	include	Small label-free project; mapping must come from acquisition filenames	PRIDE https://www.ebi.ac.uk/pride/ws/archive/v3/projects/PXD066533; files/all n=10	Q2	8	Mus musculus (mouse)	10	8	d.zip	DIA	LFQ	timsTOF HT	no	no	t250213_PO2000_Spectronaut_JR_250217.sne	simple	8	ms-proteomics;vertebrates;dia-acquisition	none_in_pride	no	Verify filename tokens resolve condition and replicate before annotating
PXD066710	include	Small label-free project; mapping must come from acquisition filenames	PRIDE https://www.ebi.ac.uk/pride/ws/archive/v3/projects/PXD066710; files/all n=10	Q2	8	Mus musculus (mouse)	10	8	d.zip	DIA	LFQ	timsTOF Pro 2	no	no	checksum.txt	simple	8	ms-proteomics;vertebrates;dia-acquisition	none_in_pride	no	Verify filename tokens resolve condition and replicate before annotating
PXD066765	include	Small label-free project; mapping must come from acquisition filenames	PRIDE https://www.ebi.ac.uk/pride/ws/archive/v3/projects/PXD066765; files/all n=11	Q2	8	Homo sapiens (human)	11	8	raw	DIA	LFQ	Orbitrap Exploris 480	no	no	IdentifiedAndQuantifiedProteins.tsv.txt;Results.csv	simple	8	ms-proteomics;human;dia-acquisition	none_in_pride	no	Verify filename tokens resolve condition and replicate before annotating
PXD066828	include	Small label-free project; mapping must come from acquisition filenames	PRIDE https://www.ebi.ac.uk/pride/ws/archive/v3/projects/PXD066828; files/all n=9	Q2	8	Toxoplasma gondii gt1	9	6	raw	DIA	LFQ	Q Exactive HF	no	no	spectronaut_settings.txt	simple	6	ms-proteomics;dia-acquisition	none_in_pride	no	Verify filename tokens resolve condition and replicate before annotating
PXD066939	include	Small label-free project; mapping must come from acquisition filenames	PRIDE https://www.ebi.ac.uk/pride/ws/archive/v3/projects/PXD066939; files/all n=14	Q2	8	Homo sapiens (human)	14	12	raw	DIA	LFQ	Orbitrap Exploris 480	no	no	checksum.txt	simple	12	ms-proteomics;human;dia-acquisition	none_in_pride	no	Verify filename tokens resolve condition and replicate before annotating
PXD067016	include	Small label-free project; mapping must come from acquisition filenames	PRIDE https://www.ebi.ac.uk/pride/ws/archive/v3/projects/PXD067016; files/all n=10	Q2	8	Homo sapiens (human)	10	9	d.zip	DIA	LFQ	timsTOF HT	no	no	wp-esf_664_esf4_diann_directdia_20250622_psms_filt.csv	simple	9	ms-proteomics;human;dia-acquisition	none_in_pride	no	Verify filename tokens resolve condition and replicate before annotating
PXD067063	include	Small label-free project; mapping must come from acquisition filenames	PRIDE https://www.ebi.ac.uk/pride/ws/archive/v3/projects/PXD067063; files/all n=7	Q2	8	Homo sapiens (human)	7	6	d.zip	DIA	LFQ	timsTOF HT	no	no	wp-esf_637_esf4_diann_directdia_20250207.pr_matrix.tsv	simple	6	ms-proteomics;human;dia-acquisition;cell-lines	none_in_pride	no	Verify filename tokens resolve condition and replicate before annotating
PXD067076	include	Small label-free project; mapping must come from acquisition filenames	PRIDE https://www.ebi.ac.uk/pride/ws/archive/v3/projects/PXD067076; files/all n=9	Q2	8	Homo sapiens (human)	9	8	d.zip	DIA	LFQ	timsTOF Ultra 2	no	no	ip-esf_549_73-96-rerun_esf6_diann_directdia_20250707.pr_matrix_edit.tsv	simple	8	ms-proteomics;human;dia-acquisition;cell-lines	none_in_pride	no	Verify filename tokens resolve condition and replicate before annotating
PXD067099	include	Small label-free project; mapping must come from acquisition filenames	PRIDE https://www.ebi.ac.uk/pride/ws/archive/v3/projects/PXD067099; files/all n=13	Q2	8	Homo sapiens (human)	13	10	d.zip	DIA	LFQ	timsTOF Pro 2	no	no	out_DIANN_tears.pg_matrix.tsv	simple	10	ms-proteomics;human;dia-acquisition	none_in_pride	no	Verify filename tokens resolve condition and replicate before annotating
PXD067162	include	Small label-free project; mapping must come from acquisition filenames	PRIDE https://www.ebi.ac.uk/pride/ws/archive/v3/projects/PXD067162; files/all n=5	Q2	8	Anoplocephala perfoliata	5	4	raw	DIA	LFQ	Orbitrap Ascend	no	no	Report.tsv	simple	4	ms-proteomics;dia-acquisition	none_in_pride	no	Verify filename tokens resolve condition and replicate before annotating
PXD067282	include	Small label-free project; mapping must come from acquisition filenames	PRIDE https://www.ebi.ac.uk/pride/ws/archive/v3/projects/PXD067282; files/all n=11	Q2	8	Homo sapiens (human)	11	9	raw	DIA	LFQ	Orbitrap Astral	no	no	checksum.txt	simple	9	ms-proteomics;human;dia-acquisition;cell-lines	none_in_pride	no	Verify filename tokens resolve condition and replicate before annotating
PXD067298	include	Small label-free project; mapping must come from acquisition filenames	PRIDE https://www.ebi.ac.uk/pride/ws/archive/v3/projects/PXD067298; files/all n=5	Q2	8	Mus musculus (mouse)	5	2	d.zip	DIA	LFQ	timsTOF HT	no	no	MS_identified_information.xlsx	simple	2	ms-proteomics;vertebrates;dia-acquisition	none_in_pride	no	Verify filename tokens resolve condition and replicate before annotating
PXD067446	include	Small label-free project; mapping must come from acquisition filenames	PRIDE https://www.ebi.ac.uk/pride/ws/archive/v3/projects/PXD067446; files/all n=15	Q2	8	Cavia porcellus (guinea pig)	15	12	d.zip	DIA	LFQ	timsTOF Pro	no	no	checksum.txt	simple	12	ms-proteomics;dia-acquisition	none_in_pride	no	Verify filename tokens resolve condition and replicate before annotating
PXD067589	include	Small label-free project; mapping must come from acquisition filenames	PRIDE https://www.ebi.ac.uk/pride/ws/archive/v3/projects/PXD067589; files/all n=9	Q2	8	Homo sapiens (human)	9	6	raw	DIA	LFQ	Orbitrap Astral	no	no	MS_Report_peptide.csv;MS_Report_protein.csv;checksum.txt	simple	6	ms-proteomics;human;dia-acquisition	none_in_pride	no	Verify filename tokens resolve condition and replicate before annotating
PXD067686	include	Small label-free project; mapping must come from acquisition filenames	PRIDE https://www.ebi.ac.uk/pride/ws/archive/v3/projects/PXD067686; files/all n=10	Q2	8	Sus scrofa domesticus (domestic pig)	10	6	raw	DIA	LFQ	LTQ Orbitrap	no	no	md5sum.txt;checksum.txt	simple	6	ms-proteomics;vertebrates;dia-acquisition	none_in_pride	no	Verify filename tokens resolve condition and replicate before annotating
PXD067750	include	Small label-free project; mapping must come from acquisition filenames	PRIDE https://www.ebi.ac.uk/pride/ws/archive/v3/projects/PXD067750; files/all n=12	Q2	8	Homo sapiens (human)	12	8	raw	DIA	LFQ	timsTOF HT;Q Exactive HF	no	no	20230705_113222_NME_Muscle_PURA_N238-20_vs_IOPD_Ctrl_Report.csv;Analysis_VesikelVenki_PURA_combined_fractions.csv	simple	8	ms-proteomics;human;dia-acquisition	none_in_pride	no	Verify filename tokens resolve condition and replicate before annotating
PXD067756	include	Small label-free project; mapping must come from acquisition filenames	PRIDE https://www.ebi.ac.uk/pride/ws/archive/v3/projects/PXD067756; files/all n=15	Q2	8	Cavia porcellus (guinea pig)	15	12	d.zip	DIA	LFQ	timsTOF Pro	no	no	checksum.txt	simple	12	ms-proteomics;dia-acquisition	none_in_pride	no	Verify filename tokens resolve condition and replicate before annotating
PXD067757	include	Small label-free project; mapping must come from acquisition filenames	PRIDE https://www.ebi.ac.uk/pride/ws/archive/v3/projects/PXD067757; files/all n=15	Q2	8	Cavia porcellus (guinea pig)	15	12	d.zip	DIA	LFQ	timsTOF Pro	no	no	checksum.txt	simple	12	ms-proteomics;dia-acquisition	none_in_pride	no	Verify filename tokens resolve condition and replicate before annotating
PXD067824	include	Small label-free project; mapping must come from acquisition filenames	PRIDE https://www.ebi.ac.uk/pride/ws/archive/v3/projects/PXD067824; files/all n=18	Q2	8	Mus musculus (mouse)	18	8	raw	DIA	LFQ	Orbitrap Eclipse	no	no	20231010_LX_CB_MB.pg_matrix.tsv	simple	8	ms-proteomics;vertebrates;dia-acquisition	none_in_pride	no	Verify filename tokens resolve condition and replicate before annotating
PXD067866	include	Small label-free project; mapping must come from acquisition filenames	PRIDE https://www.ebi.ac.uk/pride/ws/archive/v3/projects/PXD067866; files/all n=26	Q2	8	Mus musculus (mouse)	26	12	raw	DIA	LFQ	Orbitrap Eclipse	no	no	WTB.pg_matrix.tsv	simple	12	ms-proteomics;vertebrates;dia-acquisition	none_in_pride	no	Verify filename tokens resolve condition and replicate before annotating
PXD067876	include	Small label-free project; mapping must come from acquisition filenames	PRIDE https://www.ebi.ac.uk/pride/ws/archive/v3/projects/PXD067876; files/all n=17	Q2	8	Rattus norvegicus (rat)	17	12	raw	DIA	LFQ	Orbitrap Exploris 480	no	no	report.pg_matrix_125_MVF_PTC_rattus.tsv;checksum.txt	simple	12	ms-proteomics;vertebrates;dia-acquisition	none_in_pride	no	Verify filename tokens resolve condition and replicate before annotating
PXD067877	include	Small label-free project; mapping must come from acquisition filenames	PRIDE https://www.ebi.ac.uk/pride/ws/archive/v3/projects/PXD067877; files/all n=22	Q2	8	Mus musculus (mouse)	22	10	raw	DIA	LFQ	Orbitrap Eclipse	no	no	WTi.pg_matrix.tsv	simple	10	ms-proteomics;vertebrates;dia-acquisition	none_in_pride	no	Verify filename tokens resolve condition and replicate before annotating
PXD067901	include	Small label-free project; mapping must come from acquisition filenames	PRIDE https://www.ebi.ac.uk/pride/ws/archive/v3/projects/PXD067901; files/all n=13	Q2	8	Homo sapiens (human)	13	6	wiff	DIA	LFQ	TripleTOF 6600	no	no	rawdata.csv	simple	6	ms-proteomics;human;dia-acquisition;cell-lines	none_in_pride	no	Verify filename tokens resolve condition and replicate before annotating
PXD067989	include	Small label-free project; mapping must come from acquisition filenames	PRIDE https://www.ebi.ac.uk/pride/ws/archive/v3/projects/PXD067989; files/all n=8	Q2	8	Mus musculus (mouse)	8	6	raw	DIA	LFQ	Orbitrap Exploris 480	no	no	checksum.txt	simple	6	ms-proteomics;vertebrates;dia-acquisition	none_in_pride	no	Verify filename tokens resolve condition and replicate before annotating
PXD068090	include	Small label-free project; mapping must come from acquisition filenames	PRIDE https://www.ebi.ac.uk/pride/ws/archive/v3/projects/PXD068090; files/all n=11	Q2	8	Homo sapiens (human)	11	6	raw	DIA	LFQ	Orbitrap Exploris 480	no	no	report.pg_matrix.tsv;checksum.txt;report.pg_matrix_noContam.tsv	simple	6	ms-proteomics;human;dia-acquisition	none_in_pride	no	Verify filename tokens resolve condition and replicate before annotating
PXD068152	include	Small label-free project; mapping must come from acquisition filenames	PRIDE https://www.ebi.ac.uk/pride/ws/archive/v3/projects/PXD068152; files/all n=14	Q2	8	Mesocestoides corti;Mus musculus (mouse)	14	6	raw	DIA	LFQ	Orbitrap Ascend	no	no	checksum.txt;20250319_Mikes_1744_parasite.xlsx;20250317_Mikes_1744-peptides2.xlsx	simple	6	ms-proteomics;dia-acquisition	none_in_pride	no	Verify filename tokens resolve condition and replicate before annotating
PXD068183	include	Small label-free project; mapping must come from acquisition filenames	PRIDE https://www.ebi.ac.uk/pride/ws/archive/v3/projects/PXD068183; files/all n=13	Q2	8	Homo sapiens (human)	13	12	d.zip	DIA	LFQ	Bruker Daltonics timsTOF series	no	no	TableS1.xlsx	simple	12	ms-proteomics;human;dia-acquisition	none_in_pride	no	Verify filename tokens resolve condition and replicate before annotating
PXD068303	include	Small label-free project; mapping must come from acquisition filenames	PRIDE https://www.ebi.ac.uk/pride/ws/archive/v3/projects/PXD068303; files/all n=11	Q2	8	Sus scrofa (pig)	11	9	d.zip	DIA	LFQ	timsTOF Pro 2	no	no	checksum.txt	simple	9	ms-proteomics;vertebrates;dia-acquisition	none_in_pride	no	Verify filename tokens resolve condition and replicate before annotating
PXD068305	include	Small label-free project; mapping must come from acquisition filenames	PRIDE https://www.ebi.ac.uk/pride/ws/archive/v3/projects/PXD068305; files/all n=16	Q2	8	Mus musculus (mouse)	16	8	raw	DIA	LFQ	Q Exactive HF	no	no	Dataset_9_report.pr_matrix.xlsx;Dataset_4_MaxQuantProteinGroups_3T3L1_adipocytes_SubcellularFractionation_100nM_insulin.xlsx;Dataset_9_report.pg_matrix.xlsx	simple	8	ms-proteomics;vertebrates;dia-acquisition	none_in_pride	no	Verify filename tokens resolve condition and replicate before annotating
PXD068414	include	Small label-free project; mapping must come from acquisition filenames	PRIDE https://www.ebi.ac.uk/pride/ws/archive/v3/projects/PXD068414; files/all n=5	Q2	8	Listeria monocytogenes egd	5	1	d.zip	DIA	LFQ	timsTOF Ultra 2	no	no	checksum.txt	simple	1	ms-proteomics;dia-acquisition	none_in_pride	no	Verify filename tokens resolve condition and replicate before annotating
PXD068423	include	Small label-free project; mapping must come from acquisition filenames	PRIDE https://www.ebi.ac.uk/pride/ws/archive/v3/projects/PXD068423; files/all n=46	Q2	8	Leishmania major strain friedlin	46	12	raw	DIA	LFQ	Orbitrap Exploris 480	no	no	checksum.txt;92307-18-report.manifest.txt;92307-18-report.protein_description.tsv	simple	12	ms-proteomics;dia-acquisition	none_in_pride	no	Verify filename tokens resolve condition and replicate before annotating
PXD068453	include	Small label-free project; mapping must come from acquisition filenames	PRIDE https://www.ebi.ac.uk/pride/ws/archive/v3/projects/PXD068453; files/all n=9	Q2	8	Mus musculus (mouse)	9	6	raw	DIA	LFQ	Orbitrap Exploris 480	no	no	checksum.txt	simple	6	ms-proteomics;vertebrates;dia-acquisition	none_in_pride	no	Verify filename tokens resolve condition and replicate before annotating
PXD068468	include	Small label-free project; mapping must come from acquisition filenames	PRIDE https://www.ebi.ac.uk/pride/ws/archive/v3/projects/PXD068468; files/all n=5	Q2	8	Synechococcus sp. m1	5	3	raw	DIA	LFQ	LTQ Orbitrap Velos	no	no	Search.xlsx;checksum.txt	simple	3	ms-proteomics;dia-acquisition	none_in_pride	no	Verify filename tokens resolve condition and replicate before annotating
PXD068597	include	Small label-free project; mapping must come from acquisition filenames	PRIDE https://www.ebi.ac.uk/pride/ws/archive/v3/projects/PXD068597; files/all n=8	Q2	8	Mus musculus (mouse)	8	6	raw	DIA	LFQ	Orbitrap Fusion Lumos	no	no	checksum.txt;report.pg_matrix.tsv	simple	6	ms-proteomics;vertebrates;dia-acquisition	none_in_pride	no	Verify filename tokens resolve condition and replicate before annotating
PXD068676	include	Small label-free project; mapping must come from acquisition filenames	PRIDE https://www.ebi.ac.uk/pride/ws/archive/v3/projects/PXD068676; files/all n=15	Q2	8	Homo sapiens (human)	15	12	raw	DIA	LFQ	Orbitrap Exploris 480	no	no	EV_report.txt;checksum.txt;cell_report.txt	simple	12	ms-proteomics;human;dia-acquisition	none_in_pride	no	Verify filename tokens resolve condition and replicate before annotating
PXD068773	include	Small label-free project; mapping must come from acquisition filenames	PRIDE https://www.ebi.ac.uk/pride/ws/archive/v3/projects/PXD068773; files/all n=25	Q2	8	Homo sapiens (human)	25	5	d.zip	DIA	LFQ	Mobilion MBI format;Agilent instrument model	no	no	checksum.txt;20250218_153456_QualQuant-Clean-DirectDIA-Arg10Lys8_Report.csv;DDAratio.csv	simple	5	ms-proteomics;human;dia-acquisition	none_in_pride	no	Verify filename tokens resolve condition and replicate before annotating
PXD068859	include	Small label-free project; mapping must come from acquisition filenames	PRIDE https://www.ebi.ac.uk/pride/ws/archive/v3/projects/PXD068859; files/all n=16	Q2	8	Cercopithecus aethiops (green monkey) (grivet)	16	6	d.zip	DIA	LFQ	timsTOF HT	no	no	checksum.txt;diaParameters.xlsx;files_description.txt	simple	6	ms-proteomics;dia-acquisition	none_in_pride	no	Verify filename tokens resolve condition and replicate before annotating
PXD068879	include	Small label-free project; mapping must come from acquisition filenames	PRIDE https://www.ebi.ac.uk/pride/ws/archive/v3/projects/PXD068879; files/all n=14	Q2	8	Homo sapiens (human)	14	12	raw	DIA	LFQ	Orbitrap Ascend	no	no	checksum.txt;202410_hc_wtko_dia24spd_report.pg_matrix.xlsx	simple	12	ms-proteomics;human;dia-acquisition	none_in_pride	no	Verify filename tokens resolve condition and replicate before annotating
PXD068926	include	Small label-free project; mapping must come from acquisition filenames	PRIDE https://www.ebi.ac.uk/pride/ws/archive/v3/projects/PXD068926; files/all n=8	Q2	8	Mycobacterium tuberculosis h37rv	8	6	raw	DIA	LFQ	Orbitrap Astral	no	no	report.pr_matrix.tsv;checksum.txt	simple	6	ms-proteomics;dia-acquisition	none_in_pride	no	Verify filename tokens resolve condition and replicate before annotating
PXD068965	include	Small label-free project; mapping must come from acquisition filenames	PRIDE https://www.ebi.ac.uk/pride/ws/archive/v3/projects/PXD068965; files/all n=4	Q2	8	Mus musculus (mouse)	4	2	raw	DIA	LFQ	Orbitrap Exploris 480	no	no	checksum.txt	simple	2	ms-proteomics;vertebrates;dia-acquisition	none_in_pride	no	Verify filename tokens resolve condition and replicate before annotating
PXD069033	include	Small label-free project; mapping must come from acquisition filenames	PRIDE https://www.ebi.ac.uk/pride/ws/archive/v3/projects/PXD069033; files/all n=10	Q2	8	Rattus norvegicus (rat)	10	8	raw	DIA	LFQ	Orbitrap Exploris 480	no	no	checksum.txt	simple	8	ms-proteomics;vertebrates;dia-acquisition	none_in_pride	no	Verify filename tokens resolve condition and replicate before annotating
PXD069054	include	Small label-free project; mapping must come from acquisition filenames	PRIDE https://www.ebi.ac.uk/pride/ws/archive/v3/projects/PXD069054; files/all n=8	Q2	8	Homo sapiens (human)	8	5	d.7z	DIA	LFQ	timsTOF Pro 2	no	no	20250907_160237_Spectronaut_results.7z	simple	5	ms-proteomics;human;dia-acquisition	none_in_pride	no	Verify filename tokens resolve condition and replicate before annotating
PXD069140	include	Small label-free project; mapping must come from acquisition filenames	PRIDE https://www.ebi.ac.uk/pride/ws/archive/v3/projects/PXD069140; files/all n=19	Q2	8	Homo sapiens (human)	19	10	raw	DIA	LFQ	Q Exactive HF	no	no	checksum.txt;HFX7_FFRA23H0004_PeptideGroups.txt;HFX7_FFRA23H0004_Proteins.txt	simple	10	ms-proteomics;human;dia-acquisition;cell-lines	none_in_pride	no	Verify filename tokens resolve condition and replicate before annotating
PXD069190	include	Small label-free project; mapping must come from acquisition filenames	PRIDE https://www.ebi.ac.uk/pride/ws/archive/v3/projects/PXD069190; files/all n=14	Q2	8	Pseudomonas aeruginosa (strain ucbpp-pa14);Bacteria	14	12	raw	DIA	LFQ	Q Exactive HF	no	no	Spectronaut_052_2024_PRIDE.xlsx	simple	12	ms-proteomics;dia-acquisition	none_in_pride	no	Verify filename tokens resolve condition and replicate before annotating
PXD069209	include	Small label-free project; mapping must come from acquisition filenames	PRIDE https://www.ebi.ac.uk/pride/ws/archive/v3/projects/PXD069209; files/all n=17	Q2	8	Sus scrofa domesticus (domestic pig)	17	1	d.zip	DIA	LFQ	timsTOF Pro 2	no	no	checksum.txt	simple	1	ms-proteomics;vertebrates;dia-acquisition	none_in_pride	no	Verify filename tokens resolve condition and replicate before annotating
PXD069218	include	Small label-free project; mapping must come from acquisition filenames	PRIDE https://www.ebi.ac.uk/pride/ws/archive/v3/projects/PXD069218; files/all n=8	Q2	8	Mus musculus (mouse)	8	6	raw	DIA	LFQ	Orbitrap Exploris 480	no	no	20220131_BG_X009_DIANN_report.pg_matrix.tsv	simple	6	ms-proteomics;vertebrates;dia-acquisition	none_in_pride	no	Verify filename tokens resolve condition and replicate before annotating
PXD069285	include	Small label-free project; mapping must come from acquisition filenames	PRIDE https://www.ebi.ac.uk/pride/ws/archive/v3/projects/PXD069285; files/all n=12	Q2	8	Mus musculus (mouse)	12	10	d.zip	DIA	LFQ	timsTOF fleX	no	no	checksum.txt	simple	10	ms-proteomics;vertebrates;dia-acquisition	none_in_pride	no	Verify filename tokens resolve condition and replicate before annotating
PXD069389	include	Small label-free project; mapping must come from acquisition filenames	PRIDE https://www.ebi.ac.uk/pride/ws/archive/v3/projects/PXD069389; files/all n=18	Q2	8	Mus musculus (mouse)	18	8	d.zip	DIA	LFQ	timsTOF HT	no	no	checksum.txt	simple	8	ms-proteomics;vertebrates;dia-acquisition	none_in_pride	no	Verify filename tokens resolve condition and replicate before annotating
PXD069457	include	Small label-free project; mapping must come from acquisition filenames	PRIDE https://www.ebi.ac.uk/pride/ws/archive/v3/projects/PXD069457; files/all n=8	Q2	8	Arabidopsis thaliana (mouse-ear cress)	8	6	d.zip	DIA	LFQ	timsTOF Pro 2	no	no	checksum.txt	simple	6	ms-proteomics;plants;dia-acquisition	none_in_pride	no	Verify filename tokens resolve condition and replicate before annotating
PXD069489	include	Small label-free project; mapping must come from acquisition filenames	PRIDE https://www.ebi.ac.uk/pride/ws/archive/v3/projects/PXD069489; files/all n=14	Q2	8	Homo sapiens (human)	14	12	raw	DIA	LFQ	Orbitrap Exploris 480	no	no	checksum.txt	simple	12	ms-proteomics;human;dia-acquisition	none_in_pride	no	Verify filename tokens resolve condition and replicate before annotating
PXD069521	include	Small label-free project; mapping must come from acquisition filenames	PRIDE https://www.ebi.ac.uk/pride/ws/archive/v3/projects/PXD069521; files/all n=631	Q2	8	Haemophilus influenzae;Lacticaseibacillus casei;Faecalibacterium prausnitzii;Prevotella corporis;Bifidobacterium adolescentis;Saccharomyces cerevisiae (baker's yeast);Staphylococcus epidermidis;Aerococcus viridans;Limosilactobacillus fermentum;Enterococcus faecalis (streptococcus faecalis);Bacteroides fragilis;Salmonella enterica subsp. enterica serovar rissen str. 150;Enterobacter cloacae;Roseburia hominis;Klebsiella pneumoniae;Candida albicans (yeast);Escherichia coli;Fusobacterium nucleatum;Clostridioides difficile;Clostridium perfringens;Methanobrevibacter smithii;Streptococcus agalactiae stir-cd-17;Akkermansia muciniphila;Veillonella rogosae	631	1	raw	DIA	LFQ	ZenoTOF 7600+;Orbitrap Astral	no	no	random_reduced_lib_30_report.pg_matrix.tsv;fine_tuned_reduced_lib_replicat_2_80_report.log.txt;fine_tuned_reduced_lib_replicat_3_60_report.manifest.txt	simple	1	ms-proteomics;dia-acquisition	none_in_pride	no	Verify filename tokens resolve condition and replicate before annotating
PXD069569	include	Small label-free project; mapping must come from acquisition filenames	PRIDE https://www.ebi.ac.uk/pride/ws/archive/v3/projects/PXD069569; files/all n=12	Q2	8	Mus musculus (mouse)	12	10	d.zip	DIA	LFQ	timsTOF HT	no	no	checksum.txt	simple	10	ms-proteomics;vertebrates;dia-acquisition	none_in_pride	no	Verify filename tokens resolve condition and replicate before annotating
PXD069605	include	Small label-free project; mapping must come from acquisition filenames	PRIDE https://www.ebi.ac.uk/pride/ws/archive/v3/projects/PXD069605; files/all n=31	Q2	8	Homo sapiens (human)	31	11	d.zip	DIA	LFQ	timsTOF HT	no	no	checksum.txt;250402_ID3KO_summary.xlsx;global2_report.pg_matrix.tsv	simple	11	ms-proteomics;human;dia-acquisition	none_in_pride	no	Verify filename tokens resolve condition and replicate before annotating
PXD069615	include	Small label-free project; mapping must come from acquisition filenames	PRIDE https://www.ebi.ac.uk/pride/ws/archive/v3/projects/PXD069615; files/all n=42	Q2	8	Homo sapiens (human)	42	12	raw	DIA	LFQ	Orbitrap Astral	no	no	Pres-034_report.pr_matrix.tsv;checksum.txt;Pres-034_report.pg_matrix.tsv	simple	12	ms-proteomics;human;dia-acquisition	none_in_pride	no	Verify filename tokens resolve condition and replicate before annotating
PXD069673	include	Small label-free project; mapping must come from acquisition filenames	PRIDE https://www.ebi.ac.uk/pride/ws/archive/v3/projects/PXD069673; files/all n=11	Q2	8	Arabidopsis thaliana (mouse-ear cress)	11	9	raw	DDA	LFQ	Q Exactive Plus	no	no	checksum.txt	simple	9	ms-proteomics;plants	none_in_pride	no	Verify filename tokens resolve condition and replicate before annotating
PXD069734	include	Small label-free project; mapping must come from acquisition filenames	PRIDE https://www.ebi.ac.uk/pride/ws/archive/v3/projects/PXD069734; files/all n=15	Q2	8	Homo sapiens (human)	15	6	wiff	DIA	LFQ	TripleTOF 6600	no	no	RawSWATHDATA.xlsx;checksum.txt;swath_combined_lib.xlsx	simple	6	ms-proteomics;human;dia-acquisition	none_in_pride	no	Verify filename tokens resolve condition and replicate before annotating
PXD069806	include	Small label-free project; mapping must come from acquisition filenames	PRIDE https://www.ebi.ac.uk/pride/ws/archive/v3/projects/PXD069806; files/all n=10	Q2	8	Homo sapiens (human)	10	8	raw	DIA	LFQ	Q Exactive HF	no	no	checksum.txt	simple	8	ms-proteomics;human;dia-acquisition	none_in_pride	no	Verify filename tokens resolve condition and replicate before annotating
PXD069854	include	Small label-free project; mapping must come from acquisition filenames	PRIDE https://www.ebi.ac.uk/pride/ws/archive/v3/projects/PXD069854; files/all n=10	Q2	8	Homo sapiens (human)	10	6	raw	DDA	LFQ	Orbitrap Exploris 480	no	no	NQTGG.txt;checksum.txt;QQTGG.txt	simple	6	ms-proteomics;human	none_in_pride	no	Verify filename tokens resolve condition and replicate before annotating
PXD069889	include	Small label-free project; mapping must come from acquisition filenames	PRIDE https://www.ebi.ac.uk/pride/ws/archive/v3/projects/PXD069889; files/all n=11	Q2	8	Physcomitrella;Physcomitrella patens subsp. patens (moss)	11	8	raw	DIA	LFQ	Q Exactive HF	no	no	checksum.txt;report.pr_matrix.tsv	simple	8	ms-proteomics;dia-acquisition	none_in_pride	no	Verify filename tokens resolve condition and replicate before annotating
PXD069896	include	Small label-free project; mapping must come from acquisition filenames	PRIDE https://www.ebi.ac.uk/pride/ws/archive/v3/projects/PXD069896; files/all n=14	Q2	8	Homo sapiens (human)	14	12	d.zip	DIA	LFQ	timsTOF Pro	no	no	DiaPASEF_DIA_NN_NoNormalization.csv;checksum.txt	simple	12	ms-proteomics;human;dia-acquisition	none_in_pride	no	Verify filename tokens resolve condition and replicate before annotating
PXD069942	include	Small label-free project; mapping must come from acquisition filenames	PRIDE https://www.ebi.ac.uk/pride/ws/archive/v3/projects/PXD069942; files/all n=6	Q2	8	Pseudomonas aeruginosa pao1	6	3	raw	DIA	LFQ	LTQ Orbitrap Elite	no	no	report.pg_matrix.tsv;checksum.txt;report.pr_matrix.tsv	simple	3	ms-proteomics;dia-acquisition	none_in_pride	no	Verify filename tokens resolve condition and replicate before annotating
PXD070016	include	Small label-free project; mapping must come from acquisition filenames	PRIDE https://www.ebi.ac.uk/pride/ws/archive/v3/projects/PXD070016; files/all n=11	Q2	8	Felis chaus	11	9	raw	DIA	LFQ	Q Exactive	no	no	peptide.xls;checksum.txt	simple	9	ms-proteomics;dia-acquisition	none_in_pride	no	Verify filename tokens resolve condition and replicate before annotating
PXD070105	include	Small label-free project; mapping must come from acquisition filenames	PRIDE https://www.ebi.ac.uk/pride/ws/archive/v3/projects/PXD070105; files/all n=5	Q2	8	Pseudomonas aeruginosa pao1	5	2	raw	DIA	LFQ	LTQ Orbitrap Elite	no	no	report.pg_matrix.tsv;report.pr_matrix.tsv;checksum.txt	simple	2	ms-proteomics;dia-acquisition	none_in_pride	no	Verify filename tokens resolve condition and replicate before annotating
PXD070161	include	Small label-free project; mapping must come from acquisition filenames	PRIDE https://www.ebi.ac.uk/pride/ws/archive/v3/projects/PXD070161; files/all n=13	Q2	8	Plasmodium berghei anka	13	4	d.zip	DDA	LFQ	timsTOF Pro	no	no	checksum.txt	simple	4	ms-proteomics	none_in_pride	no	Verify filename tokens resolve condition and replicate before annotating
PXD070174	include	Small label-free project; mapping must come from acquisition filenames	PRIDE https://www.ebi.ac.uk/pride/ws/archive/v3/projects/PXD070174; files/all n=14	Q2	8	Methanobrevibacter olleyae	14	10	raw	DIA	LFQ	Orbitrap Astral	no	no	report.pg_matrix.tsv;checksum.txt;report.pg_Standardized_matrix.tsv	simple	10	ms-proteomics;dia-acquisition	none_in_pride	no	Verify filename tokens resolve condition and replicate before annotating
PXD070363	include	Small label-free project; mapping must come from acquisition filenames	PRIDE https://www.ebi.ac.uk/pride/ws/archive/v3/projects/PXD070363; files/all n=17	Q2	8	Mus musculus (mouse)	17	1	d.zip	DIA	LFQ	timsTOF SCP	no	no	DIA-NN_report.zip	simple	1	ms-proteomics;vertebrates;dia-acquisition	none_in_pride	no	Verify filename tokens resolve condition and replicate before annotating
PXD070406	include	Small label-free project; mapping must come from acquisition filenames	PRIDE https://www.ebi.ac.uk/pride/ws/archive/v3/projects/PXD070406; files/all n=15	Q2	8	Homo sapiens (human)	15	12	raw	DIA	LFQ	Q Exactive Plus	no	no	checksum.txt	simple	12	ms-proteomics;human;dia-acquisition	none_in_pride	no	Verify filename tokens resolve condition and replicate before annotating
PXD070408	include	Small label-free project; mapping must come from acquisition filenames	PRIDE https://www.ebi.ac.uk/pride/ws/archive/v3/projects/PXD070408; files/all n=4	Q2	8	Homo sapiens (human)	4	1	raw	DIA	LFQ	Orbitrap Astral	no	no	20250430_122431_G151DP-VG-KC_Report.tsv;checksum.txt	simple	1	ms-proteomics;human;dia-acquisition;cell-lines	none_in_pride	no	Verify filename tokens resolve condition and replicate before annotating
PXD070420	include	Small label-free project; mapping must come from acquisition filenames	PRIDE https://www.ebi.ac.uk/pride/ws/archive/v3/projects/PXD070420; files/all n=41	Q2	8	Saccharomyces cerevisiae (baker's yeast);Homo sapiens (human)	41	6	wiff	DIA	LFQ	ZenoTOF 7600;timsTOF Ultra	no	no	photip-ciap-ph.log.txt;human-photip-ciap-based.log.txt;photip-ph.log.txt	simple	6	ms-proteomics;dia-acquisition	none_in_pride	no	Verify filename tokens resolve condition and replicate before annotating
PXD070427	include	Small label-free project; mapping must come from acquisition filenames	PRIDE https://www.ebi.ac.uk/pride/ws/archive/v3/projects/PXD070427; files/all n=3	Q2	8	Homo sapiens (human)	3	1	d.zip	DIA	LFQ	timsTOF Pro	no	no	checksum.txt	simple	1	ms-proteomics;human;dia-acquisition	none_in_pride	no	Verify filename tokens resolve condition and replicate before annotating
PXD070456	include	Small label-free project; mapping must come from acquisition filenames	PRIDE https://www.ebi.ac.uk/pride/ws/archive/v3/projects/PXD070456; files/all n=13	Q2	8	Rattus rattus (black rat)	13	8	raw	DIA	LFQ	Orbitrap Exploris 480	no	no	PRIDE_3053_Experiment.tsv;3053_report_MBR_forManuscript.log.txt;3053_report_MBR_forManuscript.tsv	simple	8	ms-proteomics;dia-acquisition	none_in_pride	no	Verify filename tokens resolve condition and replicate before annotating
PXD070465	include	Small label-free project; mapping must come from acquisition filenames	PRIDE https://www.ebi.ac.uk/pride/ws/archive/v3/projects/PXD070465; files/all n=24	Q2	8	Schwanniomyces etchellsii	24	10	wiff	DIA	LFQ	TripleTOF 6600+	no	no	checksum.txt;RESULTATS_MO_SWATH_YEAST.xlsx;MO_191030_L_Uniprot_Yeast_FDR__FDR.xlsx	simple	10	ms-proteomics;dia-acquisition	none_in_pride	no	Verify filename tokens resolve condition and replicate before annotating
PXD070490	include	Small label-free project; mapping must come from acquisition filenames	PRIDE https://www.ebi.ac.uk/pride/ws/archive/v3/projects/PXD070490; files/all n=11	Q2	8	Felis chaus	11	9	raw	DIA	LFQ	Q Exactive HF	no	no	search_db.xls;checksum.txt	simple	9	ms-proteomics;dia-acquisition	none_in_pride	no	Verify filename tokens resolve condition and replicate before annotating
PXD070506	include	Small label-free project; mapping must come from acquisition filenames	PRIDE https://www.ebi.ac.uk/pride/ws/archive/v3/projects/PXD070506; files/all n=15	Q2	8	Porphyromonas gingivalis	15	6	raw	DIA	LFQ	Orbitrap Exploris 480	no	no	checksum.txt;GeCon_Report_1071_BGS_Factory_Report_Normal.tsv;GeCon_Report_1071_CP_01_with_unique_iBAQ.tsv	simple	6	ms-proteomics;dia-acquisition	none_in_pride	no	Verify filename tokens resolve condition and replicate before annotating
PXD070529	include	Small label-free project; mapping must come from acquisition filenames	PRIDE https://www.ebi.ac.uk/pride/ws/archive/v3/projects/PXD070529; files/all n=4	Q2	8	Mus musculus (mouse)	4	1	raw	DDA	LFQ	Q Exactive HF	no	no	checksum.txt;peptides.txt;proteinGroups.txt	simple	1	ms-proteomics;vertebrates	none_in_pride	no	Verify filename tokens resolve condition and replicate before annotating
PXD070554	include	Small label-free project; mapping must come from acquisition filenames	PRIDE https://www.ebi.ac.uk/pride/ws/archive/v3/projects/PXD070554; files/all n=26	Q2	8	Schwanniomyces etchellsii	26	11	wiff	DIA	LFQ	TripleTOF 6600	no	no	SWATH-OD7_ALL.xlsx;MO_SWATH3_201107_LIBRARY_Uniprot_Yeast_FDR__FDR.xlsx;checksum.txt	simple	11	ms-proteomics;dia-acquisition	none_in_pride	no	Verify filename tokens resolve condition and replicate before annotating
PXD070596	include	Small label-free project; mapping must come from acquisition filenames	PRIDE https://www.ebi.ac.uk/pride/ws/archive/v3/projects/PXD070596; files/all n=31	Q2	8	Schwanniomyces etchellsii	31	11	wiff	DIA	LFQ	TripleTOF 6600+	no	no	MO_191030_LIBRARY_SWATH2__FDR.xlsx;checksum.txt;MO_SWATH4_ALL.xlsx	simple	11	ms-proteomics;dia-acquisition	none_in_pride	no	Verify filename tokens resolve condition and replicate before annotating
PXD070642	include	Small label-free project; mapping must come from acquisition filenames	PRIDE https://www.ebi.ac.uk/pride/ws/archive/v3/projects/PXD070642; files/all n=30	Q2	8	Aspergillus oryzae rib40;Pisum sativum (garden pea)	30	9	raw	DDA	LFQ	Orbitrap Exploris 480	no	no	checksum.txt;combined_protein.tsv	simple	9	ms-proteomics	none_in_pride	no	Verify filename tokens resolve condition and replicate before annotating
PXD070766	include	Small label-free project; mapping must come from acquisition filenames	PRIDE https://www.ebi.ac.uk/pride/ws/archive/v3/projects/PXD070766; files/all n=14	Q2	8	Mycobacterium tuberculosis	14	12	d.zip	DIA	LFQ	Bruker Daltonics timsTOF series	no	no	2563JB_H37Rv_ProteinQuant.xlsx;checksum.txt	simple	12	ms-proteomics;dia-acquisition	none_in_pride	no	Verify filename tokens resolve condition and replicate before annotating
PXD070848	include	Small label-free project; mapping must come from acquisition filenames	PRIDE https://www.ebi.ac.uk/pride/ws/archive/v3/projects/PXD070848; files/all n=13	Q2	8	Mus musculus (mouse)	13	9	raw	DDA	LFQ	Orbitrap Exploris 480	no	no	checksum.txt	simple	9	ms-proteomics;vertebrates	none_in_pride	no	Verify filename tokens resolve condition and replicate before annotating
PXD070899	include	Small label-free project; mapping must come from acquisition filenames	PRIDE https://www.ebi.ac.uk/pride/ws/archive/v3/projects/PXD070899; files/all n=14	Q2	8	Saccharomyces cerevisiae (baker's yeast)	14	12	raw	DIA	LFQ	Orbitrap Fusion Lumos	no	no	checksum.txt	simple	12	ms-proteomics;dia-acquisition	none_in_pride	no	Verify filename tokens resolve condition and replicate before annotating
PXD070900	include	Small label-free project; mapping must come from acquisition filenames	PRIDE https://www.ebi.ac.uk/pride/ws/archive/v3/projects/PXD070900; files/all n=14	Q2	8	Mus musculus (mouse)	14	8	raw	DIA	LFQ	Orbitrap Exploris 480	no	no	checksum.txt;output_AZ1050-1.tsv;conditions_AZ1050-1.tsv	simple	8	ms-proteomics;vertebrates;dia-acquisition	none_in_pride	no	Verify filename tokens resolve condition and replicate before annotating
PXD070902	include	Small label-free project; mapping must come from acquisition filenames	PRIDE https://www.ebi.ac.uk/pride/ws/archive/v3/projects/PXD070902; files/all n=15	Q2	8	Drosophila melanogaster (fruit fly)	15	6	raw;raw.zip	DIA	LFQ	LTQ Orbitrap	no	no	24254_Final_main_output.tsv;checksum.txt	simple	6	ms-proteomics;invertebrates;dia-acquisition	none_in_pride	no	Verify filename tokens resolve condition and replicate before annotating
PXD070949	include	Small label-free project; mapping must come from acquisition filenames	PRIDE https://www.ebi.ac.uk/pride/ws/archive/v3/projects/PXD070949; files/all n=8	Q2	8	Escherichia phage hildybeyeler;Escherichia coli	8	6	raw	DIA	LFQ	Orbitrap Exploris 480	no	no	checksum.txt;report.tsv	simple	6	ms-proteomics;dia-acquisition	none_in_pride	no	Verify filename tokens resolve condition and replicate before annotating
PXD070997	include	Small label-free project; mapping must come from acquisition filenames	PRIDE https://www.ebi.ac.uk/pride/ws/archive/v3/projects/PXD070997; files/all n=9	Q2	8	Homo sapiens (human)	9	6	raw	DIA	LFQ	Orbitrap Astral	no	no	proteinGruops.tsv;peptide.tsv;checksum.txt	simple	6	ms-proteomics;human;dia-acquisition	none_in_pride	no	Verify filename tokens resolve condition and replicate before annotating
PXD071037	include	Small label-free project; mapping must come from acquisition filenames	PRIDE https://www.ebi.ac.uk/pride/ws/archive/v3/projects/PXD071037; files/all n=15	Q2	8	Homo sapiens (human);Mus musculus (mouse)	15	12	raw	DIA	LFQ	Q Exactive HF	no	no	checksum.txt;20211125_101057_NME_GPS_idiopathic_NME123_Report.xlsx	simple	12	ms-proteomics;dia-acquisition	none_in_pride	no	Verify filename tokens resolve condition and replicate before annotating
PXD071042	include	Small label-free project; mapping must come from acquisition filenames	PRIDE https://www.ebi.ac.uk/pride/ws/archive/v3/projects/PXD071042; files/all n=14	Q2	8	Homo sapiens (human)	14	6	raw	DIA	LFQ	Q Exactive HF	no	no	checksum.txt;reportCoIP.unique_genes_matrix.tsv;reportCoIP.stats.tsv	simple	6	ms-proteomics;human;dia-acquisition	none_in_pride	no	Verify filename tokens resolve condition and replicate before annotating
PXD071048	include	Small label-free project; mapping must come from acquisition filenames	PRIDE https://www.ebi.ac.uk/pride/ws/archive/v3/projects/PXD071048; files/all n=11	Q2	8	Homo sapiens (human)	11	6	raw	DIA	LFQ	Orbitrap Astral	no	no	checksum.txt;X0142250401_DIA_phospho_Report_protein.tsv;X0142250401_DIA_phospho_Report_peptide.tsv	simple	6	ms-proteomics;human;dia-acquisition	none_in_pride	no	Verify filename tokens resolve condition and replicate before annotating
PXD071059	include	Small label-free project; mapping must come from acquisition filenames	PRIDE https://www.ebi.ac.uk/pride/ws/archive/v3/projects/PXD071059; files/all n=14	Q2	8	Staphylococcus aureus	14	12	raw	DDA	LFQ	Q Exactive	no	no	checksum.txt;JB_250603_0.01FDR_60min_gradient.xlsx	simple	12	ms-proteomics	none_in_pride	no	Verify filename tokens resolve condition and replicate before annotating
PXD071195	include	Small label-free project; mapping must come from acquisition filenames	PRIDE https://www.ebi.ac.uk/pride/ws/archive/v3/projects/PXD071195; files/all n=17	Q2	8	Homo sapiens (human)	17	12	d.zip;raw	DIA	LFQ	timsTOF Pro 2;Q Exactive HF	no	no	20250305_110242_20230512_ThS_Jurkat_ALL_E8_WT_Report.tsv;20230523_ThS_uPhos_TIMS_E8_Report_Peptide_Collapse_ThS.txt;checksum.txt	simple	12	ms-proteomics;human;dia-acquisition;cell-lines	none_in_pride	no	Verify filename tokens resolve condition and replicate before annotating
PXD071213	include	Small label-free project; mapping must come from acquisition filenames	PRIDE https://www.ebi.ac.uk/pride/ws/archive/v3/projects/PXD071213; files/all n=12	Q2	8	Xenopus laevis (african clawed frog)	12	10	raw	DIA	LFQ	Orbitrap Fusion Lumos	no	no	checksum.txt	simple	10	ms-proteomics;dia-acquisition	none_in_pride	no	Verify filename tokens resolve condition and replicate before annotating
PXD071250	include	Small label-free project; mapping must come from acquisition filenames	PRIDE https://www.ebi.ac.uk/pride/ws/archive/v3/projects/PXD071250; files/all n=7	Q2	8	Escherichia coli	7	4	raw	DDA	LFQ	Q Exactive HF	no	no	checksum.txt	simple	4	ms-proteomics	none_in_pride	no	Verify filename tokens resolve condition and replicate before annotating
PXD071342	include	Small label-free project; mapping must come from acquisition filenames	PRIDE https://www.ebi.ac.uk/pride/ws/archive/v3/projects/PXD071342; files/all n=12	Q2	8	Streptomyces albus j1074	12	6	raw.zip	DIA	LFQ	Synapt XS	no	no	250512_ZMM_MDE_Perseus_output.csv;checksum.txt;250512_ZMM_MDE_QiP_peptide_output.csv	simple	6	ms-proteomics;dia-acquisition	none_in_pride	no	Verify filename tokens resolve condition and replicate before annotating
PXD071430	include	Small label-free project; mapping must come from acquisition filenames	PRIDE https://www.ebi.ac.uk/pride/ws/archive/v3/projects/PXD071430; files/all n=675	Q2	8	Zebrafish metagenome	675	9	raw	DIA	LFQ	Orbitrap Fusion Lumos	no	no	lfq.dia.peptides.csv;lfq.dia.proteins.csv;lfq.dia.features.csv	simple	9	ms-proteomics;dia-acquisition	none_in_pride	no	Verify filename tokens resolve condition and replicate before annotating
PXD071461	include	Small label-free project; mapping must come from acquisition filenames	PRIDE https://www.ebi.ac.uk/pride/ws/archive/v3/projects/PXD071461; files/all n=5	Q2	8	Fusarium oxysporum f. sp. lycopersici 4286	5	3	raw	DIA	LFQ	Orbitrap Astral	no	no	checksum.txt	simple	3	ms-proteomics;dia-acquisition	none_in_pride	no	Verify filename tokens resolve condition and replicate before annotating
PXD071473	include	Small label-free project; mapping must come from acquisition filenames	PRIDE https://www.ebi.ac.uk/pride/ws/archive/v3/projects/PXD071473; files/all n=5	Q2	8	Homo sapiens (human)	5	2	raw.zip	DIA	LFQ	timsTOF HT	no	no	checksum.txt	simple	2	ms-proteomics;human;dia-acquisition	none_in_pride	no	Verify filename tokens resolve condition and replicate before annotating
PXD071483	include	Small label-free project; mapping must come from acquisition filenames	PRIDE https://www.ebi.ac.uk/pride/ws/archive/v3/projects/PXD071483; files/all n=17	Q2	8	Mus musculus (mouse)	17	12	raw	DIA	LFQ	Orbitrap Exploris 480	no	no	4547_report_MBR.tsv;4547_report_MBR.log.txt;checksum.txt	simple	12	ms-proteomics;vertebrates;dia-acquisition	none_in_pride	no	Verify filename tokens resolve condition and replicate before annotating
PXD071487	include	Small label-free project; mapping must come from acquisition filenames	PRIDE https://www.ebi.ac.uk/pride/ws/archive/v3/projects/PXD071487; files/all n=19	Q2	8	Mus musculus (mouse)	19	8	d.zip	DDA	LFQ	timsTOF Pro 2	no	no	2220002-LFQ-Proteins-KO-vs-WT.xlsx;checksum.txt	simple	8	ms-proteomics;vertebrates	none_in_pride	no	Verify filename tokens resolve condition and replicate before annotating
PXD071589	include	Small label-free project; mapping must come from acquisition filenames	PRIDE https://www.ebi.ac.uk/pride/ws/archive/v3/projects/PXD071589; files/all n=12	Q2	8	Rattus norvegicus (rat)	12	10	d.zip	DIA	LFQ	timsTOF Ultra 2	no	no	DAE429_Gel_Megalin_reportfirstpass.phosphosites_90.tsv.xlsx;checksum.txt	simple	10	ms-proteomics;vertebrates;dia-acquisition	none_in_pride	no	Verify filename tokens resolve condition and replicate before annotating
PXD071639	include	Small label-free project; mapping must come from acquisition filenames	PRIDE https://www.ebi.ac.uk/pride/ws/archive/v3/projects/PXD071639; files/all n=8	Q2	8	Homo sapiens (human)	8	6	raw	DIA	LFQ	Orbitrap Fusion Lumos	no	no	checksum.txt	simple	6	ms-proteomics;human;dia-acquisition	none_in_pride	no	Verify filename tokens resolve condition and replicate before annotating
PXD071717	include	Small label-free project; mapping must come from acquisition filenames	PRIDE https://www.ebi.ac.uk/pride/ws/archive/v3/projects/PXD071717; files/all n=16	Q2	8	Pinctada fucata	16	12	raw	DIA	LFQ	Orbitrap Fusion	no	no	ESM_DIA_for_DDAvsDIA_comparison_MQresult.txt;ESM_DDA_for_DDAvsDIA_comparison_MQresult.txt;Whole_nacreous_layer_DIA_MQresult.txt	simple	12	ms-proteomics;dia-acquisition	none_in_pride	no	Verify filename tokens resolve condition and replicate before annotating
PXD071722	include	Small label-free project; mapping must come from acquisition filenames	PRIDE https://www.ebi.ac.uk/pride/ws/archive/v3/projects/PXD071722; files/all n=11	Q2	8	Bos taurus (bovine)	11	9	d.zip	DDA	LFQ	timsTOF Pro 2	no	no	checksum.txt	simple	9	ms-proteomics;vertebrates	none_in_pride	no	Verify filename tokens resolve condition and replicate before annotating
PXD071741	include	Small label-free project; mapping must come from acquisition filenames	PRIDE https://www.ebi.ac.uk/pride/ws/archive/v3/projects/PXD071741; files/all n=11	Q2	8	Homo sapiens (human)	11	6	raw	DDA	LFQ	Orbitrap Exploris 480	no	no	summary.txt;checksum.txt;parameters.txt	simple	6	ms-proteomics;human	none_in_pride	no	Verify filename tokens resolve condition and replicate before annotating
PXD071790	include	Small label-free project; mapping must come from acquisition filenames	PRIDE https://www.ebi.ac.uk/pride/ws/archive/v3/projects/PXD071790; files/all n=12	Q2	8	Mus musculus (mouse)	12	8	raw	DDA	LFQ	Orbitrap Fusion	no	no	checksum.txt	simple	8	ms-proteomics;vertebrates	none_in_pride	no	Verify filename tokens resolve condition and replicate before annotating
PXD071884	include	Small label-free project; mapping must come from acquisition filenames	PRIDE https://www.ebi.ac.uk/pride/ws/archive/v3/projects/PXD071884; files/all n=8	Q2	8	Homo sapiens (human)	8	6	raw	DDA	LFQ	Q Exactive	no	no	Results.xlsx;checksum.txt	simple	6	ms-proteomics;human	none_in_pride	no	Verify filename tokens resolve condition and replicate before annotating
PXD071897	include	Small label-free project; mapping must come from acquisition filenames	PRIDE https://www.ebi.ac.uk/pride/ws/archive/v3/projects/PXD071897; files/all n=11	Q2	8	Mus musculus (mouse)	11	10	raw	DIA	LFQ	Orbitrap Exploris 240	no	no	checksum.txt	simple	10	ms-proteomics;vertebrates;dia-acquisition	none_in_pride	no	Verify filename tokens resolve condition and replicate before annotating
PXD071911	include	Small label-free project; mapping must come from acquisition filenames	PRIDE https://www.ebi.ac.uk/pride/ws/archive/v3/projects/PXD071911; files/all n=13	Q2	8	Oreochromis niloticus	13	6	d.zip	DDA	LFQ	timsTOF Pro 2	no	no	2_UGE_1_S1-A11_1_2040.txt;checksum.txt;2_UGE_2_S1-A12_1_2041.txt	simple	6	ms-proteomics	none_in_pride	no	Verify filename tokens resolve condition and replicate before annotating
PXD071945	include	Small label-free project; mapping must come from acquisition filenames	PRIDE https://www.ebi.ac.uk/pride/ws/archive/v3/projects/PXD071945; files/all n=39	Q2	8	Escherichia coli (strain k12);Staphylococcus aureus subsp. aureus nctc 8325	39	8	raw	DIA	LFQ	Orbitrap Eclipse;timsTOF Pro	no	no	diannpar.txt	simple	8	ms-proteomics;dia-acquisition	none_in_pride	no	Verify filename tokens resolve condition and replicate before annotating
PXD071946	include	Small label-free project; mapping must come from acquisition filenames	PRIDE https://www.ebi.ac.uk/pride/ws/archive/v3/projects/PXD071946; files/all n=9	Q2	8	Klebsiella pneumoniae subsp. pneumoniae kpq3	9	6	d.zip	DIA	LFQ	maXis	no	no	checksum.txt;report.tsv	simple	6	ms-proteomics;dia-acquisition	none_in_pride	no	Verify filename tokens resolve condition and replicate before annotating
PXD072104	include	Small label-free project; mapping must come from acquisition filenames	PRIDE https://www.ebi.ac.uk/pride/ws/archive/v3/projects/PXD072104; files/all n=8	Q2	8	Homo sapiens (human)	8	4	raw	DIA	LFQ	Orbitrap Exploris 480	no	no	Result.xlsx;IdentifiedAndQuantifiedProteins.tsv;checksum.txt	simple	4	ms-proteomics;human;dia-acquisition	none_in_pride	no	Verify filename tokens resolve condition and replicate before annotating
PXD072134	include	Small label-free project; mapping must come from acquisition filenames	PRIDE https://www.ebi.ac.uk/pride/ws/archive/v3/projects/PXD072134; files/all n=14	Q2	8	Rousettus aegyptiacus (egyptian rousette) (egyptian fruit bat)	14	10	raw	DIA	LFQ	Orbitrap Fusion Lumos	no	no	checksum.txt	simple	10	ms-proteomics;dia-acquisition	none_in_pride	no	Verify filename tokens resolve condition and replicate before annotating
PXD072167	include	Small label-free project; mapping must come from acquisition filenames	PRIDE https://www.ebi.ac.uk/pride/ws/archive/v3/projects/PXD072167; files/all n=14	Q2	8	Homo sapiens (human)	14	12	raw	DIA	LFQ	Orbitrap Exploris 480	no	no	checksum.txt	simple	12	ms-proteomics;human;dia-acquisition;cell-lines	none_in_pride	no	Verify filename tokens resolve condition and replicate before annotating
PXD072183	include	Small label-free project; mapping must come from acquisition filenames	PRIDE https://www.ebi.ac.uk/pride/ws/archive/v3/projects/PXD072183; files/all n=8	Q2	8	Nicotiana tabacum (common tobacco);Solanum lycopersicum	8	6	d.zip	DIA	LFQ	timsTOF Pro 2	no	no	checksum.txt	simple	6	ms-proteomics;dia-acquisition	none_in_pride	no	Verify filename tokens resolve condition and replicate before annotating
PXD072220	include	Small label-free project; mapping must come from acquisition filenames	PRIDE https://www.ebi.ac.uk/pride/ws/archive/v3/projects/PXD072220; files/all n=14	Q2	8	Homo sapiens (human)	14	9	raw	DIA	LFQ	Orbitrap Exploris 240	no	no	HK-2_Spectronaut-report_PG_Quantity.txt;HK-2_Spectronaut-report_PTM.txt;HK-2_Spectronaut-report_Candidates.txt	simple	9	ms-proteomics;human;dia-acquisition	none_in_pride	no	Verify filename tokens resolve condition and replicate before annotating
PXD072386	include	Small label-free project; mapping must come from acquisition filenames	PRIDE https://www.ebi.ac.uk/pride/ws/archive/v3/projects/PXD072386; files/all n=10	Q2	8	Mus musculus (mouse)	10	8	raw	DIA	LFQ	Orbitrap Fusion Lumos	no	no	201001_095933_dongzhou_micekidney_phos_sn_ptm0.75_0930_Report.tsv;readme.xlsx	simple	8	ms-proteomics;vertebrates;dia-acquisition	none_in_pride	no	Verify filename tokens resolve condition and replicate before annotating
PXD072578	include	Small label-free project; mapping must come from acquisition filenames	PRIDE https://www.ebi.ac.uk/pride/ws/archive/v3/projects/PXD072578; files/all n=10	Q2	8	Homo sapiens (human)	10	3	raw	DDA	LFQ	Orbitrap Eclipse	no	no	Lacritin_PRP_endogenous_glycopeps_250909_VC_tear_peptide_pooled_1.raw.xlsx;Tears_peptidome_unmod_pooled_VC_pyroGlu_250909_VC_tear_peptide_pooled_1.raw.xlsx;checksum.txt	simple	3	ms-proteomics;human	none_in_pride	no	Verify filename tokens resolve condition and replicate before annotating
PXD072579	include	Small label-free project; mapping must come from acquisition filenames	PRIDE https://www.ebi.ac.uk/pride/ws/archive/v3/projects/PXD072579; files/all n=6	Q2	8	Caenorhabditis elegans	6	4	raw	DDA	LFQ	Orbitrap Fusion Lumos	no	no	checksum.txt;3xflag_gfp_set_25vsWT_2026.1.2_IP_MS.xlsx	simple	4	ms-proteomics;invertebrates	none_in_pride	no	Verify filename tokens resolve condition and replicate before annotating
PXD072752	include	Small label-free project; mapping must come from acquisition filenames	PRIDE https://www.ebi.ac.uk/pride/ws/archive/v3/projects/PXD072752; files/all n=8	Q2	8	Mus musculus (mouse)	8	6	raw	DIA	LFQ	Q Exactive HF	no	no	checksum.txt;YAS202506260063-2.pr_matrix.tsv	simple	6	ms-proteomics;vertebrates;dia-acquisition;cell-lines	none_in_pride	no	Verify filename tokens resolve condition and replicate before annotating
PXD072753	include	Small label-free project; mapping must come from acquisition filenames	PRIDE https://www.ebi.ac.uk/pride/ws/archive/v3/projects/PXD072753; files/all n=20	Q2	8	Homo sapiens (human)	20	8	raw	DIA	LFQ	Orbitrap Fusion Lumos	no	no	rAMELY_statistics.csv;classified_peptides.csv	simple	8	ms-proteomics;human;dia-acquisition	none_in_pride	no	Verify filename tokens resolve condition and replicate before annotating
PXD072759	include	Small label-free project; mapping must come from acquisition filenames	PRIDE https://www.ebi.ac.uk/pride/ws/archive/v3/projects/PXD072759; files/all n=3	Q2	8	Mus musculus (mouse)	3	1	raw	DIA	LFQ	timsTOF Pro	no	no	checksum.txt	simple	1	ms-proteomics;vertebrates;dia-acquisition	none_in_pride	no	Verify filename tokens resolve condition and replicate before annotating
PXD072831	include	Small label-free project; mapping must come from acquisition filenames	PRIDE https://www.ebi.ac.uk/pride/ws/archive/v3/projects/PXD072831; files/all n=42	Q2	8	Homo sapiens (human)	42	9	raw	DDA	LFQ	Orbitrap Exploris 240	no	no	CTRL3ptmprofile.csv;EC2ptmprofile.csv;normalization_factor.csv	simple	9	ms-proteomics;human;cell-lines	none_in_pride	no	Verify filename tokens resolve condition and replicate before annotating
PXD072844	include	Small label-free project; mapping must come from acquisition filenames	PRIDE https://www.ebi.ac.uk/pride/ws/archive/v3/projects/PXD072844; files/all n=9	Q2	8	Chlamydomonas reinhardtii	9	4	raw	DDA	LFQ	Orbitrap Exploris 480	no	no	checksum.txt	simple	4	ms-proteomics	none_in_pride	no	Verify filename tokens resolve condition and replicate before annotating
PXD072864	include	Small label-free project; mapping must come from acquisition filenames	PRIDE https://www.ebi.ac.uk/pride/ws/archive/v3/projects/PXD072864; files/all n=14	Q2	8	Unclassified anisakis	14	9	raw	DDA	LFQ	Q Exactive HF	no	no	checksum.txt	simple	9	ms-proteomics	none_in_pride	no	Verify filename tokens resolve condition and replicate before annotating
PXD072873	include	Small label-free project; mapping must come from acquisition filenames	PRIDE https://www.ebi.ac.uk/pride/ws/archive/v3/projects/PXD072873; files/all n=10	Q2	8	Leishmania mexicana mhom/gt/2001/u1103	10	6	d.zip	DIA	LFQ	timsTOF HT	no	no	E717-Spectronaut.zip	simple	6	ms-proteomics;dia-acquisition	none_in_pride	no	Verify filename tokens resolve condition and replicate before annotating
PXD072876	include	Small label-free project; mapping must come from acquisition filenames	PRIDE https://www.ebi.ac.uk/pride/ws/archive/v3/projects/PXD072876; files/all n=8	Q2	8	Escherichia coli	8	6	raw	DIA	LFQ	maXis	no	no	checksum.txt	simple	6	ms-proteomics;dia-acquisition	none_in_pride	no	Verify filename tokens resolve condition and replicate before annotating
PXD072951	include	Small label-free project; mapping must come from acquisition filenames	PRIDE https://www.ebi.ac.uk/pride/ws/archive/v3/projects/PXD072951; files/all n=20	Q2	8	Mus musculus (mouse)	20	9	wiff	DIA	LFQ	TripleTOF 6600	no	no	checksum.txt;swath_library__FDR.xlsx	simple	9	ms-proteomics;vertebrates;dia-acquisition	none_in_pride	no	Verify filename tokens resolve condition and replicate before annotating
PXD073074	include	Small label-free project; mapping must come from acquisition filenames	PRIDE https://www.ebi.ac.uk/pride/ws/archive/v3/projects/PXD073074; files/all n=8	Q2	8	Mus musculus (mouse)	8	6	raw	DIA	LFQ	Orbitrap Astral Zoom	no	no	checksum.txt	simple	6	ms-proteomics;vertebrates;dia-acquisition	none_in_pride	no	Verify filename tokens resolve condition and replicate before annotating
PXD073191	include	Small label-free project; mapping must come from acquisition filenames	PRIDE https://www.ebi.ac.uk/pride/ws/archive/v3/projects/PXD073191; files/all n=12	Q2	8	Cryphonectria parasitica	12	6	d.zip	DDA	LFQ	timsTOF Pro	no	no	peptides.txt;modificationSpecificPeptides.txt;proteinGroups.txt	simple	6	ms-proteomics	none_in_pride	no	Verify filename tokens resolve condition and replicate before annotating
PXD073209	include	Small label-free project; mapping must come from acquisition filenames	PRIDE https://www.ebi.ac.uk/pride/ws/archive/v3/projects/PXD073209; files/all n=8	Q2	8	Larimichthys crocea (large yellow croaker) (pseudosciaena crocea)	8	6	raw	DIA	LFQ	Q Exactive HF	no	no	md5sum.txt	simple	6	ms-proteomics;dia-acquisition	none_in_pride	no	Verify filename tokens resolve condition and replicate before annotating
PXD073279	include	Small label-free project; mapping must come from acquisition filenames	PRIDE https://www.ebi.ac.uk/pride/ws/archive/v3/projects/PXD073279; files/all n=10	Q2	8	Homo sapiens (human)	10	9	raw	DIA	LFQ	Orbitrap Astral	no	no	checksum.txt	simple	9	ms-proteomics;human;dia-acquisition	none_in_pride	no	Verify filename tokens resolve condition and replicate before annotating
PXD073289	include	Small label-free project; mapping must come from acquisition filenames	PRIDE https://www.ebi.ac.uk/pride/ws/archive/v3/projects/PXD073289; files/all n=26	Q2	8	Homo sapiens (human)	26	12	wiff	DIA	LFQ	TripleTOF 6600	no	no	checksum.txt;SWATH_Library__FDR.xlsx	simple	12	ms-proteomics;human;dia-acquisition	none_in_pride	no	Verify filename tokens resolve condition and replicate before annotating
PXD073301	include	Small label-free project; mapping must come from acquisition filenames	PRIDE https://www.ebi.ac.uk/pride/ws/archive/v3/projects/PXD073301; files/all n=14	Q2	8	Sus scrofa domesticus (domestic pig)	14	12	raw	DIA	LFQ	Q Exactive HF	no	no	checksum.txt	simple	12	ms-proteomics;vertebrates;dia-acquisition	none_in_pride	no	Verify filename tokens resolve condition and replicate before annotating
PXD073302	include	Small label-free project; mapping must come from acquisition filenames	PRIDE https://www.ebi.ac.uk/pride/ws/archive/v3/projects/PXD073302; files/all n=19	Q2	8	Homo sapiens (human)	19	9	wiff	DIA	LFQ	TripleTOF 5600	no	no	pg_matrix_exp_MSPC_6aug25_v3.tsv	simple	9	ms-proteomics;human;dia-acquisition	none_in_pride	no	Verify filename tokens resolve condition and replicate before annotating
PXD073360	include	Small label-free project; mapping must come from acquisition filenames	PRIDE https://www.ebi.ac.uk/pride/ws/archive/v3/projects/PXD073360; files/all n=15	Q2	8	Caenorhabditis elegans	15	12	raw	DIA	LFQ	Q Exactive HF-X	no	no	PTL_KO_vs_Control_Unique_Genes.txt;KEY.xlsx;checksum.txt	simple	12	ms-proteomics;invertebrates;dia-acquisition	none_in_pride	no	Verify filename tokens resolve condition and replicate before annotating
PXD073401	include	Small label-free project; mapping must come from acquisition filenames	PRIDE https://www.ebi.ac.uk/pride/ws/archive/v3/projects/PXD073401; files/all n=8	Q2	8	Homo sapiens (human)	8	6	raw	DIA	LFQ	Orbitrap Astral	no	no	Astral_14min_Report.xlsx;checksum.txt	simple	6	ms-proteomics;human;dia-acquisition	none_in_pride	no	Verify filename tokens resolve condition and replicate before annotating
PXD073447	include	Small label-free project; mapping must come from acquisition filenames	PRIDE https://www.ebi.ac.uk/pride/ws/archive/v3/projects/PXD073447; files/all n=15	Q2	8	Vicia costata	15	12	raw	DIA	LFQ	Q Exactive	no	no	YAS202407230073-1.pr_matrix.tsv;checksum.txt;YAS202407230073-1.pg_matrix.tsv	simple	12	ms-proteomics;dia-acquisition	none_in_pride	no	Verify filename tokens resolve condition and replicate before annotating
PXD073451	include	Small label-free project; mapping must come from acquisition filenames	PRIDE https://www.ebi.ac.uk/pride/ws/archive/v3/projects/PXD073451; files/all n=6	Q2	8	Mus musculus (mouse)	6	4	raw	DIA	LFQ	Orbitrap Astral	no	no	checksum.txt	simple	4	ms-proteomics;vertebrates;dia-acquisition	none_in_pride	no	Verify filename tokens resolve condition and replicate before annotating
PXD073462	include	Small label-free project; mapping must come from acquisition filenames	PRIDE https://www.ebi.ac.uk/pride/ws/archive/v3/projects/PXD073462; files/all n=3	Q2	8	Bacteroides fragilis	3	2	d.zip	DIA	LFQ	timsTOF Pro 2	no	no	Spectronaut.sne	simple	2	ms-proteomics;dia-acquisition	none_in_pride	no	Verify filename tokens resolve condition and replicate before annotating
PXD073635	include	Small label-free project; mapping must come from acquisition filenames	PRIDE https://www.ebi.ac.uk/pride/ws/archive/v3/projects/PXD073635; files/all n=8	Q2	8	Homo sapiens (human)	8	6	raw	DDA	LFQ	LTQ Orbitrap XL ETD	no	no	HBEC_mass_spec_data.xlsx;checksum.txt	simple	6	ms-proteomics;human	none_in_pride	no	Verify filename tokens resolve condition and replicate before annotating
PXD073710	include	Small label-free project; mapping must come from acquisition filenames	PRIDE https://www.ebi.ac.uk/pride/ws/archive/v3/projects/PXD073710; files/all n=11	Q2	8	Mus musculus (mouse)	11	9	d.zip	DIA	LFQ	Bruker Daltonics timsTOF series	no	no	checksum.txt	simple	9	ms-proteomics;vertebrates;dia-acquisition	none_in_pride	no	Verify filename tokens resolve condition and replicate before annotating
PXD073759	include	Small label-free project; mapping must come from acquisition filenames	PRIDE https://www.ebi.ac.uk/pride/ws/archive/v3/projects/PXD073759; files/all n=8	Q2	8	Homo sapiens (human)	8	6	d.zip	DIA	LFQ	timsTOF HT	no	no	checksum.txt	simple	6	ms-proteomics;human;dia-acquisition	none_in_pride	no	Verify filename tokens resolve condition and replicate before annotating
PXD073786	include	Small label-free project; mapping must come from acquisition filenames	PRIDE https://www.ebi.ac.uk/pride/ws/archive/v3/projects/PXD073786; files/all n=9	Q2	8	Homo sapiens (human)	9	6	raw	DDA	LFQ	Q Exactive Plus	no	no	Supplementary_table1_for_heatmap_after_filter.xlsx;protein_peptides_output_list.csv;checksum.txt	simple	6	ms-proteomics;human;cell-lines	none_in_pride	no	Verify filename tokens resolve condition and replicate before annotating
PXD073932	include	Small label-free project; mapping must come from acquisition filenames	PRIDE https://www.ebi.ac.uk/pride/ws/archive/v3/projects/PXD073932; files/all n=9	Q2	8	Mus musculus (mouse)	9	4	d.zip	DDA	LFQ	timsTOF Pro 2	no	no	checksum.txt	simple	4	ms-proteomics;vertebrates	none_in_pride	no	Verify filename tokens resolve condition and replicate before annotating
PXD073946	include	Small label-free project; mapping must come from acquisition filenames	PRIDE https://www.ebi.ac.uk/pride/ws/archive/v3/projects/PXD073946; files/all n=9	Q2	8	Homo sapiens (human)	9	6	d.zip	DIA	LFQ	timsTOF Pro 2	no	no	checksum.txt;2405001_Report_Ttest-HA-NT-vs-HA-CTRL.xlsx	simple	6	ms-proteomics;human;dia-acquisition;cell-lines	none_in_pride	no	Verify filename tokens resolve condition and replicate before annotating
PXD074000	include	Small label-free project; mapping must come from acquisition filenames	PRIDE https://www.ebi.ac.uk/pride/ws/archive/v3/projects/PXD074000; files/all n=8	Q2	8	Mus musculus (mouse)	8	6	raw	DIA	LFQ	Orbitrap Fusion Lumos	no	no	checksum.txt	simple	6	ms-proteomics;vertebrates;dia-acquisition	none_in_pride	no	Verify filename tokens resolve condition and replicate before annotating
PXD074065	include	Small label-free project; mapping must come from acquisition filenames	PRIDE https://www.ebi.ac.uk/pride/ws/archive/v3/projects/PXD074065; files/all n=28	Q2	8	Mus musculus (mouse)	28	12	raw	DIA	LFQ	Orbitrap Exploris 240	no	no	report.pr_matrix.tsv;Supplementary_File.xlsx;checksum.txt	simple	12	ms-proteomics;vertebrates;dia-acquisition	none_in_pride	no	Verify filename tokens resolve condition and replicate before annotating
PXD074094	include	Small label-free project; mapping must come from acquisition filenames	PRIDE https://www.ebi.ac.uk/pride/ws/archive/v3/projects/PXD074094; files/all n=8	Q2	8	Homo sapiens (human)	8	6	raw	DIA	LFQ	timsTOF HT	no	no	checksum.txt	simple	6	ms-proteomics;human;dia-acquisition	none_in_pride	no	Verify filename tokens resolve condition and replicate before annotating
PXD074100	include	Small label-free project; mapping must come from acquisition filenames	PRIDE https://www.ebi.ac.uk/pride/ws/archive/v3/projects/PXD074100; files/all n=6	Q2	8	Homo sapiens (human)	6	4	raw	DIA	LFQ	Orbitrap Eclipse	no	no	checksum.txt;Skyline_output_2635.csv	simple	4	ms-proteomics;human;dia-acquisition	none_in_pride	no	Verify filename tokens resolve condition and replicate before annotating
PXD074105	include	Small label-free project; mapping must come from acquisition filenames	PRIDE https://www.ebi.ac.uk/pride/ws/archive/v3/projects/PXD074105; files/all n=4	Q2	8	Homo sapiens (human)	4	2	raw	DIA	LFQ	Orbitrap Exploris 480	no	no	checksum.txt	simple	2	ms-proteomics;human;dia-acquisition	none_in_pride	no	Verify filename tokens resolve condition and replicate before annotating
PXD074138	include	Small label-free project; mapping must come from acquisition filenames	PRIDE https://www.ebi.ac.uk/pride/ws/archive/v3/projects/PXD074138; files/all n=26	Q2	8	Mus musculus (mouse)	26	6	raw	DIA	LFQ	Orbitrap Astral	no	no	checksum.txt	simple	6	ms-proteomics;vertebrates;dia-acquisition	none_in_pride	no	Verify filename tokens resolve condition and replicate before annotating
PXD074182	include	Small label-free project; mapping must come from acquisition filenames	PRIDE https://www.ebi.ac.uk/pride/ws/archive/v3/projects/PXD074182; files/all n=14	Q2	8	Trypanosoma brucei	14	12	raw	DDA	LFQ	Orbitrap Fusion Lumos	no	no	checksum.txt;proteinGroups.txt	simple	12	ms-proteomics	none_in_pride	no	Verify filename tokens resolve condition and replicate before annotating
PXD074183	include	Small label-free project; mapping must come from acquisition filenames	PRIDE https://www.ebi.ac.uk/pride/ws/archive/v3/projects/PXD074183; files/all n=14	Q2	8	Trypanosoma brucei	14	12	raw	DDA	LFQ	Orbitrap Exploris 480	no	no	proteinGroups.txt;checksum.txt	simple	12	ms-proteomics	none_in_pride	no	Verify filename tokens resolve condition and replicate before annotating
PXD074315	include	Small label-free project; mapping must come from acquisition filenames	PRIDE https://www.ebi.ac.uk/pride/ws/archive/v3/projects/PXD074315; files/all n=10	Q2	8	Pseudomonas aeruginosa	10	8	d.zip	DIA	LFQ	timsTOF HT	no	no	checksum.txt	simple	8	ms-proteomics;dia-acquisition	none_in_pride	no	Verify filename tokens resolve condition and replicate before annotating
PXD074354	include	Small label-free project; mapping must come from acquisition filenames	PRIDE https://www.ebi.ac.uk/pride/ws/archive/v3/projects/PXD074354; files/all n=3	Q2	8	Homo sapiens (human)	3	1	raw	DDA	LFQ	LTQ Orbitrap	no	no	checksum.txt	simple	1	ms-proteomics;human	none_in_pride	no	Verify filename tokens resolve condition and replicate before annotating
PXD074388	include	Small label-free project; mapping must come from acquisition filenames	PRIDE https://www.ebi.ac.uk/pride/ws/archive/v3/projects/PXD074388; files/all n=22	Q2	8	Homo sapiens (human)	22	8	raw	DDA	LFQ	Orbitrap Fusion Lumos	no	no	msmsScans.txt;evidence.txt;OxidationSites.txt	simple	8	ms-proteomics;human	none_in_pride	no	Verify filename tokens resolve condition and replicate before annotating
PXD074422	include	Small label-free project; mapping must come from acquisition filenames	PRIDE https://www.ebi.ac.uk/pride/ws/archive/v3/projects/PXD074422; files/all n=6	Q2	8	Dendrobium huoshanense	6	4	raw	DIA	LFQ	Orbitrap Astral	no	no	checksum.txt	simple	4	ms-proteomics;dia-acquisition	none_in_pride	no	Verify filename tokens resolve condition and replicate before annotating
PXD074523	include	Small label-free project; mapping must come from acquisition filenames	PRIDE https://www.ebi.ac.uk/pride/ws/archive/v3/projects/PXD074523; files/all n=14	Q2	8	Bacillus sp. b-23280	14	12	raw	DIA	LFQ	Orbitrap Exploris 480	no	no	20260105_225415_251215_Fabian_pulldown_Report.tsv;checksum.txt	simple	12	ms-proteomics;dia-acquisition	none_in_pride	no	Verify filename tokens resolve condition and replicate before annotating
PXD074538	include	Small label-free project; mapping must come from acquisition filenames	PRIDE https://www.ebi.ac.uk/pride/ws/archive/v3/projects/PXD074538; files/all n=11	Q2	8	Homo sapiens (human)	11	6	raw	DIA	LFQ	Orbitrap Exploris 480	no	no	20250924_DIA_Huh1_FAPS_ALL_Top3.xlsx;Source_data_for_volcano.xlsx;Source_data_for_copy_number.xlsx	simple	6	ms-proteomics;human;dia-acquisition	none_in_pride	no	Verify filename tokens resolve condition and replicate before annotating
PXD074558	include	Small label-free project; mapping must come from acquisition filenames	PRIDE https://www.ebi.ac.uk/pride/ws/archive/v3/projects/PXD074558; files/all n=8	Q2	8	Pythium oligandrum	8	6	d.zip	DDA	LFQ	Bruker Daltonics instrument model	no	no	checksum.txt	simple	6	ms-proteomics	none_in_pride	no	Verify filename tokens resolve condition and replicate before annotating
PXD074564	include	Small label-free project; mapping must come from acquisition filenames	PRIDE https://www.ebi.ac.uk/pride/ws/archive/v3/projects/PXD074564; files/all n=50	Q2	8	Homo sapiens (human)	50	12	raw	DIA	LFQ	Orbitrap Fusion Lumos	no	no	checksum.txt	simple	12	ms-proteomics;human;dia-acquisition	none_in_pride	no	Verify filename tokens resolve condition and replicate before annotating
PXD074595	include	Small label-free project; mapping must come from acquisition filenames	PRIDE https://www.ebi.ac.uk/pride/ws/archive/v3/projects/PXD074595; files/all n=4	Q2	8	Mus musculus (mouse)	4	1	d.zip	DIA	LFQ	timsTOF HT	no	no	checksum.txt;Liver_report.pg_matrix.tsv;Heart_report.pg_matrix.tsv	simple	1	ms-proteomics;vertebrates;dia-acquisition	none_in_pride	no	Verify filename tokens resolve condition and replicate before annotating
PXD074673	include	Small label-free project; mapping must come from acquisition filenames	PRIDE https://www.ebi.ac.uk/pride/ws/archive/v3/projects/PXD074673; files/all n=12	Q2	8	Homo sapiens (human)	12	10	raw	DIA	LFQ	Orbitrap Astral	no	no	report.pg_matrix.tsv;checksum.txt	simple	10	ms-proteomics;human;dia-acquisition;cell-lines	none_in_pride	no	Verify filename tokens resolve condition and replicate before annotating
PXD074689	include	Small label-free project; mapping must come from acquisition filenames	PRIDE https://www.ebi.ac.uk/pride/ws/archive/v3/projects/PXD074689; files/all n=17	Q2	8	Cryptosporidium parvum iowa ii	17	12	raw	DDA	LFQ	Q Exactive HF	no	no	checksum.txt	simple	12	ms-proteomics	none_in_pride	no	Verify filename tokens resolve condition and replicate before annotating
PXD074715	include	Small label-free project; mapping must come from acquisition filenames	PRIDE https://www.ebi.ac.uk/pride/ws/archive/v3/projects/PXD074715; files/all n=15	Q2	8	Chroococcidiopsis sp. ccmee 29	15	12	d.zip	DIA	LFQ	timsTOF HT	no	no	DiaNN_results.zip	simple	12	ms-proteomics;dia-acquisition	none_in_pride	no	Verify filename tokens resolve condition and replicate before annotating
PXD075150	include	Small label-free project; mapping must come from acquisition filenames	PRIDE https://www.ebi.ac.uk/pride/ws/archive/v3/projects/PXD075150; files/all n=15	Q2	8	Homo sapiens (human)	15	12	d.zip	DDA	LFQ	timsTOF Pro	no	no	checksum.txt;SW620_2025_Full_dataset.xls;HCT_Full_dataset.csv	simple	12	ms-proteomics;human;cell-lines	none_in_pride	no	Verify filename tokens resolve condition and replicate before annotating
PXD075222	include	Small label-free project; mapping must come from acquisition filenames	PRIDE https://www.ebi.ac.uk/pride/ws/archive/v3/projects/PXD075222; files/all n=12	Q2	8	Sus scrofa domesticus (domestic pig)	12	6	raw	DDA	LFQ	Orbitrap Exploris 480	no	no	ID24223_Raw_file_experiment_list.xlsx;checksum.txt	simple	6	ms-proteomics;vertebrates	none_in_pride	no	Verify filename tokens resolve condition and replicate before annotating
PXD075393	include	Small label-free project; mapping must come from acquisition filenames	PRIDE https://www.ebi.ac.uk/pride/ws/archive/v3/projects/PXD075393; files/all n=6	Q2	8	Homo sapiens (human)	6	2	raw	DIA	LFQ	Q Exactive	no	no	668A_tohokuU_240827_result.pr_matrix.tsv;668A_tohokuU_240827_result.pg_matrix.tsv;H57819_0725A_Normalaze_off_result.pr_matrix.tsv	simple	2	ms-proteomics;human;dia-acquisition	none_in_pride	no	Verify filename tokens resolve condition and replicate before annotating
PXD075407	include	Small label-free project; mapping must come from acquisition filenames	PRIDE https://www.ebi.ac.uk/pride/ws/archive/v3/projects/PXD075407; files/all n=13	Q2	8	Mus musculus (mouse)	13	6	d.zip	DIA	LFQ	timsTOF HT	no	no	Spectronaut_O-Torgs_Day6_rep2.m.zip;Spectronaut_O-Torgs_Day6_rep3.m.zip;Spectronaut_T-Torgs_Day6_rep2.m.zip	simple	6	ms-proteomics;vertebrates;dia-acquisition	none_in_pride	no	Verify filename tokens resolve condition and replicate before annotating
PXD075443	include	Small label-free project; mapping must come from acquisition filenames	PRIDE https://www.ebi.ac.uk/pride/ws/archive/v3/projects/PXD075443; files/all n=27	Q2	8	Homo sapiens (human)	27	4	d.zip	DIA	LFQ	timsTOF Pro	no	no	combined_ion.tsv;combined_site_C_57.0215.tsv;report.protein_description.tsv	simple	4	ms-proteomics;human;dia-acquisition	none_in_pride	no	Verify filename tokens resolve condition and replicate before annotating
PXD075464	include	Small label-free project; mapping must come from acquisition filenames	PRIDE https://www.ebi.ac.uk/pride/ws/archive/v3/projects/PXD075464; files/all n=17	Q2	8	Trypanosoma brucei	17	12	raw	DIA	LFQ	Orbitrap Astral	no	no	checksum.txt	simple	12	ms-proteomics;dia-acquisition;cell-lines	none_in_pride	no	Verify filename tokens resolve condition and replicate before annotating
PXD075498	include	Small label-free project; mapping must come from acquisition filenames	PRIDE https://www.ebi.ac.uk/pride/ws/archive/v3/projects/PXD075498; files/all n=10	Q2	8	Bos taurus (bovine)	10	6	raw	DIA	LFQ	Orbitrap Eclipse	no	no	checksum.txt	simple	6	ms-proteomics;vertebrates;dia-acquisition	none_in_pride	no	Verify filename tokens resolve condition and replicate before annotating
PXD075504	include	Small label-free project; mapping must come from acquisition filenames	PRIDE https://www.ebi.ac.uk/pride/ws/archive/v3/projects/PXD075504; files/all n=11	Q2	8	Homo sapiens (human)	11	4	raw	DIA	LFQ	Orbitrap Exploris 480;timsTOF fleX	no	no	Serum_EVs_SEC.xlsx;checksum.txt;Serum_MAgNet_enrichment.xlsx	simple	4	ms-proteomics;human;dia-acquisition;cell-lines	none_in_pride	no	Verify filename tokens resolve condition and replicate before annotating
PXD075505	include	Small label-free project; mapping must come from acquisition filenames	PRIDE https://www.ebi.ac.uk/pride/ws/archive/v3/projects/PXD075505; files/all n=9	Q2	8	Homo sapiens (human)	9	6	raw	DIA	LFQ	Orbitrap Eclipse	no	no	report20241018TC1_abDIAnn.tsv	simple	6	ms-proteomics;human;dia-acquisition	none_in_pride	no	Verify filename tokens resolve condition and replicate before annotating
PXD075507	include	Small label-free project; mapping must come from acquisition filenames	PRIDE https://www.ebi.ac.uk/pride/ws/archive/v3/projects/PXD075507; files/all n=13	Q2	8	Homo sapiens (human)	13	10	raw	DIA	LFQ	Orbitrap Eclipse	no	no	20250728YC02-IPabDIAnn.tsv	simple	10	ms-proteomics;human;dia-acquisition	none_in_pride	no	Verify filename tokens resolve condition and replicate before annotating
PXD075518	include	Small label-free project; mapping must come from acquisition filenames	PRIDE https://www.ebi.ac.uk/pride/ws/archive/v3/projects/PXD075518; files/all n=8	Q2	8	Homo sapiens (human)	8	6	raw	DIA	LFQ	Orbitrap Exploris 480	no	no	DIANN.zip	simple	6	ms-proteomics;human;dia-acquisition	none_in_pride	no	Verify filename tokens resolve condition and replicate before annotating
PXD075610	include	Small label-free project; mapping must come from acquisition filenames	PRIDE https://www.ebi.ac.uk/pride/ws/archive/v3/projects/PXD075610; files/all n=7	Q2	8	Scaphoideus titanus	7	1	raw	DIA	LFQ	Q Exactive Plus	no	no	report.pg_matrix.tsv;checksum.txt;report.pr_matrix.tsv	simple	1	ms-proteomics;dia-acquisition	none_in_pride	no	Verify filename tokens resolve condition and replicate before annotating
PXD075759	include	Small label-free project; mapping must come from acquisition filenames	PRIDE https://www.ebi.ac.uk/pride/ws/archive/v3/projects/PXD075759; files/all n=16	Q2	8	Serendipita indica dsm 11827	16	10	raw	DIA	LFQ	Orbitrap Exploris 480	no	no	4597_PG_Report.setup.txt;checksum.txt;4597_PG_Report.tsv	simple	10	ms-proteomics;dia-acquisition	none_in_pride	no	Verify filename tokens resolve condition and replicate before annotating
PXD075878	include	Small label-free project; mapping must come from acquisition filenames	PRIDE https://www.ebi.ac.uk/pride/ws/archive/v3/projects/PXD075878; files/all n=11	Q2	8	Plasmodium falciparum	11	6	d.zip	DIA	LFQ	timsTOF HT	no	no	translatome-combined_peptide.tsv;translatome-combined_protein.tsv;checksum.txt	simple	6	ms-proteomics;dia-acquisition	none_in_pride	no	Verify filename tokens resolve condition and replicate before annotating
PXD076100	include	Small label-free project; mapping must come from acquisition filenames	PRIDE https://www.ebi.ac.uk/pride/ws/archive/v3/projects/PXD076100; files/all n=15	Q2	8	Mus musculus (mouse)	15	6	d.zip	DIA	LFQ	ultraflex	no	no	checksum.txt	simple	6	ms-proteomics;vertebrates;dia-acquisition	none_in_pride	no	Verify filename tokens resolve condition and replicate before annotating
PXD076160	include	Small label-free project; mapping must come from acquisition filenames	PRIDE https://www.ebi.ac.uk/pride/ws/archive/v3/projects/PXD076160; files/all n=11	Q2	8	Mus musculus (mouse)	11	9	raw	DIA	LFQ	QSTAR;LTQ Orbitrap Elite;Q TRAP;6340 Ion Trap LC/MS;ultraflex;6520A Quadrupole Time-of-Flight LC/MS;TripleTOF 5600;6410 Triple Quadrupole LC/MS;Orbitrap Fusion Lumos;Synapt MS;LTQ Orbitrap;timsTOF Pro;Q-Tof Ultima;4800 Proteomics Analyzer;LTQ FT;MALDI Synapt MS;4700 Proteomics Analyzer;LTQ Orbitrap Velos;maXis;6220 Time-of-Flight LC/MS;LTQ;LCQ Classic;Orbitrap Fusion;Q Exactive HF;autoflex;Q Exactive	no	no	checksum.txt	simple	9	ms-proteomics;vertebrates;dia-acquisition	none_in_pride	no	Verify filename tokens resolve condition and replicate before annotating
PXD076276	include	Small label-free project; mapping must come from acquisition filenames	PRIDE https://www.ebi.ac.uk/pride/ws/archive/v3/projects/PXD076276; files/all n=969	Q2	8	Homo sapiens (human)	969	1	raw	DIA	LFQ	ZenoTOF 7600+;quadrupole orbitrap astral instrument	no	no	application_reports_report_0_base_model.pr_matrix.tsv;application_reports_report_20_5.unique_genes_matrix.tsv;application_reports_report_30_5_random.tsv	simple	1	ms-proteomics;human;dia-acquisition	none_in_pride	no	Verify filename tokens resolve condition and replicate before annotating
PXD076314	include	Small label-free project; mapping must come from acquisition filenames	PRIDE https://www.ebi.ac.uk/pride/ws/archive/v3/projects/PXD076314; files/all n=5	Q2	8	Homo sapiens (human)	5	2	raw	DIA	LFQ	LTQ Orbitrap	no	no	report.pg_matrix.tsv;report.pr_matrix.tsv;checksum.txt	simple	2	ms-proteomics;human;dia-acquisition	none_in_pride	no	Verify filename tokens resolve condition and replicate before annotating
PXD076375	include	Small label-free project; mapping must come from acquisition filenames	PRIDE https://www.ebi.ac.uk/pride/ws/archive/v3/projects/PXD076375; files/all n=10	Q2	8	Homo sapiens (human)	10	8	d.7z	DIA	LFQ	Bruker Daltonics timsTOF series	no	no	DIANN_ID.xlsx	simple	8	ms-proteomics;human;dia-acquisition	none_in_pride	no	Verify filename tokens resolve condition and replicate before annotating
PXD076412	include	Small label-free project; mapping must come from acquisition filenames	PRIDE https://www.ebi.ac.uk/pride/ws/archive/v3/projects/PXD076412; files/all n=15	Q2	8	Streptococcus sp. 'group b';Bacteria	15	12	raw	DIA	LFQ	Orbitrap Fusion	no	no	checksum.txt;MS6335_report.tsv;MS6335_report_analyzed.xlsx	simple	12	ms-proteomics;dia-acquisition	none_in_pride	no	Verify filename tokens resolve condition and replicate before annotating
PXD076477	include	Small label-free project; mapping must come from acquisition filenames	PRIDE https://www.ebi.ac.uk/pride/ws/archive/v3/projects/PXD076477; files/all n=56	Q2	8	Homo sapiens (human)	56	11	raw	DIA	LFQ	orbitrap	no	no	data10cvssi.protein.q0.01.tsv;data19cvssi.psm.q0.01.tsv;data19cvssi.protein.q0.01.tsv	simple	11	ms-proteomics;human;dia-acquisition	none_in_pride	no	Verify filename tokens resolve condition and replicate before annotating
PXD076805	include	Small label-free project; mapping must come from acquisition filenames	PRIDE https://www.ebi.ac.uk/pride/ws/archive/v3/projects/PXD076805; files/all n=15	Q2	8	Homo sapiens (human)	15	6	raw	DIA	LFQ	Orbitrap Fusion	no	no	231211_IGasic_004_DirectDIA_PARvsKO_Human_QuanID_NoImp_NoSingleHit_candidates_table.tsv;231211_IGasic_004_DirectDIA_PARvsKO_Human_QuanID_NoImp_NoSingleHit_SettingsSchema_BGS_Factory_Settings.txt;231211_IGasic_004_DirectDIA_PARvsKO_Human_QuanID_NoImp_NoSingleHit_Report_full.xlsx	simple	6	ms-proteomics;human;dia-acquisition	none_in_pride	no	Verify filename tokens resolve condition and replicate before annotating
PXD076809	include	Small label-free project; mapping must come from acquisition filenames	PRIDE https://www.ebi.ac.uk/pride/ws/archive/v3/projects/PXD076809; files/all n=9	Q2	8	Sus scrofa domesticus (domestic pig)	9	7	d.zip	DIA	LFQ	autoflex	no	no	checksum.txt	simple	7	ms-proteomics;vertebrates;dia-acquisition	none_in_pride	no	Verify filename tokens resolve condition and replicate before annotating
PXD076818	include	Small label-free project; mapping must come from acquisition filenames	PRIDE https://www.ebi.ac.uk/pride/ws/archive/v3/projects/PXD076818; files/all n=14	Q2	8	Human adenovirus c serotype 5 (hadv-5) (human adenovirus 5);Homo sapiens (human)	14	12	raw	DIA	LFQ	orbitrap	no	no	diann-output.zip	simple	12	ms-proteomics;dia-acquisition	none_in_pride	no	Verify filename tokens resolve condition and replicate before annotating
PXD076863	include	Small label-free project; mapping must come from acquisition filenames	PRIDE https://www.ebi.ac.uk/pride/ws/archive/v3/projects/PXD076863; files/all n=8	Q2	8	Homo sapiens (human)	8	6	d.zip	DIA	LFQ	LTQ Orbitrap Elite	no	no	checksum.txt	simple	6	ms-proteomics;human;dia-acquisition	none_in_pride	no	Verify filename tokens resolve condition and replicate before annotating
PXD077093	include	Small label-free project; mapping must come from acquisition filenames	PRIDE https://www.ebi.ac.uk/pride/ws/archive/v3/projects/PXD077093; files/all n=6	Q2	8	Mus musculus (mouse)	6	4	raw	DDA	LFQ	Orbitrap Fusion	no	no	checksum.txt	simple	4	ms-proteomics;vertebrates;cell-lines	none_in_pride	no	Verify filename tokens resolve condition and replicate before annotating
PXD077098	include	Small label-free project; mapping must come from acquisition filenames	PRIDE https://www.ebi.ac.uk/pride/ws/archive/v3/projects/PXD077098; files/all n=17	Q2	8	Zea mays (maize)	17	12	raw.zip	DIA	LFQ	Synapt MS	no	no	protein_quantification_report.xlsx;peptide_quantification_report.csv;checksum.txt	simple	12	ms-proteomics;plants;dia-acquisition	none_in_pride	no	Verify filename tokens resolve condition and replicate before annotating
PXD077246	include	Small label-free project; mapping must come from acquisition filenames	PRIDE https://www.ebi.ac.uk/pride/ws/archive/v3/projects/PXD077246; files/all n=12	Q2	8	Sus scrofa domesticus (domestic pig)	12	10	d.zip	DIA	LFQ	timsTOF HT	no	no	checksum.txt;20260113_103214_KAK424_FFPE_SPEED_TCA_Prec_BSG_PGspec_X9excluded_ProteinReport.tsv	simple	10	ms-proteomics;vertebrates;dia-acquisition	none_in_pride	no	Verify filename tokens resolve condition and replicate before annotating
PXD077315	include	Small label-free project; mapping must come from acquisition filenames	PRIDE https://www.ebi.ac.uk/pride/ws/archive/v3/projects/PXD077315; files/all n=9	Q2	8	Rattus norvegicus (rat)	9	6	raw	DIA	LFQ	quadrupole orbitrap astral instrument	no	no	report.pg_matrix.tsv;report.pr_matrix.tsv;checksum.txt	simple	6	ms-proteomics;vertebrates;dia-acquisition	none_in_pride	no	Verify filename tokens resolve condition and replicate before annotating
PXD077559	include	Small label-free project; mapping must come from acquisition filenames	PRIDE https://www.ebi.ac.uk/pride/ws/archive/v3/projects/PXD077559; files/all n=9	Q2	8	Gallus gallus (chicken)	9	6	d.zip	DDA	LFQ	Q Exactive	no	no	checksum.txt;proteinGroups.txt;peptides.txt	simple	6	ms-proteomics;vertebrates	none_in_pride	no	Verify filename tokens resolve condition and replicate before annotating
PXD077594	include	Small label-free project; mapping must come from acquisition filenames	PRIDE https://www.ebi.ac.uk/pride/ws/archive/v3/projects/PXD077594; files/all n=19	Q2	8	Homo sapiens (human)	19	6	raw	DIA	LFQ	Orbitrap Astral	no	no	report-first-pass.pr_matrix.tsv;report-first-pass.gg_matrix.tsv;report.unique_genes_matrix.tsv	simple	6	ms-proteomics;human;dia-acquisition	none_in_pride	no	Verify filename tokens resolve condition and replicate before annotating
PXD077751	include	Small label-free project; mapping must come from acquisition filenames	PRIDE https://www.ebi.ac.uk/pride/ws/archive/v3/projects/PXD077751; files/all n=14	Q2	8	Homo sapiens (human)	14	12	raw	DIA	LFQ	Orbitrap Exploris 480	no	no	checksum.txt;report.pg_matrix_LJ260326.tsv	simple	12	ms-proteomics;human;dia-acquisition	none_in_pride	no	Verify filename tokens resolve condition and replicate before annotating
PXD077797	include	Small label-free project; mapping must come from acquisition filenames	PRIDE https://www.ebi.ac.uk/pride/ws/archive/v3/projects/PXD077797; files/all n=36	Q2	8	Homo sapiens (human)	36	8	raw	DIA	LFQ	Orbitrap Astral	no	no	report_IMR90_senescent_same_cell_number_BSA_spike_in.unique_genes_matrix.tsv;report_IMR90_senescent_same_cell_number_BSA_spike_in.protein_description.tsv;report_IMR90_senescent_same_cell_number_BSA_spike_in.pr_matrix.tsv	simple	8	ms-proteomics;human;dia-acquisition	none_in_pride	no	Verify filename tokens resolve condition and replicate before annotating
PXD077916	include	Small label-free project; mapping must come from acquisition filenames	PRIDE https://www.ebi.ac.uk/pride/ws/archive/v3/projects/PXD077916; files/all n=10	Q2	8	Homo sapiens (human)	10	6	raw	DIA	LFQ	Orbitrap Fusion Lumos;Orbitrap Exploris 480	no	no	checksum.txt	simple	6	ms-proteomics;human;dia-acquisition	none_in_pride	no	Verify filename tokens resolve condition and replicate before annotating
PXD078106	include	Small label-free project; mapping must come from acquisition filenames	PRIDE https://www.ebi.ac.uk/pride/ws/archive/v3/projects/PXD078106; files/all n=3	Q2	8	Homo sapiens (human)	3	1	raw	DIA	LFQ	Orbitrap Fusion Lumos	no	no	checksum.txt	simple	1	ms-proteomics;human;dia-acquisition	none_in_pride	no	Verify filename tokens resolve condition and replicate before annotating
PXD078482	include	Small label-free project; mapping must come from acquisition filenames	PRIDE https://www.ebi.ac.uk/pride/ws/archive/v3/projects/PXD078482; files/all n=8	Q2	8	Homo sapiens (human)	8	6	raw	DDA	LFQ	Orbitrap Fusion Lumos	no	no	Search.txt;checksum.txt	simple	6	ms-proteomics;human	none_in_pride	no	Verify filename tokens resolve condition and replicate before annotating
PXD078485	include	Small label-free project; mapping must come from acquisition filenames	PRIDE https://www.ebi.ac.uk/pride/ws/archive/v3/projects/PXD078485; files/all n=8	Q2	8	Homo sapiens (human)	8	6	raw	DIA	LFQ	Orbitrap Ascend	no	no	checksum.txt;LYSO-IP-search.xlsx	simple	6	ms-proteomics;human;dia-acquisition	none_in_pride	no	Verify filename tokens resolve condition and replicate before annotating
PXD078488	include	Small label-free project; mapping must come from acquisition filenames	PRIDE https://www.ebi.ac.uk/pride/ws/archive/v3/projects/PXD078488; files/all n=8	Q2	8	Homo sapiens (human)	8	6	raw	DIA	LFQ	Orbitrap Ascend	no	no	checksum.txt;MIRO2-FLGAG-IP-search.xlsx	simple	6	ms-proteomics;human;dia-acquisition	none_in_pride	no	Verify filename tokens resolve condition and replicate before annotating
PXD078529	include	Small label-free project; mapping must come from acquisition filenames	PRIDE https://www.ebi.ac.uk/pride/ws/archive/v3/projects/PXD078529; files/all n=9	Q2	8	Mus musculus (mouse)	9	5	raw	DIA	LFQ	Orbitrap Exploris 480	no	no	PLK309_Dovile_Kuda_mo_plasma_fractions_5x_SN19-9_250620_ConditionSetup.tsv;PLK309_Dovile_Kuda_mo_plasma_fractions_5x_SN19-9_250620_Report_Protein.tsv;checksum.txt	simple	5	ms-proteomics;vertebrates;dia-acquisition	none_in_pride	no	Verify filename tokens resolve condition and replicate before annotating
PXD078759	include	Small label-free project; mapping must come from acquisition filenames	PRIDE https://www.ebi.ac.uk/pride/ws/archive/v3/projects/PXD078759; files/all n=23	Q2	8	Homo sapiens (human)	23	10	raw	DIA	LFQ	Orbitrap Exploris 480	no	no	checksum.txt;XC01096DA_report.pg_matrix.tsv;XC01096DA_report.pr_matrix.tsv	simple	10	ms-proteomics;human;dia-acquisition	none_in_pride	no	Verify filename tokens resolve condition and replicate before annotating
PXD079002	include	Small label-free project; mapping must come from acquisition filenames	PRIDE https://www.ebi.ac.uk/pride/ws/archive/v3/projects/PXD079002; files/all n=3	Q2	8	Homo sapiens (human)	3	1	d.zip	DIA	LFQ	timsTOF Pro 2	no	no	checksum.txt	simple	1	ms-proteomics;human;dia-acquisition	none_in_pride	no	Verify filename tokens resolve condition and replicate before annotating
PXD079432	include	Small label-free project; mapping must come from acquisition filenames	PRIDE https://www.ebi.ac.uk/pride/ws/archive/v3/projects/PXD079432; files/all n=21	Q2	8	Toxoplasma gondii;Homo sapiens (human)	21	12	raw	DIA	LFQ	Orbitrap Ascend;Orbitrap Exploris 480	no	no	checksum.txt	simple	12	ms-proteomics;dia-acquisition	none_in_pride	no	Verify filename tokens resolve condition and replicate before annotating
PXD079445	include	Small label-free project; mapping must come from acquisition filenames	PRIDE https://www.ebi.ac.uk/pride/ws/archive/v3/projects/PXD079445; files/all n=10	Q2	8	Homo sapiens (human)	10	7	raw	DIA	LFQ	Orbitrap Exploris 480	no	no	Report.tsv;checksum.txt;Report.setup.txt	simple	7	ms-proteomics;human;dia-acquisition	none_in_pride	no	Verify filename tokens resolve condition and replicate before annotating
PXD080233	include	Small label-free project; mapping must come from acquisition filenames	PRIDE https://www.ebi.ac.uk/pride/ws/archive/v3/projects/PXD080233; files/all n=8	Q2	8	Klebsiella pneumoniae;Homo sapiens (human)	8	6	raw	DIA	LFQ	LTQ Orbitrap	no	no	checksum.txt;Peptides.xlsx	simple	6	ms-proteomics;dia-acquisition	none_in_pride	no	Verify filename tokens resolve condition and replicate before annotating
PXD038477	include	Small label-free project; mapping must come from acquisition filenames	PRIDE https://www.ebi.ac.uk/pride/ws/archive/v3/projects/PXD038477; files/all n=17	Q2	7	Homo sapiens (human)	17	8	raw	DIA	LFQ	Orbitrap Fusion Lumos	no	no		simple	8	ms-proteomics;human;dia-acquisition	none_in_pride	no	Verify filename tokens resolve condition and replicate before annotating
PXD048998	include	Small label-free project; mapping must come from acquisition filenames	PRIDE https://www.ebi.ac.uk/pride/ws/archive/v3/projects/PXD048998; files/all n=12	Q2	7	Escherichia coli	12	6	wiff	DIA	LFQ	TripleTOF 5600	no	no		simple	6	ms-proteomics;dia-acquisition	none_in_pride	no	Verify filename tokens resolve condition and replicate before annotating
PXD050190	include	Small label-free project; mapping must come from acquisition filenames	PRIDE https://www.ebi.ac.uk/pride/ws/archive/v3/projects/PXD050190; files/all n=3	Q2	7	Mesocricetus auratus (golden hamster)	3	1	raw	DIA	LFQ	Q Exactive HF	no	no		simple	1	ms-proteomics;dia-acquisition	none_in_pride	no	Verify filename tokens resolve condition and replicate before annotating
PXD054755	include	Small label-free project; mapping must come from acquisition filenames	PRIDE https://www.ebi.ac.uk/pride/ws/archive/v3/projects/PXD054755; files/all n=7	Q2	7	Salmonella phage sfp10	7	6	raw	DIA	LFQ	LTQ Orbitrap Elite	no	no		simple	6	ms-proteomics;dia-acquisition	none_in_pride	no	Verify filename tokens resolve condition and replicate before annotating
PXD055474	include	Small label-free project; mapping must come from acquisition filenames	PRIDE https://www.ebi.ac.uk/pride/ws/archive/v3/projects/PXD055474; files/all n=10	Q2	7	Mus musculus (mouse)	10	9	raw	DIA	LFQ	ultraflex	no	no		simple	9	ms-proteomics;vertebrates;dia-acquisition	none_in_pride	no	Verify filename tokens resolve condition and replicate before annotating
PXD056093	include	Small label-free project; mapping must come from acquisition filenames	PRIDE https://www.ebi.ac.uk/pride/ws/archive/v3/projects/PXD056093; files/all n=8	Q2	7	Drosophila melanogaster (fruit fly)	8	3	raw;wiff	DIA	LFQ	Q Exactive HF	no	no		simple	3	ms-proteomics;invertebrates;dia-acquisition	none_in_pride	no	Verify filename tokens resolve condition and replicate before annotating
PXD057566	include	Small label-free project; mapping must come from acquisition filenames	PRIDE https://www.ebi.ac.uk/pride/ws/archive/v3/projects/PXD057566; files/all n=18	Q2	7	Homo sapiens (human)	18	4	raw	DIA	LFQ	TripleTOF 5600;Orbitrap Exploris 480	no	no		simple	4	ms-proteomics;human;dia-acquisition	none_in_pride	no	Verify filename tokens resolve condition and replicate before annotating
PXD057654	include	Small label-free project; mapping must come from acquisition filenames	PRIDE https://www.ebi.ac.uk/pride/ws/archive/v3/projects/PXD057654; files/all n=49	Q2	7	Homo sapiens (human)	49	12	wiff	DIA	LFQ	ZenoTOF 7600	no	no		simple	12	ms-proteomics;human;dia-acquisition	none_in_pride	no	Verify filename tokens resolve condition and replicate before annotating
PXD060170	include	Small label-free project; mapping must come from acquisition filenames	PRIDE https://www.ebi.ac.uk/pride/ws/archive/v3/projects/PXD060170; files/all n=11	Q2	7	Mus musculus (mouse)	11	10	d.7z	DIA	LFQ	timsTOF Pro	no	no		simple	10	ms-proteomics;vertebrates;dia-acquisition	none_in_pride	no	Verify filename tokens resolve condition and replicate before annotating
PXD060315	include	Small label-free project; mapping must come from acquisition filenames	PRIDE https://www.ebi.ac.uk/pride/ws/archive/v3/projects/PXD060315; files/all n=7	Q2	7	Mus musculus (mouse)	7	6	raw	DIA	LFQ	Orbitrap Astral	no	no		simple	6	ms-proteomics;vertebrates;dia-acquisition	none_in_pride	no	Verify filename tokens resolve condition and replicate before annotating
PXD063537	include	Small label-free project; mapping must come from acquisition filenames	PRIDE https://www.ebi.ac.uk/pride/ws/archive/v3/projects/PXD063537; files/all n=4	Q2	7	Homo sapiens (human)	4	2	raw	DIA	LFQ	Orbitrap Astral	no	no		simple	2	ms-proteomics;human;dia-acquisition	none_in_pride	no	Verify filename tokens resolve condition and replicate before annotating
PXD063840	include	Small label-free project; mapping must come from acquisition filenames	PRIDE https://www.ebi.ac.uk/pride/ws/archive/v3/projects/PXD063840; files/all n=4	Q2	7	Homo sapiens (human)	4	3	raw	DIA	LFQ	Orbitrap Astral	no	no		simple	3	ms-proteomics;human;dia-acquisition	none_in_pride	no	Verify filename tokens resolve condition and replicate before annotating
PXD063859	include	Small label-free project; mapping must come from acquisition filenames	PRIDE https://www.ebi.ac.uk/pride/ws/archive/v3/projects/PXD063859; files/all n=3	Q2	7	Homo sapiens (human)	3	2	raw	DIA	LFQ	Orbitrap Astral	no	no		simple	2	ms-proteomics;human;dia-acquisition	none_in_pride	no	Verify filename tokens resolve condition and replicate before annotating
PXD063864	include	Small label-free project; mapping must come from acquisition filenames	PRIDE https://www.ebi.ac.uk/pride/ws/archive/v3/projects/PXD063864; files/all n=4	Q2	7	Homo sapiens (human)	4	3	raw	DIA	LFQ	Orbitrap Astral	no	no		simple	3	ms-proteomics;human;dia-acquisition	none_in_pride	no	Verify filename tokens resolve condition and replicate before annotating
PXD065442	include	Small label-free project; mapping must come from acquisition filenames	PRIDE https://www.ebi.ac.uk/pride/ws/archive/v3/projects/PXD065442; files/all n=10	Q2	7	Diaporthe sp. t1	10	5	raw	DIA	LFQ	LTQ Orbitrap Velos	no	no		simple	5	ms-proteomics;dia-acquisition	none_in_pride	no	Verify filename tokens resolve condition and replicate before annotating
PXD066713	include	Small label-free project; mapping must come from acquisition filenames	PRIDE https://www.ebi.ac.uk/pride/ws/archive/v3/projects/PXD066713; files/all n=14	Q2	7	Mus musculus (mouse)	14	12	d.zip	DIA	LFQ	timsTOF Pro	no	no		simple	12	ms-proteomics;vertebrates;dia-acquisition	none_in_pride	no	Verify filename tokens resolve condition and replicate before annotating
PXD069794	include	Small label-free project; mapping must come from acquisition filenames	PRIDE https://www.ebi.ac.uk/pride/ws/archive/v3/projects/PXD069794; files/all n=14	Q2	7	Mus musculus (mouse)	14	12	raw	DIA	LFQ	Orbitrap Astral	no	no		simple	12	ms-proteomics;vertebrates;dia-acquisition	none_in_pride	no	Verify filename tokens resolve condition and replicate before annotating
PXD070150	include	Small label-free project; mapping must come from acquisition filenames	PRIDE https://www.ebi.ac.uk/pride/ws/archive/v3/projects/PXD070150; files/all n=11	Q2	7	Homo sapiens (human)	11	9	raw	unknown	LFQ	Orbitrap Fusion	no	no	checksum.txt	simple	9	ms-proteomics;human	none_in_pride	no	Verify filename tokens resolve condition and replicate before annotating
PXD070298	include	Small label-free project; mapping must come from acquisition filenames	PRIDE https://www.ebi.ac.uk/pride/ws/archive/v3/projects/PXD070298; files/all n=8	Q2	7	Mus musculus (mouse)	8	6	raw	unknown	LFQ	Orbitrap Fusion	no	no	checksum.txt	simple	6	ms-proteomics;vertebrates	none_in_pride	no	Verify filename tokens resolve condition and replicate before annotating
PXD070359	include	Small label-free project; mapping must come from acquisition filenames	PRIDE https://www.ebi.ac.uk/pride/ws/archive/v3/projects/PXD070359; files/all n=8	Q2	7	Mus musculus (mouse)	8	6	raw	unknown	LFQ	Orbitrap Fusion	no	no	checksum.txt	simple	6	ms-proteomics;vertebrates	none_in_pride	no	Verify filename tokens resolve condition and replicate before annotating
PXD070855	include	Small label-free project; mapping must come from acquisition filenames	PRIDE https://www.ebi.ac.uk/pride/ws/archive/v3/projects/PXD070855; files/all n=5	Q2	7	Homo sapiens (human)	5	4	raw	DIA	LFQ	Orbitrap Exploris 240	no	no		simple	4	ms-proteomics;human;dia-acquisition	none_in_pride	no	Verify filename tokens resolve condition and replicate before annotating
PXD070894	include	Small label-free project; mapping must come from acquisition filenames	PRIDE https://www.ebi.ac.uk/pride/ws/archive/v3/projects/PXD070894; files/all n=14	Q2	7	Mus musculus (mouse)	14	12	raw	unknown	LFQ	Q Exactive HF	no	no	proteinGroups_raw_intensities_before_SMC3_normalization.xlsx;checksum.txt	simple	12	ms-proteomics;vertebrates	none_in_pride	no	Verify filename tokens resolve condition and replicate before annotating
PXD071066	include	Small label-free project; mapping must come from acquisition filenames	PRIDE https://www.ebi.ac.uk/pride/ws/archive/v3/projects/PXD071066; files/all n=13	Q2	7	Homo sapiens (human)	13	6	raw	unknown	LFQ	Orbitrap Eclipse	no	no	Tears_blockedbeads_ctrl_250808_VC_ctrlbeads_2.raw.xlsx;checksum.txt;Tears_Gal3_enrich_250808_VC_G3_2_DTT_IAA_postelution.raw.xlsx	simple	6	ms-proteomics;human	none_in_pride	no	Verify filename tokens resolve condition and replicate before annotating
PXD071221	include	Small label-free project; mapping must come from acquisition filenames	PRIDE https://www.ebi.ac.uk/pride/ws/archive/v3/projects/PXD071221; files/all n=11	Q2	7	Homo sapiens (human)	11	8	raw	unknown	LFQ	Q Exactive HF	no	no	evidence.txt;proteinGroups.txt;checksum.txt	simple	8	ms-proteomics;human	none_in_pride	no	Verify filename tokens resolve condition and replicate before annotating
PXD071378	include	Small label-free project; mapping must come from acquisition filenames	PRIDE https://www.ebi.ac.uk/pride/ws/archive/v3/projects/PXD071378; files/all n=9	Q2	7	Homo sapiens (human)	9	5	raw	DDA	LFQ	Orbitrap Ascend	no	no		simple	5	ms-proteomics;human	none_in_pride	no	Verify filename tokens resolve condition and replicate before annotating
PXD072058	include	Small label-free project; mapping must come from acquisition filenames	PRIDE https://www.ebi.ac.uk/pride/ws/archive/v3/projects/PXD072058; files/all n=14	Q2	7	Leptospira biflexa serovar patoc	14	6	raw	unknown	LFQ	Exactive Plus	no	no	Leptospira_biflexa_database_1.FASTA.txt;FlaA_R3.txt;FlaA_R1.txt	simple	6	ms-proteomics	none_in_pride	no	Verify filename tokens resolve condition and replicate before annotating
PXD073363	include	Small label-free project; mapping must come from acquisition filenames	PRIDE https://www.ebi.ac.uk/pride/ws/archive/v3/projects/PXD073363; files/all n=9	Q2	7	Homo sapiens (human)	9	4	raw	unknown	LFQ	Orbitrap Exploris 480	no	no	checksum.txt	simple	4	ms-proteomics;human	none_in_pride	no	Verify filename tokens resolve condition and replicate before annotating
PXD074405	include	Small label-free project; mapping must come from acquisition filenames	PRIDE https://www.ebi.ac.uk/pride/ws/archive/v3/projects/PXD074405; files/all n=10	Q2	7	Homo sapiens (human)	10	8	raw	unknown	LFQ	Orbitrap Exploris 480	no	no	checksum.txt	simple	8	ms-proteomics;human	none_in_pride	no	Verify filename tokens resolve condition and replicate before annotating
PXD074532	include	Small label-free project; mapping must come from acquisition filenames	PRIDE https://www.ebi.ac.uk/pride/ws/archive/v3/projects/PXD074532; files/all n=12	Q2	7	Mus musculus (mouse)	12	9	raw	unknown	LFQ	Orbitrap Eclipse	no	no	checksum.txt;combined_protein.tsv	simple	9	ms-proteomics;vertebrates	none_in_pride	no	Verify filename tokens resolve condition and replicate before annotating
PXD074679	include	Small label-free project; mapping must come from acquisition filenames	PRIDE https://www.ebi.ac.uk/pride/ws/archive/v3/projects/PXD074679; files/all n=7	Q2	7	Homo sapiens (human)	7	4	raw	unknown	LFQ	Q Exactive HF	no	no	proteinGroups.txt;checksum.txt;msms.txt	simple	4	ms-proteomics;human	none_in_pride	no	Verify filename tokens resolve condition and replicate before annotating
PXD075354	include	Small label-free project; mapping must come from acquisition filenames	PRIDE https://www.ebi.ac.uk/pride/ws/archive/v3/projects/PXD075354; files/all n=12	Q2	7	Homo sapiens (human)	12	8	d.zip	unknown	LFQ	timsTOF Pro	no	no	checksum.txt	simple	8	ms-proteomics;human	none_in_pride	no	Verify filename tokens resolve condition and replicate before annotating
PXD075513	include	Small label-free project; mapping must come from acquisition filenames	PRIDE https://www.ebi.ac.uk/pride/ws/archive/v3/projects/PXD075513; files/all n=10	Q2	7	Drosophila melanogaster (fruit fly)	10	8	raw	unknown	LFQ	Q Exactive HF	no	no	checksum.txt	simple	8	ms-proteomics;invertebrates	none_in_pride	no	Verify filename tokens resolve condition and replicate before annotating
PXD076029	include	Small label-free project; mapping must come from acquisition filenames	PRIDE https://www.ebi.ac.uk/pride/ws/archive/v3/projects/PXD076029; files/all n=13	Q2	7	Crocus sativus	13	5	raw	unknown	LFQ	Q Exactive	no	no	COMBINED_COMPARATIVE_PROTEINS.xlsx;checksum.txt;COMBINED_COMPARATIVE_PEPTIDE_GROUPS.xlsx	simple	5	ms-proteomics	none_in_pride	no	Verify filename tokens resolve condition and replicate before annotating
PXD076315	include	Small label-free project; mapping must come from acquisition filenames	PRIDE https://www.ebi.ac.uk/pride/ws/archive/v3/projects/PXD076315; files/all n=21	Q2	7	Rattus norvegicus (rat);Mus musculus (mouse)	21	12	raw	unknown	LFQ	Q Exactive HF	no	no	checksum.txt	simple	12	ms-proteomics;cell-lines	none_in_pride	no	Verify filename tokens resolve condition and replicate before annotating
PXD076445	include	Small label-free project; mapping must come from acquisition filenames	PRIDE https://www.ebi.ac.uk/pride/ws/archive/v3/projects/PXD076445; files/all n=8	Q2	7	Canis familiaris (dog) (canis lupus familiaris)	8	4	raw	DDA	LFQ	LTQ Orbitrap Elite	no	no		simple	4	ms-proteomics	none_in_pride	no	Verify filename tokens resolve condition and replicate before annotating
PXD077606	include	Small label-free project; mapping must come from acquisition filenames	PRIDE https://www.ebi.ac.uk/pride/ws/archive/v3/projects/PXD077606; files/all n=14	Q2	7	Homo sapiens (human)	14	9	d.zip;raw	unknown	LFQ	timsTOF Pro 2;Q Exactive HF	no	no	checksum.txt;NLS.xlsx;ME1_CONDI.xlsx	simple	9	ms-proteomics;human	none_in_pride	no	Verify filename tokens resolve condition and replicate before annotating
PXD079145	include	Small label-free project; mapping must come from acquisition filenames	PRIDE https://www.ebi.ac.uk/pride/ws/archive/v3/projects/PXD079145; files/all n=6	Q2	7	Homo sapiens (human)	6	2	d.zip	unknown	LFQ	maXis	no	no	checksum.txt;proteinGroups.txt	simple	2	ms-proteomics;human	none_in_pride	no	Verify filename tokens resolve condition and replicate before annotating
PXD006934	include	Small label-free project; mapping must come from acquisition filenames	PRIDE https://www.ebi.ac.uk/pride/ws/archive/v3/projects/PXD006934; files/all n=25	Q2	6	Mus musculus (mouse)	25	22	raw	DIA	LFQ	Orbitrap Fusion Lumos	no	no	Spectronaut_reports.zip;Spectronaut_spectral_libraries.zip	moderate	22	ms-proteomics;vertebrates;dia-acquisition	none_in_pride	no	Verify filename tokens resolve condition and replicate before annotating
PXD027911	include	Small label-free project; mapping must come from acquisition filenames	PRIDE https://www.ebi.ac.uk/pride/ws/archive/v3/projects/PXD027911; files/all n=30	Q2	6	Homo sapiens (human)	30	24	raw	DIA	LFQ	Orbitrap Exploris 480	no	no	checksum.txt;PE273.log.txt;PE273.setup.txt	moderate	24	ms-proteomics;human;dia-acquisition	none_in_pride	no	Verify filename tokens resolve condition and replicate before annotating
PXD046325	include	Small label-free project; mapping must come from acquisition filenames	PRIDE https://www.ebi.ac.uk/pride/ws/archive/v3/projects/PXD046325; files/all n=19	Q2	6	Homo sapiens (human)	19	14	raw	DIA	LFQ	Orbitrap Fusion Lumos	no	no	Readme.txt;20220516_222852_Shizhong_Harvard_unnormalizeddirectDIA_20220513_Report.xls;20231018_222656_shizhong_ip_Report.tsv	moderate	14	ms-proteomics;human;dia-acquisition	none_in_pride	no	Verify filename tokens resolve condition and replicate before annotating
PXD046348	include	Small label-free project; mapping must come from acquisition filenames	PRIDE https://www.ebi.ac.uk/pride/ws/archive/v3/projects/PXD046348; files/all n=39	Q2	6	Scyliorhinus canicula	39	16	wiff	DIA	LFQ	TripleTOF 6600	no	no	SpectralLibrarySPZ.txt;SPZ-ProteinQuantitation.xlsx;CorrelationRawData-Results.xlsx	moderate	16	ms-proteomics;dia-acquisition	none_in_pride	no	Verify filename tokens resolve condition and replicate before annotating
PXD046505	include	Small label-free project; mapping must come from acquisition filenames	PRIDE https://www.ebi.ac.uk/pride/ws/archive/v3/projects/PXD046505; files/all n=21	Q2	6	Homo sapiens (human)	21	18	d.zip	DIA	LFQ	autoflex	no	no	HMC3_WholeCell_ProteinQuant.tsv.txt;checksum.txt;HEK293T_WholeCell_ProteinQuant.tsv.txt	moderate	18	ms-proteomics;human;dia-acquisition	none_in_pride	no	Verify filename tokens resolve condition and replicate before annotating
PXD046554	include	Small label-free project; mapping must come from acquisition filenames	PRIDE https://www.ebi.ac.uk/pride/ws/archive/v3/projects/PXD046554; files/all n=44	Q2	6	Homo sapiens (human);Mus musculus (mouse)	44	21	wiff	DIA	LFQ	TripleTOF 5600	no	no	checksum.txt;Result.xlsx	moderate	21	ms-proteomics;dia-acquisition	none_in_pride	no	Verify filename tokens resolve condition and replicate before annotating
PXD047291	include	Small label-free project; mapping must come from acquisition filenames	PRIDE https://www.ebi.ac.uk/pride/ws/archive/v3/projects/PXD047291; files/all n=31	Q2	6	Mus musculus (mouse)	31	14	wiff	DIA	LFQ	TripleTOF 5600	no	no	S201201_Library_PFC__FDR.xlsx	moderate	14	ms-proteomics;vertebrates;dia-acquisition	none_in_pride	no	Verify filename tokens resolve condition and replicate before annotating
PXD047455	include	Small label-free project; mapping must come from acquisition filenames	PRIDE https://www.ebi.ac.uk/pride/ws/archive/v3/projects/PXD047455; files/all n=19	Q2	6	Homo sapiens (human)	19	18	d.zip	DIA	LFQ	timsTOF Pro 2	no	no	wp-esf_537_esf4_diann_directdia_20231130_psms_filt.csv	moderate	18	ms-proteomics;human;dia-acquisition	none_in_pride	no	Verify filename tokens resolve condition and replicate before annotating
PXD047931	include	Small label-free project; mapping must come from acquisition filenames	PRIDE https://www.ebi.ac.uk/pride/ws/archive/v3/projects/PXD047931; files/all n=34	Q2	6	Mus musculus (mouse)	34	16	wiff	DIA	LFQ	TripleTOF 5600	no	no	checksum.txt	moderate	16	ms-proteomics;vertebrates;dia-acquisition	none_in_pride	no	Verify filename tokens resolve condition and replicate before annotating
PXD048494	include	Small label-free project; mapping must come from acquisition filenames	PRIDE https://www.ebi.ac.uk/pride/ws/archive/v3/projects/PXD048494; files/all n=31	Q2	6	Homo sapiens (human)	31	14	wiff	DIA	LFQ	TripleTOF 6600	no	no	Quantitation.xlsx;FD_AQ_221019_20_25_LIB_SP_FDR__FDR.xlsx;SpectralLibrary.txt	moderate	14	ms-proteomics;human;dia-acquisition	none_in_pride	no	Verify filename tokens resolve condition and replicate before annotating
PXD048575	include	Small label-free project; mapping must come from acquisition filenames	PRIDE https://www.ebi.ac.uk/pride/ws/archive/v3/projects/PXD048575; files/all n=51	Q2	6	Cricetulus griseus (chinese hamster) (cricetulus barabensis griseus)	51	24	wiff	DIA	LFQ	TripleTOF 6600	no	no	CHO_NaBu_Search.tsv;Spectral_library.xlsx;checksum.txt	moderate	24	ms-proteomics;dia-acquisition;cell-lines	none_in_pride	no	Verify filename tokens resolve condition and replicate before annotating
PXD049992	include	Small label-free project; mapping must come from acquisition filenames	PRIDE https://www.ebi.ac.uk/pride/ws/archive/v3/projects/PXD049992; files/all n=23	Q2	6	Mus musculus (mouse)	23	20	raw	DIA	LFQ	Orbitrap Exploris 480	no	no	checksum.txt	moderate	20	ms-proteomics;vertebrates;dia-acquisition	none_in_pride	no	Verify filename tokens resolve condition and replicate before annotating
PXD050002	include	Small label-free project; mapping must come from acquisition filenames	PRIDE https://www.ebi.ac.uk/pride/ws/archive/v3/projects/PXD050002; files/all n=46	Q2	6	Bos taurus (bovine)	46	22	wiff	DIA	LFQ	TripleTOF 5600	no	no	checksum.txt	moderate	22	ms-proteomics;vertebrates;dia-acquisition	none_in_pride	no	Verify filename tokens resolve condition and replicate before annotating
PXD050073	include	Small label-free project; mapping must come from acquisition filenames	PRIDE https://www.ebi.ac.uk/pride/ws/archive/v3/projects/PXD050073; files/all n=22	Q2	6	Homo sapiens (human)	22	16	raw	DIA	LFQ	Orbitrap Exploris 480	no	no	Mass_List_Table.csv	moderate	16	ms-proteomics;human;dia-acquisition	none_in_pride	no	Verify filename tokens resolve condition and replicate before annotating
PXD050828	include	Small label-free project; mapping must come from acquisition filenames	PRIDE https://www.ebi.ac.uk/pride/ws/archive/v3/projects/PXD050828; files/all n=50	Q2	6	Capra hircus (goat)	50	24	wiff	DIA	LFQ	TripleTOF 5600	no	no	checksum.txt	moderate	24	ms-proteomics;dia-acquisition	none_in_pride	no	Verify filename tokens resolve condition and replicate before annotating
PXD051222	include	Small label-free project; mapping must come from acquisition filenames	PRIDE https://www.ebi.ac.uk/pride/ws/archive/v3/projects/PXD051222; files/all n=41	Q2	6	Homo sapiens (human)	41	16	wiff	DIA	LFQ	TripleTOF 6600	no	no	DDA_CD26_1__FDR.xlsx;DDA_CD26_5__FDR.xlsx;DDA_CD26_3__FDR.xlsx	moderate	16	ms-proteomics;human;dia-acquisition	none_in_pride	no	Verify filename tokens resolve condition and replicate before annotating
PXD051778	include	Small label-free project; mapping must come from acquisition filenames	PRIDE https://www.ebi.ac.uk/pride/ws/archive/v3/projects/PXD051778; files/all n=25	Q2	6	Mus musculus (mouse)	25	18	raw	DIA	LFQ	Q Exactive	no	no	297_2023_CB_mouse_directDIA_v17_AnalyisOverview.txt;297_2023_CB_mouse_directDIA_v17_Report_Protein_pivot_FP.xls;Candidates.tsv	moderate	18	ms-proteomics;vertebrates;dia-acquisition	none_in_pride	no	Verify filename tokens resolve condition and replicate before annotating
PXD051878	include	Small label-free project; mapping must come from acquisition filenames	PRIDE https://www.ebi.ac.uk/pride/ws/archive/v3/projects/PXD051878; files/all n=18	Q2	6	Mus musculus (mouse)	18	15	raw	DIA	LFQ	TripleTOF 5600;Q Exactive;Q Exactive HF;timsTOF Pro	no	no	A20190821_newml_check_30min_500ng_DIA_mainoutput.tsv;A20190820_newml_check_30min_500ng_DIA_2_mainoutput.tsv;A20190820_newml_check_30min_500ng_DIA_mainoutput.tsv	moderate	15	ms-proteomics;vertebrates;dia-acquisition	none_in_pride	no	Verify filename tokens resolve condition and replicate before annotating
PXD051921	include	Small label-free project; mapping must come from acquisition filenames	PRIDE https://www.ebi.ac.uk/pride/ws/archive/v3/projects/PXD051921; files/all n=33	Q2	6	Homo sapiens (human)	33	16	wiff	DIA	LFQ	TripleTOF 5600	no	no	untargetedmetabolomicsdata.xls	moderate	16	ms-proteomics;human;dia-acquisition	none_in_pride	no	Verify filename tokens resolve condition and replicate before annotating
PXD052852	include	Small label-free project; mapping must come from acquisition filenames	PRIDE https://www.ebi.ac.uk/pride/ws/archive/v3/projects/PXD052852; files/all n=51	Q2	6	Homo sapiens (human)	51	18	raw	DIA	LFQ	Orbitrap Fusion Lumos	no	no	report.gg_matrix.tsv;report-first-pass.stats.tsv;report-first-pass.pr_matrix.tsv	moderate	18	ms-proteomics;human;dia-acquisition	none_in_pride	no	Verify filename tokens resolve condition and replicate before annotating
PXD053298	include	Small label-free project; mapping must come from acquisition filenames	PRIDE https://www.ebi.ac.uk/pride/ws/archive/v3/projects/PXD053298; files/all n=107	Q2	6	Homo sapiens (human)	107	18	wiff	DIA	LFQ	ZenoTOF 7600	no	no	20231114_akai_contBLMMTX72-first-pass.stats.tsv;20231114_akai_contBLMMTX72.stats.tsv;20231114_akai_contBLMMTX72-first-pass.gg_matrix.tsv	moderate	18	ms-proteomics;human;dia-acquisition;cell-lines	none_in_pride	no	Verify filename tokens resolve condition and replicate before annotating
PXD054417	include	Small label-free project; mapping must come from acquisition filenames	PRIDE https://www.ebi.ac.uk/pride/ws/archive/v3/projects/PXD054417; files/all n=93	Q2	6	Homo sapiens (human)	93	18	wiff	DIA	LFQ	ZenoTOF 7600	no	no	Panc1_HLAp_Small_DIA_DIANN_Spectral_Library.tsv;Panc1_HLAp_Small_DIA_DIANN_main_Report.tsv	moderate	18	ms-proteomics;human;dia-acquisition;cell-lines	none_in_pride	no	Verify filename tokens resolve condition and replicate before annotating
PXD054774	include	Small label-free project; mapping must come from acquisition filenames	PRIDE https://www.ebi.ac.uk/pride/ws/archive/v3/projects/PXD054774; files/all n=40	Q2	6	Mus musculus (mouse)	40	18	wiff	DIA	LFQ	TripleTOF 5600	no	no	proteinGroupsDDA.txt;librarybase_report.pg_matrix.tsv;libraryfree_report.pg_matrix.tsv	moderate	18	ms-proteomics;vertebrates;dia-acquisition	none_in_pride	no	Verify filename tokens resolve condition and replicate before annotating
PXD054787	include	Small label-free project; mapping must come from acquisition filenames	PRIDE https://www.ebi.ac.uk/pride/ws/archive/v3/projects/PXD054787; files/all n=49	Q2	6	Mus musculus (mouse)	49	24	wiff	DIA	LFQ	TripleTOF 5600	no	no	spleen_report.pg_matrix.tsv	moderate	24	ms-proteomics;vertebrates;dia-acquisition	none_in_pride	no	Verify filename tokens resolve condition and replicate before annotating
PXD055262	include	Small label-free project; mapping must come from acquisition filenames	PRIDE https://www.ebi.ac.uk/pride/ws/archive/v3/projects/PXD055262; files/all n=20	Q2	6	Homo sapiens (human)	20	18	raw	DIA	LFQ	Orbitrap Fusion Lumos	no	no	checksum.txt	moderate	18	ms-proteomics;human;dia-acquisition	none_in_pride	no	Verify filename tokens resolve condition and replicate before annotating
PXD055399	include	Small label-free project; mapping must come from acquisition filenames	PRIDE https://www.ebi.ac.uk/pride/ws/archive/v3/projects/PXD055399; files/all n=17	Q2	6	Homo sapiens (human)	17	16	d.zip	DIA	LFQ	timsTOF Pro 2	no	no	ip-esf_381_esf4_diann_directdia_20231121_psms_filt.csv	moderate	16	ms-proteomics;human;dia-acquisition	none_in_pride	no	Verify filename tokens resolve condition and replicate before annotating
PXD055400	include	Small label-free project; mapping must come from acquisition filenames	PRIDE https://www.ebi.ac.uk/pride/ws/archive/v3/projects/PXD055400; files/all n=21	Q2	6	Homo sapiens (human)	21	20	d.zip	DIA	LFQ	timsTOF Pro 2	no	no	wp-esf_458_esf4_4724-4753_diann_directdia_RTdep_20230414_psms_filt.csv	moderate	20	ms-proteomics;human;dia-acquisition	none_in_pride	no	Verify filename tokens resolve condition and replicate before annotating
PXD055718	include	Small label-free project; mapping must come from acquisition filenames	PRIDE https://www.ebi.ac.uk/pride/ws/archive/v3/projects/PXD055718; files/all n=24	Q2	6	Mus musculus (mouse)	24	23	raw	DIA	LFQ	Orbitrap Fusion Lumos	no	no	BY_EXP1_EXP2_DIANN_OUTPUT.zip	moderate	23	ms-proteomics;vertebrates;dia-acquisition	none_in_pride	no	Verify filename tokens resolve condition and replicate before annotating
PXD056013	include	Small label-free project; mapping must come from acquisition filenames	PRIDE https://www.ebi.ac.uk/pride/ws/archive/v3/projects/PXD056013; files/all n=22	Q2	6	Homo sapiens (human)	22	16	d.zip	DIA	LFQ	timsTOF Pro 2	no	no	5563_diaParameters.txt;files_description.txt;output.tsv	moderate	16	ms-proteomics;human;dia-acquisition	none_in_pride	no	Verify filename tokens resolve condition and replicate before annotating
PXD056566	include	Small label-free project; mapping must come from acquisition filenames	PRIDE https://www.ebi.ac.uk/pride/ws/archive/v3/projects/PXD056566; files/all n=21	Q2	6	Homo sapiens (human)	21	20	d.zip	DIA	LFQ	timsTOF Pro	no	no	DIANN_libfree.zip	moderate	20	ms-proteomics;human;dia-acquisition;cell-lines	none_in_pride	no	Verify filename tokens resolve condition and replicate before annotating
PXD056867	include	Small label-free project; mapping must come from acquisition filenames	PRIDE https://www.ebi.ac.uk/pride/ws/archive/v3/projects/PXD056867; files/all n=19	Q2	6	Homo sapiens (human)	19	18	d.zip	DIA	LFQ	timsTOF Pro 2	no	no	wp-esf_497_esf4_diann_directdia_20231011_psms_filt.csv	moderate	18	ms-proteomics;human;dia-acquisition	none_in_pride	no	Verify filename tokens resolve condition and replicate before annotating
PXD057393	include	Small label-free project; mapping must come from acquisition filenames	PRIDE https://www.ebi.ac.uk/pride/ws/archive/v3/projects/PXD057393; files/all n=22	Q2	6	Homo sapiens (human)	22	20	d.zip	DIA	LFQ	timsTOF Pro 2;timsTOF HT	no	no	wp-esf_596_esf4_diann_directdia_20240910_psms_filt.csv;wp-esf_561_esf4_diann_directdia_20240418_psms_filt.csv	moderate	20	ms-proteomics;human;dia-acquisition	none_in_pride	no	Verify filename tokens resolve condition and replicate before annotating
PXD057537	include	Small label-free project; mapping must come from acquisition filenames	PRIDE https://www.ebi.ac.uk/pride/ws/archive/v3/projects/PXD057537; files/all n=27	Q2	6	Mus musculus (mouse)	27	24	d.zip	DIA	LFQ	timsTOF Pro 2	no	no	checksum.txt	moderate	24	ms-proteomics;vertebrates;dia-acquisition	none_in_pride	no	Verify filename tokens resolve condition and replicate before annotating
PXD057652	include	Small label-free project; mapping must come from acquisition filenames	PRIDE https://www.ebi.ac.uk/pride/ws/archive/v3/projects/PXD057652; files/all n=19	Q2	6	Mus musculus (mouse)	19	16	d.zip	DIA	LFQ	timsTOF Pro 2	no	no	checksum.txt	moderate	16	ms-proteomics;vertebrates;dia-acquisition	none_in_pride	no	Verify filename tokens resolve condition and replicate before annotating
PXD058369	include	Small label-free project; mapping must come from acquisition filenames	PRIDE https://www.ebi.ac.uk/pride/ws/archive/v3/projects/PXD058369; files/all n=33	Q2	6	Homo sapiens (human)	33	24	raw	DIA	LFQ	Orbitrap Fusion Lumos	no	no	20230419_080449_VR_Ex33_TC_Report.xls;checksum.txt;20230418_171645_VR_Ex33_LiP_Report.xls	moderate	24	ms-proteomics;human;dia-acquisition	none_in_pride	no	Verify filename tokens resolve condition and replicate before annotating
PXD058542	include	Small label-free project; mapping must come from acquisition filenames	PRIDE https://www.ebi.ac.uk/pride/ws/archive/v3/projects/PXD058542; files/all n=25	Q2	6	Mus musculus (mouse)	25	20	d.7z	DIA	LFQ	timsTOF Pro 2	no	no	Results_DIA-NN_PRIDE.7z;quant_DIANN.7z	moderate	20	ms-proteomics;vertebrates;dia-acquisition	none_in_pride	no	Verify filename tokens resolve condition and replicate before annotating
PXD059676	include	Small label-free project; mapping must come from acquisition filenames	PRIDE https://www.ebi.ac.uk/pride/ws/archive/v3/projects/PXD059676; files/all n=11	Q2	6	Sus scrofa domesticus (domestic pig)	11	6	raw	DIA	TMT/iTRAQ/SILAC	Orbitrap Astral	no	no	report.pr_matrix.tsv;checksum.txt;Match_result_README.txt	simple	6	ms-proteomics;vertebrates;dia-acquisition	none_in_pride	no	Verify filename tokens resolve condition and replicate before annotating
PXD059828	include	Small label-free project; mapping must come from acquisition filenames	PRIDE https://www.ebi.ac.uk/pride/ws/archive/v3/projects/PXD059828; files/all n=13	Q2	6	Saccharomyces cerevisiae (baker's yeast)	13	6	raw	DIA	TMT/iTRAQ/SILAC	Orbitrap Fusion Lumos	no	no	checksum.txt	simple	6	ms-proteomics;dia-acquisition	none_in_pride	no	Verify filename tokens resolve condition and replicate before annotating
PXD060206	include	Small label-free project; mapping must come from acquisition filenames	PRIDE https://www.ebi.ac.uk/pride/ws/archive/v3/projects/PXD060206; files/all n=26	Q2	6	Homo sapiens (human)	26	24	d.zip	DIA	LFQ	timsTOF Pro 2	no	no	131_extracted_pr_matrix.xlsx;131_GG_search.pr_matrix.tsv	moderate	24	ms-proteomics;human;dia-acquisition	none_in_pride	no	Verify filename tokens resolve condition and replicate before annotating
PXD060296	include	Small label-free project; mapping must come from acquisition filenames	PRIDE https://www.ebi.ac.uk/pride/ws/archive/v3/projects/PXD060296; files/all n=23	Q2	6	Homo sapiens (human)	23	21	d.zip	DIA	LFQ	timsTOF Pro 2	no	no	149_GG_search.pr_matrix.tsv;149_extracted_pr_matrix.xlsx	moderate	21	ms-proteomics;human;dia-acquisition	none_in_pride	no	Verify filename tokens resolve condition and replicate before annotating
PXD060309	include	Small label-free project; mapping must come from acquisition filenames	PRIDE https://www.ebi.ac.uk/pride/ws/archive/v3/projects/PXD060309; files/all n=19	Q2	6	Homo sapiens (human)	19	18	d.zip	DIA	LFQ	timsTOF Pro 2	no	no	57_extracted_pr_matrix.xlsx	moderate	18	ms-proteomics;human;dia-acquisition	none_in_pride	no	Verify filename tokens resolve condition and replicate before annotating
PXD060375	include	Small label-free project; mapping must come from acquisition filenames	PRIDE https://www.ebi.ac.uk/pride/ws/archive/v3/projects/PXD060375; files/all n=24	Q2	6	Homo sapiens (human)	24	23	d.zip	DIA	LFQ	timsTOF Pro 2	no	no	63_extracted_pr_matrix.xlsx	moderate	23	ms-proteomics;human;dia-acquisition	none_in_pride	no	Verify filename tokens resolve condition and replicate before annotating
PXD060538	include	Small label-free project; mapping must come from acquisition filenames	PRIDE https://www.ebi.ac.uk/pride/ws/archive/v3/projects/PXD060538; files/all n=21	Q2	6	Staphylococcus aureus	21	19	raw	DIA	LFQ	Orbitrap Fusion Lumos	no	no	Candidates.tsv	moderate	19	ms-proteomics;dia-acquisition	none_in_pride	no	Verify filename tokens resolve condition and replicate before annotating
PXD060569	include	Small label-free project; mapping must come from acquisition filenames	PRIDE https://www.ebi.ac.uk/pride/ws/archive/v3/projects/PXD060569; files/all n=22	Q2	6	Mus musculus (mouse)	22	18	raw	DIA	LFQ	Orbitrap Exploris 480	no	no	report.pg_matrix.tsv;report.pr_matrix.tsv;checksum.txt	moderate	18	ms-proteomics;vertebrates;dia-acquisition	none_in_pride	no	Verify filename tokens resolve condition and replicate before annotating
PXD060683	include	Small label-free project; mapping must come from acquisition filenames	PRIDE https://www.ebi.ac.uk/pride/ws/archive/v3/projects/PXD060683; files/all n=61	Q2	6	Homo sapiens (human)	61	24	wiff	DIA	LFQ	TripleTOF 6600	no	no	4_UC_POOL1__FDR.xlsx;5_UC_POOL2__FDR.xlsx;8_sec_POOL2_DDA__FDR.xlsx	moderate	24	ms-proteomics;human;dia-acquisition	none_in_pride	no	Verify filename tokens resolve condition and replicate before annotating
PXD061045	include	Small label-free project; mapping must come from acquisition filenames	PRIDE https://www.ebi.ac.uk/pride/ws/archive/v3/projects/PXD061045; files/all n=22	Q2	6	Mus musculus (mouse)	22	21	d.zip	DIA	LFQ	timsTOF	no	no	protein.tsv	moderate	21	ms-proteomics;vertebrates;dia-acquisition	none_in_pride	no	Verify filename tokens resolve condition and replicate before annotating
PXD061540	include	Small label-free project; mapping must come from acquisition filenames	PRIDE https://www.ebi.ac.uk/pride/ws/archive/v3/projects/PXD061540; files/all n=27	Q2	6	Homo sapiens (human)	27	21	d.zip	DIA	LFQ	timsTOF Pro 2	no	no	report_v192_dataset6.pg_matrix_norm.tsv;report_v192_dataset6.pg_matrix_unnorm.tsv	moderate	21	ms-proteomics;human;dia-acquisition;cell-lines	none_in_pride	no	Verify filename tokens resolve condition and replicate before annotating
PXD061662	include	Small label-free project; mapping must come from acquisition filenames	PRIDE https://www.ebi.ac.uk/pride/ws/archive/v3/projects/PXD061662; files/all n=29	Q2	6	Homo sapiens (human)	29	13	wiff	DIA	LFQ	TripleTOF 5600	no	no	IDA_Analysis_CMandLysate_Moore_013124.xlsx	moderate	13	ms-proteomics;human;dia-acquisition	none_in_pride	no	Verify filename tokens resolve condition and replicate before annotating
PXD063236	include	Small label-free project; mapping must come from acquisition filenames	PRIDE https://www.ebi.ac.uk/pride/ws/archive/v3/projects/PXD063236; files/all n=37	Q2	6	Homo sapiens (human)	37	22	d.zip	DIA	LFQ	timsTOF SCP	no	no	report.pr_matrix.tsv;report.pg_matrix.tsv;report.protein_description.tsv	moderate	22	ms-proteomics;human;dia-acquisition	none_in_pride	no	Verify filename tokens resolve condition and replicate before annotating
PXD063243	include	Small label-free project; mapping must come from acquisition filenames	PRIDE https://www.ebi.ac.uk/pride/ws/archive/v3/projects/PXD063243; files/all n=16	Q2	6	Mus musculus (mouse)	16	14	raw	DIA	LFQ	Orbitrap Exploris 480	no	no	checksum.txt	moderate	14	ms-proteomics;vertebrates;dia-acquisition	none_in_pride	no	Verify filename tokens resolve condition and replicate before annotating
PXD063507	include	Small label-free project; mapping must come from acquisition filenames	PRIDE https://www.ebi.ac.uk/pride/ws/archive/v3/projects/PXD063507; files/all n=21	Q2	6	Arabidopsis thaliana (mouse-ear cress)	21	19	d.7z	DIA	LFQ	timsTOF Pro 2	no	no	DIANN.7z;TAIR_13112024_DIANN.fasta	moderate	19	ms-proteomics;plants;dia-acquisition	none_in_pride	no	Verify filename tokens resolve condition and replicate before annotating
PXD063948	include	Small label-free project; mapping must come from acquisition filenames	PRIDE https://www.ebi.ac.uk/pride/ws/archive/v3/projects/PXD063948; files/all n=50	Q2	6	Homo sapiens (human)	50	24	wiff	DIA	LFQ	TripleTOF 5600	no	no	Supplementary_Paper1.xlsx	moderate	24	ms-proteomics;human;dia-acquisition;cell-lines	none_in_pride	no	Verify filename tokens resolve condition and replicate before annotating
PXD064643	include	Small label-free project; mapping must come from acquisition filenames	PRIDE https://www.ebi.ac.uk/pride/ws/archive/v3/projects/PXD064643; files/all n=15	Q2	6	Homo sapiens (human)	15	14	d.7z	DIA	LFQ	timsTOF Pro	no	no	DIAnn_analysis_30-05-2024.7z	moderate	14	ms-proteomics;human;dia-acquisition	none_in_pride	no	Verify filename tokens resolve condition and replicate before annotating
PXD064732	include	Small label-free project; mapping must come from acquisition filenames	PRIDE https://www.ebi.ac.uk/pride/ws/archive/v3/projects/PXD064732; files/all n=19	Q2	6	Haloferax volcanii sb1	19	14	raw	DIA	LFQ	Orbitrap Fusion Lumos	no	no	checksum.txt;2025_05_12_potein_report.tsv	moderate	14	ms-proteomics;dia-acquisition	none_in_pride	no	Verify filename tokens resolve condition and replicate before annotating
PXD065925	include	Small label-free project; mapping must come from acquisition filenames	PRIDE https://www.ebi.ac.uk/pride/ws/archive/v3/projects/PXD065925; files/all n=44	Q2	6	Bos taurus (bovine)	44	20	raw	DIA	LFQ	Orbitrap Astral	no	no	FoudaA_091724_metafile.csv;checksum.txt	moderate	20	ms-proteomics;vertebrates;dia-acquisition	none_in_pride	no	Verify filename tokens resolve condition and replicate before annotating
PXD066017	include	Small label-free project; mapping must come from acquisition filenames	PRIDE https://www.ebi.ac.uk/pride/ws/archive/v3/projects/PXD066017; files/all n=47	Q2	6	Homo sapiens (human)	47	21	raw	DIA	LFQ	Orbitrap Exploris 480	no	no	checksum.txt;GodwinAK_080123_metafile_DIA.csv;GodwinAK_080123_Protein_Report_noDecoy_QuantFilter.tsv	moderate	21	ms-proteomics;human;dia-acquisition	none_in_pride	no	Verify filename tokens resolve condition and replicate before annotating
PXD066391	include	Small label-free project; mapping must come from acquisition filenames	PRIDE https://www.ebi.ac.uk/pride/ws/archive/v3/projects/PXD066391; files/all n=23	Q2	6	Mus musculus (mouse)	23	20	raw	DIA	LFQ	Orbitrap Fusion Lumos	no	no	checksum.txt	moderate	20	ms-proteomics;vertebrates;dia-acquisition	none_in_pride	no	Verify filename tokens resolve condition and replicate before annotating
PXD066610	include	Small label-free project; mapping must come from acquisition filenames	PRIDE https://www.ebi.ac.uk/pride/ws/archive/v3/projects/PXD066610; files/all n=54	Q2	6	Rattus norvegicus (rat)	54	17	wiff	DIA	LFQ	ZenoTOF 7600	no	no	report.pr_matrix.tsv;report.gg_matrix.tsv;checksum.txt	moderate	17	ms-proteomics;vertebrates;dia-acquisition;cell-lines	none_in_pride	no	Verify filename tokens resolve condition and replicate before annotating
PXD066616	include	Small label-free project; mapping must come from acquisition filenames	PRIDE https://www.ebi.ac.uk/pride/ws/archive/v3/projects/PXD066616; files/all n=17	Q2	6	Homo sapiens (human)	17	14	raw	DIA	LFQ	Orbitrap Astral	no	no	20250303_PC1415_Bryant_human_Search1_ConditionSetup.tsv;PC1415_Protein_Report.tsv	moderate	14	ms-proteomics;human;dia-acquisition	none_in_pride	no	Verify filename tokens resolve condition and replicate before annotating
PXD066750	include	Small label-free project; mapping must come from acquisition filenames	PRIDE https://www.ebi.ac.uk/pride/ws/archive/v3/projects/PXD066750; files/all n=42	Q2	6	Mus musculus (mouse)	42	16	wiff	DIA	LFQ	TripleTOF 6600	no	no	IDA_All_IDAs_100pepmodincluded_aligned.txt	moderate	16	ms-proteomics;vertebrates;dia-acquisition;cell-lines	none_in_pride	no	Verify filename tokens resolve condition and replicate before annotating
PXD067251	include	Small label-free project; mapping must come from acquisition filenames	PRIDE https://www.ebi.ac.uk/pride/ws/archive/v3/projects/PXD067251; files/all n=25	Q2	6	Homo sapiens (human)	25	23	raw	DIA	LFQ	Orbitrap Fusion Lumos	no	no	checksum.txt;20241216_Selicharova_Report_JB.tsv	moderate	23	ms-proteomics;human;dia-acquisition	none_in_pride	no	Verify filename tokens resolve condition and replicate before annotating
PXD067319	include	Small label-free project; mapping must come from acquisition filenames	PRIDE https://www.ebi.ac.uk/pride/ws/archive/v3/projects/PXD067319; files/all n=29	Q2	6	Mus musculus (mouse)	29	24	d.7z	DIA	LFQ	timsTOF Pro 2	no	no	20250717_125451_half-Oocytes_Report.tsv;20250805_154117_half-Oocytes_2ndSet_Report2.tsv;checksum.txt	moderate	24	ms-proteomics;vertebrates;dia-acquisition	none_in_pride	no	Verify filename tokens resolve condition and replicate before annotating
PXD067326	include	Small label-free project; mapping must come from acquisition filenames	PRIDE https://www.ebi.ac.uk/pride/ws/archive/v3/projects/PXD067326; files/all n=19	Q2	6	Pseudomonas aeruginosa pao1h2o	19	16	raw	DIA	LFQ	Orbitrap Ascend;Orbitrap Eclipse	no	no	Report_Protein_Quant_MSPF_Pivot_IS-10197_PyoL1.tsv;Report_Protein_Quant_MSPF_Pivot_IS-10601_Darobactin.tsv	moderate	16	ms-proteomics;dia-acquisition	none_in_pride	no	Verify filename tokens resolve condition and replicate before annotating
PXD067368	include	Small label-free project; mapping must come from acquisition filenames	PRIDE https://www.ebi.ac.uk/pride/ws/archive/v3/projects/PXD067368; files/all n=19	Q2	6	Mus musculus (mouse)	19	16	d.zip	DIA	LFQ	timsTOF HT	no	no	checksum.txt	moderate	16	ms-proteomics;vertebrates;dia-acquisition	none_in_pride	no	Verify filename tokens resolve condition and replicate before annotating
PXD067431	include	Small label-free project; mapping must come from acquisition filenames	PRIDE https://www.ebi.ac.uk/pride/ws/archive/v3/projects/PXD067431; files/all n=19	Q2	6	Homo sapiens (human)	19	15	raw	DIA	LFQ	Orbitrap Exploris 480	no	no	PLK279_Mrkacek_15x_hu_HEK293fT_huFastaOnly_SN19-9_250415_Report_Protein.tsv;PLK279_Mrkacek_15x_hu_HEK293fT_huFastaOnly_SN19-9_250415_ConditionSetup.tsv;checksum.txt	moderate	15	ms-proteomics;human;dia-acquisition	none_in_pride	no	Verify filename tokens resolve condition and replicate before annotating
PXD067702	include	Small label-free project; mapping must come from acquisition filenames	PRIDE https://www.ebi.ac.uk/pride/ws/archive/v3/projects/PXD067702; files/all n=22	Q2	6	Homo sapiens (human)	22	20	raw	DIA	LFQ	Orbitrap Exploris 480	no	no	checksum.txt	moderate	20	ms-proteomics;human;dia-acquisition;cell-lines	none_in_pride	no	Verify filename tokens resolve condition and replicate before annotating
PXD067752	include	Small label-free project; mapping must come from acquisition filenames	PRIDE https://www.ebi.ac.uk/pride/ws/archive/v3/projects/PXD067752; files/all n=18	Q2	6	Homo sapiens (human)	18	16	raw	DIA	LFQ	Orbitrap Exploris 480	no	no	checksum.txt	moderate	16	ms-proteomics;human;dia-acquisition;cell-lines	none_in_pride	no	Verify filename tokens resolve condition and replicate before annotating
PXD067856	include	Small label-free project; mapping must come from acquisition filenames	PRIDE https://www.ebi.ac.uk/pride/ws/archive/v3/projects/PXD067856; files/all n=25	Q2	6	Homo sapiens (human)	25	18	raw	DIA	LFQ	Q Exactive HF	no	no	raw_data_explained.xlsx;checksum.txt;20240710_145530_240710_FS_WithoutRNA_Paper_Report.csv	moderate	18	ms-proteomics;human;dia-acquisition	none_in_pride	no	Verify filename tokens resolve condition and replicate before annotating
PXD068954	include	Small label-free project; mapping must come from acquisition filenames	PRIDE https://www.ebi.ac.uk/pride/ws/archive/v3/projects/PXD068954; files/all n=30	Q2	6	Bacillus phage phi3t-spbeta hybrid;Mus musculus (mouse)	30	13	wiff	DIA	LFQ	TripleTOF 6600;timsTOF fleX MALDI-2	no	no	220210_CM_LIBRARY_SP_Musmusculus.xlsx;220210_CM_LIBRARY_SP_Musmusculus_FDR__FDR.xlsx;ProteinQuantitation.xlsx	moderate	13	ms-proteomics;dia-acquisition	none_in_pride	no	Verify filename tokens resolve condition and replicate before annotating
PXD069027	include	Small label-free project; mapping must come from acquisition filenames	PRIDE https://www.ebi.ac.uk/pride/ws/archive/v3/projects/PXD069027; files/all n=24	Q2	6	Homo sapiens (human)	24	20	d.7z	DIA	LFQ	timsTOF HT	no	no	Results_DIA-NN_1.9.2_MBR.7z;quant_diann_1.9.2.7z	moderate	20	ms-proteomics;human;dia-acquisition	none_in_pride	no	Verify filename tokens resolve condition and replicate before annotating
PXD069186	include	Small label-free project; mapping must come from acquisition filenames	PRIDE https://www.ebi.ac.uk/pride/ws/archive/v3/projects/PXD069186; files/all n=18	Q2	6	Pseudomonas aeruginosa (strain ucbpp-pa14);Bacteria	18	16	raw	DIA	LFQ	Q Exactive HF	no	no	Spectronaut_164_2024_PRIDE.xlsx	moderate	16	ms-proteomics;dia-acquisition	none_in_pride	no	Verify filename tokens resolve condition and replicate before annotating
PXD069187	include	Small label-free project; mapping must come from acquisition filenames	PRIDE https://www.ebi.ac.uk/pride/ws/archive/v3/projects/PXD069187; files/all n=29	Q2	6	Homo sapiens (human)	29	24	raw	DIA	LFQ	Orbitrap Astral	no	no	report.pg_matrix.tsv;checksum.txt;report.pr_matrix.tsv	moderate	24	ms-proteomics;human;dia-acquisition	none_in_pride	no	Verify filename tokens resolve condition and replicate before annotating
PXD069593	include	Small label-free project; mapping must come from acquisition filenames	PRIDE https://www.ebi.ac.uk/pride/ws/archive/v3/projects/PXD069593; files/all n=37	Q2	6	Homo sapiens (human)	37	24	d.zip;raw	DIA	LFQ	Bruker Daltonics timsTOF series;Orbitrap Ascend	no	no	DIA-NN_set2_PP4C_TP_MSQ2703_OA0086_Yingying_protgroups_report.pg_matrix.tsv;DIA-NN_MSQ2703_set1_FBOX_OA0086_TP_report.pg_matrix.tsv;DIA-NN_MSQ2703_set1_FBOX_OA0086_TP_report.log.txt	moderate	24	ms-proteomics;human;dia-acquisition	none_in_pride	no	Verify filename tokens resolve condition and replicate before annotating
PXD069675	include	Small label-free project; mapping must come from acquisition filenames	PRIDE https://www.ebi.ac.uk/pride/ws/archive/v3/projects/PXD069675; files/all n=22	Q2	6	Mus musculus (mouse)	22	20	raw	DIA	LFQ	Orbitrap Eclipse	no	no	checksum.txt	moderate	20	ms-proteomics;vertebrates;dia-acquisition	none_in_pride	no	Verify filename tokens resolve condition and replicate before annotating
PXD069732	include	Small label-free project; mapping must come from acquisition filenames	PRIDE https://www.ebi.ac.uk/pride/ws/archive/v3/projects/PXD069732; files/all n=24	Q2	6	Homo sapiens (human)	24	16	d.7z	DIA	LFQ	timsTOF HT	no	no	Results_DIANN_MBR_QC.zip;quant_DIANN1.8.1.zip;Results_DIANN1.8.1_MBR.zip	moderate	16	ms-proteomics;human;dia-acquisition	none_in_pride	no	Verify filename tokens resolve condition and replicate before annotating
PXD069979	include	Small label-free project; mapping must come from acquisition filenames	PRIDE https://www.ebi.ac.uk/pride/ws/archive/v3/projects/PXD069979; files/all n=21	Q2	6	Pseudomonas aeruginosa pao1;Bacteria;Staphylococcus aureus	21	18	raw	DDA	LFQ	Q Exactive HF	no	no	checksum.txt	moderate	18	ms-proteomics	none_in_pride	no	Verify filename tokens resolve condition and replicate before annotating
PXD069999	include	Small label-free project; mapping must come from acquisition filenames	PRIDE https://www.ebi.ac.uk/pride/ws/archive/v3/projects/PXD069999; files/all n=20	Q2	6	Homo sapiens (human)	20	17	raw	DIA	LFQ	Orbitrap Fusion Lumos	no	no	MW1488_Report.xlsx;MW1765_Report.xlsx;checksum.txt	moderate	17	ms-proteomics;human;dia-acquisition	none_in_pride	no	Verify filename tokens resolve condition and replicate before annotating
PXD070087	include	Small label-free project; mapping must come from acquisition filenames	PRIDE https://www.ebi.ac.uk/pride/ws/archive/v3/projects/PXD070087; files/all n=129	Q2	6	Candida albicans (yeast)	129	18	raw	DIA	LFQ	Orbitrap Exploris 480	no	no	checksum.txt	moderate	18	ms-proteomics;dia-acquisition	none_in_pride	no	Verify filename tokens resolve condition and replicate before annotating
PXD070194	include	Small label-free project; mapping must come from acquisition filenames	PRIDE https://www.ebi.ac.uk/pride/ws/archive/v3/projects/PXD070194; files/all n=26	Q2	6	Mus musculus (mouse)	26	24	d.zip	DIA	LFQ	timsTOF Pro 2	no	no	checksum.txt;search.xlsx	moderate	24	ms-proteomics;vertebrates;dia-acquisition	none_in_pride	no	Verify filename tokens resolve condition and replicate before annotating
PXD070252	include	Small label-free project; mapping must come from acquisition filenames	PRIDE https://www.ebi.ac.uk/pride/ws/archive/v3/projects/PXD070252; files/all n=39	Q2	6	Homo sapiens (human)	39	23	raw	DDA	LFQ	Orbitrap Exploris 480	no	no	checksum.txt	moderate	23	ms-proteomics;human	none_in_pride	no	Verify filename tokens resolve condition and replicate before annotating
PXD070275	include	Small label-free project; mapping must come from acquisition filenames	PRIDE https://www.ebi.ac.uk/pride/ws/archive/v3/projects/PXD070275; files/all n=21	Q2	6	Burkholderia cenocepacia k56-2valvano	21	16	raw	DIA	LFQ	Orbitrap Eclipse	no	no	checksum.txt	moderate	16	ms-proteomics;dia-acquisition	none_in_pride	no	Verify filename tokens resolve condition and replicate before annotating
PXD070384	include	Small label-free project; mapping must come from acquisition filenames	PRIDE https://www.ebi.ac.uk/pride/ws/archive/v3/projects/PXD070384; files/all n=17	Q2	6	Homo sapiens (human)	17	14	d.zip	DDA	LFQ	timsTOF Pro	no	no	SPatel_4579970_Experimental_Conditions.xlsx;checksum.txt	moderate	14	ms-proteomics;human	none_in_pride	no	Verify filename tokens resolve condition and replicate before annotating
PXD070700	include	Small label-free project; mapping must come from acquisition filenames	PRIDE https://www.ebi.ac.uk/pride/ws/archive/v3/projects/PXD070700; files/all n=27	Q2	6	Homo sapiens (human)	27	18	raw	DDA	LFQ	Orbitrap Exploris 240	no	no	checksum.txt	moderate	18	ms-proteomics;human	none_in_pride	no	Verify filename tokens resolve condition and replicate before annotating
PXD070718	include	Small label-free project; mapping must come from acquisition filenames	PRIDE https://www.ebi.ac.uk/pride/ws/archive/v3/projects/PXD070718; files/all n=41	Q2	6	Homo sapiens (human)	41	13	wiff	DIA	LFQ	ZenoTOF 7600	no	no	Supplementary_Table_1.xlsx;checksum.txt	moderate	13	ms-proteomics;human;dia-acquisition;cell-lines	none_in_pride	no	Verify filename tokens resolve condition and replicate before annotating
PXD070740	include	Small label-free project; mapping must come from acquisition filenames	PRIDE https://www.ebi.ac.uk/pride/ws/archive/v3/projects/PXD070740; files/all n=23	Q2	6	Mus musculus (mouse)	23	15	raw	DIA	LFQ	Orbitrap Exploris 480	no	no	conditions_NS0909-2.tsv;setup.txt;parameters.setup_NS0909-2.txt	moderate	15	ms-proteomics;vertebrates;dia-acquisition	none_in_pride	no	Verify filename tokens resolve condition and replicate before annotating
PXD070784	include	Small label-free project; mapping must come from acquisition filenames	PRIDE https://www.ebi.ac.uk/pride/ws/archive/v3/projects/PXD070784; files/all n=16	Q2	6	Homo sapiens (human)	16	14	raw	DDA	LFQ	Orbitrap Eclipse	no	no	checksum.txt	moderate	14	ms-proteomics;human	none_in_pride	no	Verify filename tokens resolve condition and replicate before annotating
PXD070836	include	Small label-free project; mapping must come from acquisition filenames	PRIDE https://www.ebi.ac.uk/pride/ws/archive/v3/projects/PXD070836; files/all n=18	Q2	6	Homo sapiens (human)	18	16	raw	DIA	LFQ	Orbitrap Exploris 480	no	no	checksum.txt	moderate	16	ms-proteomics;human;dia-acquisition	none_in_pride	no	Verify filename tokens resolve condition and replicate before annotating
PXD070887	include	Small label-free project; mapping must come from acquisition filenames	PRIDE https://www.ebi.ac.uk/pride/ws/archive/v3/projects/PXD070887; files/all n=26	Q2	6	Mus musculus (mouse)	26	15	raw	DIA	LFQ	Orbitrap Exploris 480	no	no	E3_CoIID_6563632_LI_151_165_mbr.tsv;E3_CollD_656_3632_LI_151_165_mbr_lib.tsv;E3_CoIID_656_3632_LI_151_165_mbr_stats.tsv	moderate	15	ms-proteomics;vertebrates;dia-acquisition	none_in_pride	no	Verify filename tokens resolve condition and replicate before annotating
PXD070890	include	Small label-free project; mapping must come from acquisition filenames	PRIDE https://www.ebi.ac.uk/pride/ws/archive/v3/projects/PXD070890; files/all n=27	Q2	6	Homo sapiens (human)	27	14	raw	DDA	LFQ	Orbitrap Eclipse	no	no	checksum.txt	moderate	14	ms-proteomics;human	none_in_pride	no	Verify filename tokens resolve condition and replicate before annotating
PXD070931	include	Small label-free project; mapping must come from acquisition filenames	PRIDE https://www.ebi.ac.uk/pride/ws/archive/v3/projects/PXD070931; files/all n=24	Q2	6	Mus musculus (mouse)	24	21	raw	DDA	LFQ	Orbitrap Fusion Lumos	no	no	checksum.txt;SODG93A_TMTvsUntreated.xlsx;SODG93_vsWT_hyp.xlsx	moderate	21	ms-proteomics;vertebrates	none_in_pride	no	Verify filename tokens resolve condition and replicate before annotating
PXD070932	include	Small label-free project; mapping must come from acquisition filenames	PRIDE https://www.ebi.ac.uk/pride/ws/archive/v3/projects/PXD070932; files/all n=18	Q2	6	Mus musculus (mouse)	18	16	d.zip	DIA	LFQ	timsTOF Pro 2	no	no	ChBL_441_report.pr_matrix.csv;checksum.txt	moderate	16	ms-proteomics;vertebrates;dia-acquisition	none_in_pride	no	Verify filename tokens resolve condition and replicate before annotating
PXD070950	include	Small label-free project; mapping must come from acquisition filenames	PRIDE https://www.ebi.ac.uk/pride/ws/archive/v3/projects/PXD070950; files/all n=19	Q2	6	Mus musculus (mouse)	19	13	raw	DIA	LFQ	Orbitrap Exploris 480	no	no	output_AZ1049-1.tsv;checksum.txt;parameters.setup_AZ1049-1.txt	moderate	13	ms-proteomics;vertebrates;dia-acquisition	none_in_pride	no	Verify filename tokens resolve condition and replicate before annotating
PXD070953	include	Small label-free project; mapping must come from acquisition filenames	PRIDE https://www.ebi.ac.uk/pride/ws/archive/v3/projects/PXD070953; files/all n=28	Q2	6	Escherichia coli bw25113;Bacteria	28	24	d.zip	DIA	LFQ	Bruker Daltonics timsTOF series	no	no	P1968_diann.xlsx;P1968_diann.zip	moderate	24	ms-proteomics;dia-acquisition	none_in_pride	no	Verify filename tokens resolve condition and replicate before annotating
PXD070955	include	Small label-free project; mapping must come from acquisition filenames	PRIDE https://www.ebi.ac.uk/pride/ws/archive/v3/projects/PXD070955; files/all n=26	Q2	6	Simplicispira hankyongi;Pseudomonas citronellolis	26	24	d.zip	DDA	LFQ	timsTOF Pro	no	no	checksum.txt	moderate	24	ms-proteomics	none_in_pride	no	Verify filename tokens resolve condition and replicate before annotating
PXD071008	include	Small label-free project; mapping must come from acquisition filenames	PRIDE https://www.ebi.ac.uk/pride/ws/archive/v3/projects/PXD071008; files/all n=22	Q2	6	Homo sapiens (human)	22	18	raw	DIA	LFQ	Orbitrap Exploris 240	no	no	checksum.txt	moderate	18	ms-proteomics;human;dia-acquisition	none_in_pride	no	Verify filename tokens resolve condition and replicate before annotating
PXD071144	include	Small label-free project; mapping must come from acquisition filenames	PRIDE https://www.ebi.ac.uk/pride/ws/archive/v3/projects/PXD071144; files/all n=20	Q2	6	Hermetia illucens	20	18	raw	DDA	LFQ	Orbitrap Exploris 240	no	no	checksum.txt;Protein_Hermetia_PD.xlsx	moderate	18	ms-proteomics	none_in_pride	no	Verify filename tokens resolve condition and replicate before annotating
PXD071155	include	Small label-free project; mapping must come from acquisition filenames	PRIDE https://www.ebi.ac.uk/pride/ws/archive/v3/projects/PXD071155; files/all n=26	Q2	6	Homo sapiens (human)	26	24	d.zip	DIA	LFQ	timsTOF HT	no	no	NCI7_8.xlsx;checksum.txt	moderate	24	ms-proteomics;human;dia-acquisition;cell-lines	none_in_pride	no	Verify filename tokens resolve condition and replicate before annotating
PXD071194	include	Small label-free project; mapping must come from acquisition filenames	PRIDE https://www.ebi.ac.uk/pride/ws/archive/v3/projects/PXD071194; files/all n=74	Q2	6	Fungi;Cryptococcus neoformans var. grubii serotype a (strain h99 / atcc 208821 / cbs 10515 / fgsc 9487) (filobasidiella neoformans var. grubii)	74	24	wiff	DIA	LFQ	TripleTOF 5600	no	no	checksum.txt;20240326_SWATH_output_Lib.tsv	moderate	24	ms-proteomics;dia-acquisition	none_in_pride	no	Verify filename tokens resolve condition and replicate before annotating
PXD071363	include	Small label-free project; mapping must come from acquisition filenames	PRIDE https://www.ebi.ac.uk/pride/ws/archive/v3/projects/PXD071363; files/all n=34	Q2	6	Chromobacterium violaceum;Bacteria	34	14	raw	DIA	LFQ	Orbitrap Exploris 480	no	no	report.unique_genes_matrix.tsv;report-lib.tsv;report.log.txt	moderate	14	ms-proteomics;dia-acquisition	none_in_pride	no	Verify filename tokens resolve condition and replicate before annotating
PXD071366	include	Small label-free project; mapping must come from acquisition filenames	PRIDE https://www.ebi.ac.uk/pride/ws/archive/v3/projects/PXD071366; files/all n=18	Q2	6	Homo sapiens (human)	18	16	raw	DDA	LFQ	Q Exactive HF	no	no	checksum.txt;proteinGroups-updated.txt	moderate	16	ms-proteomics;human	none_in_pride	no	Verify filename tokens resolve condition and replicate before annotating
PXD071367	include	Small label-free project; mapping must come from acquisition filenames	PRIDE https://www.ebi.ac.uk/pride/ws/archive/v3/projects/PXD071367; files/all n=43	Q2	6	Mus musculus (mouse)	43	20	raw	DDA	LFQ	Orbitrap Fusion Lumos	no	no	checksum.txt;Link_between_file.xlsx	moderate	20	ms-proteomics;vertebrates	none_in_pride	no	Verify filename tokens resolve condition and replicate before annotating
PXD071373	include	Small label-free project; mapping must come from acquisition filenames	PRIDE https://www.ebi.ac.uk/pride/ws/archive/v3/projects/PXD071373; files/all n=24	Q2	6	Homo sapiens (human)	24	17	d.zip	DDA	LFQ	timsTOF Pro	no	no	start_CEBPA.xlsx;combined_protein_CEBPA_and_rabbit_IgG_antibody.tsv;log_CEBPA_and_rabbit_IgG.txt	moderate	17	ms-proteomics;human	none_in_pride	no	Verify filename tokens resolve condition and replicate before annotating
PXD071466	include	Small label-free project; mapping must come from acquisition filenames	PRIDE https://www.ebi.ac.uk/pride/ws/archive/v3/projects/PXD071466; files/all n=20	Q2	6	Arabidopsis thaliana (mouse-ear cress)	20	15	raw	DDA	LFQ	Orbitrap Eclipse	no	no	Datafile.txt;checksum.txt;proteinGroups_CRWN2.txt	moderate	15	ms-proteomics;plants	none_in_pride	no	Verify filename tokens resolve condition and replicate before annotating
PXD071538	include	Small label-free project; mapping must come from acquisition filenames	PRIDE https://www.ebi.ac.uk/pride/ws/archive/v3/projects/PXD071538; files/all n=20	Q2	6	Homo sapiens (human)	20	16	raw	DIA	LFQ	Orbitrap Astral	no	no	998_report.pr_matrix_msi_plus_minus_ifny.tsv;998_report.pg_matrix_MSI_plus_minus_ifny.tsv;Project_998_MSI_CRC_plus_minus_ifny_annotated_secreted.xlsx	moderate	16	ms-proteomics;human;dia-acquisition	none_in_pride	no	Verify filename tokens resolve condition and replicate before annotating
PXD071582	include	Small label-free project; mapping must come from acquisition filenames	PRIDE https://www.ebi.ac.uk/pride/ws/archive/v3/projects/PXD071582; files/all n=22	Q2	6	Macaca mulatta (rhesus macaque);Homo sapiens (human)	22	18	d.zip;raw	DIA	LFQ	Bruker Daltonics timsTOF series;Orbitrap Astral	no	no	checksum.txt	moderate	18	ms-proteomics;dia-acquisition	none_in_pride	no	Verify filename tokens resolve condition and replicate before annotating
PXD071667	include	Small label-free project; mapping must come from acquisition filenames	PRIDE https://www.ebi.ac.uk/pride/ws/archive/v3/projects/PXD071667; files/all n=33	Q2	6	Arabidopsis thaliana (mouse-ear cress)	33	24	raw	DDA	LFQ	Q Exactive HF	no	no	checksum.txt	moderate	24	ms-proteomics;plants	none_in_pride	no	Verify filename tokens resolve condition and replicate before annotating
PXD071776	include	Small label-free project; mapping must come from acquisition filenames	PRIDE https://www.ebi.ac.uk/pride/ws/archive/v3/projects/PXD071776; files/all n=16	Q2	6	Mus musculus (mouse)	16	14	d.zip	DIA	LFQ	timsTOF Pro	no	no	checksum.txt	moderate	14	ms-proteomics;vertebrates;dia-acquisition	none_in_pride	no	Verify filename tokens resolve condition and replicate before annotating
PXD071811	include	Small label-free project; mapping must come from acquisition filenames	PRIDE https://www.ebi.ac.uk/pride/ws/archive/v3/projects/PXD071811; files/all n=22	Q2	6	Homo sapiens (human)	22	20	d.zip	DIA	LFQ	timsTOF Pro	no	no	checksum.txt	moderate	20	ms-proteomics;human;dia-acquisition	none_in_pride	no	Verify filename tokens resolve condition and replicate before annotating
PXD071831	include	Small label-free project; mapping must come from acquisition filenames	PRIDE https://www.ebi.ac.uk/pride/ws/archive/v3/projects/PXD071831; files/all n=20	Q2	6	Homo sapiens (human)	20	18	raw	DIA	LFQ	Orbitrap Exploris 240	no	no	checksum.txt	moderate	18	ms-proteomics;human;dia-acquisition;cell-lines	none_in_pride	no	Verify filename tokens resolve condition and replicate before annotating
PXD071887	include	Small label-free project; mapping must come from acquisition filenames	PRIDE https://www.ebi.ac.uk/pride/ws/archive/v3/projects/PXD071887; files/all n=50	Q2	6	Homo sapiens (human)	50	24	wiff	DIA	LFQ	TripleTOF 5600	no	no	checksum.txt	moderate	24	ms-proteomics;human;dia-acquisition;cell-lines	none_in_pride	no	Verify filename tokens resolve condition and replicate before annotating
PXD071895	include	Small label-free project; mapping must come from acquisition filenames	PRIDE https://www.ebi.ac.uk/pride/ws/archive/v3/projects/PXD071895; files/all n=15	Q2	6	Eremothecium gossypii atcc 10895	15	12	raw	unknown	LFQ	Q Exactive HF	no	no		simple	12	ms-proteomics	none_in_pride	no	Verify filename tokens resolve condition and replicate before annotating
PXD071906	include	Small label-free project; mapping must come from acquisition filenames	PRIDE https://www.ebi.ac.uk/pride/ws/archive/v3/projects/PXD071906; files/all n=24	Q2	6	Homo sapiens (human)	24	21	raw	DIA	LFQ	Orbitrap Fusion Lumos	no	no	HT29expression_proteomics_report.pg_matrix.tsv;checksum.txt;combined_protein.tsv	moderate	21	ms-proteomics;human;dia-acquisition	none_in_pride	no	Verify filename tokens resolve condition and replicate before annotating
PXD072035	include	Small label-free project; mapping must come from acquisition filenames	PRIDE https://www.ebi.ac.uk/pride/ws/archive/v3/projects/PXD072035; files/all n=17	Q2	6	Oryza sativa (rice)	17	15	raw	DIA	LFQ	Orbitrap Eclipse	no	no	20240326_061934_xyj_proteome_Report.tsv;checksum.txt	moderate	15	ms-proteomics;plants;dia-acquisition	none_in_pride	no	Verify filename tokens resolve condition and replicate before annotating
PXD072053	include	Small label-free project; mapping must come from acquisition filenames	PRIDE https://www.ebi.ac.uk/pride/ws/archive/v3/projects/PXD072053; files/all n=17	Q2	6	Mus musculus (mouse)	17	15	raw	DIA	LFQ	Q Exactive HF	no	no	SpectronautMatrix.zip	moderate	15	ms-proteomics;vertebrates;dia-acquisition	none_in_pride	no	Verify filename tokens resolve condition and replicate before annotating
PXD072055	include	Small label-free project; mapping must come from acquisition filenames	PRIDE https://www.ebi.ac.uk/pride/ws/archive/v3/projects/PXD072055; files/all n=38	Q2	6	Mus musculus (mouse)	38	20	raw	DIA	LFQ	Orbitrap Exploris 480	no	no	a.txt;report-first-pass.stats.tsv;report.protein_description.tsv	moderate	20	ms-proteomics;vertebrates;dia-acquisition;cell-lines	none_in_pride	no	Verify filename tokens resolve condition and replicate before annotating
PXD072089	include	Small label-free project; mapping must come from acquisition filenames	PRIDE https://www.ebi.ac.uk/pride/ws/archive/v3/projects/PXD072089; files/all n=17	Q2	6	Oryza sativa (rice)	17	15	raw	DDA	LFQ	Q Exactive	no	no	checksum.txt;SS-all-peptides.tsv	moderate	15	ms-proteomics;plants	none_in_pride	no	Verify filename tokens resolve condition and replicate before annotating
PXD072100	include	Small label-free project; mapping must come from acquisition filenames	PRIDE https://www.ebi.ac.uk/pride/ws/archive/v3/projects/PXD072100; files/all n=21	Q2	6	Yarrowia lipolytica (candida lipolytica)	21	19	raw	DIA	LFQ	Q Exactive HF	no	no	checksum.txt;report.gg_matrix.tsv	moderate	19	ms-proteomics;dia-acquisition	none_in_pride	no	Verify filename tokens resolve condition and replicate before annotating
PXD072213	include	Small label-free project; mapping must come from acquisition filenames	PRIDE https://www.ebi.ac.uk/pride/ws/archive/v3/projects/PXD072213; files/all n=30	Q2	6	Homo sapiens (human)	30	24	raw	DIA	LFQ	Orbitrap Fusion	no	no	coip-result.txt;checksum.txt;DIA-KM-DMSO-2H.txt	moderate	24	ms-proteomics;human;dia-acquisition	none_in_pride	no	Verify filename tokens resolve condition and replicate before annotating
PXD072239	include	Small label-free project; mapping must come from acquisition filenames	PRIDE https://www.ebi.ac.uk/pride/ws/archive/v3/projects/PXD072239; files/all n=37	Q2	6	Klebsiella pneumoniae subsp. pneumoniae	37	24	raw	DDA	LFQ	Orbitrap Exploris 240	no	no	phosphosites.txt;checksum.txt	moderate	24	ms-proteomics	none_in_pride	no	Verify filename tokens resolve condition and replicate before annotating
PXD072245	include	Small label-free project; mapping must come from acquisition filenames	PRIDE https://www.ebi.ac.uk/pride/ws/archive/v3/projects/PXD072245; files/all n=17	Q2	6	Homo sapiens (human)	17	15	raw	DIA	LFQ	Q Exactive HF	no	no	DIANN_Elaboration_Human.zip	moderate	15	ms-proteomics;human;dia-acquisition	none_in_pride	no	Verify filename tokens resolve condition and replicate before annotating
PXD072258	include	Small label-free project; mapping must come from acquisition filenames	PRIDE https://www.ebi.ac.uk/pride/ws/archive/v3/projects/PXD072258; files/all n=22	Q2	6	Homo sapiens (human)	22	20	raw	DIA	LFQ	Orbitrap Exploris 240	no	no	checksum.txt	moderate	20	ms-proteomics;human;dia-acquisition	none_in_pride	no	Verify filename tokens resolve condition and replicate before annotating
PXD072352	include	Small label-free project; mapping must come from acquisition filenames	PRIDE https://www.ebi.ac.uk/pride/ws/archive/v3/projects/PXD072352; files/all n=37	Q2	6	Alcanivorax sp. 24;Bacteria;Alcanivorax borkumensis sk2	37	18	d.zip	DIA	LFQ	timsTOF fleX MALDI-2	no	no	checksum.txt	moderate	18	ms-proteomics;dia-acquisition	none_in_pride	no	Verify filename tokens resolve condition and replicate before annotating
PXD072564	include	Small label-free project; mapping must come from acquisition filenames	PRIDE https://www.ebi.ac.uk/pride/ws/archive/v3/projects/PXD072564; files/all n=29	Q2	6	Pseudomonas aeruginosa (strain ucbpp-pa14);Staphylococcus aureus	29	23	raw	DIA	LFQ	Orbitrap Exploris 480	no	no	Spectronaut_Results_AllHits.xlsx	moderate	23	ms-proteomics;dia-acquisition	none_in_pride	no	Verify filename tokens resolve condition and replicate before annotating
PXD072591	include	Small label-free project; mapping must come from acquisition filenames	PRIDE https://www.ebi.ac.uk/pride/ws/archive/v3/projects/PXD072591; files/all n=19	Q2	6	Mus musculus (mouse)	19	15	d.zip	DIA	LFQ	timsTOF HT	no	no	report.pr_matrix.tsv;checksum.txt	moderate	15	ms-proteomics;vertebrates;dia-acquisition	none_in_pride	no	Verify filename tokens resolve condition and replicate before annotating
PXD072598	include	Small label-free project; mapping must come from acquisition filenames	PRIDE https://www.ebi.ac.uk/pride/ws/archive/v3/projects/PXD072598; files/all n=27	Q2	6	Homo sapiens (human)	27	21	d.zip	DIA	LFQ	timsTOF Pro 2	no	no	Read_Me.txt;combined_peptide.tsv;combined_protein.tsv	moderate	21	ms-proteomics;human;dia-acquisition	none_in_pride	no	Verify filename tokens resolve condition and replicate before annotating
PXD072722	include	Small label-free project; mapping must come from acquisition filenames	PRIDE https://www.ebi.ac.uk/pride/ws/archive/v3/projects/PXD072722; files/all n=34	Q2	6	Rhizobium favelukesii	34	16	raw	DIA	LFQ	Q Exactive Plus	no	no	report.stats.tsv;report.unique_genes_matrix.tsv;11_04_2025_16_49_00.txt	moderate	16	ms-proteomics;dia-acquisition	none_in_pride	no	Verify filename tokens resolve condition and replicate before annotating
PXD072756	include	Small label-free project; mapping must come from acquisition filenames	PRIDE https://www.ebi.ac.uk/pride/ws/archive/v3/projects/PXD072756; files/all n=30	Q2	6	Homo sapiens (human)	30	24	raw	DIA	LFQ	Orbitrap Exploris 480	no	no	parameters.setup.txt;output.csv;checksum.txt	moderate	24	ms-proteomics;human;dia-acquisition;cell-lines	none_in_pride	no	Verify filename tokens resolve condition and replicate before annotating
PXD072961	include	Small label-free project; mapping must come from acquisition filenames	PRIDE https://www.ebi.ac.uk/pride/ws/archive/v3/projects/PXD072961; files/all n=20	Q2	6	Phytophthora infestans t30-4	20	16	raw	DIA	LFQ	Q Exactive HF	no	no	244_2023-259_2023_JP_Pinfestans_Pvulgaris_directDIA_non-normalised_v17_Report_Protein_pivot_FP_Pivot_txt.txt;ConditionSetup.txt;checksum.txt	moderate	16	ms-proteomics;dia-acquisition	none_in_pride	no	Verify filename tokens resolve condition and replicate before annotating
PXD073005	include	Small label-free project; mapping must come from acquisition filenames	PRIDE https://www.ebi.ac.uk/pride/ws/archive/v3/projects/PXD073005; files/all n=42	Q2	6	Homo sapiens (human)	42	19	wiff	DIA	LFQ	TripleTOF 5600	no	no	checksum.txt	moderate	19	ms-proteomics;human;dia-acquisition	none_in_pride	no	Verify filename tokens resolve condition and replicate before annotating
PXD073167	include	Small label-free project; mapping must come from acquisition filenames	PRIDE https://www.ebi.ac.uk/pride/ws/archive/v3/projects/PXD073167; files/all n=18	Q2	6	Homo sapiens (human)	18	16	raw	DIA	LFQ	Q Exactive	no	no	checksum.txt	moderate	16	ms-proteomics;human;dia-acquisition	none_in_pride	no	Verify filename tokens resolve condition and replicate before annotating
PXD073466	include	Small label-free project; mapping must come from acquisition filenames	PRIDE https://www.ebi.ac.uk/pride/ws/archive/v3/projects/PXD073466; files/all n=21	Q2	6	Mus musculus (mouse)	21	16	raw	DIA	LFQ	Q Exactive HF-X	no	no	KEY.xlsx;checksum.txt;Mouse_2025.pr_matrix.tsv	moderate	16	ms-proteomics;vertebrates;dia-acquisition	none_in_pride	no	Verify filename tokens resolve condition and replicate before annotating
PXD073571	include	Small label-free project; mapping must come from acquisition filenames	PRIDE https://www.ebi.ac.uk/pride/ws/archive/v3/projects/PXD073571; files/all n=22	Q2	6	Mus musculus (mouse)	22	20	raw	DIA	LFQ	Orbitrap Exploris 480	no	no	checksum.txt	moderate	20	ms-proteomics;vertebrates;dia-acquisition;cell-lines	none_in_pride	no	Verify filename tokens resolve condition and replicate before annotating
PXD073640	include	Small label-free project; mapping must come from acquisition filenames	PRIDE https://www.ebi.ac.uk/pride/ws/archive/v3/projects/PXD073640; files/all n=22	Q2	6	Homo sapiens (human)	22	16	raw	DIA	LFQ	Orbitrap Astral	no	no	ID_25330_Spectronaut_search_result.sne	moderate	16	ms-proteomics;human;dia-acquisition;cell-lines	none_in_pride	no	Verify filename tokens resolve condition and replicate before annotating
PXD073738	include	Small label-free project; mapping must come from acquisition filenames	PRIDE https://www.ebi.ac.uk/pride/ws/archive/v3/projects/PXD073738; files/all n=51	Q2	6	Hevea brasiliensis	51	24	raw	DIA	LFQ	LTQ Orbitrap	no	no	checksum.txt;KK1812.tsv;KK1812.pg_matrix.tsv	moderate	24	ms-proteomics;dia-acquisition	none_in_pride	no	Verify filename tokens resolve condition and replicate before annotating
PXD073787	include	Small label-free project; mapping must come from acquisition filenames	PRIDE https://www.ebi.ac.uk/pride/ws/archive/v3/projects/PXD073787; files/all n=39	Q2	6	Bitis arietans;Naja nigricollis	39	16	d.zip	DIA	LFQ	timsTOF SCP	no	no	combined_peptide_B_All.tsv;checksum.txt;combined_protein_B_all.tsv	moderate	16	ms-proteomics;dia-acquisition	none_in_pride	no	Verify filename tokens resolve condition and replicate before annotating
PXD073864	include	Small label-free project; mapping must come from acquisition filenames	PRIDE https://www.ebi.ac.uk/pride/ws/archive/v3/projects/PXD073864; files/all n=27	Q2	6	Apis mellifera (honeybee)	27	24	raw	DDA	LFQ	Q Exactive	no	no	checksum.txt;combined_protein.tsv;combined_modified_peptide.tsv	moderate	24	ms-proteomics;invertebrates	none_in_pride	no	Verify filename tokens resolve condition and replicate before annotating
PXD074024	include	Small label-free project; mapping must come from acquisition filenames	PRIDE https://www.ebi.ac.uk/pride/ws/archive/v3/projects/PXD074024; files/all n=24	Q2	6	Homo sapiens (human)	24	22	raw	DIA	LFQ	Orbitrap Fusion Lumos	no	no	checksum.txt;20250306_130724_DIA_Report.csv	moderate	22	ms-proteomics;human;dia-acquisition	none_in_pride	no	Verify filename tokens resolve condition and replicate before annotating
PXD074434	include	Small label-free project; mapping must come from acquisition filenames	PRIDE https://www.ebi.ac.uk/pride/ws/archive/v3/projects/PXD074434; files/all n=20	Q2	6	Trypanosoma brucei	20	18	raw	DIA	LFQ	Q Exactive HF	no	no	checksum.txt;report.tsv	moderate	18	ms-proteomics;dia-acquisition	none_in_pride	no	Verify filename tokens resolve condition and replicate before annotating
PXD074451	include	Small label-free project; mapping must come from acquisition filenames	PRIDE https://www.ebi.ac.uk/pride/ws/archive/v3/projects/PXD074451; files/all n=22	Q2	6	Mus musculus (mouse)	22	16	raw	DIA	LFQ	Orbitrap Exploris 480	no	no	checksum.txt;Hpolyin_houseTranscriptomen143104_DUPESREMOVED.txt;20250512_085413_029_2024_DUN_HM_directDIA_mouse_hpoly_cont_normalised_contrasts_v19_protein_pivot_Report.tsv	moderate	16	ms-proteomics;vertebrates;dia-acquisition	none_in_pride	no	Verify filename tokens resolve condition and replicate before annotating
PXD074461	include	Small label-free project; mapping must come from acquisition filenames	PRIDE https://www.ebi.ac.uk/pride/ws/archive/v3/projects/PXD074461; files/all n=28	Q2	6	Homo sapiens (human)	28	24	raw	DDA	LFQ	Orbitrap Exploris 240	no	no	parameters.txt;peptides.txt;proteinGroups.txt	moderate	24	ms-proteomics;human	none_in_pride	no	Verify filename tokens resolve condition and replicate before annotating
PXD074545	include	Small label-free project; mapping must come from acquisition filenames	PRIDE https://www.ebi.ac.uk/pride/ws/archive/v3/projects/PXD074545; files/all n=17	Q2	6	Homo sapiens (human)	17	15	raw	DIA	LFQ	Orbitrap Eclipse	no	no	report.pg_matrix.tsv;checksum.txt	moderate	15	ms-proteomics;human;dia-acquisition;cell-lines	none_in_pride	no	Verify filename tokens resolve condition and replicate before annotating
PXD074568	include	Small label-free project; mapping must come from acquisition filenames	PRIDE https://www.ebi.ac.uk/pride/ws/archive/v3/projects/PXD074568; files/all n=24	Q2	6	Mus musculus (mouse)	24	20	raw	DIA	LFQ	Orbitrap Astral	no	no	20251022_204804_Dana_Oct_2025_Report.csv;20251022_204804_Dana_Oct_2025_Report.setup.txt;checksum.txt	moderate	20	ms-proteomics;vertebrates;dia-acquisition	none_in_pride	no	Verify filename tokens resolve condition and replicate before annotating
PXD074943	include	Small label-free project; mapping must come from acquisition filenames	PRIDE https://www.ebi.ac.uk/pride/ws/archive/v3/projects/PXD074943; files/all n=23	Q2	6	Homo sapiens (human)	23	21	raw	DIA	LFQ	Orbitrap Eclipse	no	no	checksum.txt	moderate	21	ms-proteomics;human;dia-acquisition	none_in_pride	no	Verify filename tokens resolve condition and replicate before annotating
PXD075100	include	Small label-free project; mapping must come from acquisition filenames	PRIDE https://www.ebi.ac.uk/pride/ws/archive/v3/projects/PXD075100; files/all n=29	Q2	6	Bacteria	29	24	raw	DDA	LFQ	Orbitrap Exploris 240	no	no	muestrasProteomicayOTUSagostocopia.xlsx;checksum.txt	moderate	24	ms-proteomics	none_in_pride	no	Verify filename tokens resolve condition and replicate before annotating
PXD075247	include	Small label-free project; mapping must come from acquisition filenames	PRIDE https://www.ebi.ac.uk/pride/ws/archive/v3/projects/PXD075247; files/all n=20	Q2	6	Homo sapiens (human)	20	15	raw	DIA	LFQ	Orbitrap Fusion Lumos	no	no	report.tsv;report.pg_matrix.tsv;checksum.txt	moderate	15	ms-proteomics;human;dia-acquisition	none_in_pride	no	Verify filename tokens resolve condition and replicate before annotating
PXD075349	include	Small label-free project; mapping must come from acquisition filenames	PRIDE https://www.ebi.ac.uk/pride/ws/archive/v3/projects/PXD075349; files/all n=20	Q2	6	Homo sapiens (human)	20	16	raw	DIA	LFQ	Orbitrap Exploris 240	no	no	checksum.txt;report.pr_matrix.tsv;report.pg_matrix.tsv	moderate	16	ms-proteomics;human;dia-acquisition	none_in_pride	no	Verify filename tokens resolve condition and replicate before annotating
PXD075355	include	Small label-free project; mapping must come from acquisition filenames	PRIDE https://www.ebi.ac.uk/pride/ws/archive/v3/projects/PXD075355; files/all n=24	Q2	6	Pichia kluyveri;Pichia kudriavzevii	24	16	d.zip	DDA	LFQ	timsTOF Pro	no	no	checksum.txt;peptide.csv;DB_search_psm.csv	moderate	16	ms-proteomics	none_in_pride	no	Verify filename tokens resolve condition and replicate before annotating
PXD075517	include	Small label-free project; mapping must come from acquisition filenames	PRIDE https://www.ebi.ac.uk/pride/ws/archive/v3/projects/PXD075517; files/all n=24	Q2	6	Trypanosoma brucei	24	20	raw	DDA	LFQ	Orbitrap Fusion	no	no	checksum.txt	moderate	20	ms-proteomics	none_in_pride	no	Verify filename tokens resolve condition and replicate before annotating
PXD075554	include	Small label-free project; mapping must come from acquisition filenames	PRIDE https://www.ebi.ac.uk/pride/ws/archive/v3/projects/PXD075554; files/all n=28	Q2	6	Homo sapiens (human)	28	24	raw	DIA	LFQ	Orbitrap Fusion Lumos	no	no	checksum.txt	moderate	24	ms-proteomics;human;dia-acquisition;cell-lines	none_in_pride	no	Verify filename tokens resolve condition and replicate before annotating
PXD075809	include	Small label-free project; mapping must come from acquisition filenames	PRIDE https://www.ebi.ac.uk/pride/ws/archive/v3/projects/PXD075809; files/all n=6	Q2	6	Arabidopsis thaliana (mouse-ear cress)	6	2	raw	DDA	unknown	Q Exactive HF	no	no	checksum.txt	simple	2	ms-proteomics;plants	none_in_pride	no	Verify filename tokens resolve condition and replicate before annotating
PXD075873	include	Small label-free project; mapping must come from acquisition filenames	PRIDE https://www.ebi.ac.uk/pride/ws/archive/v3/projects/PXD075873; files/all n=23	Q2	6	Mycobacterium smegmatis (strain atcc 700084 / mc(2)155);Mycobacterium tuberculosis h37ra;Bacteria	23	17	d.zip	DIA	LFQ	timsTOF Pro 2	no	no	Msm_report.tsv;H37Ra_report.pg_matrix.tsv;checksum.txt	moderate	17	ms-proteomics;dia-acquisition	none_in_pride	no	Verify filename tokens resolve condition and replicate before annotating
PXD076043	include	Small label-free project; mapping must come from acquisition filenames	PRIDE https://www.ebi.ac.uk/pride/ws/archive/v3/projects/PXD076043; files/all n=18	Q2	6	Mus musculus (mouse)	18	16	raw	DIA	LFQ	Orbitrap Fusion Lumos	no	no	checksum.txt	moderate	16	ms-proteomics;vertebrates;dia-acquisition	none_in_pride	no	Verify filename tokens resolve condition and replicate before annotating
PXD076220	include	Small label-free project; mapping must come from acquisition filenames	PRIDE https://www.ebi.ac.uk/pride/ws/archive/v3/projects/PXD076220; files/all n=28	Q2	6	Bos taurus (bovine)	28	24	d.zip	DIA	LFQ	maXis	no	no	SerumExosomes_Report.tsv;checksum.txt;proteinquants_Report.xlsx	moderate	24	ms-proteomics;vertebrates;dia-acquisition	none_in_pride	no	Verify filename tokens resolve condition and replicate before annotating
PXD076495	include	Small label-free project; mapping must come from acquisition filenames	PRIDE https://www.ebi.ac.uk/pride/ws/archive/v3/projects/PXD076495; files/all n=22	Q2	6	Homo sapiens (human)	22	18	raw	DIA	LFQ	quadrupole orbitrap astral instrument	no	no	PAC_BLaER1_d9report.log.txt;checksum.txt;PAC_BLaER1_QRILC_imputed_data.tsv	moderate	18	ms-proteomics;human;dia-acquisition	none_in_pride	no	Verify filename tokens resolve condition and replicate before annotating
PXD076503	include	Small label-free project; mapping must come from acquisition filenames	PRIDE https://www.ebi.ac.uk/pride/ws/archive/v3/projects/PXD076503; files/all n=25	Q2	6	Homo sapiens (human)	25	18	raw	DIA	LFQ	Orbitrap Fusion Lumos	no	no	diann_report.pdf	moderate	18	ms-proteomics;human;dia-acquisition	none_in_pride	no	Verify filename tokens resolve condition and replicate before annotating
PXD076703	include	Small label-free project; mapping must come from acquisition filenames	PRIDE https://www.ebi.ac.uk/pride/ws/archive/v3/projects/PXD076703; files/all n=27	Q2	6	Homo sapiens (human)	27	21	d.zip	DIA	LFQ	timsTOF HT	no	no	ID24183_Spectronaut_Result.sne	moderate	21	ms-proteomics;human;dia-acquisition;cell-lines	none_in_pride	no	Verify filename tokens resolve condition and replicate before annotating
PXD077140	include	Small label-free project; mapping must come from acquisition filenames	PRIDE https://www.ebi.ac.uk/pride/ws/archive/v3/projects/PXD077140; files/all n=18	Q2	6	Homo sapiens (human)	18	16	raw	DIA	LFQ	quadrupole orbitrap astral instrument	no	no	checksum.txt	moderate	16	ms-proteomics;human;dia-acquisition	none_in_pride	no	Verify filename tokens resolve condition and replicate before annotating
PXD077377	include	Small label-free project; mapping must come from acquisition filenames	PRIDE https://www.ebi.ac.uk/pride/ws/archive/v3/projects/PXD077377; files/all n=21	Q2	6	Saccharomyces cerevisiae (baker's yeast)	21	18	raw	DDA	LFQ	Q Exactive	no	no	checksum.txt;All_3_comparisons_re-PeptideList.xlsx	moderate	18	ms-proteomics	none_in_pride	no	Verify filename tokens resolve condition and replicate before annotating
PXD077444	include	Small label-free project; mapping must come from acquisition filenames	PRIDE https://www.ebi.ac.uk/pride/ws/archive/v3/projects/PXD077444; files/all n=19	Q2	6	Mus musculus (mouse)	19	13	raw	DIA	LFQ	orbitrap	no	no	20241115_181439_P24-947_Harini_ms_db_Report.tsv;checksum.txt;Results_P24-947.xlsx	moderate	13	ms-proteomics;vertebrates;dia-acquisition;cell-lines	none_in_pride	no	Verify filename tokens resolve condition and replicate before annotating
PXD077604	include	Small label-free project; mapping must come from acquisition filenames	PRIDE https://www.ebi.ac.uk/pride/ws/archive/v3/projects/PXD077604; files/all n=16	Q2	6	Mus musculus (mouse)	16	14	d.zip	DIA	LFQ	timsTOF HT	no	no	checksum.txt	moderate	14	ms-proteomics;vertebrates;dia-acquisition	none_in_pride	no	Verify filename tokens resolve condition and replicate before annotating
PXD077655	include	Small label-free project; mapping must come from acquisition filenames	PRIDE https://www.ebi.ac.uk/pride/ws/archive/v3/projects/PXD077655; files/all n=25	Q2	6	Homo sapiens (human)	25	20	raw	DDA	LFQ	Orbitrap Fusion Lumos	no	no	checksum.txt	moderate	20	ms-proteomics;human	none_in_pride	no	Verify filename tokens resolve condition and replicate before annotating
PXD077854	include	Small label-free project; mapping must come from acquisition filenames	PRIDE https://www.ebi.ac.uk/pride/ws/archive/v3/projects/PXD077854; files/all n=49	Q2	6	Homo sapiens (human)	49	16	raw	DIA	LFQ	Orbitrap Astral	no	no	report_SUMO1_pulldown_input.manifest.txt;report_SUMO1_pulldown_input-first-pass.pr_matrix.tsv;report_SUMO2_pulldown_off_normalization.log.txt	moderate	16	ms-proteomics;human;dia-acquisition	none_in_pride	no	Verify filename tokens resolve condition and replicate before annotating
PXD078690	include	Small label-free project; mapping must come from acquisition filenames	PRIDE https://www.ebi.ac.uk/pride/ws/archive/v3/projects/PXD078690; files/all n=17	Q2	6	Homo sapiens (human)	17	14	raw	DIA	LFQ	Orbitrap Exploris 480	no	no	Meta_data.xlsx;checksum.txt;Exp_004a_LiP_MS_for_PRIDE.xlsx	moderate	14	ms-proteomics;human;dia-acquisition	none_in_pride	no	Verify filename tokens resolve condition and replicate before annotating
PXD079489	include	Small label-free project; mapping must come from acquisition filenames	PRIDE https://www.ebi.ac.uk/pride/ws/archive/v3/projects/PXD079489; files/all n=21	Q2	6	Streptococcus pyogenes mgas315	21	18	d.zip	DIA	LFQ	Bruker Daltonics timsTOF series	no	no	accessions_for_uniprot.csv;Strain_lfq_table.xlsx;checksum.txt	moderate	18	ms-proteomics;dia-acquisition	none_in_pride	no	Verify filename tokens resolve condition and replicate before annotating
PXD079623	include	Small label-free project; mapping must come from acquisition filenames	PRIDE https://www.ebi.ac.uk/pride/ws/archive/v3/projects/PXD079623; files/all n=17	Q2	6	Mus musculus (mouse)	17	13	raw	DIA	LFQ	Orbitrap Astral	no	no	20260223_134747_DF_DC_ex_vivo_spectronaut19.sne;20260223_134747_DF_DC_ex_vivo_spectronaut19_Report.csv;20260223_134747_DF_DC_ex_vivo_spectronaut19_Report.setup.txt	moderate	13	ms-proteomics;vertebrates;dia-acquisition	none_in_pride	no	Verify filename tokens resolve condition and replicate before annotating
PXD079702	include	Small label-free project; mapping must come from acquisition filenames	PRIDE https://www.ebi.ac.uk/pride/ws/archive/v3/projects/PXD079702; files/all n=23	Q2	6	Caenorhabditis elegans	23	18	raw	DIA	LFQ	Orbitrap Eclipse	no	no	checksum.txt;P031_Report.tsv;P031_Report.log.txt	moderate	18	ms-proteomics;invertebrates;dia-acquisition	none_in_pride	no	Verify filename tokens resolve condition and replicate before annotating
PXD080370	include	Small label-free project; mapping must come from acquisition filenames	PRIDE https://www.ebi.ac.uk/pride/ws/archive/v3/projects/PXD080370; files/all n=25	Q2	6	Homo sapiens (human)	25	17	raw	DIA	LFQ	Orbitrap Eclipse	no	no	DIA-NN_report_WP_HEMK1.pdf;DIA-NN_report_MEP_HEMK1.pdf	moderate	17	ms-proteomics;human;dia-acquisition	none_in_pride	no	Verify filename tokens resolve condition and replicate before annotating
PXD081058	include	Small label-free project; mapping must come from acquisition filenames	PRIDE https://www.ebi.ac.uk/pride/ws/archive/v3/projects/PXD081058; files/all n=20	Q2	6	Homo sapiens (human)	20	18	raw	DDA	LFQ	Orbitrap Exploris 480	no	no	checksum.txt;Proteome_Discoverer_output.tsv.xlsx	moderate	18	ms-proteomics;human	none_in_pride	no	Verify filename tokens resolve condition and replicate before annotating
PXD000590	include	Small label-free project; mapping must come from acquisition filenames	PRIDE https://www.ebi.ac.uk/pride/ws/archive/v3/projects/PXD000590; files/all n=38	Q2	5	Mus musculus (mouse)	38	36	raw.zip	DIA	LFQ	Synapt MS	no	no	Distler_et_al_protein_report_fractions.xlsx;Distler_et_al_peptide_report_fractions.xlsx	moderate	36	ms-proteomics;vertebrates;dia-acquisition	none_in_pride	no	Verify filename tokens resolve condition and replicate before annotating
PXD025431	include	Small label-free project; mapping must come from acquisition filenames	PRIDE https://www.ebi.ac.uk/pride/ws/archive/v3/projects/PXD025431; files/all n=35	Q2	5	Homo sapiens (human)	35	33	raw	DIA	LFQ	Q Exactive HF	no	no	checksum.txt	moderate	33	ms-proteomics;human;dia-acquisition	none_in_pride	no	Verify filename tokens resolve condition and replicate before annotating
PXD029625	include	Small label-free project; mapping must come from acquisition filenames	PRIDE https://www.ebi.ac.uk/pride/ws/archive/v3/projects/PXD029625; files/all n=50	Q2	5	Mus musculus (mouse)	50	44	raw	DIA	LFQ	Q Exactive HF	no	no	DIANN_results_Lung.zip;DIANN_results_BALF.zip	moderate	44	ms-proteomics;vertebrates;dia-acquisition	none_in_pride	no	Verify filename tokens resolve condition and replicate before annotating
PXD031413	include	Small label-free project; mapping must come from acquisition filenames	PRIDE https://www.ebi.ac.uk/pride/ws/archive/v3/projects/PXD031413; files/all n=77	Q2	5	Mus musculus (mouse)	77	35	raw	DIA	LFQ	Orbitrap Fusion	no	no	Supplementary_Table_X_Scientific_Reports_final.xlsx;checksum.txt	moderate	35	ms-proteomics;vertebrates;dia-acquisition	none_in_pride	no	Verify filename tokens resolve condition and replicate before annotating
PXD036596	include	Small label-free project; mapping must come from acquisition filenames	PRIDE https://www.ebi.ac.uk/pride/ws/archive/v3/projects/PXD036596; files/all n=19	Q2	5	Rattus rattus (black rat)	19	18	d.zip	DIA	LFQ	timsTOF Pro	no	no		moderate	18	ms-proteomics;dia-acquisition	none_in_pride	no	Verify filename tokens resolve condition and replicate before annotating
PXD040933	include	Small label-free project; mapping must come from acquisition filenames	PRIDE https://www.ebi.ac.uk/pride/ws/archive/v3/projects/PXD040933; files/all n=52	Q2	5	Mus musculus (mouse)	52	48	raw	DIA	LFQ	Orbitrap Exploris 480	no	no	checksum.txt;20220726_2021-43_2022-14_Sara_MS1Quant_Qclassic_LocalNorm_NoImp.xls	moderate	48	ms-proteomics;vertebrates;dia-acquisition	none_in_pride	no	Verify filename tokens resolve condition and replicate before annotating
PXD044665	include	Small label-free project; mapping must come from acquisition filenames	PRIDE https://www.ebi.ac.uk/pride/ws/archive/v3/projects/PXD044665; files/all n=22	Q2	5	Neisseria gonorrhoeae ms11	22	21	raw	DIA	LFQ	Orbitrap Fusion Lumos	no	no		moderate	21	ms-proteomics;dia-acquisition	none_in_pride	no	Verify filename tokens resolve condition and replicate before annotating
PXD046108	include	Small label-free project; mapping must come from acquisition filenames	PRIDE https://www.ebi.ac.uk/pride/ws/archive/v3/projects/PXD046108; files/all n=86	Q2	5	Homo sapiens (human)	86	35	wiff	DIA	LFQ	TripleTOF 6600	no	no	neutrophils_DDA3__FDR.xlsx;TH2_DDA3__FDR.xlsx;eosinophils_DDA2__FDR.xlsx	moderate	35	ms-proteomics;human;dia-acquisition	none_in_pride	no	Verify filename tokens resolve condition and replicate before annotating
PXD046533	include	Small label-free project; mapping must come from acquisition filenames	PRIDE https://www.ebi.ac.uk/pride/ws/archive/v3/projects/PXD046533; files/all n=86	Q2	5	Homo sapiens (human);Mus musculus (mouse)	86	42	wiff	DIA	LFQ	TripleTOF 5600	no	no	checksum.txt;Result.xlsx	moderate	42	ms-proteomics;dia-acquisition	none_in_pride	no	Verify filename tokens resolve condition and replicate before annotating
PXD046676	include	Small label-free project; mapping must come from acquisition filenames	PRIDE https://www.ebi.ac.uk/pride/ws/archive/v3/projects/PXD046676; files/all n=32	Q2	5	Homo sapiens (human)	32	30	raw	DIA	LFQ	LTQ Orbitrap	no	no	total_identification_info.txt;checksum.txt	moderate	30	ms-proteomics;human;dia-acquisition	none_in_pride	no	Verify filename tokens resolve condition and replicate before annotating
PXD046908	include	Small label-free project; mapping must come from acquisition filenames	PRIDE https://www.ebi.ac.uk/pride/ws/archive/v3/projects/PXD046908; files/all n=58	Q2	5	Homo sapiens (human)	58	28	wiff	DIA	LFQ	TripleTOF 6600	no	no	checksum.txt;formattedmatrix.csv	moderate	28	ms-proteomics;human;dia-acquisition	none_in_pride	no	Verify filename tokens resolve condition and replicate before annotating
PXD046938	include	Small label-free project; mapping must come from acquisition filenames	PRIDE https://www.ebi.ac.uk/pride/ws/archive/v3/projects/PXD046938; files/all n=17	Q2	5	Staphylococcus aureus	17	16	raw	DIA	LFQ	Q Exactive Plus	no	no		moderate	16	ms-proteomics;dia-acquisition	none_in_pride	no	Verify filename tokens resolve condition and replicate before annotating
PXD047282	include	Small label-free project; mapping must come from acquisition filenames	PRIDE https://www.ebi.ac.uk/pride/ws/archive/v3/projects/PXD047282; files/all n=43	Q2	5	Homo sapiens (human)	43	42	raw	DIA	LFQ	Orbitrap Fusion Lumos	no	no	report.pg_matrix.tsv	moderate	42	ms-proteomics;human;dia-acquisition	none_in_pride	no	Verify filename tokens resolve condition and replicate before annotating
PXD047537	include	Small label-free project; mapping must come from acquisition filenames	PRIDE https://www.ebi.ac.uk/pride/ws/archive/v3/projects/PXD047537; files/all n=39	Q2	5	Pseudomonas putida kt2440	39	32	raw	DIA	LFQ	Orbitrap Exploris 480	no	no	220719_main_search.log.txt;220719_main_search.tsv;5815_Mass_List_Table_PRM02.csv	moderate	32	ms-proteomics;dia-acquisition	none_in_pride	no	Verify filename tokens resolve condition and replicate before annotating
PXD048002	include	Small label-free project; mapping must come from acquisition filenames	PRIDE https://www.ebi.ac.uk/pride/ws/archive/v3/projects/PXD048002; files/all n=97	Q2	5	Homo sapiens (human)	97	48	wiff	DIA	LFQ	TripleTOF 6600	no	no	SWATH_library__FDR.xlsx	moderate	48	ms-proteomics;human;dia-acquisition	none_in_pride	no	Verify filename tokens resolve condition and replicate before annotating
PXD048506	include	Small label-free project; mapping must come from acquisition filenames	PRIDE https://www.ebi.ac.uk/pride/ws/archive/v3/projects/PXD048506; files/all n=73	Q2	5	Rattus norvegicus (rat)	73	36	wiff	DIA	LFQ	TripleTOF 6600	no	no	Phopho_library__FDR.xlsx	moderate	36	ms-proteomics;vertebrates;dia-acquisition	none_in_pride	no	Verify filename tokens resolve condition and replicate before annotating
PXD048564	include	Small label-free project; mapping must come from acquisition filenames	PRIDE https://www.ebi.ac.uk/pride/ws/archive/v3/projects/PXD048564; files/all n=95	Q2	5	Rattus norvegicus (rat)	95	29	wiff	DIA	LFQ	TripleTOF 6600	no	no	SNx_Urine_SWATH_DIANN_search_and_quantitation_results.zip;SNx_Kidney_SWATH_DIANN_search_and_quantitation_results.zip;SNx_Plasma_SWATH_DIANN_search_and_quantitation_results.zip	moderate	29	ms-proteomics;vertebrates;dia-acquisition	none_in_pride	no	Verify filename tokens resolve condition and replicate before annotating
PXD048687	include	Small label-free project; mapping must come from acquisition filenames	PRIDE https://www.ebi.ac.uk/pride/ws/archive/v3/projects/PXD048687; files/all n=33	Q2	5	Mus musculus (mouse)	33	32	raw	DIA	LFQ	Orbitrap Exploris 240	no	no	report.pg_matrix.tsv	moderate	32	ms-proteomics;vertebrates;dia-acquisition	none_in_pride	no	Verify filename tokens resolve condition and replicate before annotating
PXD048814	include	Small label-free project; mapping must come from acquisition filenames	PRIDE https://www.ebi.ac.uk/pride/ws/archive/v3/projects/PXD048814; files/all n=42	Q2	5	Mus musculus (mouse)	42	20	wiff	DIA	LFQ	TripleTOF 5600	no	no		moderate	20	ms-proteomics;vertebrates;dia-acquisition	none_in_pride	no	Verify filename tokens resolve condition and replicate before annotating
PXD049090	include	Small label-free project; mapping must come from acquisition filenames	PRIDE https://www.ebi.ac.uk/pride/ws/archive/v3/projects/PXD049090; files/all n=41	Q2	5	Homo sapiens (human)	41	30	raw	DIA	LFQ	Q Exactive	no	no	HX-MS-summary_full_kinetics_hCGN2.xlsx;2023-09-20-hGCN2-DIA-bin-file-375-911mz.csv;checksum.txt	moderate	30	ms-proteomics;human;dia-acquisition	none_in_pride	no	Verify filename tokens resolve condition and replicate before annotating
PXD049421	include	Small label-free project; mapping must come from acquisition filenames	PRIDE https://www.ebi.ac.uk/pride/ws/archive/v3/projects/PXD049421; files/all n=69	Q2	5	Mus musculus (mouse)	69	33	wiff	DIA	LFQ	TripleTOF 6600	no	no	checksum.txt	moderate	33	ms-proteomics;vertebrates;dia-acquisition	none_in_pride	no	Verify filename tokens resolve condition and replicate before annotating
PXD049689	include	Small label-free project; mapping must come from acquisition filenames	PRIDE https://www.ebi.ac.uk/pride/ws/archive/v3/projects/PXD049689; files/all n=35	Q2	5	Homo sapiens (human)	35	30	raw	DIA	LFQ	Orbitrap Fusion Lumos	no	no	Mass_list_table.txt	moderate	30	ms-proteomics;human;dia-acquisition	none_in_pride	no	Verify filename tokens resolve condition and replicate before annotating
PXD050755	include	Small label-free project; mapping must come from acquisition filenames	PRIDE https://www.ebi.ac.uk/pride/ws/archive/v3/projects/PXD050755; files/all n=55	Q2	5	Homo sapiens (human)	55	18	wiff	DIA	LFQ	TripleTOF 5600	no	no		moderate	18	ms-proteomics;human;dia-acquisition	none_in_pride	no	Verify filename tokens resolve condition and replicate before annotating
PXD050798	include	Small label-free project; mapping must come from acquisition filenames	PRIDE https://www.ebi.ac.uk/pride/ws/archive/v3/projects/PXD050798; files/all n=86	Q2	5	Capra hircus (goat)	86	42	wiff	DIA	LFQ	TripleTOF 5600	no	no	checksum.txt	moderate	42	ms-proteomics;dia-acquisition	none_in_pride	no	Verify filename tokens resolve condition and replicate before annotating
PXD051011	include	Small label-free project; mapping must come from acquisition filenames	PRIDE https://www.ebi.ac.uk/pride/ws/archive/v3/projects/PXD051011; files/all n=83	Q2	5	Homo sapiens (human)	83	40	wiff	DIA	LFQ	TripleTOF 6600	no	no	checksum.txt	moderate	40	ms-proteomics;human;dia-acquisition	none_in_pride	no	Verify filename tokens resolve condition and replicate before annotating
PXD051097	include	Small label-free project; mapping must come from acquisition filenames	PRIDE https://www.ebi.ac.uk/pride/ws/archive/v3/projects/PXD051097; files/all n=39	Q2	5	Homo sapiens (human)	39	37	raw	DIA	LFQ	Q Exactive HF	no	no	checksum.txt	moderate	37	ms-proteomics;human;dia-acquisition	none_in_pride	no	Verify filename tokens resolve condition and replicate before annotating
PXD051606	include	Small label-free project; mapping must come from acquisition filenames	PRIDE https://www.ebi.ac.uk/pride/ws/archive/v3/projects/PXD051606; files/all n=46	Q2	5	Mus musculus (mouse)	46	43	raw	DIA	LFQ	Q Exactive HF-X;Orbitrap Exploris 480	no	no	Whole_adipose_mitopep_KO_.pg_matrix.tsv;Mitopep_pg_soleus.tsv;Mitopep_plasma.pg_matrix.tsv	moderate	43	ms-proteomics;vertebrates;dia-acquisition	none_in_pride	no	Verify filename tokens resolve condition and replicate before annotating
PXD053051	include	Small label-free project; mapping must come from acquisition filenames	PRIDE https://www.ebi.ac.uk/pride/ws/archive/v3/projects/PXD053051; files/all n=43	Q2	5	Mus musculus (mouse)	43	40	d.zip	DIA	LFQ	timsTOF Pro 2	no	no	20240125_003024_2023_96_J_Wegener_CM_dDIA_Report.tsv;2023_96_J_Wegener_CM_dDIA_ConditionSetup.tsv	moderate	40	ms-proteomics;vertebrates;dia-acquisition	none_in_pride	no	Verify filename tokens resolve condition and replicate before annotating
PXD053397	include	Small label-free project; mapping must come from acquisition filenames	PRIDE https://www.ebi.ac.uk/pride/ws/archive/v3/projects/PXD053397; files/all n=139	Q2	5	Homo sapiens (human)	139	25	wiff	DIA	LFQ	ZenoTOF 7600	no	no	report.unique_genes_matrix.tsv;report.gg_matrix.tsv;report.stats.tsv	moderate	25	ms-proteomics;human;dia-acquisition	none_in_pride	no	Verify filename tokens resolve condition and replicate before annotating
PXD054777	include	Small label-free project; mapping must come from acquisition filenames	PRIDE https://www.ebi.ac.uk/pride/ws/archive/v3/projects/PXD054777; files/all n=91	Q2	5	Homo sapiens (human)	91	45	wiff	DIA	LFQ	TripleTOF 6600	no	no	SWATH_Library.txt	moderate	45	ms-proteomics;human;dia-acquisition	none_in_pride	no	Verify filename tokens resolve condition and replicate before annotating
PXD055059	include	Small label-free project; mapping must come from acquisition filenames	PRIDE https://www.ebi.ac.uk/pride/ws/archive/v3/projects/PXD055059; files/all n=74	Q2	5	Vibrio cholerae o1 str. haiti	74	36	wiff	DIA	LFQ	TripleTOF 5600	no	no	checksum.txt	moderate	36	ms-proteomics;dia-acquisition	none_in_pride	no	Verify filename tokens resolve condition and replicate before annotating
PXD055275	include	Small label-free project; mapping must come from acquisition filenames	PRIDE https://www.ebi.ac.uk/pride/ws/archive/v3/projects/PXD055275; files/all n=98	Q2	5	Homo sapiens (human)	98	36	d.zip;raw;wiff	DIA	LFQ	Orbitrap Fusion Lumos	no	no	TIMsTOF_report.tsv;ZenoTOF_report.tsv;Orbit_HCEC.tsv	moderate	36	ms-proteomics;human;dia-acquisition	none_in_pride	no	Verify filename tokens resolve condition and replicate before annotating
PXD055890	include	Small label-free project; mapping must come from acquisition filenames	PRIDE https://www.ebi.ac.uk/pride/ws/archive/v3/projects/PXD055890; files/all n=34	Q2	5	Bos taurus (bovine)	34	32	d.zip	DIA	LFQ	timsTOF Pro	no	no	checksum.txt	moderate	32	ms-proteomics;vertebrates;dia-acquisition	none_in_pride	no	Verify filename tokens resolve condition and replicate before annotating
PXD055912	include	Small label-free project; mapping must come from acquisition filenames	PRIDE https://www.ebi.ac.uk/pride/ws/archive/v3/projects/PXD055912; files/all n=54	Q2	5	Homo sapiens (human)	54	48	d.zip	DIA	LFQ	timsTOF Pro	no	no	output.tsv;5880_diaParameters.txt;files_description.txt	moderate	48	ms-proteomics;human;dia-acquisition	none_in_pride	no	Verify filename tokens resolve condition and replicate before annotating
PXD055980	include	Small label-free project; mapping must come from acquisition filenames	PRIDE https://www.ebi.ac.uk/pride/ws/archive/v3/projects/PXD055980; files/all n=43	Q2	5	Homo sapiens (human)	43	37	d.zip	DIA	LFQ	timsTOF Pro 2	no	no	5295_diaParameters.txt;output.tsv;files_description.txt	moderate	37	ms-proteomics;human;dia-acquisition	none_in_pride	no	Verify filename tokens resolve condition and replicate before annotating
PXD056097	include	Small label-free project; mapping must come from acquisition filenames	PRIDE https://www.ebi.ac.uk/pride/ws/archive/v3/projects/PXD056097; files/all n=41	Q2	5	Gallus gallus (chicken)	41	20	wiff	DIA	LFQ	TripleTOF 6600	no	no		moderate	20	ms-proteomics;vertebrates;dia-acquisition	none_in_pride	no	Verify filename tokens resolve condition and replicate before annotating
PXD056184	include	Small label-free project; mapping must come from acquisition filenames	PRIDE https://www.ebi.ac.uk/pride/ws/archive/v3/projects/PXD056184; files/all n=41	Q2	5	Gallus gallus (chicken)	41	20	wiff	DIA	LFQ	TripleTOF 6600	no	no		moderate	20	ms-proteomics;vertebrates;dia-acquisition	none_in_pride	no	Verify filename tokens resolve condition and replicate before annotating
PXD056472	include	Small label-free project; mapping must come from acquisition filenames	PRIDE https://www.ebi.ac.uk/pride/ws/archive/v3/projects/PXD056472; files/all n=62	Q2	5	Spodoptera littoralis;Spodoptera exigua	62	28	wiff	DIA	LFQ	TripleTOF 6600	no	no	SpodopteraExigua-SpectralLibrary-SEARCH.xlsx;ProteinQuantitationSpodopteraExigua.xlsx;SpodopteraLittoralis-SpectralLibrary-SEARCH.xlsx	moderate	28	ms-proteomics;dia-acquisition	none_in_pride	no	Verify filename tokens resolve condition and replicate before annotating
PXD056515	include	Small label-free project; mapping must come from acquisition filenames	PRIDE https://www.ebi.ac.uk/pride/ws/archive/v3/projects/PXD056515; files/all n=28	Q2	5	Homo sapiens (human)	28	25	d.7z	DIA	LFQ	timsTOF HT	no	no	report.log.txt;checksum.txt	moderate	25	ms-proteomics;human;dia-acquisition	none_in_pride	no	Verify filename tokens resolve condition and replicate before annotating
PXD057116	include	Small label-free project; mapping must come from acquisition filenames	PRIDE https://www.ebi.ac.uk/pride/ws/archive/v3/projects/PXD057116; files/all n=122	Q2	5	Homo sapiens (human)	122	32	wiff	DIA	LFQ	TripleTOF 5600	no	no	checksum.txt	moderate	32	ms-proteomics;human;dia-acquisition	none_in_pride	no	Verify filename tokens resolve condition and replicate before annotating
PXD057129	include	Small label-free project; mapping must come from acquisition filenames	PRIDE https://www.ebi.ac.uk/pride/ws/archive/v3/projects/PXD057129; files/all n=33	Q2	5	Homo sapiens (human)	33	30	d.7z	DIA	LFQ	timsTOF Pro	no	no	checksum.txt;report.log.txt	moderate	30	ms-proteomics;human;dia-acquisition	none_in_pride	no	Verify filename tokens resolve condition and replicate before annotating
PXD057784	include	Small label-free project; mapping must come from acquisition filenames	PRIDE https://www.ebi.ac.uk/pride/ws/archive/v3/projects/PXD057784; files/all n=19	Q2	5	Mus musculus (mouse)	19	18	d.zip	DIA	LFQ	timsTOF Pro	no	no		moderate	18	ms-proteomics;vertebrates;dia-acquisition	none_in_pride	no	Verify filename tokens resolve condition and replicate before annotating
PXD057999	include	Small label-free project; mapping must come from acquisition filenames	PRIDE https://www.ebi.ac.uk/pride/ws/archive/v3/projects/PXD057999; files/all n=40	Q2	5	Homo sapiens (human)	40	37	d.7z	DIA	LFQ	timsTOF Pro	no	no	report.log.txt;checksum.txt	moderate	37	ms-proteomics;human;dia-acquisition	none_in_pride	no	Verify filename tokens resolve condition and replicate before annotating
PXD058482	include	Small label-free project; mapping must come from acquisition filenames	PRIDE https://www.ebi.ac.uk/pride/ws/archive/v3/projects/PXD058482; files/all n=37	Q2	5	Mus musculus (mouse)	37	35	d.zip	DIA	LFQ	timsTOF Pro	no	no	checksum.txt	moderate	35	ms-proteomics;vertebrates;dia-acquisition	none_in_pride	no	Verify filename tokens resolve condition and replicate before annotating
PXD058939	include	Small label-free project; mapping must come from acquisition filenames	PRIDE https://www.ebi.ac.uk/pride/ws/archive/v3/projects/PXD058939; files/all n=30	Q2	5	Sorghum bicolor	30	29	d.zip	DIA	LFQ	timsTOF Pro 2	no	no	P242_R916_report.tsv	moderate	29	ms-proteomics;dia-acquisition	none_in_pride	no	Verify filename tokens resolve condition and replicate before annotating
PXD058952	include	Small label-free project; mapping must come from acquisition filenames	PRIDE https://www.ebi.ac.uk/pride/ws/archive/v3/projects/PXD058952; files/all n=45	Q2	5	Homo sapiens (human)	45	41	raw	DIA	LFQ	Orbitrap Fusion	no	no	Search_results_CP-VZ.xlsx;NESc_Differentiation_Library.tsv;Search_results_NESc_Differentiation.xlsx	moderate	41	ms-proteomics;human;dia-acquisition	none_in_pride	no	Verify filename tokens resolve condition and replicate before annotating
PXD060301	include	Small label-free project; mapping must come from acquisition filenames	PRIDE https://www.ebi.ac.uk/pride/ws/archive/v3/projects/PXD060301; files/all n=37	Q2	5	Homo sapiens (human)	37	36	d.zip	DIA	LFQ	timsTOF Pro 2	no	no	207_extracted_pr_matrix.xlsx	moderate	36	ms-proteomics;human;dia-acquisition	none_in_pride	no	Verify filename tokens resolve condition and replicate before annotating
PXD060355	include	Small label-free project; mapping must come from acquisition filenames	PRIDE https://www.ebi.ac.uk/pride/ws/archive/v3/projects/PXD060355; files/all n=45	Q2	5	Homo sapiens (human)	45	42	d.zip	DIA	LFQ	timsTOF Pro 2	no	no	19_DIANN_normalized.pr_matrix.tsv	moderate	42	ms-proteomics;human;dia-acquisition	none_in_pride	no	Verify filename tokens resolve condition and replicate before annotating
PXD060415	include	Small label-free project; mapping must come from acquisition filenames	PRIDE https://www.ebi.ac.uk/pride/ws/archive/v3/projects/PXD060415; files/all n=49	Q2	5	Mus musculus (mouse)	49	48	d.zip	DIA	LFQ	timsTOF Pro	no	no	DIANN_libfree_P4156.zip	moderate	48	ms-proteomics;vertebrates;dia-acquisition	none_in_pride	no	Verify filename tokens resolve condition and replicate before annotating
PXD061221	include	Small label-free project; mapping must come from acquisition filenames	PRIDE https://www.ebi.ac.uk/pride/ws/archive/v3/projects/PXD061221; files/all n=409	Q2	5	Mus musculus (mouse)	409	47	d.zip	DIA	LFQ	timsTOF	no	no	20230324_TIMS5_PRIEVO2_PRI_X722_P100_R648_21min_DDA_proteinGroups_BNPAGE.txt	moderate	47	ms-proteomics;vertebrates;dia-acquisition	none_in_pride	no	Verify filename tokens resolve condition and replicate before annotating
PXD061541	include	Small label-free project; mapping must come from acquisition filenames	PRIDE https://www.ebi.ac.uk/pride/ws/archive/v3/projects/PXD061541; files/all n=43	Q2	5	Homo sapiens (human)	43	33	d.zip	DIA	LFQ	timsTOF Pro 2	no	no	report_v192_dataset1.pg_matrix_norm_RTnormPep_Sumpep.tsv;report_v192_dataset1.pg_matrix_norm_MaxLFQ.tsv;report_v192_dataset1.pg_matrix_norm_Sumpep_normbytotal.tsv	moderate	33	ms-proteomics;human;dia-acquisition	none_in_pride	no	Verify filename tokens resolve condition and replicate before annotating
PXD062078	include	Small label-free project; mapping must come from acquisition filenames	PRIDE https://www.ebi.ac.uk/pride/ws/archive/v3/projects/PXD062078; files/all n=41	Q2	5	Dictyostelium discoideum (slime mold);Homo sapiens (human)	41	36	d.7z	DIA	LFQ	timsTOF Pro	no	no	checksum.txt	moderate	36	ms-proteomics;dia-acquisition	none_in_pride	no	Verify filename tokens resolve condition and replicate before annotating
PXD062366	include	Small label-free project; mapping must come from acquisition filenames	PRIDE https://www.ebi.ac.uk/pride/ws/archive/v3/projects/PXD062366; files/all n=49	Q2	5	Homo sapiens (human)	49	47	d.zip	DIA	LFQ	timsTOF Pro	no	no	checksum.txt;Proteins_Report.csv	moderate	47	ms-proteomics;human;dia-acquisition	none_in_pride	no	Verify filename tokens resolve condition and replicate before annotating
PXD062722	include	Small label-free project; mapping must come from acquisition filenames	PRIDE https://www.ebi.ac.uk/pride/ws/archive/v3/projects/PXD062722; files/all n=89	Q2	5	Homo sapiens (human)	89	44	wiff	DIA	LFQ	timsTOF Pro 2	no	no	DIANN_SDtempcort_output.zip	moderate	44	ms-proteomics;human;dia-acquisition	none_in_pride	no	Verify filename tokens resolve condition and replicate before annotating
PXD064013	include	Small label-free project; mapping must come from acquisition filenames	PRIDE https://www.ebi.ac.uk/pride/ws/archive/v3/projects/PXD064013; files/all n=98	Q2	5	Gallus gallus (chicken)	98	31	wiff	DIA	LFQ	ZenoTOF 7600	no	no	221209__CsabaMatta2_Surface_16_DIANN_GallusGallus-lib.tsv;221209_CsabaMatta2_Surface_16_DIANN_report.pg_matrix.tsv	moderate	31	ms-proteomics;vertebrates;dia-acquisition	none_in_pride	no	Verify filename tokens resolve condition and replicate before annotating
PXD064170	include	Small label-free project; mapping must come from acquisition filenames	PRIDE https://www.ebi.ac.uk/pride/ws/archive/v3/projects/PXD064170; files/all n=57	Q2	5	Homo sapiens (human)	57	26	raw	DIA	LFQ	Orbitrap Exploris 480	no	no	checksum.txt;GangulyA_071223_metafile_DIA.csv	moderate	26	ms-proteomics;human;dia-acquisition	none_in_pride	no	Verify filename tokens resolve condition and replicate before annotating
PXD064469	include	Small label-free project; mapping must come from acquisition filenames	PRIDE https://www.ebi.ac.uk/pride/ws/archive/v3/projects/PXD064469; files/all n=44	Q2	5	Homo sapiens (human)	44	40	d.zip	DIA	LFQ	timsTOF Pro	no	no	ProteinAbundances.xlsx;WU293916_report.tsv;checksum.txt	moderate	40	ms-proteomics;human;dia-acquisition	none_in_pride	no	Verify filename tokens resolve condition and replicate before annotating
PXD064921	include	Small label-free project; mapping must come from acquisition filenames	PRIDE https://www.ebi.ac.uk/pride/ws/archive/v3/projects/PXD064921; files/all n=50	Q2	5	Homo sapiens (human)	50	48	d.zip	DIA	LFQ	Bruker Daltonics timsTOF series	no	no	DIANNsearchfiles_Secretome.zip;DIANNsearchfiles_Lysate.zip	moderate	48	ms-proteomics;human;dia-acquisition	none_in_pride	no	Verify filename tokens resolve condition and replicate before annotating
PXD065121	include	Small label-free project; mapping must come from acquisition filenames	PRIDE https://www.ebi.ac.uk/pride/ws/archive/v3/projects/PXD065121; files/all n=35	Q2	5	Diplonema;Diplonema papillatum	35	33	raw	DDA	LFQ	Orbitrap Fusion Lumos	no	no	checksum.txt;Hammond_Ppap-all.xlsx	moderate	33	ms-proteomics	none_in_pride	no	Verify filename tokens resolve condition and replicate before annotating
PXD065122	include	Small label-free project; mapping must come from acquisition filenames	PRIDE https://www.ebi.ac.uk/pride/ws/archive/v3/projects/PXD065122; files/all n=42	Q2	5	Homo sapiens (human)	42	35	d.7z	DIA	LFQ	timsTOF Pro	no	no	Results_DIA-NN_melanocyte.7z;Results_DIA-NN_keratinocyte.7z	moderate	35	ms-proteomics;human;dia-acquisition	none_in_pride	no	Verify filename tokens resolve condition and replicate before annotating
PXD065812	include	Small label-free project; mapping must come from acquisition filenames	PRIDE https://www.ebi.ac.uk/pride/ws/archive/v3/projects/PXD065812; files/all n=54	Q2	5	Homo sapiens (human)	54	34	d.zip	DIA	LFQ	autoflex	no	no	dia_db.peptides.csv;checksum.txt;dia_db.proteins.csv	moderate	34	ms-proteomics;human;dia-acquisition	none_in_pride	no	Verify filename tokens resolve condition and replicate before annotating
PXD066064	include	Small label-free project; mapping must come from acquisition filenames	PRIDE https://www.ebi.ac.uk/pride/ws/archive/v3/projects/PXD066064; files/all n=134	Q2	5	Homo sapiens (human)	134	44	wiff	DIA	LFQ	ZenoTOF 7600	no	no	report.pg_matrix.tsv;checksum.txt	moderate	44	ms-proteomics;human;dia-acquisition	none_in_pride	no	Verify filename tokens resolve condition and replicate before annotating
PXD066097	include	Small label-free project; mapping must come from acquisition filenames	PRIDE https://www.ebi.ac.uk/pride/ws/archive/v3/projects/PXD066097; files/all n=26	Q2	5	Mus musculus (mouse)	26	24	d.zip;raw	DIA	LFQ	Q Exactive HF-X	no	no		moderate	24	ms-proteomics;vertebrates;dia-acquisition	none_in_pride	no	Verify filename tokens resolve condition and replicate before annotating
PXD066225	include	Small label-free project; mapping must come from acquisition filenames	PRIDE https://www.ebi.ac.uk/pride/ws/archive/v3/projects/PXD066225; files/all n=35	Q2	5	Mus musculus (mouse)	35	32	d.zip	DIA	LFQ	timsTOF Pro	no	no	DIA-NN_Analysis.zip	moderate	32	ms-proteomics;vertebrates;dia-acquisition	none_in_pride	no	Verify filename tokens resolve condition and replicate before annotating
PXD066231	include	Small label-free project; mapping must come from acquisition filenames	PRIDE https://www.ebi.ac.uk/pride/ws/archive/v3/projects/PXD066231; files/all n=66	Q2	5	Bos taurus (bovine)	66	32	wiff	DIA	LFQ	ZenoTOF 7600	no	no	checksum.txt;20230221_BFL_Ali_Lib.tsv	moderate	32	ms-proteomics;vertebrates;dia-acquisition	none_in_pride	no	Verify filename tokens resolve condition and replicate before annotating
PXD066263	include	Small label-free project; mapping must come from acquisition filenames	PRIDE https://www.ebi.ac.uk/pride/ws/archive/v3/projects/PXD066263; files/all n=37	Q2	5	Mus musculus (mouse)	37	35	raw	DIA	LFQ	Q Exactive HF	no	no	220523_BRB12417_directDIA_mouse_SumPeptide_Qvalue_notNormalized_ProteinReport.xlsx;checksum.txt	moderate	35	ms-proteomics;vertebrates;dia-acquisition	none_in_pride	no	Verify filename tokens resolve condition and replicate before annotating
PXD066296	include	Small label-free project; mapping must come from acquisition filenames	PRIDE https://www.ebi.ac.uk/pride/ws/archive/v3/projects/PXD066296; files/all n=33	Q2	5	Haemonchus contortus (barber pole worm)	33	32	raw	DIA	LFQ	Orbitrap Ascend	no	no	250203_Tao_HCon_.txt	moderate	32	ms-proteomics;dia-acquisition	none_in_pride	no	Verify filename tokens resolve condition and replicate before annotating
PXD066697	include	Small label-free project; mapping must come from acquisition filenames	PRIDE https://www.ebi.ac.uk/pride/ws/archive/v3/projects/PXD066697; files/all n=34	Q2	5	Saccharomyces cerevisiae (baker's yeast);Escherichia coli	34	27	raw	DIA	LFQ	Orbitrap Astral	no	no	DIANN_Scerevisiae_Rep3.parquet;DIANN_Scerevisiae_Rep1.parquet;DIANN_Ecoli_Rep3.parquet	moderate	27	ms-proteomics;dia-acquisition	none_in_pride	no	Verify filename tokens resolve condition and replicate before annotating
PXD066807	include	Small label-free project; mapping must come from acquisition filenames	PRIDE https://www.ebi.ac.uk/pride/ws/archive/v3/projects/PXD066807; files/all n=32	Q2	5	Mus musculus (mouse)	32	30	raw	DIA	LFQ	Orbitrap Exploris 480	no	no	20220722_mouse_GSD_Ia_Ib_proteomics_Report_input.xls;checksum.txt	moderate	30	ms-proteomics;vertebrates;dia-acquisition	none_in_pride	no	Verify filename tokens resolve condition and replicate before annotating
PXD067308	include	Small label-free project; mapping must come from acquisition filenames	PRIDE https://www.ebi.ac.uk/pride/ws/archive/v3/projects/PXD067308; files/all n=36	Q2	5	Homo sapiens (human)	36	28	raw	DIA	LFQ	Orbitrap Exploris 480	no	no	GSKi_GSK3Ab_PG_Quant.tsv;GSKi_AXIN1Ab_PTM.tsv;MEKi_GSK3Ab_PG_Quant.tsv	moderate	28	ms-proteomics;human;dia-acquisition	none_in_pride	no	Verify filename tokens resolve condition and replicate before annotating
PXD067559	include	Small label-free project; mapping must come from acquisition filenames	PRIDE https://www.ebi.ac.uk/pride/ws/archive/v3/projects/PXD067559; files/all n=45	Q2	5	Cricetulus griseus (chinese hamster) (cricetulus barabensis griseus)	45	38	raw	DIA	LFQ	Orbitrap Exploris 480	no	no	20250529_164915_20250320_Bevacizumab_Whole-cell_Report.setup.txt;checksum.txt;20250529_164915_20250320_Bevacizumab_Whole-cell_Report.log.txt	moderate	38	ms-proteomics;dia-acquisition	none_in_pride	no	Verify filename tokens resolve condition and replicate before annotating
PXD067911	include	Small label-free project; mapping must come from acquisition filenames	PRIDE https://www.ebi.ac.uk/pride/ws/archive/v3/projects/PXD067911; files/all n=46	Q2	5	Saccharomyces cerevisiae (baker's yeast)	46	45	raw	DIA	LFQ	Orbitrap Exploris 480	no	no	DIANN_Koch_etal_2025_51K_51N_N_PE_A_F_Final_Analysis_report.pr_matrix.7z	moderate	45	ms-proteomics;dia-acquisition	none_in_pride	no	Verify filename tokens resolve condition and replicate before annotating
PXD067973	include	Small label-free project; mapping must come from acquisition filenames	PRIDE https://www.ebi.ac.uk/pride/ws/archive/v3/projects/PXD067973; files/all n=46	Q2	5	Mus musculus (mouse)	46	30	raw	DIA	LFQ	Orbitrap Astral	no	no	report-first-pass.tsv;report-first-pass.pg_matrix.tsv;report-first-pass.gg_matrix.tsv	moderate	30	ms-proteomics;vertebrates;dia-acquisition	none_in_pride	no	Verify filename tokens resolve condition and replicate before annotating
PXD068008	include	Small label-free project; mapping must come from acquisition filenames	PRIDE https://www.ebi.ac.uk/pride/ws/archive/v3/projects/PXD068008; files/all n=52	Q2	5	Homo sapiens (human)	52	24	wiff	DIA	LFQ	TripleTOF 5600	no	no		moderate	24	ms-proteomics;human;dia-acquisition	none_in_pride	no	Verify filename tokens resolve condition and replicate before annotating
PXD068032	include	Small label-free project; mapping must come from acquisition filenames	PRIDE https://www.ebi.ac.uk/pride/ws/archive/v3/projects/PXD068032; files/all n=31	Q2	5	Sus scrofa domesticus (domestic pig)	31	29	d.zip	DIA	LFQ	timsTOF Pro 2	no	no	checksum.txt	moderate	29	ms-proteomics;vertebrates;dia-acquisition	none_in_pride	no	Verify filename tokens resolve condition and replicate before annotating
PXD068087	include	Small label-free project; mapping must come from acquisition filenames	PRIDE https://www.ebi.ac.uk/pride/ws/archive/v3/projects/PXD068087; files/all n=21	Q2	5	Mus musculus (mouse)	21	20	raw	DIA	LFQ	Orbitrap Eclipse	no	no		moderate	20	ms-proteomics;vertebrates;dia-acquisition	none_in_pride	no	Verify filename tokens resolve condition and replicate before annotating
PXD068119	include	Small label-free project; mapping must come from acquisition filenames	PRIDE https://www.ebi.ac.uk/pride/ws/archive/v3/projects/PXD068119; files/all n=53	Q2	5	Paramecium tetraurelia	53	26	d.zip;raw	DIA	LFQ	timsTOF Pro 2	no	no	Experimental_Plan.xlsx;checksum.txt	moderate	26	ms-proteomics;dia-acquisition	none_in_pride	no	Verify filename tokens resolve condition and replicate before annotating
PXD068132	include	Small label-free project; mapping must come from acquisition filenames	PRIDE https://www.ebi.ac.uk/pride/ws/archive/v3/projects/PXD068132; files/all n=66	Q2	5	Xenopus laevis (african clawed frog)	66	40	d.zip	DIA	LFQ	timsTOF Pro 2	no	no	checksum.txt;2402007_ptmprofile_LFQ_Ttest-CTRL-vs-Gwl-EF-Timing.xlsx;2402007_FT_DIA_Report_Ttest-Gwl-vs-CTRL_EF_Time.xlsx	moderate	40	ms-proteomics;dia-acquisition	none_in_pride	no	Verify filename tokens resolve condition and replicate before annotating
PXD068151	include	Small label-free project; mapping must come from acquisition filenames	PRIDE https://www.ebi.ac.uk/pride/ws/archive/v3/projects/PXD068151; files/all n=30	Q2	5	Homo sapiens (human);Mus musculus (mouse)	30	28	raw	DIA	LFQ	Orbitrap Eclipse	no	no	EC_9736_ARPE_DHF_Report_BGS_Factory_Report_Normal.tsv;EC-9611_Report_BGS_Factory_ReportNormal.tsv	moderate	28	ms-proteomics;dia-acquisition	none_in_pride	no	Verify filename tokens resolve condition and replicate before annotating
PXD068262	include	Small label-free project; mapping must come from acquisition filenames	PRIDE https://www.ebi.ac.uk/pride/ws/archive/v3/projects/PXD068262; files/all n=39	Q2	5	Rattus norvegicus (rat)	39	32	d.zip	DIA	LFQ	timsTOF HT	no	no	checksum.txt;20250509_112752_20250421_GSartor_32ratlysates_500ng_60min_HT_DIApasef_Report.setup.txt;20250509_112752_20250421_GSartor_32ratlysates_500ng_60min_HT_DIApasef_Report.csv	moderate	32	ms-proteomics;vertebrates;dia-acquisition	none_in_pride	no	Verify filename tokens resolve condition and replicate before annotating
PXD068828	include	Small label-free project; mapping must come from acquisition filenames	PRIDE https://www.ebi.ac.uk/pride/ws/archive/v3/projects/PXD068828; files/all n=44	Q2	5	Mus musculus (mouse)	44	38	raw	DIA	LFQ	Orbitrap Exploris 240	no	no	checksum.txt;MMTPPSupplementaryFile.xlsx;ATPVO4MMTPPDIAOutput.tsv	moderate	38	ms-proteomics;vertebrates;dia-acquisition	none_in_pride	no	Verify filename tokens resolve condition and replicate before annotating
PXD069004	include	Small label-free project; mapping must come from acquisition filenames	PRIDE https://www.ebi.ac.uk/pride/ws/archive/v3/projects/PXD069004; files/all n=39	Q2	5	Caulobacter crescentus (strain na1000 / cb15n)	39	34	raw	DIA	LFQ	Orbitrap Exploris 480	no	no	AmiX-2.tsv;AmiX-3.tsv;AmiX.xlsx	moderate	34	ms-proteomics;dia-acquisition	none_in_pride	no	Verify filename tokens resolve condition and replicate before annotating
PXD069123	include	Small label-free project; mapping must come from acquisition filenames	PRIDE https://www.ebi.ac.uk/pride/ws/archive/v3/projects/PXD069123; files/all n=48	Q2	5	Homo sapiens (human)	48	40	raw	DIA	LFQ	Orbitrap Astral	no	no	241110_1112_ProteinGroup_dia_INSOLUBLE_FRACTION.csv;241110_1120_ProteinGroup_dia_TOTAL.csv;241111_2026_ProteinGroup_dia_SOLUBLE_FRACTION.csv	moderate	40	ms-proteomics;human;dia-acquisition	none_in_pride	no	Verify filename tokens resolve condition and replicate before annotating
PXD069129	include	Small label-free project; mapping must come from acquisition filenames	PRIDE https://www.ebi.ac.uk/pride/ws/archive/v3/projects/PXD069129; files/all n=61	Q2	5	Homo sapiens (human)	61	28	raw	DIA	LFQ	Orbitrap Astral	no	no	report_stressors_integration_with_proteome.gg_matrix.tsv;report_stressors_integration_with_proteome.log.txt;report_stressors_integration_with_proteome-first-pass.manifest.txt	moderate	28	ms-proteomics;human;dia-acquisition	none_in_pride	no	Verify filename tokens resolve condition and replicate before annotating
PXD069136	include	Small label-free project; mapping must come from acquisition filenames	PRIDE https://www.ebi.ac.uk/pride/ws/archive/v3/projects/PXD069136; files/all n=37	Q2	5	Homo sapiens (human)	37	26	raw	DIA	LFQ	Orbitrap Fusion Lumos	no	no	HsUFM1_F35_2024.06.24.filtered_cross-linked_sites.csv;HsUFM1_F35_240718_2024.09.23.filtered_cross-linked_sites.csv;checksum.txt	moderate	26	ms-proteomics;human;dia-acquisition	none_in_pride	no	Verify filename tokens resolve condition and replicate before annotating
PXD069212	include	Small label-free project; mapping must come from acquisition filenames	PRIDE https://www.ebi.ac.uk/pride/ws/archive/v3/projects/PXD069212; files/all n=88	Q2	5	Homo sapiens (human)	88	48	raw	DIA	LFQ	Orbitrap Exploris 480	no	no	checksum.txt	moderate	48	ms-proteomics;human;dia-acquisition	none_in_pride	no	Verify filename tokens resolve condition and replicate before annotating
PXD069325	include	Small label-free project; mapping must come from acquisition filenames	PRIDE https://www.ebi.ac.uk/pride/ws/archive/v3/projects/PXD069325; files/all n=54	Q2	5	Homo sapiens (human)	54	40	d.7z;raw	DIA	LFQ	Orbitrap Exploris 480;timsTOF HT	no	no	DIA-NN_Exploris480_30min_ENplus_Hu_Plasma_DIA_Source-1-5_combined_report.pg_matrix.tsv;DIA-NN_Exploris480_30min_ENplus_Hu_Plasma_DIA_Source-5_report.pg_matrix.tsv;DIA-NN_Exploris480_30min_ENplus_Hu_Plasma_DIA_Source-1_report.pr_matrix.tsv	moderate	40	ms-proteomics;human;dia-acquisition	none_in_pride	no	Verify filename tokens resolve condition and replicate before annotating
PXD069399	include	Small label-free project; mapping must come from acquisition filenames	PRIDE https://www.ebi.ac.uk/pride/ws/archive/v3/projects/PXD069399; files/all n=47	Q2	5	Homo sapiens (human)	47	42	raw	DIA	LFQ	Orbitrap Astral;Orbitrap Exploris 480	no	no	checksum.txt	moderate	42	ms-proteomics;human;dia-acquisition	none_in_pride	no	Verify filename tokens resolve condition and replicate before annotating
PXD069478	include	Small label-free project; mapping must come from acquisition filenames	PRIDE https://www.ebi.ac.uk/pride/ws/archive/v3/projects/PXD069478; files/all n=35	Q2	5	Falco peregrinus	35	30	raw	DIA	LFQ	Orbitrap Exploris 480	no	no	checksum.txt;report.pg_matrix.tsv;report.tsv	moderate	30	ms-proteomics;dia-acquisition	none_in_pride	no	Verify filename tokens resolve condition and replicate before annotating
PXD069813	include	Small label-free project; mapping must come from acquisition filenames	PRIDE https://www.ebi.ac.uk/pride/ws/archive/v3/projects/PXD069813; files/all n=17	Q2	5	Homo sapiens (human)	17	15	raw	unknown	LFQ	Q Exactive	no	no	checksum.txt	moderate	15	ms-proteomics;human	none_in_pride	no	Verify filename tokens resolve condition and replicate before annotating
PXD069883	include	Small label-free project; mapping must come from acquisition filenames	PRIDE https://www.ebi.ac.uk/pride/ws/archive/v3/projects/PXD069883; files/all n=29	Q2	5	Homo sapiens (human)	29	26	raw.zip	DIA	LFQ	SYNAPT G2-Si	no	no	checksum.txt;Total_Proteins.csv;peptides_totales.csv	moderate	26	ms-proteomics;human;dia-acquisition;cell-lines	none_in_pride	no	Verify filename tokens resolve condition and replicate before annotating
PXD069989	include	Small label-free project; mapping must come from acquisition filenames	PRIDE https://www.ebi.ac.uk/pride/ws/archive/v3/projects/PXD069989; files/all n=34	Q2	5	Homo sapiens (human)	34	32	d.zip	DIA	LFQ	timsTOF Pro 2	no	no	checksum.txt	moderate	32	ms-proteomics;human;dia-acquisition	none_in_pride	no	Verify filename tokens resolve condition and replicate before annotating
PXD070147	include	Small label-free project; mapping must come from acquisition filenames	PRIDE https://www.ebi.ac.uk/pride/ws/archive/v3/projects/PXD070147; files/all n=72	Q2	5	Homo sapiens (human)	72	33	d.zip	DIA	LFQ	Bruker Daltonics timsTOF series	no	no	report.stats.tsv;report.log.txt;report.pg_matrix.tsv	moderate	33	ms-proteomics;human;dia-acquisition	none_in_pride	no	Verify filename tokens resolve condition and replicate before annotating
PXD070186	include	Small label-free project; mapping must come from acquisition filenames	PRIDE https://www.ebi.ac.uk/pride/ws/archive/v3/projects/PXD070186; files/all n=31	Q2	5	Homo sapiens (human)	31	15	raw	unknown	LFQ	Orbitrap Fusion	no	no	APC1_unique_IP_S1.csv;IgG_control_IP_S3.csv;IgG_control_IP_S1.csv	moderate	15	ms-proteomics;human	none_in_pride	no	Verify filename tokens resolve condition and replicate before annotating
PXD070244	include	Small label-free project; mapping must come from acquisition filenames	PRIDE https://www.ebi.ac.uk/pride/ws/archive/v3/projects/PXD070244; files/all n=48	Q2	5	Mus musculus (mouse)	48	44	d.zip	DIA	LFQ	timsTOF Pro 2	no	no	2nd_search_DIANN_humanDB_direct.zip;20220628_MALICOT_DIANN.zip	moderate	44	ms-proteomics;vertebrates;dia-acquisition	none_in_pride	no	Verify filename tokens resolve condition and replicate before annotating
PXD070245	include	Small label-free project; mapping must come from acquisition filenames	PRIDE https://www.ebi.ac.uk/pride/ws/archive/v3/projects/PXD070245; files/all n=42	Q2	5	Sus scrofa domesticus (domestic pig)	42	40	raw	DDA	LFQ	Q Exactive	no	no	checksum.txt	moderate	40	ms-proteomics;vertebrates	none_in_pride	no	Verify filename tokens resolve condition and replicate before annotating
PXD070246	include	Small label-free project; mapping must come from acquisition filenames	PRIDE https://www.ebi.ac.uk/pride/ws/archive/v3/projects/PXD070246; files/all n=26	Q2	5	Mus musculus (mouse)	26	24	raw	unknown	LFQ	Orbitrap Fusion	no	no	checksum.txt	moderate	24	ms-proteomics;vertebrates	none_in_pride	no	Verify filename tokens resolve condition and replicate before annotating
PXD070254	include	Small label-free project; mapping must come from acquisition filenames	PRIDE https://www.ebi.ac.uk/pride/ws/archive/v3/projects/PXD070254; files/all n=39	Q2	5	Mus musculus (mouse)	39	35	raw	DIA	LFQ	Orbitrap Astral	no	no	checksum.txt;B_cell_stimuli_Report.csv;B_cell_stimuli_setup.txt	moderate	35	ms-proteomics;vertebrates;dia-acquisition	none_in_pride	no	Verify filename tokens resolve condition and replicate before annotating
PXD070302	include	Small label-free project; mapping must come from acquisition filenames	PRIDE https://www.ebi.ac.uk/pride/ws/archive/v3/projects/PXD070302; files/all n=52	Q2	5	Homo sapiens (human)	52	48	d.zip	DIA	LFQ	timsTOF HT	no	no	checksum.txt;240119_human_library_w_PO4.tsv;report.pg_matrix.tsv	moderate	48	ms-proteomics;human;dia-acquisition;cell-lines	none_in_pride	no	Verify filename tokens resolve condition and replicate before annotating
PXD070500	include	Small label-free project; mapping must come from acquisition filenames	PRIDE https://www.ebi.ac.uk/pride/ws/archive/v3/projects/PXD070500; files/all n=43	Q2	5	Homo sapiens (human)	43	40	d.7z	DIA	LFQ	timsTOF Pro	no	no	report.log.txt;checksum.txt	moderate	40	ms-proteomics;human;dia-acquisition	none_in_pride	no	Verify filename tokens resolve condition and replicate before annotating
PXD070502	include	Small label-free project; mapping must come from acquisition filenames	PRIDE https://www.ebi.ac.uk/pride/ws/archive/v3/projects/PXD070502; files/all n=32	Q2	5	Homo sapiens (human)	32	26	raw	DIA	LFQ	Q Exactive HF	no	no	checksum.txt	moderate	26	ms-proteomics;human;dia-acquisition	none_in_pride	no	Verify filename tokens resolve condition and replicate before annotating
PXD070711	include	Small label-free project; mapping must come from acquisition filenames	PRIDE https://www.ebi.ac.uk/pride/ws/archive/v3/projects/PXD070711; files/all n=32	Q2	5	Homo sapiens (human)	32	30	raw	DDA	LFQ	LTQ Orbitrap;Orbitrap Fusion	no	no	checksum.txt	moderate	30	ms-proteomics;human	none_in_pride	no	Verify filename tokens resolve condition and replicate before annotating
PXD070754	include	Small label-free project; mapping must come from acquisition filenames	PRIDE https://www.ebi.ac.uk/pride/ws/archive/v3/projects/PXD070754; files/all n=33	Q2	5	Mus musculus (mouse)	33	31	raw	DIA	LFQ	Orbitrap Exploris 480	no	no	checksum.txt	moderate	31	ms-proteomics;vertebrates;dia-acquisition	none_in_pride	no	Verify filename tokens resolve condition and replicate before annotating
PXD070758	include	Small label-free project; mapping must come from acquisition filenames	PRIDE https://www.ebi.ac.uk/pride/ws/archive/v3/projects/PXD070758; files/all n=39	Q2	5	Homo sapiens (human)	39	38	raw	DIA	LFQ	Orbitrap Exploris 240	no	no	checksum.txt	moderate	38	ms-proteomics;human;dia-acquisition	none_in_pride	no	Verify filename tokens resolve condition and replicate before annotating
PXD070767	include	Small label-free project; mapping must come from acquisition filenames	PRIDE https://www.ebi.ac.uk/pride/ws/archive/v3/projects/PXD070767; files/all n=38	Q2	5	Pieris rapae rapae	38	36	raw	DDA	LFQ	Orbitrap Fusion Lumos	no	no	checksum.txt	moderate	36	ms-proteomics	none_in_pride	no	Verify filename tokens resolve condition and replicate before annotating
PXD070780	include	Small label-free project; mapping must come from acquisition filenames	PRIDE https://www.ebi.ac.uk/pride/ws/archive/v3/projects/PXD070780; files/all n=51	Q2	5	Homo sapiens (human)	51	48	raw	DIA	LFQ	Orbitrap Astral	no	no	checksum.txt	moderate	48	ms-proteomics;human;dia-acquisition	none_in_pride	no	Verify filename tokens resolve condition and replicate before annotating
PXD070925	include	Small label-free project; mapping must come from acquisition filenames	PRIDE https://www.ebi.ac.uk/pride/ws/archive/v3/projects/PXD070925; files/all n=38	Q2	5	Danio rerio (zebrafish) (brachydanio rerio)	38	24	raw	unknown	LFQ	Orbitrap Exploris 480	no	no	proteinGroups_TRUE_ONE.xlsx;Tectum_1_6_2025_2__ms2_toppic_proteoform_single.tsv;Cereb_2_6_2025_2_ms2_toppic_proteoform_single.tsv	moderate	24	ms-proteomics;vertebrates	none_in_pride	no	Verify filename tokens resolve condition and replicate before annotating
PXD070990	include	Small label-free project; mapping must come from acquisition filenames	PRIDE https://www.ebi.ac.uk/pride/ws/archive/v3/projects/PXD070990; files/all n=65	Q2	5	Mus musculus (mouse)	65	16	raw	unknown	LFQ	Q Exactive	no	no	checksum.txt	moderate	16	ms-proteomics;vertebrates	none_in_pride	no	Verify filename tokens resolve condition and replicate before annotating
PXD071067	include	Small label-free project; mapping must come from acquisition filenames	PRIDE https://www.ebi.ac.uk/pride/ws/archive/v3/projects/PXD071067; files/all n=42	Q2	5	Arabidopsis thaliana (mouse-ear cress)	42	40	d.zip	DIA	LFQ	timsTOF Pro 2	no	no	checksum.txt	moderate	40	ms-proteomics;plants;dia-acquisition	none_in_pride	no	Verify filename tokens resolve condition and replicate before annotating
PXD071139	include	Small label-free project; mapping must come from acquisition filenames	PRIDE https://www.ebi.ac.uk/pride/ws/archive/v3/projects/PXD071139; files/all n=44	Q2	5	Homo sapiens (human)	44	42	raw	DIA	LFQ	Orbitrap Eclipse	no	no	checksum.txt;TLR10_ASC-TERT1_Report.xls	moderate	42	ms-proteomics;human;dia-acquisition;cell-lines	none_in_pride	no	Verify filename tokens resolve condition and replicate before annotating
PXD071421	include	Small label-free project; mapping must come from acquisition filenames	PRIDE https://www.ebi.ac.uk/pride/ws/archive/v3/projects/PXD071421; files/all n=28	Q2	5	Homo sapiens (human)	28	26	d.zip	DIA	LFQ	timsTOF Pro 2	no	no	checksum.txt	moderate	26	ms-proteomics;human;dia-acquisition	none_in_pride	no	Verify filename tokens resolve condition and replicate before annotating
PXD071599	include	Small label-free project; mapping must come from acquisition filenames	PRIDE https://www.ebi.ac.uk/pride/ws/archive/v3/projects/PXD071599; files/all n=46	Q2	5	Mus musculus (mouse)	46	26	raw	DIA	LFQ	Orbitrap Exploris 480	no	no	report.stats.tsv;report.pr_matrix.tsv;checksum.txt	moderate	26	ms-proteomics;vertebrates;dia-acquisition;cell-lines	none_in_pride	no	Verify filename tokens resolve condition and replicate before annotating
PXD071649	include	Small label-free project; mapping must come from acquisition filenames	PRIDE https://www.ebi.ac.uk/pride/ws/archive/v3/projects/PXD071649; files/all n=37	Q2	5	Rattus norvegicus (rat)	37	35	raw	DDA	LFQ	Q Exactive	no	no	Results.xlsx;checksum.txt	moderate	35	ms-proteomics;vertebrates	none_in_pride	no	Verify filename tokens resolve condition and replicate before annotating
PXD071707	include	Small label-free project; mapping must come from acquisition filenames	PRIDE https://www.ebi.ac.uk/pride/ws/archive/v3/projects/PXD071707; files/all n=23	Q2	5	Oryza sativa (rice)	23	21	raw	unknown	LFQ	Q Exactive	no	no	PeptideGroups.xls;checksum.txt	moderate	21	ms-proteomics;plants	none_in_pride	no	Verify filename tokens resolve condition and replicate before annotating
PXD071833	include	Small label-free project; mapping must come from acquisition filenames	PRIDE https://www.ebi.ac.uk/pride/ws/archive/v3/projects/PXD071833; files/all n=50	Q2	5	Homo sapiens (human);Mus musculus (mouse)	50	42	d.zip	DIA	LFQ	timsTOF Ultra 2	no	no	report.pg_matrix_humanKeratinocytes.tsv;report.pr_matrix_humanKeratinocytes.tsv;report_humanKeratinocytes.tsv	moderate	42	ms-proteomics;dia-acquisition	none_in_pride	no	Verify filename tokens resolve condition and replicate before annotating
PXD071837	include	Small label-free project; mapping must come from acquisition filenames	PRIDE https://www.ebi.ac.uk/pride/ws/archive/v3/projects/PXD071837; files/all n=38	Q2	5	Homo sapiens (human)	38	36	raw	DDA	LFQ	Orbitrap Eclipse	no	no	Results.xlsx;checksum.txt	moderate	36	ms-proteomics;human;cell-lines	none_in_pride	no	Verify filename tokens resolve condition and replicate before annotating
PXD071917	include	Small label-free project; mapping must come from acquisition filenames	PRIDE https://www.ebi.ac.uk/pride/ws/archive/v3/projects/PXD071917; files/all n=17	Q2	5	Mus musculus (mouse)	17	16	d.zip	DIA	LFQ	timsTOF Pro 2	no	no		moderate	16	ms-proteomics;vertebrates;dia-acquisition	none_in_pride	no	Verify filename tokens resolve condition and replicate before annotating
PXD071948	include	Small label-free project; mapping must come from acquisition filenames	PRIDE https://www.ebi.ac.uk/pride/ws/archive/v3/projects/PXD071948; files/all n=39	Q2	5	Homo sapiens (human)	39	26	raw	DIA	LFQ	Orbitrap Astral;Orbitrap Exploris 480;timsTOF HT	no	no	MultiSection_FFPE15_timsTOF_noimputation_proteintable.tsv;MultiSection_FFPE15_Exploris_noimputation_proteintable.tsv;MultiSection_FFPE15_timsTOF_imputed_proteintable.tsv	moderate	26	ms-proteomics;human;dia-acquisition	none_in_pride	no	Verify filename tokens resolve condition and replicate before annotating
PXD072045	include	Small label-free project; mapping must come from acquisition filenames	PRIDE https://www.ebi.ac.uk/pride/ws/archive/v3/projects/PXD072045; files/all n=146	Q2	5	Pseudomonas sp. m1	146	48	d.zip	DDA	LFQ	timsTOF Pro	no	no	checksum.txt;20231101_filipa_final_data.csv	moderate	48	ms-proteomics	none_in_pride	no	Verify filename tokens resolve condition and replicate before annotating
PXD072260	include	Small label-free project; mapping must come from acquisition filenames	PRIDE https://www.ebi.ac.uk/pride/ws/archive/v3/projects/PXD072260; files/all n=74	Q2	5	Mus musculus (mouse)	74	36	raw	DIA	LFQ	Q Exactive HF	no	no	checksum.txt;report.tsv	moderate	36	ms-proteomics;vertebrates;dia-acquisition	none_in_pride	no	Verify filename tokens resolve condition and replicate before annotating
PXD072354	include	Small label-free project; mapping must come from acquisition filenames	PRIDE https://www.ebi.ac.uk/pride/ws/archive/v3/projects/PXD072354; files/all n=32	Q2	5	Homo sapiens (human)	32	30	raw	DIA	LFQ	LTQ Orbitrap Elite	no	no	ExplanationatorynotesKnitlovaCAMB-D-25-00260.xlsx;checksum.txt	moderate	30	ms-proteomics;human;dia-acquisition	none_in_pride	no	Verify filename tokens resolve condition and replicate before annotating
PXD072581	include	Small label-free project; mapping must come from acquisition filenames	PRIDE https://www.ebi.ac.uk/pride/ws/archive/v3/projects/PXD072581; files/all n=32	Q2	5	Escherichia coli;Homo sapiens (human)	32	30	d.zip	DIA	LFQ	timsTOF Pro 2	no	no	checksum.txt	moderate	30	ms-proteomics;dia-acquisition	none_in_pride	no	Verify filename tokens resolve condition and replicate before annotating
PXD072729	include	Small label-free project; mapping must come from acquisition filenames	PRIDE https://www.ebi.ac.uk/pride/ws/archive/v3/projects/PXD072729; files/all n=48	Q2	5	Homo sapiens (human)	48	42	raw	DIA	LFQ	Orbitrap Fusion Lumos	no	no	DIA_Shortgradient.tsv;ADPProbeDDA.xlsx;Bindingmotifassessment.xlsx	moderate	42	ms-proteomics;human;dia-acquisition;cell-lines	none_in_pride	no	Verify filename tokens resolve condition and replicate before annotating
PXD072822	include	Small label-free project; mapping must come from acquisition filenames	PRIDE https://www.ebi.ac.uk/pride/ws/archive/v3/projects/PXD072822; files/all n=33	Q2	5	Homo sapiens (human)	33	31	raw	DIA	LFQ	Orbitrap Exploris 480	no	no	checksum.txt	moderate	31	ms-proteomics;human;dia-acquisition;cell-lines	none_in_pride	no	Verify filename tokens resolve condition and replicate before annotating
PXD072964	include	Small label-free project; mapping must come from acquisition filenames	PRIDE https://www.ebi.ac.uk/pride/ws/archive/v3/projects/PXD072964; files/all n=30	Q2	5	Homo sapiens (human)	30	27	raw	DIA	LFQ	Orbitrap Exploris 240	no	no	report_pg.xlsx;checksum.txt;report.log.txt	moderate	27	ms-proteomics;human;dia-acquisition;cell-lines	none_in_pride	no	Verify filename tokens resolve condition and replicate before annotating
PXD073012	include	Small label-free project; mapping must come from acquisition filenames	PRIDE https://www.ebi.ac.uk/pride/ws/archive/v3/projects/PXD073012; files/all n=47	Q2	5	Staphylococcus aureus	47	42	raw	DIA	LFQ	Q Exactive Plus	no	no	checksum.txt	moderate	42	ms-proteomics;dia-acquisition	none_in_pride	no	Verify filename tokens resolve condition and replicate before annotating
PXD073076	include	Small label-free project; mapping must come from acquisition filenames	PRIDE https://www.ebi.ac.uk/pride/ws/archive/v3/projects/PXD073076; files/all n=71	Q2	5	Mus musculus (mouse)	71	30	d.zip;raw	DDA	LFQ	Orbitrap Exploris 480;timsTOF HT	no	no	checksum.txt	moderate	30	ms-proteomics;vertebrates	none_in_pride	no	Verify filename tokens resolve condition and replicate before annotating
PXD073189	include	Small label-free project; mapping must come from acquisition filenames	PRIDE https://www.ebi.ac.uk/pride/ws/archive/v3/projects/PXD073189; files/all n=35	Q2	5	Homo sapiens (human)	35	32	raw	DIA	LFQ	Orbitrap Fusion Lumos	no	no	Spectronaut_protein_results.zip	moderate	32	ms-proteomics;human;dia-acquisition	none_in_pride	no	Verify filename tokens resolve condition and replicate before annotating
PXD073205	include	Small label-free project; mapping must come from acquisition filenames	PRIDE https://www.ebi.ac.uk/pride/ws/archive/v3/projects/PXD073205; files/all n=35	Q2	5	Homo sapiens (human)	35	32	raw	DIA	LFQ	Orbitrap Ascend	no	no	spectronaut_results.zip	moderate	32	ms-proteomics;human;dia-acquisition	none_in_pride	no	Verify filename tokens resolve condition and replicate before annotating
PXD073488	include	Small label-free project; mapping must come from acquisition filenames	PRIDE https://www.ebi.ac.uk/pride/ws/archive/v3/projects/PXD073488; files/all n=37	Q2	5	Homo sapiens (human)	37	34	raw	DIA	LFQ	Orbitrap Fusion Lumos	no	no	checksum.txt;ProteinQuantitaion_GlobalProteomics.xlsx;20250620_Michele_Kinativ_Report.csv	moderate	34	ms-proteomics;human;dia-acquisition	none_in_pride	no	Verify filename tokens resolve condition and replicate before annotating
PXD073754	include	Small label-free project; mapping must come from acquisition filenames	PRIDE https://www.ebi.ac.uk/pride/ws/archive/v3/projects/PXD073754; files/all n=32	Q2	5	Homo sapiens (human)	32	30	raw	DIA	LFQ	Orbitrap Astral	no	no	checksum.txt	moderate	30	ms-proteomics;human;dia-acquisition	none_in_pride	no	Verify filename tokens resolve condition and replicate before annotating
PXD073765	include	Small label-free project; mapping must come from acquisition filenames	PRIDE https://www.ebi.ac.uk/pride/ws/archive/v3/projects/PXD073765; files/all n=71	Q2	5	Mus musculus (mouse)	71	48	raw	DDA	LFQ	Q Exactive HF-X	no	no	checksum.txt	moderate	48	ms-proteomics;vertebrates	none_in_pride	no	Verify filename tokens resolve condition and replicate before annotating
PXD073775	include	Small label-free project; mapping must come from acquisition filenames	PRIDE https://www.ebi.ac.uk/pride/ws/archive/v3/projects/PXD073775; files/all n=32	Q2	5	Homo sapiens (human)	32	30	raw	DIA	LFQ	Orbitrap Astral	no	no	checksum.txt	moderate	30	ms-proteomics;human;dia-acquisition	none_in_pride	no	Verify filename tokens resolve condition and replicate before annotating
PXD073952	include	Small label-free project; mapping must come from acquisition filenames	PRIDE https://www.ebi.ac.uk/pride/ws/archive/v3/projects/PXD073952; files/all n=42	Q2	5	Homo sapiens (human)	42	39	raw	DIA	LFQ	Orbitrap Exploris 480	no	no	checksum.txt	moderate	39	ms-proteomics;human;dia-acquisition	none_in_pride	no	Verify filename tokens resolve condition and replicate before annotating
PXD074107	include	Small label-free project; mapping must come from acquisition filenames	PRIDE https://www.ebi.ac.uk/pride/ws/archive/v3/projects/PXD074107; files/all n=47	Q2	5	Homo sapiens (human)	47	40	d.zip	DIA	LFQ	timsTOF HT	no	no	checksum.txt;raw_files_description.xlsx;files_description.txt	moderate	40	ms-proteomics;human;dia-acquisition	none_in_pride	no	Verify filename tokens resolve condition and replicate before annotating
PXD074203	include	Small label-free project; mapping must come from acquisition filenames	PRIDE https://www.ebi.ac.uk/pride/ws/archive/v3/projects/PXD074203; files/all n=32	Q2	5	Canis familiaris (dog) (canis lupus familiaris)	32	30	raw	DDA	LFQ	Orbitrap Fusion Lumos	no	no	checksum.txt	moderate	30	ms-proteomics	none_in_pride	no	Verify filename tokens resolve condition and replicate before annotating
PXD074276	include	Small label-free project; mapping must come from acquisition filenames	PRIDE https://www.ebi.ac.uk/pride/ws/archive/v3/projects/PXD074276; files/all n=25	Q2	5	Homo sapiens (human)	25	23	raw	unknown	LFQ	Q Exactive HF	no	no	checksum.txt	moderate	23	ms-proteomics;human	none_in_pride	no	Verify filename tokens resolve condition and replicate before annotating
PXD074345	include	Small label-free project; mapping must come from acquisition filenames	PRIDE https://www.ebi.ac.uk/pride/ws/archive/v3/projects/PXD074345; files/all n=37	Q2	5	Vespa velutina;Vespa basalis;Vespa mandarinia;Provespa barthelemyi	37	18	raw	unknown	LFQ	Orbitrap Fusion	no	no	GelBandProteinID_Vm_F2_PD.xlsx;GelBandProteinID_Vb_F3_PD.xlsx;GelBandProteinID_Vv_F3_Band1_PD.xlsx	moderate	18	ms-proteomics	none_in_pride	no	Verify filename tokens resolve condition and replicate before annotating
PXD074552	include	Small label-free project; mapping must come from acquisition filenames	PRIDE https://www.ebi.ac.uk/pride/ws/archive/v3/projects/PXD074552; files/all n=38	Q2	5	Ovis aries	38	36	d.zip	DIA	LFQ	timsTOF Pro	no	no	Report.pg_matrix.tsv;checksum.txt	moderate	36	ms-proteomics;dia-acquisition	none_in_pride	no	Verify filename tokens resolve condition and replicate before annotating
PXD074567	include	Small label-free project; mapping must come from acquisition filenames	PRIDE https://www.ebi.ac.uk/pride/ws/archive/v3/projects/PXD074567; files/all n=32	Q2	5	Homo sapiens (human)	32	25	raw	DDA	LFQ	Orbitrap Ascend	no	no	checksum.txt	moderate	25	ms-proteomics;human	none_in_pride	no	Verify filename tokens resolve condition and replicate before annotating
PXD074587	include	Small label-free project; mapping must come from acquisition filenames	PRIDE https://www.ebi.ac.uk/pride/ws/archive/v3/projects/PXD074587; files/all n=32	Q2	5	Homo sapiens (human)	32	28	raw	DIA	LFQ	Orbitrap Exploris 480	no	no	checksum.txt;20260113_072548_islet_total_final_Report.setup.txt	moderate	28	ms-proteomics;human;dia-acquisition	none_in_pride	no	Verify filename tokens resolve condition and replicate before annotating
PXD075581	include	Small label-free project; mapping must come from acquisition filenames	PRIDE https://www.ebi.ac.uk/pride/ws/archive/v3/projects/PXD075581; files/all n=41	Q2	5	Mus musculus (mouse)	41	32	raw	DIA	LFQ	Orbitrap Astral	no	no	all.pg_matrix.tsv;all.pr_matrix.tsv;checksum.txt	moderate	32	ms-proteomics;vertebrates;dia-acquisition	none_in_pride	no	Verify filename tokens resolve condition and replicate before annotating
PXD075611	include	Small label-free project; mapping must come from acquisition filenames	PRIDE https://www.ebi.ac.uk/pride/ws/archive/v3/projects/PXD075611; files/all n=44	Q2	5	Homo sapiens (human)	44	42	raw	DIA	LFQ	Orbitrap Eclipse	no	no	RawData.xlsx;checksum.txt	moderate	42	ms-proteomics;human;dia-acquisition	none_in_pride	no	Verify filename tokens resolve condition and replicate before annotating
PXD075613	include	Small label-free project; mapping must come from acquisition filenames	PRIDE https://www.ebi.ac.uk/pride/ws/archive/v3/projects/PXD075613; files/all n=39	Q2	5	Homo sapiens (human)	39	30	raw	DDA	LFQ	Orbitrap Fusion Lumos;Q Exactive	no	no	169_crosslinkMsms.txt;checksum.txt;01_RawFileDetails.txt	moderate	30	ms-proteomics;human	none_in_pride	no	Verify filename tokens resolve condition and replicate before annotating
PXD075637	include	Small label-free project; mapping must come from acquisition filenames	PRIDE https://www.ebi.ac.uk/pride/ws/archive/v3/projects/PXD075637; files/all n=33	Q2	5	Burkholderia cenocepacia k56-2valvano	33	28	raw	DIA	LFQ	Orbitrap Eclipse	no	no	checksum.txt	moderate	28	ms-proteomics;dia-acquisition	none_in_pride	no	Verify filename tokens resolve condition and replicate before annotating
PXD075711	include	Small label-free project; mapping must come from acquisition filenames	PRIDE https://www.ebi.ac.uk/pride/ws/archive/v3/projects/PXD075711; files/all n=55	Q2	5	Rattus norvegicus (rat)	55	36	raw	DDA	LFQ	Q Exactive	no	no	checksum.txt	moderate	36	ms-proteomics;vertebrates	none_in_pride	no	Verify filename tokens resolve condition and replicate before annotating
PXD075760	include	Small label-free project; mapping must come from acquisition filenames	PRIDE https://www.ebi.ac.uk/pride/ws/archive/v3/projects/PXD075760; files/all n=73	Q2	5	Corynebacterium glutamicum mb001	73	26	raw	DIA	LFQ	Orbitrap Exploris 480	no	no	report.stats.tsv;report.manifest.txt;report-first-pass.pr_matrix.tsv	moderate	26	ms-proteomics;dia-acquisition	none_in_pride	no	Verify filename tokens resolve condition and replicate before annotating
PXD076118	include	Small label-free project; mapping must come from acquisition filenames	PRIDE https://www.ebi.ac.uk/pride/ws/archive/v3/projects/PXD076118; files/all n=51	Q2	5	Metamycoplasma;Bos taurus (bovine)	51	25	d.zip	DDA	LFQ	maXis	no	no	checksum.txt	moderate	25	ms-proteomics	none_in_pride	no	Verify filename tokens resolve condition and replicate before annotating
PXD076163	include	Small label-free project; mapping must come from acquisition filenames	PRIDE https://www.ebi.ac.uk/pride/ws/archive/v3/projects/PXD076163; files/all n=35	Q2	5	Drosophila melanogaster (fruit fly)	35	32	raw	DIA	LFQ	quadrupole orbitrap astral instrument	no	no	proteinGroups.txt;abundance_single-site_MS2quant_Norm.tsv;checksum.txt	moderate	32	ms-proteomics;invertebrates;dia-acquisition	none_in_pride	no	Verify filename tokens resolve condition and replicate before annotating
PXD076428	include	Small label-free project; mapping must come from acquisition filenames	PRIDE https://www.ebi.ac.uk/pride/ws/archive/v3/projects/PXD076428; files/all n=29	Q2	5	Homo sapiens (human)	29	26	raw	DIA	LFQ	Q Exactive HF	no	no	checksum.txt;NK_cells_Report.setup.txt;NK_cells_Report.csv	moderate	26	ms-proteomics;human;dia-acquisition	none_in_pride	no	Verify filename tokens resolve condition and replicate before annotating
PXD076459	include	Small label-free project; mapping must come from acquisition filenames	PRIDE https://www.ebi.ac.uk/pride/ws/archive/v3/projects/PXD076459; files/all n=91	Q2	5	Homo sapiens (human)	91	30	raw	DIA	LFQ	Q Exactive	no	no	checksum.txt	moderate	30	ms-proteomics;human;dia-acquisition	none_in_pride	no	Verify filename tokens resolve condition and replicate before annotating
PXD076715	include	Small label-free project; mapping must come from acquisition filenames	PRIDE https://www.ebi.ac.uk/pride/ws/archive/v3/projects/PXD076715; files/all n=36	Q2	5	Drosophila melanogaster (fruit fly)	36	33	raw	DIA	LFQ	Q Exactive HF	no	no	KEY.xlsx;Search_Results_Kiparaki.txt;checksum.txt	moderate	33	ms-proteomics;invertebrates;dia-acquisition	none_in_pride	no	Verify filename tokens resolve condition and replicate before annotating
PXD077030	include	Small label-free project; mapping must come from acquisition filenames	PRIDE https://www.ebi.ac.uk/pride/ws/archive/v3/projects/PXD077030; files/all n=28	Q2	5	Homo sapiens (human)	28	26	raw	DIA	LFQ	Orbitrap Fusion Lumos	no	no	checksum.txt;proteinGroups.txt	moderate	26	ms-proteomics;human;dia-acquisition	none_in_pride	no	Verify filename tokens resolve condition and replicate before annotating
PXD077620	include	Small label-free project; mapping must come from acquisition filenames	PRIDE https://www.ebi.ac.uk/pride/ws/archive/v3/projects/PXD077620; files/all n=42	Q2	5	Mus musculus (mouse)	42	38	raw	DIA	LFQ	Orbitrap Astral	no	no	checksum.txt	moderate	38	ms-proteomics;vertebrates;dia-acquisition	none_in_pride	no	Verify filename tokens resolve condition and replicate before annotating
PXD077631	include	Small label-free project; mapping must come from acquisition filenames	PRIDE https://www.ebi.ac.uk/pride/ws/archive/v3/projects/PXD077631; files/all n=45	Q2	5	Mus musculus (mouse)	45	39	raw	DIA	LFQ	orbitrap	no	no	checksum.txt;Yuang_250318_Ascend-5-Gps-No-normalization-remove-FeR3.tsv;260209_Yuang_YG-12535_Report_minus_1to4.tsv	moderate	39	ms-proteomics;vertebrates;dia-acquisition	none_in_pride	no	Verify filename tokens resolve condition and replicate before annotating
PXD077923	include	Small label-free project; mapping must come from acquisition filenames	PRIDE https://www.ebi.ac.uk/pride/ws/archive/v3/projects/PXD077923; files/all n=66	Q2	5	Homo sapiens (human)	66	32	raw	DIA	LFQ	Orbitrap Astral	no	no	OtUBD_pulldown_bortezomib.protein_description.tsv;OtUBD_pulldown_bortezomib.pr_matrix.tsv;checksum.txt	moderate	32	ms-proteomics;human;dia-acquisition	none_in_pride	no	Verify filename tokens resolve condition and replicate before annotating
PXD079313	include	Small label-free project; mapping must come from acquisition filenames	PRIDE https://www.ebi.ac.uk/pride/ws/archive/v3/projects/PXD079313; files/all n=50	Q2	5	Homo sapiens (human)	50	42	raw	DDA	LFQ	Q Exactive HF-X	no	no	TurboID_Raw_file_experiment_list.xlsx;checksum.txt	moderate	42	ms-proteomics;human;cell-lines	none_in_pride	no	Verify filename tokens resolve condition and replicate before annotating
PXD080046	include	Small label-free project; mapping must come from acquisition filenames	PRIDE https://www.ebi.ac.uk/pride/ws/archive/v3/projects/PXD080046; files/all n=41	Q2	5	Homo sapiens (human)	41	36	raw	DDA	LFQ	Q Exactive HF-X	no	no	Raw_file_experiment_list.xlsx;checksum.txt	moderate	36	ms-proteomics;human;cell-lines	none_in_pride	no	Verify filename tokens resolve condition and replicate before annotating
PXD020283	include	Small label-free project; mapping must come from acquisition filenames	PRIDE https://www.ebi.ac.uk/pride/ws/archive/v3/projects/PXD020283; files/all n=57	Q2	4	Candida albicans (yeast)	57	28	raw	DIA	LFQ	Q Exactive Plus	no	no		moderate	28	ms-proteomics;dia-acquisition	none_in_pride	no	Verify filename tokens resolve condition and replicate before annotating
PXD046499	include	Small label-free project; mapping must come from acquisition filenames	PRIDE https://www.ebi.ac.uk/pride/ws/archive/v3/projects/PXD046499; files/all n=98	Q2	4	Corynebacterium glutamicum atcc 13032	98	48	wiff	DIA	LFQ	TripleTOF 5600	no	no		moderate	48	ms-proteomics;dia-acquisition	none_in_pride	no	Verify filename tokens resolve condition and replicate before annotating
PXD046738	include	Small label-free project; mapping must come from acquisition filenames	PRIDE https://www.ebi.ac.uk/pride/ws/archive/v3/projects/PXD046738; files/all n=31	Q2	4	Homo sapiens (human)	31	30	raw	DIA	LFQ	Q Exactive HF	no	no		moderate	30	ms-proteomics;human;dia-acquisition	none_in_pride	no	Verify filename tokens resolve condition and replicate before annotating
PXD049199	include	Small label-free project; mapping must come from acquisition filenames	PRIDE https://www.ebi.ac.uk/pride/ws/archive/v3/projects/PXD049199; files/all n=55	Q2	4	Homo sapiens (human)	55	27	wiff	DIA	LFQ	TripleTOF 5600	no	no		moderate	27	ms-proteomics;human;dia-acquisition	none_in_pride	no	Verify filename tokens resolve condition and replicate before annotating
PXD052863	include	Small label-free project; mapping must come from acquisition filenames	PRIDE https://www.ebi.ac.uk/pride/ws/archive/v3/projects/PXD052863; files/all n=77	Q2	4	Bos taurus (bovine)	77	38	wiff	DIA	LFQ	TripleTOF 5600	no	no		moderate	38	ms-proteomics;vertebrates;dia-acquisition	none_in_pride	no	Verify filename tokens resolve condition and replicate before annotating
PXD054453	include	Small label-free project; mapping must come from acquisition filenames	PRIDE https://www.ebi.ac.uk/pride/ws/archive/v3/projects/PXD054453; files/all n=77	Q2	4	Homo sapiens (human)	77	38	raw	DIA	LFQ	Q Exactive HF	no	no		moderate	38	ms-proteomics;human;dia-acquisition	none_in_pride	no	Verify filename tokens resolve condition and replicate before annotating
PXD056568	include	Small label-free project; mapping must come from acquisition filenames	PRIDE https://www.ebi.ac.uk/pride/ws/archive/v3/projects/PXD056568; files/all n=128	Q2	4	Mus musculus (mouse)	128	32	wiff	DIA	LFQ	ZenoTOF 7600	no	no		moderate	32	ms-proteomics;vertebrates;dia-acquisition	none_in_pride	no	Verify filename tokens resolve condition and replicate before annotating
PXD057158	include	Small label-free project; mapping must come from acquisition filenames	PRIDE https://www.ebi.ac.uk/pride/ws/archive/v3/projects/PXD057158; files/all n=33	Q2	4	Mesocricetus auratus (golden hamster)	33	32	d.7z	DIA	LFQ	timsTOF Pro 2	no	no		moderate	32	ms-proteomics;dia-acquisition	none_in_pride	no	Verify filename tokens resolve condition and replicate before annotating
PXD061471	include	Small label-free project; mapping must come from acquisition filenames	PRIDE https://www.ebi.ac.uk/pride/ws/archive/v3/projects/PXD061471; files/all n=74	Q2	4	Homo sapiens (human)	74	36	wiff	DIA	LFQ	TripleTOF 6600	no	no		moderate	36	ms-proteomics;human;dia-acquisition	none_in_pride	no	Verify filename tokens resolve condition and replicate before annotating
PXD063568	include	Small label-free project; mapping must come from acquisition filenames	PRIDE https://www.ebi.ac.uk/pride/ws/archive/v3/projects/PXD063568; files/all n=60	Q2	4	Sus scrofa domesticus (domestic pig)	60	30	d.zip	DIA	LFQ	compact	no	no		moderate	30	ms-proteomics;vertebrates;dia-acquisition	none_in_pride	no	Verify filename tokens resolve condition and replicate before annotating
PXD070273	include	Small label-free project; mapping must come from acquisition filenames	PRIDE https://www.ebi.ac.uk/pride/ws/archive/v3/projects/PXD070273; files/all n=37	Q2	4	Mus musculus (mouse)	37	32	raw	unknown	LFQ	Q Exactive HF	no	no	checksum.txt	moderate	32	ms-proteomics;vertebrates	none_in_pride	no	Verify filename tokens resolve condition and replicate before annotating
PXD074193	include	Small label-free project; mapping must come from acquisition filenames	PRIDE https://www.ebi.ac.uk/pride/ws/archive/v3/projects/PXD074193; files/all n=46	Q2	4	Homo sapiens (human)	46	44	raw	unknown	LFQ	Orbitrap Exploris 480	no	no	checksum.txt;search_result.txt	moderate	44	ms-proteomics;human	none_in_pride	no	Verify filename tokens resolve condition and replicate before annotating
PXD074614	include	Small label-free project; mapping must come from acquisition filenames	PRIDE https://www.ebi.ac.uk/pride/ws/archive/v3/projects/PXD074614; files/all n=100	Q2	4	Mus musculus (mouse)	100	33	raw	unknown	LFQ	Q Exactive	no	no	checksum.txt	moderate	33	ms-proteomics;vertebrates	none_in_pride	no	Verify filename tokens resolve condition and replicate before annotating
PXD075103	include	Small label-free project; mapping must come from acquisition filenames	PRIDE https://www.ebi.ac.uk/pride/ws/archive/v3/projects/PXD075103; files/all n=46	Q2	4	Apis mellifera (honeybee);Mus musculus (mouse)	46	31	raw	unknown	LFQ	Orbitrap Fusion;Orbitrap Exploris 480	no	no	Inhouse_GSTTRPV1_pullDown_proteins.csv;checksum.txt;GelBandProteinID_Am_F3_PD.xlsx	moderate	31	ms-proteomics	none_in_pride	no	Verify filename tokens resolve condition and replicate before annotating
PXD077767	include	Small label-free project; mapping must come from acquisition filenames	PRIDE https://www.ebi.ac.uk/pride/ws/archive/v3/projects/PXD077767; files/all n=45	Q2	4	Homo sapiens (human)	45	15	raw	unknown	LFQ	LTQ Orbitrap Elite	no	no		moderate	15	ms-proteomics;human	none_in_pride	no	Verify filename tokens resolve condition and replicate before annotating
