source name	characteristics[organism]	characteristics[organism part]	characteristics[cell type]	characteristics[biological replicate]	characteristics[disease]	assay name	technology type	comment[technical replicate]	comment[data file]	comment[sdrf version]	comment[proteomics data acquisition method]	comment[instrument]	comment[cleavage agent details]	comment[label]	comment[fraction identifier]	comment[dissociation method]	comment[precursor mass tolerance]	comment[fragment mass tolerance]	comment[modification parameters]	comment[modification parameters]	comment[modification parameters]	comment[modification parameters]	comment[sdrf template]	factor value[condition]
Ecoli_Lysate_S1_RNaseA_total	Escherichia coli	cell lysate	not applicable	1	not available	Ecoli_Lysate_E1	proteomic profiling by mass spectrometry	1	WC_Proteinfolding_FASP_TMT_F1_R1_20170917.raw	v1.1.0	Data-dependent acquisition	NT=Q Exactive;AC=MS:1001911	NT=Trypsin;AC=MS:1001251	NT=TMT126;AC=PRIDE:0000516	1	not available	not available	not available	NT=Carbamidomethyl;AC=UNIMOD:4;TA=C;MT=Fixed	NT=Oxidation;AC=UNIMOD:35;TA=M;MT=Variable	NT=TMT6plex;AC=UNIMOD:737;TA=K;MT=Fixed	NT=TMT6plex;AC=UNIMOD:737;PP=Any N-term;MT=Fixed	NT=ms-proteomics;VV=v1.1.0	RNase A treated total
Ecoli_Lysate_S1_untreated_total	Escherichia coli	cell lysate	not applicable	1	not available	Ecoli_Lysate_E1	proteomic profiling by mass spectrometry	1	WC_Proteinfolding_FASP_TMT_F1_R1_20170917.raw	v1.1.0	Data-dependent acquisition	NT=Q Exactive;AC=MS:1001911	NT=Trypsin;AC=MS:1001251	NT=TMT127N;AC=PRIDE:0000519	1	not available	not available	not available	NT=Carbamidomethyl;AC=UNIMOD:4;TA=C;MT=Fixed	NT=Oxidation;AC=UNIMOD:35;TA=M;MT=Variable	NT=TMT6plex;AC=UNIMOD:737;TA=K;MT=Fixed	NT=TMT6plex;AC=UNIMOD:737;PP=Any N-term;MT=Fixed	NT=ms-proteomics;VV=v1.1.0	RNase A untreated total
Ecoli_Lysate_S1_RNaseA_soluble	Escherichia coli	cell lysate	not applicable	1	not available	Ecoli_Lysate_E1	proteomic profiling by mass spectrometry	1	WC_Proteinfolding_FASP_TMT_F1_R1_20170917.raw	v1.1.0	Data-dependent acquisition	NT=Q Exactive;AC=MS:1001911	NT=Trypsin;AC=MS:1001251	NT=TMT127C;AC=PRIDE:0000518	1	not available	not available	not available	NT=Carbamidomethyl;AC=UNIMOD:4;TA=C;MT=Fixed	NT=Oxidation;AC=UNIMOD:35;TA=M;MT=Variable	NT=TMT6plex;AC=UNIMOD:737;TA=K;MT=Fixed	NT=TMT6plex;AC=UNIMOD:737;PP=Any N-term;MT=Fixed	NT=ms-proteomics;VV=v1.1.0	RNase A treated soluble
Ecoli_Lysate_S1_untreated_soluble	Escherichia coli	cell lysate	not applicable	1	not available	Ecoli_Lysate_E1	proteomic profiling by mass spectrometry	1	WC_Proteinfolding_FASP_TMT_F1_R1_20170917.raw	v1.1.0	Data-dependent acquisition	NT=Q Exactive;AC=MS:1001911	NT=Trypsin;AC=MS:1001251	NT=TMT128N;AC=PRIDE:0000522	1	not available	not available	not available	NT=Carbamidomethyl;AC=UNIMOD:4;TA=C;MT=Fixed	NT=Oxidation;AC=UNIMOD:35;TA=M;MT=Variable	NT=TMT6plex;AC=UNIMOD:737;TA=K;MT=Fixed	NT=TMT6plex;AC=UNIMOD:737;PP=Any N-term;MT=Fixed	NT=ms-proteomics;VV=v1.1.0	RNase A untreated soluble
Ecoli_Lysate_S2_RNaseA_total	Escherichia coli	cell lysate	not applicable	2	not available	Ecoli_Lysate_E1	proteomic profiling by mass spectrometry	1	WC_Proteinfolding_FASP_TMT_F1_R1_20170917.raw	v1.1.0	Data-dependent acquisition	NT=Q Exactive;AC=MS:1001911	NT=Trypsin;AC=MS:1001251	NT=TMT128C;AC=PRIDE:0000521	1	not available	not available	not available	NT=Carbamidomethyl;AC=UNIMOD:4;TA=C;MT=Fixed	NT=Oxidation;AC=UNIMOD:35;TA=M;MT=Variable	NT=TMT6plex;AC=UNIMOD:737;TA=K;MT=Fixed	NT=TMT6plex;AC=UNIMOD:737;PP=Any N-term;MT=Fixed	NT=ms-proteomics;VV=v1.1.0	RNase A treated total
Ecoli_Lysate_S2_untreated_total	Escherichia coli	cell lysate	not applicable	2	not available	Ecoli_Lysate_E1	proteomic profiling by mass spectrometry	1	WC_Proteinfolding_FASP_TMT_F1_R1_20170917.raw	v1.1.0	Data-dependent acquisition	NT=Q Exactive;AC=MS:1001911	NT=Trypsin;AC=MS:1001251	NT=TMT129N;AC=PRIDE:0000525	1	not available	not available	not available	NT=Carbamidomethyl;AC=UNIMOD:4;TA=C;MT=Fixed	NT=Oxidation;AC=UNIMOD:35;TA=M;MT=Variable	NT=TMT6plex;AC=UNIMOD:737;TA=K;MT=Fixed	NT=TMT6plex;AC=UNIMOD:737;PP=Any N-term;MT=Fixed	NT=ms-proteomics;VV=v1.1.0	RNase A untreated total
Ecoli_Lysate_S2_RNaseA_soluble	Escherichia coli	cell lysate	not applicable	2	not available	Ecoli_Lysate_E1	proteomic profiling by mass spectrometry	1	WC_Proteinfolding_FASP_TMT_F1_R1_20170917.raw	v1.1.0	Data-dependent acquisition	NT=Q Exactive;AC=MS:1001911	NT=Trypsin;AC=MS:1001251	NT=TMT129C;AC=PRIDE:0000524	1	not available	not available	not available	NT=Carbamidomethyl;AC=UNIMOD:4;TA=C;MT=Fixed	NT=Oxidation;AC=UNIMOD:35;TA=M;MT=Variable	NT=TMT6plex;AC=UNIMOD:737;TA=K;MT=Fixed	NT=TMT6plex;AC=UNIMOD:737;PP=Any N-term;MT=Fixed	NT=ms-proteomics;VV=v1.1.0	RNase A treated soluble
Ecoli_Lysate_S2_untreated_soluble	Escherichia coli	cell lysate	not applicable	2	not available	Ecoli_Lysate_E1	proteomic profiling by mass spectrometry	1	WC_Proteinfolding_FASP_TMT_F1_R1_20170917.raw	v1.1.0	Data-dependent acquisition	NT=Q Exactive;AC=MS:1001911	NT=Trypsin;AC=MS:1001251	NT=TMT130N;AC=PRIDE:0000528	1	not available	not available	not available	NT=Carbamidomethyl;AC=UNIMOD:4;TA=C;MT=Fixed	NT=Oxidation;AC=UNIMOD:35;TA=M;MT=Variable	NT=TMT6plex;AC=UNIMOD:737;TA=K;MT=Fixed	NT=TMT6plex;AC=UNIMOD:737;PP=Any N-term;MT=Fixed	NT=ms-proteomics;VV=v1.1.0	RNase A untreated soluble
Ecoli_Lysate_S1_RNaseA_total	Escherichia coli	cell lysate	not applicable	1	not available	Ecoli_Lysate_E2	proteomic profiling by mass spectrometry	2	WC_Proteinfolding_FASP_TMT_F1_R2_20170919.raw	v1.1.0	Data-dependent acquisition	NT=Q Exactive;AC=MS:1001911	NT=Trypsin;AC=MS:1001251	NT=TMT126;AC=PRIDE:0000516	1	not available	not available	not available	NT=Carbamidomethyl;AC=UNIMOD:4;TA=C;MT=Fixed	NT=Oxidation;AC=UNIMOD:35;TA=M;MT=Variable	NT=TMT6plex;AC=UNIMOD:737;TA=K;MT=Fixed	NT=TMT6plex;AC=UNIMOD:737;PP=Any N-term;MT=Fixed	NT=ms-proteomics;VV=v1.1.0	RNase A treated total
Ecoli_Lysate_S1_untreated_total	Escherichia coli	cell lysate	not applicable	1	not available	Ecoli_Lysate_E2	proteomic profiling by mass spectrometry	2	WC_Proteinfolding_FASP_TMT_F1_R2_20170919.raw	v1.1.0	Data-dependent acquisition	NT=Q Exactive;AC=MS:1001911	NT=Trypsin;AC=MS:1001251	NT=TMT127N;AC=PRIDE:0000519	1	not available	not available	not available	NT=Carbamidomethyl;AC=UNIMOD:4;TA=C;MT=Fixed	NT=Oxidation;AC=UNIMOD:35;TA=M;MT=Variable	NT=TMT6plex;AC=UNIMOD:737;TA=K;MT=Fixed	NT=TMT6plex;AC=UNIMOD:737;PP=Any N-term;MT=Fixed	NT=ms-proteomics;VV=v1.1.0	RNase A untreated total
Ecoli_Lysate_S1_RNaseA_soluble	Escherichia coli	cell lysate	not applicable	1	not available	Ecoli_Lysate_E2	proteomic profiling by mass spectrometry	2	WC_Proteinfolding_FASP_TMT_F1_R2_20170919.raw	v1.1.0	Data-dependent acquisition	NT=Q Exactive;AC=MS:1001911	NT=Trypsin;AC=MS:1001251	NT=TMT127C;AC=PRIDE:0000518	1	not available	not available	not available	NT=Carbamidomethyl;AC=UNIMOD:4;TA=C;MT=Fixed	NT=Oxidation;AC=UNIMOD:35;TA=M;MT=Variable	NT=TMT6plex;AC=UNIMOD:737;TA=K;MT=Fixed	NT=TMT6plex;AC=UNIMOD:737;PP=Any N-term;MT=Fixed	NT=ms-proteomics;VV=v1.1.0	RNase A treated soluble
Ecoli_Lysate_S1_untreated_soluble	Escherichia coli	cell lysate	not applicable	1	not available	Ecoli_Lysate_E2	proteomic profiling by mass spectrometry	2	WC_Proteinfolding_FASP_TMT_F1_R2_20170919.raw	v1.1.0	Data-dependent acquisition	NT=Q Exactive;AC=MS:1001911	NT=Trypsin;AC=MS:1001251	NT=TMT128N;AC=PRIDE:0000522	1	not available	not available	not available	NT=Carbamidomethyl;AC=UNIMOD:4;TA=C;MT=Fixed	NT=Oxidation;AC=UNIMOD:35;TA=M;MT=Variable	NT=TMT6plex;AC=UNIMOD:737;TA=K;MT=Fixed	NT=TMT6plex;AC=UNIMOD:737;PP=Any N-term;MT=Fixed	NT=ms-proteomics;VV=v1.1.0	RNase A untreated soluble
Ecoli_Lysate_S2_RNaseA_total	Escherichia coli	cell lysate	not applicable	2	not available	Ecoli_Lysate_E2	proteomic profiling by mass spectrometry	2	WC_Proteinfolding_FASP_TMT_F1_R2_20170919.raw	v1.1.0	Data-dependent acquisition	NT=Q Exactive;AC=MS:1001911	NT=Trypsin;AC=MS:1001251	NT=TMT128C;AC=PRIDE:0000521	1	not available	not available	not available	NT=Carbamidomethyl;AC=UNIMOD:4;TA=C;MT=Fixed	NT=Oxidation;AC=UNIMOD:35;TA=M;MT=Variable	NT=TMT6plex;AC=UNIMOD:737;TA=K;MT=Fixed	NT=TMT6plex;AC=UNIMOD:737;PP=Any N-term;MT=Fixed	NT=ms-proteomics;VV=v1.1.0	RNase A treated total
Ecoli_Lysate_S2_untreated_total	Escherichia coli	cell lysate	not applicable	2	not available	Ecoli_Lysate_E2	proteomic profiling by mass spectrometry	2	WC_Proteinfolding_FASP_TMT_F1_R2_20170919.raw	v1.1.0	Data-dependent acquisition	NT=Q Exactive;AC=MS:1001911	NT=Trypsin;AC=MS:1001251	NT=TMT129N;AC=PRIDE:0000525	1	not available	not available	not available	NT=Carbamidomethyl;AC=UNIMOD:4;TA=C;MT=Fixed	NT=Oxidation;AC=UNIMOD:35;TA=M;MT=Variable	NT=TMT6plex;AC=UNIMOD:737;TA=K;MT=Fixed	NT=TMT6plex;AC=UNIMOD:737;PP=Any N-term;MT=Fixed	NT=ms-proteomics;VV=v1.1.0	RNase A untreated total
Ecoli_Lysate_S2_RNaseA_soluble	Escherichia coli	cell lysate	not applicable	2	not available	Ecoli_Lysate_E2	proteomic profiling by mass spectrometry	2	WC_Proteinfolding_FASP_TMT_F1_R2_20170919.raw	v1.1.0	Data-dependent acquisition	NT=Q Exactive;AC=MS:1001911	NT=Trypsin;AC=MS:1001251	NT=TMT129C;AC=PRIDE:0000524	1	not available	not available	not available	NT=Carbamidomethyl;AC=UNIMOD:4;TA=C;MT=Fixed	NT=Oxidation;AC=UNIMOD:35;TA=M;MT=Variable	NT=TMT6plex;AC=UNIMOD:737;TA=K;MT=Fixed	NT=TMT6plex;AC=UNIMOD:737;PP=Any N-term;MT=Fixed	NT=ms-proteomics;VV=v1.1.0	RNase A treated soluble
Ecoli_Lysate_S2_untreated_soluble	Escherichia coli	cell lysate	not applicable	2	not available	Ecoli_Lysate_E2	proteomic profiling by mass spectrometry	2	WC_Proteinfolding_FASP_TMT_F1_R2_20170919.raw	v1.1.0	Data-dependent acquisition	NT=Q Exactive;AC=MS:1001911	NT=Trypsin;AC=MS:1001251	NT=TMT130N;AC=PRIDE:0000528	1	not available	not available	not available	NT=Carbamidomethyl;AC=UNIMOD:4;TA=C;MT=Fixed	NT=Oxidation;AC=UNIMOD:35;TA=M;MT=Variable	NT=TMT6plex;AC=UNIMOD:737;TA=K;MT=Fixed	NT=TMT6plex;AC=UNIMOD:737;PP=Any N-term;MT=Fixed	NT=ms-proteomics;VV=v1.1.0	RNase A untreated soluble
Ecoli_Lysate_S1_RNaseA_total	Escherichia coli	cell lysate	not applicable	1	not available	Ecoli_Lysate_E3	proteomic profiling by mass spectrometry	1	WC_Proteinfolding_FASP_TMT_F2_R1_20170917.raw	v1.1.0	Data-dependent acquisition	NT=Q Exactive;AC=MS:1001911	NT=Trypsin;AC=MS:1001251	NT=TMT126;AC=PRIDE:0000516	2	not available	not available	not available	NT=Carbamidomethyl;AC=UNIMOD:4;TA=C;MT=Fixed	NT=Oxidation;AC=UNIMOD:35;TA=M;MT=Variable	NT=TMT6plex;AC=UNIMOD:737;TA=K;MT=Fixed	NT=TMT6plex;AC=UNIMOD:737;PP=Any N-term;MT=Fixed	NT=ms-proteomics;VV=v1.1.0	RNase A treated total
Ecoli_Lysate_S1_untreated_total	Escherichia coli	cell lysate	not applicable	1	not available	Ecoli_Lysate_E3	proteomic profiling by mass spectrometry	1	WC_Proteinfolding_FASP_TMT_F2_R1_20170917.raw	v1.1.0	Data-dependent acquisition	NT=Q Exactive;AC=MS:1001911	NT=Trypsin;AC=MS:1001251	NT=TMT127N;AC=PRIDE:0000519	2	not available	not available	not available	NT=Carbamidomethyl;AC=UNIMOD:4;TA=C;MT=Fixed	NT=Oxidation;AC=UNIMOD:35;TA=M;MT=Variable	NT=TMT6plex;AC=UNIMOD:737;TA=K;MT=Fixed	NT=TMT6plex;AC=UNIMOD:737;PP=Any N-term;MT=Fixed	NT=ms-proteomics;VV=v1.1.0	RNase A untreated total
Ecoli_Lysate_S1_RNaseA_soluble	Escherichia coli	cell lysate	not applicable	1	not available	Ecoli_Lysate_E3	proteomic profiling by mass spectrometry	1	WC_Proteinfolding_FASP_TMT_F2_R1_20170917.raw	v1.1.0	Data-dependent acquisition	NT=Q Exactive;AC=MS:1001911	NT=Trypsin;AC=MS:1001251	NT=TMT127C;AC=PRIDE:0000518	2	not available	not available	not available	NT=Carbamidomethyl;AC=UNIMOD:4;TA=C;MT=Fixed	NT=Oxidation;AC=UNIMOD:35;TA=M;MT=Variable	NT=TMT6plex;AC=UNIMOD:737;TA=K;MT=Fixed	NT=TMT6plex;AC=UNIMOD:737;PP=Any N-term;MT=Fixed	NT=ms-proteomics;VV=v1.1.0	RNase A treated soluble
Ecoli_Lysate_S1_untreated_soluble	Escherichia coli	cell lysate	not applicable	1	not available	Ecoli_Lysate_E3	proteomic profiling by mass spectrometry	1	WC_Proteinfolding_FASP_TMT_F2_R1_20170917.raw	v1.1.0	Data-dependent acquisition	NT=Q Exactive;AC=MS:1001911	NT=Trypsin;AC=MS:1001251	NT=TMT128N;AC=PRIDE:0000522	2	not available	not available	not available	NT=Carbamidomethyl;AC=UNIMOD:4;TA=C;MT=Fixed	NT=Oxidation;AC=UNIMOD:35;TA=M;MT=Variable	NT=TMT6plex;AC=UNIMOD:737;TA=K;MT=Fixed	NT=TMT6plex;AC=UNIMOD:737;PP=Any N-term;MT=Fixed	NT=ms-proteomics;VV=v1.1.0	RNase A untreated soluble
Ecoli_Lysate_S2_RNaseA_total	Escherichia coli	cell lysate	not applicable	2	not available	Ecoli_Lysate_E3	proteomic profiling by mass spectrometry	1	WC_Proteinfolding_FASP_TMT_F2_R1_20170917.raw	v1.1.0	Data-dependent acquisition	NT=Q Exactive;AC=MS:1001911	NT=Trypsin;AC=MS:1001251	NT=TMT128C;AC=PRIDE:0000521	2	not available	not available	not available	NT=Carbamidomethyl;AC=UNIMOD:4;TA=C;MT=Fixed	NT=Oxidation;AC=UNIMOD:35;TA=M;MT=Variable	NT=TMT6plex;AC=UNIMOD:737;TA=K;MT=Fixed	NT=TMT6plex;AC=UNIMOD:737;PP=Any N-term;MT=Fixed	NT=ms-proteomics;VV=v1.1.0	RNase A treated total
Ecoli_Lysate_S2_untreated_total	Escherichia coli	cell lysate	not applicable	2	not available	Ecoli_Lysate_E3	proteomic profiling by mass spectrometry	1	WC_Proteinfolding_FASP_TMT_F2_R1_20170917.raw	v1.1.0	Data-dependent acquisition	NT=Q Exactive;AC=MS:1001911	NT=Trypsin;AC=MS:1001251	NT=TMT129N;AC=PRIDE:0000525	2	not available	not available	not available	NT=Carbamidomethyl;AC=UNIMOD:4;TA=C;MT=Fixed	NT=Oxidation;AC=UNIMOD:35;TA=M;MT=Variable	NT=TMT6plex;AC=UNIMOD:737;TA=K;MT=Fixed	NT=TMT6plex;AC=UNIMOD:737;PP=Any N-term;MT=Fixed	NT=ms-proteomics;VV=v1.1.0	RNase A untreated total
Ecoli_Lysate_S2_RNaseA_soluble	Escherichia coli	cell lysate	not applicable	2	not available	Ecoli_Lysate_E3	proteomic profiling by mass spectrometry	1	WC_Proteinfolding_FASP_TMT_F2_R1_20170917.raw	v1.1.0	Data-dependent acquisition	NT=Q Exactive;AC=MS:1001911	NT=Trypsin;AC=MS:1001251	NT=TMT129C;AC=PRIDE:0000524	2	not available	not available	not available	NT=Carbamidomethyl;AC=UNIMOD:4;TA=C;MT=Fixed	NT=Oxidation;AC=UNIMOD:35;TA=M;MT=Variable	NT=TMT6plex;AC=UNIMOD:737;TA=K;MT=Fixed	NT=TMT6plex;AC=UNIMOD:737;PP=Any N-term;MT=Fixed	NT=ms-proteomics;VV=v1.1.0	RNase A treated soluble
Ecoli_Lysate_S2_untreated_soluble	Escherichia coli	cell lysate	not applicable	2	not available	Ecoli_Lysate_E3	proteomic profiling by mass spectrometry	1	WC_Proteinfolding_FASP_TMT_F2_R1_20170917.raw	v1.1.0	Data-dependent acquisition	NT=Q Exactive;AC=MS:1001911	NT=Trypsin;AC=MS:1001251	NT=TMT130N;AC=PRIDE:0000528	2	not available	not available	not available	NT=Carbamidomethyl;AC=UNIMOD:4;TA=C;MT=Fixed	NT=Oxidation;AC=UNIMOD:35;TA=M;MT=Variable	NT=TMT6plex;AC=UNIMOD:737;TA=K;MT=Fixed	NT=TMT6plex;AC=UNIMOD:737;PP=Any N-term;MT=Fixed	NT=ms-proteomics;VV=v1.1.0	RNase A untreated soluble
Ecoli_Lysate_S1_RNaseA_total	Escherichia coli	cell lysate	not applicable	1	not available	Ecoli_Lysate_E4	proteomic profiling by mass spectrometry	2	WC_Proteinfolding_FASP_TMT_F2_R2_20170919.raw	v1.1.0	Data-dependent acquisition	NT=Q Exactive;AC=MS:1001911	NT=Trypsin;AC=MS:1001251	NT=TMT126;AC=PRIDE:0000516	2	not available	not available	not available	NT=Carbamidomethyl;AC=UNIMOD:4;TA=C;MT=Fixed	NT=Oxidation;AC=UNIMOD:35;TA=M;MT=Variable	NT=TMT6plex;AC=UNIMOD:737;TA=K;MT=Fixed	NT=TMT6plex;AC=UNIMOD:737;PP=Any N-term;MT=Fixed	NT=ms-proteomics;VV=v1.1.0	RNase A treated total
Ecoli_Lysate_S1_untreated_total	Escherichia coli	cell lysate	not applicable	1	not available	Ecoli_Lysate_E4	proteomic profiling by mass spectrometry	2	WC_Proteinfolding_FASP_TMT_F2_R2_20170919.raw	v1.1.0	Data-dependent acquisition	NT=Q Exactive;AC=MS:1001911	NT=Trypsin;AC=MS:1001251	NT=TMT127N;AC=PRIDE:0000519	2	not available	not available	not available	NT=Carbamidomethyl;AC=UNIMOD:4;TA=C;MT=Fixed	NT=Oxidation;AC=UNIMOD:35;TA=M;MT=Variable	NT=TMT6plex;AC=UNIMOD:737;TA=K;MT=Fixed	NT=TMT6plex;AC=UNIMOD:737;PP=Any N-term;MT=Fixed	NT=ms-proteomics;VV=v1.1.0	RNase A untreated total
Ecoli_Lysate_S1_RNaseA_soluble	Escherichia coli	cell lysate	not applicable	1	not available	Ecoli_Lysate_E4	proteomic profiling by mass spectrometry	2	WC_Proteinfolding_FASP_TMT_F2_R2_20170919.raw	v1.1.0	Data-dependent acquisition	NT=Q Exactive;AC=MS:1001911	NT=Trypsin;AC=MS:1001251	NT=TMT127C;AC=PRIDE:0000518	2	not available	not available	not available	NT=Carbamidomethyl;AC=UNIMOD:4;TA=C;MT=Fixed	NT=Oxidation;AC=UNIMOD:35;TA=M;MT=Variable	NT=TMT6plex;AC=UNIMOD:737;TA=K;MT=Fixed	NT=TMT6plex;AC=UNIMOD:737;PP=Any N-term;MT=Fixed	NT=ms-proteomics;VV=v1.1.0	RNase A treated soluble
Ecoli_Lysate_S1_untreated_soluble	Escherichia coli	cell lysate	not applicable	1	not available	Ecoli_Lysate_E4	proteomic profiling by mass spectrometry	2	WC_Proteinfolding_FASP_TMT_F2_R2_20170919.raw	v1.1.0	Data-dependent acquisition	NT=Q Exactive;AC=MS:1001911	NT=Trypsin;AC=MS:1001251	NT=TMT128N;AC=PRIDE:0000522	2	not available	not available	not available	NT=Carbamidomethyl;AC=UNIMOD:4;TA=C;MT=Fixed	NT=Oxidation;AC=UNIMOD:35;TA=M;MT=Variable	NT=TMT6plex;AC=UNIMOD:737;TA=K;MT=Fixed	NT=TMT6plex;AC=UNIMOD:737;PP=Any N-term;MT=Fixed	NT=ms-proteomics;VV=v1.1.0	RNase A untreated soluble
Ecoli_Lysate_S2_RNaseA_total	Escherichia coli	cell lysate	not applicable	2	not available	Ecoli_Lysate_E4	proteomic profiling by mass spectrometry	2	WC_Proteinfolding_FASP_TMT_F2_R2_20170919.raw	v1.1.0	Data-dependent acquisition	NT=Q Exactive;AC=MS:1001911	NT=Trypsin;AC=MS:1001251	NT=TMT128C;AC=PRIDE:0000521	2	not available	not available	not available	NT=Carbamidomethyl;AC=UNIMOD:4;TA=C;MT=Fixed	NT=Oxidation;AC=UNIMOD:35;TA=M;MT=Variable	NT=TMT6plex;AC=UNIMOD:737;TA=K;MT=Fixed	NT=TMT6plex;AC=UNIMOD:737;PP=Any N-term;MT=Fixed	NT=ms-proteomics;VV=v1.1.0	RNase A treated total
Ecoli_Lysate_S2_untreated_total	Escherichia coli	cell lysate	not applicable	2	not available	Ecoli_Lysate_E4	proteomic profiling by mass spectrometry	2	WC_Proteinfolding_FASP_TMT_F2_R2_20170919.raw	v1.1.0	Data-dependent acquisition	NT=Q Exactive;AC=MS:1001911	NT=Trypsin;AC=MS:1001251	NT=TMT129N;AC=PRIDE:0000525	2	not available	not available	not available	NT=Carbamidomethyl;AC=UNIMOD:4;TA=C;MT=Fixed	NT=Oxidation;AC=UNIMOD:35;TA=M;MT=Variable	NT=TMT6plex;AC=UNIMOD:737;TA=K;MT=Fixed	NT=TMT6plex;AC=UNIMOD:737;PP=Any N-term;MT=Fixed	NT=ms-proteomics;VV=v1.1.0	RNase A untreated total
Ecoli_Lysate_S2_RNaseA_soluble	Escherichia coli	cell lysate	not applicable	2	not available	Ecoli_Lysate_E4	proteomic profiling by mass spectrometry	2	WC_Proteinfolding_FASP_TMT_F2_R2_20170919.raw	v1.1.0	Data-dependent acquisition	NT=Q Exactive;AC=MS:1001911	NT=Trypsin;AC=MS:1001251	NT=TMT129C;AC=PRIDE:0000524	2	not available	not available	not available	NT=Carbamidomethyl;AC=UNIMOD:4;TA=C;MT=Fixed	NT=Oxidation;AC=UNIMOD:35;TA=M;MT=Variable	NT=TMT6plex;AC=UNIMOD:737;TA=K;MT=Fixed	NT=TMT6plex;AC=UNIMOD:737;PP=Any N-term;MT=Fixed	NT=ms-proteomics;VV=v1.1.0	RNase A treated soluble
Ecoli_Lysate_S2_untreated_soluble	Escherichia coli	cell lysate	not applicable	2	not available	Ecoli_Lysate_E4	proteomic profiling by mass spectrometry	2	WC_Proteinfolding_FASP_TMT_F2_R2_20170919.raw	v1.1.0	Data-dependent acquisition	NT=Q Exactive;AC=MS:1001911	NT=Trypsin;AC=MS:1001251	NT=TMT130N;AC=PRIDE:0000528	2	not available	not available	not available	NT=Carbamidomethyl;AC=UNIMOD:4;TA=C;MT=Fixed	NT=Oxidation;AC=UNIMOD:35;TA=M;MT=Variable	NT=TMT6plex;AC=UNIMOD:737;TA=K;MT=Fixed	NT=TMT6plex;AC=UNIMOD:737;PP=Any N-term;MT=Fixed	NT=ms-proteomics;VV=v1.1.0	RNase A untreated soluble
Ecoli_Lysate_S1_RNaseA_total	Escherichia coli	cell lysate	not applicable	1	not available	Ecoli_Lysate_E5	proteomic profiling by mass spectrometry	1	WC_Proteinfolding_FASP_TMT_F3_R1_20170917.raw	v1.1.0	Data-dependent acquisition	NT=Q Exactive;AC=MS:1001911	NT=Trypsin;AC=MS:1001251	NT=TMT126;AC=PRIDE:0000516	3	not available	not available	not available	NT=Carbamidomethyl;AC=UNIMOD:4;TA=C;MT=Fixed	NT=Oxidation;AC=UNIMOD:35;TA=M;MT=Variable	NT=TMT6plex;AC=UNIMOD:737;TA=K;MT=Fixed	NT=TMT6plex;AC=UNIMOD:737;PP=Any N-term;MT=Fixed	NT=ms-proteomics;VV=v1.1.0	RNase A treated total
Ecoli_Lysate_S1_untreated_total	Escherichia coli	cell lysate	not applicable	1	not available	Ecoli_Lysate_E5	proteomic profiling by mass spectrometry	1	WC_Proteinfolding_FASP_TMT_F3_R1_20170917.raw	v1.1.0	Data-dependent acquisition	NT=Q Exactive;AC=MS:1001911	NT=Trypsin;AC=MS:1001251	NT=TMT127N;AC=PRIDE:0000519	3	not available	not available	not available	NT=Carbamidomethyl;AC=UNIMOD:4;TA=C;MT=Fixed	NT=Oxidation;AC=UNIMOD:35;TA=M;MT=Variable	NT=TMT6plex;AC=UNIMOD:737;TA=K;MT=Fixed	NT=TMT6plex;AC=UNIMOD:737;PP=Any N-term;MT=Fixed	NT=ms-proteomics;VV=v1.1.0	RNase A untreated total
Ecoli_Lysate_S1_RNaseA_soluble	Escherichia coli	cell lysate	not applicable	1	not available	Ecoli_Lysate_E5	proteomic profiling by mass spectrometry	1	WC_Proteinfolding_FASP_TMT_F3_R1_20170917.raw	v1.1.0	Data-dependent acquisition	NT=Q Exactive;AC=MS:1001911	NT=Trypsin;AC=MS:1001251	NT=TMT127C;AC=PRIDE:0000518	3	not available	not available	not available	NT=Carbamidomethyl;AC=UNIMOD:4;TA=C;MT=Fixed	NT=Oxidation;AC=UNIMOD:35;TA=M;MT=Variable	NT=TMT6plex;AC=UNIMOD:737;TA=K;MT=Fixed	NT=TMT6plex;AC=UNIMOD:737;PP=Any N-term;MT=Fixed	NT=ms-proteomics;VV=v1.1.0	RNase A treated soluble
Ecoli_Lysate_S1_untreated_soluble	Escherichia coli	cell lysate	not applicable	1	not available	Ecoli_Lysate_E5	proteomic profiling by mass spectrometry	1	WC_Proteinfolding_FASP_TMT_F3_R1_20170917.raw	v1.1.0	Data-dependent acquisition	NT=Q Exactive;AC=MS:1001911	NT=Trypsin;AC=MS:1001251	NT=TMT128N;AC=PRIDE:0000522	3	not available	not available	not available	NT=Carbamidomethyl;AC=UNIMOD:4;TA=C;MT=Fixed	NT=Oxidation;AC=UNIMOD:35;TA=M;MT=Variable	NT=TMT6plex;AC=UNIMOD:737;TA=K;MT=Fixed	NT=TMT6plex;AC=UNIMOD:737;PP=Any N-term;MT=Fixed	NT=ms-proteomics;VV=v1.1.0	RNase A untreated soluble
Ecoli_Lysate_S2_RNaseA_total	Escherichia coli	cell lysate	not applicable	2	not available	Ecoli_Lysate_E5	proteomic profiling by mass spectrometry	1	WC_Proteinfolding_FASP_TMT_F3_R1_20170917.raw	v1.1.0	Data-dependent acquisition	NT=Q Exactive;AC=MS:1001911	NT=Trypsin;AC=MS:1001251	NT=TMT128C;AC=PRIDE:0000521	3	not available	not available	not available	NT=Carbamidomethyl;AC=UNIMOD:4;TA=C;MT=Fixed	NT=Oxidation;AC=UNIMOD:35;TA=M;MT=Variable	NT=TMT6plex;AC=UNIMOD:737;TA=K;MT=Fixed	NT=TMT6plex;AC=UNIMOD:737;PP=Any N-term;MT=Fixed	NT=ms-proteomics;VV=v1.1.0	RNase A treated total
Ecoli_Lysate_S2_untreated_total	Escherichia coli	cell lysate	not applicable	2	not available	Ecoli_Lysate_E5	proteomic profiling by mass spectrometry	1	WC_Proteinfolding_FASP_TMT_F3_R1_20170917.raw	v1.1.0	Data-dependent acquisition	NT=Q Exactive;AC=MS:1001911	NT=Trypsin;AC=MS:1001251	NT=TMT129N;AC=PRIDE:0000525	3	not available	not available	not available	NT=Carbamidomethyl;AC=UNIMOD:4;TA=C;MT=Fixed	NT=Oxidation;AC=UNIMOD:35;TA=M;MT=Variable	NT=TMT6plex;AC=UNIMOD:737;TA=K;MT=Fixed	NT=TMT6plex;AC=UNIMOD:737;PP=Any N-term;MT=Fixed	NT=ms-proteomics;VV=v1.1.0	RNase A untreated total
Ecoli_Lysate_S2_RNaseA_soluble	Escherichia coli	cell lysate	not applicable	2	not available	Ecoli_Lysate_E5	proteomic profiling by mass spectrometry	1	WC_Proteinfolding_FASP_TMT_F3_R1_20170917.raw	v1.1.0	Data-dependent acquisition	NT=Q Exactive;AC=MS:1001911	NT=Trypsin;AC=MS:1001251	NT=TMT129C;AC=PRIDE:0000524	3	not available	not available	not available	NT=Carbamidomethyl;AC=UNIMOD:4;TA=C;MT=Fixed	NT=Oxidation;AC=UNIMOD:35;TA=M;MT=Variable	NT=TMT6plex;AC=UNIMOD:737;TA=K;MT=Fixed	NT=TMT6plex;AC=UNIMOD:737;PP=Any N-term;MT=Fixed	NT=ms-proteomics;VV=v1.1.0	RNase A treated soluble
Ecoli_Lysate_S2_untreated_soluble	Escherichia coli	cell lysate	not applicable	2	not available	Ecoli_Lysate_E5	proteomic profiling by mass spectrometry	1	WC_Proteinfolding_FASP_TMT_F3_R1_20170917.raw	v1.1.0	Data-dependent acquisition	NT=Q Exactive;AC=MS:1001911	NT=Trypsin;AC=MS:1001251	NT=TMT130N;AC=PRIDE:0000528	3	not available	not available	not available	NT=Carbamidomethyl;AC=UNIMOD:4;TA=C;MT=Fixed	NT=Oxidation;AC=UNIMOD:35;TA=M;MT=Variable	NT=TMT6plex;AC=UNIMOD:737;TA=K;MT=Fixed	NT=TMT6plex;AC=UNIMOD:737;PP=Any N-term;MT=Fixed	NT=ms-proteomics;VV=v1.1.0	RNase A untreated soluble
Ecoli_Lysate_S1_RNaseA_total	Escherichia coli	cell lysate	not applicable	1	not available	Ecoli_Lysate_E6	proteomic profiling by mass spectrometry	2	WC_Proteinfolding_FASP_TMT_F3_R2_20170919.raw	v1.1.0	Data-dependent acquisition	NT=Q Exactive;AC=MS:1001911	NT=Trypsin;AC=MS:1001251	NT=TMT126;AC=PRIDE:0000516	3	not available	not available	not available	NT=Carbamidomethyl;AC=UNIMOD:4;TA=C;MT=Fixed	NT=Oxidation;AC=UNIMOD:35;TA=M;MT=Variable	NT=TMT6plex;AC=UNIMOD:737;TA=K;MT=Fixed	NT=TMT6plex;AC=UNIMOD:737;PP=Any N-term;MT=Fixed	NT=ms-proteomics;VV=v1.1.0	RNase A treated total
Ecoli_Lysate_S1_untreated_total	Escherichia coli	cell lysate	not applicable	1	not available	Ecoli_Lysate_E6	proteomic profiling by mass spectrometry	2	WC_Proteinfolding_FASP_TMT_F3_R2_20170919.raw	v1.1.0	Data-dependent acquisition	NT=Q Exactive;AC=MS:1001911	NT=Trypsin;AC=MS:1001251	NT=TMT127N;AC=PRIDE:0000519	3	not available	not available	not available	NT=Carbamidomethyl;AC=UNIMOD:4;TA=C;MT=Fixed	NT=Oxidation;AC=UNIMOD:35;TA=M;MT=Variable	NT=TMT6plex;AC=UNIMOD:737;TA=K;MT=Fixed	NT=TMT6plex;AC=UNIMOD:737;PP=Any N-term;MT=Fixed	NT=ms-proteomics;VV=v1.1.0	RNase A untreated total
Ecoli_Lysate_S1_RNaseA_soluble	Escherichia coli	cell lysate	not applicable	1	not available	Ecoli_Lysate_E6	proteomic profiling by mass spectrometry	2	WC_Proteinfolding_FASP_TMT_F3_R2_20170919.raw	v1.1.0	Data-dependent acquisition	NT=Q Exactive;AC=MS:1001911	NT=Trypsin;AC=MS:1001251	NT=TMT127C;AC=PRIDE:0000518	3	not available	not available	not available	NT=Carbamidomethyl;AC=UNIMOD:4;TA=C;MT=Fixed	NT=Oxidation;AC=UNIMOD:35;TA=M;MT=Variable	NT=TMT6plex;AC=UNIMOD:737;TA=K;MT=Fixed	NT=TMT6plex;AC=UNIMOD:737;PP=Any N-term;MT=Fixed	NT=ms-proteomics;VV=v1.1.0	RNase A treated soluble
Ecoli_Lysate_S1_untreated_soluble	Escherichia coli	cell lysate	not applicable	1	not available	Ecoli_Lysate_E6	proteomic profiling by mass spectrometry	2	WC_Proteinfolding_FASP_TMT_F3_R2_20170919.raw	v1.1.0	Data-dependent acquisition	NT=Q Exactive;AC=MS:1001911	NT=Trypsin;AC=MS:1001251	NT=TMT128N;AC=PRIDE:0000522	3	not available	not available	not available	NT=Carbamidomethyl;AC=UNIMOD:4;TA=C;MT=Fixed	NT=Oxidation;AC=UNIMOD:35;TA=M;MT=Variable	NT=TMT6plex;AC=UNIMOD:737;TA=K;MT=Fixed	NT=TMT6plex;AC=UNIMOD:737;PP=Any N-term;MT=Fixed	NT=ms-proteomics;VV=v1.1.0	RNase A untreated soluble
Ecoli_Lysate_S2_RNaseA_total	Escherichia coli	cell lysate	not applicable	2	not available	Ecoli_Lysate_E6	proteomic profiling by mass spectrometry	2	WC_Proteinfolding_FASP_TMT_F3_R2_20170919.raw	v1.1.0	Data-dependent acquisition	NT=Q Exactive;AC=MS:1001911	NT=Trypsin;AC=MS:1001251	NT=TMT128C;AC=PRIDE:0000521	3	not available	not available	not available	NT=Carbamidomethyl;AC=UNIMOD:4;TA=C;MT=Fixed	NT=Oxidation;AC=UNIMOD:35;TA=M;MT=Variable	NT=TMT6plex;AC=UNIMOD:737;TA=K;MT=Fixed	NT=TMT6plex;AC=UNIMOD:737;PP=Any N-term;MT=Fixed	NT=ms-proteomics;VV=v1.1.0	RNase A treated total
Ecoli_Lysate_S2_untreated_total	Escherichia coli	cell lysate	not applicable	2	not available	Ecoli_Lysate_E6	proteomic profiling by mass spectrometry	2	WC_Proteinfolding_FASP_TMT_F3_R2_20170919.raw	v1.1.0	Data-dependent acquisition	NT=Q Exactive;AC=MS:1001911	NT=Trypsin;AC=MS:1001251	NT=TMT129N;AC=PRIDE:0000525	3	not available	not available	not available	NT=Carbamidomethyl;AC=UNIMOD:4;TA=C;MT=Fixed	NT=Oxidation;AC=UNIMOD:35;TA=M;MT=Variable	NT=TMT6plex;AC=UNIMOD:737;TA=K;MT=Fixed	NT=TMT6plex;AC=UNIMOD:737;PP=Any N-term;MT=Fixed	NT=ms-proteomics;VV=v1.1.0	RNase A untreated total
Ecoli_Lysate_S2_RNaseA_soluble	Escherichia coli	cell lysate	not applicable	2	not available	Ecoli_Lysate_E6	proteomic profiling by mass spectrometry	2	WC_Proteinfolding_FASP_TMT_F3_R2_20170919.raw	v1.1.0	Data-dependent acquisition	NT=Q Exactive;AC=MS:1001911	NT=Trypsin;AC=MS:1001251	NT=TMT129C;AC=PRIDE:0000524	3	not available	not available	not available	NT=Carbamidomethyl;AC=UNIMOD:4;TA=C;MT=Fixed	NT=Oxidation;AC=UNIMOD:35;TA=M;MT=Variable	NT=TMT6plex;AC=UNIMOD:737;TA=K;MT=Fixed	NT=TMT6plex;AC=UNIMOD:737;PP=Any N-term;MT=Fixed	NT=ms-proteomics;VV=v1.1.0	RNase A treated soluble
Ecoli_Lysate_S2_untreated_soluble	Escherichia coli	cell lysate	not applicable	2	not available	Ecoli_Lysate_E6	proteomic profiling by mass spectrometry	2	WC_Proteinfolding_FASP_TMT_F3_R2_20170919.raw	v1.1.0	Data-dependent acquisition	NT=Q Exactive;AC=MS:1001911	NT=Trypsin;AC=MS:1001251	NT=TMT130N;AC=PRIDE:0000528	3	not available	not available	not available	NT=Carbamidomethyl;AC=UNIMOD:4;TA=C;MT=Fixed	NT=Oxidation;AC=UNIMOD:35;TA=M;MT=Variable	NT=TMT6plex;AC=UNIMOD:737;TA=K;MT=Fixed	NT=TMT6plex;AC=UNIMOD:737;PP=Any N-term;MT=Fixed	NT=ms-proteomics;VV=v1.1.0	RNase A untreated soluble
Ecoli_Lysate_S1_RNaseA_total	Escherichia coli	cell lysate	not applicable	1	not available	Ecoli_Lysate_E7	proteomic profiling by mass spectrometry	1	WC_Proteinfolding_FASP_TMT_F4_R1_20170917.raw	v1.1.0	Data-dependent acquisition	NT=Q Exactive;AC=MS:1001911	NT=Trypsin;AC=MS:1001251	NT=TMT126;AC=PRIDE:0000516	4	not available	not available	not available	NT=Carbamidomethyl;AC=UNIMOD:4;TA=C;MT=Fixed	NT=Oxidation;AC=UNIMOD:35;TA=M;MT=Variable	NT=TMT6plex;AC=UNIMOD:737;TA=K;MT=Fixed	NT=TMT6plex;AC=UNIMOD:737;PP=Any N-term;MT=Fixed	NT=ms-proteomics;VV=v1.1.0	RNase A treated total
Ecoli_Lysate_S1_untreated_total	Escherichia coli	cell lysate	not applicable	1	not available	Ecoli_Lysate_E7	proteomic profiling by mass spectrometry	1	WC_Proteinfolding_FASP_TMT_F4_R1_20170917.raw	v1.1.0	Data-dependent acquisition	NT=Q Exactive;AC=MS:1001911	NT=Trypsin;AC=MS:1001251	NT=TMT127N;AC=PRIDE:0000519	4	not available	not available	not available	NT=Carbamidomethyl;AC=UNIMOD:4;TA=C;MT=Fixed	NT=Oxidation;AC=UNIMOD:35;TA=M;MT=Variable	NT=TMT6plex;AC=UNIMOD:737;TA=K;MT=Fixed	NT=TMT6plex;AC=UNIMOD:737;PP=Any N-term;MT=Fixed	NT=ms-proteomics;VV=v1.1.0	RNase A untreated total
Ecoli_Lysate_S1_RNaseA_soluble	Escherichia coli	cell lysate	not applicable	1	not available	Ecoli_Lysate_E7	proteomic profiling by mass spectrometry	1	WC_Proteinfolding_FASP_TMT_F4_R1_20170917.raw	v1.1.0	Data-dependent acquisition	NT=Q Exactive;AC=MS:1001911	NT=Trypsin;AC=MS:1001251	NT=TMT127C;AC=PRIDE:0000518	4	not available	not available	not available	NT=Carbamidomethyl;AC=UNIMOD:4;TA=C;MT=Fixed	NT=Oxidation;AC=UNIMOD:35;TA=M;MT=Variable	NT=TMT6plex;AC=UNIMOD:737;TA=K;MT=Fixed	NT=TMT6plex;AC=UNIMOD:737;PP=Any N-term;MT=Fixed	NT=ms-proteomics;VV=v1.1.0	RNase A treated soluble
Ecoli_Lysate_S1_untreated_soluble	Escherichia coli	cell lysate	not applicable	1	not available	Ecoli_Lysate_E7	proteomic profiling by mass spectrometry	1	WC_Proteinfolding_FASP_TMT_F4_R1_20170917.raw	v1.1.0	Data-dependent acquisition	NT=Q Exactive;AC=MS:1001911	NT=Trypsin;AC=MS:1001251	NT=TMT128N;AC=PRIDE:0000522	4	not available	not available	not available	NT=Carbamidomethyl;AC=UNIMOD:4;TA=C;MT=Fixed	NT=Oxidation;AC=UNIMOD:35;TA=M;MT=Variable	NT=TMT6plex;AC=UNIMOD:737;TA=K;MT=Fixed	NT=TMT6plex;AC=UNIMOD:737;PP=Any N-term;MT=Fixed	NT=ms-proteomics;VV=v1.1.0	RNase A untreated soluble
Ecoli_Lysate_S2_RNaseA_total	Escherichia coli	cell lysate	not applicable	2	not available	Ecoli_Lysate_E7	proteomic profiling by mass spectrometry	1	WC_Proteinfolding_FASP_TMT_F4_R1_20170917.raw	v1.1.0	Data-dependent acquisition	NT=Q Exactive;AC=MS:1001911	NT=Trypsin;AC=MS:1001251	NT=TMT128C;AC=PRIDE:0000521	4	not available	not available	not available	NT=Carbamidomethyl;AC=UNIMOD:4;TA=C;MT=Fixed	NT=Oxidation;AC=UNIMOD:35;TA=M;MT=Variable	NT=TMT6plex;AC=UNIMOD:737;TA=K;MT=Fixed	NT=TMT6plex;AC=UNIMOD:737;PP=Any N-term;MT=Fixed	NT=ms-proteomics;VV=v1.1.0	RNase A treated total
Ecoli_Lysate_S2_untreated_total	Escherichia coli	cell lysate	not applicable	2	not available	Ecoli_Lysate_E7	proteomic profiling by mass spectrometry	1	WC_Proteinfolding_FASP_TMT_F4_R1_20170917.raw	v1.1.0	Data-dependent acquisition	NT=Q Exactive;AC=MS:1001911	NT=Trypsin;AC=MS:1001251	NT=TMT129N;AC=PRIDE:0000525	4	not available	not available	not available	NT=Carbamidomethyl;AC=UNIMOD:4;TA=C;MT=Fixed	NT=Oxidation;AC=UNIMOD:35;TA=M;MT=Variable	NT=TMT6plex;AC=UNIMOD:737;TA=K;MT=Fixed	NT=TMT6plex;AC=UNIMOD:737;PP=Any N-term;MT=Fixed	NT=ms-proteomics;VV=v1.1.0	RNase A untreated total
Ecoli_Lysate_S2_RNaseA_soluble	Escherichia coli	cell lysate	not applicable	2	not available	Ecoli_Lysate_E7	proteomic profiling by mass spectrometry	1	WC_Proteinfolding_FASP_TMT_F4_R1_20170917.raw	v1.1.0	Data-dependent acquisition	NT=Q Exactive;AC=MS:1001911	NT=Trypsin;AC=MS:1001251	NT=TMT129C;AC=PRIDE:0000524	4	not available	not available	not available	NT=Carbamidomethyl;AC=UNIMOD:4;TA=C;MT=Fixed	NT=Oxidation;AC=UNIMOD:35;TA=M;MT=Variable	NT=TMT6plex;AC=UNIMOD:737;TA=K;MT=Fixed	NT=TMT6plex;AC=UNIMOD:737;PP=Any N-term;MT=Fixed	NT=ms-proteomics;VV=v1.1.0	RNase A treated soluble
Ecoli_Lysate_S2_untreated_soluble	Escherichia coli	cell lysate	not applicable	2	not available	Ecoli_Lysate_E7	proteomic profiling by mass spectrometry	1	WC_Proteinfolding_FASP_TMT_F4_R1_20170917.raw	v1.1.0	Data-dependent acquisition	NT=Q Exactive;AC=MS:1001911	NT=Trypsin;AC=MS:1001251	NT=TMT130N;AC=PRIDE:0000528	4	not available	not available	not available	NT=Carbamidomethyl;AC=UNIMOD:4;TA=C;MT=Fixed	NT=Oxidation;AC=UNIMOD:35;TA=M;MT=Variable	NT=TMT6plex;AC=UNIMOD:737;TA=K;MT=Fixed	NT=TMT6plex;AC=UNIMOD:737;PP=Any N-term;MT=Fixed	NT=ms-proteomics;VV=v1.1.0	RNase A untreated soluble
Ecoli_Lysate_S1_RNaseA_total	Escherichia coli	cell lysate	not applicable	1	not available	Ecoli_Lysate_E8	proteomic profiling by mass spectrometry	2	WC_Proteinfolding_FASP_TMT_F4_R2_20170919.raw	v1.1.0	Data-dependent acquisition	NT=Q Exactive;AC=MS:1001911	NT=Trypsin;AC=MS:1001251	NT=TMT126;AC=PRIDE:0000516	4	not available	not available	not available	NT=Carbamidomethyl;AC=UNIMOD:4;TA=C;MT=Fixed	NT=Oxidation;AC=UNIMOD:35;TA=M;MT=Variable	NT=TMT6plex;AC=UNIMOD:737;TA=K;MT=Fixed	NT=TMT6plex;AC=UNIMOD:737;PP=Any N-term;MT=Fixed	NT=ms-proteomics;VV=v1.1.0	RNase A treated total
Ecoli_Lysate_S1_untreated_total	Escherichia coli	cell lysate	not applicable	1	not available	Ecoli_Lysate_E8	proteomic profiling by mass spectrometry	2	WC_Proteinfolding_FASP_TMT_F4_R2_20170919.raw	v1.1.0	Data-dependent acquisition	NT=Q Exactive;AC=MS:1001911	NT=Trypsin;AC=MS:1001251	NT=TMT127N;AC=PRIDE:0000519	4	not available	not available	not available	NT=Carbamidomethyl;AC=UNIMOD:4;TA=C;MT=Fixed	NT=Oxidation;AC=UNIMOD:35;TA=M;MT=Variable	NT=TMT6plex;AC=UNIMOD:737;TA=K;MT=Fixed	NT=TMT6plex;AC=UNIMOD:737;PP=Any N-term;MT=Fixed	NT=ms-proteomics;VV=v1.1.0	RNase A untreated total
Ecoli_Lysate_S1_RNaseA_soluble	Escherichia coli	cell lysate	not applicable	1	not available	Ecoli_Lysate_E8	proteomic profiling by mass spectrometry	2	WC_Proteinfolding_FASP_TMT_F4_R2_20170919.raw	v1.1.0	Data-dependent acquisition	NT=Q Exactive;AC=MS:1001911	NT=Trypsin;AC=MS:1001251	NT=TMT127C;AC=PRIDE:0000518	4	not available	not available	not available	NT=Carbamidomethyl;AC=UNIMOD:4;TA=C;MT=Fixed	NT=Oxidation;AC=UNIMOD:35;TA=M;MT=Variable	NT=TMT6plex;AC=UNIMOD:737;TA=K;MT=Fixed	NT=TMT6plex;AC=UNIMOD:737;PP=Any N-term;MT=Fixed	NT=ms-proteomics;VV=v1.1.0	RNase A treated soluble
Ecoli_Lysate_S1_untreated_soluble	Escherichia coli	cell lysate	not applicable	1	not available	Ecoli_Lysate_E8	proteomic profiling by mass spectrometry	2	WC_Proteinfolding_FASP_TMT_F4_R2_20170919.raw	v1.1.0	Data-dependent acquisition	NT=Q Exactive;AC=MS:1001911	NT=Trypsin;AC=MS:1001251	NT=TMT128N;AC=PRIDE:0000522	4	not available	not available	not available	NT=Carbamidomethyl;AC=UNIMOD:4;TA=C;MT=Fixed	NT=Oxidation;AC=UNIMOD:35;TA=M;MT=Variable	NT=TMT6plex;AC=UNIMOD:737;TA=K;MT=Fixed	NT=TMT6plex;AC=UNIMOD:737;PP=Any N-term;MT=Fixed	NT=ms-proteomics;VV=v1.1.0	RNase A untreated soluble
Ecoli_Lysate_S2_RNaseA_total	Escherichia coli	cell lysate	not applicable	2	not available	Ecoli_Lysate_E8	proteomic profiling by mass spectrometry	2	WC_Proteinfolding_FASP_TMT_F4_R2_20170919.raw	v1.1.0	Data-dependent acquisition	NT=Q Exactive;AC=MS:1001911	NT=Trypsin;AC=MS:1001251	NT=TMT128C;AC=PRIDE:0000521	4	not available	not available	not available	NT=Carbamidomethyl;AC=UNIMOD:4;TA=C;MT=Fixed	NT=Oxidation;AC=UNIMOD:35;TA=M;MT=Variable	NT=TMT6plex;AC=UNIMOD:737;TA=K;MT=Fixed	NT=TMT6plex;AC=UNIMOD:737;PP=Any N-term;MT=Fixed	NT=ms-proteomics;VV=v1.1.0	RNase A treated total
Ecoli_Lysate_S2_untreated_total	Escherichia coli	cell lysate	not applicable	2	not available	Ecoli_Lysate_E8	proteomic profiling by mass spectrometry	2	WC_Proteinfolding_FASP_TMT_F4_R2_20170919.raw	v1.1.0	Data-dependent acquisition	NT=Q Exactive;AC=MS:1001911	NT=Trypsin;AC=MS:1001251	NT=TMT129N;AC=PRIDE:0000525	4	not available	not available	not available	NT=Carbamidomethyl;AC=UNIMOD:4;TA=C;MT=Fixed	NT=Oxidation;AC=UNIMOD:35;TA=M;MT=Variable	NT=TMT6plex;AC=UNIMOD:737;TA=K;MT=Fixed	NT=TMT6plex;AC=UNIMOD:737;PP=Any N-term;MT=Fixed	NT=ms-proteomics;VV=v1.1.0	RNase A untreated total
Ecoli_Lysate_S2_RNaseA_soluble	Escherichia coli	cell lysate	not applicable	2	not available	Ecoli_Lysate_E8	proteomic profiling by mass spectrometry	2	WC_Proteinfolding_FASP_TMT_F4_R2_20170919.raw	v1.1.0	Data-dependent acquisition	NT=Q Exactive;AC=MS:1001911	NT=Trypsin;AC=MS:1001251	NT=TMT129C;AC=PRIDE:0000524	4	not available	not available	not available	NT=Carbamidomethyl;AC=UNIMOD:4;TA=C;MT=Fixed	NT=Oxidation;AC=UNIMOD:35;TA=M;MT=Variable	NT=TMT6plex;AC=UNIMOD:737;TA=K;MT=Fixed	NT=TMT6plex;AC=UNIMOD:737;PP=Any N-term;MT=Fixed	NT=ms-proteomics;VV=v1.1.0	RNase A treated soluble
Ecoli_Lysate_S2_untreated_soluble	Escherichia coli	cell lysate	not applicable	2	not available	Ecoli_Lysate_E8	proteomic profiling by mass spectrometry	2	WC_Proteinfolding_FASP_TMT_F4_R2_20170919.raw	v1.1.0	Data-dependent acquisition	NT=Q Exactive;AC=MS:1001911	NT=Trypsin;AC=MS:1001251	NT=TMT130N;AC=PRIDE:0000528	4	not available	not available	not available	NT=Carbamidomethyl;AC=UNIMOD:4;TA=C;MT=Fixed	NT=Oxidation;AC=UNIMOD:35;TA=M;MT=Variable	NT=TMT6plex;AC=UNIMOD:737;TA=K;MT=Fixed	NT=TMT6plex;AC=UNIMOD:737;PP=Any N-term;MT=Fixed	NT=ms-proteomics;VV=v1.1.0	RNase A untreated soluble
Ecoli_Lysate_S1_RNaseA_total	Escherichia coli	cell lysate	not applicable	1	not available	Ecoli_Lysate_E9	proteomic profiling by mass spectrometry	1	WC_Proteinfolding_FASP_TMT_F5_R1_20170917.raw	v1.1.0	Data-dependent acquisition	NT=Q Exactive;AC=MS:1001911	NT=Trypsin;AC=MS:1001251	NT=TMT126;AC=PRIDE:0000516	5	not available	not available	not available	NT=Carbamidomethyl;AC=UNIMOD:4;TA=C;MT=Fixed	NT=Oxidation;AC=UNIMOD:35;TA=M;MT=Variable	NT=TMT6plex;AC=UNIMOD:737;TA=K;MT=Fixed	NT=TMT6plex;AC=UNIMOD:737;PP=Any N-term;MT=Fixed	NT=ms-proteomics;VV=v1.1.0	RNase A treated total
Ecoli_Lysate_S1_untreated_total	Escherichia coli	cell lysate	not applicable	1	not available	Ecoli_Lysate_E9	proteomic profiling by mass spectrometry	1	WC_Proteinfolding_FASP_TMT_F5_R1_20170917.raw	v1.1.0	Data-dependent acquisition	NT=Q Exactive;AC=MS:1001911	NT=Trypsin;AC=MS:1001251	NT=TMT127N;AC=PRIDE:0000519	5	not available	not available	not available	NT=Carbamidomethyl;AC=UNIMOD:4;TA=C;MT=Fixed	NT=Oxidation;AC=UNIMOD:35;TA=M;MT=Variable	NT=TMT6plex;AC=UNIMOD:737;TA=K;MT=Fixed	NT=TMT6plex;AC=UNIMOD:737;PP=Any N-term;MT=Fixed	NT=ms-proteomics;VV=v1.1.0	RNase A untreated total
Ecoli_Lysate_S1_RNaseA_soluble	Escherichia coli	cell lysate	not applicable	1	not available	Ecoli_Lysate_E9	proteomic profiling by mass spectrometry	1	WC_Proteinfolding_FASP_TMT_F5_R1_20170917.raw	v1.1.0	Data-dependent acquisition	NT=Q Exactive;AC=MS:1001911	NT=Trypsin;AC=MS:1001251	NT=TMT127C;AC=PRIDE:0000518	5	not available	not available	not available	NT=Carbamidomethyl;AC=UNIMOD:4;TA=C;MT=Fixed	NT=Oxidation;AC=UNIMOD:35;TA=M;MT=Variable	NT=TMT6plex;AC=UNIMOD:737;TA=K;MT=Fixed	NT=TMT6plex;AC=UNIMOD:737;PP=Any N-term;MT=Fixed	NT=ms-proteomics;VV=v1.1.0	RNase A treated soluble
Ecoli_Lysate_S1_untreated_soluble	Escherichia coli	cell lysate	not applicable	1	not available	Ecoli_Lysate_E9	proteomic profiling by mass spectrometry	1	WC_Proteinfolding_FASP_TMT_F5_R1_20170917.raw	v1.1.0	Data-dependent acquisition	NT=Q Exactive;AC=MS:1001911	NT=Trypsin;AC=MS:1001251	NT=TMT128N;AC=PRIDE:0000522	5	not available	not available	not available	NT=Carbamidomethyl;AC=UNIMOD:4;TA=C;MT=Fixed	NT=Oxidation;AC=UNIMOD:35;TA=M;MT=Variable	NT=TMT6plex;AC=UNIMOD:737;TA=K;MT=Fixed	NT=TMT6plex;AC=UNIMOD:737;PP=Any N-term;MT=Fixed	NT=ms-proteomics;VV=v1.1.0	RNase A untreated soluble
Ecoli_Lysate_S2_RNaseA_total	Escherichia coli	cell lysate	not applicable	2	not available	Ecoli_Lysate_E9	proteomic profiling by mass spectrometry	1	WC_Proteinfolding_FASP_TMT_F5_R1_20170917.raw	v1.1.0	Data-dependent acquisition	NT=Q Exactive;AC=MS:1001911	NT=Trypsin;AC=MS:1001251	NT=TMT128C;AC=PRIDE:0000521	5	not available	not available	not available	NT=Carbamidomethyl;AC=UNIMOD:4;TA=C;MT=Fixed	NT=Oxidation;AC=UNIMOD:35;TA=M;MT=Variable	NT=TMT6plex;AC=UNIMOD:737;TA=K;MT=Fixed	NT=TMT6plex;AC=UNIMOD:737;PP=Any N-term;MT=Fixed	NT=ms-proteomics;VV=v1.1.0	RNase A treated total
Ecoli_Lysate_S2_untreated_total	Escherichia coli	cell lysate	not applicable	2	not available	Ecoli_Lysate_E9	proteomic profiling by mass spectrometry	1	WC_Proteinfolding_FASP_TMT_F5_R1_20170917.raw	v1.1.0	Data-dependent acquisition	NT=Q Exactive;AC=MS:1001911	NT=Trypsin;AC=MS:1001251	NT=TMT129N;AC=PRIDE:0000525	5	not available	not available	not available	NT=Carbamidomethyl;AC=UNIMOD:4;TA=C;MT=Fixed	NT=Oxidation;AC=UNIMOD:35;TA=M;MT=Variable	NT=TMT6plex;AC=UNIMOD:737;TA=K;MT=Fixed	NT=TMT6plex;AC=UNIMOD:737;PP=Any N-term;MT=Fixed	NT=ms-proteomics;VV=v1.1.0	RNase A untreated total
Ecoli_Lysate_S2_RNaseA_soluble	Escherichia coli	cell lysate	not applicable	2	not available	Ecoli_Lysate_E9	proteomic profiling by mass spectrometry	1	WC_Proteinfolding_FASP_TMT_F5_R1_20170917.raw	v1.1.0	Data-dependent acquisition	NT=Q Exactive;AC=MS:1001911	NT=Trypsin;AC=MS:1001251	NT=TMT129C;AC=PRIDE:0000524	5	not available	not available	not available	NT=Carbamidomethyl;AC=UNIMOD:4;TA=C;MT=Fixed	NT=Oxidation;AC=UNIMOD:35;TA=M;MT=Variable	NT=TMT6plex;AC=UNIMOD:737;TA=K;MT=Fixed	NT=TMT6plex;AC=UNIMOD:737;PP=Any N-term;MT=Fixed	NT=ms-proteomics;VV=v1.1.0	RNase A treated soluble
Ecoli_Lysate_S2_untreated_soluble	Escherichia coli	cell lysate	not applicable	2	not available	Ecoli_Lysate_E9	proteomic profiling by mass spectrometry	1	WC_Proteinfolding_FASP_TMT_F5_R1_20170917.raw	v1.1.0	Data-dependent acquisition	NT=Q Exactive;AC=MS:1001911	NT=Trypsin;AC=MS:1001251	NT=TMT130N;AC=PRIDE:0000528	5	not available	not available	not available	NT=Carbamidomethyl;AC=UNIMOD:4;TA=C;MT=Fixed	NT=Oxidation;AC=UNIMOD:35;TA=M;MT=Variable	NT=TMT6plex;AC=UNIMOD:737;TA=K;MT=Fixed	NT=TMT6plex;AC=UNIMOD:737;PP=Any N-term;MT=Fixed	NT=ms-proteomics;VV=v1.1.0	RNase A untreated soluble
Ecoli_Lysate_S1_RNaseA_total	Escherichia coli	cell lysate	not applicable	1	not available	Ecoli_Lysate_E10	proteomic profiling by mass spectrometry	2	WC_Proteinfolding_FASP_TMT_F5_R2_20170919.raw	v1.1.0	Data-dependent acquisition	NT=Q Exactive;AC=MS:1001911	NT=Trypsin;AC=MS:1001251	NT=TMT126;AC=PRIDE:0000516	5	not available	not available	not available	NT=Carbamidomethyl;AC=UNIMOD:4;TA=C;MT=Fixed	NT=Oxidation;AC=UNIMOD:35;TA=M;MT=Variable	NT=TMT6plex;AC=UNIMOD:737;TA=K;MT=Fixed	NT=TMT6plex;AC=UNIMOD:737;PP=Any N-term;MT=Fixed	NT=ms-proteomics;VV=v1.1.0	RNase A treated total
Ecoli_Lysate_S1_untreated_total	Escherichia coli	cell lysate	not applicable	1	not available	Ecoli_Lysate_E10	proteomic profiling by mass spectrometry	2	WC_Proteinfolding_FASP_TMT_F5_R2_20170919.raw	v1.1.0	Data-dependent acquisition	NT=Q Exactive;AC=MS:1001911	NT=Trypsin;AC=MS:1001251	NT=TMT127N;AC=PRIDE:0000519	5	not available	not available	not available	NT=Carbamidomethyl;AC=UNIMOD:4;TA=C;MT=Fixed	NT=Oxidation;AC=UNIMOD:35;TA=M;MT=Variable	NT=TMT6plex;AC=UNIMOD:737;TA=K;MT=Fixed	NT=TMT6plex;AC=UNIMOD:737;PP=Any N-term;MT=Fixed	NT=ms-proteomics;VV=v1.1.0	RNase A untreated total
Ecoli_Lysate_S1_RNaseA_soluble	Escherichia coli	cell lysate	not applicable	1	not available	Ecoli_Lysate_E10	proteomic profiling by mass spectrometry	2	WC_Proteinfolding_FASP_TMT_F5_R2_20170919.raw	v1.1.0	Data-dependent acquisition	NT=Q Exactive;AC=MS:1001911	NT=Trypsin;AC=MS:1001251	NT=TMT127C;AC=PRIDE:0000518	5	not available	not available	not available	NT=Carbamidomethyl;AC=UNIMOD:4;TA=C;MT=Fixed	NT=Oxidation;AC=UNIMOD:35;TA=M;MT=Variable	NT=TMT6plex;AC=UNIMOD:737;TA=K;MT=Fixed	NT=TMT6plex;AC=UNIMOD:737;PP=Any N-term;MT=Fixed	NT=ms-proteomics;VV=v1.1.0	RNase A treated soluble
Ecoli_Lysate_S1_untreated_soluble	Escherichia coli	cell lysate	not applicable	1	not available	Ecoli_Lysate_E10	proteomic profiling by mass spectrometry	2	WC_Proteinfolding_FASP_TMT_F5_R2_20170919.raw	v1.1.0	Data-dependent acquisition	NT=Q Exactive;AC=MS:1001911	NT=Trypsin;AC=MS:1001251	NT=TMT128N;AC=PRIDE:0000522	5	not available	not available	not available	NT=Carbamidomethyl;AC=UNIMOD:4;TA=C;MT=Fixed	NT=Oxidation;AC=UNIMOD:35;TA=M;MT=Variable	NT=TMT6plex;AC=UNIMOD:737;TA=K;MT=Fixed	NT=TMT6plex;AC=UNIMOD:737;PP=Any N-term;MT=Fixed	NT=ms-proteomics;VV=v1.1.0	RNase A untreated soluble
Ecoli_Lysate_S2_RNaseA_total	Escherichia coli	cell lysate	not applicable	2	not available	Ecoli_Lysate_E10	proteomic profiling by mass spectrometry	2	WC_Proteinfolding_FASP_TMT_F5_R2_20170919.raw	v1.1.0	Data-dependent acquisition	NT=Q Exactive;AC=MS:1001911	NT=Trypsin;AC=MS:1001251	NT=TMT128C;AC=PRIDE:0000521	5	not available	not available	not available	NT=Carbamidomethyl;AC=UNIMOD:4;TA=C;MT=Fixed	NT=Oxidation;AC=UNIMOD:35;TA=M;MT=Variable	NT=TMT6plex;AC=UNIMOD:737;TA=K;MT=Fixed	NT=TMT6plex;AC=UNIMOD:737;PP=Any N-term;MT=Fixed	NT=ms-proteomics;VV=v1.1.0	RNase A treated total
Ecoli_Lysate_S2_untreated_total	Escherichia coli	cell lysate	not applicable	2	not available	Ecoli_Lysate_E10	proteomic profiling by mass spectrometry	2	WC_Proteinfolding_FASP_TMT_F5_R2_20170919.raw	v1.1.0	Data-dependent acquisition	NT=Q Exactive;AC=MS:1001911	NT=Trypsin;AC=MS:1001251	NT=TMT129N;AC=PRIDE:0000525	5	not available	not available	not available	NT=Carbamidomethyl;AC=UNIMOD:4;TA=C;MT=Fixed	NT=Oxidation;AC=UNIMOD:35;TA=M;MT=Variable	NT=TMT6plex;AC=UNIMOD:737;TA=K;MT=Fixed	NT=TMT6plex;AC=UNIMOD:737;PP=Any N-term;MT=Fixed	NT=ms-proteomics;VV=v1.1.0	RNase A untreated total
Ecoli_Lysate_S2_RNaseA_soluble	Escherichia coli	cell lysate	not applicable	2	not available	Ecoli_Lysate_E10	proteomic profiling by mass spectrometry	2	WC_Proteinfolding_FASP_TMT_F5_R2_20170919.raw	v1.1.0	Data-dependent acquisition	NT=Q Exactive;AC=MS:1001911	NT=Trypsin;AC=MS:1001251	NT=TMT129C;AC=PRIDE:0000524	5	not available	not available	not available	NT=Carbamidomethyl;AC=UNIMOD:4;TA=C;MT=Fixed	NT=Oxidation;AC=UNIMOD:35;TA=M;MT=Variable	NT=TMT6plex;AC=UNIMOD:737;TA=K;MT=Fixed	NT=TMT6plex;AC=UNIMOD:737;PP=Any N-term;MT=Fixed	NT=ms-proteomics;VV=v1.1.0	RNase A treated soluble
Ecoli_Lysate_S2_untreated_soluble	Escherichia coli	cell lysate	not applicable	2	not available	Ecoli_Lysate_E10	proteomic profiling by mass spectrometry	2	WC_Proteinfolding_FASP_TMT_F5_R2_20170919.raw	v1.1.0	Data-dependent acquisition	NT=Q Exactive;AC=MS:1001911	NT=Trypsin;AC=MS:1001251	NT=TMT130N;AC=PRIDE:0000528	5	not available	not available	not available	NT=Carbamidomethyl;AC=UNIMOD:4;TA=C;MT=Fixed	NT=Oxidation;AC=UNIMOD:35;TA=M;MT=Variable	NT=TMT6plex;AC=UNIMOD:737;TA=K;MT=Fixed	NT=TMT6plex;AC=UNIMOD:737;PP=Any N-term;MT=Fixed	NT=ms-proteomics;VV=v1.1.0	RNase A untreated soluble
Ecoli_Lysate_S1_RNaseA_total	Escherichia coli	cell lysate	not applicable	1	not available	Ecoli_Lysate_E11	proteomic profiling by mass spectrometry	1	WC_Proteinfolding_FASP_TMT_F6_R1_20170917.raw	v1.1.0	Data-dependent acquisition	NT=Q Exactive;AC=MS:1001911	NT=Trypsin;AC=MS:1001251	NT=TMT126;AC=PRIDE:0000516	6	not available	not available	not available	NT=Carbamidomethyl;AC=UNIMOD:4;TA=C;MT=Fixed	NT=Oxidation;AC=UNIMOD:35;TA=M;MT=Variable	NT=TMT6plex;AC=UNIMOD:737;TA=K;MT=Fixed	NT=TMT6plex;AC=UNIMOD:737;PP=Any N-term;MT=Fixed	NT=ms-proteomics;VV=v1.1.0	RNase A treated total
Ecoli_Lysate_S1_untreated_total	Escherichia coli	cell lysate	not applicable	1	not available	Ecoli_Lysate_E11	proteomic profiling by mass spectrometry	1	WC_Proteinfolding_FASP_TMT_F6_R1_20170917.raw	v1.1.0	Data-dependent acquisition	NT=Q Exactive;AC=MS:1001911	NT=Trypsin;AC=MS:1001251	NT=TMT127N;AC=PRIDE:0000519	6	not available	not available	not available	NT=Carbamidomethyl;AC=UNIMOD:4;TA=C;MT=Fixed	NT=Oxidation;AC=UNIMOD:35;TA=M;MT=Variable	NT=TMT6plex;AC=UNIMOD:737;TA=K;MT=Fixed	NT=TMT6plex;AC=UNIMOD:737;PP=Any N-term;MT=Fixed	NT=ms-proteomics;VV=v1.1.0	RNase A untreated total
Ecoli_Lysate_S1_RNaseA_soluble	Escherichia coli	cell lysate	not applicable	1	not available	Ecoli_Lysate_E11	proteomic profiling by mass spectrometry	1	WC_Proteinfolding_FASP_TMT_F6_R1_20170917.raw	v1.1.0	Data-dependent acquisition	NT=Q Exactive;AC=MS:1001911	NT=Trypsin;AC=MS:1001251	NT=TMT127C;AC=PRIDE:0000518	6	not available	not available	not available	NT=Carbamidomethyl;AC=UNIMOD:4;TA=C;MT=Fixed	NT=Oxidation;AC=UNIMOD:35;TA=M;MT=Variable	NT=TMT6plex;AC=UNIMOD:737;TA=K;MT=Fixed	NT=TMT6plex;AC=UNIMOD:737;PP=Any N-term;MT=Fixed	NT=ms-proteomics;VV=v1.1.0	RNase A treated soluble
Ecoli_Lysate_S1_untreated_soluble	Escherichia coli	cell lysate	not applicable	1	not available	Ecoli_Lysate_E11	proteomic profiling by mass spectrometry	1	WC_Proteinfolding_FASP_TMT_F6_R1_20170917.raw	v1.1.0	Data-dependent acquisition	NT=Q Exactive;AC=MS:1001911	NT=Trypsin;AC=MS:1001251	NT=TMT128N;AC=PRIDE:0000522	6	not available	not available	not available	NT=Carbamidomethyl;AC=UNIMOD:4;TA=C;MT=Fixed	NT=Oxidation;AC=UNIMOD:35;TA=M;MT=Variable	NT=TMT6plex;AC=UNIMOD:737;TA=K;MT=Fixed	NT=TMT6plex;AC=UNIMOD:737;PP=Any N-term;MT=Fixed	NT=ms-proteomics;VV=v1.1.0	RNase A untreated soluble
Ecoli_Lysate_S2_RNaseA_total	Escherichia coli	cell lysate	not applicable	2	not available	Ecoli_Lysate_E11	proteomic profiling by mass spectrometry	1	WC_Proteinfolding_FASP_TMT_F6_R1_20170917.raw	v1.1.0	Data-dependent acquisition	NT=Q Exactive;AC=MS:1001911	NT=Trypsin;AC=MS:1001251	NT=TMT128C;AC=PRIDE:0000521	6	not available	not available	not available	NT=Carbamidomethyl;AC=UNIMOD:4;TA=C;MT=Fixed	NT=Oxidation;AC=UNIMOD:35;TA=M;MT=Variable	NT=TMT6plex;AC=UNIMOD:737;TA=K;MT=Fixed	NT=TMT6plex;AC=UNIMOD:737;PP=Any N-term;MT=Fixed	NT=ms-proteomics;VV=v1.1.0	RNase A treated total
Ecoli_Lysate_S2_untreated_total	Escherichia coli	cell lysate	not applicable	2	not available	Ecoli_Lysate_E11	proteomic profiling by mass spectrometry	1	WC_Proteinfolding_FASP_TMT_F6_R1_20170917.raw	v1.1.0	Data-dependent acquisition	NT=Q Exactive;AC=MS:1001911	NT=Trypsin;AC=MS:1001251	NT=TMT129N;AC=PRIDE:0000525	6	not available	not available	not available	NT=Carbamidomethyl;AC=UNIMOD:4;TA=C;MT=Fixed	NT=Oxidation;AC=UNIMOD:35;TA=M;MT=Variable	NT=TMT6plex;AC=UNIMOD:737;TA=K;MT=Fixed	NT=TMT6plex;AC=UNIMOD:737;PP=Any N-term;MT=Fixed	NT=ms-proteomics;VV=v1.1.0	RNase A untreated total
Ecoli_Lysate_S2_RNaseA_soluble	Escherichia coli	cell lysate	not applicable	2	not available	Ecoli_Lysate_E11	proteomic profiling by mass spectrometry	1	WC_Proteinfolding_FASP_TMT_F6_R1_20170917.raw	v1.1.0	Data-dependent acquisition	NT=Q Exactive;AC=MS:1001911	NT=Trypsin;AC=MS:1001251	NT=TMT129C;AC=PRIDE:0000524	6	not available	not available	not available	NT=Carbamidomethyl;AC=UNIMOD:4;TA=C;MT=Fixed	NT=Oxidation;AC=UNIMOD:35;TA=M;MT=Variable	NT=TMT6plex;AC=UNIMOD:737;TA=K;MT=Fixed	NT=TMT6plex;AC=UNIMOD:737;PP=Any N-term;MT=Fixed	NT=ms-proteomics;VV=v1.1.0	RNase A treated soluble
Ecoli_Lysate_S2_untreated_soluble	Escherichia coli	cell lysate	not applicable	2	not available	Ecoli_Lysate_E11	proteomic profiling by mass spectrometry	1	WC_Proteinfolding_FASP_TMT_F6_R1_20170917.raw	v1.1.0	Data-dependent acquisition	NT=Q Exactive;AC=MS:1001911	NT=Trypsin;AC=MS:1001251	NT=TMT130N;AC=PRIDE:0000528	6	not available	not available	not available	NT=Carbamidomethyl;AC=UNIMOD:4;TA=C;MT=Fixed	NT=Oxidation;AC=UNIMOD:35;TA=M;MT=Variable	NT=TMT6plex;AC=UNIMOD:737;TA=K;MT=Fixed	NT=TMT6plex;AC=UNIMOD:737;PP=Any N-term;MT=Fixed	NT=ms-proteomics;VV=v1.1.0	RNase A untreated soluble
Ecoli_Lysate_S1_RNaseA_total	Escherichia coli	cell lysate	not applicable	1	not available	Ecoli_Lysate_E12	proteomic profiling by mass spectrometry	2	WC_Proteinfolding_FASP_TMT_F6_R2_20170919.raw	v1.1.0	Data-dependent acquisition	NT=Q Exactive;AC=MS:1001911	NT=Trypsin;AC=MS:1001251	NT=TMT126;AC=PRIDE:0000516	6	not available	not available	not available	NT=Carbamidomethyl;AC=UNIMOD:4;TA=C;MT=Fixed	NT=Oxidation;AC=UNIMOD:35;TA=M;MT=Variable	NT=TMT6plex;AC=UNIMOD:737;TA=K;MT=Fixed	NT=TMT6plex;AC=UNIMOD:737;PP=Any N-term;MT=Fixed	NT=ms-proteomics;VV=v1.1.0	RNase A treated total
Ecoli_Lysate_S1_untreated_total	Escherichia coli	cell lysate	not applicable	1	not available	Ecoli_Lysate_E12	proteomic profiling by mass spectrometry	2	WC_Proteinfolding_FASP_TMT_F6_R2_20170919.raw	v1.1.0	Data-dependent acquisition	NT=Q Exactive;AC=MS:1001911	NT=Trypsin;AC=MS:1001251	NT=TMT127N;AC=PRIDE:0000519	6	not available	not available	not available	NT=Carbamidomethyl;AC=UNIMOD:4;TA=C;MT=Fixed	NT=Oxidation;AC=UNIMOD:35;TA=M;MT=Variable	NT=TMT6plex;AC=UNIMOD:737;TA=K;MT=Fixed	NT=TMT6plex;AC=UNIMOD:737;PP=Any N-term;MT=Fixed	NT=ms-proteomics;VV=v1.1.0	RNase A untreated total
Ecoli_Lysate_S1_RNaseA_soluble	Escherichia coli	cell lysate	not applicable	1	not available	Ecoli_Lysate_E12	proteomic profiling by mass spectrometry	2	WC_Proteinfolding_FASP_TMT_F6_R2_20170919.raw	v1.1.0	Data-dependent acquisition	NT=Q Exactive;AC=MS:1001911	NT=Trypsin;AC=MS:1001251	NT=TMT127C;AC=PRIDE:0000518	6	not available	not available	not available	NT=Carbamidomethyl;AC=UNIMOD:4;TA=C;MT=Fixed	NT=Oxidation;AC=UNIMOD:35;TA=M;MT=Variable	NT=TMT6plex;AC=UNIMOD:737;TA=K;MT=Fixed	NT=TMT6plex;AC=UNIMOD:737;PP=Any N-term;MT=Fixed	NT=ms-proteomics;VV=v1.1.0	RNase A treated soluble
Ecoli_Lysate_S1_untreated_soluble	Escherichia coli	cell lysate	not applicable	1	not available	Ecoli_Lysate_E12	proteomic profiling by mass spectrometry	2	WC_Proteinfolding_FASP_TMT_F6_R2_20170919.raw	v1.1.0	Data-dependent acquisition	NT=Q Exactive;AC=MS:1001911	NT=Trypsin;AC=MS:1001251	NT=TMT128N;AC=PRIDE:0000522	6	not available	not available	not available	NT=Carbamidomethyl;AC=UNIMOD:4;TA=C;MT=Fixed	NT=Oxidation;AC=UNIMOD:35;TA=M;MT=Variable	NT=TMT6plex;AC=UNIMOD:737;TA=K;MT=Fixed	NT=TMT6plex;AC=UNIMOD:737;PP=Any N-term;MT=Fixed	NT=ms-proteomics;VV=v1.1.0	RNase A untreated soluble
Ecoli_Lysate_S2_RNaseA_total	Escherichia coli	cell lysate	not applicable	2	not available	Ecoli_Lysate_E12	proteomic profiling by mass spectrometry	2	WC_Proteinfolding_FASP_TMT_F6_R2_20170919.raw	v1.1.0	Data-dependent acquisition	NT=Q Exactive;AC=MS:1001911	NT=Trypsin;AC=MS:1001251	NT=TMT128C;AC=PRIDE:0000521	6	not available	not available	not available	NT=Carbamidomethyl;AC=UNIMOD:4;TA=C;MT=Fixed	NT=Oxidation;AC=UNIMOD:35;TA=M;MT=Variable	NT=TMT6plex;AC=UNIMOD:737;TA=K;MT=Fixed	NT=TMT6plex;AC=UNIMOD:737;PP=Any N-term;MT=Fixed	NT=ms-proteomics;VV=v1.1.0	RNase A treated total
Ecoli_Lysate_S2_untreated_total	Escherichia coli	cell lysate	not applicable	2	not available	Ecoli_Lysate_E12	proteomic profiling by mass spectrometry	2	WC_Proteinfolding_FASP_TMT_F6_R2_20170919.raw	v1.1.0	Data-dependent acquisition	NT=Q Exactive;AC=MS:1001911	NT=Trypsin;AC=MS:1001251	NT=TMT129N;AC=PRIDE:0000525	6	not available	not available	not available	NT=Carbamidomethyl;AC=UNIMOD:4;TA=C;MT=Fixed	NT=Oxidation;AC=UNIMOD:35;TA=M;MT=Variable	NT=TMT6plex;AC=UNIMOD:737;TA=K;MT=Fixed	NT=TMT6plex;AC=UNIMOD:737;PP=Any N-term;MT=Fixed	NT=ms-proteomics;VV=v1.1.0	RNase A untreated total
Ecoli_Lysate_S2_RNaseA_soluble	Escherichia coli	cell lysate	not applicable	2	not available	Ecoli_Lysate_E12	proteomic profiling by mass spectrometry	2	WC_Proteinfolding_FASP_TMT_F6_R2_20170919.raw	v1.1.0	Data-dependent acquisition	NT=Q Exactive;AC=MS:1001911	NT=Trypsin;AC=MS:1001251	NT=TMT129C;AC=PRIDE:0000524	6	not available	not available	not available	NT=Carbamidomethyl;AC=UNIMOD:4;TA=C;MT=Fixed	NT=Oxidation;AC=UNIMOD:35;TA=M;MT=Variable	NT=TMT6plex;AC=UNIMOD:737;TA=K;MT=Fixed	NT=TMT6plex;AC=UNIMOD:737;PP=Any N-term;MT=Fixed	NT=ms-proteomics;VV=v1.1.0	RNase A treated soluble
Ecoli_Lysate_S2_untreated_soluble	Escherichia coli	cell lysate	not applicable	2	not available	Ecoli_Lysate_E12	proteomic profiling by mass spectrometry	2	WC_Proteinfolding_FASP_TMT_F6_R2_20170919.raw	v1.1.0	Data-dependent acquisition	NT=Q Exactive;AC=MS:1001911	NT=Trypsin;AC=MS:1001251	NT=TMT130N;AC=PRIDE:0000528	6	not available	not available	not available	NT=Carbamidomethyl;AC=UNIMOD:4;TA=C;MT=Fixed	NT=Oxidation;AC=UNIMOD:35;TA=M;MT=Variable	NT=TMT6plex;AC=UNIMOD:737;TA=K;MT=Fixed	NT=TMT6plex;AC=UNIMOD:737;PP=Any N-term;MT=Fixed	NT=ms-proteomics;VV=v1.1.0	RNase A untreated soluble
Ecoli_Lysate_S1_RNaseA_total	Escherichia coli	cell lysate	not applicable	1	not available	Ecoli_Lysate_E13	proteomic profiling by mass spectrometry	1	WC_Proteinfolding_FASP_TMT_F7_R1_20170917.raw	v1.1.0	Data-dependent acquisition	NT=Q Exactive;AC=MS:1001911	NT=Trypsin;AC=MS:1001251	NT=TMT126;AC=PRIDE:0000516	7	not available	not available	not available	NT=Carbamidomethyl;AC=UNIMOD:4;TA=C;MT=Fixed	NT=Oxidation;AC=UNIMOD:35;TA=M;MT=Variable	NT=TMT6plex;AC=UNIMOD:737;TA=K;MT=Fixed	NT=TMT6plex;AC=UNIMOD:737;PP=Any N-term;MT=Fixed	NT=ms-proteomics;VV=v1.1.0	RNase A treated total
Ecoli_Lysate_S1_untreated_total	Escherichia coli	cell lysate	not applicable	1	not available	Ecoli_Lysate_E13	proteomic profiling by mass spectrometry	1	WC_Proteinfolding_FASP_TMT_F7_R1_20170917.raw	v1.1.0	Data-dependent acquisition	NT=Q Exactive;AC=MS:1001911	NT=Trypsin;AC=MS:1001251	NT=TMT127N;AC=PRIDE:0000519	7	not available	not available	not available	NT=Carbamidomethyl;AC=UNIMOD:4;TA=C;MT=Fixed	NT=Oxidation;AC=UNIMOD:35;TA=M;MT=Variable	NT=TMT6plex;AC=UNIMOD:737;TA=K;MT=Fixed	NT=TMT6plex;AC=UNIMOD:737;PP=Any N-term;MT=Fixed	NT=ms-proteomics;VV=v1.1.0	RNase A untreated total
Ecoli_Lysate_S1_RNaseA_soluble	Escherichia coli	cell lysate	not applicable	1	not available	Ecoli_Lysate_E13	proteomic profiling by mass spectrometry	1	WC_Proteinfolding_FASP_TMT_F7_R1_20170917.raw	v1.1.0	Data-dependent acquisition	NT=Q Exactive;AC=MS:1001911	NT=Trypsin;AC=MS:1001251	NT=TMT127C;AC=PRIDE:0000518	7	not available	not available	not available	NT=Carbamidomethyl;AC=UNIMOD:4;TA=C;MT=Fixed	NT=Oxidation;AC=UNIMOD:35;TA=M;MT=Variable	NT=TMT6plex;AC=UNIMOD:737;TA=K;MT=Fixed	NT=TMT6plex;AC=UNIMOD:737;PP=Any N-term;MT=Fixed	NT=ms-proteomics;VV=v1.1.0	RNase A treated soluble
Ecoli_Lysate_S1_untreated_soluble	Escherichia coli	cell lysate	not applicable	1	not available	Ecoli_Lysate_E13	proteomic profiling by mass spectrometry	1	WC_Proteinfolding_FASP_TMT_F7_R1_20170917.raw	v1.1.0	Data-dependent acquisition	NT=Q Exactive;AC=MS:1001911	NT=Trypsin;AC=MS:1001251	NT=TMT128N;AC=PRIDE:0000522	7	not available	not available	not available	NT=Carbamidomethyl;AC=UNIMOD:4;TA=C;MT=Fixed	NT=Oxidation;AC=UNIMOD:35;TA=M;MT=Variable	NT=TMT6plex;AC=UNIMOD:737;TA=K;MT=Fixed	NT=TMT6plex;AC=UNIMOD:737;PP=Any N-term;MT=Fixed	NT=ms-proteomics;VV=v1.1.0	RNase A untreated soluble
Ecoli_Lysate_S2_RNaseA_total	Escherichia coli	cell lysate	not applicable	2	not available	Ecoli_Lysate_E13	proteomic profiling by mass spectrometry	1	WC_Proteinfolding_FASP_TMT_F7_R1_20170917.raw	v1.1.0	Data-dependent acquisition	NT=Q Exactive;AC=MS:1001911	NT=Trypsin;AC=MS:1001251	NT=TMT128C;AC=PRIDE:0000521	7	not available	not available	not available	NT=Carbamidomethyl;AC=UNIMOD:4;TA=C;MT=Fixed	NT=Oxidation;AC=UNIMOD:35;TA=M;MT=Variable	NT=TMT6plex;AC=UNIMOD:737;TA=K;MT=Fixed	NT=TMT6plex;AC=UNIMOD:737;PP=Any N-term;MT=Fixed	NT=ms-proteomics;VV=v1.1.0	RNase A treated total
Ecoli_Lysate_S2_untreated_total	Escherichia coli	cell lysate	not applicable	2	not available	Ecoli_Lysate_E13	proteomic profiling by mass spectrometry	1	WC_Proteinfolding_FASP_TMT_F7_R1_20170917.raw	v1.1.0	Data-dependent acquisition	NT=Q Exactive;AC=MS:1001911	NT=Trypsin;AC=MS:1001251	NT=TMT129N;AC=PRIDE:0000525	7	not available	not available	not available	NT=Carbamidomethyl;AC=UNIMOD:4;TA=C;MT=Fixed	NT=Oxidation;AC=UNIMOD:35;TA=M;MT=Variable	NT=TMT6plex;AC=UNIMOD:737;TA=K;MT=Fixed	NT=TMT6plex;AC=UNIMOD:737;PP=Any N-term;MT=Fixed	NT=ms-proteomics;VV=v1.1.0	RNase A untreated total
Ecoli_Lysate_S2_RNaseA_soluble	Escherichia coli	cell lysate	not applicable	2	not available	Ecoli_Lysate_E13	proteomic profiling by mass spectrometry	1	WC_Proteinfolding_FASP_TMT_F7_R1_20170917.raw	v1.1.0	Data-dependent acquisition	NT=Q Exactive;AC=MS:1001911	NT=Trypsin;AC=MS:1001251	NT=TMT129C;AC=PRIDE:0000524	7	not available	not available	not available	NT=Carbamidomethyl;AC=UNIMOD:4;TA=C;MT=Fixed	NT=Oxidation;AC=UNIMOD:35;TA=M;MT=Variable	NT=TMT6plex;AC=UNIMOD:737;TA=K;MT=Fixed	NT=TMT6plex;AC=UNIMOD:737;PP=Any N-term;MT=Fixed	NT=ms-proteomics;VV=v1.1.0	RNase A treated soluble
Ecoli_Lysate_S2_untreated_soluble	Escherichia coli	cell lysate	not applicable	2	not available	Ecoli_Lysate_E13	proteomic profiling by mass spectrometry	1	WC_Proteinfolding_FASP_TMT_F7_R1_20170917.raw	v1.1.0	Data-dependent acquisition	NT=Q Exactive;AC=MS:1001911	NT=Trypsin;AC=MS:1001251	NT=TMT130N;AC=PRIDE:0000528	7	not available	not available	not available	NT=Carbamidomethyl;AC=UNIMOD:4;TA=C;MT=Fixed	NT=Oxidation;AC=UNIMOD:35;TA=M;MT=Variable	NT=TMT6plex;AC=UNIMOD:737;TA=K;MT=Fixed	NT=TMT6plex;AC=UNIMOD:737;PP=Any N-term;MT=Fixed	NT=ms-proteomics;VV=v1.1.0	RNase A untreated soluble
Ecoli_Lysate_S1_RNaseA_total	Escherichia coli	cell lysate	not applicable	1	not available	Ecoli_Lysate_E14	proteomic profiling by mass spectrometry	2	WC_Proteinfolding_FASP_TMT_F7_R2_20170919.raw	v1.1.0	Data-dependent acquisition	NT=Q Exactive;AC=MS:1001911	NT=Trypsin;AC=MS:1001251	NT=TMT126;AC=PRIDE:0000516	7	not available	not available	not available	NT=Carbamidomethyl;AC=UNIMOD:4;TA=C;MT=Fixed	NT=Oxidation;AC=UNIMOD:35;TA=M;MT=Variable	NT=TMT6plex;AC=UNIMOD:737;TA=K;MT=Fixed	NT=TMT6plex;AC=UNIMOD:737;PP=Any N-term;MT=Fixed	NT=ms-proteomics;VV=v1.1.0	RNase A treated total
Ecoli_Lysate_S1_untreated_total	Escherichia coli	cell lysate	not applicable	1	not available	Ecoli_Lysate_E14	proteomic profiling by mass spectrometry	2	WC_Proteinfolding_FASP_TMT_F7_R2_20170919.raw	v1.1.0	Data-dependent acquisition	NT=Q Exactive;AC=MS:1001911	NT=Trypsin;AC=MS:1001251	NT=TMT127N;AC=PRIDE:0000519	7	not available	not available	not available	NT=Carbamidomethyl;AC=UNIMOD:4;TA=C;MT=Fixed	NT=Oxidation;AC=UNIMOD:35;TA=M;MT=Variable	NT=TMT6plex;AC=UNIMOD:737;TA=K;MT=Fixed	NT=TMT6plex;AC=UNIMOD:737;PP=Any N-term;MT=Fixed	NT=ms-proteomics;VV=v1.1.0	RNase A untreated total
Ecoli_Lysate_S1_RNaseA_soluble	Escherichia coli	cell lysate	not applicable	1	not available	Ecoli_Lysate_E14	proteomic profiling by mass spectrometry	2	WC_Proteinfolding_FASP_TMT_F7_R2_20170919.raw	v1.1.0	Data-dependent acquisition	NT=Q Exactive;AC=MS:1001911	NT=Trypsin;AC=MS:1001251	NT=TMT127C;AC=PRIDE:0000518	7	not available	not available	not available	NT=Carbamidomethyl;AC=UNIMOD:4;TA=C;MT=Fixed	NT=Oxidation;AC=UNIMOD:35;TA=M;MT=Variable	NT=TMT6plex;AC=UNIMOD:737;TA=K;MT=Fixed	NT=TMT6plex;AC=UNIMOD:737;PP=Any N-term;MT=Fixed	NT=ms-proteomics;VV=v1.1.0	RNase A treated soluble
Ecoli_Lysate_S1_untreated_soluble	Escherichia coli	cell lysate	not applicable	1	not available	Ecoli_Lysate_E14	proteomic profiling by mass spectrometry	2	WC_Proteinfolding_FASP_TMT_F7_R2_20170919.raw	v1.1.0	Data-dependent acquisition	NT=Q Exactive;AC=MS:1001911	NT=Trypsin;AC=MS:1001251	NT=TMT128N;AC=PRIDE:0000522	7	not available	not available	not available	NT=Carbamidomethyl;AC=UNIMOD:4;TA=C;MT=Fixed	NT=Oxidation;AC=UNIMOD:35;TA=M;MT=Variable	NT=TMT6plex;AC=UNIMOD:737;TA=K;MT=Fixed	NT=TMT6plex;AC=UNIMOD:737;PP=Any N-term;MT=Fixed	NT=ms-proteomics;VV=v1.1.0	RNase A untreated soluble
Ecoli_Lysate_S2_RNaseA_total	Escherichia coli	cell lysate	not applicable	2	not available	Ecoli_Lysate_E14	proteomic profiling by mass spectrometry	2	WC_Proteinfolding_FASP_TMT_F7_R2_20170919.raw	v1.1.0	Data-dependent acquisition	NT=Q Exactive;AC=MS:1001911	NT=Trypsin;AC=MS:1001251	NT=TMT128C;AC=PRIDE:0000521	7	not available	not available	not available	NT=Carbamidomethyl;AC=UNIMOD:4;TA=C;MT=Fixed	NT=Oxidation;AC=UNIMOD:35;TA=M;MT=Variable	NT=TMT6plex;AC=UNIMOD:737;TA=K;MT=Fixed	NT=TMT6plex;AC=UNIMOD:737;PP=Any N-term;MT=Fixed	NT=ms-proteomics;VV=v1.1.0	RNase A treated total
Ecoli_Lysate_S2_untreated_total	Escherichia coli	cell lysate	not applicable	2	not available	Ecoli_Lysate_E14	proteomic profiling by mass spectrometry	2	WC_Proteinfolding_FASP_TMT_F7_R2_20170919.raw	v1.1.0	Data-dependent acquisition	NT=Q Exactive;AC=MS:1001911	NT=Trypsin;AC=MS:1001251	NT=TMT129N;AC=PRIDE:0000525	7	not available	not available	not available	NT=Carbamidomethyl;AC=UNIMOD:4;TA=C;MT=Fixed	NT=Oxidation;AC=UNIMOD:35;TA=M;MT=Variable	NT=TMT6plex;AC=UNIMOD:737;TA=K;MT=Fixed	NT=TMT6plex;AC=UNIMOD:737;PP=Any N-term;MT=Fixed	NT=ms-proteomics;VV=v1.1.0	RNase A untreated total
Ecoli_Lysate_S2_RNaseA_soluble	Escherichia coli	cell lysate	not applicable	2	not available	Ecoli_Lysate_E14	proteomic profiling by mass spectrometry	2	WC_Proteinfolding_FASP_TMT_F7_R2_20170919.raw	v1.1.0	Data-dependent acquisition	NT=Q Exactive;AC=MS:1001911	NT=Trypsin;AC=MS:1001251	NT=TMT129C;AC=PRIDE:0000524	7	not available	not available	not available	NT=Carbamidomethyl;AC=UNIMOD:4;TA=C;MT=Fixed	NT=Oxidation;AC=UNIMOD:35;TA=M;MT=Variable	NT=TMT6plex;AC=UNIMOD:737;TA=K;MT=Fixed	NT=TMT6plex;AC=UNIMOD:737;PP=Any N-term;MT=Fixed	NT=ms-proteomics;VV=v1.1.0	RNase A treated soluble
Ecoli_Lysate_S2_untreated_soluble	Escherichia coli	cell lysate	not applicable	2	not available	Ecoli_Lysate_E14	proteomic profiling by mass spectrometry	2	WC_Proteinfolding_FASP_TMT_F7_R2_20170919.raw	v1.1.0	Data-dependent acquisition	NT=Q Exactive;AC=MS:1001911	NT=Trypsin;AC=MS:1001251	NT=TMT130N;AC=PRIDE:0000528	7	not available	not available	not available	NT=Carbamidomethyl;AC=UNIMOD:4;TA=C;MT=Fixed	NT=Oxidation;AC=UNIMOD:35;TA=M;MT=Variable	NT=TMT6plex;AC=UNIMOD:737;TA=K;MT=Fixed	NT=TMT6plex;AC=UNIMOD:737;PP=Any N-term;MT=Fixed	NT=ms-proteomics;VV=v1.1.0	RNase A untreated soluble
Ecoli_Lysate_S1_RNaseA_total	Escherichia coli	cell lysate	not applicable	1	not available	Ecoli_Lysate_E15	proteomic profiling by mass spectrometry	1	WC_Proteinfolding_FASP_TMT_F8_R1_20170917.raw	v1.1.0	Data-dependent acquisition	NT=Q Exactive;AC=MS:1001911	NT=Trypsin;AC=MS:1001251	NT=TMT126;AC=PRIDE:0000516	8	not available	not available	not available	NT=Carbamidomethyl;AC=UNIMOD:4;TA=C;MT=Fixed	NT=Oxidation;AC=UNIMOD:35;TA=M;MT=Variable	NT=TMT6plex;AC=UNIMOD:737;TA=K;MT=Fixed	NT=TMT6plex;AC=UNIMOD:737;PP=Any N-term;MT=Fixed	NT=ms-proteomics;VV=v1.1.0	RNase A treated total
Ecoli_Lysate_S1_untreated_total	Escherichia coli	cell lysate	not applicable	1	not available	Ecoli_Lysate_E15	proteomic profiling by mass spectrometry	1	WC_Proteinfolding_FASP_TMT_F8_R1_20170917.raw	v1.1.0	Data-dependent acquisition	NT=Q Exactive;AC=MS:1001911	NT=Trypsin;AC=MS:1001251	NT=TMT127N;AC=PRIDE:0000519	8	not available	not available	not available	NT=Carbamidomethyl;AC=UNIMOD:4;TA=C;MT=Fixed	NT=Oxidation;AC=UNIMOD:35;TA=M;MT=Variable	NT=TMT6plex;AC=UNIMOD:737;TA=K;MT=Fixed	NT=TMT6plex;AC=UNIMOD:737;PP=Any N-term;MT=Fixed	NT=ms-proteomics;VV=v1.1.0	RNase A untreated total
Ecoli_Lysate_S1_RNaseA_soluble	Escherichia coli	cell lysate	not applicable	1	not available	Ecoli_Lysate_E15	proteomic profiling by mass spectrometry	1	WC_Proteinfolding_FASP_TMT_F8_R1_20170917.raw	v1.1.0	Data-dependent acquisition	NT=Q Exactive;AC=MS:1001911	NT=Trypsin;AC=MS:1001251	NT=TMT127C;AC=PRIDE:0000518	8	not available	not available	not available	NT=Carbamidomethyl;AC=UNIMOD:4;TA=C;MT=Fixed	NT=Oxidation;AC=UNIMOD:35;TA=M;MT=Variable	NT=TMT6plex;AC=UNIMOD:737;TA=K;MT=Fixed	NT=TMT6plex;AC=UNIMOD:737;PP=Any N-term;MT=Fixed	NT=ms-proteomics;VV=v1.1.0	RNase A treated soluble
Ecoli_Lysate_S1_untreated_soluble	Escherichia coli	cell lysate	not applicable	1	not available	Ecoli_Lysate_E15	proteomic profiling by mass spectrometry	1	WC_Proteinfolding_FASP_TMT_F8_R1_20170917.raw	v1.1.0	Data-dependent acquisition	NT=Q Exactive;AC=MS:1001911	NT=Trypsin;AC=MS:1001251	NT=TMT128N;AC=PRIDE:0000522	8	not available	not available	not available	NT=Carbamidomethyl;AC=UNIMOD:4;TA=C;MT=Fixed	NT=Oxidation;AC=UNIMOD:35;TA=M;MT=Variable	NT=TMT6plex;AC=UNIMOD:737;TA=K;MT=Fixed	NT=TMT6plex;AC=UNIMOD:737;PP=Any N-term;MT=Fixed	NT=ms-proteomics;VV=v1.1.0	RNase A untreated soluble
Ecoli_Lysate_S2_RNaseA_total	Escherichia coli	cell lysate	not applicable	2	not available	Ecoli_Lysate_E15	proteomic profiling by mass spectrometry	1	WC_Proteinfolding_FASP_TMT_F8_R1_20170917.raw	v1.1.0	Data-dependent acquisition	NT=Q Exactive;AC=MS:1001911	NT=Trypsin;AC=MS:1001251	NT=TMT128C;AC=PRIDE:0000521	8	not available	not available	not available	NT=Carbamidomethyl;AC=UNIMOD:4;TA=C;MT=Fixed	NT=Oxidation;AC=UNIMOD:35;TA=M;MT=Variable	NT=TMT6plex;AC=UNIMOD:737;TA=K;MT=Fixed	NT=TMT6plex;AC=UNIMOD:737;PP=Any N-term;MT=Fixed	NT=ms-proteomics;VV=v1.1.0	RNase A treated total
Ecoli_Lysate_S2_untreated_total	Escherichia coli	cell lysate	not applicable	2	not available	Ecoli_Lysate_E15	proteomic profiling by mass spectrometry	1	WC_Proteinfolding_FASP_TMT_F8_R1_20170917.raw	v1.1.0	Data-dependent acquisition	NT=Q Exactive;AC=MS:1001911	NT=Trypsin;AC=MS:1001251	NT=TMT129N;AC=PRIDE:0000525	8	not available	not available	not available	NT=Carbamidomethyl;AC=UNIMOD:4;TA=C;MT=Fixed	NT=Oxidation;AC=UNIMOD:35;TA=M;MT=Variable	NT=TMT6plex;AC=UNIMOD:737;TA=K;MT=Fixed	NT=TMT6plex;AC=UNIMOD:737;PP=Any N-term;MT=Fixed	NT=ms-proteomics;VV=v1.1.0	RNase A untreated total
Ecoli_Lysate_S2_RNaseA_soluble	Escherichia coli	cell lysate	not applicable	2	not available	Ecoli_Lysate_E15	proteomic profiling by mass spectrometry	1	WC_Proteinfolding_FASP_TMT_F8_R1_20170917.raw	v1.1.0	Data-dependent acquisition	NT=Q Exactive;AC=MS:1001911	NT=Trypsin;AC=MS:1001251	NT=TMT129C;AC=PRIDE:0000524	8	not available	not available	not available	NT=Carbamidomethyl;AC=UNIMOD:4;TA=C;MT=Fixed	NT=Oxidation;AC=UNIMOD:35;TA=M;MT=Variable	NT=TMT6plex;AC=UNIMOD:737;TA=K;MT=Fixed	NT=TMT6plex;AC=UNIMOD:737;PP=Any N-term;MT=Fixed	NT=ms-proteomics;VV=v1.1.0	RNase A treated soluble
Ecoli_Lysate_S2_untreated_soluble	Escherichia coli	cell lysate	not applicable	2	not available	Ecoli_Lysate_E15	proteomic profiling by mass spectrometry	1	WC_Proteinfolding_FASP_TMT_F8_R1_20170917.raw	v1.1.0	Data-dependent acquisition	NT=Q Exactive;AC=MS:1001911	NT=Trypsin;AC=MS:1001251	NT=TMT130N;AC=PRIDE:0000528	8	not available	not available	not available	NT=Carbamidomethyl;AC=UNIMOD:4;TA=C;MT=Fixed	NT=Oxidation;AC=UNIMOD:35;TA=M;MT=Variable	NT=TMT6plex;AC=UNIMOD:737;TA=K;MT=Fixed	NT=TMT6plex;AC=UNIMOD:737;PP=Any N-term;MT=Fixed	NT=ms-proteomics;VV=v1.1.0	RNase A untreated soluble
Ecoli_Lysate_S1_RNaseA_total	Escherichia coli	cell lysate	not applicable	1	not available	Ecoli_Lysate_E16	proteomic profiling by mass spectrometry	2	WC_Proteinfolding_FASP_TMT_F8_R2_20170919.raw	v1.1.0	Data-dependent acquisition	NT=Q Exactive;AC=MS:1001911	NT=Trypsin;AC=MS:1001251	NT=TMT126;AC=PRIDE:0000516	8	not available	not available	not available	NT=Carbamidomethyl;AC=UNIMOD:4;TA=C;MT=Fixed	NT=Oxidation;AC=UNIMOD:35;TA=M;MT=Variable	NT=TMT6plex;AC=UNIMOD:737;TA=K;MT=Fixed	NT=TMT6plex;AC=UNIMOD:737;PP=Any N-term;MT=Fixed	NT=ms-proteomics;VV=v1.1.0	RNase A treated total
Ecoli_Lysate_S1_untreated_total	Escherichia coli	cell lysate	not applicable	1	not available	Ecoli_Lysate_E16	proteomic profiling by mass spectrometry	2	WC_Proteinfolding_FASP_TMT_F8_R2_20170919.raw	v1.1.0	Data-dependent acquisition	NT=Q Exactive;AC=MS:1001911	NT=Trypsin;AC=MS:1001251	NT=TMT127N;AC=PRIDE:0000519	8	not available	not available	not available	NT=Carbamidomethyl;AC=UNIMOD:4;TA=C;MT=Fixed	NT=Oxidation;AC=UNIMOD:35;TA=M;MT=Variable	NT=TMT6plex;AC=UNIMOD:737;TA=K;MT=Fixed	NT=TMT6plex;AC=UNIMOD:737;PP=Any N-term;MT=Fixed	NT=ms-proteomics;VV=v1.1.0	RNase A untreated total
Ecoli_Lysate_S1_RNaseA_soluble	Escherichia coli	cell lysate	not applicable	1	not available	Ecoli_Lysate_E16	proteomic profiling by mass spectrometry	2	WC_Proteinfolding_FASP_TMT_F8_R2_20170919.raw	v1.1.0	Data-dependent acquisition	NT=Q Exactive;AC=MS:1001911	NT=Trypsin;AC=MS:1001251	NT=TMT127C;AC=PRIDE:0000518	8	not available	not available	not available	NT=Carbamidomethyl;AC=UNIMOD:4;TA=C;MT=Fixed	NT=Oxidation;AC=UNIMOD:35;TA=M;MT=Variable	NT=TMT6plex;AC=UNIMOD:737;TA=K;MT=Fixed	NT=TMT6plex;AC=UNIMOD:737;PP=Any N-term;MT=Fixed	NT=ms-proteomics;VV=v1.1.0	RNase A treated soluble
Ecoli_Lysate_S1_untreated_soluble	Escherichia coli	cell lysate	not applicable	1	not available	Ecoli_Lysate_E16	proteomic profiling by mass spectrometry	2	WC_Proteinfolding_FASP_TMT_F8_R2_20170919.raw	v1.1.0	Data-dependent acquisition	NT=Q Exactive;AC=MS:1001911	NT=Trypsin;AC=MS:1001251	NT=TMT128N;AC=PRIDE:0000522	8	not available	not available	not available	NT=Carbamidomethyl;AC=UNIMOD:4;TA=C;MT=Fixed	NT=Oxidation;AC=UNIMOD:35;TA=M;MT=Variable	NT=TMT6plex;AC=UNIMOD:737;TA=K;MT=Fixed	NT=TMT6plex;AC=UNIMOD:737;PP=Any N-term;MT=Fixed	NT=ms-proteomics;VV=v1.1.0	RNase A untreated soluble
Ecoli_Lysate_S2_RNaseA_total	Escherichia coli	cell lysate	not applicable	2	not available	Ecoli_Lysate_E16	proteomic profiling by mass spectrometry	2	WC_Proteinfolding_FASP_TMT_F8_R2_20170919.raw	v1.1.0	Data-dependent acquisition	NT=Q Exactive;AC=MS:1001911	NT=Trypsin;AC=MS:1001251	NT=TMT128C;AC=PRIDE:0000521	8	not available	not available	not available	NT=Carbamidomethyl;AC=UNIMOD:4;TA=C;MT=Fixed	NT=Oxidation;AC=UNIMOD:35;TA=M;MT=Variable	NT=TMT6plex;AC=UNIMOD:737;TA=K;MT=Fixed	NT=TMT6plex;AC=UNIMOD:737;PP=Any N-term;MT=Fixed	NT=ms-proteomics;VV=v1.1.0	RNase A treated total
Ecoli_Lysate_S2_untreated_total	Escherichia coli	cell lysate	not applicable	2	not available	Ecoli_Lysate_E16	proteomic profiling by mass spectrometry	2	WC_Proteinfolding_FASP_TMT_F8_R2_20170919.raw	v1.1.0	Data-dependent acquisition	NT=Q Exactive;AC=MS:1001911	NT=Trypsin;AC=MS:1001251	NT=TMT129N;AC=PRIDE:0000525	8	not available	not available	not available	NT=Carbamidomethyl;AC=UNIMOD:4;TA=C;MT=Fixed	NT=Oxidation;AC=UNIMOD:35;TA=M;MT=Variable	NT=TMT6plex;AC=UNIMOD:737;TA=K;MT=Fixed	NT=TMT6plex;AC=UNIMOD:737;PP=Any N-term;MT=Fixed	NT=ms-proteomics;VV=v1.1.0	RNase A untreated total
Ecoli_Lysate_S2_RNaseA_soluble	Escherichia coli	cell lysate	not applicable	2	not available	Ecoli_Lysate_E16	proteomic profiling by mass spectrometry	2	WC_Proteinfolding_FASP_TMT_F8_R2_20170919.raw	v1.1.0	Data-dependent acquisition	NT=Q Exactive;AC=MS:1001911	NT=Trypsin;AC=MS:1001251	NT=TMT129C;AC=PRIDE:0000524	8	not available	not available	not available	NT=Carbamidomethyl;AC=UNIMOD:4;TA=C;MT=Fixed	NT=Oxidation;AC=UNIMOD:35;TA=M;MT=Variable	NT=TMT6plex;AC=UNIMOD:737;TA=K;MT=Fixed	NT=TMT6plex;AC=UNIMOD:737;PP=Any N-term;MT=Fixed	NT=ms-proteomics;VV=v1.1.0	RNase A treated soluble
Ecoli_Lysate_S2_untreated_soluble	Escherichia coli	cell lysate	not applicable	2	not available	Ecoli_Lysate_E16	proteomic profiling by mass spectrometry	2	WC_Proteinfolding_FASP_TMT_F8_R2_20170919.raw	v1.1.0	Data-dependent acquisition	NT=Q Exactive;AC=MS:1001911	NT=Trypsin;AC=MS:1001251	NT=TMT130N;AC=PRIDE:0000528	8	not available	not available	not available	NT=Carbamidomethyl;AC=UNIMOD:4;TA=C;MT=Fixed	NT=Oxidation;AC=UNIMOD:35;TA=M;MT=Variable	NT=TMT6plex;AC=UNIMOD:737;TA=K;MT=Fixed	NT=TMT6plex;AC=UNIMOD:737;PP=Any N-term;MT=Fixed	NT=ms-proteomics;VV=v1.1.0	RNase A untreated soluble
Ecoli_Lysate_S1_RNaseA_total	Escherichia coli	cell lysate	not applicable	1	not available	Ecoli_Lysate_E17	proteomic profiling by mass spectrometry	1	WC_Proteinfolding_FASP_TMT_F9_R1_20170917.raw	v1.1.0	Data-dependent acquisition	NT=Q Exactive;AC=MS:1001911	NT=Trypsin;AC=MS:1001251	NT=TMT126;AC=PRIDE:0000516	9	not available	not available	not available	NT=Carbamidomethyl;AC=UNIMOD:4;TA=C;MT=Fixed	NT=Oxidation;AC=UNIMOD:35;TA=M;MT=Variable	NT=TMT6plex;AC=UNIMOD:737;TA=K;MT=Fixed	NT=TMT6plex;AC=UNIMOD:737;PP=Any N-term;MT=Fixed	NT=ms-proteomics;VV=v1.1.0	RNase A treated total
Ecoli_Lysate_S1_untreated_total	Escherichia coli	cell lysate	not applicable	1	not available	Ecoli_Lysate_E17	proteomic profiling by mass spectrometry	1	WC_Proteinfolding_FASP_TMT_F9_R1_20170917.raw	v1.1.0	Data-dependent acquisition	NT=Q Exactive;AC=MS:1001911	NT=Trypsin;AC=MS:1001251	NT=TMT127N;AC=PRIDE:0000519	9	not available	not available	not available	NT=Carbamidomethyl;AC=UNIMOD:4;TA=C;MT=Fixed	NT=Oxidation;AC=UNIMOD:35;TA=M;MT=Variable	NT=TMT6plex;AC=UNIMOD:737;TA=K;MT=Fixed	NT=TMT6plex;AC=UNIMOD:737;PP=Any N-term;MT=Fixed	NT=ms-proteomics;VV=v1.1.0	RNase A untreated total
Ecoli_Lysate_S1_RNaseA_soluble	Escherichia coli	cell lysate	not applicable	1	not available	Ecoli_Lysate_E17	proteomic profiling by mass spectrometry	1	WC_Proteinfolding_FASP_TMT_F9_R1_20170917.raw	v1.1.0	Data-dependent acquisition	NT=Q Exactive;AC=MS:1001911	NT=Trypsin;AC=MS:1001251	NT=TMT127C;AC=PRIDE:0000518	9	not available	not available	not available	NT=Carbamidomethyl;AC=UNIMOD:4;TA=C;MT=Fixed	NT=Oxidation;AC=UNIMOD:35;TA=M;MT=Variable	NT=TMT6plex;AC=UNIMOD:737;TA=K;MT=Fixed	NT=TMT6plex;AC=UNIMOD:737;PP=Any N-term;MT=Fixed	NT=ms-proteomics;VV=v1.1.0	RNase A treated soluble
Ecoli_Lysate_S1_untreated_soluble	Escherichia coli	cell lysate	not applicable	1	not available	Ecoli_Lysate_E17	proteomic profiling by mass spectrometry	1	WC_Proteinfolding_FASP_TMT_F9_R1_20170917.raw	v1.1.0	Data-dependent acquisition	NT=Q Exactive;AC=MS:1001911	NT=Trypsin;AC=MS:1001251	NT=TMT128N;AC=PRIDE:0000522	9	not available	not available	not available	NT=Carbamidomethyl;AC=UNIMOD:4;TA=C;MT=Fixed	NT=Oxidation;AC=UNIMOD:35;TA=M;MT=Variable	NT=TMT6plex;AC=UNIMOD:737;TA=K;MT=Fixed	NT=TMT6plex;AC=UNIMOD:737;PP=Any N-term;MT=Fixed	NT=ms-proteomics;VV=v1.1.0	RNase A untreated soluble
Ecoli_Lysate_S2_RNaseA_total	Escherichia coli	cell lysate	not applicable	2	not available	Ecoli_Lysate_E17	proteomic profiling by mass spectrometry	1	WC_Proteinfolding_FASP_TMT_F9_R1_20170917.raw	v1.1.0	Data-dependent acquisition	NT=Q Exactive;AC=MS:1001911	NT=Trypsin;AC=MS:1001251	NT=TMT128C;AC=PRIDE:0000521	9	not available	not available	not available	NT=Carbamidomethyl;AC=UNIMOD:4;TA=C;MT=Fixed	NT=Oxidation;AC=UNIMOD:35;TA=M;MT=Variable	NT=TMT6plex;AC=UNIMOD:737;TA=K;MT=Fixed	NT=TMT6plex;AC=UNIMOD:737;PP=Any N-term;MT=Fixed	NT=ms-proteomics;VV=v1.1.0	RNase A treated total
Ecoli_Lysate_S2_untreated_total	Escherichia coli	cell lysate	not applicable	2	not available	Ecoli_Lysate_E17	proteomic profiling by mass spectrometry	1	WC_Proteinfolding_FASP_TMT_F9_R1_20170917.raw	v1.1.0	Data-dependent acquisition	NT=Q Exactive;AC=MS:1001911	NT=Trypsin;AC=MS:1001251	NT=TMT129N;AC=PRIDE:0000525	9	not available	not available	not available	NT=Carbamidomethyl;AC=UNIMOD:4;TA=C;MT=Fixed	NT=Oxidation;AC=UNIMOD:35;TA=M;MT=Variable	NT=TMT6plex;AC=UNIMOD:737;TA=K;MT=Fixed	NT=TMT6plex;AC=UNIMOD:737;PP=Any N-term;MT=Fixed	NT=ms-proteomics;VV=v1.1.0	RNase A untreated total
Ecoli_Lysate_S2_RNaseA_soluble	Escherichia coli	cell lysate	not applicable	2	not available	Ecoli_Lysate_E17	proteomic profiling by mass spectrometry	1	WC_Proteinfolding_FASP_TMT_F9_R1_20170917.raw	v1.1.0	Data-dependent acquisition	NT=Q Exactive;AC=MS:1001911	NT=Trypsin;AC=MS:1001251	NT=TMT129C;AC=PRIDE:0000524	9	not available	not available	not available	NT=Carbamidomethyl;AC=UNIMOD:4;TA=C;MT=Fixed	NT=Oxidation;AC=UNIMOD:35;TA=M;MT=Variable	NT=TMT6plex;AC=UNIMOD:737;TA=K;MT=Fixed	NT=TMT6plex;AC=UNIMOD:737;PP=Any N-term;MT=Fixed	NT=ms-proteomics;VV=v1.1.0	RNase A treated soluble
Ecoli_Lysate_S2_untreated_soluble	Escherichia coli	cell lysate	not applicable	2	not available	Ecoli_Lysate_E17	proteomic profiling by mass spectrometry	1	WC_Proteinfolding_FASP_TMT_F9_R1_20170917.raw	v1.1.0	Data-dependent acquisition	NT=Q Exactive;AC=MS:1001911	NT=Trypsin;AC=MS:1001251	NT=TMT130N;AC=PRIDE:0000528	9	not available	not available	not available	NT=Carbamidomethyl;AC=UNIMOD:4;TA=C;MT=Fixed	NT=Oxidation;AC=UNIMOD:35;TA=M;MT=Variable	NT=TMT6plex;AC=UNIMOD:737;TA=K;MT=Fixed	NT=TMT6plex;AC=UNIMOD:737;PP=Any N-term;MT=Fixed	NT=ms-proteomics;VV=v1.1.0	RNase A untreated soluble
Ecoli_Lysate_S1_RNaseA_total	Escherichia coli	cell lysate	not applicable	1	not available	Ecoli_Lysate_E18	proteomic profiling by mass spectrometry	2	WC_Proteinfolding_FASP_TMT_F9_R2_20170919.raw	v1.1.0	Data-dependent acquisition	NT=Q Exactive;AC=MS:1001911	NT=Trypsin;AC=MS:1001251	NT=TMT126;AC=PRIDE:0000516	9	not available	not available	not available	NT=Carbamidomethyl;AC=UNIMOD:4;TA=C;MT=Fixed	NT=Oxidation;AC=UNIMOD:35;TA=M;MT=Variable	NT=TMT6plex;AC=UNIMOD:737;TA=K;MT=Fixed	NT=TMT6plex;AC=UNIMOD:737;PP=Any N-term;MT=Fixed	NT=ms-proteomics;VV=v1.1.0	RNase A treated total
Ecoli_Lysate_S1_untreated_total	Escherichia coli	cell lysate	not applicable	1	not available	Ecoli_Lysate_E18	proteomic profiling by mass spectrometry	2	WC_Proteinfolding_FASP_TMT_F9_R2_20170919.raw	v1.1.0	Data-dependent acquisition	NT=Q Exactive;AC=MS:1001911	NT=Trypsin;AC=MS:1001251	NT=TMT127N;AC=PRIDE:0000519	9	not available	not available	not available	NT=Carbamidomethyl;AC=UNIMOD:4;TA=C;MT=Fixed	NT=Oxidation;AC=UNIMOD:35;TA=M;MT=Variable	NT=TMT6plex;AC=UNIMOD:737;TA=K;MT=Fixed	NT=TMT6plex;AC=UNIMOD:737;PP=Any N-term;MT=Fixed	NT=ms-proteomics;VV=v1.1.0	RNase A untreated total
Ecoli_Lysate_S1_RNaseA_soluble	Escherichia coli	cell lysate	not applicable	1	not available	Ecoli_Lysate_E18	proteomic profiling by mass spectrometry	2	WC_Proteinfolding_FASP_TMT_F9_R2_20170919.raw	v1.1.0	Data-dependent acquisition	NT=Q Exactive;AC=MS:1001911	NT=Trypsin;AC=MS:1001251	NT=TMT127C;AC=PRIDE:0000518	9	not available	not available	not available	NT=Carbamidomethyl;AC=UNIMOD:4;TA=C;MT=Fixed	NT=Oxidation;AC=UNIMOD:35;TA=M;MT=Variable	NT=TMT6plex;AC=UNIMOD:737;TA=K;MT=Fixed	NT=TMT6plex;AC=UNIMOD:737;PP=Any N-term;MT=Fixed	NT=ms-proteomics;VV=v1.1.0	RNase A treated soluble
Ecoli_Lysate_S1_untreated_soluble	Escherichia coli	cell lysate	not applicable	1	not available	Ecoli_Lysate_E18	proteomic profiling by mass spectrometry	2	WC_Proteinfolding_FASP_TMT_F9_R2_20170919.raw	v1.1.0	Data-dependent acquisition	NT=Q Exactive;AC=MS:1001911	NT=Trypsin;AC=MS:1001251	NT=TMT128N;AC=PRIDE:0000522	9	not available	not available	not available	NT=Carbamidomethyl;AC=UNIMOD:4;TA=C;MT=Fixed	NT=Oxidation;AC=UNIMOD:35;TA=M;MT=Variable	NT=TMT6plex;AC=UNIMOD:737;TA=K;MT=Fixed	NT=TMT6plex;AC=UNIMOD:737;PP=Any N-term;MT=Fixed	NT=ms-proteomics;VV=v1.1.0	RNase A untreated soluble
Ecoli_Lysate_S2_RNaseA_total	Escherichia coli	cell lysate	not applicable	2	not available	Ecoli_Lysate_E18	proteomic profiling by mass spectrometry	2	WC_Proteinfolding_FASP_TMT_F9_R2_20170919.raw	v1.1.0	Data-dependent acquisition	NT=Q Exactive;AC=MS:1001911	NT=Trypsin;AC=MS:1001251	NT=TMT128C;AC=PRIDE:0000521	9	not available	not available	not available	NT=Carbamidomethyl;AC=UNIMOD:4;TA=C;MT=Fixed	NT=Oxidation;AC=UNIMOD:35;TA=M;MT=Variable	NT=TMT6plex;AC=UNIMOD:737;TA=K;MT=Fixed	NT=TMT6plex;AC=UNIMOD:737;PP=Any N-term;MT=Fixed	NT=ms-proteomics;VV=v1.1.0	RNase A treated total
Ecoli_Lysate_S2_untreated_total	Escherichia coli	cell lysate	not applicable	2	not available	Ecoli_Lysate_E18	proteomic profiling by mass spectrometry	2	WC_Proteinfolding_FASP_TMT_F9_R2_20170919.raw	v1.1.0	Data-dependent acquisition	NT=Q Exactive;AC=MS:1001911	NT=Trypsin;AC=MS:1001251	NT=TMT129N;AC=PRIDE:0000525	9	not available	not available	not available	NT=Carbamidomethyl;AC=UNIMOD:4;TA=C;MT=Fixed	NT=Oxidation;AC=UNIMOD:35;TA=M;MT=Variable	NT=TMT6plex;AC=UNIMOD:737;TA=K;MT=Fixed	NT=TMT6plex;AC=UNIMOD:737;PP=Any N-term;MT=Fixed	NT=ms-proteomics;VV=v1.1.0	RNase A untreated total
Ecoli_Lysate_S2_RNaseA_soluble	Escherichia coli	cell lysate	not applicable	2	not available	Ecoli_Lysate_E18	proteomic profiling by mass spectrometry	2	WC_Proteinfolding_FASP_TMT_F9_R2_20170919.raw	v1.1.0	Data-dependent acquisition	NT=Q Exactive;AC=MS:1001911	NT=Trypsin;AC=MS:1001251	NT=TMT129C;AC=PRIDE:0000524	9	not available	not available	not available	NT=Carbamidomethyl;AC=UNIMOD:4;TA=C;MT=Fixed	NT=Oxidation;AC=UNIMOD:35;TA=M;MT=Variable	NT=TMT6plex;AC=UNIMOD:737;TA=K;MT=Fixed	NT=TMT6plex;AC=UNIMOD:737;PP=Any N-term;MT=Fixed	NT=ms-proteomics;VV=v1.1.0	RNase A treated soluble
Ecoli_Lysate_S2_untreated_soluble	Escherichia coli	cell lysate	not applicable	2	not available	Ecoli_Lysate_E18	proteomic profiling by mass spectrometry	2	WC_Proteinfolding_FASP_TMT_F9_R2_20170919.raw	v1.1.0	Data-dependent acquisition	NT=Q Exactive;AC=MS:1001911	NT=Trypsin;AC=MS:1001251	NT=TMT130N;AC=PRIDE:0000528	9	not available	not available	not available	NT=Carbamidomethyl;AC=UNIMOD:4;TA=C;MT=Fixed	NT=Oxidation;AC=UNIMOD:35;TA=M;MT=Variable	NT=TMT6plex;AC=UNIMOD:737;TA=K;MT=Fixed	NT=TMT6plex;AC=UNIMOD:737;PP=Any N-term;MT=Fixed	NT=ms-proteomics;VV=v1.1.0	RNase A untreated soluble
Ecoli_Lysate_S1_RNaseA_total	Escherichia coli	cell lysate	not applicable	1	not available	Ecoli_Lysate_E19	proteomic profiling by mass spectrometry	1	WC_Proteinfolding_FASP_TMT_F10_R1_20170917.raw	v1.1.0	Data-dependent acquisition	NT=Q Exactive;AC=MS:1001911	NT=Trypsin;AC=MS:1001251	NT=TMT126;AC=PRIDE:0000516	10	not available	not available	not available	NT=Carbamidomethyl;AC=UNIMOD:4;TA=C;MT=Fixed	NT=Oxidation;AC=UNIMOD:35;TA=M;MT=Variable	NT=TMT6plex;AC=UNIMOD:737;TA=K;MT=Fixed	NT=TMT6plex;AC=UNIMOD:737;PP=Any N-term;MT=Fixed	NT=ms-proteomics;VV=v1.1.0	RNase A treated total
Ecoli_Lysate_S1_untreated_total	Escherichia coli	cell lysate	not applicable	1	not available	Ecoli_Lysate_E19	proteomic profiling by mass spectrometry	1	WC_Proteinfolding_FASP_TMT_F10_R1_20170917.raw	v1.1.0	Data-dependent acquisition	NT=Q Exactive;AC=MS:1001911	NT=Trypsin;AC=MS:1001251	NT=TMT127N;AC=PRIDE:0000519	10	not available	not available	not available	NT=Carbamidomethyl;AC=UNIMOD:4;TA=C;MT=Fixed	NT=Oxidation;AC=UNIMOD:35;TA=M;MT=Variable	NT=TMT6plex;AC=UNIMOD:737;TA=K;MT=Fixed	NT=TMT6plex;AC=UNIMOD:737;PP=Any N-term;MT=Fixed	NT=ms-proteomics;VV=v1.1.0	RNase A untreated total
Ecoli_Lysate_S1_RNaseA_soluble	Escherichia coli	cell lysate	not applicable	1	not available	Ecoli_Lysate_E19	proteomic profiling by mass spectrometry	1	WC_Proteinfolding_FASP_TMT_F10_R1_20170917.raw	v1.1.0	Data-dependent acquisition	NT=Q Exactive;AC=MS:1001911	NT=Trypsin;AC=MS:1001251	NT=TMT127C;AC=PRIDE:0000518	10	not available	not available	not available	NT=Carbamidomethyl;AC=UNIMOD:4;TA=C;MT=Fixed	NT=Oxidation;AC=UNIMOD:35;TA=M;MT=Variable	NT=TMT6plex;AC=UNIMOD:737;TA=K;MT=Fixed	NT=TMT6plex;AC=UNIMOD:737;PP=Any N-term;MT=Fixed	NT=ms-proteomics;VV=v1.1.0	RNase A treated soluble
Ecoli_Lysate_S1_untreated_soluble	Escherichia coli	cell lysate	not applicable	1	not available	Ecoli_Lysate_E19	proteomic profiling by mass spectrometry	1	WC_Proteinfolding_FASP_TMT_F10_R1_20170917.raw	v1.1.0	Data-dependent acquisition	NT=Q Exactive;AC=MS:1001911	NT=Trypsin;AC=MS:1001251	NT=TMT128N;AC=PRIDE:0000522	10	not available	not available	not available	NT=Carbamidomethyl;AC=UNIMOD:4;TA=C;MT=Fixed	NT=Oxidation;AC=UNIMOD:35;TA=M;MT=Variable	NT=TMT6plex;AC=UNIMOD:737;TA=K;MT=Fixed	NT=TMT6plex;AC=UNIMOD:737;PP=Any N-term;MT=Fixed	NT=ms-proteomics;VV=v1.1.0	RNase A untreated soluble
Ecoli_Lysate_S2_RNaseA_total	Escherichia coli	cell lysate	not applicable	2	not available	Ecoli_Lysate_E19	proteomic profiling by mass spectrometry	1	WC_Proteinfolding_FASP_TMT_F10_R1_20170917.raw	v1.1.0	Data-dependent acquisition	NT=Q Exactive;AC=MS:1001911	NT=Trypsin;AC=MS:1001251	NT=TMT128C;AC=PRIDE:0000521	10	not available	not available	not available	NT=Carbamidomethyl;AC=UNIMOD:4;TA=C;MT=Fixed	NT=Oxidation;AC=UNIMOD:35;TA=M;MT=Variable	NT=TMT6plex;AC=UNIMOD:737;TA=K;MT=Fixed	NT=TMT6plex;AC=UNIMOD:737;PP=Any N-term;MT=Fixed	NT=ms-proteomics;VV=v1.1.0	RNase A treated total
Ecoli_Lysate_S2_untreated_total	Escherichia coli	cell lysate	not applicable	2	not available	Ecoli_Lysate_E19	proteomic profiling by mass spectrometry	1	WC_Proteinfolding_FASP_TMT_F10_R1_20170917.raw	v1.1.0	Data-dependent acquisition	NT=Q Exactive;AC=MS:1001911	NT=Trypsin;AC=MS:1001251	NT=TMT129N;AC=PRIDE:0000525	10	not available	not available	not available	NT=Carbamidomethyl;AC=UNIMOD:4;TA=C;MT=Fixed	NT=Oxidation;AC=UNIMOD:35;TA=M;MT=Variable	NT=TMT6plex;AC=UNIMOD:737;TA=K;MT=Fixed	NT=TMT6plex;AC=UNIMOD:737;PP=Any N-term;MT=Fixed	NT=ms-proteomics;VV=v1.1.0	RNase A untreated total
Ecoli_Lysate_S2_RNaseA_soluble	Escherichia coli	cell lysate	not applicable	2	not available	Ecoli_Lysate_E19	proteomic profiling by mass spectrometry	1	WC_Proteinfolding_FASP_TMT_F10_R1_20170917.raw	v1.1.0	Data-dependent acquisition	NT=Q Exactive;AC=MS:1001911	NT=Trypsin;AC=MS:1001251	NT=TMT129C;AC=PRIDE:0000524	10	not available	not available	not available	NT=Carbamidomethyl;AC=UNIMOD:4;TA=C;MT=Fixed	NT=Oxidation;AC=UNIMOD:35;TA=M;MT=Variable	NT=TMT6plex;AC=UNIMOD:737;TA=K;MT=Fixed	NT=TMT6plex;AC=UNIMOD:737;PP=Any N-term;MT=Fixed	NT=ms-proteomics;VV=v1.1.0	RNase A treated soluble
Ecoli_Lysate_S2_untreated_soluble	Escherichia coli	cell lysate	not applicable	2	not available	Ecoli_Lysate_E19	proteomic profiling by mass spectrometry	1	WC_Proteinfolding_FASP_TMT_F10_R1_20170917.raw	v1.1.0	Data-dependent acquisition	NT=Q Exactive;AC=MS:1001911	NT=Trypsin;AC=MS:1001251	NT=TMT130N;AC=PRIDE:0000528	10	not available	not available	not available	NT=Carbamidomethyl;AC=UNIMOD:4;TA=C;MT=Fixed	NT=Oxidation;AC=UNIMOD:35;TA=M;MT=Variable	NT=TMT6plex;AC=UNIMOD:737;TA=K;MT=Fixed	NT=TMT6plex;AC=UNIMOD:737;PP=Any N-term;MT=Fixed	NT=ms-proteomics;VV=v1.1.0	RNase A untreated soluble
Ecoli_Lysate_S1_RNaseA_total	Escherichia coli	cell lysate	not applicable	1	not available	Ecoli_Lysate_E20	proteomic profiling by mass spectrometry	2	WC_Proteinfolding_FASP_TMT_F10_R2_20170919.raw	v1.1.0	Data-dependent acquisition	NT=Q Exactive;AC=MS:1001911	NT=Trypsin;AC=MS:1001251	NT=TMT126;AC=PRIDE:0000516	10	not available	not available	not available	NT=Carbamidomethyl;AC=UNIMOD:4;TA=C;MT=Fixed	NT=Oxidation;AC=UNIMOD:35;TA=M;MT=Variable	NT=TMT6plex;AC=UNIMOD:737;TA=K;MT=Fixed	NT=TMT6plex;AC=UNIMOD:737;PP=Any N-term;MT=Fixed	NT=ms-proteomics;VV=v1.1.0	RNase A treated total
Ecoli_Lysate_S1_untreated_total	Escherichia coli	cell lysate	not applicable	1	not available	Ecoli_Lysate_E20	proteomic profiling by mass spectrometry	2	WC_Proteinfolding_FASP_TMT_F10_R2_20170919.raw	v1.1.0	Data-dependent acquisition	NT=Q Exactive;AC=MS:1001911	NT=Trypsin;AC=MS:1001251	NT=TMT127N;AC=PRIDE:0000519	10	not available	not available	not available	NT=Carbamidomethyl;AC=UNIMOD:4;TA=C;MT=Fixed	NT=Oxidation;AC=UNIMOD:35;TA=M;MT=Variable	NT=TMT6plex;AC=UNIMOD:737;TA=K;MT=Fixed	NT=TMT6plex;AC=UNIMOD:737;PP=Any N-term;MT=Fixed	NT=ms-proteomics;VV=v1.1.0	RNase A untreated total
Ecoli_Lysate_S1_RNaseA_soluble	Escherichia coli	cell lysate	not applicable	1	not available	Ecoli_Lysate_E20	proteomic profiling by mass spectrometry	2	WC_Proteinfolding_FASP_TMT_F10_R2_20170919.raw	v1.1.0	Data-dependent acquisition	NT=Q Exactive;AC=MS:1001911	NT=Trypsin;AC=MS:1001251	NT=TMT127C;AC=PRIDE:0000518	10	not available	not available	not available	NT=Carbamidomethyl;AC=UNIMOD:4;TA=C;MT=Fixed	NT=Oxidation;AC=UNIMOD:35;TA=M;MT=Variable	NT=TMT6plex;AC=UNIMOD:737;TA=K;MT=Fixed	NT=TMT6plex;AC=UNIMOD:737;PP=Any N-term;MT=Fixed	NT=ms-proteomics;VV=v1.1.0	RNase A treated soluble
Ecoli_Lysate_S1_untreated_soluble	Escherichia coli	cell lysate	not applicable	1	not available	Ecoli_Lysate_E20	proteomic profiling by mass spectrometry	2	WC_Proteinfolding_FASP_TMT_F10_R2_20170919.raw	v1.1.0	Data-dependent acquisition	NT=Q Exactive;AC=MS:1001911	NT=Trypsin;AC=MS:1001251	NT=TMT128N;AC=PRIDE:0000522	10	not available	not available	not available	NT=Carbamidomethyl;AC=UNIMOD:4;TA=C;MT=Fixed	NT=Oxidation;AC=UNIMOD:35;TA=M;MT=Variable	NT=TMT6plex;AC=UNIMOD:737;TA=K;MT=Fixed	NT=TMT6plex;AC=UNIMOD:737;PP=Any N-term;MT=Fixed	NT=ms-proteomics;VV=v1.1.0	RNase A untreated soluble
Ecoli_Lysate_S2_RNaseA_total	Escherichia coli	cell lysate	not applicable	2	not available	Ecoli_Lysate_E20	proteomic profiling by mass spectrometry	2	WC_Proteinfolding_FASP_TMT_F10_R2_20170919.raw	v1.1.0	Data-dependent acquisition	NT=Q Exactive;AC=MS:1001911	NT=Trypsin;AC=MS:1001251	NT=TMT128C;AC=PRIDE:0000521	10	not available	not available	not available	NT=Carbamidomethyl;AC=UNIMOD:4;TA=C;MT=Fixed	NT=Oxidation;AC=UNIMOD:35;TA=M;MT=Variable	NT=TMT6plex;AC=UNIMOD:737;TA=K;MT=Fixed	NT=TMT6plex;AC=UNIMOD:737;PP=Any N-term;MT=Fixed	NT=ms-proteomics;VV=v1.1.0	RNase A treated total
Ecoli_Lysate_S2_untreated_total	Escherichia coli	cell lysate	not applicable	2	not available	Ecoli_Lysate_E20	proteomic profiling by mass spectrometry	2	WC_Proteinfolding_FASP_TMT_F10_R2_20170919.raw	v1.1.0	Data-dependent acquisition	NT=Q Exactive;AC=MS:1001911	NT=Trypsin;AC=MS:1001251	NT=TMT129N;AC=PRIDE:0000525	10	not available	not available	not available	NT=Carbamidomethyl;AC=UNIMOD:4;TA=C;MT=Fixed	NT=Oxidation;AC=UNIMOD:35;TA=M;MT=Variable	NT=TMT6plex;AC=UNIMOD:737;TA=K;MT=Fixed	NT=TMT6plex;AC=UNIMOD:737;PP=Any N-term;MT=Fixed	NT=ms-proteomics;VV=v1.1.0	RNase A untreated total
Ecoli_Lysate_S2_RNaseA_soluble	Escherichia coli	cell lysate	not applicable	2	not available	Ecoli_Lysate_E20	proteomic profiling by mass spectrometry	2	WC_Proteinfolding_FASP_TMT_F10_R2_20170919.raw	v1.1.0	Data-dependent acquisition	NT=Q Exactive;AC=MS:1001911	NT=Trypsin;AC=MS:1001251	NT=TMT129C;AC=PRIDE:0000524	10	not available	not available	not available	NT=Carbamidomethyl;AC=UNIMOD:4;TA=C;MT=Fixed	NT=Oxidation;AC=UNIMOD:35;TA=M;MT=Variable	NT=TMT6plex;AC=UNIMOD:737;TA=K;MT=Fixed	NT=TMT6plex;AC=UNIMOD:737;PP=Any N-term;MT=Fixed	NT=ms-proteomics;VV=v1.1.0	RNase A treated soluble
Ecoli_Lysate_S2_untreated_soluble	Escherichia coli	cell lysate	not applicable	2	not available	Ecoli_Lysate_E20	proteomic profiling by mass spectrometry	2	WC_Proteinfolding_FASP_TMT_F10_R2_20170919.raw	v1.1.0	Data-dependent acquisition	NT=Q Exactive;AC=MS:1001911	NT=Trypsin;AC=MS:1001251	NT=TMT130N;AC=PRIDE:0000528	10	not available	not available	not available	NT=Carbamidomethyl;AC=UNIMOD:4;TA=C;MT=Fixed	NT=Oxidation;AC=UNIMOD:35;TA=M;MT=Variable	NT=TMT6plex;AC=UNIMOD:737;TA=K;MT=Fixed	NT=TMT6plex;AC=UNIMOD:737;PP=Any N-term;MT=Fixed	NT=ms-proteomics;VV=v1.1.0	RNase A untreated soluble
Ecoli_Lysate_S1_RNaseA_total	Escherichia coli	cell lysate	not applicable	1	not available	Ecoli_Lysate_E21	proteomic profiling by mass spectrometry	1	WC_Proteinfolding_FASP_TMT_F11_R1_20170917.raw	v1.1.0	Data-dependent acquisition	NT=Q Exactive;AC=MS:1001911	NT=Trypsin;AC=MS:1001251	NT=TMT126;AC=PRIDE:0000516	11	not available	not available	not available	NT=Carbamidomethyl;AC=UNIMOD:4;TA=C;MT=Fixed	NT=Oxidation;AC=UNIMOD:35;TA=M;MT=Variable	NT=TMT6plex;AC=UNIMOD:737;TA=K;MT=Fixed	NT=TMT6plex;AC=UNIMOD:737;PP=Any N-term;MT=Fixed	NT=ms-proteomics;VV=v1.1.0	RNase A treated total
Ecoli_Lysate_S1_untreated_total	Escherichia coli	cell lysate	not applicable	1	not available	Ecoli_Lysate_E21	proteomic profiling by mass spectrometry	1	WC_Proteinfolding_FASP_TMT_F11_R1_20170917.raw	v1.1.0	Data-dependent acquisition	NT=Q Exactive;AC=MS:1001911	NT=Trypsin;AC=MS:1001251	NT=TMT127N;AC=PRIDE:0000519	11	not available	not available	not available	NT=Carbamidomethyl;AC=UNIMOD:4;TA=C;MT=Fixed	NT=Oxidation;AC=UNIMOD:35;TA=M;MT=Variable	NT=TMT6plex;AC=UNIMOD:737;TA=K;MT=Fixed	NT=TMT6plex;AC=UNIMOD:737;PP=Any N-term;MT=Fixed	NT=ms-proteomics;VV=v1.1.0	RNase A untreated total
Ecoli_Lysate_S1_RNaseA_soluble	Escherichia coli	cell lysate	not applicable	1	not available	Ecoli_Lysate_E21	proteomic profiling by mass spectrometry	1	WC_Proteinfolding_FASP_TMT_F11_R1_20170917.raw	v1.1.0	Data-dependent acquisition	NT=Q Exactive;AC=MS:1001911	NT=Trypsin;AC=MS:1001251	NT=TMT127C;AC=PRIDE:0000518	11	not available	not available	not available	NT=Carbamidomethyl;AC=UNIMOD:4;TA=C;MT=Fixed	NT=Oxidation;AC=UNIMOD:35;TA=M;MT=Variable	NT=TMT6plex;AC=UNIMOD:737;TA=K;MT=Fixed	NT=TMT6plex;AC=UNIMOD:737;PP=Any N-term;MT=Fixed	NT=ms-proteomics;VV=v1.1.0	RNase A treated soluble
Ecoli_Lysate_S1_untreated_soluble	Escherichia coli	cell lysate	not applicable	1	not available	Ecoli_Lysate_E21	proteomic profiling by mass spectrometry	1	WC_Proteinfolding_FASP_TMT_F11_R1_20170917.raw	v1.1.0	Data-dependent acquisition	NT=Q Exactive;AC=MS:1001911	NT=Trypsin;AC=MS:1001251	NT=TMT128N;AC=PRIDE:0000522	11	not available	not available	not available	NT=Carbamidomethyl;AC=UNIMOD:4;TA=C;MT=Fixed	NT=Oxidation;AC=UNIMOD:35;TA=M;MT=Variable	NT=TMT6plex;AC=UNIMOD:737;TA=K;MT=Fixed	NT=TMT6plex;AC=UNIMOD:737;PP=Any N-term;MT=Fixed	NT=ms-proteomics;VV=v1.1.0	RNase A untreated soluble
Ecoli_Lysate_S2_RNaseA_total	Escherichia coli	cell lysate	not applicable	2	not available	Ecoli_Lysate_E21	proteomic profiling by mass spectrometry	1	WC_Proteinfolding_FASP_TMT_F11_R1_20170917.raw	v1.1.0	Data-dependent acquisition	NT=Q Exactive;AC=MS:1001911	NT=Trypsin;AC=MS:1001251	NT=TMT128C;AC=PRIDE:0000521	11	not available	not available	not available	NT=Carbamidomethyl;AC=UNIMOD:4;TA=C;MT=Fixed	NT=Oxidation;AC=UNIMOD:35;TA=M;MT=Variable	NT=TMT6plex;AC=UNIMOD:737;TA=K;MT=Fixed	NT=TMT6plex;AC=UNIMOD:737;PP=Any N-term;MT=Fixed	NT=ms-proteomics;VV=v1.1.0	RNase A treated total
Ecoli_Lysate_S2_untreated_total	Escherichia coli	cell lysate	not applicable	2	not available	Ecoli_Lysate_E21	proteomic profiling by mass spectrometry	1	WC_Proteinfolding_FASP_TMT_F11_R1_20170917.raw	v1.1.0	Data-dependent acquisition	NT=Q Exactive;AC=MS:1001911	NT=Trypsin;AC=MS:1001251	NT=TMT129N;AC=PRIDE:0000525	11	not available	not available	not available	NT=Carbamidomethyl;AC=UNIMOD:4;TA=C;MT=Fixed	NT=Oxidation;AC=UNIMOD:35;TA=M;MT=Variable	NT=TMT6plex;AC=UNIMOD:737;TA=K;MT=Fixed	NT=TMT6plex;AC=UNIMOD:737;PP=Any N-term;MT=Fixed	NT=ms-proteomics;VV=v1.1.0	RNase A untreated total
Ecoli_Lysate_S2_RNaseA_soluble	Escherichia coli	cell lysate	not applicable	2	not available	Ecoli_Lysate_E21	proteomic profiling by mass spectrometry	1	WC_Proteinfolding_FASP_TMT_F11_R1_20170917.raw	v1.1.0	Data-dependent acquisition	NT=Q Exactive;AC=MS:1001911	NT=Trypsin;AC=MS:1001251	NT=TMT129C;AC=PRIDE:0000524	11	not available	not available	not available	NT=Carbamidomethyl;AC=UNIMOD:4;TA=C;MT=Fixed	NT=Oxidation;AC=UNIMOD:35;TA=M;MT=Variable	NT=TMT6plex;AC=UNIMOD:737;TA=K;MT=Fixed	NT=TMT6plex;AC=UNIMOD:737;PP=Any N-term;MT=Fixed	NT=ms-proteomics;VV=v1.1.0	RNase A treated soluble
Ecoli_Lysate_S2_untreated_soluble	Escherichia coli	cell lysate	not applicable	2	not available	Ecoli_Lysate_E21	proteomic profiling by mass spectrometry	1	WC_Proteinfolding_FASP_TMT_F11_R1_20170917.raw	v1.1.0	Data-dependent acquisition	NT=Q Exactive;AC=MS:1001911	NT=Trypsin;AC=MS:1001251	NT=TMT130N;AC=PRIDE:0000528	11	not available	not available	not available	NT=Carbamidomethyl;AC=UNIMOD:4;TA=C;MT=Fixed	NT=Oxidation;AC=UNIMOD:35;TA=M;MT=Variable	NT=TMT6plex;AC=UNIMOD:737;TA=K;MT=Fixed	NT=TMT6plex;AC=UNIMOD:737;PP=Any N-term;MT=Fixed	NT=ms-proteomics;VV=v1.1.0	RNase A untreated soluble
Ecoli_Lysate_S1_RNaseA_total	Escherichia coli	cell lysate	not applicable	1	not available	Ecoli_Lysate_E22	proteomic profiling by mass spectrometry	2	WC_Proteinfolding_FASP_TMT_F11_R2_20170919.raw	v1.1.0	Data-dependent acquisition	NT=Q Exactive;AC=MS:1001911	NT=Trypsin;AC=MS:1001251	NT=TMT126;AC=PRIDE:0000516	11	not available	not available	not available	NT=Carbamidomethyl;AC=UNIMOD:4;TA=C;MT=Fixed	NT=Oxidation;AC=UNIMOD:35;TA=M;MT=Variable	NT=TMT6plex;AC=UNIMOD:737;TA=K;MT=Fixed	NT=TMT6plex;AC=UNIMOD:737;PP=Any N-term;MT=Fixed	NT=ms-proteomics;VV=v1.1.0	RNase A treated total
Ecoli_Lysate_S1_untreated_total	Escherichia coli	cell lysate	not applicable	1	not available	Ecoli_Lysate_E22	proteomic profiling by mass spectrometry	2	WC_Proteinfolding_FASP_TMT_F11_R2_20170919.raw	v1.1.0	Data-dependent acquisition	NT=Q Exactive;AC=MS:1001911	NT=Trypsin;AC=MS:1001251	NT=TMT127N;AC=PRIDE:0000519	11	not available	not available	not available	NT=Carbamidomethyl;AC=UNIMOD:4;TA=C;MT=Fixed	NT=Oxidation;AC=UNIMOD:35;TA=M;MT=Variable	NT=TMT6plex;AC=UNIMOD:737;TA=K;MT=Fixed	NT=TMT6plex;AC=UNIMOD:737;PP=Any N-term;MT=Fixed	NT=ms-proteomics;VV=v1.1.0	RNase A untreated total
Ecoli_Lysate_S1_RNaseA_soluble	Escherichia coli	cell lysate	not applicable	1	not available	Ecoli_Lysate_E22	proteomic profiling by mass spectrometry	2	WC_Proteinfolding_FASP_TMT_F11_R2_20170919.raw	v1.1.0	Data-dependent acquisition	NT=Q Exactive;AC=MS:1001911	NT=Trypsin;AC=MS:1001251	NT=TMT127C;AC=PRIDE:0000518	11	not available	not available	not available	NT=Carbamidomethyl;AC=UNIMOD:4;TA=C;MT=Fixed	NT=Oxidation;AC=UNIMOD:35;TA=M;MT=Variable	NT=TMT6plex;AC=UNIMOD:737;TA=K;MT=Fixed	NT=TMT6plex;AC=UNIMOD:737;PP=Any N-term;MT=Fixed	NT=ms-proteomics;VV=v1.1.0	RNase A treated soluble
Ecoli_Lysate_S1_untreated_soluble	Escherichia coli	cell lysate	not applicable	1	not available	Ecoli_Lysate_E22	proteomic profiling by mass spectrometry	2	WC_Proteinfolding_FASP_TMT_F11_R2_20170919.raw	v1.1.0	Data-dependent acquisition	NT=Q Exactive;AC=MS:1001911	NT=Trypsin;AC=MS:1001251	NT=TMT128N;AC=PRIDE:0000522	11	not available	not available	not available	NT=Carbamidomethyl;AC=UNIMOD:4;TA=C;MT=Fixed	NT=Oxidation;AC=UNIMOD:35;TA=M;MT=Variable	NT=TMT6plex;AC=UNIMOD:737;TA=K;MT=Fixed	NT=TMT6plex;AC=UNIMOD:737;PP=Any N-term;MT=Fixed	NT=ms-proteomics;VV=v1.1.0	RNase A untreated soluble
Ecoli_Lysate_S2_RNaseA_total	Escherichia coli	cell lysate	not applicable	2	not available	Ecoli_Lysate_E22	proteomic profiling by mass spectrometry	2	WC_Proteinfolding_FASP_TMT_F11_R2_20170919.raw	v1.1.0	Data-dependent acquisition	NT=Q Exactive;AC=MS:1001911	NT=Trypsin;AC=MS:1001251	NT=TMT128C;AC=PRIDE:0000521	11	not available	not available	not available	NT=Carbamidomethyl;AC=UNIMOD:4;TA=C;MT=Fixed	NT=Oxidation;AC=UNIMOD:35;TA=M;MT=Variable	NT=TMT6plex;AC=UNIMOD:737;TA=K;MT=Fixed	NT=TMT6plex;AC=UNIMOD:737;PP=Any N-term;MT=Fixed	NT=ms-proteomics;VV=v1.1.0	RNase A treated total
Ecoli_Lysate_S2_untreated_total	Escherichia coli	cell lysate	not applicable	2	not available	Ecoli_Lysate_E22	proteomic profiling by mass spectrometry	2	WC_Proteinfolding_FASP_TMT_F11_R2_20170919.raw	v1.1.0	Data-dependent acquisition	NT=Q Exactive;AC=MS:1001911	NT=Trypsin;AC=MS:1001251	NT=TMT129N;AC=PRIDE:0000525	11	not available	not available	not available	NT=Carbamidomethyl;AC=UNIMOD:4;TA=C;MT=Fixed	NT=Oxidation;AC=UNIMOD:35;TA=M;MT=Variable	NT=TMT6plex;AC=UNIMOD:737;TA=K;MT=Fixed	NT=TMT6plex;AC=UNIMOD:737;PP=Any N-term;MT=Fixed	NT=ms-proteomics;VV=v1.1.0	RNase A untreated total
Ecoli_Lysate_S2_RNaseA_soluble	Escherichia coli	cell lysate	not applicable	2	not available	Ecoli_Lysate_E22	proteomic profiling by mass spectrometry	2	WC_Proteinfolding_FASP_TMT_F11_R2_20170919.raw	v1.1.0	Data-dependent acquisition	NT=Q Exactive;AC=MS:1001911	NT=Trypsin;AC=MS:1001251	NT=TMT129C;AC=PRIDE:0000524	11	not available	not available	not available	NT=Carbamidomethyl;AC=UNIMOD:4;TA=C;MT=Fixed	NT=Oxidation;AC=UNIMOD:35;TA=M;MT=Variable	NT=TMT6plex;AC=UNIMOD:737;TA=K;MT=Fixed	NT=TMT6plex;AC=UNIMOD:737;PP=Any N-term;MT=Fixed	NT=ms-proteomics;VV=v1.1.0	RNase A treated soluble
Ecoli_Lysate_S2_untreated_soluble	Escherichia coli	cell lysate	not applicable	2	not available	Ecoli_Lysate_E22	proteomic profiling by mass spectrometry	2	WC_Proteinfolding_FASP_TMT_F11_R2_20170919.raw	v1.1.0	Data-dependent acquisition	NT=Q Exactive;AC=MS:1001911	NT=Trypsin;AC=MS:1001251	NT=TMT130N;AC=PRIDE:0000528	11	not available	not available	not available	NT=Carbamidomethyl;AC=UNIMOD:4;TA=C;MT=Fixed	NT=Oxidation;AC=UNIMOD:35;TA=M;MT=Variable	NT=TMT6plex;AC=UNIMOD:737;TA=K;MT=Fixed	NT=TMT6plex;AC=UNIMOD:737;PP=Any N-term;MT=Fixed	NT=ms-proteomics;VV=v1.1.0	RNase A untreated soluble
Ecoli_Lysate_S1_RNaseA_total	Escherichia coli	cell lysate	not applicable	1	not available	Ecoli_Lysate_E23	proteomic profiling by mass spectrometry	1	WC_Proteinfolding_FASP_TMT_F12_R1_20170917.raw	v1.1.0	Data-dependent acquisition	NT=Q Exactive;AC=MS:1001911	NT=Trypsin;AC=MS:1001251	NT=TMT126;AC=PRIDE:0000516	12	not available	not available	not available	NT=Carbamidomethyl;AC=UNIMOD:4;TA=C;MT=Fixed	NT=Oxidation;AC=UNIMOD:35;TA=M;MT=Variable	NT=TMT6plex;AC=UNIMOD:737;TA=K;MT=Fixed	NT=TMT6plex;AC=UNIMOD:737;PP=Any N-term;MT=Fixed	NT=ms-proteomics;VV=v1.1.0	RNase A treated total
Ecoli_Lysate_S1_untreated_total	Escherichia coli	cell lysate	not applicable	1	not available	Ecoli_Lysate_E23	proteomic profiling by mass spectrometry	1	WC_Proteinfolding_FASP_TMT_F12_R1_20170917.raw	v1.1.0	Data-dependent acquisition	NT=Q Exactive;AC=MS:1001911	NT=Trypsin;AC=MS:1001251	NT=TMT127N;AC=PRIDE:0000519	12	not available	not available	not available	NT=Carbamidomethyl;AC=UNIMOD:4;TA=C;MT=Fixed	NT=Oxidation;AC=UNIMOD:35;TA=M;MT=Variable	NT=TMT6plex;AC=UNIMOD:737;TA=K;MT=Fixed	NT=TMT6plex;AC=UNIMOD:737;PP=Any N-term;MT=Fixed	NT=ms-proteomics;VV=v1.1.0	RNase A untreated total
Ecoli_Lysate_S1_RNaseA_soluble	Escherichia coli	cell lysate	not applicable	1	not available	Ecoli_Lysate_E23	proteomic profiling by mass spectrometry	1	WC_Proteinfolding_FASP_TMT_F12_R1_20170917.raw	v1.1.0	Data-dependent acquisition	NT=Q Exactive;AC=MS:1001911	NT=Trypsin;AC=MS:1001251	NT=TMT127C;AC=PRIDE:0000518	12	not available	not available	not available	NT=Carbamidomethyl;AC=UNIMOD:4;TA=C;MT=Fixed	NT=Oxidation;AC=UNIMOD:35;TA=M;MT=Variable	NT=TMT6plex;AC=UNIMOD:737;TA=K;MT=Fixed	NT=TMT6plex;AC=UNIMOD:737;PP=Any N-term;MT=Fixed	NT=ms-proteomics;VV=v1.1.0	RNase A treated soluble
Ecoli_Lysate_S1_untreated_soluble	Escherichia coli	cell lysate	not applicable	1	not available	Ecoli_Lysate_E23	proteomic profiling by mass spectrometry	1	WC_Proteinfolding_FASP_TMT_F12_R1_20170917.raw	v1.1.0	Data-dependent acquisition	NT=Q Exactive;AC=MS:1001911	NT=Trypsin;AC=MS:1001251	NT=TMT128N;AC=PRIDE:0000522	12	not available	not available	not available	NT=Carbamidomethyl;AC=UNIMOD:4;TA=C;MT=Fixed	NT=Oxidation;AC=UNIMOD:35;TA=M;MT=Variable	NT=TMT6plex;AC=UNIMOD:737;TA=K;MT=Fixed	NT=TMT6plex;AC=UNIMOD:737;PP=Any N-term;MT=Fixed	NT=ms-proteomics;VV=v1.1.0	RNase A untreated soluble
Ecoli_Lysate_S2_RNaseA_total	Escherichia coli	cell lysate	not applicable	2	not available	Ecoli_Lysate_E23	proteomic profiling by mass spectrometry	1	WC_Proteinfolding_FASP_TMT_F12_R1_20170917.raw	v1.1.0	Data-dependent acquisition	NT=Q Exactive;AC=MS:1001911	NT=Trypsin;AC=MS:1001251	NT=TMT128C;AC=PRIDE:0000521	12	not available	not available	not available	NT=Carbamidomethyl;AC=UNIMOD:4;TA=C;MT=Fixed	NT=Oxidation;AC=UNIMOD:35;TA=M;MT=Variable	NT=TMT6plex;AC=UNIMOD:737;TA=K;MT=Fixed	NT=TMT6plex;AC=UNIMOD:737;PP=Any N-term;MT=Fixed	NT=ms-proteomics;VV=v1.1.0	RNase A treated total
Ecoli_Lysate_S2_untreated_total	Escherichia coli	cell lysate	not applicable	2	not available	Ecoli_Lysate_E23	proteomic profiling by mass spectrometry	1	WC_Proteinfolding_FASP_TMT_F12_R1_20170917.raw	v1.1.0	Data-dependent acquisition	NT=Q Exactive;AC=MS:1001911	NT=Trypsin;AC=MS:1001251	NT=TMT129N;AC=PRIDE:0000525	12	not available	not available	not available	NT=Carbamidomethyl;AC=UNIMOD:4;TA=C;MT=Fixed	NT=Oxidation;AC=UNIMOD:35;TA=M;MT=Variable	NT=TMT6plex;AC=UNIMOD:737;TA=K;MT=Fixed	NT=TMT6plex;AC=UNIMOD:737;PP=Any N-term;MT=Fixed	NT=ms-proteomics;VV=v1.1.0	RNase A untreated total
Ecoli_Lysate_S2_RNaseA_soluble	Escherichia coli	cell lysate	not applicable	2	not available	Ecoli_Lysate_E23	proteomic profiling by mass spectrometry	1	WC_Proteinfolding_FASP_TMT_F12_R1_20170917.raw	v1.1.0	Data-dependent acquisition	NT=Q Exactive;AC=MS:1001911	NT=Trypsin;AC=MS:1001251	NT=TMT129C;AC=PRIDE:0000524	12	not available	not available	not available	NT=Carbamidomethyl;AC=UNIMOD:4;TA=C;MT=Fixed	NT=Oxidation;AC=UNIMOD:35;TA=M;MT=Variable	NT=TMT6plex;AC=UNIMOD:737;TA=K;MT=Fixed	NT=TMT6plex;AC=UNIMOD:737;PP=Any N-term;MT=Fixed	NT=ms-proteomics;VV=v1.1.0	RNase A treated soluble
Ecoli_Lysate_S2_untreated_soluble	Escherichia coli	cell lysate	not applicable	2	not available	Ecoli_Lysate_E23	proteomic profiling by mass spectrometry	1	WC_Proteinfolding_FASP_TMT_F12_R1_20170917.raw	v1.1.0	Data-dependent acquisition	NT=Q Exactive;AC=MS:1001911	NT=Trypsin;AC=MS:1001251	NT=TMT130N;AC=PRIDE:0000528	12	not available	not available	not available	NT=Carbamidomethyl;AC=UNIMOD:4;TA=C;MT=Fixed	NT=Oxidation;AC=UNIMOD:35;TA=M;MT=Variable	NT=TMT6plex;AC=UNIMOD:737;TA=K;MT=Fixed	NT=TMT6plex;AC=UNIMOD:737;PP=Any N-term;MT=Fixed	NT=ms-proteomics;VV=v1.1.0	RNase A untreated soluble
Ecoli_Lysate_S1_RNaseA_total	Escherichia coli	cell lysate	not applicable	1	not available	Ecoli_Lysate_E24	proteomic profiling by mass spectrometry	2	WC_Proteinfolding_FASP_TMT_F12_R2_20170919.raw	v1.1.0	Data-dependent acquisition	NT=Q Exactive;AC=MS:1001911	NT=Trypsin;AC=MS:1001251	NT=TMT126;AC=PRIDE:0000516	12	not available	not available	not available	NT=Carbamidomethyl;AC=UNIMOD:4;TA=C;MT=Fixed	NT=Oxidation;AC=UNIMOD:35;TA=M;MT=Variable	NT=TMT6plex;AC=UNIMOD:737;TA=K;MT=Fixed	NT=TMT6plex;AC=UNIMOD:737;PP=Any N-term;MT=Fixed	NT=ms-proteomics;VV=v1.1.0	RNase A treated total
Ecoli_Lysate_S1_untreated_total	Escherichia coli	cell lysate	not applicable	1	not available	Ecoli_Lysate_E24	proteomic profiling by mass spectrometry	2	WC_Proteinfolding_FASP_TMT_F12_R2_20170919.raw	v1.1.0	Data-dependent acquisition	NT=Q Exactive;AC=MS:1001911	NT=Trypsin;AC=MS:1001251	NT=TMT127N;AC=PRIDE:0000519	12	not available	not available	not available	NT=Carbamidomethyl;AC=UNIMOD:4;TA=C;MT=Fixed	NT=Oxidation;AC=UNIMOD:35;TA=M;MT=Variable	NT=TMT6plex;AC=UNIMOD:737;TA=K;MT=Fixed	NT=TMT6plex;AC=UNIMOD:737;PP=Any N-term;MT=Fixed	NT=ms-proteomics;VV=v1.1.0	RNase A untreated total
Ecoli_Lysate_S1_RNaseA_soluble	Escherichia coli	cell lysate	not applicable	1	not available	Ecoli_Lysate_E24	proteomic profiling by mass spectrometry	2	WC_Proteinfolding_FASP_TMT_F12_R2_20170919.raw	v1.1.0	Data-dependent acquisition	NT=Q Exactive;AC=MS:1001911	NT=Trypsin;AC=MS:1001251	NT=TMT127C;AC=PRIDE:0000518	12	not available	not available	not available	NT=Carbamidomethyl;AC=UNIMOD:4;TA=C;MT=Fixed	NT=Oxidation;AC=UNIMOD:35;TA=M;MT=Variable	NT=TMT6plex;AC=UNIMOD:737;TA=K;MT=Fixed	NT=TMT6plex;AC=UNIMOD:737;PP=Any N-term;MT=Fixed	NT=ms-proteomics;VV=v1.1.0	RNase A treated soluble
Ecoli_Lysate_S1_untreated_soluble	Escherichia coli	cell lysate	not applicable	1	not available	Ecoli_Lysate_E24	proteomic profiling by mass spectrometry	2	WC_Proteinfolding_FASP_TMT_F12_R2_20170919.raw	v1.1.0	Data-dependent acquisition	NT=Q Exactive;AC=MS:1001911	NT=Trypsin;AC=MS:1001251	NT=TMT128N;AC=PRIDE:0000522	12	not available	not available	not available	NT=Carbamidomethyl;AC=UNIMOD:4;TA=C;MT=Fixed	NT=Oxidation;AC=UNIMOD:35;TA=M;MT=Variable	NT=TMT6plex;AC=UNIMOD:737;TA=K;MT=Fixed	NT=TMT6plex;AC=UNIMOD:737;PP=Any N-term;MT=Fixed	NT=ms-proteomics;VV=v1.1.0	RNase A untreated soluble
Ecoli_Lysate_S2_RNaseA_total	Escherichia coli	cell lysate	not applicable	2	not available	Ecoli_Lysate_E24	proteomic profiling by mass spectrometry	2	WC_Proteinfolding_FASP_TMT_F12_R2_20170919.raw	v1.1.0	Data-dependent acquisition	NT=Q Exactive;AC=MS:1001911	NT=Trypsin;AC=MS:1001251	NT=TMT128C;AC=PRIDE:0000521	12	not available	not available	not available	NT=Carbamidomethyl;AC=UNIMOD:4;TA=C;MT=Fixed	NT=Oxidation;AC=UNIMOD:35;TA=M;MT=Variable	NT=TMT6plex;AC=UNIMOD:737;TA=K;MT=Fixed	NT=TMT6plex;AC=UNIMOD:737;PP=Any N-term;MT=Fixed	NT=ms-proteomics;VV=v1.1.0	RNase A treated total
Ecoli_Lysate_S2_untreated_total	Escherichia coli	cell lysate	not applicable	2	not available	Ecoli_Lysate_E24	proteomic profiling by mass spectrometry	2	WC_Proteinfolding_FASP_TMT_F12_R2_20170919.raw	v1.1.0	Data-dependent acquisition	NT=Q Exactive;AC=MS:1001911	NT=Trypsin;AC=MS:1001251	NT=TMT129N;AC=PRIDE:0000525	12	not available	not available	not available	NT=Carbamidomethyl;AC=UNIMOD:4;TA=C;MT=Fixed	NT=Oxidation;AC=UNIMOD:35;TA=M;MT=Variable	NT=TMT6plex;AC=UNIMOD:737;TA=K;MT=Fixed	NT=TMT6plex;AC=UNIMOD:737;PP=Any N-term;MT=Fixed	NT=ms-proteomics;VV=v1.1.0	RNase A untreated total
Ecoli_Lysate_S2_RNaseA_soluble	Escherichia coli	cell lysate	not applicable	2	not available	Ecoli_Lysate_E24	proteomic profiling by mass spectrometry	2	WC_Proteinfolding_FASP_TMT_F12_R2_20170919.raw	v1.1.0	Data-dependent acquisition	NT=Q Exactive;AC=MS:1001911	NT=Trypsin;AC=MS:1001251	NT=TMT129C;AC=PRIDE:0000524	12	not available	not available	not available	NT=Carbamidomethyl;AC=UNIMOD:4;TA=C;MT=Fixed	NT=Oxidation;AC=UNIMOD:35;TA=M;MT=Variable	NT=TMT6plex;AC=UNIMOD:737;TA=K;MT=Fixed	NT=TMT6plex;AC=UNIMOD:737;PP=Any N-term;MT=Fixed	NT=ms-proteomics;VV=v1.1.0	RNase A treated soluble
Ecoli_Lysate_S2_untreated_soluble	Escherichia coli	cell lysate	not applicable	2	not available	Ecoli_Lysate_E24	proteomic profiling by mass spectrometry	2	WC_Proteinfolding_FASP_TMT_F12_R2_20170919.raw	v1.1.0	Data-dependent acquisition	NT=Q Exactive;AC=MS:1001911	NT=Trypsin;AC=MS:1001251	NT=TMT130N;AC=PRIDE:0000528	12	not available	not available	not available	NT=Carbamidomethyl;AC=UNIMOD:4;TA=C;MT=Fixed	NT=Oxidation;AC=UNIMOD:35;TA=M;MT=Variable	NT=TMT6plex;AC=UNIMOD:737;TA=K;MT=Fixed	NT=TMT6plex;AC=UNIMOD:737;PP=Any N-term;MT=Fixed	NT=ms-proteomics;VV=v1.1.0	RNase A untreated soluble
