source name	characteristics[organism]	characteristics[organism part]	characteristics[cell line]	characteristics[cellosaurus accession]	characteristics[disease]	characteristics[material type]	characteristics[age]	characteristics[sex]	characteristics[individual]	characteristics[genotype]	characteristics[clone]	characteristics[treatment]	characteristics[treatment duration]	characteristics[biological replicate]	assay name	technology type	comment[proteomics data acquisition method]	comment[instrument]	comment[label]	comment[cleavage agent details]	comment[modification parameters]	comment[modification parameters]	comment[modification parameters]	comment[modification parameters]	comment[modification parameters]	comment[precursor mass tolerance]	comment[fragment mass tolerance]	comment[dissociation method]	comment[collision energy]	comment[ms2 mass analyzer]	comment[ms1 scan range]	comment[ms2 min mz]	comment[technical replicate]	comment[fraction identifier]	comment[analytical sample]	comment[data file]	comment[file uri]	comment[sdrf version]	comment[sdrf template]	comment[sdrf template]	comment[sdrf template]	factor value[genotype]	factor value[treatment]
PXD019692_Exp1_light	Homo sapiens	bone marrow	SH-SY5Y	CVCL_0019	Neuroblastoma	cell	not available	not available	not available	USP30 wild type	not applicable	DMSO	24 h	1	PXD019692_FL1015_MSQ1515_20181016_EmmaRusilowicz_Mix1A	proteomic profiling by mass spectrometry	NT=Data-dependent acquisition;AC=PRIDE:0000627	NT=Orbitrap Fusion Lumos;AC=MS:1002732	NT=SILAC light;AC=PRIDE:0000326	NT=Trypsin;AC=MS:1001251	NT=Carbamidomethyl;AC=UNIMOD:4;TA=C;MT=Fixed	NT=Oxidation;AC=UNIMOD:35;TA=M;MT=Variable	NT=Acetyl;AC=UNIMOD:1;PP=Protein N-term;MT=Variable	NT=GG;AC=UNIMOD:121;TA=K;MT=Variable	NT=Phospho;AC=UNIMOD:21;TA=S,T,Y;MT=Variable	not available	0.5 Da	NT=beam-type collision-induced dissociation;AC=MS:1000422	28 NCE	NT=ion trap;AC=MS:1000264	400m/z-1500m/z	not available	1	1	ubiquitylome_Mix1	FL1015_MSQ1515_20181016_EmmaRusilowicz_Mix1A.raw	https://ftp.pride.ebi.ac.uk/pride/data/archive/2020/07/PXD019692/FL1015_MSQ1515_20181016_EmmaRusilowicz_Mix1A.raw	v1.1.0	NT=ms-proteomics;VV=v1.1.0	NT=human;VV=v1.1.0	NT=cell-lines;VV=v1.1.0	USP30 wild type	DMSO
PXD019692_Exp1_Exp2_medium	Homo sapiens	bone marrow	SH-SY5Y	CVCL_0019	Neuroblastoma	cell	not available	not available	not available	USP30 knockout	KO11	antimycin A/oligomycin A	24 h	1	PXD019692_FL1015_MSQ1515_20181016_EmmaRusilowicz_Mix1A	proteomic profiling by mass spectrometry	NT=Data-dependent acquisition;AC=PRIDE:0000627	NT=Orbitrap Fusion Lumos;AC=MS:1002732	NT=SILAC medium;AC=PRIDE:0000327	NT=Trypsin;AC=MS:1001251	NT=Carbamidomethyl;AC=UNIMOD:4;TA=C;MT=Fixed	NT=Oxidation;AC=UNIMOD:35;TA=M;MT=Variable	NT=Acetyl;AC=UNIMOD:1;PP=Protein N-term;MT=Variable	NT=GG;AC=UNIMOD:121;TA=K;MT=Variable	NT=Phospho;AC=UNIMOD:21;TA=S,T,Y;MT=Variable	not available	0.5 Da	NT=beam-type collision-induced dissociation;AC=MS:1000422	28 NCE	NT=ion trap;AC=MS:1000264	400m/z-1500m/z	not available	1	1	ubiquitylome_Mix1	FL1015_MSQ1515_20181016_EmmaRusilowicz_Mix1A.raw	https://ftp.pride.ebi.ac.uk/pride/data/archive/2020/07/PXD019692/FL1015_MSQ1515_20181016_EmmaRusilowicz_Mix1A.raw	v1.1.0	NT=ms-proteomics;VV=v1.1.0	NT=human;VV=v1.1.0	NT=cell-lines;VV=v1.1.0	USP30 knockout	antimycin A/oligomycin A
PXD019692_Exp1_heavy	Homo sapiens	bone marrow	SH-SY5Y	CVCL_0019	Neuroblastoma	cell	not available	not available	not available	USP30 wild type	not applicable	FT385	24 h	1	PXD019692_FL1015_MSQ1515_20181016_EmmaRusilowicz_Mix1A	proteomic profiling by mass spectrometry	NT=Data-dependent acquisition;AC=PRIDE:0000627	NT=Orbitrap Fusion Lumos;AC=MS:1002732	NT=SILAC heavy;AC=PRIDE:0000325	NT=Trypsin;AC=MS:1001251	NT=Carbamidomethyl;AC=UNIMOD:4;TA=C;MT=Fixed	NT=Oxidation;AC=UNIMOD:35;TA=M;MT=Variable	NT=Acetyl;AC=UNIMOD:1;PP=Protein N-term;MT=Variable	NT=GG;AC=UNIMOD:121;TA=K;MT=Variable	NT=Phospho;AC=UNIMOD:21;TA=S,T,Y;MT=Variable	not available	0.5 Da	NT=beam-type collision-induced dissociation;AC=MS:1000422	28 NCE	NT=ion trap;AC=MS:1000264	400m/z-1500m/z	not available	1	1	ubiquitylome_Mix1	FL1015_MSQ1515_20181016_EmmaRusilowicz_Mix1A.raw	https://ftp.pride.ebi.ac.uk/pride/data/archive/2020/07/PXD019692/FL1015_MSQ1515_20181016_EmmaRusilowicz_Mix1A.raw	v1.1.0	NT=ms-proteomics;VV=v1.1.0	NT=human;VV=v1.1.0	NT=cell-lines;VV=v1.1.0	USP30 wild type	FT385
PXD019692_Exp2_light	Homo sapiens	bone marrow	SH-SY5Y	CVCL_0019	Neuroblastoma	cell	not available	not available	not available	USP30 wild type	not applicable	antimycin A/oligomycin A	24 h	1	PXD019692_FL1015_MSQ1515_20181016_EmmaRusilowicz_Mix2A	proteomic profiling by mass spectrometry	NT=Data-dependent acquisition;AC=PRIDE:0000627	NT=Orbitrap Fusion Lumos;AC=MS:1002732	NT=SILAC light;AC=PRIDE:0000326	NT=Trypsin;AC=MS:1001251	NT=Carbamidomethyl;AC=UNIMOD:4;TA=C;MT=Fixed	NT=Oxidation;AC=UNIMOD:35;TA=M;MT=Variable	NT=Acetyl;AC=UNIMOD:1;PP=Protein N-term;MT=Variable	NT=GG;AC=UNIMOD:121;TA=K;MT=Variable	NT=Phospho;AC=UNIMOD:21;TA=S,T,Y;MT=Variable	not available	0.5 Da	NT=beam-type collision-induced dissociation;AC=MS:1000422	28 NCE	NT=ion trap;AC=MS:1000264	400m/z-1500m/z	not available	1	1	ubiquitylome_Mix2	FL1015_MSQ1515_20181016_EmmaRusilowicz_Mix2A.raw	https://ftp.pride.ebi.ac.uk/pride/data/archive/2020/07/PXD019692/FL1015_MSQ1515_20181016_EmmaRusilowicz_Mix2A.raw	v1.1.0	NT=ms-proteomics;VV=v1.1.0	NT=human;VV=v1.1.0	NT=cell-lines;VV=v1.1.0	USP30 wild type	antimycin A/oligomycin A
PXD019692_Exp1_Exp2_medium	Homo sapiens	bone marrow	SH-SY5Y	CVCL_0019	Neuroblastoma	cell	not available	not available	not available	USP30 knockout	KO11	antimycin A/oligomycin A	24 h	1	PXD019692_FL1015_MSQ1515_20181016_EmmaRusilowicz_Mix2A	proteomic profiling by mass spectrometry	NT=Data-dependent acquisition;AC=PRIDE:0000627	NT=Orbitrap Fusion Lumos;AC=MS:1002732	NT=SILAC medium;AC=PRIDE:0000327	NT=Trypsin;AC=MS:1001251	NT=Carbamidomethyl;AC=UNIMOD:4;TA=C;MT=Fixed	NT=Oxidation;AC=UNIMOD:35;TA=M;MT=Variable	NT=Acetyl;AC=UNIMOD:1;PP=Protein N-term;MT=Variable	NT=GG;AC=UNIMOD:121;TA=K;MT=Variable	NT=Phospho;AC=UNIMOD:21;TA=S,T,Y;MT=Variable	not available	0.5 Da	NT=beam-type collision-induced dissociation;AC=MS:1000422	28 NCE	NT=ion trap;AC=MS:1000264	400m/z-1500m/z	not available	1	1	ubiquitylome_Mix2	FL1015_MSQ1515_20181016_EmmaRusilowicz_Mix2A.raw	https://ftp.pride.ebi.ac.uk/pride/data/archive/2020/07/PXD019692/FL1015_MSQ1515_20181016_EmmaRusilowicz_Mix2A.raw	v1.1.0	NT=ms-proteomics;VV=v1.1.0	NT=human;VV=v1.1.0	NT=cell-lines;VV=v1.1.0	USP30 knockout	antimycin A/oligomycin A
PXD019692_Exp2_heavy	Homo sapiens	bone marrow	SH-SY5Y	CVCL_0019	Neuroblastoma	cell	not available	not available	not available	USP30 wild type	not applicable	FT385 and antimycin A/oligomycin A	24 h	1	PXD019692_FL1015_MSQ1515_20181016_EmmaRusilowicz_Mix2A	proteomic profiling by mass spectrometry	NT=Data-dependent acquisition;AC=PRIDE:0000627	NT=Orbitrap Fusion Lumos;AC=MS:1002732	NT=SILAC heavy;AC=PRIDE:0000325	NT=Trypsin;AC=MS:1001251	NT=Carbamidomethyl;AC=UNIMOD:4;TA=C;MT=Fixed	NT=Oxidation;AC=UNIMOD:35;TA=M;MT=Variable	NT=Acetyl;AC=UNIMOD:1;PP=Protein N-term;MT=Variable	NT=GG;AC=UNIMOD:121;TA=K;MT=Variable	NT=Phospho;AC=UNIMOD:21;TA=S,T,Y;MT=Variable	not available	0.5 Da	NT=beam-type collision-induced dissociation;AC=MS:1000422	28 NCE	NT=ion trap;AC=MS:1000264	400m/z-1500m/z	not available	1	1	ubiquitylome_Mix2	FL1015_MSQ1515_20181016_EmmaRusilowicz_Mix2A.raw	https://ftp.pride.ebi.ac.uk/pride/data/archive/2020/07/PXD019692/FL1015_MSQ1515_20181016_EmmaRusilowicz_Mix2A.raw	v1.1.0	NT=ms-proteomics;VV=v1.1.0	NT=human;VV=v1.1.0	NT=cell-lines;VV=v1.1.0	USP30 wild type	FT385 and antimycin A/oligomycin A
PXD019692_Exp3_light	Homo sapiens	bone marrow	SH-SY5Y	CVCL_0019	Neuroblastoma	cell	not available	not available	not available	USP30 wild type	not applicable	antimycin A/oligomycin A	24 h	2	PXD019692_FL1015_MSQ1515_20181016_EmmaRusilowicz_Mix3A	proteomic profiling by mass spectrometry	NT=Data-dependent acquisition;AC=PRIDE:0000627	NT=Orbitrap Fusion Lumos;AC=MS:1002732	NT=SILAC light;AC=PRIDE:0000326	NT=Trypsin;AC=MS:1001251	NT=Carbamidomethyl;AC=UNIMOD:4;TA=C;MT=Fixed	NT=Oxidation;AC=UNIMOD:35;TA=M;MT=Variable	NT=Acetyl;AC=UNIMOD:1;PP=Protein N-term;MT=Variable	NT=GG;AC=UNIMOD:121;TA=K;MT=Variable	NT=Phospho;AC=UNIMOD:21;TA=S,T,Y;MT=Variable	not available	0.5 Da	NT=beam-type collision-induced dissociation;AC=MS:1000422	28 NCE	NT=ion trap;AC=MS:1000264	400m/z-1500m/z	not available	1	1	ubiquitylome_Mix3	FL1015_MSQ1515_20181016_EmmaRusilowicz_Mix3A.raw	https://ftp.pride.ebi.ac.uk/pride/data/archive/2020/07/PXD019692/FL1015_MSQ1515_20181016_EmmaRusilowicz_Mix3A.raw	v1.1.0	NT=ms-proteomics;VV=v1.1.0	NT=human;VV=v1.1.0	NT=cell-lines;VV=v1.1.0	USP30 wild type	antimycin A/oligomycin A
PXD019692_Exp3_medium	Homo sapiens	bone marrow	SH-SY5Y	CVCL_0019	Neuroblastoma	cell	not available	not available	not available	USP30 knockout	KO11	antimycin A/oligomycin A	24 h	2	PXD019692_FL1015_MSQ1515_20181016_EmmaRusilowicz_Mix3A	proteomic profiling by mass spectrometry	NT=Data-dependent acquisition;AC=PRIDE:0000627	NT=Orbitrap Fusion Lumos;AC=MS:1002732	NT=SILAC medium;AC=PRIDE:0000327	NT=Trypsin;AC=MS:1001251	NT=Carbamidomethyl;AC=UNIMOD:4;TA=C;MT=Fixed	NT=Oxidation;AC=UNIMOD:35;TA=M;MT=Variable	NT=Acetyl;AC=UNIMOD:1;PP=Protein N-term;MT=Variable	NT=GG;AC=UNIMOD:121;TA=K;MT=Variable	NT=Phospho;AC=UNIMOD:21;TA=S,T,Y;MT=Variable	not available	0.5 Da	NT=beam-type collision-induced dissociation;AC=MS:1000422	28 NCE	NT=ion trap;AC=MS:1000264	400m/z-1500m/z	not available	1	1	ubiquitylome_Mix3	FL1015_MSQ1515_20181016_EmmaRusilowicz_Mix3A.raw	https://ftp.pride.ebi.ac.uk/pride/data/archive/2020/07/PXD019692/FL1015_MSQ1515_20181016_EmmaRusilowicz_Mix3A.raw	v1.1.0	NT=ms-proteomics;VV=v1.1.0	NT=human;VV=v1.1.0	NT=cell-lines;VV=v1.1.0	USP30 knockout	antimycin A/oligomycin A
PXD019692_Exp3_heavy	Homo sapiens	bone marrow	SH-SY5Y	CVCL_0019	Neuroblastoma	cell	not available	not available	not available	USP30 wild type	not applicable	FT385 and antimycin A/oligomycin A	24 h	2	PXD019692_FL1015_MSQ1515_20181016_EmmaRusilowicz_Mix3A	proteomic profiling by mass spectrometry	NT=Data-dependent acquisition;AC=PRIDE:0000627	NT=Orbitrap Fusion Lumos;AC=MS:1002732	NT=SILAC heavy;AC=PRIDE:0000325	NT=Trypsin;AC=MS:1001251	NT=Carbamidomethyl;AC=UNIMOD:4;TA=C;MT=Fixed	NT=Oxidation;AC=UNIMOD:35;TA=M;MT=Variable	NT=Acetyl;AC=UNIMOD:1;PP=Protein N-term;MT=Variable	NT=GG;AC=UNIMOD:121;TA=K;MT=Variable	NT=Phospho;AC=UNIMOD:21;TA=S,T,Y;MT=Variable	not available	0.5 Da	NT=beam-type collision-induced dissociation;AC=MS:1000422	28 NCE	NT=ion trap;AC=MS:1000264	400m/z-1500m/z	not available	1	1	ubiquitylome_Mix3	FL1015_MSQ1515_20181016_EmmaRusilowicz_Mix3A.raw	https://ftp.pride.ebi.ac.uk/pride/data/archive/2020/07/PXD019692/FL1015_MSQ1515_20181016_EmmaRusilowicz_Mix3A.raw	v1.1.0	NT=ms-proteomics;VV=v1.1.0	NT=human;VV=v1.1.0	NT=cell-lines;VV=v1.1.0	USP30 wild type	FT385 and antimycin A/oligomycin A
PXD019692_Exp1_light	Homo sapiens	bone marrow	SH-SY5Y	CVCL_0019	Neuroblastoma	cell	not available	not available	not available	USP30 wild type	not applicable	DMSO	24 h	1	PXD019692_HF424_MSQ1515_ERusilowicz_20181129_Mix1A_1_RUN	proteomic profiling by mass spectrometry	NT=Data-dependent acquisition;AC=PRIDE:0000627	NT=Q Exactive HF;AC=MS:1002523	NT=SILAC light;AC=PRIDE:0000326	NT=Trypsin;AC=MS:1001251	NT=Carbamidomethyl;AC=UNIMOD:4;TA=C;MT=Fixed	NT=Oxidation;AC=UNIMOD:35;TA=M;MT=Variable	NT=Acetyl;AC=UNIMOD:1;PP=Protein N-term;MT=Variable	NT=GG;AC=UNIMOD:121;TA=K;MT=Variable	NT=Phospho;AC=UNIMOD:21;TA=S,T,Y;MT=Variable	not available	20 ppm	NT=beam-type collision-induced dissociation;AC=MS:1000422	28 NCE	NT=orbitrap;AC=MS:1000484	375m/z-1500m/z	100m/z	2	1	ubiquitylome_Mix1	HF424_MSQ1515_ERusilowicz_20181129_Mix1A_1_RUN.raw	https://ftp.pride.ebi.ac.uk/pride/data/archive/2020/07/PXD019692/HF424_MSQ1515_ERusilowicz_20181129_Mix1A_1_RUN.raw	v1.1.0	NT=ms-proteomics;VV=v1.1.0	NT=human;VV=v1.1.0	NT=cell-lines;VV=v1.1.0	USP30 wild type	DMSO
PXD019692_Exp1_Exp2_medium	Homo sapiens	bone marrow	SH-SY5Y	CVCL_0019	Neuroblastoma	cell	not available	not available	not available	USP30 knockout	KO11	antimycin A/oligomycin A	24 h	1	PXD019692_HF424_MSQ1515_ERusilowicz_20181129_Mix1A_1_RUN	proteomic profiling by mass spectrometry	NT=Data-dependent acquisition;AC=PRIDE:0000627	NT=Q Exactive HF;AC=MS:1002523	NT=SILAC medium;AC=PRIDE:0000327	NT=Trypsin;AC=MS:1001251	NT=Carbamidomethyl;AC=UNIMOD:4;TA=C;MT=Fixed	NT=Oxidation;AC=UNIMOD:35;TA=M;MT=Variable	NT=Acetyl;AC=UNIMOD:1;PP=Protein N-term;MT=Variable	NT=GG;AC=UNIMOD:121;TA=K;MT=Variable	NT=Phospho;AC=UNIMOD:21;TA=S,T,Y;MT=Variable	not available	20 ppm	NT=beam-type collision-induced dissociation;AC=MS:1000422	28 NCE	NT=orbitrap;AC=MS:1000484	375m/z-1500m/z	100m/z	2	1	ubiquitylome_Mix1	HF424_MSQ1515_ERusilowicz_20181129_Mix1A_1_RUN.raw	https://ftp.pride.ebi.ac.uk/pride/data/archive/2020/07/PXD019692/HF424_MSQ1515_ERusilowicz_20181129_Mix1A_1_RUN.raw	v1.1.0	NT=ms-proteomics;VV=v1.1.0	NT=human;VV=v1.1.0	NT=cell-lines;VV=v1.1.0	USP30 knockout	antimycin A/oligomycin A
PXD019692_Exp1_heavy	Homo sapiens	bone marrow	SH-SY5Y	CVCL_0019	Neuroblastoma	cell	not available	not available	not available	USP30 wild type	not applicable	FT385	24 h	1	PXD019692_HF424_MSQ1515_ERusilowicz_20181129_Mix1A_1_RUN	proteomic profiling by mass spectrometry	NT=Data-dependent acquisition;AC=PRIDE:0000627	NT=Q Exactive HF;AC=MS:1002523	NT=SILAC heavy;AC=PRIDE:0000325	NT=Trypsin;AC=MS:1001251	NT=Carbamidomethyl;AC=UNIMOD:4;TA=C;MT=Fixed	NT=Oxidation;AC=UNIMOD:35;TA=M;MT=Variable	NT=Acetyl;AC=UNIMOD:1;PP=Protein N-term;MT=Variable	NT=GG;AC=UNIMOD:121;TA=K;MT=Variable	NT=Phospho;AC=UNIMOD:21;TA=S,T,Y;MT=Variable	not available	20 ppm	NT=beam-type collision-induced dissociation;AC=MS:1000422	28 NCE	NT=orbitrap;AC=MS:1000484	375m/z-1500m/z	100m/z	2	1	ubiquitylome_Mix1	HF424_MSQ1515_ERusilowicz_20181129_Mix1A_1_RUN.raw	https://ftp.pride.ebi.ac.uk/pride/data/archive/2020/07/PXD019692/HF424_MSQ1515_ERusilowicz_20181129_Mix1A_1_RUN.raw	v1.1.0	NT=ms-proteomics;VV=v1.1.0	NT=human;VV=v1.1.0	NT=cell-lines;VV=v1.1.0	USP30 wild type	FT385
PXD019692_Exp1_light	Homo sapiens	bone marrow	SH-SY5Y	CVCL_0019	Neuroblastoma	cell	not available	not available	not available	USP30 wild type	not applicable	DMSO	24 h	1	PXD019692_HF424_MSQ1515_ERusilowicz_20181129_Mix1A_Run	proteomic profiling by mass spectrometry	NT=Data-dependent acquisition;AC=PRIDE:0000627	NT=Q Exactive HF;AC=MS:1002523	NT=SILAC light;AC=PRIDE:0000326	NT=Trypsin;AC=MS:1001251	NT=Carbamidomethyl;AC=UNIMOD:4;TA=C;MT=Fixed	NT=Oxidation;AC=UNIMOD:35;TA=M;MT=Variable	NT=Acetyl;AC=UNIMOD:1;PP=Protein N-term;MT=Variable	NT=GG;AC=UNIMOD:121;TA=K;MT=Variable	NT=Phospho;AC=UNIMOD:21;TA=S,T,Y;MT=Variable	not available	20 ppm	NT=beam-type collision-induced dissociation;AC=MS:1000422	28 NCE	NT=orbitrap;AC=MS:1000484	375m/z-1500m/z	100m/z	3	1	ubiquitylome_Mix1	HF424_MSQ1515_ERusilowicz_20181129_Mix1A_Run.raw	https://ftp.pride.ebi.ac.uk/pride/data/archive/2020/07/PXD019692/HF424_MSQ1515_ERusilowicz_20181129_Mix1A_Run.raw	v1.1.0	NT=ms-proteomics;VV=v1.1.0	NT=human;VV=v1.1.0	NT=cell-lines;VV=v1.1.0	USP30 wild type	DMSO
PXD019692_Exp1_Exp2_medium	Homo sapiens	bone marrow	SH-SY5Y	CVCL_0019	Neuroblastoma	cell	not available	not available	not available	USP30 knockout	KO11	antimycin A/oligomycin A	24 h	1	PXD019692_HF424_MSQ1515_ERusilowicz_20181129_Mix1A_Run	proteomic profiling by mass spectrometry	NT=Data-dependent acquisition;AC=PRIDE:0000627	NT=Q Exactive HF;AC=MS:1002523	NT=SILAC medium;AC=PRIDE:0000327	NT=Trypsin;AC=MS:1001251	NT=Carbamidomethyl;AC=UNIMOD:4;TA=C;MT=Fixed	NT=Oxidation;AC=UNIMOD:35;TA=M;MT=Variable	NT=Acetyl;AC=UNIMOD:1;PP=Protein N-term;MT=Variable	NT=GG;AC=UNIMOD:121;TA=K;MT=Variable	NT=Phospho;AC=UNIMOD:21;TA=S,T,Y;MT=Variable	not available	20 ppm	NT=beam-type collision-induced dissociation;AC=MS:1000422	28 NCE	NT=orbitrap;AC=MS:1000484	375m/z-1500m/z	100m/z	3	1	ubiquitylome_Mix1	HF424_MSQ1515_ERusilowicz_20181129_Mix1A_Run.raw	https://ftp.pride.ebi.ac.uk/pride/data/archive/2020/07/PXD019692/HF424_MSQ1515_ERusilowicz_20181129_Mix1A_Run.raw	v1.1.0	NT=ms-proteomics;VV=v1.1.0	NT=human;VV=v1.1.0	NT=cell-lines;VV=v1.1.0	USP30 knockout	antimycin A/oligomycin A
PXD019692_Exp1_heavy	Homo sapiens	bone marrow	SH-SY5Y	CVCL_0019	Neuroblastoma	cell	not available	not available	not available	USP30 wild type	not applicable	FT385	24 h	1	PXD019692_HF424_MSQ1515_ERusilowicz_20181129_Mix1A_Run	proteomic profiling by mass spectrometry	NT=Data-dependent acquisition;AC=PRIDE:0000627	NT=Q Exactive HF;AC=MS:1002523	NT=SILAC heavy;AC=PRIDE:0000325	NT=Trypsin;AC=MS:1001251	NT=Carbamidomethyl;AC=UNIMOD:4;TA=C;MT=Fixed	NT=Oxidation;AC=UNIMOD:35;TA=M;MT=Variable	NT=Acetyl;AC=UNIMOD:1;PP=Protein N-term;MT=Variable	NT=GG;AC=UNIMOD:121;TA=K;MT=Variable	NT=Phospho;AC=UNIMOD:21;TA=S,T,Y;MT=Variable	not available	20 ppm	NT=beam-type collision-induced dissociation;AC=MS:1000422	28 NCE	NT=orbitrap;AC=MS:1000484	375m/z-1500m/z	100m/z	3	1	ubiquitylome_Mix1	HF424_MSQ1515_ERusilowicz_20181129_Mix1A_Run.raw	https://ftp.pride.ebi.ac.uk/pride/data/archive/2020/07/PXD019692/HF424_MSQ1515_ERusilowicz_20181129_Mix1A_Run.raw	v1.1.0	NT=ms-proteomics;VV=v1.1.0	NT=human;VV=v1.1.0	NT=cell-lines;VV=v1.1.0	USP30 wild type	FT385
PXD019692_Exp1_light	Homo sapiens	bone marrow	SH-SY5Y	CVCL_0019	Neuroblastoma	cell	not available	not available	not available	USP30 wild type	not applicable	DMSO	24 h	1	PXD019692_HF424_MSQ1515_ERusilowicz_20181129_Mix1B_1_Run	proteomic profiling by mass spectrometry	NT=Data-dependent acquisition;AC=PRIDE:0000627	NT=Q Exactive HF;AC=MS:1002523	NT=SILAC light;AC=PRIDE:0000326	NT=Trypsin;AC=MS:1001251	NT=Carbamidomethyl;AC=UNIMOD:4;TA=C;MT=Fixed	NT=Oxidation;AC=UNIMOD:35;TA=M;MT=Variable	NT=Acetyl;AC=UNIMOD:1;PP=Protein N-term;MT=Variable	NT=GG;AC=UNIMOD:121;TA=K;MT=Variable	NT=Phospho;AC=UNIMOD:21;TA=S,T,Y;MT=Variable	not available	20 ppm	NT=beam-type collision-induced dissociation;AC=MS:1000422	28 NCE	NT=orbitrap;AC=MS:1000484	375m/z-1500m/z	100m/z	4	1	ubiquitylome_Mix1	HF424_MSQ1515_ERusilowicz_20181129_Mix1B_1_Run.raw	https://ftp.pride.ebi.ac.uk/pride/data/archive/2020/07/PXD019692/HF424_MSQ1515_ERusilowicz_20181129_Mix1B_1_Run.raw	v1.1.0	NT=ms-proteomics;VV=v1.1.0	NT=human;VV=v1.1.0	NT=cell-lines;VV=v1.1.0	USP30 wild type	DMSO
PXD019692_Exp1_Exp2_medium	Homo sapiens	bone marrow	SH-SY5Y	CVCL_0019	Neuroblastoma	cell	not available	not available	not available	USP30 knockout	KO11	antimycin A/oligomycin A	24 h	1	PXD019692_HF424_MSQ1515_ERusilowicz_20181129_Mix1B_1_Run	proteomic profiling by mass spectrometry	NT=Data-dependent acquisition;AC=PRIDE:0000627	NT=Q Exactive HF;AC=MS:1002523	NT=SILAC medium;AC=PRIDE:0000327	NT=Trypsin;AC=MS:1001251	NT=Carbamidomethyl;AC=UNIMOD:4;TA=C;MT=Fixed	NT=Oxidation;AC=UNIMOD:35;TA=M;MT=Variable	NT=Acetyl;AC=UNIMOD:1;PP=Protein N-term;MT=Variable	NT=GG;AC=UNIMOD:121;TA=K;MT=Variable	NT=Phospho;AC=UNIMOD:21;TA=S,T,Y;MT=Variable	not available	20 ppm	NT=beam-type collision-induced dissociation;AC=MS:1000422	28 NCE	NT=orbitrap;AC=MS:1000484	375m/z-1500m/z	100m/z	4	1	ubiquitylome_Mix1	HF424_MSQ1515_ERusilowicz_20181129_Mix1B_1_Run.raw	https://ftp.pride.ebi.ac.uk/pride/data/archive/2020/07/PXD019692/HF424_MSQ1515_ERusilowicz_20181129_Mix1B_1_Run.raw	v1.1.0	NT=ms-proteomics;VV=v1.1.0	NT=human;VV=v1.1.0	NT=cell-lines;VV=v1.1.0	USP30 knockout	antimycin A/oligomycin A
PXD019692_Exp1_heavy	Homo sapiens	bone marrow	SH-SY5Y	CVCL_0019	Neuroblastoma	cell	not available	not available	not available	USP30 wild type	not applicable	FT385	24 h	1	PXD019692_HF424_MSQ1515_ERusilowicz_20181129_Mix1B_1_Run	proteomic profiling by mass spectrometry	NT=Data-dependent acquisition;AC=PRIDE:0000627	NT=Q Exactive HF;AC=MS:1002523	NT=SILAC heavy;AC=PRIDE:0000325	NT=Trypsin;AC=MS:1001251	NT=Carbamidomethyl;AC=UNIMOD:4;TA=C;MT=Fixed	NT=Oxidation;AC=UNIMOD:35;TA=M;MT=Variable	NT=Acetyl;AC=UNIMOD:1;PP=Protein N-term;MT=Variable	NT=GG;AC=UNIMOD:121;TA=K;MT=Variable	NT=Phospho;AC=UNIMOD:21;TA=S,T,Y;MT=Variable	not available	20 ppm	NT=beam-type collision-induced dissociation;AC=MS:1000422	28 NCE	NT=orbitrap;AC=MS:1000484	375m/z-1500m/z	100m/z	4	1	ubiquitylome_Mix1	HF424_MSQ1515_ERusilowicz_20181129_Mix1B_1_Run.raw	https://ftp.pride.ebi.ac.uk/pride/data/archive/2020/07/PXD019692/HF424_MSQ1515_ERusilowicz_20181129_Mix1B_1_Run.raw	v1.1.0	NT=ms-proteomics;VV=v1.1.0	NT=human;VV=v1.1.0	NT=cell-lines;VV=v1.1.0	USP30 wild type	FT385
PXD019692_Exp1_light	Homo sapiens	bone marrow	SH-SY5Y	CVCL_0019	Neuroblastoma	cell	not available	not available	not available	USP30 wild type	not applicable	DMSO	24 h	1	PXD019692_HF424_MSQ1515_ERusilowicz_20181129_Mix1B_Run	proteomic profiling by mass spectrometry	NT=Data-dependent acquisition;AC=PRIDE:0000627	NT=Q Exactive HF;AC=MS:1002523	NT=SILAC light;AC=PRIDE:0000326	NT=Trypsin;AC=MS:1001251	NT=Carbamidomethyl;AC=UNIMOD:4;TA=C;MT=Fixed	NT=Oxidation;AC=UNIMOD:35;TA=M;MT=Variable	NT=Acetyl;AC=UNIMOD:1;PP=Protein N-term;MT=Variable	NT=GG;AC=UNIMOD:121;TA=K;MT=Variable	NT=Phospho;AC=UNIMOD:21;TA=S,T,Y;MT=Variable	not available	20 ppm	NT=beam-type collision-induced dissociation;AC=MS:1000422	28 NCE	NT=orbitrap;AC=MS:1000484	375m/z-1500m/z	100m/z	5	1	ubiquitylome_Mix1	HF424_MSQ1515_ERusilowicz_20181129_Mix1B_Run.raw	https://ftp.pride.ebi.ac.uk/pride/data/archive/2020/07/PXD019692/HF424_MSQ1515_ERusilowicz_20181129_Mix1B_Run.raw	v1.1.0	NT=ms-proteomics;VV=v1.1.0	NT=human;VV=v1.1.0	NT=cell-lines;VV=v1.1.0	USP30 wild type	DMSO
PXD019692_Exp1_Exp2_medium	Homo sapiens	bone marrow	SH-SY5Y	CVCL_0019	Neuroblastoma	cell	not available	not available	not available	USP30 knockout	KO11	antimycin A/oligomycin A	24 h	1	PXD019692_HF424_MSQ1515_ERusilowicz_20181129_Mix1B_Run	proteomic profiling by mass spectrometry	NT=Data-dependent acquisition;AC=PRIDE:0000627	NT=Q Exactive HF;AC=MS:1002523	NT=SILAC medium;AC=PRIDE:0000327	NT=Trypsin;AC=MS:1001251	NT=Carbamidomethyl;AC=UNIMOD:4;TA=C;MT=Fixed	NT=Oxidation;AC=UNIMOD:35;TA=M;MT=Variable	NT=Acetyl;AC=UNIMOD:1;PP=Protein N-term;MT=Variable	NT=GG;AC=UNIMOD:121;TA=K;MT=Variable	NT=Phospho;AC=UNIMOD:21;TA=S,T,Y;MT=Variable	not available	20 ppm	NT=beam-type collision-induced dissociation;AC=MS:1000422	28 NCE	NT=orbitrap;AC=MS:1000484	375m/z-1500m/z	100m/z	5	1	ubiquitylome_Mix1	HF424_MSQ1515_ERusilowicz_20181129_Mix1B_Run.raw	https://ftp.pride.ebi.ac.uk/pride/data/archive/2020/07/PXD019692/HF424_MSQ1515_ERusilowicz_20181129_Mix1B_Run.raw	v1.1.0	NT=ms-proteomics;VV=v1.1.0	NT=human;VV=v1.1.0	NT=cell-lines;VV=v1.1.0	USP30 knockout	antimycin A/oligomycin A
PXD019692_Exp1_heavy	Homo sapiens	bone marrow	SH-SY5Y	CVCL_0019	Neuroblastoma	cell	not available	not available	not available	USP30 wild type	not applicable	FT385	24 h	1	PXD019692_HF424_MSQ1515_ERusilowicz_20181129_Mix1B_Run	proteomic profiling by mass spectrometry	NT=Data-dependent acquisition;AC=PRIDE:0000627	NT=Q Exactive HF;AC=MS:1002523	NT=SILAC heavy;AC=PRIDE:0000325	NT=Trypsin;AC=MS:1001251	NT=Carbamidomethyl;AC=UNIMOD:4;TA=C;MT=Fixed	NT=Oxidation;AC=UNIMOD:35;TA=M;MT=Variable	NT=Acetyl;AC=UNIMOD:1;PP=Protein N-term;MT=Variable	NT=GG;AC=UNIMOD:121;TA=K;MT=Variable	NT=Phospho;AC=UNIMOD:21;TA=S,T,Y;MT=Variable	not available	20 ppm	NT=beam-type collision-induced dissociation;AC=MS:1000422	28 NCE	NT=orbitrap;AC=MS:1000484	375m/z-1500m/z	100m/z	5	1	ubiquitylome_Mix1	HF424_MSQ1515_ERusilowicz_20181129_Mix1B_Run.raw	https://ftp.pride.ebi.ac.uk/pride/data/archive/2020/07/PXD019692/HF424_MSQ1515_ERusilowicz_20181129_Mix1B_Run.raw	v1.1.0	NT=ms-proteomics;VV=v1.1.0	NT=human;VV=v1.1.0	NT=cell-lines;VV=v1.1.0	USP30 wild type	FT385
PXD019692_Exp2_light	Homo sapiens	bone marrow	SH-SY5Y	CVCL_0019	Neuroblastoma	cell	not available	not available	not available	USP30 wild type	not applicable	antimycin A/oligomycin A	24 h	1	PXD019692_HF424_MSQ1515_ERusilowicz_20181129_Mix2A_1_Run	proteomic profiling by mass spectrometry	NT=Data-dependent acquisition;AC=PRIDE:0000627	NT=Q Exactive HF;AC=MS:1002523	NT=SILAC light;AC=PRIDE:0000326	NT=Trypsin;AC=MS:1001251	NT=Carbamidomethyl;AC=UNIMOD:4;TA=C;MT=Fixed	NT=Oxidation;AC=UNIMOD:35;TA=M;MT=Variable	NT=Acetyl;AC=UNIMOD:1;PP=Protein N-term;MT=Variable	NT=GG;AC=UNIMOD:121;TA=K;MT=Variable	NT=Phospho;AC=UNIMOD:21;TA=S,T,Y;MT=Variable	not available	20 ppm	NT=beam-type collision-induced dissociation;AC=MS:1000422	28 NCE	NT=orbitrap;AC=MS:1000484	375m/z-1500m/z	100m/z	2	1	ubiquitylome_Mix2	HF424_MSQ1515_ERusilowicz_20181129_Mix2A_1_Run.raw	https://ftp.pride.ebi.ac.uk/pride/data/archive/2020/07/PXD019692/HF424_MSQ1515_ERusilowicz_20181129_Mix2A_1_Run.raw	v1.1.0	NT=ms-proteomics;VV=v1.1.0	NT=human;VV=v1.1.0	NT=cell-lines;VV=v1.1.0	USP30 wild type	antimycin A/oligomycin A
PXD019692_Exp1_Exp2_medium	Homo sapiens	bone marrow	SH-SY5Y	CVCL_0019	Neuroblastoma	cell	not available	not available	not available	USP30 knockout	KO11	antimycin A/oligomycin A	24 h	1	PXD019692_HF424_MSQ1515_ERusilowicz_20181129_Mix2A_1_Run	proteomic profiling by mass spectrometry	NT=Data-dependent acquisition;AC=PRIDE:0000627	NT=Q Exactive HF;AC=MS:1002523	NT=SILAC medium;AC=PRIDE:0000327	NT=Trypsin;AC=MS:1001251	NT=Carbamidomethyl;AC=UNIMOD:4;TA=C;MT=Fixed	NT=Oxidation;AC=UNIMOD:35;TA=M;MT=Variable	NT=Acetyl;AC=UNIMOD:1;PP=Protein N-term;MT=Variable	NT=GG;AC=UNIMOD:121;TA=K;MT=Variable	NT=Phospho;AC=UNIMOD:21;TA=S,T,Y;MT=Variable	not available	20 ppm	NT=beam-type collision-induced dissociation;AC=MS:1000422	28 NCE	NT=orbitrap;AC=MS:1000484	375m/z-1500m/z	100m/z	2	1	ubiquitylome_Mix2	HF424_MSQ1515_ERusilowicz_20181129_Mix2A_1_Run.raw	https://ftp.pride.ebi.ac.uk/pride/data/archive/2020/07/PXD019692/HF424_MSQ1515_ERusilowicz_20181129_Mix2A_1_Run.raw	v1.1.0	NT=ms-proteomics;VV=v1.1.0	NT=human;VV=v1.1.0	NT=cell-lines;VV=v1.1.0	USP30 knockout	antimycin A/oligomycin A
PXD019692_Exp2_heavy	Homo sapiens	bone marrow	SH-SY5Y	CVCL_0019	Neuroblastoma	cell	not available	not available	not available	USP30 wild type	not applicable	FT385 and antimycin A/oligomycin A	24 h	1	PXD019692_HF424_MSQ1515_ERusilowicz_20181129_Mix2A_1_Run	proteomic profiling by mass spectrometry	NT=Data-dependent acquisition;AC=PRIDE:0000627	NT=Q Exactive HF;AC=MS:1002523	NT=SILAC heavy;AC=PRIDE:0000325	NT=Trypsin;AC=MS:1001251	NT=Carbamidomethyl;AC=UNIMOD:4;TA=C;MT=Fixed	NT=Oxidation;AC=UNIMOD:35;TA=M;MT=Variable	NT=Acetyl;AC=UNIMOD:1;PP=Protein N-term;MT=Variable	NT=GG;AC=UNIMOD:121;TA=K;MT=Variable	NT=Phospho;AC=UNIMOD:21;TA=S,T,Y;MT=Variable	not available	20 ppm	NT=beam-type collision-induced dissociation;AC=MS:1000422	28 NCE	NT=orbitrap;AC=MS:1000484	375m/z-1500m/z	100m/z	2	1	ubiquitylome_Mix2	HF424_MSQ1515_ERusilowicz_20181129_Mix2A_1_Run.raw	https://ftp.pride.ebi.ac.uk/pride/data/archive/2020/07/PXD019692/HF424_MSQ1515_ERusilowicz_20181129_Mix2A_1_Run.raw	v1.1.0	NT=ms-proteomics;VV=v1.1.0	NT=human;VV=v1.1.0	NT=cell-lines;VV=v1.1.0	USP30 wild type	FT385 and antimycin A/oligomycin A
PXD019692_Exp2_light	Homo sapiens	bone marrow	SH-SY5Y	CVCL_0019	Neuroblastoma	cell	not available	not available	not available	USP30 wild type	not applicable	antimycin A/oligomycin A	24 h	1	PXD019692_HF424_MSQ1515_ERusilowicz_20181129_Mix2B_1_Run	proteomic profiling by mass spectrometry	NT=Data-dependent acquisition;AC=PRIDE:0000627	NT=Q Exactive HF;AC=MS:1002523	NT=SILAC light;AC=PRIDE:0000326	NT=Trypsin;AC=MS:1001251	NT=Carbamidomethyl;AC=UNIMOD:4;TA=C;MT=Fixed	NT=Oxidation;AC=UNIMOD:35;TA=M;MT=Variable	NT=Acetyl;AC=UNIMOD:1;PP=Protein N-term;MT=Variable	NT=GG;AC=UNIMOD:121;TA=K;MT=Variable	NT=Phospho;AC=UNIMOD:21;TA=S,T,Y;MT=Variable	not available	20 ppm	NT=beam-type collision-induced dissociation;AC=MS:1000422	28 NCE	NT=orbitrap;AC=MS:1000484	375m/z-1500m/z	100m/z	3	1	ubiquitylome_Mix2	HF424_MSQ1515_ERusilowicz_20181129_Mix2B_1_Run.raw	https://ftp.pride.ebi.ac.uk/pride/data/archive/2020/07/PXD019692/HF424_MSQ1515_ERusilowicz_20181129_Mix2B_1_Run.raw	v1.1.0	NT=ms-proteomics;VV=v1.1.0	NT=human;VV=v1.1.0	NT=cell-lines;VV=v1.1.0	USP30 wild type	antimycin A/oligomycin A
PXD019692_Exp1_Exp2_medium	Homo sapiens	bone marrow	SH-SY5Y	CVCL_0019	Neuroblastoma	cell	not available	not available	not available	USP30 knockout	KO11	antimycin A/oligomycin A	24 h	1	PXD019692_HF424_MSQ1515_ERusilowicz_20181129_Mix2B_1_Run	proteomic profiling by mass spectrometry	NT=Data-dependent acquisition;AC=PRIDE:0000627	NT=Q Exactive HF;AC=MS:1002523	NT=SILAC medium;AC=PRIDE:0000327	NT=Trypsin;AC=MS:1001251	NT=Carbamidomethyl;AC=UNIMOD:4;TA=C;MT=Fixed	NT=Oxidation;AC=UNIMOD:35;TA=M;MT=Variable	NT=Acetyl;AC=UNIMOD:1;PP=Protein N-term;MT=Variable	NT=GG;AC=UNIMOD:121;TA=K;MT=Variable	NT=Phospho;AC=UNIMOD:21;TA=S,T,Y;MT=Variable	not available	20 ppm	NT=beam-type collision-induced dissociation;AC=MS:1000422	28 NCE	NT=orbitrap;AC=MS:1000484	375m/z-1500m/z	100m/z	3	1	ubiquitylome_Mix2	HF424_MSQ1515_ERusilowicz_20181129_Mix2B_1_Run.raw	https://ftp.pride.ebi.ac.uk/pride/data/archive/2020/07/PXD019692/HF424_MSQ1515_ERusilowicz_20181129_Mix2B_1_Run.raw	v1.1.0	NT=ms-proteomics;VV=v1.1.0	NT=human;VV=v1.1.0	NT=cell-lines;VV=v1.1.0	USP30 knockout	antimycin A/oligomycin A
PXD019692_Exp2_heavy	Homo sapiens	bone marrow	SH-SY5Y	CVCL_0019	Neuroblastoma	cell	not available	not available	not available	USP30 wild type	not applicable	FT385 and antimycin A/oligomycin A	24 h	1	PXD019692_HF424_MSQ1515_ERusilowicz_20181129_Mix2B_1_Run	proteomic profiling by mass spectrometry	NT=Data-dependent acquisition;AC=PRIDE:0000627	NT=Q Exactive HF;AC=MS:1002523	NT=SILAC heavy;AC=PRIDE:0000325	NT=Trypsin;AC=MS:1001251	NT=Carbamidomethyl;AC=UNIMOD:4;TA=C;MT=Fixed	NT=Oxidation;AC=UNIMOD:35;TA=M;MT=Variable	NT=Acetyl;AC=UNIMOD:1;PP=Protein N-term;MT=Variable	NT=GG;AC=UNIMOD:121;TA=K;MT=Variable	NT=Phospho;AC=UNIMOD:21;TA=S,T,Y;MT=Variable	not available	20 ppm	NT=beam-type collision-induced dissociation;AC=MS:1000422	28 NCE	NT=orbitrap;AC=MS:1000484	375m/z-1500m/z	100m/z	3	1	ubiquitylome_Mix2	HF424_MSQ1515_ERusilowicz_20181129_Mix2B_1_Run.raw	https://ftp.pride.ebi.ac.uk/pride/data/archive/2020/07/PXD019692/HF424_MSQ1515_ERusilowicz_20181129_Mix2B_1_Run.raw	v1.1.0	NT=ms-proteomics;VV=v1.1.0	NT=human;VV=v1.1.0	NT=cell-lines;VV=v1.1.0	USP30 wild type	FT385 and antimycin A/oligomycin A
PXD019692_Exp2_light	Homo sapiens	bone marrow	SH-SY5Y	CVCL_0019	Neuroblastoma	cell	not available	not available	not available	USP30 wild type	not applicable	antimycin A/oligomycin A	24 h	1	PXD019692_HF424_MSQ1515_ERusilowicz_20181129_Mix2B_Run	proteomic profiling by mass spectrometry	NT=Data-dependent acquisition;AC=PRIDE:0000627	NT=Q Exactive HF;AC=MS:1002523	NT=SILAC light;AC=PRIDE:0000326	NT=Trypsin;AC=MS:1001251	NT=Carbamidomethyl;AC=UNIMOD:4;TA=C;MT=Fixed	NT=Oxidation;AC=UNIMOD:35;TA=M;MT=Variable	NT=Acetyl;AC=UNIMOD:1;PP=Protein N-term;MT=Variable	NT=GG;AC=UNIMOD:121;TA=K;MT=Variable	NT=Phospho;AC=UNIMOD:21;TA=S,T,Y;MT=Variable	not available	20 ppm	NT=beam-type collision-induced dissociation;AC=MS:1000422	28 NCE	NT=orbitrap;AC=MS:1000484	375m/z-1500m/z	100m/z	4	1	ubiquitylome_Mix2	HF424_MSQ1515_ERusilowicz_20181129_Mix2B_Run.raw	https://ftp.pride.ebi.ac.uk/pride/data/archive/2020/07/PXD019692/HF424_MSQ1515_ERusilowicz_20181129_Mix2B_Run.raw	v1.1.0	NT=ms-proteomics;VV=v1.1.0	NT=human;VV=v1.1.0	NT=cell-lines;VV=v1.1.0	USP30 wild type	antimycin A/oligomycin A
PXD019692_Exp1_Exp2_medium	Homo sapiens	bone marrow	SH-SY5Y	CVCL_0019	Neuroblastoma	cell	not available	not available	not available	USP30 knockout	KO11	antimycin A/oligomycin A	24 h	1	PXD019692_HF424_MSQ1515_ERusilowicz_20181129_Mix2B_Run	proteomic profiling by mass spectrometry	NT=Data-dependent acquisition;AC=PRIDE:0000627	NT=Q Exactive HF;AC=MS:1002523	NT=SILAC medium;AC=PRIDE:0000327	NT=Trypsin;AC=MS:1001251	NT=Carbamidomethyl;AC=UNIMOD:4;TA=C;MT=Fixed	NT=Oxidation;AC=UNIMOD:35;TA=M;MT=Variable	NT=Acetyl;AC=UNIMOD:1;PP=Protein N-term;MT=Variable	NT=GG;AC=UNIMOD:121;TA=K;MT=Variable	NT=Phospho;AC=UNIMOD:21;TA=S,T,Y;MT=Variable	not available	20 ppm	NT=beam-type collision-induced dissociation;AC=MS:1000422	28 NCE	NT=orbitrap;AC=MS:1000484	375m/z-1500m/z	100m/z	4	1	ubiquitylome_Mix2	HF424_MSQ1515_ERusilowicz_20181129_Mix2B_Run.raw	https://ftp.pride.ebi.ac.uk/pride/data/archive/2020/07/PXD019692/HF424_MSQ1515_ERusilowicz_20181129_Mix2B_Run.raw	v1.1.0	NT=ms-proteomics;VV=v1.1.0	NT=human;VV=v1.1.0	NT=cell-lines;VV=v1.1.0	USP30 knockout	antimycin A/oligomycin A
PXD019692_Exp2_heavy	Homo sapiens	bone marrow	SH-SY5Y	CVCL_0019	Neuroblastoma	cell	not available	not available	not available	USP30 wild type	not applicable	FT385 and antimycin A/oligomycin A	24 h	1	PXD019692_HF424_MSQ1515_ERusilowicz_20181129_Mix2B_Run	proteomic profiling by mass spectrometry	NT=Data-dependent acquisition;AC=PRIDE:0000627	NT=Q Exactive HF;AC=MS:1002523	NT=SILAC heavy;AC=PRIDE:0000325	NT=Trypsin;AC=MS:1001251	NT=Carbamidomethyl;AC=UNIMOD:4;TA=C;MT=Fixed	NT=Oxidation;AC=UNIMOD:35;TA=M;MT=Variable	NT=Acetyl;AC=UNIMOD:1;PP=Protein N-term;MT=Variable	NT=GG;AC=UNIMOD:121;TA=K;MT=Variable	NT=Phospho;AC=UNIMOD:21;TA=S,T,Y;MT=Variable	not available	20 ppm	NT=beam-type collision-induced dissociation;AC=MS:1000422	28 NCE	NT=orbitrap;AC=MS:1000484	375m/z-1500m/z	100m/z	4	1	ubiquitylome_Mix2	HF424_MSQ1515_ERusilowicz_20181129_Mix2B_Run.raw	https://ftp.pride.ebi.ac.uk/pride/data/archive/2020/07/PXD019692/HF424_MSQ1515_ERusilowicz_20181129_Mix2B_Run.raw	v1.1.0	NT=ms-proteomics;VV=v1.1.0	NT=human;VV=v1.1.0	NT=cell-lines;VV=v1.1.0	USP30 wild type	FT385 and antimycin A/oligomycin A
PXD019692_Exp3_light	Homo sapiens	bone marrow	SH-SY5Y	CVCL_0019	Neuroblastoma	cell	not available	not available	not available	USP30 wild type	not applicable	antimycin A/oligomycin A	24 h	2	PXD019692_HF424_MSQ1515_ERusilowicz_20181129_Mix3A_1_Run	proteomic profiling by mass spectrometry	NT=Data-dependent acquisition;AC=PRIDE:0000627	NT=Q Exactive HF;AC=MS:1002523	NT=SILAC light;AC=PRIDE:0000326	NT=Trypsin;AC=MS:1001251	NT=Carbamidomethyl;AC=UNIMOD:4;TA=C;MT=Fixed	NT=Oxidation;AC=UNIMOD:35;TA=M;MT=Variable	NT=Acetyl;AC=UNIMOD:1;PP=Protein N-term;MT=Variable	NT=GG;AC=UNIMOD:121;TA=K;MT=Variable	NT=Phospho;AC=UNIMOD:21;TA=S,T,Y;MT=Variable	not available	20 ppm	NT=beam-type collision-induced dissociation;AC=MS:1000422	28 NCE	NT=orbitrap;AC=MS:1000484	375m/z-1500m/z	100m/z	2	1	ubiquitylome_Mix3	HF424_MSQ1515_ERusilowicz_20181129_Mix3A_1_Run.raw	https://ftp.pride.ebi.ac.uk/pride/data/archive/2020/07/PXD019692/HF424_MSQ1515_ERusilowicz_20181129_Mix3A_1_Run.raw	v1.1.0	NT=ms-proteomics;VV=v1.1.0	NT=human;VV=v1.1.0	NT=cell-lines;VV=v1.1.0	USP30 wild type	antimycin A/oligomycin A
PXD019692_Exp3_medium	Homo sapiens	bone marrow	SH-SY5Y	CVCL_0019	Neuroblastoma	cell	not available	not available	not available	USP30 knockout	KO11	antimycin A/oligomycin A	24 h	2	PXD019692_HF424_MSQ1515_ERusilowicz_20181129_Mix3A_1_Run	proteomic profiling by mass spectrometry	NT=Data-dependent acquisition;AC=PRIDE:0000627	NT=Q Exactive HF;AC=MS:1002523	NT=SILAC medium;AC=PRIDE:0000327	NT=Trypsin;AC=MS:1001251	NT=Carbamidomethyl;AC=UNIMOD:4;TA=C;MT=Fixed	NT=Oxidation;AC=UNIMOD:35;TA=M;MT=Variable	NT=Acetyl;AC=UNIMOD:1;PP=Protein N-term;MT=Variable	NT=GG;AC=UNIMOD:121;TA=K;MT=Variable	NT=Phospho;AC=UNIMOD:21;TA=S,T,Y;MT=Variable	not available	20 ppm	NT=beam-type collision-induced dissociation;AC=MS:1000422	28 NCE	NT=orbitrap;AC=MS:1000484	375m/z-1500m/z	100m/z	2	1	ubiquitylome_Mix3	HF424_MSQ1515_ERusilowicz_20181129_Mix3A_1_Run.raw	https://ftp.pride.ebi.ac.uk/pride/data/archive/2020/07/PXD019692/HF424_MSQ1515_ERusilowicz_20181129_Mix3A_1_Run.raw	v1.1.0	NT=ms-proteomics;VV=v1.1.0	NT=human;VV=v1.1.0	NT=cell-lines;VV=v1.1.0	USP30 knockout	antimycin A/oligomycin A
PXD019692_Exp3_heavy	Homo sapiens	bone marrow	SH-SY5Y	CVCL_0019	Neuroblastoma	cell	not available	not available	not available	USP30 wild type	not applicable	FT385 and antimycin A/oligomycin A	24 h	2	PXD019692_HF424_MSQ1515_ERusilowicz_20181129_Mix3A_1_Run	proteomic profiling by mass spectrometry	NT=Data-dependent acquisition;AC=PRIDE:0000627	NT=Q Exactive HF;AC=MS:1002523	NT=SILAC heavy;AC=PRIDE:0000325	NT=Trypsin;AC=MS:1001251	NT=Carbamidomethyl;AC=UNIMOD:4;TA=C;MT=Fixed	NT=Oxidation;AC=UNIMOD:35;TA=M;MT=Variable	NT=Acetyl;AC=UNIMOD:1;PP=Protein N-term;MT=Variable	NT=GG;AC=UNIMOD:121;TA=K;MT=Variable	NT=Phospho;AC=UNIMOD:21;TA=S,T,Y;MT=Variable	not available	20 ppm	NT=beam-type collision-induced dissociation;AC=MS:1000422	28 NCE	NT=orbitrap;AC=MS:1000484	375m/z-1500m/z	100m/z	2	1	ubiquitylome_Mix3	HF424_MSQ1515_ERusilowicz_20181129_Mix3A_1_Run.raw	https://ftp.pride.ebi.ac.uk/pride/data/archive/2020/07/PXD019692/HF424_MSQ1515_ERusilowicz_20181129_Mix3A_1_Run.raw	v1.1.0	NT=ms-proteomics;VV=v1.1.0	NT=human;VV=v1.1.0	NT=cell-lines;VV=v1.1.0	USP30 wild type	FT385 and antimycin A/oligomycin A
PXD019692_Exp3_light	Homo sapiens	bone marrow	SH-SY5Y	CVCL_0019	Neuroblastoma	cell	not available	not available	not available	USP30 wild type	not applicable	antimycin A/oligomycin A	24 h	2	PXD019692_HF424_MSQ1515_ERusilowicz_20181129_Mix3A_Run	proteomic profiling by mass spectrometry	NT=Data-dependent acquisition;AC=PRIDE:0000627	NT=Q Exactive HF;AC=MS:1002523	NT=SILAC light;AC=PRIDE:0000326	NT=Trypsin;AC=MS:1001251	NT=Carbamidomethyl;AC=UNIMOD:4;TA=C;MT=Fixed	NT=Oxidation;AC=UNIMOD:35;TA=M;MT=Variable	NT=Acetyl;AC=UNIMOD:1;PP=Protein N-term;MT=Variable	NT=GG;AC=UNIMOD:121;TA=K;MT=Variable	NT=Phospho;AC=UNIMOD:21;TA=S,T,Y;MT=Variable	not available	20 ppm	NT=beam-type collision-induced dissociation;AC=MS:1000422	28 NCE	NT=orbitrap;AC=MS:1000484	375m/z-1500m/z	100m/z	3	1	ubiquitylome_Mix3	HF424_MSQ1515_ERusilowicz_20181129_Mix3A_Run.raw	https://ftp.pride.ebi.ac.uk/pride/data/archive/2020/07/PXD019692/HF424_MSQ1515_ERusilowicz_20181129_Mix3A_Run.raw	v1.1.0	NT=ms-proteomics;VV=v1.1.0	NT=human;VV=v1.1.0	NT=cell-lines;VV=v1.1.0	USP30 wild type	antimycin A/oligomycin A
PXD019692_Exp3_medium	Homo sapiens	bone marrow	SH-SY5Y	CVCL_0019	Neuroblastoma	cell	not available	not available	not available	USP30 knockout	KO11	antimycin A/oligomycin A	24 h	2	PXD019692_HF424_MSQ1515_ERusilowicz_20181129_Mix3A_Run	proteomic profiling by mass spectrometry	NT=Data-dependent acquisition;AC=PRIDE:0000627	NT=Q Exactive HF;AC=MS:1002523	NT=SILAC medium;AC=PRIDE:0000327	NT=Trypsin;AC=MS:1001251	NT=Carbamidomethyl;AC=UNIMOD:4;TA=C;MT=Fixed	NT=Oxidation;AC=UNIMOD:35;TA=M;MT=Variable	NT=Acetyl;AC=UNIMOD:1;PP=Protein N-term;MT=Variable	NT=GG;AC=UNIMOD:121;TA=K;MT=Variable	NT=Phospho;AC=UNIMOD:21;TA=S,T,Y;MT=Variable	not available	20 ppm	NT=beam-type collision-induced dissociation;AC=MS:1000422	28 NCE	NT=orbitrap;AC=MS:1000484	375m/z-1500m/z	100m/z	3	1	ubiquitylome_Mix3	HF424_MSQ1515_ERusilowicz_20181129_Mix3A_Run.raw	https://ftp.pride.ebi.ac.uk/pride/data/archive/2020/07/PXD019692/HF424_MSQ1515_ERusilowicz_20181129_Mix3A_Run.raw	v1.1.0	NT=ms-proteomics;VV=v1.1.0	NT=human;VV=v1.1.0	NT=cell-lines;VV=v1.1.0	USP30 knockout	antimycin A/oligomycin A
PXD019692_Exp3_heavy	Homo sapiens	bone marrow	SH-SY5Y	CVCL_0019	Neuroblastoma	cell	not available	not available	not available	USP30 wild type	not applicable	FT385 and antimycin A/oligomycin A	24 h	2	PXD019692_HF424_MSQ1515_ERusilowicz_20181129_Mix3A_Run	proteomic profiling by mass spectrometry	NT=Data-dependent acquisition;AC=PRIDE:0000627	NT=Q Exactive HF;AC=MS:1002523	NT=SILAC heavy;AC=PRIDE:0000325	NT=Trypsin;AC=MS:1001251	NT=Carbamidomethyl;AC=UNIMOD:4;TA=C;MT=Fixed	NT=Oxidation;AC=UNIMOD:35;TA=M;MT=Variable	NT=Acetyl;AC=UNIMOD:1;PP=Protein N-term;MT=Variable	NT=GG;AC=UNIMOD:121;TA=K;MT=Variable	NT=Phospho;AC=UNIMOD:21;TA=S,T,Y;MT=Variable	not available	20 ppm	NT=beam-type collision-induced dissociation;AC=MS:1000422	28 NCE	NT=orbitrap;AC=MS:1000484	375m/z-1500m/z	100m/z	3	1	ubiquitylome_Mix3	HF424_MSQ1515_ERusilowicz_20181129_Mix3A_Run.raw	https://ftp.pride.ebi.ac.uk/pride/data/archive/2020/07/PXD019692/HF424_MSQ1515_ERusilowicz_20181129_Mix3A_Run.raw	v1.1.0	NT=ms-proteomics;VV=v1.1.0	NT=human;VV=v1.1.0	NT=cell-lines;VV=v1.1.0	USP30 wild type	FT385 and antimycin A/oligomycin A
PXD019692_Exp3_light	Homo sapiens	bone marrow	SH-SY5Y	CVCL_0019	Neuroblastoma	cell	not available	not available	not available	USP30 wild type	not applicable	antimycin A/oligomycin A	24 h	2	PXD019692_HF424_MSQ1515_ERusilowicz_20181129_Mix3B_1_Run	proteomic profiling by mass spectrometry	NT=Data-dependent acquisition;AC=PRIDE:0000627	NT=Q Exactive HF;AC=MS:1002523	NT=SILAC light;AC=PRIDE:0000326	NT=Trypsin;AC=MS:1001251	NT=Carbamidomethyl;AC=UNIMOD:4;TA=C;MT=Fixed	NT=Oxidation;AC=UNIMOD:35;TA=M;MT=Variable	NT=Acetyl;AC=UNIMOD:1;PP=Protein N-term;MT=Variable	NT=GG;AC=UNIMOD:121;TA=K;MT=Variable	NT=Phospho;AC=UNIMOD:21;TA=S,T,Y;MT=Variable	not available	20 ppm	NT=beam-type collision-induced dissociation;AC=MS:1000422	28 NCE	NT=orbitrap;AC=MS:1000484	375m/z-1500m/z	100m/z	4	1	ubiquitylome_Mix3	HF424_MSQ1515_ERusilowicz_20181129_Mix3B_1_Run.raw	https://ftp.pride.ebi.ac.uk/pride/data/archive/2020/07/PXD019692/HF424_MSQ1515_ERusilowicz_20181129_Mix3B_1_Run.raw	v1.1.0	NT=ms-proteomics;VV=v1.1.0	NT=human;VV=v1.1.0	NT=cell-lines;VV=v1.1.0	USP30 wild type	antimycin A/oligomycin A
PXD019692_Exp3_medium	Homo sapiens	bone marrow	SH-SY5Y	CVCL_0019	Neuroblastoma	cell	not available	not available	not available	USP30 knockout	KO11	antimycin A/oligomycin A	24 h	2	PXD019692_HF424_MSQ1515_ERusilowicz_20181129_Mix3B_1_Run	proteomic profiling by mass spectrometry	NT=Data-dependent acquisition;AC=PRIDE:0000627	NT=Q Exactive HF;AC=MS:1002523	NT=SILAC medium;AC=PRIDE:0000327	NT=Trypsin;AC=MS:1001251	NT=Carbamidomethyl;AC=UNIMOD:4;TA=C;MT=Fixed	NT=Oxidation;AC=UNIMOD:35;TA=M;MT=Variable	NT=Acetyl;AC=UNIMOD:1;PP=Protein N-term;MT=Variable	NT=GG;AC=UNIMOD:121;TA=K;MT=Variable	NT=Phospho;AC=UNIMOD:21;TA=S,T,Y;MT=Variable	not available	20 ppm	NT=beam-type collision-induced dissociation;AC=MS:1000422	28 NCE	NT=orbitrap;AC=MS:1000484	375m/z-1500m/z	100m/z	4	1	ubiquitylome_Mix3	HF424_MSQ1515_ERusilowicz_20181129_Mix3B_1_Run.raw	https://ftp.pride.ebi.ac.uk/pride/data/archive/2020/07/PXD019692/HF424_MSQ1515_ERusilowicz_20181129_Mix3B_1_Run.raw	v1.1.0	NT=ms-proteomics;VV=v1.1.0	NT=human;VV=v1.1.0	NT=cell-lines;VV=v1.1.0	USP30 knockout	antimycin A/oligomycin A
PXD019692_Exp3_heavy	Homo sapiens	bone marrow	SH-SY5Y	CVCL_0019	Neuroblastoma	cell	not available	not available	not available	USP30 wild type	not applicable	FT385 and antimycin A/oligomycin A	24 h	2	PXD019692_HF424_MSQ1515_ERusilowicz_20181129_Mix3B_1_Run	proteomic profiling by mass spectrometry	NT=Data-dependent acquisition;AC=PRIDE:0000627	NT=Q Exactive HF;AC=MS:1002523	NT=SILAC heavy;AC=PRIDE:0000325	NT=Trypsin;AC=MS:1001251	NT=Carbamidomethyl;AC=UNIMOD:4;TA=C;MT=Fixed	NT=Oxidation;AC=UNIMOD:35;TA=M;MT=Variable	NT=Acetyl;AC=UNIMOD:1;PP=Protein N-term;MT=Variable	NT=GG;AC=UNIMOD:121;TA=K;MT=Variable	NT=Phospho;AC=UNIMOD:21;TA=S,T,Y;MT=Variable	not available	20 ppm	NT=beam-type collision-induced dissociation;AC=MS:1000422	28 NCE	NT=orbitrap;AC=MS:1000484	375m/z-1500m/z	100m/z	4	1	ubiquitylome_Mix3	HF424_MSQ1515_ERusilowicz_20181129_Mix3B_1_Run.raw	https://ftp.pride.ebi.ac.uk/pride/data/archive/2020/07/PXD019692/HF424_MSQ1515_ERusilowicz_20181129_Mix3B_1_Run.raw	v1.1.0	NT=ms-proteomics;VV=v1.1.0	NT=human;VV=v1.1.0	NT=cell-lines;VV=v1.1.0	USP30 wild type	FT385 and antimycin A/oligomycin A
PXD019692_Exp3_light	Homo sapiens	bone marrow	SH-SY5Y	CVCL_0019	Neuroblastoma	cell	not available	not available	not available	USP30 wild type	not applicable	antimycin A/oligomycin A	24 h	2	PXD019692_HF424_MSQ1515_ERusilowicz_20181129_Mix3B_RUN	proteomic profiling by mass spectrometry	NT=Data-dependent acquisition;AC=PRIDE:0000627	NT=Q Exactive HF;AC=MS:1002523	NT=SILAC light;AC=PRIDE:0000326	NT=Trypsin;AC=MS:1001251	NT=Carbamidomethyl;AC=UNIMOD:4;TA=C;MT=Fixed	NT=Oxidation;AC=UNIMOD:35;TA=M;MT=Variable	NT=Acetyl;AC=UNIMOD:1;PP=Protein N-term;MT=Variable	NT=GG;AC=UNIMOD:121;TA=K;MT=Variable	NT=Phospho;AC=UNIMOD:21;TA=S,T,Y;MT=Variable	not available	20 ppm	NT=beam-type collision-induced dissociation;AC=MS:1000422	28 NCE	NT=orbitrap;AC=MS:1000484	375m/z-1500m/z	100m/z	5	1	ubiquitylome_Mix3	HF424_MSQ1515_ERusilowicz_20181129_Mix3B_RUN.raw	https://ftp.pride.ebi.ac.uk/pride/data/archive/2020/07/PXD019692/HF424_MSQ1515_ERusilowicz_20181129_Mix3B_RUN.raw	v1.1.0	NT=ms-proteomics;VV=v1.1.0	NT=human;VV=v1.1.0	NT=cell-lines;VV=v1.1.0	USP30 wild type	antimycin A/oligomycin A
PXD019692_Exp3_medium	Homo sapiens	bone marrow	SH-SY5Y	CVCL_0019	Neuroblastoma	cell	not available	not available	not available	USP30 knockout	KO11	antimycin A/oligomycin A	24 h	2	PXD019692_HF424_MSQ1515_ERusilowicz_20181129_Mix3B_RUN	proteomic profiling by mass spectrometry	NT=Data-dependent acquisition;AC=PRIDE:0000627	NT=Q Exactive HF;AC=MS:1002523	NT=SILAC medium;AC=PRIDE:0000327	NT=Trypsin;AC=MS:1001251	NT=Carbamidomethyl;AC=UNIMOD:4;TA=C;MT=Fixed	NT=Oxidation;AC=UNIMOD:35;TA=M;MT=Variable	NT=Acetyl;AC=UNIMOD:1;PP=Protein N-term;MT=Variable	NT=GG;AC=UNIMOD:121;TA=K;MT=Variable	NT=Phospho;AC=UNIMOD:21;TA=S,T,Y;MT=Variable	not available	20 ppm	NT=beam-type collision-induced dissociation;AC=MS:1000422	28 NCE	NT=orbitrap;AC=MS:1000484	375m/z-1500m/z	100m/z	5	1	ubiquitylome_Mix3	HF424_MSQ1515_ERusilowicz_20181129_Mix3B_RUN.raw	https://ftp.pride.ebi.ac.uk/pride/data/archive/2020/07/PXD019692/HF424_MSQ1515_ERusilowicz_20181129_Mix3B_RUN.raw	v1.1.0	NT=ms-proteomics;VV=v1.1.0	NT=human;VV=v1.1.0	NT=cell-lines;VV=v1.1.0	USP30 knockout	antimycin A/oligomycin A
PXD019692_Exp3_heavy	Homo sapiens	bone marrow	SH-SY5Y	CVCL_0019	Neuroblastoma	cell	not available	not available	not available	USP30 wild type	not applicable	FT385 and antimycin A/oligomycin A	24 h	2	PXD019692_HF424_MSQ1515_ERusilowicz_20181129_Mix3B_RUN	proteomic profiling by mass spectrometry	NT=Data-dependent acquisition;AC=PRIDE:0000627	NT=Q Exactive HF;AC=MS:1002523	NT=SILAC heavy;AC=PRIDE:0000325	NT=Trypsin;AC=MS:1001251	NT=Carbamidomethyl;AC=UNIMOD:4;TA=C;MT=Fixed	NT=Oxidation;AC=UNIMOD:35;TA=M;MT=Variable	NT=Acetyl;AC=UNIMOD:1;PP=Protein N-term;MT=Variable	NT=GG;AC=UNIMOD:121;TA=K;MT=Variable	NT=Phospho;AC=UNIMOD:21;TA=S,T,Y;MT=Variable	not available	20 ppm	NT=beam-type collision-induced dissociation;AC=MS:1000422	28 NCE	NT=orbitrap;AC=MS:1000484	375m/z-1500m/z	100m/z	5	1	ubiquitylome_Mix3	HF424_MSQ1515_ERusilowicz_20181129_Mix3B_RUN.raw	https://ftp.pride.ebi.ac.uk/pride/data/archive/2020/07/PXD019692/HF424_MSQ1515_ERusilowicz_20181129_Mix3B_RUN.raw	v1.1.0	NT=ms-proteomics;VV=v1.1.0	NT=human;VV=v1.1.0	NT=cell-lines;VV=v1.1.0	USP30 wild type	FT385 and antimycin A/oligomycin A
PXD019692_Exp2_light	Homo sapiens	bone marrow	SH-SY5Y	CVCL_0019	Neuroblastoma	cell	not available	not available	not available	USP30 wild type	not applicable	antimycin A/oligomycin A	24 h	1	PXD019692_HF424_MSQ1515_ERusiloxicz_20181129_Mix2A_Run	proteomic profiling by mass spectrometry	NT=Data-dependent acquisition;AC=PRIDE:0000627	NT=Q Exactive HF;AC=MS:1002523	NT=SILAC light;AC=PRIDE:0000326	NT=Trypsin;AC=MS:1001251	NT=Carbamidomethyl;AC=UNIMOD:4;TA=C;MT=Fixed	NT=Oxidation;AC=UNIMOD:35;TA=M;MT=Variable	NT=Acetyl;AC=UNIMOD:1;PP=Protein N-term;MT=Variable	NT=GG;AC=UNIMOD:121;TA=K;MT=Variable	NT=Phospho;AC=UNIMOD:21;TA=S,T,Y;MT=Variable	not available	20 ppm	NT=beam-type collision-induced dissociation;AC=MS:1000422	28 NCE	NT=orbitrap;AC=MS:1000484	375m/z-1500m/z	100m/z	5	1	ubiquitylome_Mix2	HF424_MSQ1515_ERusiloxicz_20181129_Mix2A_Run.raw	https://ftp.pride.ebi.ac.uk/pride/data/archive/2020/07/PXD019692/HF424_MSQ1515_ERusiloxicz_20181129_Mix2A_Run.raw	v1.1.0	NT=ms-proteomics;VV=v1.1.0	NT=human;VV=v1.1.0	NT=cell-lines;VV=v1.1.0	USP30 wild type	antimycin A/oligomycin A
PXD019692_Exp1_Exp2_medium	Homo sapiens	bone marrow	SH-SY5Y	CVCL_0019	Neuroblastoma	cell	not available	not available	not available	USP30 knockout	KO11	antimycin A/oligomycin A	24 h	1	PXD019692_HF424_MSQ1515_ERusiloxicz_20181129_Mix2A_Run	proteomic profiling by mass spectrometry	NT=Data-dependent acquisition;AC=PRIDE:0000627	NT=Q Exactive HF;AC=MS:1002523	NT=SILAC medium;AC=PRIDE:0000327	NT=Trypsin;AC=MS:1001251	NT=Carbamidomethyl;AC=UNIMOD:4;TA=C;MT=Fixed	NT=Oxidation;AC=UNIMOD:35;TA=M;MT=Variable	NT=Acetyl;AC=UNIMOD:1;PP=Protein N-term;MT=Variable	NT=GG;AC=UNIMOD:121;TA=K;MT=Variable	NT=Phospho;AC=UNIMOD:21;TA=S,T,Y;MT=Variable	not available	20 ppm	NT=beam-type collision-induced dissociation;AC=MS:1000422	28 NCE	NT=orbitrap;AC=MS:1000484	375m/z-1500m/z	100m/z	5	1	ubiquitylome_Mix2	HF424_MSQ1515_ERusiloxicz_20181129_Mix2A_Run.raw	https://ftp.pride.ebi.ac.uk/pride/data/archive/2020/07/PXD019692/HF424_MSQ1515_ERusiloxicz_20181129_Mix2A_Run.raw	v1.1.0	NT=ms-proteomics;VV=v1.1.0	NT=human;VV=v1.1.0	NT=cell-lines;VV=v1.1.0	USP30 knockout	antimycin A/oligomycin A
PXD019692_Exp2_heavy	Homo sapiens	bone marrow	SH-SY5Y	CVCL_0019	Neuroblastoma	cell	not available	not available	not available	USP30 wild type	not applicable	FT385 and antimycin A/oligomycin A	24 h	1	PXD019692_HF424_MSQ1515_ERusiloxicz_20181129_Mix2A_Run	proteomic profiling by mass spectrometry	NT=Data-dependent acquisition;AC=PRIDE:0000627	NT=Q Exactive HF;AC=MS:1002523	NT=SILAC heavy;AC=PRIDE:0000325	NT=Trypsin;AC=MS:1001251	NT=Carbamidomethyl;AC=UNIMOD:4;TA=C;MT=Fixed	NT=Oxidation;AC=UNIMOD:35;TA=M;MT=Variable	NT=Acetyl;AC=UNIMOD:1;PP=Protein N-term;MT=Variable	NT=GG;AC=UNIMOD:121;TA=K;MT=Variable	NT=Phospho;AC=UNIMOD:21;TA=S,T,Y;MT=Variable	not available	20 ppm	NT=beam-type collision-induced dissociation;AC=MS:1000422	28 NCE	NT=orbitrap;AC=MS:1000484	375m/z-1500m/z	100m/z	5	1	ubiquitylome_Mix2	HF424_MSQ1515_ERusiloxicz_20181129_Mix2A_Run.raw	https://ftp.pride.ebi.ac.uk/pride/data/archive/2020/07/PXD019692/HF424_MSQ1515_ERusiloxicz_20181129_Mix2A_Run.raw	v1.1.0	NT=ms-proteomics;VV=v1.1.0	NT=human;VV=v1.1.0	NT=cell-lines;VV=v1.1.0	USP30 wild type	FT385 and antimycin A/oligomycin A
PXD019692_Exp1_light	Homo sapiens	bone marrow	SH-SY5Y	CVCL_0019	Neuroblastoma	cell	not available	not available	not available	USP30 wild type	not applicable	DMSO	24 h	1	PXD019692_HF426_MSQ1504_ERusilowicz_20181130_Mix1_10_181204044210	proteomic profiling by mass spectrometry	NT=Data-dependent acquisition;AC=PRIDE:0000627	NT=Q Exactive HF;AC=MS:1002523	NT=SILAC light;AC=PRIDE:0000326	NT=Trypsin;AC=MS:1001251	NT=Carbamidomethyl;AC=UNIMOD:4;TA=C;MT=Fixed	NT=Oxidation;AC=UNIMOD:35;TA=M;MT=Variable	NT=Acetyl;AC=UNIMOD:1;PP=Protein N-term;MT=Variable	NT=GG;AC=UNIMOD:121;TA=K;MT=Variable	NT=Phospho;AC=UNIMOD:21;TA=S,T,Y;MT=Variable	not available	20 ppm	NT=beam-type collision-induced dissociation;AC=MS:1000422	28 NCE	NT=orbitrap;AC=MS:1000484	375m/z-1500m/z	100m/z	1	10	proteome_Mix1	HF426_MSQ1504_ERusilowicz_20181130_Mix1_10_181204044210.raw	https://ftp.pride.ebi.ac.uk/pride/data/archive/2020/07/PXD019692/HF426_MSQ1504_ERusilowicz_20181130_Mix1_10_181204044210.raw	v1.1.0	NT=ms-proteomics;VV=v1.1.0	NT=human;VV=v1.1.0	NT=cell-lines;VV=v1.1.0	USP30 wild type	DMSO
PXD019692_Exp1_Exp2_medium	Homo sapiens	bone marrow	SH-SY5Y	CVCL_0019	Neuroblastoma	cell	not available	not available	not available	USP30 knockout	KO11	antimycin A/oligomycin A	24 h	1	PXD019692_HF426_MSQ1504_ERusilowicz_20181130_Mix1_10_181204044210	proteomic profiling by mass spectrometry	NT=Data-dependent acquisition;AC=PRIDE:0000627	NT=Q Exactive HF;AC=MS:1002523	NT=SILAC medium;AC=PRIDE:0000327	NT=Trypsin;AC=MS:1001251	NT=Carbamidomethyl;AC=UNIMOD:4;TA=C;MT=Fixed	NT=Oxidation;AC=UNIMOD:35;TA=M;MT=Variable	NT=Acetyl;AC=UNIMOD:1;PP=Protein N-term;MT=Variable	NT=GG;AC=UNIMOD:121;TA=K;MT=Variable	NT=Phospho;AC=UNIMOD:21;TA=S,T,Y;MT=Variable	not available	20 ppm	NT=beam-type collision-induced dissociation;AC=MS:1000422	28 NCE	NT=orbitrap;AC=MS:1000484	375m/z-1500m/z	100m/z	1	10	proteome_Mix1	HF426_MSQ1504_ERusilowicz_20181130_Mix1_10_181204044210.raw	https://ftp.pride.ebi.ac.uk/pride/data/archive/2020/07/PXD019692/HF426_MSQ1504_ERusilowicz_20181130_Mix1_10_181204044210.raw	v1.1.0	NT=ms-proteomics;VV=v1.1.0	NT=human;VV=v1.1.0	NT=cell-lines;VV=v1.1.0	USP30 knockout	antimycin A/oligomycin A
PXD019692_Exp1_heavy	Homo sapiens	bone marrow	SH-SY5Y	CVCL_0019	Neuroblastoma	cell	not available	not available	not available	USP30 wild type	not applicable	FT385	24 h	1	PXD019692_HF426_MSQ1504_ERusilowicz_20181130_Mix1_10_181204044210	proteomic profiling by mass spectrometry	NT=Data-dependent acquisition;AC=PRIDE:0000627	NT=Q Exactive HF;AC=MS:1002523	NT=SILAC heavy;AC=PRIDE:0000325	NT=Trypsin;AC=MS:1001251	NT=Carbamidomethyl;AC=UNIMOD:4;TA=C;MT=Fixed	NT=Oxidation;AC=UNIMOD:35;TA=M;MT=Variable	NT=Acetyl;AC=UNIMOD:1;PP=Protein N-term;MT=Variable	NT=GG;AC=UNIMOD:121;TA=K;MT=Variable	NT=Phospho;AC=UNIMOD:21;TA=S,T,Y;MT=Variable	not available	20 ppm	NT=beam-type collision-induced dissociation;AC=MS:1000422	28 NCE	NT=orbitrap;AC=MS:1000484	375m/z-1500m/z	100m/z	1	10	proteome_Mix1	HF426_MSQ1504_ERusilowicz_20181130_Mix1_10_181204044210.raw	https://ftp.pride.ebi.ac.uk/pride/data/archive/2020/07/PXD019692/HF426_MSQ1504_ERusilowicz_20181130_Mix1_10_181204044210.raw	v1.1.0	NT=ms-proteomics;VV=v1.1.0	NT=human;VV=v1.1.0	NT=cell-lines;VV=v1.1.0	USP30 wild type	FT385
PXD019692_Exp1_light	Homo sapiens	bone marrow	SH-SY5Y	CVCL_0019	Neuroblastoma	cell	not available	not available	not available	USP30 wild type	not applicable	DMSO	24 h	1	PXD019692_HF426_MSQ1504_ERusilowicz_20181130_Mix1_1_181203122028	proteomic profiling by mass spectrometry	NT=Data-dependent acquisition;AC=PRIDE:0000627	NT=Q Exactive HF;AC=MS:1002523	NT=SILAC light;AC=PRIDE:0000326	NT=Trypsin;AC=MS:1001251	NT=Carbamidomethyl;AC=UNIMOD:4;TA=C;MT=Fixed	NT=Oxidation;AC=UNIMOD:35;TA=M;MT=Variable	NT=Acetyl;AC=UNIMOD:1;PP=Protein N-term;MT=Variable	NT=GG;AC=UNIMOD:121;TA=K;MT=Variable	NT=Phospho;AC=UNIMOD:21;TA=S,T,Y;MT=Variable	not available	20 ppm	NT=beam-type collision-induced dissociation;AC=MS:1000422	28 NCE	NT=orbitrap;AC=MS:1000484	375m/z-1500m/z	100m/z	1	1	proteome_Mix1	HF426_MSQ1504_ERusilowicz_20181130_Mix1_1_181203122028.raw	https://ftp.pride.ebi.ac.uk/pride/data/archive/2020/07/PXD019692/HF426_MSQ1504_ERusilowicz_20181130_Mix1_1_181203122028.raw	v1.1.0	NT=ms-proteomics;VV=v1.1.0	NT=human;VV=v1.1.0	NT=cell-lines;VV=v1.1.0	USP30 wild type	DMSO
PXD019692_Exp1_Exp2_medium	Homo sapiens	bone marrow	SH-SY5Y	CVCL_0019	Neuroblastoma	cell	not available	not available	not available	USP30 knockout	KO11	antimycin A/oligomycin A	24 h	1	PXD019692_HF426_MSQ1504_ERusilowicz_20181130_Mix1_1_181203122028	proteomic profiling by mass spectrometry	NT=Data-dependent acquisition;AC=PRIDE:0000627	NT=Q Exactive HF;AC=MS:1002523	NT=SILAC medium;AC=PRIDE:0000327	NT=Trypsin;AC=MS:1001251	NT=Carbamidomethyl;AC=UNIMOD:4;TA=C;MT=Fixed	NT=Oxidation;AC=UNIMOD:35;TA=M;MT=Variable	NT=Acetyl;AC=UNIMOD:1;PP=Protein N-term;MT=Variable	NT=GG;AC=UNIMOD:121;TA=K;MT=Variable	NT=Phospho;AC=UNIMOD:21;TA=S,T,Y;MT=Variable	not available	20 ppm	NT=beam-type collision-induced dissociation;AC=MS:1000422	28 NCE	NT=orbitrap;AC=MS:1000484	375m/z-1500m/z	100m/z	1	1	proteome_Mix1	HF426_MSQ1504_ERusilowicz_20181130_Mix1_1_181203122028.raw	https://ftp.pride.ebi.ac.uk/pride/data/archive/2020/07/PXD019692/HF426_MSQ1504_ERusilowicz_20181130_Mix1_1_181203122028.raw	v1.1.0	NT=ms-proteomics;VV=v1.1.0	NT=human;VV=v1.1.0	NT=cell-lines;VV=v1.1.0	USP30 knockout	antimycin A/oligomycin A
PXD019692_Exp1_heavy	Homo sapiens	bone marrow	SH-SY5Y	CVCL_0019	Neuroblastoma	cell	not available	not available	not available	USP30 wild type	not applicable	FT385	24 h	1	PXD019692_HF426_MSQ1504_ERusilowicz_20181130_Mix1_1_181203122028	proteomic profiling by mass spectrometry	NT=Data-dependent acquisition;AC=PRIDE:0000627	NT=Q Exactive HF;AC=MS:1002523	NT=SILAC heavy;AC=PRIDE:0000325	NT=Trypsin;AC=MS:1001251	NT=Carbamidomethyl;AC=UNIMOD:4;TA=C;MT=Fixed	NT=Oxidation;AC=UNIMOD:35;TA=M;MT=Variable	NT=Acetyl;AC=UNIMOD:1;PP=Protein N-term;MT=Variable	NT=GG;AC=UNIMOD:121;TA=K;MT=Variable	NT=Phospho;AC=UNIMOD:21;TA=S,T,Y;MT=Variable	not available	20 ppm	NT=beam-type collision-induced dissociation;AC=MS:1000422	28 NCE	NT=orbitrap;AC=MS:1000484	375m/z-1500m/z	100m/z	1	1	proteome_Mix1	HF426_MSQ1504_ERusilowicz_20181130_Mix1_1_181203122028.raw	https://ftp.pride.ebi.ac.uk/pride/data/archive/2020/07/PXD019692/HF426_MSQ1504_ERusilowicz_20181130_Mix1_1_181203122028.raw	v1.1.0	NT=ms-proteomics;VV=v1.1.0	NT=human;VV=v1.1.0	NT=cell-lines;VV=v1.1.0	USP30 wild type	FT385
PXD019692_Exp1_light	Homo sapiens	bone marrow	SH-SY5Y	CVCL_0019	Neuroblastoma	cell	not available	not available	not available	USP30 wild type	not applicable	DMSO	24 h	1	PXD019692_HF426_MSQ1504_ERusilowicz_20181130_Mix1_2_181203140931	proteomic profiling by mass spectrometry	NT=Data-dependent acquisition;AC=PRIDE:0000627	NT=Q Exactive HF;AC=MS:1002523	NT=SILAC light;AC=PRIDE:0000326	NT=Trypsin;AC=MS:1001251	NT=Carbamidomethyl;AC=UNIMOD:4;TA=C;MT=Fixed	NT=Oxidation;AC=UNIMOD:35;TA=M;MT=Variable	NT=Acetyl;AC=UNIMOD:1;PP=Protein N-term;MT=Variable	NT=GG;AC=UNIMOD:121;TA=K;MT=Variable	NT=Phospho;AC=UNIMOD:21;TA=S,T,Y;MT=Variable	not available	20 ppm	NT=beam-type collision-induced dissociation;AC=MS:1000422	28 NCE	NT=orbitrap;AC=MS:1000484	375m/z-1500m/z	100m/z	1	2	proteome_Mix1	HF426_MSQ1504_ERusilowicz_20181130_Mix1_2_181203140931.raw	https://ftp.pride.ebi.ac.uk/pride/data/archive/2020/07/PXD019692/HF426_MSQ1504_ERusilowicz_20181130_Mix1_2_181203140931.raw	v1.1.0	NT=ms-proteomics;VV=v1.1.0	NT=human;VV=v1.1.0	NT=cell-lines;VV=v1.1.0	USP30 wild type	DMSO
PXD019692_Exp1_Exp2_medium	Homo sapiens	bone marrow	SH-SY5Y	CVCL_0019	Neuroblastoma	cell	not available	not available	not available	USP30 knockout	KO11	antimycin A/oligomycin A	24 h	1	PXD019692_HF426_MSQ1504_ERusilowicz_20181130_Mix1_2_181203140931	proteomic profiling by mass spectrometry	NT=Data-dependent acquisition;AC=PRIDE:0000627	NT=Q Exactive HF;AC=MS:1002523	NT=SILAC medium;AC=PRIDE:0000327	NT=Trypsin;AC=MS:1001251	NT=Carbamidomethyl;AC=UNIMOD:4;TA=C;MT=Fixed	NT=Oxidation;AC=UNIMOD:35;TA=M;MT=Variable	NT=Acetyl;AC=UNIMOD:1;PP=Protein N-term;MT=Variable	NT=GG;AC=UNIMOD:121;TA=K;MT=Variable	NT=Phospho;AC=UNIMOD:21;TA=S,T,Y;MT=Variable	not available	20 ppm	NT=beam-type collision-induced dissociation;AC=MS:1000422	28 NCE	NT=orbitrap;AC=MS:1000484	375m/z-1500m/z	100m/z	1	2	proteome_Mix1	HF426_MSQ1504_ERusilowicz_20181130_Mix1_2_181203140931.raw	https://ftp.pride.ebi.ac.uk/pride/data/archive/2020/07/PXD019692/HF426_MSQ1504_ERusilowicz_20181130_Mix1_2_181203140931.raw	v1.1.0	NT=ms-proteomics;VV=v1.1.0	NT=human;VV=v1.1.0	NT=cell-lines;VV=v1.1.0	USP30 knockout	antimycin A/oligomycin A
PXD019692_Exp1_heavy	Homo sapiens	bone marrow	SH-SY5Y	CVCL_0019	Neuroblastoma	cell	not available	not available	not available	USP30 wild type	not applicable	FT385	24 h	1	PXD019692_HF426_MSQ1504_ERusilowicz_20181130_Mix1_2_181203140931	proteomic profiling by mass spectrometry	NT=Data-dependent acquisition;AC=PRIDE:0000627	NT=Q Exactive HF;AC=MS:1002523	NT=SILAC heavy;AC=PRIDE:0000325	NT=Trypsin;AC=MS:1001251	NT=Carbamidomethyl;AC=UNIMOD:4;TA=C;MT=Fixed	NT=Oxidation;AC=UNIMOD:35;TA=M;MT=Variable	NT=Acetyl;AC=UNIMOD:1;PP=Protein N-term;MT=Variable	NT=GG;AC=UNIMOD:121;TA=K;MT=Variable	NT=Phospho;AC=UNIMOD:21;TA=S,T,Y;MT=Variable	not available	20 ppm	NT=beam-type collision-induced dissociation;AC=MS:1000422	28 NCE	NT=orbitrap;AC=MS:1000484	375m/z-1500m/z	100m/z	1	2	proteome_Mix1	HF426_MSQ1504_ERusilowicz_20181130_Mix1_2_181203140931.raw	https://ftp.pride.ebi.ac.uk/pride/data/archive/2020/07/PXD019692/HF426_MSQ1504_ERusilowicz_20181130_Mix1_2_181203140931.raw	v1.1.0	NT=ms-proteomics;VV=v1.1.0	NT=human;VV=v1.1.0	NT=cell-lines;VV=v1.1.0	USP30 wild type	FT385
PXD019692_Exp1_light	Homo sapiens	bone marrow	SH-SY5Y	CVCL_0019	Neuroblastoma	cell	not available	not available	not available	USP30 wild type	not applicable	DMSO	24 h	1	PXD019692_HF426_MSQ1504_ERusilowicz_20181130_Mix1_3_181203155836	proteomic profiling by mass spectrometry	NT=Data-dependent acquisition;AC=PRIDE:0000627	NT=Q Exactive HF;AC=MS:1002523	NT=SILAC light;AC=PRIDE:0000326	NT=Trypsin;AC=MS:1001251	NT=Carbamidomethyl;AC=UNIMOD:4;TA=C;MT=Fixed	NT=Oxidation;AC=UNIMOD:35;TA=M;MT=Variable	NT=Acetyl;AC=UNIMOD:1;PP=Protein N-term;MT=Variable	NT=GG;AC=UNIMOD:121;TA=K;MT=Variable	NT=Phospho;AC=UNIMOD:21;TA=S,T,Y;MT=Variable	not available	20 ppm	NT=beam-type collision-induced dissociation;AC=MS:1000422	28 NCE	NT=orbitrap;AC=MS:1000484	375m/z-1500m/z	100m/z	1	3	proteome_Mix1	HF426_MSQ1504_ERusilowicz_20181130_Mix1_3_181203155836.raw	https://ftp.pride.ebi.ac.uk/pride/data/archive/2020/07/PXD019692/HF426_MSQ1504_ERusilowicz_20181130_Mix1_3_181203155836.raw	v1.1.0	NT=ms-proteomics;VV=v1.1.0	NT=human;VV=v1.1.0	NT=cell-lines;VV=v1.1.0	USP30 wild type	DMSO
PXD019692_Exp1_Exp2_medium	Homo sapiens	bone marrow	SH-SY5Y	CVCL_0019	Neuroblastoma	cell	not available	not available	not available	USP30 knockout	KO11	antimycin A/oligomycin A	24 h	1	PXD019692_HF426_MSQ1504_ERusilowicz_20181130_Mix1_3_181203155836	proteomic profiling by mass spectrometry	NT=Data-dependent acquisition;AC=PRIDE:0000627	NT=Q Exactive HF;AC=MS:1002523	NT=SILAC medium;AC=PRIDE:0000327	NT=Trypsin;AC=MS:1001251	NT=Carbamidomethyl;AC=UNIMOD:4;TA=C;MT=Fixed	NT=Oxidation;AC=UNIMOD:35;TA=M;MT=Variable	NT=Acetyl;AC=UNIMOD:1;PP=Protein N-term;MT=Variable	NT=GG;AC=UNIMOD:121;TA=K;MT=Variable	NT=Phospho;AC=UNIMOD:21;TA=S,T,Y;MT=Variable	not available	20 ppm	NT=beam-type collision-induced dissociation;AC=MS:1000422	28 NCE	NT=orbitrap;AC=MS:1000484	375m/z-1500m/z	100m/z	1	3	proteome_Mix1	HF426_MSQ1504_ERusilowicz_20181130_Mix1_3_181203155836.raw	https://ftp.pride.ebi.ac.uk/pride/data/archive/2020/07/PXD019692/HF426_MSQ1504_ERusilowicz_20181130_Mix1_3_181203155836.raw	v1.1.0	NT=ms-proteomics;VV=v1.1.0	NT=human;VV=v1.1.0	NT=cell-lines;VV=v1.1.0	USP30 knockout	antimycin A/oligomycin A
PXD019692_Exp1_heavy	Homo sapiens	bone marrow	SH-SY5Y	CVCL_0019	Neuroblastoma	cell	not available	not available	not available	USP30 wild type	not applicable	FT385	24 h	1	PXD019692_HF426_MSQ1504_ERusilowicz_20181130_Mix1_3_181203155836	proteomic profiling by mass spectrometry	NT=Data-dependent acquisition;AC=PRIDE:0000627	NT=Q Exactive HF;AC=MS:1002523	NT=SILAC heavy;AC=PRIDE:0000325	NT=Trypsin;AC=MS:1001251	NT=Carbamidomethyl;AC=UNIMOD:4;TA=C;MT=Fixed	NT=Oxidation;AC=UNIMOD:35;TA=M;MT=Variable	NT=Acetyl;AC=UNIMOD:1;PP=Protein N-term;MT=Variable	NT=GG;AC=UNIMOD:121;TA=K;MT=Variable	NT=Phospho;AC=UNIMOD:21;TA=S,T,Y;MT=Variable	not available	20 ppm	NT=beam-type collision-induced dissociation;AC=MS:1000422	28 NCE	NT=orbitrap;AC=MS:1000484	375m/z-1500m/z	100m/z	1	3	proteome_Mix1	HF426_MSQ1504_ERusilowicz_20181130_Mix1_3_181203155836.raw	https://ftp.pride.ebi.ac.uk/pride/data/archive/2020/07/PXD019692/HF426_MSQ1504_ERusilowicz_20181130_Mix1_3_181203155836.raw	v1.1.0	NT=ms-proteomics;VV=v1.1.0	NT=human;VV=v1.1.0	NT=cell-lines;VV=v1.1.0	USP30 wild type	FT385
PXD019692_Exp1_light	Homo sapiens	bone marrow	SH-SY5Y	CVCL_0019	Neuroblastoma	cell	not available	not available	not available	USP30 wild type	not applicable	DMSO	24 h	1	PXD019692_HF426_MSQ1504_ERusilowicz_20181130_Mix1_4_181203174740	proteomic profiling by mass spectrometry	NT=Data-dependent acquisition;AC=PRIDE:0000627	NT=Q Exactive HF;AC=MS:1002523	NT=SILAC light;AC=PRIDE:0000326	NT=Trypsin;AC=MS:1001251	NT=Carbamidomethyl;AC=UNIMOD:4;TA=C;MT=Fixed	NT=Oxidation;AC=UNIMOD:35;TA=M;MT=Variable	NT=Acetyl;AC=UNIMOD:1;PP=Protein N-term;MT=Variable	NT=GG;AC=UNIMOD:121;TA=K;MT=Variable	NT=Phospho;AC=UNIMOD:21;TA=S,T,Y;MT=Variable	not available	20 ppm	NT=beam-type collision-induced dissociation;AC=MS:1000422	28 NCE	NT=orbitrap;AC=MS:1000484	375m/z-1500m/z	100m/z	1	4	proteome_Mix1	HF426_MSQ1504_ERusilowicz_20181130_Mix1_4_181203174740.raw	https://ftp.pride.ebi.ac.uk/pride/data/archive/2020/07/PXD019692/HF426_MSQ1504_ERusilowicz_20181130_Mix1_4_181203174740.raw	v1.1.0	NT=ms-proteomics;VV=v1.1.0	NT=human;VV=v1.1.0	NT=cell-lines;VV=v1.1.0	USP30 wild type	DMSO
PXD019692_Exp1_Exp2_medium	Homo sapiens	bone marrow	SH-SY5Y	CVCL_0019	Neuroblastoma	cell	not available	not available	not available	USP30 knockout	KO11	antimycin A/oligomycin A	24 h	1	PXD019692_HF426_MSQ1504_ERusilowicz_20181130_Mix1_4_181203174740	proteomic profiling by mass spectrometry	NT=Data-dependent acquisition;AC=PRIDE:0000627	NT=Q Exactive HF;AC=MS:1002523	NT=SILAC medium;AC=PRIDE:0000327	NT=Trypsin;AC=MS:1001251	NT=Carbamidomethyl;AC=UNIMOD:4;TA=C;MT=Fixed	NT=Oxidation;AC=UNIMOD:35;TA=M;MT=Variable	NT=Acetyl;AC=UNIMOD:1;PP=Protein N-term;MT=Variable	NT=GG;AC=UNIMOD:121;TA=K;MT=Variable	NT=Phospho;AC=UNIMOD:21;TA=S,T,Y;MT=Variable	not available	20 ppm	NT=beam-type collision-induced dissociation;AC=MS:1000422	28 NCE	NT=orbitrap;AC=MS:1000484	375m/z-1500m/z	100m/z	1	4	proteome_Mix1	HF426_MSQ1504_ERusilowicz_20181130_Mix1_4_181203174740.raw	https://ftp.pride.ebi.ac.uk/pride/data/archive/2020/07/PXD019692/HF426_MSQ1504_ERusilowicz_20181130_Mix1_4_181203174740.raw	v1.1.0	NT=ms-proteomics;VV=v1.1.0	NT=human;VV=v1.1.0	NT=cell-lines;VV=v1.1.0	USP30 knockout	antimycin A/oligomycin A
PXD019692_Exp1_heavy	Homo sapiens	bone marrow	SH-SY5Y	CVCL_0019	Neuroblastoma	cell	not available	not available	not available	USP30 wild type	not applicable	FT385	24 h	1	PXD019692_HF426_MSQ1504_ERusilowicz_20181130_Mix1_4_181203174740	proteomic profiling by mass spectrometry	NT=Data-dependent acquisition;AC=PRIDE:0000627	NT=Q Exactive HF;AC=MS:1002523	NT=SILAC heavy;AC=PRIDE:0000325	NT=Trypsin;AC=MS:1001251	NT=Carbamidomethyl;AC=UNIMOD:4;TA=C;MT=Fixed	NT=Oxidation;AC=UNIMOD:35;TA=M;MT=Variable	NT=Acetyl;AC=UNIMOD:1;PP=Protein N-term;MT=Variable	NT=GG;AC=UNIMOD:121;TA=K;MT=Variable	NT=Phospho;AC=UNIMOD:21;TA=S,T,Y;MT=Variable	not available	20 ppm	NT=beam-type collision-induced dissociation;AC=MS:1000422	28 NCE	NT=orbitrap;AC=MS:1000484	375m/z-1500m/z	100m/z	1	4	proteome_Mix1	HF426_MSQ1504_ERusilowicz_20181130_Mix1_4_181203174740.raw	https://ftp.pride.ebi.ac.uk/pride/data/archive/2020/07/PXD019692/HF426_MSQ1504_ERusilowicz_20181130_Mix1_4_181203174740.raw	v1.1.0	NT=ms-proteomics;VV=v1.1.0	NT=human;VV=v1.1.0	NT=cell-lines;VV=v1.1.0	USP30 wild type	FT385
PXD019692_Exp1_light	Homo sapiens	bone marrow	SH-SY5Y	CVCL_0019	Neuroblastoma	cell	not available	not available	not available	USP30 wild type	not applicable	DMSO	24 h	1	PXD019692_HF426_MSQ1504_ERusilowicz_20181130_Mix1_5_181203193645	proteomic profiling by mass spectrometry	NT=Data-dependent acquisition;AC=PRIDE:0000627	NT=Q Exactive HF;AC=MS:1002523	NT=SILAC light;AC=PRIDE:0000326	NT=Trypsin;AC=MS:1001251	NT=Carbamidomethyl;AC=UNIMOD:4;TA=C;MT=Fixed	NT=Oxidation;AC=UNIMOD:35;TA=M;MT=Variable	NT=Acetyl;AC=UNIMOD:1;PP=Protein N-term;MT=Variable	NT=GG;AC=UNIMOD:121;TA=K;MT=Variable	NT=Phospho;AC=UNIMOD:21;TA=S,T,Y;MT=Variable	not available	20 ppm	NT=beam-type collision-induced dissociation;AC=MS:1000422	28 NCE	NT=orbitrap;AC=MS:1000484	375m/z-1500m/z	100m/z	1	5	proteome_Mix1	HF426_MSQ1504_ERusilowicz_20181130_Mix1_5_181203193645.raw	https://ftp.pride.ebi.ac.uk/pride/data/archive/2020/07/PXD019692/HF426_MSQ1504_ERusilowicz_20181130_Mix1_5_181203193645.raw	v1.1.0	NT=ms-proteomics;VV=v1.1.0	NT=human;VV=v1.1.0	NT=cell-lines;VV=v1.1.0	USP30 wild type	DMSO
PXD019692_Exp1_Exp2_medium	Homo sapiens	bone marrow	SH-SY5Y	CVCL_0019	Neuroblastoma	cell	not available	not available	not available	USP30 knockout	KO11	antimycin A/oligomycin A	24 h	1	PXD019692_HF426_MSQ1504_ERusilowicz_20181130_Mix1_5_181203193645	proteomic profiling by mass spectrometry	NT=Data-dependent acquisition;AC=PRIDE:0000627	NT=Q Exactive HF;AC=MS:1002523	NT=SILAC medium;AC=PRIDE:0000327	NT=Trypsin;AC=MS:1001251	NT=Carbamidomethyl;AC=UNIMOD:4;TA=C;MT=Fixed	NT=Oxidation;AC=UNIMOD:35;TA=M;MT=Variable	NT=Acetyl;AC=UNIMOD:1;PP=Protein N-term;MT=Variable	NT=GG;AC=UNIMOD:121;TA=K;MT=Variable	NT=Phospho;AC=UNIMOD:21;TA=S,T,Y;MT=Variable	not available	20 ppm	NT=beam-type collision-induced dissociation;AC=MS:1000422	28 NCE	NT=orbitrap;AC=MS:1000484	375m/z-1500m/z	100m/z	1	5	proteome_Mix1	HF426_MSQ1504_ERusilowicz_20181130_Mix1_5_181203193645.raw	https://ftp.pride.ebi.ac.uk/pride/data/archive/2020/07/PXD019692/HF426_MSQ1504_ERusilowicz_20181130_Mix1_5_181203193645.raw	v1.1.0	NT=ms-proteomics;VV=v1.1.0	NT=human;VV=v1.1.0	NT=cell-lines;VV=v1.1.0	USP30 knockout	antimycin A/oligomycin A
PXD019692_Exp1_heavy	Homo sapiens	bone marrow	SH-SY5Y	CVCL_0019	Neuroblastoma	cell	not available	not available	not available	USP30 wild type	not applicable	FT385	24 h	1	PXD019692_HF426_MSQ1504_ERusilowicz_20181130_Mix1_5_181203193645	proteomic profiling by mass spectrometry	NT=Data-dependent acquisition;AC=PRIDE:0000627	NT=Q Exactive HF;AC=MS:1002523	NT=SILAC heavy;AC=PRIDE:0000325	NT=Trypsin;AC=MS:1001251	NT=Carbamidomethyl;AC=UNIMOD:4;TA=C;MT=Fixed	NT=Oxidation;AC=UNIMOD:35;TA=M;MT=Variable	NT=Acetyl;AC=UNIMOD:1;PP=Protein N-term;MT=Variable	NT=GG;AC=UNIMOD:121;TA=K;MT=Variable	NT=Phospho;AC=UNIMOD:21;TA=S,T,Y;MT=Variable	not available	20 ppm	NT=beam-type collision-induced dissociation;AC=MS:1000422	28 NCE	NT=orbitrap;AC=MS:1000484	375m/z-1500m/z	100m/z	1	5	proteome_Mix1	HF426_MSQ1504_ERusilowicz_20181130_Mix1_5_181203193645.raw	https://ftp.pride.ebi.ac.uk/pride/data/archive/2020/07/PXD019692/HF426_MSQ1504_ERusilowicz_20181130_Mix1_5_181203193645.raw	v1.1.0	NT=ms-proteomics;VV=v1.1.0	NT=human;VV=v1.1.0	NT=cell-lines;VV=v1.1.0	USP30 wild type	FT385
PXD019692_Exp1_light	Homo sapiens	bone marrow	SH-SY5Y	CVCL_0019	Neuroblastoma	cell	not available	not available	not available	USP30 wild type	not applicable	DMSO	24 h	1	PXD019692_HF426_MSQ1504_ERusilowicz_20181130_Mix1_6_181203212549	proteomic profiling by mass spectrometry	NT=Data-dependent acquisition;AC=PRIDE:0000627	NT=Q Exactive HF;AC=MS:1002523	NT=SILAC light;AC=PRIDE:0000326	NT=Trypsin;AC=MS:1001251	NT=Carbamidomethyl;AC=UNIMOD:4;TA=C;MT=Fixed	NT=Oxidation;AC=UNIMOD:35;TA=M;MT=Variable	NT=Acetyl;AC=UNIMOD:1;PP=Protein N-term;MT=Variable	NT=GG;AC=UNIMOD:121;TA=K;MT=Variable	NT=Phospho;AC=UNIMOD:21;TA=S,T,Y;MT=Variable	not available	20 ppm	NT=beam-type collision-induced dissociation;AC=MS:1000422	28 NCE	NT=orbitrap;AC=MS:1000484	375m/z-1500m/z	100m/z	1	6	proteome_Mix1	HF426_MSQ1504_ERusilowicz_20181130_Mix1_6_181203212549.raw	https://ftp.pride.ebi.ac.uk/pride/data/archive/2020/07/PXD019692/HF426_MSQ1504_ERusilowicz_20181130_Mix1_6_181203212549.raw	v1.1.0	NT=ms-proteomics;VV=v1.1.0	NT=human;VV=v1.1.0	NT=cell-lines;VV=v1.1.0	USP30 wild type	DMSO
PXD019692_Exp1_Exp2_medium	Homo sapiens	bone marrow	SH-SY5Y	CVCL_0019	Neuroblastoma	cell	not available	not available	not available	USP30 knockout	KO11	antimycin A/oligomycin A	24 h	1	PXD019692_HF426_MSQ1504_ERusilowicz_20181130_Mix1_6_181203212549	proteomic profiling by mass spectrometry	NT=Data-dependent acquisition;AC=PRIDE:0000627	NT=Q Exactive HF;AC=MS:1002523	NT=SILAC medium;AC=PRIDE:0000327	NT=Trypsin;AC=MS:1001251	NT=Carbamidomethyl;AC=UNIMOD:4;TA=C;MT=Fixed	NT=Oxidation;AC=UNIMOD:35;TA=M;MT=Variable	NT=Acetyl;AC=UNIMOD:1;PP=Protein N-term;MT=Variable	NT=GG;AC=UNIMOD:121;TA=K;MT=Variable	NT=Phospho;AC=UNIMOD:21;TA=S,T,Y;MT=Variable	not available	20 ppm	NT=beam-type collision-induced dissociation;AC=MS:1000422	28 NCE	NT=orbitrap;AC=MS:1000484	375m/z-1500m/z	100m/z	1	6	proteome_Mix1	HF426_MSQ1504_ERusilowicz_20181130_Mix1_6_181203212549.raw	https://ftp.pride.ebi.ac.uk/pride/data/archive/2020/07/PXD019692/HF426_MSQ1504_ERusilowicz_20181130_Mix1_6_181203212549.raw	v1.1.0	NT=ms-proteomics;VV=v1.1.0	NT=human;VV=v1.1.0	NT=cell-lines;VV=v1.1.0	USP30 knockout	antimycin A/oligomycin A
PXD019692_Exp1_heavy	Homo sapiens	bone marrow	SH-SY5Y	CVCL_0019	Neuroblastoma	cell	not available	not available	not available	USP30 wild type	not applicable	FT385	24 h	1	PXD019692_HF426_MSQ1504_ERusilowicz_20181130_Mix1_6_181203212549	proteomic profiling by mass spectrometry	NT=Data-dependent acquisition;AC=PRIDE:0000627	NT=Q Exactive HF;AC=MS:1002523	NT=SILAC heavy;AC=PRIDE:0000325	NT=Trypsin;AC=MS:1001251	NT=Carbamidomethyl;AC=UNIMOD:4;TA=C;MT=Fixed	NT=Oxidation;AC=UNIMOD:35;TA=M;MT=Variable	NT=Acetyl;AC=UNIMOD:1;PP=Protein N-term;MT=Variable	NT=GG;AC=UNIMOD:121;TA=K;MT=Variable	NT=Phospho;AC=UNIMOD:21;TA=S,T,Y;MT=Variable	not available	20 ppm	NT=beam-type collision-induced dissociation;AC=MS:1000422	28 NCE	NT=orbitrap;AC=MS:1000484	375m/z-1500m/z	100m/z	1	6	proteome_Mix1	HF426_MSQ1504_ERusilowicz_20181130_Mix1_6_181203212549.raw	https://ftp.pride.ebi.ac.uk/pride/data/archive/2020/07/PXD019692/HF426_MSQ1504_ERusilowicz_20181130_Mix1_6_181203212549.raw	v1.1.0	NT=ms-proteomics;VV=v1.1.0	NT=human;VV=v1.1.0	NT=cell-lines;VV=v1.1.0	USP30 wild type	FT385
PXD019692_Exp1_light	Homo sapiens	bone marrow	SH-SY5Y	CVCL_0019	Neuroblastoma	cell	not available	not available	not available	USP30 wild type	not applicable	DMSO	24 h	1	PXD019692_HF426_MSQ1504_ERusilowicz_20181130_Mix1_7_181203231456	proteomic profiling by mass spectrometry	NT=Data-dependent acquisition;AC=PRIDE:0000627	NT=Q Exactive HF;AC=MS:1002523	NT=SILAC light;AC=PRIDE:0000326	NT=Trypsin;AC=MS:1001251	NT=Carbamidomethyl;AC=UNIMOD:4;TA=C;MT=Fixed	NT=Oxidation;AC=UNIMOD:35;TA=M;MT=Variable	NT=Acetyl;AC=UNIMOD:1;PP=Protein N-term;MT=Variable	NT=GG;AC=UNIMOD:121;TA=K;MT=Variable	NT=Phospho;AC=UNIMOD:21;TA=S,T,Y;MT=Variable	not available	20 ppm	NT=beam-type collision-induced dissociation;AC=MS:1000422	28 NCE	NT=orbitrap;AC=MS:1000484	375m/z-1500m/z	100m/z	1	7	proteome_Mix1	HF426_MSQ1504_ERusilowicz_20181130_Mix1_7_181203231456.raw	https://ftp.pride.ebi.ac.uk/pride/data/archive/2020/07/PXD019692/HF426_MSQ1504_ERusilowicz_20181130_Mix1_7_181203231456.raw	v1.1.0	NT=ms-proteomics;VV=v1.1.0	NT=human;VV=v1.1.0	NT=cell-lines;VV=v1.1.0	USP30 wild type	DMSO
PXD019692_Exp1_Exp2_medium	Homo sapiens	bone marrow	SH-SY5Y	CVCL_0019	Neuroblastoma	cell	not available	not available	not available	USP30 knockout	KO11	antimycin A/oligomycin A	24 h	1	PXD019692_HF426_MSQ1504_ERusilowicz_20181130_Mix1_7_181203231456	proteomic profiling by mass spectrometry	NT=Data-dependent acquisition;AC=PRIDE:0000627	NT=Q Exactive HF;AC=MS:1002523	NT=SILAC medium;AC=PRIDE:0000327	NT=Trypsin;AC=MS:1001251	NT=Carbamidomethyl;AC=UNIMOD:4;TA=C;MT=Fixed	NT=Oxidation;AC=UNIMOD:35;TA=M;MT=Variable	NT=Acetyl;AC=UNIMOD:1;PP=Protein N-term;MT=Variable	NT=GG;AC=UNIMOD:121;TA=K;MT=Variable	NT=Phospho;AC=UNIMOD:21;TA=S,T,Y;MT=Variable	not available	20 ppm	NT=beam-type collision-induced dissociation;AC=MS:1000422	28 NCE	NT=orbitrap;AC=MS:1000484	375m/z-1500m/z	100m/z	1	7	proteome_Mix1	HF426_MSQ1504_ERusilowicz_20181130_Mix1_7_181203231456.raw	https://ftp.pride.ebi.ac.uk/pride/data/archive/2020/07/PXD019692/HF426_MSQ1504_ERusilowicz_20181130_Mix1_7_181203231456.raw	v1.1.0	NT=ms-proteomics;VV=v1.1.0	NT=human;VV=v1.1.0	NT=cell-lines;VV=v1.1.0	USP30 knockout	antimycin A/oligomycin A
PXD019692_Exp1_heavy	Homo sapiens	bone marrow	SH-SY5Y	CVCL_0019	Neuroblastoma	cell	not available	not available	not available	USP30 wild type	not applicable	FT385	24 h	1	PXD019692_HF426_MSQ1504_ERusilowicz_20181130_Mix1_7_181203231456	proteomic profiling by mass spectrometry	NT=Data-dependent acquisition;AC=PRIDE:0000627	NT=Q Exactive HF;AC=MS:1002523	NT=SILAC heavy;AC=PRIDE:0000325	NT=Trypsin;AC=MS:1001251	NT=Carbamidomethyl;AC=UNIMOD:4;TA=C;MT=Fixed	NT=Oxidation;AC=UNIMOD:35;TA=M;MT=Variable	NT=Acetyl;AC=UNIMOD:1;PP=Protein N-term;MT=Variable	NT=GG;AC=UNIMOD:121;TA=K;MT=Variable	NT=Phospho;AC=UNIMOD:21;TA=S,T,Y;MT=Variable	not available	20 ppm	NT=beam-type collision-induced dissociation;AC=MS:1000422	28 NCE	NT=orbitrap;AC=MS:1000484	375m/z-1500m/z	100m/z	1	7	proteome_Mix1	HF426_MSQ1504_ERusilowicz_20181130_Mix1_7_181203231456.raw	https://ftp.pride.ebi.ac.uk/pride/data/archive/2020/07/PXD019692/HF426_MSQ1504_ERusilowicz_20181130_Mix1_7_181203231456.raw	v1.1.0	NT=ms-proteomics;VV=v1.1.0	NT=human;VV=v1.1.0	NT=cell-lines;VV=v1.1.0	USP30 wild type	FT385
PXD019692_Exp1_light	Homo sapiens	bone marrow	SH-SY5Y	CVCL_0019	Neuroblastoma	cell	not available	not available	not available	USP30 wild type	not applicable	DMSO	24 h	1	PXD019692_HF426_MSQ1504_ERusilowicz_20181130_Mix1_8_181204010359	proteomic profiling by mass spectrometry	NT=Data-dependent acquisition;AC=PRIDE:0000627	NT=Q Exactive HF;AC=MS:1002523	NT=SILAC light;AC=PRIDE:0000326	NT=Trypsin;AC=MS:1001251	NT=Carbamidomethyl;AC=UNIMOD:4;TA=C;MT=Fixed	NT=Oxidation;AC=UNIMOD:35;TA=M;MT=Variable	NT=Acetyl;AC=UNIMOD:1;PP=Protein N-term;MT=Variable	NT=GG;AC=UNIMOD:121;TA=K;MT=Variable	NT=Phospho;AC=UNIMOD:21;TA=S,T,Y;MT=Variable	not available	20 ppm	NT=beam-type collision-induced dissociation;AC=MS:1000422	28 NCE	NT=orbitrap;AC=MS:1000484	375m/z-1500m/z	100m/z	1	8	proteome_Mix1	HF426_MSQ1504_ERusilowicz_20181130_Mix1_8_181204010359.raw	https://ftp.pride.ebi.ac.uk/pride/data/archive/2020/07/PXD019692/HF426_MSQ1504_ERusilowicz_20181130_Mix1_8_181204010359.raw	v1.1.0	NT=ms-proteomics;VV=v1.1.0	NT=human;VV=v1.1.0	NT=cell-lines;VV=v1.1.0	USP30 wild type	DMSO
PXD019692_Exp1_Exp2_medium	Homo sapiens	bone marrow	SH-SY5Y	CVCL_0019	Neuroblastoma	cell	not available	not available	not available	USP30 knockout	KO11	antimycin A/oligomycin A	24 h	1	PXD019692_HF426_MSQ1504_ERusilowicz_20181130_Mix1_8_181204010359	proteomic profiling by mass spectrometry	NT=Data-dependent acquisition;AC=PRIDE:0000627	NT=Q Exactive HF;AC=MS:1002523	NT=SILAC medium;AC=PRIDE:0000327	NT=Trypsin;AC=MS:1001251	NT=Carbamidomethyl;AC=UNIMOD:4;TA=C;MT=Fixed	NT=Oxidation;AC=UNIMOD:35;TA=M;MT=Variable	NT=Acetyl;AC=UNIMOD:1;PP=Protein N-term;MT=Variable	NT=GG;AC=UNIMOD:121;TA=K;MT=Variable	NT=Phospho;AC=UNIMOD:21;TA=S,T,Y;MT=Variable	not available	20 ppm	NT=beam-type collision-induced dissociation;AC=MS:1000422	28 NCE	NT=orbitrap;AC=MS:1000484	375m/z-1500m/z	100m/z	1	8	proteome_Mix1	HF426_MSQ1504_ERusilowicz_20181130_Mix1_8_181204010359.raw	https://ftp.pride.ebi.ac.uk/pride/data/archive/2020/07/PXD019692/HF426_MSQ1504_ERusilowicz_20181130_Mix1_8_181204010359.raw	v1.1.0	NT=ms-proteomics;VV=v1.1.0	NT=human;VV=v1.1.0	NT=cell-lines;VV=v1.1.0	USP30 knockout	antimycin A/oligomycin A
PXD019692_Exp1_heavy	Homo sapiens	bone marrow	SH-SY5Y	CVCL_0019	Neuroblastoma	cell	not available	not available	not available	USP30 wild type	not applicable	FT385	24 h	1	PXD019692_HF426_MSQ1504_ERusilowicz_20181130_Mix1_8_181204010359	proteomic profiling by mass spectrometry	NT=Data-dependent acquisition;AC=PRIDE:0000627	NT=Q Exactive HF;AC=MS:1002523	NT=SILAC heavy;AC=PRIDE:0000325	NT=Trypsin;AC=MS:1001251	NT=Carbamidomethyl;AC=UNIMOD:4;TA=C;MT=Fixed	NT=Oxidation;AC=UNIMOD:35;TA=M;MT=Variable	NT=Acetyl;AC=UNIMOD:1;PP=Protein N-term;MT=Variable	NT=GG;AC=UNIMOD:121;TA=K;MT=Variable	NT=Phospho;AC=UNIMOD:21;TA=S,T,Y;MT=Variable	not available	20 ppm	NT=beam-type collision-induced dissociation;AC=MS:1000422	28 NCE	NT=orbitrap;AC=MS:1000484	375m/z-1500m/z	100m/z	1	8	proteome_Mix1	HF426_MSQ1504_ERusilowicz_20181130_Mix1_8_181204010359.raw	https://ftp.pride.ebi.ac.uk/pride/data/archive/2020/07/PXD019692/HF426_MSQ1504_ERusilowicz_20181130_Mix1_8_181204010359.raw	v1.1.0	NT=ms-proteomics;VV=v1.1.0	NT=human;VV=v1.1.0	NT=cell-lines;VV=v1.1.0	USP30 wild type	FT385
PXD019692_Exp1_light	Homo sapiens	bone marrow	SH-SY5Y	CVCL_0019	Neuroblastoma	cell	not available	not available	not available	USP30 wild type	not applicable	DMSO	24 h	1	PXD019692_HF426_MSQ1504_ERusilowicz_20181130_Mix1_9_181204025306	proteomic profiling by mass spectrometry	NT=Data-dependent acquisition;AC=PRIDE:0000627	NT=Q Exactive HF;AC=MS:1002523	NT=SILAC light;AC=PRIDE:0000326	NT=Trypsin;AC=MS:1001251	NT=Carbamidomethyl;AC=UNIMOD:4;TA=C;MT=Fixed	NT=Oxidation;AC=UNIMOD:35;TA=M;MT=Variable	NT=Acetyl;AC=UNIMOD:1;PP=Protein N-term;MT=Variable	NT=GG;AC=UNIMOD:121;TA=K;MT=Variable	NT=Phospho;AC=UNIMOD:21;TA=S,T,Y;MT=Variable	not available	20 ppm	NT=beam-type collision-induced dissociation;AC=MS:1000422	28 NCE	NT=orbitrap;AC=MS:1000484	375m/z-1500m/z	100m/z	1	9	proteome_Mix1	HF426_MSQ1504_ERusilowicz_20181130_Mix1_9_181204025306.raw	https://ftp.pride.ebi.ac.uk/pride/data/archive/2020/07/PXD019692/HF426_MSQ1504_ERusilowicz_20181130_Mix1_9_181204025306.raw	v1.1.0	NT=ms-proteomics;VV=v1.1.0	NT=human;VV=v1.1.0	NT=cell-lines;VV=v1.1.0	USP30 wild type	DMSO
PXD019692_Exp1_Exp2_medium	Homo sapiens	bone marrow	SH-SY5Y	CVCL_0019	Neuroblastoma	cell	not available	not available	not available	USP30 knockout	KO11	antimycin A/oligomycin A	24 h	1	PXD019692_HF426_MSQ1504_ERusilowicz_20181130_Mix1_9_181204025306	proteomic profiling by mass spectrometry	NT=Data-dependent acquisition;AC=PRIDE:0000627	NT=Q Exactive HF;AC=MS:1002523	NT=SILAC medium;AC=PRIDE:0000327	NT=Trypsin;AC=MS:1001251	NT=Carbamidomethyl;AC=UNIMOD:4;TA=C;MT=Fixed	NT=Oxidation;AC=UNIMOD:35;TA=M;MT=Variable	NT=Acetyl;AC=UNIMOD:1;PP=Protein N-term;MT=Variable	NT=GG;AC=UNIMOD:121;TA=K;MT=Variable	NT=Phospho;AC=UNIMOD:21;TA=S,T,Y;MT=Variable	not available	20 ppm	NT=beam-type collision-induced dissociation;AC=MS:1000422	28 NCE	NT=orbitrap;AC=MS:1000484	375m/z-1500m/z	100m/z	1	9	proteome_Mix1	HF426_MSQ1504_ERusilowicz_20181130_Mix1_9_181204025306.raw	https://ftp.pride.ebi.ac.uk/pride/data/archive/2020/07/PXD019692/HF426_MSQ1504_ERusilowicz_20181130_Mix1_9_181204025306.raw	v1.1.0	NT=ms-proteomics;VV=v1.1.0	NT=human;VV=v1.1.0	NT=cell-lines;VV=v1.1.0	USP30 knockout	antimycin A/oligomycin A
PXD019692_Exp1_heavy	Homo sapiens	bone marrow	SH-SY5Y	CVCL_0019	Neuroblastoma	cell	not available	not available	not available	USP30 wild type	not applicable	FT385	24 h	1	PXD019692_HF426_MSQ1504_ERusilowicz_20181130_Mix1_9_181204025306	proteomic profiling by mass spectrometry	NT=Data-dependent acquisition;AC=PRIDE:0000627	NT=Q Exactive HF;AC=MS:1002523	NT=SILAC heavy;AC=PRIDE:0000325	NT=Trypsin;AC=MS:1001251	NT=Carbamidomethyl;AC=UNIMOD:4;TA=C;MT=Fixed	NT=Oxidation;AC=UNIMOD:35;TA=M;MT=Variable	NT=Acetyl;AC=UNIMOD:1;PP=Protein N-term;MT=Variable	NT=GG;AC=UNIMOD:121;TA=K;MT=Variable	NT=Phospho;AC=UNIMOD:21;TA=S,T,Y;MT=Variable	not available	20 ppm	NT=beam-type collision-induced dissociation;AC=MS:1000422	28 NCE	NT=orbitrap;AC=MS:1000484	375m/z-1500m/z	100m/z	1	9	proteome_Mix1	HF426_MSQ1504_ERusilowicz_20181130_Mix1_9_181204025306.raw	https://ftp.pride.ebi.ac.uk/pride/data/archive/2020/07/PXD019692/HF426_MSQ1504_ERusilowicz_20181130_Mix1_9_181204025306.raw	v1.1.0	NT=ms-proteomics;VV=v1.1.0	NT=human;VV=v1.1.0	NT=cell-lines;VV=v1.1.0	USP30 wild type	FT385
PXD019692_Exp2_light	Homo sapiens	bone marrow	SH-SY5Y	CVCL_0019	Neuroblastoma	cell	not available	not available	not available	USP30 wild type	not applicable	antimycin A/oligomycin A	24 h	1	PXD019692_HF426_MSQ1504_ERusilowicz_20181130_Mix2_11	proteomic profiling by mass spectrometry	NT=Data-dependent acquisition;AC=PRIDE:0000627	NT=Q Exactive HF;AC=MS:1002523	NT=SILAC light;AC=PRIDE:0000326	NT=Trypsin;AC=MS:1001251	NT=Carbamidomethyl;AC=UNIMOD:4;TA=C;MT=Fixed	NT=Oxidation;AC=UNIMOD:35;TA=M;MT=Variable	NT=Acetyl;AC=UNIMOD:1;PP=Protein N-term;MT=Variable	NT=GG;AC=UNIMOD:121;TA=K;MT=Variable	NT=Phospho;AC=UNIMOD:21;TA=S,T,Y;MT=Variable	not available	20 ppm	NT=beam-type collision-induced dissociation;AC=MS:1000422	28 NCE	NT=orbitrap;AC=MS:1000484	375m/z-1500m/z	100m/z	1	11	proteome_Mix2	HF426_MSQ1504_ERusilowicz_20181130_Mix2_11.raw	https://ftp.pride.ebi.ac.uk/pride/data/archive/2020/07/PXD019692/HF426_MSQ1504_ERusilowicz_20181130_Mix2_11.raw	v1.1.0	NT=ms-proteomics;VV=v1.1.0	NT=human;VV=v1.1.0	NT=cell-lines;VV=v1.1.0	USP30 wild type	antimycin A/oligomycin A
PXD019692_Exp1_Exp2_medium	Homo sapiens	bone marrow	SH-SY5Y	CVCL_0019	Neuroblastoma	cell	not available	not available	not available	USP30 knockout	KO11	antimycin A/oligomycin A	24 h	1	PXD019692_HF426_MSQ1504_ERusilowicz_20181130_Mix2_11	proteomic profiling by mass spectrometry	NT=Data-dependent acquisition;AC=PRIDE:0000627	NT=Q Exactive HF;AC=MS:1002523	NT=SILAC medium;AC=PRIDE:0000327	NT=Trypsin;AC=MS:1001251	NT=Carbamidomethyl;AC=UNIMOD:4;TA=C;MT=Fixed	NT=Oxidation;AC=UNIMOD:35;TA=M;MT=Variable	NT=Acetyl;AC=UNIMOD:1;PP=Protein N-term;MT=Variable	NT=GG;AC=UNIMOD:121;TA=K;MT=Variable	NT=Phospho;AC=UNIMOD:21;TA=S,T,Y;MT=Variable	not available	20 ppm	NT=beam-type collision-induced dissociation;AC=MS:1000422	28 NCE	NT=orbitrap;AC=MS:1000484	375m/z-1500m/z	100m/z	1	11	proteome_Mix2	HF426_MSQ1504_ERusilowicz_20181130_Mix2_11.raw	https://ftp.pride.ebi.ac.uk/pride/data/archive/2020/07/PXD019692/HF426_MSQ1504_ERusilowicz_20181130_Mix2_11.raw	v1.1.0	NT=ms-proteomics;VV=v1.1.0	NT=human;VV=v1.1.0	NT=cell-lines;VV=v1.1.0	USP30 knockout	antimycin A/oligomycin A
PXD019692_Exp2_heavy	Homo sapiens	bone marrow	SH-SY5Y	CVCL_0019	Neuroblastoma	cell	not available	not available	not available	USP30 wild type	not applicable	FT385 and antimycin A/oligomycin A	24 h	1	PXD019692_HF426_MSQ1504_ERusilowicz_20181130_Mix2_11	proteomic profiling by mass spectrometry	NT=Data-dependent acquisition;AC=PRIDE:0000627	NT=Q Exactive HF;AC=MS:1002523	NT=SILAC heavy;AC=PRIDE:0000325	NT=Trypsin;AC=MS:1001251	NT=Carbamidomethyl;AC=UNIMOD:4;TA=C;MT=Fixed	NT=Oxidation;AC=UNIMOD:35;TA=M;MT=Variable	NT=Acetyl;AC=UNIMOD:1;PP=Protein N-term;MT=Variable	NT=GG;AC=UNIMOD:121;TA=K;MT=Variable	NT=Phospho;AC=UNIMOD:21;TA=S,T,Y;MT=Variable	not available	20 ppm	NT=beam-type collision-induced dissociation;AC=MS:1000422	28 NCE	NT=orbitrap;AC=MS:1000484	375m/z-1500m/z	100m/z	1	11	proteome_Mix2	HF426_MSQ1504_ERusilowicz_20181130_Mix2_11.raw	https://ftp.pride.ebi.ac.uk/pride/data/archive/2020/07/PXD019692/HF426_MSQ1504_ERusilowicz_20181130_Mix2_11.raw	v1.1.0	NT=ms-proteomics;VV=v1.1.0	NT=human;VV=v1.1.0	NT=cell-lines;VV=v1.1.0	USP30 wild type	FT385 and antimycin A/oligomycin A
PXD019692_Exp2_light	Homo sapiens	bone marrow	SH-SY5Y	CVCL_0019	Neuroblastoma	cell	not available	not available	not available	USP30 wild type	not applicable	antimycin A/oligomycin A	24 h	1	PXD019692_HF426_MSQ1504_ERusilowicz_20181130_Mix2_12	proteomic profiling by mass spectrometry	NT=Data-dependent acquisition;AC=PRIDE:0000627	NT=Q Exactive HF;AC=MS:1002523	NT=SILAC light;AC=PRIDE:0000326	NT=Trypsin;AC=MS:1001251	NT=Carbamidomethyl;AC=UNIMOD:4;TA=C;MT=Fixed	NT=Oxidation;AC=UNIMOD:35;TA=M;MT=Variable	NT=Acetyl;AC=UNIMOD:1;PP=Protein N-term;MT=Variable	NT=GG;AC=UNIMOD:121;TA=K;MT=Variable	NT=Phospho;AC=UNIMOD:21;TA=S,T,Y;MT=Variable	not available	20 ppm	NT=beam-type collision-induced dissociation;AC=MS:1000422	28 NCE	NT=orbitrap;AC=MS:1000484	375m/z-1500m/z	100m/z	1	12	proteome_Mix2	HF426_MSQ1504_ERusilowicz_20181130_Mix2_12.raw	https://ftp.pride.ebi.ac.uk/pride/data/archive/2020/07/PXD019692/HF426_MSQ1504_ERusilowicz_20181130_Mix2_12.raw	v1.1.0	NT=ms-proteomics;VV=v1.1.0	NT=human;VV=v1.1.0	NT=cell-lines;VV=v1.1.0	USP30 wild type	antimycin A/oligomycin A
PXD019692_Exp1_Exp2_medium	Homo sapiens	bone marrow	SH-SY5Y	CVCL_0019	Neuroblastoma	cell	not available	not available	not available	USP30 knockout	KO11	antimycin A/oligomycin A	24 h	1	PXD019692_HF426_MSQ1504_ERusilowicz_20181130_Mix2_12	proteomic profiling by mass spectrometry	NT=Data-dependent acquisition;AC=PRIDE:0000627	NT=Q Exactive HF;AC=MS:1002523	NT=SILAC medium;AC=PRIDE:0000327	NT=Trypsin;AC=MS:1001251	NT=Carbamidomethyl;AC=UNIMOD:4;TA=C;MT=Fixed	NT=Oxidation;AC=UNIMOD:35;TA=M;MT=Variable	NT=Acetyl;AC=UNIMOD:1;PP=Protein N-term;MT=Variable	NT=GG;AC=UNIMOD:121;TA=K;MT=Variable	NT=Phospho;AC=UNIMOD:21;TA=S,T,Y;MT=Variable	not available	20 ppm	NT=beam-type collision-induced dissociation;AC=MS:1000422	28 NCE	NT=orbitrap;AC=MS:1000484	375m/z-1500m/z	100m/z	1	12	proteome_Mix2	HF426_MSQ1504_ERusilowicz_20181130_Mix2_12.raw	https://ftp.pride.ebi.ac.uk/pride/data/archive/2020/07/PXD019692/HF426_MSQ1504_ERusilowicz_20181130_Mix2_12.raw	v1.1.0	NT=ms-proteomics;VV=v1.1.0	NT=human;VV=v1.1.0	NT=cell-lines;VV=v1.1.0	USP30 knockout	antimycin A/oligomycin A
PXD019692_Exp2_heavy	Homo sapiens	bone marrow	SH-SY5Y	CVCL_0019	Neuroblastoma	cell	not available	not available	not available	USP30 wild type	not applicable	FT385 and antimycin A/oligomycin A	24 h	1	PXD019692_HF426_MSQ1504_ERusilowicz_20181130_Mix2_12	proteomic profiling by mass spectrometry	NT=Data-dependent acquisition;AC=PRIDE:0000627	NT=Q Exactive HF;AC=MS:1002523	NT=SILAC heavy;AC=PRIDE:0000325	NT=Trypsin;AC=MS:1001251	NT=Carbamidomethyl;AC=UNIMOD:4;TA=C;MT=Fixed	NT=Oxidation;AC=UNIMOD:35;TA=M;MT=Variable	NT=Acetyl;AC=UNIMOD:1;PP=Protein N-term;MT=Variable	NT=GG;AC=UNIMOD:121;TA=K;MT=Variable	NT=Phospho;AC=UNIMOD:21;TA=S,T,Y;MT=Variable	not available	20 ppm	NT=beam-type collision-induced dissociation;AC=MS:1000422	28 NCE	NT=orbitrap;AC=MS:1000484	375m/z-1500m/z	100m/z	1	12	proteome_Mix2	HF426_MSQ1504_ERusilowicz_20181130_Mix2_12.raw	https://ftp.pride.ebi.ac.uk/pride/data/archive/2020/07/PXD019692/HF426_MSQ1504_ERusilowicz_20181130_Mix2_12.raw	v1.1.0	NT=ms-proteomics;VV=v1.1.0	NT=human;VV=v1.1.0	NT=cell-lines;VV=v1.1.0	USP30 wild type	FT385 and antimycin A/oligomycin A
PXD019692_Exp2_light	Homo sapiens	bone marrow	SH-SY5Y	CVCL_0019	Neuroblastoma	cell	not available	not available	not available	USP30 wild type	not applicable	antimycin A/oligomycin A	24 h	1	PXD019692_HF426_MSQ1504_ERusilowicz_20181130_Mix2_13	proteomic profiling by mass spectrometry	NT=Data-dependent acquisition;AC=PRIDE:0000627	NT=Q Exactive HF;AC=MS:1002523	NT=SILAC light;AC=PRIDE:0000326	NT=Trypsin;AC=MS:1001251	NT=Carbamidomethyl;AC=UNIMOD:4;TA=C;MT=Fixed	NT=Oxidation;AC=UNIMOD:35;TA=M;MT=Variable	NT=Acetyl;AC=UNIMOD:1;PP=Protein N-term;MT=Variable	NT=GG;AC=UNIMOD:121;TA=K;MT=Variable	NT=Phospho;AC=UNIMOD:21;TA=S,T,Y;MT=Variable	not available	20 ppm	NT=beam-type collision-induced dissociation;AC=MS:1000422	28 NCE	NT=orbitrap;AC=MS:1000484	375m/z-1500m/z	100m/z	1	13	proteome_Mix2	HF426_MSQ1504_ERusilowicz_20181130_Mix2_13.raw	https://ftp.pride.ebi.ac.uk/pride/data/archive/2020/07/PXD019692/HF426_MSQ1504_ERusilowicz_20181130_Mix2_13.raw	v1.1.0	NT=ms-proteomics;VV=v1.1.0	NT=human;VV=v1.1.0	NT=cell-lines;VV=v1.1.0	USP30 wild type	antimycin A/oligomycin A
PXD019692_Exp1_Exp2_medium	Homo sapiens	bone marrow	SH-SY5Y	CVCL_0019	Neuroblastoma	cell	not available	not available	not available	USP30 knockout	KO11	antimycin A/oligomycin A	24 h	1	PXD019692_HF426_MSQ1504_ERusilowicz_20181130_Mix2_13	proteomic profiling by mass spectrometry	NT=Data-dependent acquisition;AC=PRIDE:0000627	NT=Q Exactive HF;AC=MS:1002523	NT=SILAC medium;AC=PRIDE:0000327	NT=Trypsin;AC=MS:1001251	NT=Carbamidomethyl;AC=UNIMOD:4;TA=C;MT=Fixed	NT=Oxidation;AC=UNIMOD:35;TA=M;MT=Variable	NT=Acetyl;AC=UNIMOD:1;PP=Protein N-term;MT=Variable	NT=GG;AC=UNIMOD:121;TA=K;MT=Variable	NT=Phospho;AC=UNIMOD:21;TA=S,T,Y;MT=Variable	not available	20 ppm	NT=beam-type collision-induced dissociation;AC=MS:1000422	28 NCE	NT=orbitrap;AC=MS:1000484	375m/z-1500m/z	100m/z	1	13	proteome_Mix2	HF426_MSQ1504_ERusilowicz_20181130_Mix2_13.raw	https://ftp.pride.ebi.ac.uk/pride/data/archive/2020/07/PXD019692/HF426_MSQ1504_ERusilowicz_20181130_Mix2_13.raw	v1.1.0	NT=ms-proteomics;VV=v1.1.0	NT=human;VV=v1.1.0	NT=cell-lines;VV=v1.1.0	USP30 knockout	antimycin A/oligomycin A
PXD019692_Exp2_heavy	Homo sapiens	bone marrow	SH-SY5Y	CVCL_0019	Neuroblastoma	cell	not available	not available	not available	USP30 wild type	not applicable	FT385 and antimycin A/oligomycin A	24 h	1	PXD019692_HF426_MSQ1504_ERusilowicz_20181130_Mix2_13	proteomic profiling by mass spectrometry	NT=Data-dependent acquisition;AC=PRIDE:0000627	NT=Q Exactive HF;AC=MS:1002523	NT=SILAC heavy;AC=PRIDE:0000325	NT=Trypsin;AC=MS:1001251	NT=Carbamidomethyl;AC=UNIMOD:4;TA=C;MT=Fixed	NT=Oxidation;AC=UNIMOD:35;TA=M;MT=Variable	NT=Acetyl;AC=UNIMOD:1;PP=Protein N-term;MT=Variable	NT=GG;AC=UNIMOD:121;TA=K;MT=Variable	NT=Phospho;AC=UNIMOD:21;TA=S,T,Y;MT=Variable	not available	20 ppm	NT=beam-type collision-induced dissociation;AC=MS:1000422	28 NCE	NT=orbitrap;AC=MS:1000484	375m/z-1500m/z	100m/z	1	13	proteome_Mix2	HF426_MSQ1504_ERusilowicz_20181130_Mix2_13.raw	https://ftp.pride.ebi.ac.uk/pride/data/archive/2020/07/PXD019692/HF426_MSQ1504_ERusilowicz_20181130_Mix2_13.raw	v1.1.0	NT=ms-proteomics;VV=v1.1.0	NT=human;VV=v1.1.0	NT=cell-lines;VV=v1.1.0	USP30 wild type	FT385 and antimycin A/oligomycin A
PXD019692_Exp2_light	Homo sapiens	bone marrow	SH-SY5Y	CVCL_0019	Neuroblastoma	cell	not available	not available	not available	USP30 wild type	not applicable	antimycin A/oligomycin A	24 h	1	PXD019692_HF426_MSQ1504_ERusilowicz_20181130_Mix2_14	proteomic profiling by mass spectrometry	NT=Data-dependent acquisition;AC=PRIDE:0000627	NT=Q Exactive HF;AC=MS:1002523	NT=SILAC light;AC=PRIDE:0000326	NT=Trypsin;AC=MS:1001251	NT=Carbamidomethyl;AC=UNIMOD:4;TA=C;MT=Fixed	NT=Oxidation;AC=UNIMOD:35;TA=M;MT=Variable	NT=Acetyl;AC=UNIMOD:1;PP=Protein N-term;MT=Variable	NT=GG;AC=UNIMOD:121;TA=K;MT=Variable	NT=Phospho;AC=UNIMOD:21;TA=S,T,Y;MT=Variable	not available	20 ppm	NT=beam-type collision-induced dissociation;AC=MS:1000422	28 NCE	NT=orbitrap;AC=MS:1000484	375m/z-1500m/z	100m/z	1	14	proteome_Mix2	HF426_MSQ1504_ERusilowicz_20181130_Mix2_14.raw	https://ftp.pride.ebi.ac.uk/pride/data/archive/2020/07/PXD019692/HF426_MSQ1504_ERusilowicz_20181130_Mix2_14.raw	v1.1.0	NT=ms-proteomics;VV=v1.1.0	NT=human;VV=v1.1.0	NT=cell-lines;VV=v1.1.0	USP30 wild type	antimycin A/oligomycin A
PXD019692_Exp1_Exp2_medium	Homo sapiens	bone marrow	SH-SY5Y	CVCL_0019	Neuroblastoma	cell	not available	not available	not available	USP30 knockout	KO11	antimycin A/oligomycin A	24 h	1	PXD019692_HF426_MSQ1504_ERusilowicz_20181130_Mix2_14	proteomic profiling by mass spectrometry	NT=Data-dependent acquisition;AC=PRIDE:0000627	NT=Q Exactive HF;AC=MS:1002523	NT=SILAC medium;AC=PRIDE:0000327	NT=Trypsin;AC=MS:1001251	NT=Carbamidomethyl;AC=UNIMOD:4;TA=C;MT=Fixed	NT=Oxidation;AC=UNIMOD:35;TA=M;MT=Variable	NT=Acetyl;AC=UNIMOD:1;PP=Protein N-term;MT=Variable	NT=GG;AC=UNIMOD:121;TA=K;MT=Variable	NT=Phospho;AC=UNIMOD:21;TA=S,T,Y;MT=Variable	not available	20 ppm	NT=beam-type collision-induced dissociation;AC=MS:1000422	28 NCE	NT=orbitrap;AC=MS:1000484	375m/z-1500m/z	100m/z	1	14	proteome_Mix2	HF426_MSQ1504_ERusilowicz_20181130_Mix2_14.raw	https://ftp.pride.ebi.ac.uk/pride/data/archive/2020/07/PXD019692/HF426_MSQ1504_ERusilowicz_20181130_Mix2_14.raw	v1.1.0	NT=ms-proteomics;VV=v1.1.0	NT=human;VV=v1.1.0	NT=cell-lines;VV=v1.1.0	USP30 knockout	antimycin A/oligomycin A
PXD019692_Exp2_heavy	Homo sapiens	bone marrow	SH-SY5Y	CVCL_0019	Neuroblastoma	cell	not available	not available	not available	USP30 wild type	not applicable	FT385 and antimycin A/oligomycin A	24 h	1	PXD019692_HF426_MSQ1504_ERusilowicz_20181130_Mix2_14	proteomic profiling by mass spectrometry	NT=Data-dependent acquisition;AC=PRIDE:0000627	NT=Q Exactive HF;AC=MS:1002523	NT=SILAC heavy;AC=PRIDE:0000325	NT=Trypsin;AC=MS:1001251	NT=Carbamidomethyl;AC=UNIMOD:4;TA=C;MT=Fixed	NT=Oxidation;AC=UNIMOD:35;TA=M;MT=Variable	NT=Acetyl;AC=UNIMOD:1;PP=Protein N-term;MT=Variable	NT=GG;AC=UNIMOD:121;TA=K;MT=Variable	NT=Phospho;AC=UNIMOD:21;TA=S,T,Y;MT=Variable	not available	20 ppm	NT=beam-type collision-induced dissociation;AC=MS:1000422	28 NCE	NT=orbitrap;AC=MS:1000484	375m/z-1500m/z	100m/z	1	14	proteome_Mix2	HF426_MSQ1504_ERusilowicz_20181130_Mix2_14.raw	https://ftp.pride.ebi.ac.uk/pride/data/archive/2020/07/PXD019692/HF426_MSQ1504_ERusilowicz_20181130_Mix2_14.raw	v1.1.0	NT=ms-proteomics;VV=v1.1.0	NT=human;VV=v1.1.0	NT=cell-lines;VV=v1.1.0	USP30 wild type	FT385 and antimycin A/oligomycin A
PXD019692_Exp2_light	Homo sapiens	bone marrow	SH-SY5Y	CVCL_0019	Neuroblastoma	cell	not available	not available	not available	USP30 wild type	not applicable	antimycin A/oligomycin A	24 h	1	PXD019692_HF426_MSQ1504_ERusilowicz_20181130_Mix2_15	proteomic profiling by mass spectrometry	NT=Data-dependent acquisition;AC=PRIDE:0000627	NT=Q Exactive HF;AC=MS:1002523	NT=SILAC light;AC=PRIDE:0000326	NT=Trypsin;AC=MS:1001251	NT=Carbamidomethyl;AC=UNIMOD:4;TA=C;MT=Fixed	NT=Oxidation;AC=UNIMOD:35;TA=M;MT=Variable	NT=Acetyl;AC=UNIMOD:1;PP=Protein N-term;MT=Variable	NT=GG;AC=UNIMOD:121;TA=K;MT=Variable	NT=Phospho;AC=UNIMOD:21;TA=S,T,Y;MT=Variable	not available	20 ppm	NT=beam-type collision-induced dissociation;AC=MS:1000422	28 NCE	NT=orbitrap;AC=MS:1000484	375m/z-1500m/z	100m/z	1	15	proteome_Mix2	HF426_MSQ1504_ERusilowicz_20181130_Mix2_15.raw	https://ftp.pride.ebi.ac.uk/pride/data/archive/2020/07/PXD019692/HF426_MSQ1504_ERusilowicz_20181130_Mix2_15.raw	v1.1.0	NT=ms-proteomics;VV=v1.1.0	NT=human;VV=v1.1.0	NT=cell-lines;VV=v1.1.0	USP30 wild type	antimycin A/oligomycin A
PXD019692_Exp1_Exp2_medium	Homo sapiens	bone marrow	SH-SY5Y	CVCL_0019	Neuroblastoma	cell	not available	not available	not available	USP30 knockout	KO11	antimycin A/oligomycin A	24 h	1	PXD019692_HF426_MSQ1504_ERusilowicz_20181130_Mix2_15	proteomic profiling by mass spectrometry	NT=Data-dependent acquisition;AC=PRIDE:0000627	NT=Q Exactive HF;AC=MS:1002523	NT=SILAC medium;AC=PRIDE:0000327	NT=Trypsin;AC=MS:1001251	NT=Carbamidomethyl;AC=UNIMOD:4;TA=C;MT=Fixed	NT=Oxidation;AC=UNIMOD:35;TA=M;MT=Variable	NT=Acetyl;AC=UNIMOD:1;PP=Protein N-term;MT=Variable	NT=GG;AC=UNIMOD:121;TA=K;MT=Variable	NT=Phospho;AC=UNIMOD:21;TA=S,T,Y;MT=Variable	not available	20 ppm	NT=beam-type collision-induced dissociation;AC=MS:1000422	28 NCE	NT=orbitrap;AC=MS:1000484	375m/z-1500m/z	100m/z	1	15	proteome_Mix2	HF426_MSQ1504_ERusilowicz_20181130_Mix2_15.raw	https://ftp.pride.ebi.ac.uk/pride/data/archive/2020/07/PXD019692/HF426_MSQ1504_ERusilowicz_20181130_Mix2_15.raw	v1.1.0	NT=ms-proteomics;VV=v1.1.0	NT=human;VV=v1.1.0	NT=cell-lines;VV=v1.1.0	USP30 knockout	antimycin A/oligomycin A
PXD019692_Exp2_heavy	Homo sapiens	bone marrow	SH-SY5Y	CVCL_0019	Neuroblastoma	cell	not available	not available	not available	USP30 wild type	not applicable	FT385 and antimycin A/oligomycin A	24 h	1	PXD019692_HF426_MSQ1504_ERusilowicz_20181130_Mix2_15	proteomic profiling by mass spectrometry	NT=Data-dependent acquisition;AC=PRIDE:0000627	NT=Q Exactive HF;AC=MS:1002523	NT=SILAC heavy;AC=PRIDE:0000325	NT=Trypsin;AC=MS:1001251	NT=Carbamidomethyl;AC=UNIMOD:4;TA=C;MT=Fixed	NT=Oxidation;AC=UNIMOD:35;TA=M;MT=Variable	NT=Acetyl;AC=UNIMOD:1;PP=Protein N-term;MT=Variable	NT=GG;AC=UNIMOD:121;TA=K;MT=Variable	NT=Phospho;AC=UNIMOD:21;TA=S,T,Y;MT=Variable	not available	20 ppm	NT=beam-type collision-induced dissociation;AC=MS:1000422	28 NCE	NT=orbitrap;AC=MS:1000484	375m/z-1500m/z	100m/z	1	15	proteome_Mix2	HF426_MSQ1504_ERusilowicz_20181130_Mix2_15.raw	https://ftp.pride.ebi.ac.uk/pride/data/archive/2020/07/PXD019692/HF426_MSQ1504_ERusilowicz_20181130_Mix2_15.raw	v1.1.0	NT=ms-proteomics;VV=v1.1.0	NT=human;VV=v1.1.0	NT=cell-lines;VV=v1.1.0	USP30 wild type	FT385 and antimycin A/oligomycin A
PXD019692_Exp2_light	Homo sapiens	bone marrow	SH-SY5Y	CVCL_0019	Neuroblastoma	cell	not available	not available	not available	USP30 wild type	not applicable	antimycin A/oligomycin A	24 h	1	PXD019692_HF426_MSQ1504_ERusilowicz_20181130_Mix2_16	proteomic profiling by mass spectrometry	NT=Data-dependent acquisition;AC=PRIDE:0000627	NT=Q Exactive HF;AC=MS:1002523	NT=SILAC light;AC=PRIDE:0000326	NT=Trypsin;AC=MS:1001251	NT=Carbamidomethyl;AC=UNIMOD:4;TA=C;MT=Fixed	NT=Oxidation;AC=UNIMOD:35;TA=M;MT=Variable	NT=Acetyl;AC=UNIMOD:1;PP=Protein N-term;MT=Variable	NT=GG;AC=UNIMOD:121;TA=K;MT=Variable	NT=Phospho;AC=UNIMOD:21;TA=S,T,Y;MT=Variable	not available	20 ppm	NT=beam-type collision-induced dissociation;AC=MS:1000422	28 NCE	NT=orbitrap;AC=MS:1000484	375m/z-1500m/z	100m/z	1	16	proteome_Mix2	HF426_MSQ1504_ERusilowicz_20181130_Mix2_16.raw	https://ftp.pride.ebi.ac.uk/pride/data/archive/2020/07/PXD019692/HF426_MSQ1504_ERusilowicz_20181130_Mix2_16.raw	v1.1.0	NT=ms-proteomics;VV=v1.1.0	NT=human;VV=v1.1.0	NT=cell-lines;VV=v1.1.0	USP30 wild type	antimycin A/oligomycin A
PXD019692_Exp1_Exp2_medium	Homo sapiens	bone marrow	SH-SY5Y	CVCL_0019	Neuroblastoma	cell	not available	not available	not available	USP30 knockout	KO11	antimycin A/oligomycin A	24 h	1	PXD019692_HF426_MSQ1504_ERusilowicz_20181130_Mix2_16	proteomic profiling by mass spectrometry	NT=Data-dependent acquisition;AC=PRIDE:0000627	NT=Q Exactive HF;AC=MS:1002523	NT=SILAC medium;AC=PRIDE:0000327	NT=Trypsin;AC=MS:1001251	NT=Carbamidomethyl;AC=UNIMOD:4;TA=C;MT=Fixed	NT=Oxidation;AC=UNIMOD:35;TA=M;MT=Variable	NT=Acetyl;AC=UNIMOD:1;PP=Protein N-term;MT=Variable	NT=GG;AC=UNIMOD:121;TA=K;MT=Variable	NT=Phospho;AC=UNIMOD:21;TA=S,T,Y;MT=Variable	not available	20 ppm	NT=beam-type collision-induced dissociation;AC=MS:1000422	28 NCE	NT=orbitrap;AC=MS:1000484	375m/z-1500m/z	100m/z	1	16	proteome_Mix2	HF426_MSQ1504_ERusilowicz_20181130_Mix2_16.raw	https://ftp.pride.ebi.ac.uk/pride/data/archive/2020/07/PXD019692/HF426_MSQ1504_ERusilowicz_20181130_Mix2_16.raw	v1.1.0	NT=ms-proteomics;VV=v1.1.0	NT=human;VV=v1.1.0	NT=cell-lines;VV=v1.1.0	USP30 knockout	antimycin A/oligomycin A
PXD019692_Exp2_heavy	Homo sapiens	bone marrow	SH-SY5Y	CVCL_0019	Neuroblastoma	cell	not available	not available	not available	USP30 wild type	not applicable	FT385 and antimycin A/oligomycin A	24 h	1	PXD019692_HF426_MSQ1504_ERusilowicz_20181130_Mix2_16	proteomic profiling by mass spectrometry	NT=Data-dependent acquisition;AC=PRIDE:0000627	NT=Q Exactive HF;AC=MS:1002523	NT=SILAC heavy;AC=PRIDE:0000325	NT=Trypsin;AC=MS:1001251	NT=Carbamidomethyl;AC=UNIMOD:4;TA=C;MT=Fixed	NT=Oxidation;AC=UNIMOD:35;TA=M;MT=Variable	NT=Acetyl;AC=UNIMOD:1;PP=Protein N-term;MT=Variable	NT=GG;AC=UNIMOD:121;TA=K;MT=Variable	NT=Phospho;AC=UNIMOD:21;TA=S,T,Y;MT=Variable	not available	20 ppm	NT=beam-type collision-induced dissociation;AC=MS:1000422	28 NCE	NT=orbitrap;AC=MS:1000484	375m/z-1500m/z	100m/z	1	16	proteome_Mix2	HF426_MSQ1504_ERusilowicz_20181130_Mix2_16.raw	https://ftp.pride.ebi.ac.uk/pride/data/archive/2020/07/PXD019692/HF426_MSQ1504_ERusilowicz_20181130_Mix2_16.raw	v1.1.0	NT=ms-proteomics;VV=v1.1.0	NT=human;VV=v1.1.0	NT=cell-lines;VV=v1.1.0	USP30 wild type	FT385 and antimycin A/oligomycin A
PXD019692_Exp2_light	Homo sapiens	bone marrow	SH-SY5Y	CVCL_0019	Neuroblastoma	cell	not available	not available	not available	USP30 wild type	not applicable	antimycin A/oligomycin A	24 h	1	PXD019692_HF426_MSQ1504_ERusilowicz_20181130_Mix2_17	proteomic profiling by mass spectrometry	NT=Data-dependent acquisition;AC=PRIDE:0000627	NT=Q Exactive HF;AC=MS:1002523	NT=SILAC light;AC=PRIDE:0000326	NT=Trypsin;AC=MS:1001251	NT=Carbamidomethyl;AC=UNIMOD:4;TA=C;MT=Fixed	NT=Oxidation;AC=UNIMOD:35;TA=M;MT=Variable	NT=Acetyl;AC=UNIMOD:1;PP=Protein N-term;MT=Variable	NT=GG;AC=UNIMOD:121;TA=K;MT=Variable	NT=Phospho;AC=UNIMOD:21;TA=S,T,Y;MT=Variable	not available	20 ppm	NT=beam-type collision-induced dissociation;AC=MS:1000422	28 NCE	NT=orbitrap;AC=MS:1000484	375m/z-1500m/z	100m/z	1	17	proteome_Mix2	HF426_MSQ1504_ERusilowicz_20181130_Mix2_17.raw	https://ftp.pride.ebi.ac.uk/pride/data/archive/2020/07/PXD019692/HF426_MSQ1504_ERusilowicz_20181130_Mix2_17.raw	v1.1.0	NT=ms-proteomics;VV=v1.1.0	NT=human;VV=v1.1.0	NT=cell-lines;VV=v1.1.0	USP30 wild type	antimycin A/oligomycin A
PXD019692_Exp1_Exp2_medium	Homo sapiens	bone marrow	SH-SY5Y	CVCL_0019	Neuroblastoma	cell	not available	not available	not available	USP30 knockout	KO11	antimycin A/oligomycin A	24 h	1	PXD019692_HF426_MSQ1504_ERusilowicz_20181130_Mix2_17	proteomic profiling by mass spectrometry	NT=Data-dependent acquisition;AC=PRIDE:0000627	NT=Q Exactive HF;AC=MS:1002523	NT=SILAC medium;AC=PRIDE:0000327	NT=Trypsin;AC=MS:1001251	NT=Carbamidomethyl;AC=UNIMOD:4;TA=C;MT=Fixed	NT=Oxidation;AC=UNIMOD:35;TA=M;MT=Variable	NT=Acetyl;AC=UNIMOD:1;PP=Protein N-term;MT=Variable	NT=GG;AC=UNIMOD:121;TA=K;MT=Variable	NT=Phospho;AC=UNIMOD:21;TA=S,T,Y;MT=Variable	not available	20 ppm	NT=beam-type collision-induced dissociation;AC=MS:1000422	28 NCE	NT=orbitrap;AC=MS:1000484	375m/z-1500m/z	100m/z	1	17	proteome_Mix2	HF426_MSQ1504_ERusilowicz_20181130_Mix2_17.raw	https://ftp.pride.ebi.ac.uk/pride/data/archive/2020/07/PXD019692/HF426_MSQ1504_ERusilowicz_20181130_Mix2_17.raw	v1.1.0	NT=ms-proteomics;VV=v1.1.0	NT=human;VV=v1.1.0	NT=cell-lines;VV=v1.1.0	USP30 knockout	antimycin A/oligomycin A
PXD019692_Exp2_heavy	Homo sapiens	bone marrow	SH-SY5Y	CVCL_0019	Neuroblastoma	cell	not available	not available	not available	USP30 wild type	not applicable	FT385 and antimycin A/oligomycin A	24 h	1	PXD019692_HF426_MSQ1504_ERusilowicz_20181130_Mix2_17	proteomic profiling by mass spectrometry	NT=Data-dependent acquisition;AC=PRIDE:0000627	NT=Q Exactive HF;AC=MS:1002523	NT=SILAC heavy;AC=PRIDE:0000325	NT=Trypsin;AC=MS:1001251	NT=Carbamidomethyl;AC=UNIMOD:4;TA=C;MT=Fixed	NT=Oxidation;AC=UNIMOD:35;TA=M;MT=Variable	NT=Acetyl;AC=UNIMOD:1;PP=Protein N-term;MT=Variable	NT=GG;AC=UNIMOD:121;TA=K;MT=Variable	NT=Phospho;AC=UNIMOD:21;TA=S,T,Y;MT=Variable	not available	20 ppm	NT=beam-type collision-induced dissociation;AC=MS:1000422	28 NCE	NT=orbitrap;AC=MS:1000484	375m/z-1500m/z	100m/z	1	17	proteome_Mix2	HF426_MSQ1504_ERusilowicz_20181130_Mix2_17.raw	https://ftp.pride.ebi.ac.uk/pride/data/archive/2020/07/PXD019692/HF426_MSQ1504_ERusilowicz_20181130_Mix2_17.raw	v1.1.0	NT=ms-proteomics;VV=v1.1.0	NT=human;VV=v1.1.0	NT=cell-lines;VV=v1.1.0	USP30 wild type	FT385 and antimycin A/oligomycin A
PXD019692_Exp2_light	Homo sapiens	bone marrow	SH-SY5Y	CVCL_0019	Neuroblastoma	cell	not available	not available	not available	USP30 wild type	not applicable	antimycin A/oligomycin A	24 h	1	PXD019692_HF426_MSQ1504_ERusilowicz_20181130_Mix2_18	proteomic profiling by mass spectrometry	NT=Data-dependent acquisition;AC=PRIDE:0000627	NT=Q Exactive HF;AC=MS:1002523	NT=SILAC light;AC=PRIDE:0000326	NT=Trypsin;AC=MS:1001251	NT=Carbamidomethyl;AC=UNIMOD:4;TA=C;MT=Fixed	NT=Oxidation;AC=UNIMOD:35;TA=M;MT=Variable	NT=Acetyl;AC=UNIMOD:1;PP=Protein N-term;MT=Variable	NT=GG;AC=UNIMOD:121;TA=K;MT=Variable	NT=Phospho;AC=UNIMOD:21;TA=S,T,Y;MT=Variable	not available	20 ppm	NT=beam-type collision-induced dissociation;AC=MS:1000422	28 NCE	NT=orbitrap;AC=MS:1000484	375m/z-1500m/z	100m/z	1	18	proteome_Mix2	HF426_MSQ1504_ERusilowicz_20181130_Mix2_18.raw	https://ftp.pride.ebi.ac.uk/pride/data/archive/2020/07/PXD019692/HF426_MSQ1504_ERusilowicz_20181130_Mix2_18.raw	v1.1.0	NT=ms-proteomics;VV=v1.1.0	NT=human;VV=v1.1.0	NT=cell-lines;VV=v1.1.0	USP30 wild type	antimycin A/oligomycin A
PXD019692_Exp1_Exp2_medium	Homo sapiens	bone marrow	SH-SY5Y	CVCL_0019	Neuroblastoma	cell	not available	not available	not available	USP30 knockout	KO11	antimycin A/oligomycin A	24 h	1	PXD019692_HF426_MSQ1504_ERusilowicz_20181130_Mix2_18	proteomic profiling by mass spectrometry	NT=Data-dependent acquisition;AC=PRIDE:0000627	NT=Q Exactive HF;AC=MS:1002523	NT=SILAC medium;AC=PRIDE:0000327	NT=Trypsin;AC=MS:1001251	NT=Carbamidomethyl;AC=UNIMOD:4;TA=C;MT=Fixed	NT=Oxidation;AC=UNIMOD:35;TA=M;MT=Variable	NT=Acetyl;AC=UNIMOD:1;PP=Protein N-term;MT=Variable	NT=GG;AC=UNIMOD:121;TA=K;MT=Variable	NT=Phospho;AC=UNIMOD:21;TA=S,T,Y;MT=Variable	not available	20 ppm	NT=beam-type collision-induced dissociation;AC=MS:1000422	28 NCE	NT=orbitrap;AC=MS:1000484	375m/z-1500m/z	100m/z	1	18	proteome_Mix2	HF426_MSQ1504_ERusilowicz_20181130_Mix2_18.raw	https://ftp.pride.ebi.ac.uk/pride/data/archive/2020/07/PXD019692/HF426_MSQ1504_ERusilowicz_20181130_Mix2_18.raw	v1.1.0	NT=ms-proteomics;VV=v1.1.0	NT=human;VV=v1.1.0	NT=cell-lines;VV=v1.1.0	USP30 knockout	antimycin A/oligomycin A
PXD019692_Exp2_heavy	Homo sapiens	bone marrow	SH-SY5Y	CVCL_0019	Neuroblastoma	cell	not available	not available	not available	USP30 wild type	not applicable	FT385 and antimycin A/oligomycin A	24 h	1	PXD019692_HF426_MSQ1504_ERusilowicz_20181130_Mix2_18	proteomic profiling by mass spectrometry	NT=Data-dependent acquisition;AC=PRIDE:0000627	NT=Q Exactive HF;AC=MS:1002523	NT=SILAC heavy;AC=PRIDE:0000325	NT=Trypsin;AC=MS:1001251	NT=Carbamidomethyl;AC=UNIMOD:4;TA=C;MT=Fixed	NT=Oxidation;AC=UNIMOD:35;TA=M;MT=Variable	NT=Acetyl;AC=UNIMOD:1;PP=Protein N-term;MT=Variable	NT=GG;AC=UNIMOD:121;TA=K;MT=Variable	NT=Phospho;AC=UNIMOD:21;TA=S,T,Y;MT=Variable	not available	20 ppm	NT=beam-type collision-induced dissociation;AC=MS:1000422	28 NCE	NT=orbitrap;AC=MS:1000484	375m/z-1500m/z	100m/z	1	18	proteome_Mix2	HF426_MSQ1504_ERusilowicz_20181130_Mix2_18.raw	https://ftp.pride.ebi.ac.uk/pride/data/archive/2020/07/PXD019692/HF426_MSQ1504_ERusilowicz_20181130_Mix2_18.raw	v1.1.0	NT=ms-proteomics;VV=v1.1.0	NT=human;VV=v1.1.0	NT=cell-lines;VV=v1.1.0	USP30 wild type	FT385 and antimycin A/oligomycin A
PXD019692_Exp2_light	Homo sapiens	bone marrow	SH-SY5Y	CVCL_0019	Neuroblastoma	cell	not available	not available	not available	USP30 wild type	not applicable	antimycin A/oligomycin A	24 h	1	PXD019692_HF426_MSQ1504_ERusilowicz_20181130_Mix2_19	proteomic profiling by mass spectrometry	NT=Data-dependent acquisition;AC=PRIDE:0000627	NT=Q Exactive HF;AC=MS:1002523	NT=SILAC light;AC=PRIDE:0000326	NT=Trypsin;AC=MS:1001251	NT=Carbamidomethyl;AC=UNIMOD:4;TA=C;MT=Fixed	NT=Oxidation;AC=UNIMOD:35;TA=M;MT=Variable	NT=Acetyl;AC=UNIMOD:1;PP=Protein N-term;MT=Variable	NT=GG;AC=UNIMOD:121;TA=K;MT=Variable	NT=Phospho;AC=UNIMOD:21;TA=S,T,Y;MT=Variable	not available	20 ppm	NT=beam-type collision-induced dissociation;AC=MS:1000422	28 NCE	NT=orbitrap;AC=MS:1000484	375m/z-1500m/z	100m/z	1	19	proteome_Mix2	HF426_MSQ1504_ERusilowicz_20181130_Mix2_19.raw	https://ftp.pride.ebi.ac.uk/pride/data/archive/2020/07/PXD019692/HF426_MSQ1504_ERusilowicz_20181130_Mix2_19.raw	v1.1.0	NT=ms-proteomics;VV=v1.1.0	NT=human;VV=v1.1.0	NT=cell-lines;VV=v1.1.0	USP30 wild type	antimycin A/oligomycin A
PXD019692_Exp1_Exp2_medium	Homo sapiens	bone marrow	SH-SY5Y	CVCL_0019	Neuroblastoma	cell	not available	not available	not available	USP30 knockout	KO11	antimycin A/oligomycin A	24 h	1	PXD019692_HF426_MSQ1504_ERusilowicz_20181130_Mix2_19	proteomic profiling by mass spectrometry	NT=Data-dependent acquisition;AC=PRIDE:0000627	NT=Q Exactive HF;AC=MS:1002523	NT=SILAC medium;AC=PRIDE:0000327	NT=Trypsin;AC=MS:1001251	NT=Carbamidomethyl;AC=UNIMOD:4;TA=C;MT=Fixed	NT=Oxidation;AC=UNIMOD:35;TA=M;MT=Variable	NT=Acetyl;AC=UNIMOD:1;PP=Protein N-term;MT=Variable	NT=GG;AC=UNIMOD:121;TA=K;MT=Variable	NT=Phospho;AC=UNIMOD:21;TA=S,T,Y;MT=Variable	not available	20 ppm	NT=beam-type collision-induced dissociation;AC=MS:1000422	28 NCE	NT=orbitrap;AC=MS:1000484	375m/z-1500m/z	100m/z	1	19	proteome_Mix2	HF426_MSQ1504_ERusilowicz_20181130_Mix2_19.raw	https://ftp.pride.ebi.ac.uk/pride/data/archive/2020/07/PXD019692/HF426_MSQ1504_ERusilowicz_20181130_Mix2_19.raw	v1.1.0	NT=ms-proteomics;VV=v1.1.0	NT=human;VV=v1.1.0	NT=cell-lines;VV=v1.1.0	USP30 knockout	antimycin A/oligomycin A
PXD019692_Exp2_heavy	Homo sapiens	bone marrow	SH-SY5Y	CVCL_0019	Neuroblastoma	cell	not available	not available	not available	USP30 wild type	not applicable	FT385 and antimycin A/oligomycin A	24 h	1	PXD019692_HF426_MSQ1504_ERusilowicz_20181130_Mix2_19	proteomic profiling by mass spectrometry	NT=Data-dependent acquisition;AC=PRIDE:0000627	NT=Q Exactive HF;AC=MS:1002523	NT=SILAC heavy;AC=PRIDE:0000325	NT=Trypsin;AC=MS:1001251	NT=Carbamidomethyl;AC=UNIMOD:4;TA=C;MT=Fixed	NT=Oxidation;AC=UNIMOD:35;TA=M;MT=Variable	NT=Acetyl;AC=UNIMOD:1;PP=Protein N-term;MT=Variable	NT=GG;AC=UNIMOD:121;TA=K;MT=Variable	NT=Phospho;AC=UNIMOD:21;TA=S,T,Y;MT=Variable	not available	20 ppm	NT=beam-type collision-induced dissociation;AC=MS:1000422	28 NCE	NT=orbitrap;AC=MS:1000484	375m/z-1500m/z	100m/z	1	19	proteome_Mix2	HF426_MSQ1504_ERusilowicz_20181130_Mix2_19.raw	https://ftp.pride.ebi.ac.uk/pride/data/archive/2020/07/PXD019692/HF426_MSQ1504_ERusilowicz_20181130_Mix2_19.raw	v1.1.0	NT=ms-proteomics;VV=v1.1.0	NT=human;VV=v1.1.0	NT=cell-lines;VV=v1.1.0	USP30 wild type	FT385 and antimycin A/oligomycin A
PXD019692_Exp2_light	Homo sapiens	bone marrow	SH-SY5Y	CVCL_0019	Neuroblastoma	cell	not available	not available	not available	USP30 wild type	not applicable	antimycin A/oligomycin A	24 h	1	PXD019692_HF426_MSQ1504_ERusilowicz_20181130_Mix2_20	proteomic profiling by mass spectrometry	NT=Data-dependent acquisition;AC=PRIDE:0000627	NT=Q Exactive HF;AC=MS:1002523	NT=SILAC light;AC=PRIDE:0000326	NT=Trypsin;AC=MS:1001251	NT=Carbamidomethyl;AC=UNIMOD:4;TA=C;MT=Fixed	NT=Oxidation;AC=UNIMOD:35;TA=M;MT=Variable	NT=Acetyl;AC=UNIMOD:1;PP=Protein N-term;MT=Variable	NT=GG;AC=UNIMOD:121;TA=K;MT=Variable	NT=Phospho;AC=UNIMOD:21;TA=S,T,Y;MT=Variable	not available	20 ppm	NT=beam-type collision-induced dissociation;AC=MS:1000422	28 NCE	NT=orbitrap;AC=MS:1000484	375m/z-1500m/z	100m/z	1	20	proteome_Mix2	HF426_MSQ1504_ERusilowicz_20181130_Mix2_20.raw	https://ftp.pride.ebi.ac.uk/pride/data/archive/2020/07/PXD019692/HF426_MSQ1504_ERusilowicz_20181130_Mix2_20.raw	v1.1.0	NT=ms-proteomics;VV=v1.1.0	NT=human;VV=v1.1.0	NT=cell-lines;VV=v1.1.0	USP30 wild type	antimycin A/oligomycin A
PXD019692_Exp1_Exp2_medium	Homo sapiens	bone marrow	SH-SY5Y	CVCL_0019	Neuroblastoma	cell	not available	not available	not available	USP30 knockout	KO11	antimycin A/oligomycin A	24 h	1	PXD019692_HF426_MSQ1504_ERusilowicz_20181130_Mix2_20	proteomic profiling by mass spectrometry	NT=Data-dependent acquisition;AC=PRIDE:0000627	NT=Q Exactive HF;AC=MS:1002523	NT=SILAC medium;AC=PRIDE:0000327	NT=Trypsin;AC=MS:1001251	NT=Carbamidomethyl;AC=UNIMOD:4;TA=C;MT=Fixed	NT=Oxidation;AC=UNIMOD:35;TA=M;MT=Variable	NT=Acetyl;AC=UNIMOD:1;PP=Protein N-term;MT=Variable	NT=GG;AC=UNIMOD:121;TA=K;MT=Variable	NT=Phospho;AC=UNIMOD:21;TA=S,T,Y;MT=Variable	not available	20 ppm	NT=beam-type collision-induced dissociation;AC=MS:1000422	28 NCE	NT=orbitrap;AC=MS:1000484	375m/z-1500m/z	100m/z	1	20	proteome_Mix2	HF426_MSQ1504_ERusilowicz_20181130_Mix2_20.raw	https://ftp.pride.ebi.ac.uk/pride/data/archive/2020/07/PXD019692/HF426_MSQ1504_ERusilowicz_20181130_Mix2_20.raw	v1.1.0	NT=ms-proteomics;VV=v1.1.0	NT=human;VV=v1.1.0	NT=cell-lines;VV=v1.1.0	USP30 knockout	antimycin A/oligomycin A
PXD019692_Exp2_heavy	Homo sapiens	bone marrow	SH-SY5Y	CVCL_0019	Neuroblastoma	cell	not available	not available	not available	USP30 wild type	not applicable	FT385 and antimycin A/oligomycin A	24 h	1	PXD019692_HF426_MSQ1504_ERusilowicz_20181130_Mix2_20	proteomic profiling by mass spectrometry	NT=Data-dependent acquisition;AC=PRIDE:0000627	NT=Q Exactive HF;AC=MS:1002523	NT=SILAC heavy;AC=PRIDE:0000325	NT=Trypsin;AC=MS:1001251	NT=Carbamidomethyl;AC=UNIMOD:4;TA=C;MT=Fixed	NT=Oxidation;AC=UNIMOD:35;TA=M;MT=Variable	NT=Acetyl;AC=UNIMOD:1;PP=Protein N-term;MT=Variable	NT=GG;AC=UNIMOD:121;TA=K;MT=Variable	NT=Phospho;AC=UNIMOD:21;TA=S,T,Y;MT=Variable	not available	20 ppm	NT=beam-type collision-induced dissociation;AC=MS:1000422	28 NCE	NT=orbitrap;AC=MS:1000484	375m/z-1500m/z	100m/z	1	20	proteome_Mix2	HF426_MSQ1504_ERusilowicz_20181130_Mix2_20.raw	https://ftp.pride.ebi.ac.uk/pride/data/archive/2020/07/PXD019692/HF426_MSQ1504_ERusilowicz_20181130_Mix2_20.raw	v1.1.0	NT=ms-proteomics;VV=v1.1.0	NT=human;VV=v1.1.0	NT=cell-lines;VV=v1.1.0	USP30 wild type	FT385 and antimycin A/oligomycin A
PXD019692_Exp3_light	Homo sapiens	bone marrow	SH-SY5Y	CVCL_0019	Neuroblastoma	cell	not available	not available	not available	USP30 wild type	not applicable	antimycin A/oligomycin A	24 h	2	PXD019692_HF426_MSQ1504_ERusilowicz_20181130_Mix3_21	proteomic profiling by mass spectrometry	NT=Data-dependent acquisition;AC=PRIDE:0000627	NT=Q Exactive HF;AC=MS:1002523	NT=SILAC light;AC=PRIDE:0000326	NT=Trypsin;AC=MS:1001251	NT=Carbamidomethyl;AC=UNIMOD:4;TA=C;MT=Fixed	NT=Oxidation;AC=UNIMOD:35;TA=M;MT=Variable	NT=Acetyl;AC=UNIMOD:1;PP=Protein N-term;MT=Variable	NT=GG;AC=UNIMOD:121;TA=K;MT=Variable	NT=Phospho;AC=UNIMOD:21;TA=S,T,Y;MT=Variable	not available	20 ppm	NT=beam-type collision-induced dissociation;AC=MS:1000422	28 NCE	NT=orbitrap;AC=MS:1000484	375m/z-1500m/z	100m/z	1	21	proteome_Mix3	HF426_MSQ1504_ERusilowicz_20181130_Mix3_21.raw	https://ftp.pride.ebi.ac.uk/pride/data/archive/2020/07/PXD019692/HF426_MSQ1504_ERusilowicz_20181130_Mix3_21.raw	v1.1.0	NT=ms-proteomics;VV=v1.1.0	NT=human;VV=v1.1.0	NT=cell-lines;VV=v1.1.0	USP30 wild type	antimycin A/oligomycin A
PXD019692_Exp3_medium	Homo sapiens	bone marrow	SH-SY5Y	CVCL_0019	Neuroblastoma	cell	not available	not available	not available	USP30 knockout	KO11	antimycin A/oligomycin A	24 h	2	PXD019692_HF426_MSQ1504_ERusilowicz_20181130_Mix3_21	proteomic profiling by mass spectrometry	NT=Data-dependent acquisition;AC=PRIDE:0000627	NT=Q Exactive HF;AC=MS:1002523	NT=SILAC medium;AC=PRIDE:0000327	NT=Trypsin;AC=MS:1001251	NT=Carbamidomethyl;AC=UNIMOD:4;TA=C;MT=Fixed	NT=Oxidation;AC=UNIMOD:35;TA=M;MT=Variable	NT=Acetyl;AC=UNIMOD:1;PP=Protein N-term;MT=Variable	NT=GG;AC=UNIMOD:121;TA=K;MT=Variable	NT=Phospho;AC=UNIMOD:21;TA=S,T,Y;MT=Variable	not available	20 ppm	NT=beam-type collision-induced dissociation;AC=MS:1000422	28 NCE	NT=orbitrap;AC=MS:1000484	375m/z-1500m/z	100m/z	1	21	proteome_Mix3	HF426_MSQ1504_ERusilowicz_20181130_Mix3_21.raw	https://ftp.pride.ebi.ac.uk/pride/data/archive/2020/07/PXD019692/HF426_MSQ1504_ERusilowicz_20181130_Mix3_21.raw	v1.1.0	NT=ms-proteomics;VV=v1.1.0	NT=human;VV=v1.1.0	NT=cell-lines;VV=v1.1.0	USP30 knockout	antimycin A/oligomycin A
PXD019692_Exp3_heavy	Homo sapiens	bone marrow	SH-SY5Y	CVCL_0019	Neuroblastoma	cell	not available	not available	not available	USP30 wild type	not applicable	FT385 and antimycin A/oligomycin A	24 h	2	PXD019692_HF426_MSQ1504_ERusilowicz_20181130_Mix3_21	proteomic profiling by mass spectrometry	NT=Data-dependent acquisition;AC=PRIDE:0000627	NT=Q Exactive HF;AC=MS:1002523	NT=SILAC heavy;AC=PRIDE:0000325	NT=Trypsin;AC=MS:1001251	NT=Carbamidomethyl;AC=UNIMOD:4;TA=C;MT=Fixed	NT=Oxidation;AC=UNIMOD:35;TA=M;MT=Variable	NT=Acetyl;AC=UNIMOD:1;PP=Protein N-term;MT=Variable	NT=GG;AC=UNIMOD:121;TA=K;MT=Variable	NT=Phospho;AC=UNIMOD:21;TA=S,T,Y;MT=Variable	not available	20 ppm	NT=beam-type collision-induced dissociation;AC=MS:1000422	28 NCE	NT=orbitrap;AC=MS:1000484	375m/z-1500m/z	100m/z	1	21	proteome_Mix3	HF426_MSQ1504_ERusilowicz_20181130_Mix3_21.raw	https://ftp.pride.ebi.ac.uk/pride/data/archive/2020/07/PXD019692/HF426_MSQ1504_ERusilowicz_20181130_Mix3_21.raw	v1.1.0	NT=ms-proteomics;VV=v1.1.0	NT=human;VV=v1.1.0	NT=cell-lines;VV=v1.1.0	USP30 wild type	FT385 and antimycin A/oligomycin A
PXD019692_Exp3_light	Homo sapiens	bone marrow	SH-SY5Y	CVCL_0019	Neuroblastoma	cell	not available	not available	not available	USP30 wild type	not applicable	antimycin A/oligomycin A	24 h	2	PXD019692_HF426_MSQ1504_ERusilowicz_20181130_Mix3_22	proteomic profiling by mass spectrometry	NT=Data-dependent acquisition;AC=PRIDE:0000627	NT=Q Exactive HF;AC=MS:1002523	NT=SILAC light;AC=PRIDE:0000326	NT=Trypsin;AC=MS:1001251	NT=Carbamidomethyl;AC=UNIMOD:4;TA=C;MT=Fixed	NT=Oxidation;AC=UNIMOD:35;TA=M;MT=Variable	NT=Acetyl;AC=UNIMOD:1;PP=Protein N-term;MT=Variable	NT=GG;AC=UNIMOD:121;TA=K;MT=Variable	NT=Phospho;AC=UNIMOD:21;TA=S,T,Y;MT=Variable	not available	20 ppm	NT=beam-type collision-induced dissociation;AC=MS:1000422	28 NCE	NT=orbitrap;AC=MS:1000484	375m/z-1500m/z	100m/z	1	22	proteome_Mix3	HF426_MSQ1504_ERusilowicz_20181130_Mix3_22.raw	https://ftp.pride.ebi.ac.uk/pride/data/archive/2020/07/PXD019692/HF426_MSQ1504_ERusilowicz_20181130_Mix3_22.raw	v1.1.0	NT=ms-proteomics;VV=v1.1.0	NT=human;VV=v1.1.0	NT=cell-lines;VV=v1.1.0	USP30 wild type	antimycin A/oligomycin A
PXD019692_Exp3_medium	Homo sapiens	bone marrow	SH-SY5Y	CVCL_0019	Neuroblastoma	cell	not available	not available	not available	USP30 knockout	KO11	antimycin A/oligomycin A	24 h	2	PXD019692_HF426_MSQ1504_ERusilowicz_20181130_Mix3_22	proteomic profiling by mass spectrometry	NT=Data-dependent acquisition;AC=PRIDE:0000627	NT=Q Exactive HF;AC=MS:1002523	NT=SILAC medium;AC=PRIDE:0000327	NT=Trypsin;AC=MS:1001251	NT=Carbamidomethyl;AC=UNIMOD:4;TA=C;MT=Fixed	NT=Oxidation;AC=UNIMOD:35;TA=M;MT=Variable	NT=Acetyl;AC=UNIMOD:1;PP=Protein N-term;MT=Variable	NT=GG;AC=UNIMOD:121;TA=K;MT=Variable	NT=Phospho;AC=UNIMOD:21;TA=S,T,Y;MT=Variable	not available	20 ppm	NT=beam-type collision-induced dissociation;AC=MS:1000422	28 NCE	NT=orbitrap;AC=MS:1000484	375m/z-1500m/z	100m/z	1	22	proteome_Mix3	HF426_MSQ1504_ERusilowicz_20181130_Mix3_22.raw	https://ftp.pride.ebi.ac.uk/pride/data/archive/2020/07/PXD019692/HF426_MSQ1504_ERusilowicz_20181130_Mix3_22.raw	v1.1.0	NT=ms-proteomics;VV=v1.1.0	NT=human;VV=v1.1.0	NT=cell-lines;VV=v1.1.0	USP30 knockout	antimycin A/oligomycin A
PXD019692_Exp3_heavy	Homo sapiens	bone marrow	SH-SY5Y	CVCL_0019	Neuroblastoma	cell	not available	not available	not available	USP30 wild type	not applicable	FT385 and antimycin A/oligomycin A	24 h	2	PXD019692_HF426_MSQ1504_ERusilowicz_20181130_Mix3_22	proteomic profiling by mass spectrometry	NT=Data-dependent acquisition;AC=PRIDE:0000627	NT=Q Exactive HF;AC=MS:1002523	NT=SILAC heavy;AC=PRIDE:0000325	NT=Trypsin;AC=MS:1001251	NT=Carbamidomethyl;AC=UNIMOD:4;TA=C;MT=Fixed	NT=Oxidation;AC=UNIMOD:35;TA=M;MT=Variable	NT=Acetyl;AC=UNIMOD:1;PP=Protein N-term;MT=Variable	NT=GG;AC=UNIMOD:121;TA=K;MT=Variable	NT=Phospho;AC=UNIMOD:21;TA=S,T,Y;MT=Variable	not available	20 ppm	NT=beam-type collision-induced dissociation;AC=MS:1000422	28 NCE	NT=orbitrap;AC=MS:1000484	375m/z-1500m/z	100m/z	1	22	proteome_Mix3	HF426_MSQ1504_ERusilowicz_20181130_Mix3_22.raw	https://ftp.pride.ebi.ac.uk/pride/data/archive/2020/07/PXD019692/HF426_MSQ1504_ERusilowicz_20181130_Mix3_22.raw	v1.1.0	NT=ms-proteomics;VV=v1.1.0	NT=human;VV=v1.1.0	NT=cell-lines;VV=v1.1.0	USP30 wild type	FT385 and antimycin A/oligomycin A
PXD019692_Exp3_light	Homo sapiens	bone marrow	SH-SY5Y	CVCL_0019	Neuroblastoma	cell	not available	not available	not available	USP30 wild type	not applicable	antimycin A/oligomycin A	24 h	2	PXD019692_HF426_MSQ1504_ERusilowicz_20181130_Mix3_23	proteomic profiling by mass spectrometry	NT=Data-dependent acquisition;AC=PRIDE:0000627	NT=Q Exactive HF;AC=MS:1002523	NT=SILAC light;AC=PRIDE:0000326	NT=Trypsin;AC=MS:1001251	NT=Carbamidomethyl;AC=UNIMOD:4;TA=C;MT=Fixed	NT=Oxidation;AC=UNIMOD:35;TA=M;MT=Variable	NT=Acetyl;AC=UNIMOD:1;PP=Protein N-term;MT=Variable	NT=GG;AC=UNIMOD:121;TA=K;MT=Variable	NT=Phospho;AC=UNIMOD:21;TA=S,T,Y;MT=Variable	not available	20 ppm	NT=beam-type collision-induced dissociation;AC=MS:1000422	28 NCE	NT=orbitrap;AC=MS:1000484	375m/z-1500m/z	100m/z	1	23	proteome_Mix3	HF426_MSQ1504_ERusilowicz_20181130_Mix3_23.raw	https://ftp.pride.ebi.ac.uk/pride/data/archive/2020/07/PXD019692/HF426_MSQ1504_ERusilowicz_20181130_Mix3_23.raw	v1.1.0	NT=ms-proteomics;VV=v1.1.0	NT=human;VV=v1.1.0	NT=cell-lines;VV=v1.1.0	USP30 wild type	antimycin A/oligomycin A
PXD019692_Exp3_medium	Homo sapiens	bone marrow	SH-SY5Y	CVCL_0019	Neuroblastoma	cell	not available	not available	not available	USP30 knockout	KO11	antimycin A/oligomycin A	24 h	2	PXD019692_HF426_MSQ1504_ERusilowicz_20181130_Mix3_23	proteomic profiling by mass spectrometry	NT=Data-dependent acquisition;AC=PRIDE:0000627	NT=Q Exactive HF;AC=MS:1002523	NT=SILAC medium;AC=PRIDE:0000327	NT=Trypsin;AC=MS:1001251	NT=Carbamidomethyl;AC=UNIMOD:4;TA=C;MT=Fixed	NT=Oxidation;AC=UNIMOD:35;TA=M;MT=Variable	NT=Acetyl;AC=UNIMOD:1;PP=Protein N-term;MT=Variable	NT=GG;AC=UNIMOD:121;TA=K;MT=Variable	NT=Phospho;AC=UNIMOD:21;TA=S,T,Y;MT=Variable	not available	20 ppm	NT=beam-type collision-induced dissociation;AC=MS:1000422	28 NCE	NT=orbitrap;AC=MS:1000484	375m/z-1500m/z	100m/z	1	23	proteome_Mix3	HF426_MSQ1504_ERusilowicz_20181130_Mix3_23.raw	https://ftp.pride.ebi.ac.uk/pride/data/archive/2020/07/PXD019692/HF426_MSQ1504_ERusilowicz_20181130_Mix3_23.raw	v1.1.0	NT=ms-proteomics;VV=v1.1.0	NT=human;VV=v1.1.0	NT=cell-lines;VV=v1.1.0	USP30 knockout	antimycin A/oligomycin A
PXD019692_Exp3_heavy	Homo sapiens	bone marrow	SH-SY5Y	CVCL_0019	Neuroblastoma	cell	not available	not available	not available	USP30 wild type	not applicable	FT385 and antimycin A/oligomycin A	24 h	2	PXD019692_HF426_MSQ1504_ERusilowicz_20181130_Mix3_23	proteomic profiling by mass spectrometry	NT=Data-dependent acquisition;AC=PRIDE:0000627	NT=Q Exactive HF;AC=MS:1002523	NT=SILAC heavy;AC=PRIDE:0000325	NT=Trypsin;AC=MS:1001251	NT=Carbamidomethyl;AC=UNIMOD:4;TA=C;MT=Fixed	NT=Oxidation;AC=UNIMOD:35;TA=M;MT=Variable	NT=Acetyl;AC=UNIMOD:1;PP=Protein N-term;MT=Variable	NT=GG;AC=UNIMOD:121;TA=K;MT=Variable	NT=Phospho;AC=UNIMOD:21;TA=S,T,Y;MT=Variable	not available	20 ppm	NT=beam-type collision-induced dissociation;AC=MS:1000422	28 NCE	NT=orbitrap;AC=MS:1000484	375m/z-1500m/z	100m/z	1	23	proteome_Mix3	HF426_MSQ1504_ERusilowicz_20181130_Mix3_23.raw	https://ftp.pride.ebi.ac.uk/pride/data/archive/2020/07/PXD019692/HF426_MSQ1504_ERusilowicz_20181130_Mix3_23.raw	v1.1.0	NT=ms-proteomics;VV=v1.1.0	NT=human;VV=v1.1.0	NT=cell-lines;VV=v1.1.0	USP30 wild type	FT385 and antimycin A/oligomycin A
PXD019692_Exp3_light	Homo sapiens	bone marrow	SH-SY5Y	CVCL_0019	Neuroblastoma	cell	not available	not available	not available	USP30 wild type	not applicable	antimycin A/oligomycin A	24 h	2	PXD019692_HF426_MSQ1504_ERusilowicz_20181130_Mix3_24	proteomic profiling by mass spectrometry	NT=Data-dependent acquisition;AC=PRIDE:0000627	NT=Q Exactive HF;AC=MS:1002523	NT=SILAC light;AC=PRIDE:0000326	NT=Trypsin;AC=MS:1001251	NT=Carbamidomethyl;AC=UNIMOD:4;TA=C;MT=Fixed	NT=Oxidation;AC=UNIMOD:35;TA=M;MT=Variable	NT=Acetyl;AC=UNIMOD:1;PP=Protein N-term;MT=Variable	NT=GG;AC=UNIMOD:121;TA=K;MT=Variable	NT=Phospho;AC=UNIMOD:21;TA=S,T,Y;MT=Variable	not available	20 ppm	NT=beam-type collision-induced dissociation;AC=MS:1000422	28 NCE	NT=orbitrap;AC=MS:1000484	375m/z-1500m/z	100m/z	1	24	proteome_Mix3	HF426_MSQ1504_ERusilowicz_20181130_Mix3_24.raw	https://ftp.pride.ebi.ac.uk/pride/data/archive/2020/07/PXD019692/HF426_MSQ1504_ERusilowicz_20181130_Mix3_24.raw	v1.1.0	NT=ms-proteomics;VV=v1.1.0	NT=human;VV=v1.1.0	NT=cell-lines;VV=v1.1.0	USP30 wild type	antimycin A/oligomycin A
PXD019692_Exp3_medium	Homo sapiens	bone marrow	SH-SY5Y	CVCL_0019	Neuroblastoma	cell	not available	not available	not available	USP30 knockout	KO11	antimycin A/oligomycin A	24 h	2	PXD019692_HF426_MSQ1504_ERusilowicz_20181130_Mix3_24	proteomic profiling by mass spectrometry	NT=Data-dependent acquisition;AC=PRIDE:0000627	NT=Q Exactive HF;AC=MS:1002523	NT=SILAC medium;AC=PRIDE:0000327	NT=Trypsin;AC=MS:1001251	NT=Carbamidomethyl;AC=UNIMOD:4;TA=C;MT=Fixed	NT=Oxidation;AC=UNIMOD:35;TA=M;MT=Variable	NT=Acetyl;AC=UNIMOD:1;PP=Protein N-term;MT=Variable	NT=GG;AC=UNIMOD:121;TA=K;MT=Variable	NT=Phospho;AC=UNIMOD:21;TA=S,T,Y;MT=Variable	not available	20 ppm	NT=beam-type collision-induced dissociation;AC=MS:1000422	28 NCE	NT=orbitrap;AC=MS:1000484	375m/z-1500m/z	100m/z	1	24	proteome_Mix3	HF426_MSQ1504_ERusilowicz_20181130_Mix3_24.raw	https://ftp.pride.ebi.ac.uk/pride/data/archive/2020/07/PXD019692/HF426_MSQ1504_ERusilowicz_20181130_Mix3_24.raw	v1.1.0	NT=ms-proteomics;VV=v1.1.0	NT=human;VV=v1.1.0	NT=cell-lines;VV=v1.1.0	USP30 knockout	antimycin A/oligomycin A
PXD019692_Exp3_heavy	Homo sapiens	bone marrow	SH-SY5Y	CVCL_0019	Neuroblastoma	cell	not available	not available	not available	USP30 wild type	not applicable	FT385 and antimycin A/oligomycin A	24 h	2	PXD019692_HF426_MSQ1504_ERusilowicz_20181130_Mix3_24	proteomic profiling by mass spectrometry	NT=Data-dependent acquisition;AC=PRIDE:0000627	NT=Q Exactive HF;AC=MS:1002523	NT=SILAC heavy;AC=PRIDE:0000325	NT=Trypsin;AC=MS:1001251	NT=Carbamidomethyl;AC=UNIMOD:4;TA=C;MT=Fixed	NT=Oxidation;AC=UNIMOD:35;TA=M;MT=Variable	NT=Acetyl;AC=UNIMOD:1;PP=Protein N-term;MT=Variable	NT=GG;AC=UNIMOD:121;TA=K;MT=Variable	NT=Phospho;AC=UNIMOD:21;TA=S,T,Y;MT=Variable	not available	20 ppm	NT=beam-type collision-induced dissociation;AC=MS:1000422	28 NCE	NT=orbitrap;AC=MS:1000484	375m/z-1500m/z	100m/z	1	24	proteome_Mix3	HF426_MSQ1504_ERusilowicz_20181130_Mix3_24.raw	https://ftp.pride.ebi.ac.uk/pride/data/archive/2020/07/PXD019692/HF426_MSQ1504_ERusilowicz_20181130_Mix3_24.raw	v1.1.0	NT=ms-proteomics;VV=v1.1.0	NT=human;VV=v1.1.0	NT=cell-lines;VV=v1.1.0	USP30 wild type	FT385 and antimycin A/oligomycin A
PXD019692_Exp3_light	Homo sapiens	bone marrow	SH-SY5Y	CVCL_0019	Neuroblastoma	cell	not available	not available	not available	USP30 wild type	not applicable	antimycin A/oligomycin A	24 h	2	PXD019692_HF426_MSQ1504_ERusilowicz_20181130_Mix3_25	proteomic profiling by mass spectrometry	NT=Data-dependent acquisition;AC=PRIDE:0000627	NT=Q Exactive HF;AC=MS:1002523	NT=SILAC light;AC=PRIDE:0000326	NT=Trypsin;AC=MS:1001251	NT=Carbamidomethyl;AC=UNIMOD:4;TA=C;MT=Fixed	NT=Oxidation;AC=UNIMOD:35;TA=M;MT=Variable	NT=Acetyl;AC=UNIMOD:1;PP=Protein N-term;MT=Variable	NT=GG;AC=UNIMOD:121;TA=K;MT=Variable	NT=Phospho;AC=UNIMOD:21;TA=S,T,Y;MT=Variable	not available	20 ppm	NT=beam-type collision-induced dissociation;AC=MS:1000422	28 NCE	NT=orbitrap;AC=MS:1000484	375m/z-1500m/z	100m/z	1	25	proteome_Mix3	HF426_MSQ1504_ERusilowicz_20181130_Mix3_25.raw	https://ftp.pride.ebi.ac.uk/pride/data/archive/2020/07/PXD019692/HF426_MSQ1504_ERusilowicz_20181130_Mix3_25.raw	v1.1.0	NT=ms-proteomics;VV=v1.1.0	NT=human;VV=v1.1.0	NT=cell-lines;VV=v1.1.0	USP30 wild type	antimycin A/oligomycin A
PXD019692_Exp3_medium	Homo sapiens	bone marrow	SH-SY5Y	CVCL_0019	Neuroblastoma	cell	not available	not available	not available	USP30 knockout	KO11	antimycin A/oligomycin A	24 h	2	PXD019692_HF426_MSQ1504_ERusilowicz_20181130_Mix3_25	proteomic profiling by mass spectrometry	NT=Data-dependent acquisition;AC=PRIDE:0000627	NT=Q Exactive HF;AC=MS:1002523	NT=SILAC medium;AC=PRIDE:0000327	NT=Trypsin;AC=MS:1001251	NT=Carbamidomethyl;AC=UNIMOD:4;TA=C;MT=Fixed	NT=Oxidation;AC=UNIMOD:35;TA=M;MT=Variable	NT=Acetyl;AC=UNIMOD:1;PP=Protein N-term;MT=Variable	NT=GG;AC=UNIMOD:121;TA=K;MT=Variable	NT=Phospho;AC=UNIMOD:21;TA=S,T,Y;MT=Variable	not available	20 ppm	NT=beam-type collision-induced dissociation;AC=MS:1000422	28 NCE	NT=orbitrap;AC=MS:1000484	375m/z-1500m/z	100m/z	1	25	proteome_Mix3	HF426_MSQ1504_ERusilowicz_20181130_Mix3_25.raw	https://ftp.pride.ebi.ac.uk/pride/data/archive/2020/07/PXD019692/HF426_MSQ1504_ERusilowicz_20181130_Mix3_25.raw	v1.1.0	NT=ms-proteomics;VV=v1.1.0	NT=human;VV=v1.1.0	NT=cell-lines;VV=v1.1.0	USP30 knockout	antimycin A/oligomycin A
PXD019692_Exp3_heavy	Homo sapiens	bone marrow	SH-SY5Y	CVCL_0019	Neuroblastoma	cell	not available	not available	not available	USP30 wild type	not applicable	FT385 and antimycin A/oligomycin A	24 h	2	PXD019692_HF426_MSQ1504_ERusilowicz_20181130_Mix3_25	proteomic profiling by mass spectrometry	NT=Data-dependent acquisition;AC=PRIDE:0000627	NT=Q Exactive HF;AC=MS:1002523	NT=SILAC heavy;AC=PRIDE:0000325	NT=Trypsin;AC=MS:1001251	NT=Carbamidomethyl;AC=UNIMOD:4;TA=C;MT=Fixed	NT=Oxidation;AC=UNIMOD:35;TA=M;MT=Variable	NT=Acetyl;AC=UNIMOD:1;PP=Protein N-term;MT=Variable	NT=GG;AC=UNIMOD:121;TA=K;MT=Variable	NT=Phospho;AC=UNIMOD:21;TA=S,T,Y;MT=Variable	not available	20 ppm	NT=beam-type collision-induced dissociation;AC=MS:1000422	28 NCE	NT=orbitrap;AC=MS:1000484	375m/z-1500m/z	100m/z	1	25	proteome_Mix3	HF426_MSQ1504_ERusilowicz_20181130_Mix3_25.raw	https://ftp.pride.ebi.ac.uk/pride/data/archive/2020/07/PXD019692/HF426_MSQ1504_ERusilowicz_20181130_Mix3_25.raw	v1.1.0	NT=ms-proteomics;VV=v1.1.0	NT=human;VV=v1.1.0	NT=cell-lines;VV=v1.1.0	USP30 wild type	FT385 and antimycin A/oligomycin A
PXD019692_Exp3_light	Homo sapiens	bone marrow	SH-SY5Y	CVCL_0019	Neuroblastoma	cell	not available	not available	not available	USP30 wild type	not applicable	antimycin A/oligomycin A	24 h	2	PXD019692_HF426_MSQ1504_ERusilowicz_20181130_Mix3_26	proteomic profiling by mass spectrometry	NT=Data-dependent acquisition;AC=PRIDE:0000627	NT=Q Exactive HF;AC=MS:1002523	NT=SILAC light;AC=PRIDE:0000326	NT=Trypsin;AC=MS:1001251	NT=Carbamidomethyl;AC=UNIMOD:4;TA=C;MT=Fixed	NT=Oxidation;AC=UNIMOD:35;TA=M;MT=Variable	NT=Acetyl;AC=UNIMOD:1;PP=Protein N-term;MT=Variable	NT=GG;AC=UNIMOD:121;TA=K;MT=Variable	NT=Phospho;AC=UNIMOD:21;TA=S,T,Y;MT=Variable	not available	20 ppm	NT=beam-type collision-induced dissociation;AC=MS:1000422	28 NCE	NT=orbitrap;AC=MS:1000484	375m/z-1500m/z	100m/z	1	26	proteome_Mix3	HF426_MSQ1504_ERusilowicz_20181130_Mix3_26.raw	https://ftp.pride.ebi.ac.uk/pride/data/archive/2020/07/PXD019692/HF426_MSQ1504_ERusilowicz_20181130_Mix3_26.raw	v1.1.0	NT=ms-proteomics;VV=v1.1.0	NT=human;VV=v1.1.0	NT=cell-lines;VV=v1.1.0	USP30 wild type	antimycin A/oligomycin A
PXD019692_Exp3_medium	Homo sapiens	bone marrow	SH-SY5Y	CVCL_0019	Neuroblastoma	cell	not available	not available	not available	USP30 knockout	KO11	antimycin A/oligomycin A	24 h	2	PXD019692_HF426_MSQ1504_ERusilowicz_20181130_Mix3_26	proteomic profiling by mass spectrometry	NT=Data-dependent acquisition;AC=PRIDE:0000627	NT=Q Exactive HF;AC=MS:1002523	NT=SILAC medium;AC=PRIDE:0000327	NT=Trypsin;AC=MS:1001251	NT=Carbamidomethyl;AC=UNIMOD:4;TA=C;MT=Fixed	NT=Oxidation;AC=UNIMOD:35;TA=M;MT=Variable	NT=Acetyl;AC=UNIMOD:1;PP=Protein N-term;MT=Variable	NT=GG;AC=UNIMOD:121;TA=K;MT=Variable	NT=Phospho;AC=UNIMOD:21;TA=S,T,Y;MT=Variable	not available	20 ppm	NT=beam-type collision-induced dissociation;AC=MS:1000422	28 NCE	NT=orbitrap;AC=MS:1000484	375m/z-1500m/z	100m/z	1	26	proteome_Mix3	HF426_MSQ1504_ERusilowicz_20181130_Mix3_26.raw	https://ftp.pride.ebi.ac.uk/pride/data/archive/2020/07/PXD019692/HF426_MSQ1504_ERusilowicz_20181130_Mix3_26.raw	v1.1.0	NT=ms-proteomics;VV=v1.1.0	NT=human;VV=v1.1.0	NT=cell-lines;VV=v1.1.0	USP30 knockout	antimycin A/oligomycin A
PXD019692_Exp3_heavy	Homo sapiens	bone marrow	SH-SY5Y	CVCL_0019	Neuroblastoma	cell	not available	not available	not available	USP30 wild type	not applicable	FT385 and antimycin A/oligomycin A	24 h	2	PXD019692_HF426_MSQ1504_ERusilowicz_20181130_Mix3_26	proteomic profiling by mass spectrometry	NT=Data-dependent acquisition;AC=PRIDE:0000627	NT=Q Exactive HF;AC=MS:1002523	NT=SILAC heavy;AC=PRIDE:0000325	NT=Trypsin;AC=MS:1001251	NT=Carbamidomethyl;AC=UNIMOD:4;TA=C;MT=Fixed	NT=Oxidation;AC=UNIMOD:35;TA=M;MT=Variable	NT=Acetyl;AC=UNIMOD:1;PP=Protein N-term;MT=Variable	NT=GG;AC=UNIMOD:121;TA=K;MT=Variable	NT=Phospho;AC=UNIMOD:21;TA=S,T,Y;MT=Variable	not available	20 ppm	NT=beam-type collision-induced dissociation;AC=MS:1000422	28 NCE	NT=orbitrap;AC=MS:1000484	375m/z-1500m/z	100m/z	1	26	proteome_Mix3	HF426_MSQ1504_ERusilowicz_20181130_Mix3_26.raw	https://ftp.pride.ebi.ac.uk/pride/data/archive/2020/07/PXD019692/HF426_MSQ1504_ERusilowicz_20181130_Mix3_26.raw	v1.1.0	NT=ms-proteomics;VV=v1.1.0	NT=human;VV=v1.1.0	NT=cell-lines;VV=v1.1.0	USP30 wild type	FT385 and antimycin A/oligomycin A
PXD019692_Exp3_light	Homo sapiens	bone marrow	SH-SY5Y	CVCL_0019	Neuroblastoma	cell	not available	not available	not available	USP30 wild type	not applicable	antimycin A/oligomycin A	24 h	2	PXD019692_HF426_MSQ1504_ERusilowicz_20181130_Mix3_27	proteomic profiling by mass spectrometry	NT=Data-dependent acquisition;AC=PRIDE:0000627	NT=Q Exactive HF;AC=MS:1002523	NT=SILAC light;AC=PRIDE:0000326	NT=Trypsin;AC=MS:1001251	NT=Carbamidomethyl;AC=UNIMOD:4;TA=C;MT=Fixed	NT=Oxidation;AC=UNIMOD:35;TA=M;MT=Variable	NT=Acetyl;AC=UNIMOD:1;PP=Protein N-term;MT=Variable	NT=GG;AC=UNIMOD:121;TA=K;MT=Variable	NT=Phospho;AC=UNIMOD:21;TA=S,T,Y;MT=Variable	not available	20 ppm	NT=beam-type collision-induced dissociation;AC=MS:1000422	28 NCE	NT=orbitrap;AC=MS:1000484	375m/z-1500m/z	100m/z	1	27	proteome_Mix3	HF426_MSQ1504_ERusilowicz_20181130_Mix3_27.raw	https://ftp.pride.ebi.ac.uk/pride/data/archive/2020/07/PXD019692/HF426_MSQ1504_ERusilowicz_20181130_Mix3_27.raw	v1.1.0	NT=ms-proteomics;VV=v1.1.0	NT=human;VV=v1.1.0	NT=cell-lines;VV=v1.1.0	USP30 wild type	antimycin A/oligomycin A
PXD019692_Exp3_medium	Homo sapiens	bone marrow	SH-SY5Y	CVCL_0019	Neuroblastoma	cell	not available	not available	not available	USP30 knockout	KO11	antimycin A/oligomycin A	24 h	2	PXD019692_HF426_MSQ1504_ERusilowicz_20181130_Mix3_27	proteomic profiling by mass spectrometry	NT=Data-dependent acquisition;AC=PRIDE:0000627	NT=Q Exactive HF;AC=MS:1002523	NT=SILAC medium;AC=PRIDE:0000327	NT=Trypsin;AC=MS:1001251	NT=Carbamidomethyl;AC=UNIMOD:4;TA=C;MT=Fixed	NT=Oxidation;AC=UNIMOD:35;TA=M;MT=Variable	NT=Acetyl;AC=UNIMOD:1;PP=Protein N-term;MT=Variable	NT=GG;AC=UNIMOD:121;TA=K;MT=Variable	NT=Phospho;AC=UNIMOD:21;TA=S,T,Y;MT=Variable	not available	20 ppm	NT=beam-type collision-induced dissociation;AC=MS:1000422	28 NCE	NT=orbitrap;AC=MS:1000484	375m/z-1500m/z	100m/z	1	27	proteome_Mix3	HF426_MSQ1504_ERusilowicz_20181130_Mix3_27.raw	https://ftp.pride.ebi.ac.uk/pride/data/archive/2020/07/PXD019692/HF426_MSQ1504_ERusilowicz_20181130_Mix3_27.raw	v1.1.0	NT=ms-proteomics;VV=v1.1.0	NT=human;VV=v1.1.0	NT=cell-lines;VV=v1.1.0	USP30 knockout	antimycin A/oligomycin A
PXD019692_Exp3_heavy	Homo sapiens	bone marrow	SH-SY5Y	CVCL_0019	Neuroblastoma	cell	not available	not available	not available	USP30 wild type	not applicable	FT385 and antimycin A/oligomycin A	24 h	2	PXD019692_HF426_MSQ1504_ERusilowicz_20181130_Mix3_27	proteomic profiling by mass spectrometry	NT=Data-dependent acquisition;AC=PRIDE:0000627	NT=Q Exactive HF;AC=MS:1002523	NT=SILAC heavy;AC=PRIDE:0000325	NT=Trypsin;AC=MS:1001251	NT=Carbamidomethyl;AC=UNIMOD:4;TA=C;MT=Fixed	NT=Oxidation;AC=UNIMOD:35;TA=M;MT=Variable	NT=Acetyl;AC=UNIMOD:1;PP=Protein N-term;MT=Variable	NT=GG;AC=UNIMOD:121;TA=K;MT=Variable	NT=Phospho;AC=UNIMOD:21;TA=S,T,Y;MT=Variable	not available	20 ppm	NT=beam-type collision-induced dissociation;AC=MS:1000422	28 NCE	NT=orbitrap;AC=MS:1000484	375m/z-1500m/z	100m/z	1	27	proteome_Mix3	HF426_MSQ1504_ERusilowicz_20181130_Mix3_27.raw	https://ftp.pride.ebi.ac.uk/pride/data/archive/2020/07/PXD019692/HF426_MSQ1504_ERusilowicz_20181130_Mix3_27.raw	v1.1.0	NT=ms-proteomics;VV=v1.1.0	NT=human;VV=v1.1.0	NT=cell-lines;VV=v1.1.0	USP30 wild type	FT385 and antimycin A/oligomycin A
PXD019692_Exp3_light	Homo sapiens	bone marrow	SH-SY5Y	CVCL_0019	Neuroblastoma	cell	not available	not available	not available	USP30 wild type	not applicable	antimycin A/oligomycin A	24 h	2	PXD019692_HF426_MSQ1504_ERusilowicz_20181130_Mix3_28	proteomic profiling by mass spectrometry	NT=Data-dependent acquisition;AC=PRIDE:0000627	NT=Q Exactive HF;AC=MS:1002523	NT=SILAC light;AC=PRIDE:0000326	NT=Trypsin;AC=MS:1001251	NT=Carbamidomethyl;AC=UNIMOD:4;TA=C;MT=Fixed	NT=Oxidation;AC=UNIMOD:35;TA=M;MT=Variable	NT=Acetyl;AC=UNIMOD:1;PP=Protein N-term;MT=Variable	NT=GG;AC=UNIMOD:121;TA=K;MT=Variable	NT=Phospho;AC=UNIMOD:21;TA=S,T,Y;MT=Variable	not available	20 ppm	NT=beam-type collision-induced dissociation;AC=MS:1000422	28 NCE	NT=orbitrap;AC=MS:1000484	375m/z-1500m/z	100m/z	1	28	proteome_Mix3	HF426_MSQ1504_ERusilowicz_20181130_Mix3_28.raw	https://ftp.pride.ebi.ac.uk/pride/data/archive/2020/07/PXD019692/HF426_MSQ1504_ERusilowicz_20181130_Mix3_28.raw	v1.1.0	NT=ms-proteomics;VV=v1.1.0	NT=human;VV=v1.1.0	NT=cell-lines;VV=v1.1.0	USP30 wild type	antimycin A/oligomycin A
PXD019692_Exp3_medium	Homo sapiens	bone marrow	SH-SY5Y	CVCL_0019	Neuroblastoma	cell	not available	not available	not available	USP30 knockout	KO11	antimycin A/oligomycin A	24 h	2	PXD019692_HF426_MSQ1504_ERusilowicz_20181130_Mix3_28	proteomic profiling by mass spectrometry	NT=Data-dependent acquisition;AC=PRIDE:0000627	NT=Q Exactive HF;AC=MS:1002523	NT=SILAC medium;AC=PRIDE:0000327	NT=Trypsin;AC=MS:1001251	NT=Carbamidomethyl;AC=UNIMOD:4;TA=C;MT=Fixed	NT=Oxidation;AC=UNIMOD:35;TA=M;MT=Variable	NT=Acetyl;AC=UNIMOD:1;PP=Protein N-term;MT=Variable	NT=GG;AC=UNIMOD:121;TA=K;MT=Variable	NT=Phospho;AC=UNIMOD:21;TA=S,T,Y;MT=Variable	not available	20 ppm	NT=beam-type collision-induced dissociation;AC=MS:1000422	28 NCE	NT=orbitrap;AC=MS:1000484	375m/z-1500m/z	100m/z	1	28	proteome_Mix3	HF426_MSQ1504_ERusilowicz_20181130_Mix3_28.raw	https://ftp.pride.ebi.ac.uk/pride/data/archive/2020/07/PXD019692/HF426_MSQ1504_ERusilowicz_20181130_Mix3_28.raw	v1.1.0	NT=ms-proteomics;VV=v1.1.0	NT=human;VV=v1.1.0	NT=cell-lines;VV=v1.1.0	USP30 knockout	antimycin A/oligomycin A
PXD019692_Exp3_heavy	Homo sapiens	bone marrow	SH-SY5Y	CVCL_0019	Neuroblastoma	cell	not available	not available	not available	USP30 wild type	not applicable	FT385 and antimycin A/oligomycin A	24 h	2	PXD019692_HF426_MSQ1504_ERusilowicz_20181130_Mix3_28	proteomic profiling by mass spectrometry	NT=Data-dependent acquisition;AC=PRIDE:0000627	NT=Q Exactive HF;AC=MS:1002523	NT=SILAC heavy;AC=PRIDE:0000325	NT=Trypsin;AC=MS:1001251	NT=Carbamidomethyl;AC=UNIMOD:4;TA=C;MT=Fixed	NT=Oxidation;AC=UNIMOD:35;TA=M;MT=Variable	NT=Acetyl;AC=UNIMOD:1;PP=Protein N-term;MT=Variable	NT=GG;AC=UNIMOD:121;TA=K;MT=Variable	NT=Phospho;AC=UNIMOD:21;TA=S,T,Y;MT=Variable	not available	20 ppm	NT=beam-type collision-induced dissociation;AC=MS:1000422	28 NCE	NT=orbitrap;AC=MS:1000484	375m/z-1500m/z	100m/z	1	28	proteome_Mix3	HF426_MSQ1504_ERusilowicz_20181130_Mix3_28.raw	https://ftp.pride.ebi.ac.uk/pride/data/archive/2020/07/PXD019692/HF426_MSQ1504_ERusilowicz_20181130_Mix3_28.raw	v1.1.0	NT=ms-proteomics;VV=v1.1.0	NT=human;VV=v1.1.0	NT=cell-lines;VV=v1.1.0	USP30 wild type	FT385 and antimycin A/oligomycin A
PXD019692_Exp3_light	Homo sapiens	bone marrow	SH-SY5Y	CVCL_0019	Neuroblastoma	cell	not available	not available	not available	USP30 wild type	not applicable	antimycin A/oligomycin A	24 h	2	PXD019692_HF426_MSQ1504_ERusilowicz_20181130_Mix3_29	proteomic profiling by mass spectrometry	NT=Data-dependent acquisition;AC=PRIDE:0000627	NT=Q Exactive HF;AC=MS:1002523	NT=SILAC light;AC=PRIDE:0000326	NT=Trypsin;AC=MS:1001251	NT=Carbamidomethyl;AC=UNIMOD:4;TA=C;MT=Fixed	NT=Oxidation;AC=UNIMOD:35;TA=M;MT=Variable	NT=Acetyl;AC=UNIMOD:1;PP=Protein N-term;MT=Variable	NT=GG;AC=UNIMOD:121;TA=K;MT=Variable	NT=Phospho;AC=UNIMOD:21;TA=S,T,Y;MT=Variable	not available	20 ppm	NT=beam-type collision-induced dissociation;AC=MS:1000422	28 NCE	NT=orbitrap;AC=MS:1000484	375m/z-1500m/z	100m/z	1	29	proteome_Mix3	HF426_MSQ1504_ERusilowicz_20181130_Mix3_29.raw	https://ftp.pride.ebi.ac.uk/pride/data/archive/2020/07/PXD019692/HF426_MSQ1504_ERusilowicz_20181130_Mix3_29.raw	v1.1.0	NT=ms-proteomics;VV=v1.1.0	NT=human;VV=v1.1.0	NT=cell-lines;VV=v1.1.0	USP30 wild type	antimycin A/oligomycin A
PXD019692_Exp3_medium	Homo sapiens	bone marrow	SH-SY5Y	CVCL_0019	Neuroblastoma	cell	not available	not available	not available	USP30 knockout	KO11	antimycin A/oligomycin A	24 h	2	PXD019692_HF426_MSQ1504_ERusilowicz_20181130_Mix3_29	proteomic profiling by mass spectrometry	NT=Data-dependent acquisition;AC=PRIDE:0000627	NT=Q Exactive HF;AC=MS:1002523	NT=SILAC medium;AC=PRIDE:0000327	NT=Trypsin;AC=MS:1001251	NT=Carbamidomethyl;AC=UNIMOD:4;TA=C;MT=Fixed	NT=Oxidation;AC=UNIMOD:35;TA=M;MT=Variable	NT=Acetyl;AC=UNIMOD:1;PP=Protein N-term;MT=Variable	NT=GG;AC=UNIMOD:121;TA=K;MT=Variable	NT=Phospho;AC=UNIMOD:21;TA=S,T,Y;MT=Variable	not available	20 ppm	NT=beam-type collision-induced dissociation;AC=MS:1000422	28 NCE	NT=orbitrap;AC=MS:1000484	375m/z-1500m/z	100m/z	1	29	proteome_Mix3	HF426_MSQ1504_ERusilowicz_20181130_Mix3_29.raw	https://ftp.pride.ebi.ac.uk/pride/data/archive/2020/07/PXD019692/HF426_MSQ1504_ERusilowicz_20181130_Mix3_29.raw	v1.1.0	NT=ms-proteomics;VV=v1.1.0	NT=human;VV=v1.1.0	NT=cell-lines;VV=v1.1.0	USP30 knockout	antimycin A/oligomycin A
PXD019692_Exp3_heavy	Homo sapiens	bone marrow	SH-SY5Y	CVCL_0019	Neuroblastoma	cell	not available	not available	not available	USP30 wild type	not applicable	FT385 and antimycin A/oligomycin A	24 h	2	PXD019692_HF426_MSQ1504_ERusilowicz_20181130_Mix3_29	proteomic profiling by mass spectrometry	NT=Data-dependent acquisition;AC=PRIDE:0000627	NT=Q Exactive HF;AC=MS:1002523	NT=SILAC heavy;AC=PRIDE:0000325	NT=Trypsin;AC=MS:1001251	NT=Carbamidomethyl;AC=UNIMOD:4;TA=C;MT=Fixed	NT=Oxidation;AC=UNIMOD:35;TA=M;MT=Variable	NT=Acetyl;AC=UNIMOD:1;PP=Protein N-term;MT=Variable	NT=GG;AC=UNIMOD:121;TA=K;MT=Variable	NT=Phospho;AC=UNIMOD:21;TA=S,T,Y;MT=Variable	not available	20 ppm	NT=beam-type collision-induced dissociation;AC=MS:1000422	28 NCE	NT=orbitrap;AC=MS:1000484	375m/z-1500m/z	100m/z	1	29	proteome_Mix3	HF426_MSQ1504_ERusilowicz_20181130_Mix3_29.raw	https://ftp.pride.ebi.ac.uk/pride/data/archive/2020/07/PXD019692/HF426_MSQ1504_ERusilowicz_20181130_Mix3_29.raw	v1.1.0	NT=ms-proteomics;VV=v1.1.0	NT=human;VV=v1.1.0	NT=cell-lines;VV=v1.1.0	USP30 wild type	FT385 and antimycin A/oligomycin A
PXD019692_Exp3_light	Homo sapiens	bone marrow	SH-SY5Y	CVCL_0019	Neuroblastoma	cell	not available	not available	not available	USP30 wild type	not applicable	antimycin A/oligomycin A	24 h	2	PXD019692_HF426_MSQ1504_ERusilowicz_20181130_Mix3_30	proteomic profiling by mass spectrometry	NT=Data-dependent acquisition;AC=PRIDE:0000627	NT=Q Exactive HF;AC=MS:1002523	NT=SILAC light;AC=PRIDE:0000326	NT=Trypsin;AC=MS:1001251	NT=Carbamidomethyl;AC=UNIMOD:4;TA=C;MT=Fixed	NT=Oxidation;AC=UNIMOD:35;TA=M;MT=Variable	NT=Acetyl;AC=UNIMOD:1;PP=Protein N-term;MT=Variable	NT=GG;AC=UNIMOD:121;TA=K;MT=Variable	NT=Phospho;AC=UNIMOD:21;TA=S,T,Y;MT=Variable	not available	20 ppm	NT=beam-type collision-induced dissociation;AC=MS:1000422	28 NCE	NT=orbitrap;AC=MS:1000484	375m/z-1500m/z	100m/z	1	30	proteome_Mix3	HF426_MSQ1504_ERusilowicz_20181130_Mix3_30.raw	https://ftp.pride.ebi.ac.uk/pride/data/archive/2020/07/PXD019692/HF426_MSQ1504_ERusilowicz_20181130_Mix3_30.raw	v1.1.0	NT=ms-proteomics;VV=v1.1.0	NT=human;VV=v1.1.0	NT=cell-lines;VV=v1.1.0	USP30 wild type	antimycin A/oligomycin A
PXD019692_Exp3_medium	Homo sapiens	bone marrow	SH-SY5Y	CVCL_0019	Neuroblastoma	cell	not available	not available	not available	USP30 knockout	KO11	antimycin A/oligomycin A	24 h	2	PXD019692_HF426_MSQ1504_ERusilowicz_20181130_Mix3_30	proteomic profiling by mass spectrometry	NT=Data-dependent acquisition;AC=PRIDE:0000627	NT=Q Exactive HF;AC=MS:1002523	NT=SILAC medium;AC=PRIDE:0000327	NT=Trypsin;AC=MS:1001251	NT=Carbamidomethyl;AC=UNIMOD:4;TA=C;MT=Fixed	NT=Oxidation;AC=UNIMOD:35;TA=M;MT=Variable	NT=Acetyl;AC=UNIMOD:1;PP=Protein N-term;MT=Variable	NT=GG;AC=UNIMOD:121;TA=K;MT=Variable	NT=Phospho;AC=UNIMOD:21;TA=S,T,Y;MT=Variable	not available	20 ppm	NT=beam-type collision-induced dissociation;AC=MS:1000422	28 NCE	NT=orbitrap;AC=MS:1000484	375m/z-1500m/z	100m/z	1	30	proteome_Mix3	HF426_MSQ1504_ERusilowicz_20181130_Mix3_30.raw	https://ftp.pride.ebi.ac.uk/pride/data/archive/2020/07/PXD019692/HF426_MSQ1504_ERusilowicz_20181130_Mix3_30.raw	v1.1.0	NT=ms-proteomics;VV=v1.1.0	NT=human;VV=v1.1.0	NT=cell-lines;VV=v1.1.0	USP30 knockout	antimycin A/oligomycin A
PXD019692_Exp3_heavy	Homo sapiens	bone marrow	SH-SY5Y	CVCL_0019	Neuroblastoma	cell	not available	not available	not available	USP30 wild type	not applicable	FT385 and antimycin A/oligomycin A	24 h	2	PXD019692_HF426_MSQ1504_ERusilowicz_20181130_Mix3_30	proteomic profiling by mass spectrometry	NT=Data-dependent acquisition;AC=PRIDE:0000627	NT=Q Exactive HF;AC=MS:1002523	NT=SILAC heavy;AC=PRIDE:0000325	NT=Trypsin;AC=MS:1001251	NT=Carbamidomethyl;AC=UNIMOD:4;TA=C;MT=Fixed	NT=Oxidation;AC=UNIMOD:35;TA=M;MT=Variable	NT=Acetyl;AC=UNIMOD:1;PP=Protein N-term;MT=Variable	NT=GG;AC=UNIMOD:121;TA=K;MT=Variable	NT=Phospho;AC=UNIMOD:21;TA=S,T,Y;MT=Variable	not available	20 ppm	NT=beam-type collision-induced dissociation;AC=MS:1000422	28 NCE	NT=orbitrap;AC=MS:1000484	375m/z-1500m/z	100m/z	1	30	proteome_Mix3	HF426_MSQ1504_ERusilowicz_20181130_Mix3_30.raw	https://ftp.pride.ebi.ac.uk/pride/data/archive/2020/07/PXD019692/HF426_MSQ1504_ERusilowicz_20181130_Mix3_30.raw	v1.1.0	NT=ms-proteomics;VV=v1.1.0	NT=human;VV=v1.1.0	NT=cell-lines;VV=v1.1.0	USP30 wild type	FT385 and antimycin A/oligomycin A
PXD019692_Exp4_light	Homo sapiens	bone marrow	SH-SY5Y	CVCL_0019	Neuroblastoma	cell	not available	not available	not available	USP30 wild type	not applicable	DMSO	24 h	2	PXD019692_HF426_MSQ1504_ERusilowicz_20181130_Mix4_31	proteomic profiling by mass spectrometry	NT=Data-dependent acquisition;AC=PRIDE:0000627	NT=Q Exactive HF;AC=MS:1002523	NT=SILAC light;AC=PRIDE:0000326	NT=Trypsin;AC=MS:1001251	NT=Carbamidomethyl;AC=UNIMOD:4;TA=C;MT=Fixed	NT=Oxidation;AC=UNIMOD:35;TA=M;MT=Variable	NT=Acetyl;AC=UNIMOD:1;PP=Protein N-term;MT=Variable	NT=GG;AC=UNIMOD:121;TA=K;MT=Variable	NT=Phospho;AC=UNIMOD:21;TA=S,T,Y;MT=Variable	not available	20 ppm	NT=beam-type collision-induced dissociation;AC=MS:1000422	28 NCE	NT=orbitrap;AC=MS:1000484	375m/z-1500m/z	100m/z	1	31	proteome_Mix4	HF426_MSQ1504_ERusilowicz_20181130_Mix4_31.raw	https://ftp.pride.ebi.ac.uk/pride/data/archive/2020/07/PXD019692/HF426_MSQ1504_ERusilowicz_20181130_Mix4_31.raw	v1.1.0	NT=ms-proteomics;VV=v1.1.0	NT=human;VV=v1.1.0	NT=cell-lines;VV=v1.1.0	USP30 wild type	DMSO
PXD019692_Exp4_medium	Homo sapiens	bone marrow	SH-SY5Y	CVCL_0019	Neuroblastoma	cell	not available	not available	not available	USP30 knockout	KO11	DMSO	24 h	1	PXD019692_HF426_MSQ1504_ERusilowicz_20181130_Mix4_31	proteomic profiling by mass spectrometry	NT=Data-dependent acquisition;AC=PRIDE:0000627	NT=Q Exactive HF;AC=MS:1002523	NT=SILAC medium;AC=PRIDE:0000327	NT=Trypsin;AC=MS:1001251	NT=Carbamidomethyl;AC=UNIMOD:4;TA=C;MT=Fixed	NT=Oxidation;AC=UNIMOD:35;TA=M;MT=Variable	NT=Acetyl;AC=UNIMOD:1;PP=Protein N-term;MT=Variable	NT=GG;AC=UNIMOD:121;TA=K;MT=Variable	NT=Phospho;AC=UNIMOD:21;TA=S,T,Y;MT=Variable	not available	20 ppm	NT=beam-type collision-induced dissociation;AC=MS:1000422	28 NCE	NT=orbitrap;AC=MS:1000484	375m/z-1500m/z	100m/z	1	31	proteome_Mix4	HF426_MSQ1504_ERusilowicz_20181130_Mix4_31.raw	https://ftp.pride.ebi.ac.uk/pride/data/archive/2020/07/PXD019692/HF426_MSQ1504_ERusilowicz_20181130_Mix4_31.raw	v1.1.0	NT=ms-proteomics;VV=v1.1.0	NT=human;VV=v1.1.0	NT=cell-lines;VV=v1.1.0	USP30 knockout	DMSO
PXD019692_Exp4_heavy	Homo sapiens	bone marrow	SH-SY5Y	CVCL_0019	Neuroblastoma	cell	not available	not available	not available	USP30 wild type	not applicable	FT385	24 h	2	PXD019692_HF426_MSQ1504_ERusilowicz_20181130_Mix4_31	proteomic profiling by mass spectrometry	NT=Data-dependent acquisition;AC=PRIDE:0000627	NT=Q Exactive HF;AC=MS:1002523	NT=SILAC heavy;AC=PRIDE:0000325	NT=Trypsin;AC=MS:1001251	NT=Carbamidomethyl;AC=UNIMOD:4;TA=C;MT=Fixed	NT=Oxidation;AC=UNIMOD:35;TA=M;MT=Variable	NT=Acetyl;AC=UNIMOD:1;PP=Protein N-term;MT=Variable	NT=GG;AC=UNIMOD:121;TA=K;MT=Variable	NT=Phospho;AC=UNIMOD:21;TA=S,T,Y;MT=Variable	not available	20 ppm	NT=beam-type collision-induced dissociation;AC=MS:1000422	28 NCE	NT=orbitrap;AC=MS:1000484	375m/z-1500m/z	100m/z	1	31	proteome_Mix4	HF426_MSQ1504_ERusilowicz_20181130_Mix4_31.raw	https://ftp.pride.ebi.ac.uk/pride/data/archive/2020/07/PXD019692/HF426_MSQ1504_ERusilowicz_20181130_Mix4_31.raw	v1.1.0	NT=ms-proteomics;VV=v1.1.0	NT=human;VV=v1.1.0	NT=cell-lines;VV=v1.1.0	USP30 wild type	FT385
PXD019692_Exp4_light	Homo sapiens	bone marrow	SH-SY5Y	CVCL_0019	Neuroblastoma	cell	not available	not available	not available	USP30 wild type	not applicable	DMSO	24 h	2	PXD019692_HF426_MSQ1504_ERusilowicz_20181130_Mix4_32	proteomic profiling by mass spectrometry	NT=Data-dependent acquisition;AC=PRIDE:0000627	NT=Q Exactive HF;AC=MS:1002523	NT=SILAC light;AC=PRIDE:0000326	NT=Trypsin;AC=MS:1001251	NT=Carbamidomethyl;AC=UNIMOD:4;TA=C;MT=Fixed	NT=Oxidation;AC=UNIMOD:35;TA=M;MT=Variable	NT=Acetyl;AC=UNIMOD:1;PP=Protein N-term;MT=Variable	NT=GG;AC=UNIMOD:121;TA=K;MT=Variable	NT=Phospho;AC=UNIMOD:21;TA=S,T,Y;MT=Variable	not available	20 ppm	NT=beam-type collision-induced dissociation;AC=MS:1000422	28 NCE	NT=orbitrap;AC=MS:1000484	375m/z-1500m/z	100m/z	1	32	proteome_Mix4	HF426_MSQ1504_ERusilowicz_20181130_Mix4_32.raw	https://ftp.pride.ebi.ac.uk/pride/data/archive/2020/07/PXD019692/HF426_MSQ1504_ERusilowicz_20181130_Mix4_32.raw	v1.1.0	NT=ms-proteomics;VV=v1.1.0	NT=human;VV=v1.1.0	NT=cell-lines;VV=v1.1.0	USP30 wild type	DMSO
PXD019692_Exp4_medium	Homo sapiens	bone marrow	SH-SY5Y	CVCL_0019	Neuroblastoma	cell	not available	not available	not available	USP30 knockout	KO11	DMSO	24 h	1	PXD019692_HF426_MSQ1504_ERusilowicz_20181130_Mix4_32	proteomic profiling by mass spectrometry	NT=Data-dependent acquisition;AC=PRIDE:0000627	NT=Q Exactive HF;AC=MS:1002523	NT=SILAC medium;AC=PRIDE:0000327	NT=Trypsin;AC=MS:1001251	NT=Carbamidomethyl;AC=UNIMOD:4;TA=C;MT=Fixed	NT=Oxidation;AC=UNIMOD:35;TA=M;MT=Variable	NT=Acetyl;AC=UNIMOD:1;PP=Protein N-term;MT=Variable	NT=GG;AC=UNIMOD:121;TA=K;MT=Variable	NT=Phospho;AC=UNIMOD:21;TA=S,T,Y;MT=Variable	not available	20 ppm	NT=beam-type collision-induced dissociation;AC=MS:1000422	28 NCE	NT=orbitrap;AC=MS:1000484	375m/z-1500m/z	100m/z	1	32	proteome_Mix4	HF426_MSQ1504_ERusilowicz_20181130_Mix4_32.raw	https://ftp.pride.ebi.ac.uk/pride/data/archive/2020/07/PXD019692/HF426_MSQ1504_ERusilowicz_20181130_Mix4_32.raw	v1.1.0	NT=ms-proteomics;VV=v1.1.0	NT=human;VV=v1.1.0	NT=cell-lines;VV=v1.1.0	USP30 knockout	DMSO
PXD019692_Exp4_heavy	Homo sapiens	bone marrow	SH-SY5Y	CVCL_0019	Neuroblastoma	cell	not available	not available	not available	USP30 wild type	not applicable	FT385	24 h	2	PXD019692_HF426_MSQ1504_ERusilowicz_20181130_Mix4_32	proteomic profiling by mass spectrometry	NT=Data-dependent acquisition;AC=PRIDE:0000627	NT=Q Exactive HF;AC=MS:1002523	NT=SILAC heavy;AC=PRIDE:0000325	NT=Trypsin;AC=MS:1001251	NT=Carbamidomethyl;AC=UNIMOD:4;TA=C;MT=Fixed	NT=Oxidation;AC=UNIMOD:35;TA=M;MT=Variable	NT=Acetyl;AC=UNIMOD:1;PP=Protein N-term;MT=Variable	NT=GG;AC=UNIMOD:121;TA=K;MT=Variable	NT=Phospho;AC=UNIMOD:21;TA=S,T,Y;MT=Variable	not available	20 ppm	NT=beam-type collision-induced dissociation;AC=MS:1000422	28 NCE	NT=orbitrap;AC=MS:1000484	375m/z-1500m/z	100m/z	1	32	proteome_Mix4	HF426_MSQ1504_ERusilowicz_20181130_Mix4_32.raw	https://ftp.pride.ebi.ac.uk/pride/data/archive/2020/07/PXD019692/HF426_MSQ1504_ERusilowicz_20181130_Mix4_32.raw	v1.1.0	NT=ms-proteomics;VV=v1.1.0	NT=human;VV=v1.1.0	NT=cell-lines;VV=v1.1.0	USP30 wild type	FT385
PXD019692_Exp4_light	Homo sapiens	bone marrow	SH-SY5Y	CVCL_0019	Neuroblastoma	cell	not available	not available	not available	USP30 wild type	not applicable	DMSO	24 h	2	PXD019692_HF426_MSQ1504_ERusilowicz_20181130_Mix4_33	proteomic profiling by mass spectrometry	NT=Data-dependent acquisition;AC=PRIDE:0000627	NT=Q Exactive HF;AC=MS:1002523	NT=SILAC light;AC=PRIDE:0000326	NT=Trypsin;AC=MS:1001251	NT=Carbamidomethyl;AC=UNIMOD:4;TA=C;MT=Fixed	NT=Oxidation;AC=UNIMOD:35;TA=M;MT=Variable	NT=Acetyl;AC=UNIMOD:1;PP=Protein N-term;MT=Variable	NT=GG;AC=UNIMOD:121;TA=K;MT=Variable	NT=Phospho;AC=UNIMOD:21;TA=S,T,Y;MT=Variable	not available	20 ppm	NT=beam-type collision-induced dissociation;AC=MS:1000422	28 NCE	NT=orbitrap;AC=MS:1000484	375m/z-1500m/z	100m/z	1	33	proteome_Mix4	HF426_MSQ1504_ERusilowicz_20181130_Mix4_33.raw	https://ftp.pride.ebi.ac.uk/pride/data/archive/2020/07/PXD019692/HF426_MSQ1504_ERusilowicz_20181130_Mix4_33.raw	v1.1.0	NT=ms-proteomics;VV=v1.1.0	NT=human;VV=v1.1.0	NT=cell-lines;VV=v1.1.0	USP30 wild type	DMSO
PXD019692_Exp4_medium	Homo sapiens	bone marrow	SH-SY5Y	CVCL_0019	Neuroblastoma	cell	not available	not available	not available	USP30 knockout	KO11	DMSO	24 h	1	PXD019692_HF426_MSQ1504_ERusilowicz_20181130_Mix4_33	proteomic profiling by mass spectrometry	NT=Data-dependent acquisition;AC=PRIDE:0000627	NT=Q Exactive HF;AC=MS:1002523	NT=SILAC medium;AC=PRIDE:0000327	NT=Trypsin;AC=MS:1001251	NT=Carbamidomethyl;AC=UNIMOD:4;TA=C;MT=Fixed	NT=Oxidation;AC=UNIMOD:35;TA=M;MT=Variable	NT=Acetyl;AC=UNIMOD:1;PP=Protein N-term;MT=Variable	NT=GG;AC=UNIMOD:121;TA=K;MT=Variable	NT=Phospho;AC=UNIMOD:21;TA=S,T,Y;MT=Variable	not available	20 ppm	NT=beam-type collision-induced dissociation;AC=MS:1000422	28 NCE	NT=orbitrap;AC=MS:1000484	375m/z-1500m/z	100m/z	1	33	proteome_Mix4	HF426_MSQ1504_ERusilowicz_20181130_Mix4_33.raw	https://ftp.pride.ebi.ac.uk/pride/data/archive/2020/07/PXD019692/HF426_MSQ1504_ERusilowicz_20181130_Mix4_33.raw	v1.1.0	NT=ms-proteomics;VV=v1.1.0	NT=human;VV=v1.1.0	NT=cell-lines;VV=v1.1.0	USP30 knockout	DMSO
PXD019692_Exp4_heavy	Homo sapiens	bone marrow	SH-SY5Y	CVCL_0019	Neuroblastoma	cell	not available	not available	not available	USP30 wild type	not applicable	FT385	24 h	2	PXD019692_HF426_MSQ1504_ERusilowicz_20181130_Mix4_33	proteomic profiling by mass spectrometry	NT=Data-dependent acquisition;AC=PRIDE:0000627	NT=Q Exactive HF;AC=MS:1002523	NT=SILAC heavy;AC=PRIDE:0000325	NT=Trypsin;AC=MS:1001251	NT=Carbamidomethyl;AC=UNIMOD:4;TA=C;MT=Fixed	NT=Oxidation;AC=UNIMOD:35;TA=M;MT=Variable	NT=Acetyl;AC=UNIMOD:1;PP=Protein N-term;MT=Variable	NT=GG;AC=UNIMOD:121;TA=K;MT=Variable	NT=Phospho;AC=UNIMOD:21;TA=S,T,Y;MT=Variable	not available	20 ppm	NT=beam-type collision-induced dissociation;AC=MS:1000422	28 NCE	NT=orbitrap;AC=MS:1000484	375m/z-1500m/z	100m/z	1	33	proteome_Mix4	HF426_MSQ1504_ERusilowicz_20181130_Mix4_33.raw	https://ftp.pride.ebi.ac.uk/pride/data/archive/2020/07/PXD019692/HF426_MSQ1504_ERusilowicz_20181130_Mix4_33.raw	v1.1.0	NT=ms-proteomics;VV=v1.1.0	NT=human;VV=v1.1.0	NT=cell-lines;VV=v1.1.0	USP30 wild type	FT385
PXD019692_Exp4_light	Homo sapiens	bone marrow	SH-SY5Y	CVCL_0019	Neuroblastoma	cell	not available	not available	not available	USP30 wild type	not applicable	DMSO	24 h	2	PXD019692_HF426_MSQ1504_ERusilowicz_20181130_Mix4_34	proteomic profiling by mass spectrometry	NT=Data-dependent acquisition;AC=PRIDE:0000627	NT=Q Exactive HF;AC=MS:1002523	NT=SILAC light;AC=PRIDE:0000326	NT=Trypsin;AC=MS:1001251	NT=Carbamidomethyl;AC=UNIMOD:4;TA=C;MT=Fixed	NT=Oxidation;AC=UNIMOD:35;TA=M;MT=Variable	NT=Acetyl;AC=UNIMOD:1;PP=Protein N-term;MT=Variable	NT=GG;AC=UNIMOD:121;TA=K;MT=Variable	NT=Phospho;AC=UNIMOD:21;TA=S,T,Y;MT=Variable	not available	20 ppm	NT=beam-type collision-induced dissociation;AC=MS:1000422	28 NCE	NT=orbitrap;AC=MS:1000484	375m/z-1500m/z	100m/z	1	34	proteome_Mix4	HF426_MSQ1504_ERusilowicz_20181130_Mix4_34.raw	https://ftp.pride.ebi.ac.uk/pride/data/archive/2020/07/PXD019692/HF426_MSQ1504_ERusilowicz_20181130_Mix4_34.raw	v1.1.0	NT=ms-proteomics;VV=v1.1.0	NT=human;VV=v1.1.0	NT=cell-lines;VV=v1.1.0	USP30 wild type	DMSO
PXD019692_Exp4_medium	Homo sapiens	bone marrow	SH-SY5Y	CVCL_0019	Neuroblastoma	cell	not available	not available	not available	USP30 knockout	KO11	DMSO	24 h	1	PXD019692_HF426_MSQ1504_ERusilowicz_20181130_Mix4_34	proteomic profiling by mass spectrometry	NT=Data-dependent acquisition;AC=PRIDE:0000627	NT=Q Exactive HF;AC=MS:1002523	NT=SILAC medium;AC=PRIDE:0000327	NT=Trypsin;AC=MS:1001251	NT=Carbamidomethyl;AC=UNIMOD:4;TA=C;MT=Fixed	NT=Oxidation;AC=UNIMOD:35;TA=M;MT=Variable	NT=Acetyl;AC=UNIMOD:1;PP=Protein N-term;MT=Variable	NT=GG;AC=UNIMOD:121;TA=K;MT=Variable	NT=Phospho;AC=UNIMOD:21;TA=S,T,Y;MT=Variable	not available	20 ppm	NT=beam-type collision-induced dissociation;AC=MS:1000422	28 NCE	NT=orbitrap;AC=MS:1000484	375m/z-1500m/z	100m/z	1	34	proteome_Mix4	HF426_MSQ1504_ERusilowicz_20181130_Mix4_34.raw	https://ftp.pride.ebi.ac.uk/pride/data/archive/2020/07/PXD019692/HF426_MSQ1504_ERusilowicz_20181130_Mix4_34.raw	v1.1.0	NT=ms-proteomics;VV=v1.1.0	NT=human;VV=v1.1.0	NT=cell-lines;VV=v1.1.0	USP30 knockout	DMSO
PXD019692_Exp4_heavy	Homo sapiens	bone marrow	SH-SY5Y	CVCL_0019	Neuroblastoma	cell	not available	not available	not available	USP30 wild type	not applicable	FT385	24 h	2	PXD019692_HF426_MSQ1504_ERusilowicz_20181130_Mix4_34	proteomic profiling by mass spectrometry	NT=Data-dependent acquisition;AC=PRIDE:0000627	NT=Q Exactive HF;AC=MS:1002523	NT=SILAC heavy;AC=PRIDE:0000325	NT=Trypsin;AC=MS:1001251	NT=Carbamidomethyl;AC=UNIMOD:4;TA=C;MT=Fixed	NT=Oxidation;AC=UNIMOD:35;TA=M;MT=Variable	NT=Acetyl;AC=UNIMOD:1;PP=Protein N-term;MT=Variable	NT=GG;AC=UNIMOD:121;TA=K;MT=Variable	NT=Phospho;AC=UNIMOD:21;TA=S,T,Y;MT=Variable	not available	20 ppm	NT=beam-type collision-induced dissociation;AC=MS:1000422	28 NCE	NT=orbitrap;AC=MS:1000484	375m/z-1500m/z	100m/z	1	34	proteome_Mix4	HF426_MSQ1504_ERusilowicz_20181130_Mix4_34.raw	https://ftp.pride.ebi.ac.uk/pride/data/archive/2020/07/PXD019692/HF426_MSQ1504_ERusilowicz_20181130_Mix4_34.raw	v1.1.0	NT=ms-proteomics;VV=v1.1.0	NT=human;VV=v1.1.0	NT=cell-lines;VV=v1.1.0	USP30 wild type	FT385
PXD019692_Exp4_light	Homo sapiens	bone marrow	SH-SY5Y	CVCL_0019	Neuroblastoma	cell	not available	not available	not available	USP30 wild type	not applicable	DMSO	24 h	2	PXD019692_HF426_MSQ1504_ERusilowicz_20181130_Mix4_35	proteomic profiling by mass spectrometry	NT=Data-dependent acquisition;AC=PRIDE:0000627	NT=Q Exactive HF;AC=MS:1002523	NT=SILAC light;AC=PRIDE:0000326	NT=Trypsin;AC=MS:1001251	NT=Carbamidomethyl;AC=UNIMOD:4;TA=C;MT=Fixed	NT=Oxidation;AC=UNIMOD:35;TA=M;MT=Variable	NT=Acetyl;AC=UNIMOD:1;PP=Protein N-term;MT=Variable	NT=GG;AC=UNIMOD:121;TA=K;MT=Variable	NT=Phospho;AC=UNIMOD:21;TA=S,T,Y;MT=Variable	not available	20 ppm	NT=beam-type collision-induced dissociation;AC=MS:1000422	28 NCE	NT=orbitrap;AC=MS:1000484	375m/z-1500m/z	100m/z	1	35	proteome_Mix4	HF426_MSQ1504_ERusilowicz_20181130_Mix4_35.raw	https://ftp.pride.ebi.ac.uk/pride/data/archive/2020/07/PXD019692/HF426_MSQ1504_ERusilowicz_20181130_Mix4_35.raw	v1.1.0	NT=ms-proteomics;VV=v1.1.0	NT=human;VV=v1.1.0	NT=cell-lines;VV=v1.1.0	USP30 wild type	DMSO
PXD019692_Exp4_medium	Homo sapiens	bone marrow	SH-SY5Y	CVCL_0019	Neuroblastoma	cell	not available	not available	not available	USP30 knockout	KO11	DMSO	24 h	1	PXD019692_HF426_MSQ1504_ERusilowicz_20181130_Mix4_35	proteomic profiling by mass spectrometry	NT=Data-dependent acquisition;AC=PRIDE:0000627	NT=Q Exactive HF;AC=MS:1002523	NT=SILAC medium;AC=PRIDE:0000327	NT=Trypsin;AC=MS:1001251	NT=Carbamidomethyl;AC=UNIMOD:4;TA=C;MT=Fixed	NT=Oxidation;AC=UNIMOD:35;TA=M;MT=Variable	NT=Acetyl;AC=UNIMOD:1;PP=Protein N-term;MT=Variable	NT=GG;AC=UNIMOD:121;TA=K;MT=Variable	NT=Phospho;AC=UNIMOD:21;TA=S,T,Y;MT=Variable	not available	20 ppm	NT=beam-type collision-induced dissociation;AC=MS:1000422	28 NCE	NT=orbitrap;AC=MS:1000484	375m/z-1500m/z	100m/z	1	35	proteome_Mix4	HF426_MSQ1504_ERusilowicz_20181130_Mix4_35.raw	https://ftp.pride.ebi.ac.uk/pride/data/archive/2020/07/PXD019692/HF426_MSQ1504_ERusilowicz_20181130_Mix4_35.raw	v1.1.0	NT=ms-proteomics;VV=v1.1.0	NT=human;VV=v1.1.0	NT=cell-lines;VV=v1.1.0	USP30 knockout	DMSO
PXD019692_Exp4_heavy	Homo sapiens	bone marrow	SH-SY5Y	CVCL_0019	Neuroblastoma	cell	not available	not available	not available	USP30 wild type	not applicable	FT385	24 h	2	PXD019692_HF426_MSQ1504_ERusilowicz_20181130_Mix4_35	proteomic profiling by mass spectrometry	NT=Data-dependent acquisition;AC=PRIDE:0000627	NT=Q Exactive HF;AC=MS:1002523	NT=SILAC heavy;AC=PRIDE:0000325	NT=Trypsin;AC=MS:1001251	NT=Carbamidomethyl;AC=UNIMOD:4;TA=C;MT=Fixed	NT=Oxidation;AC=UNIMOD:35;TA=M;MT=Variable	NT=Acetyl;AC=UNIMOD:1;PP=Protein N-term;MT=Variable	NT=GG;AC=UNIMOD:121;TA=K;MT=Variable	NT=Phospho;AC=UNIMOD:21;TA=S,T,Y;MT=Variable	not available	20 ppm	NT=beam-type collision-induced dissociation;AC=MS:1000422	28 NCE	NT=orbitrap;AC=MS:1000484	375m/z-1500m/z	100m/z	1	35	proteome_Mix4	HF426_MSQ1504_ERusilowicz_20181130_Mix4_35.raw	https://ftp.pride.ebi.ac.uk/pride/data/archive/2020/07/PXD019692/HF426_MSQ1504_ERusilowicz_20181130_Mix4_35.raw	v1.1.0	NT=ms-proteomics;VV=v1.1.0	NT=human;VV=v1.1.0	NT=cell-lines;VV=v1.1.0	USP30 wild type	FT385
PXD019692_Exp4_light	Homo sapiens	bone marrow	SH-SY5Y	CVCL_0019	Neuroblastoma	cell	not available	not available	not available	USP30 wild type	not applicable	DMSO	24 h	2	PXD019692_HF426_MSQ1504_ERusilowicz_20181130_Mix4_36	proteomic profiling by mass spectrometry	NT=Data-dependent acquisition;AC=PRIDE:0000627	NT=Q Exactive HF;AC=MS:1002523	NT=SILAC light;AC=PRIDE:0000326	NT=Trypsin;AC=MS:1001251	NT=Carbamidomethyl;AC=UNIMOD:4;TA=C;MT=Fixed	NT=Oxidation;AC=UNIMOD:35;TA=M;MT=Variable	NT=Acetyl;AC=UNIMOD:1;PP=Protein N-term;MT=Variable	NT=GG;AC=UNIMOD:121;TA=K;MT=Variable	NT=Phospho;AC=UNIMOD:21;TA=S,T,Y;MT=Variable	not available	20 ppm	NT=beam-type collision-induced dissociation;AC=MS:1000422	28 NCE	NT=orbitrap;AC=MS:1000484	375m/z-1500m/z	100m/z	1	36	proteome_Mix4	HF426_MSQ1504_ERusilowicz_20181130_Mix4_36.raw	https://ftp.pride.ebi.ac.uk/pride/data/archive/2020/07/PXD019692/HF426_MSQ1504_ERusilowicz_20181130_Mix4_36.raw	v1.1.0	NT=ms-proteomics;VV=v1.1.0	NT=human;VV=v1.1.0	NT=cell-lines;VV=v1.1.0	USP30 wild type	DMSO
PXD019692_Exp4_medium	Homo sapiens	bone marrow	SH-SY5Y	CVCL_0019	Neuroblastoma	cell	not available	not available	not available	USP30 knockout	KO11	DMSO	24 h	1	PXD019692_HF426_MSQ1504_ERusilowicz_20181130_Mix4_36	proteomic profiling by mass spectrometry	NT=Data-dependent acquisition;AC=PRIDE:0000627	NT=Q Exactive HF;AC=MS:1002523	NT=SILAC medium;AC=PRIDE:0000327	NT=Trypsin;AC=MS:1001251	NT=Carbamidomethyl;AC=UNIMOD:4;TA=C;MT=Fixed	NT=Oxidation;AC=UNIMOD:35;TA=M;MT=Variable	NT=Acetyl;AC=UNIMOD:1;PP=Protein N-term;MT=Variable	NT=GG;AC=UNIMOD:121;TA=K;MT=Variable	NT=Phospho;AC=UNIMOD:21;TA=S,T,Y;MT=Variable	not available	20 ppm	NT=beam-type collision-induced dissociation;AC=MS:1000422	28 NCE	NT=orbitrap;AC=MS:1000484	375m/z-1500m/z	100m/z	1	36	proteome_Mix4	HF426_MSQ1504_ERusilowicz_20181130_Mix4_36.raw	https://ftp.pride.ebi.ac.uk/pride/data/archive/2020/07/PXD019692/HF426_MSQ1504_ERusilowicz_20181130_Mix4_36.raw	v1.1.0	NT=ms-proteomics;VV=v1.1.0	NT=human;VV=v1.1.0	NT=cell-lines;VV=v1.1.0	USP30 knockout	DMSO
PXD019692_Exp4_heavy	Homo sapiens	bone marrow	SH-SY5Y	CVCL_0019	Neuroblastoma	cell	not available	not available	not available	USP30 wild type	not applicable	FT385	24 h	2	PXD019692_HF426_MSQ1504_ERusilowicz_20181130_Mix4_36	proteomic profiling by mass spectrometry	NT=Data-dependent acquisition;AC=PRIDE:0000627	NT=Q Exactive HF;AC=MS:1002523	NT=SILAC heavy;AC=PRIDE:0000325	NT=Trypsin;AC=MS:1001251	NT=Carbamidomethyl;AC=UNIMOD:4;TA=C;MT=Fixed	NT=Oxidation;AC=UNIMOD:35;TA=M;MT=Variable	NT=Acetyl;AC=UNIMOD:1;PP=Protein N-term;MT=Variable	NT=GG;AC=UNIMOD:121;TA=K;MT=Variable	NT=Phospho;AC=UNIMOD:21;TA=S,T,Y;MT=Variable	not available	20 ppm	NT=beam-type collision-induced dissociation;AC=MS:1000422	28 NCE	NT=orbitrap;AC=MS:1000484	375m/z-1500m/z	100m/z	1	36	proteome_Mix4	HF426_MSQ1504_ERusilowicz_20181130_Mix4_36.raw	https://ftp.pride.ebi.ac.uk/pride/data/archive/2020/07/PXD019692/HF426_MSQ1504_ERusilowicz_20181130_Mix4_36.raw	v1.1.0	NT=ms-proteomics;VV=v1.1.0	NT=human;VV=v1.1.0	NT=cell-lines;VV=v1.1.0	USP30 wild type	FT385
PXD019692_Exp4_light	Homo sapiens	bone marrow	SH-SY5Y	CVCL_0019	Neuroblastoma	cell	not available	not available	not available	USP30 wild type	not applicable	DMSO	24 h	2	PXD019692_HF426_MSQ1504_ERusilowicz_20181130_Mix4_37	proteomic profiling by mass spectrometry	NT=Data-dependent acquisition;AC=PRIDE:0000627	NT=Q Exactive HF;AC=MS:1002523	NT=SILAC light;AC=PRIDE:0000326	NT=Trypsin;AC=MS:1001251	NT=Carbamidomethyl;AC=UNIMOD:4;TA=C;MT=Fixed	NT=Oxidation;AC=UNIMOD:35;TA=M;MT=Variable	NT=Acetyl;AC=UNIMOD:1;PP=Protein N-term;MT=Variable	NT=GG;AC=UNIMOD:121;TA=K;MT=Variable	NT=Phospho;AC=UNIMOD:21;TA=S,T,Y;MT=Variable	not available	20 ppm	NT=beam-type collision-induced dissociation;AC=MS:1000422	28 NCE	NT=orbitrap;AC=MS:1000484	375m/z-1500m/z	100m/z	1	37	proteome_Mix4	HF426_MSQ1504_ERusilowicz_20181130_Mix4_37.raw	https://ftp.pride.ebi.ac.uk/pride/data/archive/2020/07/PXD019692/HF426_MSQ1504_ERusilowicz_20181130_Mix4_37.raw	v1.1.0	NT=ms-proteomics;VV=v1.1.0	NT=human;VV=v1.1.0	NT=cell-lines;VV=v1.1.0	USP30 wild type	DMSO
PXD019692_Exp4_medium	Homo sapiens	bone marrow	SH-SY5Y	CVCL_0019	Neuroblastoma	cell	not available	not available	not available	USP30 knockout	KO11	DMSO	24 h	1	PXD019692_HF426_MSQ1504_ERusilowicz_20181130_Mix4_37	proteomic profiling by mass spectrometry	NT=Data-dependent acquisition;AC=PRIDE:0000627	NT=Q Exactive HF;AC=MS:1002523	NT=SILAC medium;AC=PRIDE:0000327	NT=Trypsin;AC=MS:1001251	NT=Carbamidomethyl;AC=UNIMOD:4;TA=C;MT=Fixed	NT=Oxidation;AC=UNIMOD:35;TA=M;MT=Variable	NT=Acetyl;AC=UNIMOD:1;PP=Protein N-term;MT=Variable	NT=GG;AC=UNIMOD:121;TA=K;MT=Variable	NT=Phospho;AC=UNIMOD:21;TA=S,T,Y;MT=Variable	not available	20 ppm	NT=beam-type collision-induced dissociation;AC=MS:1000422	28 NCE	NT=orbitrap;AC=MS:1000484	375m/z-1500m/z	100m/z	1	37	proteome_Mix4	HF426_MSQ1504_ERusilowicz_20181130_Mix4_37.raw	https://ftp.pride.ebi.ac.uk/pride/data/archive/2020/07/PXD019692/HF426_MSQ1504_ERusilowicz_20181130_Mix4_37.raw	v1.1.0	NT=ms-proteomics;VV=v1.1.0	NT=human;VV=v1.1.0	NT=cell-lines;VV=v1.1.0	USP30 knockout	DMSO
PXD019692_Exp4_heavy	Homo sapiens	bone marrow	SH-SY5Y	CVCL_0019	Neuroblastoma	cell	not available	not available	not available	USP30 wild type	not applicable	FT385	24 h	2	PXD019692_HF426_MSQ1504_ERusilowicz_20181130_Mix4_37	proteomic profiling by mass spectrometry	NT=Data-dependent acquisition;AC=PRIDE:0000627	NT=Q Exactive HF;AC=MS:1002523	NT=SILAC heavy;AC=PRIDE:0000325	NT=Trypsin;AC=MS:1001251	NT=Carbamidomethyl;AC=UNIMOD:4;TA=C;MT=Fixed	NT=Oxidation;AC=UNIMOD:35;TA=M;MT=Variable	NT=Acetyl;AC=UNIMOD:1;PP=Protein N-term;MT=Variable	NT=GG;AC=UNIMOD:121;TA=K;MT=Variable	NT=Phospho;AC=UNIMOD:21;TA=S,T,Y;MT=Variable	not available	20 ppm	NT=beam-type collision-induced dissociation;AC=MS:1000422	28 NCE	NT=orbitrap;AC=MS:1000484	375m/z-1500m/z	100m/z	1	37	proteome_Mix4	HF426_MSQ1504_ERusilowicz_20181130_Mix4_37.raw	https://ftp.pride.ebi.ac.uk/pride/data/archive/2020/07/PXD019692/HF426_MSQ1504_ERusilowicz_20181130_Mix4_37.raw	v1.1.0	NT=ms-proteomics;VV=v1.1.0	NT=human;VV=v1.1.0	NT=cell-lines;VV=v1.1.0	USP30 wild type	FT385
PXD019692_Exp4_light	Homo sapiens	bone marrow	SH-SY5Y	CVCL_0019	Neuroblastoma	cell	not available	not available	not available	USP30 wild type	not applicable	DMSO	24 h	2	PXD019692_HF426_MSQ1504_ERusilowicz_20181130_Mix4_38	proteomic profiling by mass spectrometry	NT=Data-dependent acquisition;AC=PRIDE:0000627	NT=Q Exactive HF;AC=MS:1002523	NT=SILAC light;AC=PRIDE:0000326	NT=Trypsin;AC=MS:1001251	NT=Carbamidomethyl;AC=UNIMOD:4;TA=C;MT=Fixed	NT=Oxidation;AC=UNIMOD:35;TA=M;MT=Variable	NT=Acetyl;AC=UNIMOD:1;PP=Protein N-term;MT=Variable	NT=GG;AC=UNIMOD:121;TA=K;MT=Variable	NT=Phospho;AC=UNIMOD:21;TA=S,T,Y;MT=Variable	not available	20 ppm	NT=beam-type collision-induced dissociation;AC=MS:1000422	28 NCE	NT=orbitrap;AC=MS:1000484	375m/z-1500m/z	100m/z	1	38	proteome_Mix4	HF426_MSQ1504_ERusilowicz_20181130_Mix4_38.raw	https://ftp.pride.ebi.ac.uk/pride/data/archive/2020/07/PXD019692/HF426_MSQ1504_ERusilowicz_20181130_Mix4_38.raw	v1.1.0	NT=ms-proteomics;VV=v1.1.0	NT=human;VV=v1.1.0	NT=cell-lines;VV=v1.1.0	USP30 wild type	DMSO
PXD019692_Exp4_medium	Homo sapiens	bone marrow	SH-SY5Y	CVCL_0019	Neuroblastoma	cell	not available	not available	not available	USP30 knockout	KO11	DMSO	24 h	1	PXD019692_HF426_MSQ1504_ERusilowicz_20181130_Mix4_38	proteomic profiling by mass spectrometry	NT=Data-dependent acquisition;AC=PRIDE:0000627	NT=Q Exactive HF;AC=MS:1002523	NT=SILAC medium;AC=PRIDE:0000327	NT=Trypsin;AC=MS:1001251	NT=Carbamidomethyl;AC=UNIMOD:4;TA=C;MT=Fixed	NT=Oxidation;AC=UNIMOD:35;TA=M;MT=Variable	NT=Acetyl;AC=UNIMOD:1;PP=Protein N-term;MT=Variable	NT=GG;AC=UNIMOD:121;TA=K;MT=Variable	NT=Phospho;AC=UNIMOD:21;TA=S,T,Y;MT=Variable	not available	20 ppm	NT=beam-type collision-induced dissociation;AC=MS:1000422	28 NCE	NT=orbitrap;AC=MS:1000484	375m/z-1500m/z	100m/z	1	38	proteome_Mix4	HF426_MSQ1504_ERusilowicz_20181130_Mix4_38.raw	https://ftp.pride.ebi.ac.uk/pride/data/archive/2020/07/PXD019692/HF426_MSQ1504_ERusilowicz_20181130_Mix4_38.raw	v1.1.0	NT=ms-proteomics;VV=v1.1.0	NT=human;VV=v1.1.0	NT=cell-lines;VV=v1.1.0	USP30 knockout	DMSO
PXD019692_Exp4_heavy	Homo sapiens	bone marrow	SH-SY5Y	CVCL_0019	Neuroblastoma	cell	not available	not available	not available	USP30 wild type	not applicable	FT385	24 h	2	PXD019692_HF426_MSQ1504_ERusilowicz_20181130_Mix4_38	proteomic profiling by mass spectrometry	NT=Data-dependent acquisition;AC=PRIDE:0000627	NT=Q Exactive HF;AC=MS:1002523	NT=SILAC heavy;AC=PRIDE:0000325	NT=Trypsin;AC=MS:1001251	NT=Carbamidomethyl;AC=UNIMOD:4;TA=C;MT=Fixed	NT=Oxidation;AC=UNIMOD:35;TA=M;MT=Variable	NT=Acetyl;AC=UNIMOD:1;PP=Protein N-term;MT=Variable	NT=GG;AC=UNIMOD:121;TA=K;MT=Variable	NT=Phospho;AC=UNIMOD:21;TA=S,T,Y;MT=Variable	not available	20 ppm	NT=beam-type collision-induced dissociation;AC=MS:1000422	28 NCE	NT=orbitrap;AC=MS:1000484	375m/z-1500m/z	100m/z	1	38	proteome_Mix4	HF426_MSQ1504_ERusilowicz_20181130_Mix4_38.raw	https://ftp.pride.ebi.ac.uk/pride/data/archive/2020/07/PXD019692/HF426_MSQ1504_ERusilowicz_20181130_Mix4_38.raw	v1.1.0	NT=ms-proteomics;VV=v1.1.0	NT=human;VV=v1.1.0	NT=cell-lines;VV=v1.1.0	USP30 wild type	FT385
PXD019692_Exp4_light	Homo sapiens	bone marrow	SH-SY5Y	CVCL_0019	Neuroblastoma	cell	not available	not available	not available	USP30 wild type	not applicable	DMSO	24 h	2	PXD019692_HF426_MSQ1504_ERusilowicz_20181130_Mix4_39	proteomic profiling by mass spectrometry	NT=Data-dependent acquisition;AC=PRIDE:0000627	NT=Q Exactive HF;AC=MS:1002523	NT=SILAC light;AC=PRIDE:0000326	NT=Trypsin;AC=MS:1001251	NT=Carbamidomethyl;AC=UNIMOD:4;TA=C;MT=Fixed	NT=Oxidation;AC=UNIMOD:35;TA=M;MT=Variable	NT=Acetyl;AC=UNIMOD:1;PP=Protein N-term;MT=Variable	NT=GG;AC=UNIMOD:121;TA=K;MT=Variable	NT=Phospho;AC=UNIMOD:21;TA=S,T,Y;MT=Variable	not available	20 ppm	NT=beam-type collision-induced dissociation;AC=MS:1000422	28 NCE	NT=orbitrap;AC=MS:1000484	375m/z-1500m/z	100m/z	1	39	proteome_Mix4	HF426_MSQ1504_ERusilowicz_20181130_Mix4_39.raw	https://ftp.pride.ebi.ac.uk/pride/data/archive/2020/07/PXD019692/HF426_MSQ1504_ERusilowicz_20181130_Mix4_39.raw	v1.1.0	NT=ms-proteomics;VV=v1.1.0	NT=human;VV=v1.1.0	NT=cell-lines;VV=v1.1.0	USP30 wild type	DMSO
PXD019692_Exp4_medium	Homo sapiens	bone marrow	SH-SY5Y	CVCL_0019	Neuroblastoma	cell	not available	not available	not available	USP30 knockout	KO11	DMSO	24 h	1	PXD019692_HF426_MSQ1504_ERusilowicz_20181130_Mix4_39	proteomic profiling by mass spectrometry	NT=Data-dependent acquisition;AC=PRIDE:0000627	NT=Q Exactive HF;AC=MS:1002523	NT=SILAC medium;AC=PRIDE:0000327	NT=Trypsin;AC=MS:1001251	NT=Carbamidomethyl;AC=UNIMOD:4;TA=C;MT=Fixed	NT=Oxidation;AC=UNIMOD:35;TA=M;MT=Variable	NT=Acetyl;AC=UNIMOD:1;PP=Protein N-term;MT=Variable	NT=GG;AC=UNIMOD:121;TA=K;MT=Variable	NT=Phospho;AC=UNIMOD:21;TA=S,T,Y;MT=Variable	not available	20 ppm	NT=beam-type collision-induced dissociation;AC=MS:1000422	28 NCE	NT=orbitrap;AC=MS:1000484	375m/z-1500m/z	100m/z	1	39	proteome_Mix4	HF426_MSQ1504_ERusilowicz_20181130_Mix4_39.raw	https://ftp.pride.ebi.ac.uk/pride/data/archive/2020/07/PXD019692/HF426_MSQ1504_ERusilowicz_20181130_Mix4_39.raw	v1.1.0	NT=ms-proteomics;VV=v1.1.0	NT=human;VV=v1.1.0	NT=cell-lines;VV=v1.1.0	USP30 knockout	DMSO
PXD019692_Exp4_heavy	Homo sapiens	bone marrow	SH-SY5Y	CVCL_0019	Neuroblastoma	cell	not available	not available	not available	USP30 wild type	not applicable	FT385	24 h	2	PXD019692_HF426_MSQ1504_ERusilowicz_20181130_Mix4_39	proteomic profiling by mass spectrometry	NT=Data-dependent acquisition;AC=PRIDE:0000627	NT=Q Exactive HF;AC=MS:1002523	NT=SILAC heavy;AC=PRIDE:0000325	NT=Trypsin;AC=MS:1001251	NT=Carbamidomethyl;AC=UNIMOD:4;TA=C;MT=Fixed	NT=Oxidation;AC=UNIMOD:35;TA=M;MT=Variable	NT=Acetyl;AC=UNIMOD:1;PP=Protein N-term;MT=Variable	NT=GG;AC=UNIMOD:121;TA=K;MT=Variable	NT=Phospho;AC=UNIMOD:21;TA=S,T,Y;MT=Variable	not available	20 ppm	NT=beam-type collision-induced dissociation;AC=MS:1000422	28 NCE	NT=orbitrap;AC=MS:1000484	375m/z-1500m/z	100m/z	1	39	proteome_Mix4	HF426_MSQ1504_ERusilowicz_20181130_Mix4_39.raw	https://ftp.pride.ebi.ac.uk/pride/data/archive/2020/07/PXD019692/HF426_MSQ1504_ERusilowicz_20181130_Mix4_39.raw	v1.1.0	NT=ms-proteomics;VV=v1.1.0	NT=human;VV=v1.1.0	NT=cell-lines;VV=v1.1.0	USP30 wild type	FT385
PXD019692_Exp4_light	Homo sapiens	bone marrow	SH-SY5Y	CVCL_0019	Neuroblastoma	cell	not available	not available	not available	USP30 wild type	not applicable	DMSO	24 h	2	PXD019692_HF426_MSQ1504_ERusilowicz_20181130_Mix4_40	proteomic profiling by mass spectrometry	NT=Data-dependent acquisition;AC=PRIDE:0000627	NT=Q Exactive HF;AC=MS:1002523	NT=SILAC light;AC=PRIDE:0000326	NT=Trypsin;AC=MS:1001251	NT=Carbamidomethyl;AC=UNIMOD:4;TA=C;MT=Fixed	NT=Oxidation;AC=UNIMOD:35;TA=M;MT=Variable	NT=Acetyl;AC=UNIMOD:1;PP=Protein N-term;MT=Variable	NT=GG;AC=UNIMOD:121;TA=K;MT=Variable	NT=Phospho;AC=UNIMOD:21;TA=S,T,Y;MT=Variable	not available	20 ppm	NT=beam-type collision-induced dissociation;AC=MS:1000422	28 NCE	NT=orbitrap;AC=MS:1000484	375m/z-1500m/z	100m/z	1	40	proteome_Mix4	HF426_MSQ1504_ERusilowicz_20181130_Mix4_40.raw	https://ftp.pride.ebi.ac.uk/pride/data/archive/2020/07/PXD019692/HF426_MSQ1504_ERusilowicz_20181130_Mix4_40.raw	v1.1.0	NT=ms-proteomics;VV=v1.1.0	NT=human;VV=v1.1.0	NT=cell-lines;VV=v1.1.0	USP30 wild type	DMSO
PXD019692_Exp4_medium	Homo sapiens	bone marrow	SH-SY5Y	CVCL_0019	Neuroblastoma	cell	not available	not available	not available	USP30 knockout	KO11	DMSO	24 h	1	PXD019692_HF426_MSQ1504_ERusilowicz_20181130_Mix4_40	proteomic profiling by mass spectrometry	NT=Data-dependent acquisition;AC=PRIDE:0000627	NT=Q Exactive HF;AC=MS:1002523	NT=SILAC medium;AC=PRIDE:0000327	NT=Trypsin;AC=MS:1001251	NT=Carbamidomethyl;AC=UNIMOD:4;TA=C;MT=Fixed	NT=Oxidation;AC=UNIMOD:35;TA=M;MT=Variable	NT=Acetyl;AC=UNIMOD:1;PP=Protein N-term;MT=Variable	NT=GG;AC=UNIMOD:121;TA=K;MT=Variable	NT=Phospho;AC=UNIMOD:21;TA=S,T,Y;MT=Variable	not available	20 ppm	NT=beam-type collision-induced dissociation;AC=MS:1000422	28 NCE	NT=orbitrap;AC=MS:1000484	375m/z-1500m/z	100m/z	1	40	proteome_Mix4	HF426_MSQ1504_ERusilowicz_20181130_Mix4_40.raw	https://ftp.pride.ebi.ac.uk/pride/data/archive/2020/07/PXD019692/HF426_MSQ1504_ERusilowicz_20181130_Mix4_40.raw	v1.1.0	NT=ms-proteomics;VV=v1.1.0	NT=human;VV=v1.1.0	NT=cell-lines;VV=v1.1.0	USP30 knockout	DMSO
PXD019692_Exp4_heavy	Homo sapiens	bone marrow	SH-SY5Y	CVCL_0019	Neuroblastoma	cell	not available	not available	not available	USP30 wild type	not applicable	FT385	24 h	2	PXD019692_HF426_MSQ1504_ERusilowicz_20181130_Mix4_40	proteomic profiling by mass spectrometry	NT=Data-dependent acquisition;AC=PRIDE:0000627	NT=Q Exactive HF;AC=MS:1002523	NT=SILAC heavy;AC=PRIDE:0000325	NT=Trypsin;AC=MS:1001251	NT=Carbamidomethyl;AC=UNIMOD:4;TA=C;MT=Fixed	NT=Oxidation;AC=UNIMOD:35;TA=M;MT=Variable	NT=Acetyl;AC=UNIMOD:1;PP=Protein N-term;MT=Variable	NT=GG;AC=UNIMOD:121;TA=K;MT=Variable	NT=Phospho;AC=UNIMOD:21;TA=S,T,Y;MT=Variable	not available	20 ppm	NT=beam-type collision-induced dissociation;AC=MS:1000422	28 NCE	NT=orbitrap;AC=MS:1000484	375m/z-1500m/z	100m/z	1	40	proteome_Mix4	HF426_MSQ1504_ERusilowicz_20181130_Mix4_40.raw	https://ftp.pride.ebi.ac.uk/pride/data/archive/2020/07/PXD019692/HF426_MSQ1504_ERusilowicz_20181130_Mix4_40.raw	v1.1.0	NT=ms-proteomics;VV=v1.1.0	NT=human;VV=v1.1.0	NT=cell-lines;VV=v1.1.0	USP30 wild type	FT385
