source name	characteristics[organism]	characteristics[organism part]	characteristics[biological replicate]	characteristics[disease]	characteristics[material type]	characteristics[age]	characteristics[sex]	characteristics[cell line]	characteristics[cellosaurus accession]	characteristics[preparation]	assay name	technology type	comment[technical replicate]	comment[data file]	comment[sdrf version]	comment[sdrf template]	comment[sdrf template]	comment[sdrf template]	comment[sdrf annotation tool]	comment[proteomics data acquisition method]	comment[instrument]	comment[cleavage agent details]	comment[label]	comment[fraction identifier]	comment[precursor mass tolerance]	comment[fragment mass tolerance]	comment[modification parameters]	comment[modification parameters]	comment[modification parameters]	comment[modification parameters]	comment[modification parameters]	comment[sample preparation batch]	comment[file uri]	factor value[cell line]
SW480_A_IMAC1	Homo sapiens	not applicable	1	colon adenocarcinoma	cell line	51Y	male	SW480	CVCL_0546	IMAC1	2013-Nov_22_PPA_IMAC1_HLB1-5_R1_2uL	proteomic profiling by mass spectrometry	1	2013-Nov_22_PPA_IMAC1_HLB1-5_R1_2uL.raw	v1.1.0	NT=ms-proteomics;VV=v1.1.0	NT=human;VV=v1.1.0	NT=cell-lines;VV=v1.1.0	manual curation	NT=Data-dependent acquisition;AC=PRIDE:0000627	NT=Q Exactive;AC=MS:1001911	NT=Trypsin;AC=MS:1001251	SILAC light	1	5 ppm	100 ppm	NT=Carbamidomethyl;AC=UNIMOD:4;TA=C;MT=Fixed	NT=Oxidation;AC=UNIMOD:35;TA=M;MT=Variable	NT=Label:13C(6)15N(4);AC=UNIMOD:267;TA=R;MT=Variable	NT=Label:13C(6)15N(2);AC=UNIMOD:259;TA=K;MT=Variable	NT=Phospho;AC=UNIMOD:21;TA=S,T,Y;MT=Variable	IMAC digest batch	ftp://ftp.pride.ebi.ac.uk/pride/data/archive/2017/01/PXD003708/2013-Nov_22_PPA_IMAC1_HLB1-5_R1_2uL.raw	SW480
SW480_A_IMAC1	Homo sapiens	not applicable	1	colon adenocarcinoma	cell line	51Y	male	SW480	CVCL_0546	IMAC1	2013-Nov_22_PPA_IMAC1_HLB2-6_R1	proteomic profiling by mass spectrometry	1	2013-Nov_22_PPA_IMAC1_HLB2-6_R1.raw	v1.1.0	NT=ms-proteomics;VV=v1.1.0	NT=human;VV=v1.1.0	NT=cell-lines;VV=v1.1.0	manual curation	NT=Data-dependent acquisition;AC=PRIDE:0000627	NT=Q Exactive;AC=MS:1001911	NT=Trypsin;AC=MS:1001251	SILAC light	2	5 ppm	100 ppm	NT=Carbamidomethyl;AC=UNIMOD:4;TA=C;MT=Fixed	NT=Oxidation;AC=UNIMOD:35;TA=M;MT=Variable	NT=Label:13C(6)15N(4);AC=UNIMOD:267;TA=R;MT=Variable	NT=Label:13C(6)15N(2);AC=UNIMOD:259;TA=K;MT=Variable	NT=Phospho;AC=UNIMOD:21;TA=S,T,Y;MT=Variable	IMAC digest batch	ftp://ftp.pride.ebi.ac.uk/pride/data/archive/2017/01/PXD003708/2013-Nov_22_PPA_IMAC1_HLB2-6_R1.raw	SW480
SW480_A_IMAC1	Homo sapiens	not applicable	1	colon adenocarcinoma	cell line	51Y	male	SW480	CVCL_0546	IMAC1	2013-Nov_22_PPA_IMAC1_HLB3-7_R1	proteomic profiling by mass spectrometry	1	2013-Nov_22_PPA_IMAC1_HLB3-7_R1.raw	v1.1.0	NT=ms-proteomics;VV=v1.1.0	NT=human;VV=v1.1.0	NT=cell-lines;VV=v1.1.0	manual curation	NT=Data-dependent acquisition;AC=PRIDE:0000627	NT=Q Exactive;AC=MS:1001911	NT=Trypsin;AC=MS:1001251	SILAC light	3	5 ppm	100 ppm	NT=Carbamidomethyl;AC=UNIMOD:4;TA=C;MT=Fixed	NT=Oxidation;AC=UNIMOD:35;TA=M;MT=Variable	NT=Label:13C(6)15N(4);AC=UNIMOD:267;TA=R;MT=Variable	NT=Label:13C(6)15N(2);AC=UNIMOD:259;TA=K;MT=Variable	NT=Phospho;AC=UNIMOD:21;TA=S,T,Y;MT=Variable	IMAC digest batch	ftp://ftp.pride.ebi.ac.uk/pride/data/archive/2017/01/PXD003708/2013-Nov_22_PPA_IMAC1_HLB3-7_R1.raw	SW480
SW480_A_IMAC1	Homo sapiens	not applicable	1	colon adenocarcinoma	cell line	51Y	male	SW480	CVCL_0546	IMAC1	2013-Nov_22_PPA_IMAC1_HLB4-8_R1	proteomic profiling by mass spectrometry	1	2013-Nov_22_PPA_IMAC1_HLB4-8_R1.raw	v1.1.0	NT=ms-proteomics;VV=v1.1.0	NT=human;VV=v1.1.0	NT=cell-lines;VV=v1.1.0	manual curation	NT=Data-dependent acquisition;AC=PRIDE:0000627	NT=Q Exactive;AC=MS:1001911	NT=Trypsin;AC=MS:1001251	SILAC light	4	5 ppm	100 ppm	NT=Carbamidomethyl;AC=UNIMOD:4;TA=C;MT=Fixed	NT=Oxidation;AC=UNIMOD:35;TA=M;MT=Variable	NT=Label:13C(6)15N(4);AC=UNIMOD:267;TA=R;MT=Variable	NT=Label:13C(6)15N(2);AC=UNIMOD:259;TA=K;MT=Variable	NT=Phospho;AC=UNIMOD:21;TA=S,T,Y;MT=Variable	IMAC digest batch	ftp://ftp.pride.ebi.ac.uk/pride/data/archive/2017/01/PXD003708/2013-Nov_22_PPA_IMAC1_HLB4-8_R1.raw	SW480
SW620_A_IMAC1	Homo sapiens	not applicable	1	colon adenocarcinoma	cell line	51Y	male	SW620	CVCL_0547	IMAC1	2013-Nov_22_PPA_IMAC1_HLB1-5_R1_2uL	proteomic profiling by mass spectrometry	1	2013-Nov_22_PPA_IMAC1_HLB1-5_R1_2uL.raw	v1.1.0	NT=ms-proteomics;VV=v1.1.0	NT=human;VV=v1.1.0	NT=cell-lines;VV=v1.1.0	manual curation	NT=Data-dependent acquisition;AC=PRIDE:0000627	NT=Q Exactive;AC=MS:1001911	NT=Trypsin;AC=MS:1001251	SILAC heavy	1	5 ppm	100 ppm	NT=Carbamidomethyl;AC=UNIMOD:4;TA=C;MT=Fixed	NT=Oxidation;AC=UNIMOD:35;TA=M;MT=Variable	NT=Label:13C(6)15N(4);AC=UNIMOD:267;TA=R;MT=Variable	NT=Label:13C(6)15N(2);AC=UNIMOD:259;TA=K;MT=Variable	NT=Phospho;AC=UNIMOD:21;TA=S,T,Y;MT=Variable	IMAC digest batch	ftp://ftp.pride.ebi.ac.uk/pride/data/archive/2017/01/PXD003708/2013-Nov_22_PPA_IMAC1_HLB1-5_R1_2uL.raw	SW620
SW620_A_IMAC1	Homo sapiens	not applicable	1	colon adenocarcinoma	cell line	51Y	male	SW620	CVCL_0547	IMAC1	2013-Nov_22_PPA_IMAC1_HLB2-6_R1	proteomic profiling by mass spectrometry	1	2013-Nov_22_PPA_IMAC1_HLB2-6_R1.raw	v1.1.0	NT=ms-proteomics;VV=v1.1.0	NT=human;VV=v1.1.0	NT=cell-lines;VV=v1.1.0	manual curation	NT=Data-dependent acquisition;AC=PRIDE:0000627	NT=Q Exactive;AC=MS:1001911	NT=Trypsin;AC=MS:1001251	SILAC heavy	2	5 ppm	100 ppm	NT=Carbamidomethyl;AC=UNIMOD:4;TA=C;MT=Fixed	NT=Oxidation;AC=UNIMOD:35;TA=M;MT=Variable	NT=Label:13C(6)15N(4);AC=UNIMOD:267;TA=R;MT=Variable	NT=Label:13C(6)15N(2);AC=UNIMOD:259;TA=K;MT=Variable	NT=Phospho;AC=UNIMOD:21;TA=S,T,Y;MT=Variable	IMAC digest batch	ftp://ftp.pride.ebi.ac.uk/pride/data/archive/2017/01/PXD003708/2013-Nov_22_PPA_IMAC1_HLB2-6_R1.raw	SW620
SW620_A_IMAC1	Homo sapiens	not applicable	1	colon adenocarcinoma	cell line	51Y	male	SW620	CVCL_0547	IMAC1	2013-Nov_22_PPA_IMAC1_HLB3-7_R1	proteomic profiling by mass spectrometry	1	2013-Nov_22_PPA_IMAC1_HLB3-7_R1.raw	v1.1.0	NT=ms-proteomics;VV=v1.1.0	NT=human;VV=v1.1.0	NT=cell-lines;VV=v1.1.0	manual curation	NT=Data-dependent acquisition;AC=PRIDE:0000627	NT=Q Exactive;AC=MS:1001911	NT=Trypsin;AC=MS:1001251	SILAC heavy	3	5 ppm	100 ppm	NT=Carbamidomethyl;AC=UNIMOD:4;TA=C;MT=Fixed	NT=Oxidation;AC=UNIMOD:35;TA=M;MT=Variable	NT=Label:13C(6)15N(4);AC=UNIMOD:267;TA=R;MT=Variable	NT=Label:13C(6)15N(2);AC=UNIMOD:259;TA=K;MT=Variable	NT=Phospho;AC=UNIMOD:21;TA=S,T,Y;MT=Variable	IMAC digest batch	ftp://ftp.pride.ebi.ac.uk/pride/data/archive/2017/01/PXD003708/2013-Nov_22_PPA_IMAC1_HLB3-7_R1.raw	SW620
SW620_A_IMAC1	Homo sapiens	not applicable	1	colon adenocarcinoma	cell line	51Y	male	SW620	CVCL_0547	IMAC1	2013-Nov_22_PPA_IMAC1_HLB4-8_R1	proteomic profiling by mass spectrometry	1	2013-Nov_22_PPA_IMAC1_HLB4-8_R1.raw	v1.1.0	NT=ms-proteomics;VV=v1.1.0	NT=human;VV=v1.1.0	NT=cell-lines;VV=v1.1.0	manual curation	NT=Data-dependent acquisition;AC=PRIDE:0000627	NT=Q Exactive;AC=MS:1001911	NT=Trypsin;AC=MS:1001251	SILAC heavy	4	5 ppm	100 ppm	NT=Carbamidomethyl;AC=UNIMOD:4;TA=C;MT=Fixed	NT=Oxidation;AC=UNIMOD:35;TA=M;MT=Variable	NT=Label:13C(6)15N(4);AC=UNIMOD:267;TA=R;MT=Variable	NT=Label:13C(6)15N(2);AC=UNIMOD:259;TA=K;MT=Variable	NT=Phospho;AC=UNIMOD:21;TA=S,T,Y;MT=Variable	IMAC digest batch	ftp://ftp.pride.ebi.ac.uk/pride/data/archive/2017/01/PXD003708/2013-Nov_22_PPA_IMAC1_HLB4-8_R1.raw	SW620
SW480_A_IMAC1	Homo sapiens	not applicable	1	colon adenocarcinoma	cell line	51Y	male	SW480	CVCL_0546	IMAC1	2013-Nov_22_PPA_IMAC1_HLB1-5_R2	proteomic profiling by mass spectrometry	2	2013-Nov_22_PPA_IMAC1_HLB1-5_R2.raw	v1.1.0	NT=ms-proteomics;VV=v1.1.0	NT=human;VV=v1.1.0	NT=cell-lines;VV=v1.1.0	manual curation	NT=Data-dependent acquisition;AC=PRIDE:0000627	NT=Q Exactive;AC=MS:1001911	NT=Trypsin;AC=MS:1001251	SILAC light	1	5 ppm	100 ppm	NT=Carbamidomethyl;AC=UNIMOD:4;TA=C;MT=Fixed	NT=Oxidation;AC=UNIMOD:35;TA=M;MT=Variable	NT=Label:13C(6)15N(4);AC=UNIMOD:267;TA=R;MT=Variable	NT=Label:13C(6)15N(2);AC=UNIMOD:259;TA=K;MT=Variable	NT=Phospho;AC=UNIMOD:21;TA=S,T,Y;MT=Variable	IMAC digest batch	ftp://ftp.pride.ebi.ac.uk/pride/data/archive/2017/01/PXD003708/2013-Nov_22_PPA_IMAC1_HLB1-5_R2.raw	SW480
SW480_A_IMAC1	Homo sapiens	not applicable	1	colon adenocarcinoma	cell line	51Y	male	SW480	CVCL_0546	IMAC1	2013-Nov_22_PPA_IMAC1_HLB2-6_R2	proteomic profiling by mass spectrometry	2	2013-Nov_22_PPA_IMAC1_HLB2-6_R2.raw	v1.1.0	NT=ms-proteomics;VV=v1.1.0	NT=human;VV=v1.1.0	NT=cell-lines;VV=v1.1.0	manual curation	NT=Data-dependent acquisition;AC=PRIDE:0000627	NT=Q Exactive;AC=MS:1001911	NT=Trypsin;AC=MS:1001251	SILAC light	2	5 ppm	100 ppm	NT=Carbamidomethyl;AC=UNIMOD:4;TA=C;MT=Fixed	NT=Oxidation;AC=UNIMOD:35;TA=M;MT=Variable	NT=Label:13C(6)15N(4);AC=UNIMOD:267;TA=R;MT=Variable	NT=Label:13C(6)15N(2);AC=UNIMOD:259;TA=K;MT=Variable	NT=Phospho;AC=UNIMOD:21;TA=S,T,Y;MT=Variable	IMAC digest batch	ftp://ftp.pride.ebi.ac.uk/pride/data/archive/2017/01/PXD003708/2013-Nov_22_PPA_IMAC1_HLB2-6_R2.raw	SW480
SW480_A_IMAC1	Homo sapiens	not applicable	1	colon adenocarcinoma	cell line	51Y	male	SW480	CVCL_0546	IMAC1	2013-Nov_22_PPA_IMAC1_HLB3-7_R2	proteomic profiling by mass spectrometry	2	2013-Nov_22_PPA_IMAC1_HLB3-7_R2.raw	v1.1.0	NT=ms-proteomics;VV=v1.1.0	NT=human;VV=v1.1.0	NT=cell-lines;VV=v1.1.0	manual curation	NT=Data-dependent acquisition;AC=PRIDE:0000627	NT=Q Exactive;AC=MS:1001911	NT=Trypsin;AC=MS:1001251	SILAC light	3	5 ppm	100 ppm	NT=Carbamidomethyl;AC=UNIMOD:4;TA=C;MT=Fixed	NT=Oxidation;AC=UNIMOD:35;TA=M;MT=Variable	NT=Label:13C(6)15N(4);AC=UNIMOD:267;TA=R;MT=Variable	NT=Label:13C(6)15N(2);AC=UNIMOD:259;TA=K;MT=Variable	NT=Phospho;AC=UNIMOD:21;TA=S,T,Y;MT=Variable	IMAC digest batch	ftp://ftp.pride.ebi.ac.uk/pride/data/archive/2017/01/PXD003708/2013-Nov_22_PPA_IMAC1_HLB3-7_R2.raw	SW480
SW480_A_IMAC1	Homo sapiens	not applicable	1	colon adenocarcinoma	cell line	51Y	male	SW480	CVCL_0546	IMAC1	2013-Nov_22_PPA_IMAC1_HLB4-8_R2	proteomic profiling by mass spectrometry	2	2013-Nov_22_PPA_IMAC1_HLB4-8_R2.raw	v1.1.0	NT=ms-proteomics;VV=v1.1.0	NT=human;VV=v1.1.0	NT=cell-lines;VV=v1.1.0	manual curation	NT=Data-dependent acquisition;AC=PRIDE:0000627	NT=Q Exactive;AC=MS:1001911	NT=Trypsin;AC=MS:1001251	SILAC light	4	5 ppm	100 ppm	NT=Carbamidomethyl;AC=UNIMOD:4;TA=C;MT=Fixed	NT=Oxidation;AC=UNIMOD:35;TA=M;MT=Variable	NT=Label:13C(6)15N(4);AC=UNIMOD:267;TA=R;MT=Variable	NT=Label:13C(6)15N(2);AC=UNIMOD:259;TA=K;MT=Variable	NT=Phospho;AC=UNIMOD:21;TA=S,T,Y;MT=Variable	IMAC digest batch	ftp://ftp.pride.ebi.ac.uk/pride/data/archive/2017/01/PXD003708/2013-Nov_22_PPA_IMAC1_HLB4-8_R2.raw	SW480
SW620_A_IMAC1	Homo sapiens	not applicable	1	colon adenocarcinoma	cell line	51Y	male	SW620	CVCL_0547	IMAC1	2013-Nov_22_PPA_IMAC1_HLB1-5_R2	proteomic profiling by mass spectrometry	2	2013-Nov_22_PPA_IMAC1_HLB1-5_R2.raw	v1.1.0	NT=ms-proteomics;VV=v1.1.0	NT=human;VV=v1.1.0	NT=cell-lines;VV=v1.1.0	manual curation	NT=Data-dependent acquisition;AC=PRIDE:0000627	NT=Q Exactive;AC=MS:1001911	NT=Trypsin;AC=MS:1001251	SILAC heavy	1	5 ppm	100 ppm	NT=Carbamidomethyl;AC=UNIMOD:4;TA=C;MT=Fixed	NT=Oxidation;AC=UNIMOD:35;TA=M;MT=Variable	NT=Label:13C(6)15N(4);AC=UNIMOD:267;TA=R;MT=Variable	NT=Label:13C(6)15N(2);AC=UNIMOD:259;TA=K;MT=Variable	NT=Phospho;AC=UNIMOD:21;TA=S,T,Y;MT=Variable	IMAC digest batch	ftp://ftp.pride.ebi.ac.uk/pride/data/archive/2017/01/PXD003708/2013-Nov_22_PPA_IMAC1_HLB1-5_R2.raw	SW620
SW620_A_IMAC1	Homo sapiens	not applicable	1	colon adenocarcinoma	cell line	51Y	male	SW620	CVCL_0547	IMAC1	2013-Nov_22_PPA_IMAC1_HLB2-6_R2	proteomic profiling by mass spectrometry	2	2013-Nov_22_PPA_IMAC1_HLB2-6_R2.raw	v1.1.0	NT=ms-proteomics;VV=v1.1.0	NT=human;VV=v1.1.0	NT=cell-lines;VV=v1.1.0	manual curation	NT=Data-dependent acquisition;AC=PRIDE:0000627	NT=Q Exactive;AC=MS:1001911	NT=Trypsin;AC=MS:1001251	SILAC heavy	2	5 ppm	100 ppm	NT=Carbamidomethyl;AC=UNIMOD:4;TA=C;MT=Fixed	NT=Oxidation;AC=UNIMOD:35;TA=M;MT=Variable	NT=Label:13C(6)15N(4);AC=UNIMOD:267;TA=R;MT=Variable	NT=Label:13C(6)15N(2);AC=UNIMOD:259;TA=K;MT=Variable	NT=Phospho;AC=UNIMOD:21;TA=S,T,Y;MT=Variable	IMAC digest batch	ftp://ftp.pride.ebi.ac.uk/pride/data/archive/2017/01/PXD003708/2013-Nov_22_PPA_IMAC1_HLB2-6_R2.raw	SW620
SW620_A_IMAC1	Homo sapiens	not applicable	1	colon adenocarcinoma	cell line	51Y	male	SW620	CVCL_0547	IMAC1	2013-Nov_22_PPA_IMAC1_HLB3-7_R2	proteomic profiling by mass spectrometry	2	2013-Nov_22_PPA_IMAC1_HLB3-7_R2.raw	v1.1.0	NT=ms-proteomics;VV=v1.1.0	NT=human;VV=v1.1.0	NT=cell-lines;VV=v1.1.0	manual curation	NT=Data-dependent acquisition;AC=PRIDE:0000627	NT=Q Exactive;AC=MS:1001911	NT=Trypsin;AC=MS:1001251	SILAC heavy	3	5 ppm	100 ppm	NT=Carbamidomethyl;AC=UNIMOD:4;TA=C;MT=Fixed	NT=Oxidation;AC=UNIMOD:35;TA=M;MT=Variable	NT=Label:13C(6)15N(4);AC=UNIMOD:267;TA=R;MT=Variable	NT=Label:13C(6)15N(2);AC=UNIMOD:259;TA=K;MT=Variable	NT=Phospho;AC=UNIMOD:21;TA=S,T,Y;MT=Variable	IMAC digest batch	ftp://ftp.pride.ebi.ac.uk/pride/data/archive/2017/01/PXD003708/2013-Nov_22_PPA_IMAC1_HLB3-7_R2.raw	SW620
SW620_A_IMAC1	Homo sapiens	not applicable	1	colon adenocarcinoma	cell line	51Y	male	SW620	CVCL_0547	IMAC1	2013-Nov_22_PPA_IMAC1_HLB4-8_R2	proteomic profiling by mass spectrometry	2	2013-Nov_22_PPA_IMAC1_HLB4-8_R2.raw	v1.1.0	NT=ms-proteomics;VV=v1.1.0	NT=human;VV=v1.1.0	NT=cell-lines;VV=v1.1.0	manual curation	NT=Data-dependent acquisition;AC=PRIDE:0000627	NT=Q Exactive;AC=MS:1001911	NT=Trypsin;AC=MS:1001251	SILAC heavy	4	5 ppm	100 ppm	NT=Carbamidomethyl;AC=UNIMOD:4;TA=C;MT=Fixed	NT=Oxidation;AC=UNIMOD:35;TA=M;MT=Variable	NT=Label:13C(6)15N(4);AC=UNIMOD:267;TA=R;MT=Variable	NT=Label:13C(6)15N(2);AC=UNIMOD:259;TA=K;MT=Variable	NT=Phospho;AC=UNIMOD:21;TA=S,T,Y;MT=Variable	IMAC digest batch	ftp://ftp.pride.ebi.ac.uk/pride/data/archive/2017/01/PXD003708/2013-Nov_22_PPA_IMAC1_HLB4-8_R2.raw	SW620
SW480_A_IMAC2-3	Homo sapiens	not applicable	1	colon adenocarcinoma	cell line	51Y	male	SW480	CVCL_0546	IMAC2-3	2013-Nov_22_PPA_IMAC2-3_HLB1-5_R1	proteomic profiling by mass spectrometry	1	2013-Nov_22_PPA_IMAC2-3_HLB1-5_R1.raw	v1.1.0	NT=ms-proteomics;VV=v1.1.0	NT=human;VV=v1.1.0	NT=cell-lines;VV=v1.1.0	manual curation	NT=Data-dependent acquisition;AC=PRIDE:0000627	NT=Q Exactive;AC=MS:1001911	NT=Trypsin;AC=MS:1001251	SILAC light	1	5 ppm	100 ppm	NT=Carbamidomethyl;AC=UNIMOD:4;TA=C;MT=Fixed	NT=Oxidation;AC=UNIMOD:35;TA=M;MT=Variable	NT=Label:13C(6)15N(4);AC=UNIMOD:267;TA=R;MT=Variable	NT=Label:13C(6)15N(2);AC=UNIMOD:259;TA=K;MT=Variable	NT=Phospho;AC=UNIMOD:21;TA=S,T,Y;MT=Variable	IMAC digest batch	ftp://ftp.pride.ebi.ac.uk/pride/data/archive/2017/01/PXD003708/2013-Nov_22_PPA_IMAC2-3_HLB1-5_R1.raw	SW480
SW480_A_IMAC2-3	Homo sapiens	not applicable	1	colon adenocarcinoma	cell line	51Y	male	SW480	CVCL_0546	IMAC2-3	2013-Nov_22_PPA_IMAC2-3_HLB2-6_R1	proteomic profiling by mass spectrometry	1	2013-Nov_22_PPA_IMAC2-3_HLB2-6_R1.raw	v1.1.0	NT=ms-proteomics;VV=v1.1.0	NT=human;VV=v1.1.0	NT=cell-lines;VV=v1.1.0	manual curation	NT=Data-dependent acquisition;AC=PRIDE:0000627	NT=Q Exactive;AC=MS:1001911	NT=Trypsin;AC=MS:1001251	SILAC light	2	5 ppm	100 ppm	NT=Carbamidomethyl;AC=UNIMOD:4;TA=C;MT=Fixed	NT=Oxidation;AC=UNIMOD:35;TA=M;MT=Variable	NT=Label:13C(6)15N(4);AC=UNIMOD:267;TA=R;MT=Variable	NT=Label:13C(6)15N(2);AC=UNIMOD:259;TA=K;MT=Variable	NT=Phospho;AC=UNIMOD:21;TA=S,T,Y;MT=Variable	IMAC digest batch	ftp://ftp.pride.ebi.ac.uk/pride/data/archive/2017/01/PXD003708/2013-Nov_22_PPA_IMAC2-3_HLB2-6_R1.raw	SW480
SW480_A_IMAC2-3	Homo sapiens	not applicable	1	colon adenocarcinoma	cell line	51Y	male	SW480	CVCL_0546	IMAC2-3	2013-Nov_22_PPA_IMAC2-3_HLB3-7_R1	proteomic profiling by mass spectrometry	1	2013-Nov_22_PPA_IMAC2-3_HLB3-7_R1.raw	v1.1.0	NT=ms-proteomics;VV=v1.1.0	NT=human;VV=v1.1.0	NT=cell-lines;VV=v1.1.0	manual curation	NT=Data-dependent acquisition;AC=PRIDE:0000627	NT=Q Exactive;AC=MS:1001911	NT=Trypsin;AC=MS:1001251	SILAC light	3	5 ppm	100 ppm	NT=Carbamidomethyl;AC=UNIMOD:4;TA=C;MT=Fixed	NT=Oxidation;AC=UNIMOD:35;TA=M;MT=Variable	NT=Label:13C(6)15N(4);AC=UNIMOD:267;TA=R;MT=Variable	NT=Label:13C(6)15N(2);AC=UNIMOD:259;TA=K;MT=Variable	NT=Phospho;AC=UNIMOD:21;TA=S,T,Y;MT=Variable	IMAC digest batch	ftp://ftp.pride.ebi.ac.uk/pride/data/archive/2017/01/PXD003708/2013-Nov_22_PPA_IMAC2-3_HLB3-7_R1.raw	SW480
SW480_A_IMAC2-3	Homo sapiens	not applicable	1	colon adenocarcinoma	cell line	51Y	male	SW480	CVCL_0546	IMAC2-3	2013-Nov_22_PPA_IMAC2-3_HLB4-8_R1	proteomic profiling by mass spectrometry	1	2013-Nov_22_PPA_IMAC2-3_HLB4-8_R1.raw	v1.1.0	NT=ms-proteomics;VV=v1.1.0	NT=human;VV=v1.1.0	NT=cell-lines;VV=v1.1.0	manual curation	NT=Data-dependent acquisition;AC=PRIDE:0000627	NT=Q Exactive;AC=MS:1001911	NT=Trypsin;AC=MS:1001251	SILAC light	4	5 ppm	100 ppm	NT=Carbamidomethyl;AC=UNIMOD:4;TA=C;MT=Fixed	NT=Oxidation;AC=UNIMOD:35;TA=M;MT=Variable	NT=Label:13C(6)15N(4);AC=UNIMOD:267;TA=R;MT=Variable	NT=Label:13C(6)15N(2);AC=UNIMOD:259;TA=K;MT=Variable	NT=Phospho;AC=UNIMOD:21;TA=S,T,Y;MT=Variable	IMAC digest batch	ftp://ftp.pride.ebi.ac.uk/pride/data/archive/2017/01/PXD003708/2013-Nov_22_PPA_IMAC2-3_HLB4-8_R1.raw	SW480
SW620_A_IMAC2-3	Homo sapiens	not applicable	1	colon adenocarcinoma	cell line	51Y	male	SW620	CVCL_0547	IMAC2-3	2013-Nov_22_PPA_IMAC2-3_HLB1-5_R1	proteomic profiling by mass spectrometry	1	2013-Nov_22_PPA_IMAC2-3_HLB1-5_R1.raw	v1.1.0	NT=ms-proteomics;VV=v1.1.0	NT=human;VV=v1.1.0	NT=cell-lines;VV=v1.1.0	manual curation	NT=Data-dependent acquisition;AC=PRIDE:0000627	NT=Q Exactive;AC=MS:1001911	NT=Trypsin;AC=MS:1001251	SILAC heavy	1	5 ppm	100 ppm	NT=Carbamidomethyl;AC=UNIMOD:4;TA=C;MT=Fixed	NT=Oxidation;AC=UNIMOD:35;TA=M;MT=Variable	NT=Label:13C(6)15N(4);AC=UNIMOD:267;TA=R;MT=Variable	NT=Label:13C(6)15N(2);AC=UNIMOD:259;TA=K;MT=Variable	NT=Phospho;AC=UNIMOD:21;TA=S,T,Y;MT=Variable	IMAC digest batch	ftp://ftp.pride.ebi.ac.uk/pride/data/archive/2017/01/PXD003708/2013-Nov_22_PPA_IMAC2-3_HLB1-5_R1.raw	SW620
SW620_A_IMAC2-3	Homo sapiens	not applicable	1	colon adenocarcinoma	cell line	51Y	male	SW620	CVCL_0547	IMAC2-3	2013-Nov_22_PPA_IMAC2-3_HLB2-6_R1	proteomic profiling by mass spectrometry	1	2013-Nov_22_PPA_IMAC2-3_HLB2-6_R1.raw	v1.1.0	NT=ms-proteomics;VV=v1.1.0	NT=human;VV=v1.1.0	NT=cell-lines;VV=v1.1.0	manual curation	NT=Data-dependent acquisition;AC=PRIDE:0000627	NT=Q Exactive;AC=MS:1001911	NT=Trypsin;AC=MS:1001251	SILAC heavy	2	5 ppm	100 ppm	NT=Carbamidomethyl;AC=UNIMOD:4;TA=C;MT=Fixed	NT=Oxidation;AC=UNIMOD:35;TA=M;MT=Variable	NT=Label:13C(6)15N(4);AC=UNIMOD:267;TA=R;MT=Variable	NT=Label:13C(6)15N(2);AC=UNIMOD:259;TA=K;MT=Variable	NT=Phospho;AC=UNIMOD:21;TA=S,T,Y;MT=Variable	IMAC digest batch	ftp://ftp.pride.ebi.ac.uk/pride/data/archive/2017/01/PXD003708/2013-Nov_22_PPA_IMAC2-3_HLB2-6_R1.raw	SW620
SW620_A_IMAC2-3	Homo sapiens	not applicable	1	colon adenocarcinoma	cell line	51Y	male	SW620	CVCL_0547	IMAC2-3	2013-Nov_22_PPA_IMAC2-3_HLB3-7_R1	proteomic profiling by mass spectrometry	1	2013-Nov_22_PPA_IMAC2-3_HLB3-7_R1.raw	v1.1.0	NT=ms-proteomics;VV=v1.1.0	NT=human;VV=v1.1.0	NT=cell-lines;VV=v1.1.0	manual curation	NT=Data-dependent acquisition;AC=PRIDE:0000627	NT=Q Exactive;AC=MS:1001911	NT=Trypsin;AC=MS:1001251	SILAC heavy	3	5 ppm	100 ppm	NT=Carbamidomethyl;AC=UNIMOD:4;TA=C;MT=Fixed	NT=Oxidation;AC=UNIMOD:35;TA=M;MT=Variable	NT=Label:13C(6)15N(4);AC=UNIMOD:267;TA=R;MT=Variable	NT=Label:13C(6)15N(2);AC=UNIMOD:259;TA=K;MT=Variable	NT=Phospho;AC=UNIMOD:21;TA=S,T,Y;MT=Variable	IMAC digest batch	ftp://ftp.pride.ebi.ac.uk/pride/data/archive/2017/01/PXD003708/2013-Nov_22_PPA_IMAC2-3_HLB3-7_R1.raw	SW620
SW620_A_IMAC2-3	Homo sapiens	not applicable	1	colon adenocarcinoma	cell line	51Y	male	SW620	CVCL_0547	IMAC2-3	2013-Nov_22_PPA_IMAC2-3_HLB4-8_R1	proteomic profiling by mass spectrometry	1	2013-Nov_22_PPA_IMAC2-3_HLB4-8_R1.raw	v1.1.0	NT=ms-proteomics;VV=v1.1.0	NT=human;VV=v1.1.0	NT=cell-lines;VV=v1.1.0	manual curation	NT=Data-dependent acquisition;AC=PRIDE:0000627	NT=Q Exactive;AC=MS:1001911	NT=Trypsin;AC=MS:1001251	SILAC heavy	4	5 ppm	100 ppm	NT=Carbamidomethyl;AC=UNIMOD:4;TA=C;MT=Fixed	NT=Oxidation;AC=UNIMOD:35;TA=M;MT=Variable	NT=Label:13C(6)15N(4);AC=UNIMOD:267;TA=R;MT=Variable	NT=Label:13C(6)15N(2);AC=UNIMOD:259;TA=K;MT=Variable	NT=Phospho;AC=UNIMOD:21;TA=S,T,Y;MT=Variable	IMAC digest batch	ftp://ftp.pride.ebi.ac.uk/pride/data/archive/2017/01/PXD003708/2013-Nov_22_PPA_IMAC2-3_HLB4-8_R1.raw	SW620
SW480_A_IMAC2-3	Homo sapiens	not applicable	1	colon adenocarcinoma	cell line	51Y	male	SW480	CVCL_0546	IMAC2-3	2013-Nov_22_PPA_IMAC2-3_HLB1-5_R2	proteomic profiling by mass spectrometry	2	2013-Nov_22_PPA_IMAC2-3_HLB1-5_R2.raw	v1.1.0	NT=ms-proteomics;VV=v1.1.0	NT=human;VV=v1.1.0	NT=cell-lines;VV=v1.1.0	manual curation	NT=Data-dependent acquisition;AC=PRIDE:0000627	NT=Q Exactive;AC=MS:1001911	NT=Trypsin;AC=MS:1001251	SILAC light	1	5 ppm	100 ppm	NT=Carbamidomethyl;AC=UNIMOD:4;TA=C;MT=Fixed	NT=Oxidation;AC=UNIMOD:35;TA=M;MT=Variable	NT=Label:13C(6)15N(4);AC=UNIMOD:267;TA=R;MT=Variable	NT=Label:13C(6)15N(2);AC=UNIMOD:259;TA=K;MT=Variable	NT=Phospho;AC=UNIMOD:21;TA=S,T,Y;MT=Variable	IMAC digest batch	ftp://ftp.pride.ebi.ac.uk/pride/data/archive/2017/01/PXD003708/2013-Nov_22_PPA_IMAC2-3_HLB1-5_R2.raw	SW480
SW480_A_IMAC2-3	Homo sapiens	not applicable	1	colon adenocarcinoma	cell line	51Y	male	SW480	CVCL_0546	IMAC2-3	2013-Nov_22_PPA_IMAC2-3_HLB2-6_R2	proteomic profiling by mass spectrometry	2	2013-Nov_22_PPA_IMAC2-3_HLB2-6_R2.raw	v1.1.0	NT=ms-proteomics;VV=v1.1.0	NT=human;VV=v1.1.0	NT=cell-lines;VV=v1.1.0	manual curation	NT=Data-dependent acquisition;AC=PRIDE:0000627	NT=Q Exactive;AC=MS:1001911	NT=Trypsin;AC=MS:1001251	SILAC light	2	5 ppm	100 ppm	NT=Carbamidomethyl;AC=UNIMOD:4;TA=C;MT=Fixed	NT=Oxidation;AC=UNIMOD:35;TA=M;MT=Variable	NT=Label:13C(6)15N(4);AC=UNIMOD:267;TA=R;MT=Variable	NT=Label:13C(6)15N(2);AC=UNIMOD:259;TA=K;MT=Variable	NT=Phospho;AC=UNIMOD:21;TA=S,T,Y;MT=Variable	IMAC digest batch	ftp://ftp.pride.ebi.ac.uk/pride/data/archive/2017/01/PXD003708/2013-Nov_22_PPA_IMAC2-3_HLB2-6_R2.raw	SW480
SW480_A_IMAC2-3	Homo sapiens	not applicable	1	colon adenocarcinoma	cell line	51Y	male	SW480	CVCL_0546	IMAC2-3	2013-Nov_22_PPA_IMAC2-3_HLB3-7_R2	proteomic profiling by mass spectrometry	2	2013-Nov_22_PPA_IMAC2-3_HLB3-7_R2.raw	v1.1.0	NT=ms-proteomics;VV=v1.1.0	NT=human;VV=v1.1.0	NT=cell-lines;VV=v1.1.0	manual curation	NT=Data-dependent acquisition;AC=PRIDE:0000627	NT=Q Exactive;AC=MS:1001911	NT=Trypsin;AC=MS:1001251	SILAC light	3	5 ppm	100 ppm	NT=Carbamidomethyl;AC=UNIMOD:4;TA=C;MT=Fixed	NT=Oxidation;AC=UNIMOD:35;TA=M;MT=Variable	NT=Label:13C(6)15N(4);AC=UNIMOD:267;TA=R;MT=Variable	NT=Label:13C(6)15N(2);AC=UNIMOD:259;TA=K;MT=Variable	NT=Phospho;AC=UNIMOD:21;TA=S,T,Y;MT=Variable	IMAC digest batch	ftp://ftp.pride.ebi.ac.uk/pride/data/archive/2017/01/PXD003708/2013-Nov_22_PPA_IMAC2-3_HLB3-7_R2.raw	SW480
SW480_A_IMAC2-3	Homo sapiens	not applicable	1	colon adenocarcinoma	cell line	51Y	male	SW480	CVCL_0546	IMAC2-3	2013-Nov_22_PPA_IMAC2-3_HLB4-8_R2	proteomic profiling by mass spectrometry	2	2013-Nov_22_PPA_IMAC2-3_HLB4-8_R2.raw	v1.1.0	NT=ms-proteomics;VV=v1.1.0	NT=human;VV=v1.1.0	NT=cell-lines;VV=v1.1.0	manual curation	NT=Data-dependent acquisition;AC=PRIDE:0000627	NT=Q Exactive;AC=MS:1001911	NT=Trypsin;AC=MS:1001251	SILAC light	4	5 ppm	100 ppm	NT=Carbamidomethyl;AC=UNIMOD:4;TA=C;MT=Fixed	NT=Oxidation;AC=UNIMOD:35;TA=M;MT=Variable	NT=Label:13C(6)15N(4);AC=UNIMOD:267;TA=R;MT=Variable	NT=Label:13C(6)15N(2);AC=UNIMOD:259;TA=K;MT=Variable	NT=Phospho;AC=UNIMOD:21;TA=S,T,Y;MT=Variable	IMAC digest batch	ftp://ftp.pride.ebi.ac.uk/pride/data/archive/2017/01/PXD003708/2013-Nov_22_PPA_IMAC2-3_HLB4-8_R2.raw	SW480
SW620_A_IMAC2-3	Homo sapiens	not applicable	1	colon adenocarcinoma	cell line	51Y	male	SW620	CVCL_0547	IMAC2-3	2013-Nov_22_PPA_IMAC2-3_HLB1-5_R2	proteomic profiling by mass spectrometry	2	2013-Nov_22_PPA_IMAC2-3_HLB1-5_R2.raw	v1.1.0	NT=ms-proteomics;VV=v1.1.0	NT=human;VV=v1.1.0	NT=cell-lines;VV=v1.1.0	manual curation	NT=Data-dependent acquisition;AC=PRIDE:0000627	NT=Q Exactive;AC=MS:1001911	NT=Trypsin;AC=MS:1001251	SILAC heavy	1	5 ppm	100 ppm	NT=Carbamidomethyl;AC=UNIMOD:4;TA=C;MT=Fixed	NT=Oxidation;AC=UNIMOD:35;TA=M;MT=Variable	NT=Label:13C(6)15N(4);AC=UNIMOD:267;TA=R;MT=Variable	NT=Label:13C(6)15N(2);AC=UNIMOD:259;TA=K;MT=Variable	NT=Phospho;AC=UNIMOD:21;TA=S,T,Y;MT=Variable	IMAC digest batch	ftp://ftp.pride.ebi.ac.uk/pride/data/archive/2017/01/PXD003708/2013-Nov_22_PPA_IMAC2-3_HLB1-5_R2.raw	SW620
SW620_A_IMAC2-3	Homo sapiens	not applicable	1	colon adenocarcinoma	cell line	51Y	male	SW620	CVCL_0547	IMAC2-3	2013-Nov_22_PPA_IMAC2-3_HLB2-6_R2	proteomic profiling by mass spectrometry	2	2013-Nov_22_PPA_IMAC2-3_HLB2-6_R2.raw	v1.1.0	NT=ms-proteomics;VV=v1.1.0	NT=human;VV=v1.1.0	NT=cell-lines;VV=v1.1.0	manual curation	NT=Data-dependent acquisition;AC=PRIDE:0000627	NT=Q Exactive;AC=MS:1001911	NT=Trypsin;AC=MS:1001251	SILAC heavy	2	5 ppm	100 ppm	NT=Carbamidomethyl;AC=UNIMOD:4;TA=C;MT=Fixed	NT=Oxidation;AC=UNIMOD:35;TA=M;MT=Variable	NT=Label:13C(6)15N(4);AC=UNIMOD:267;TA=R;MT=Variable	NT=Label:13C(6)15N(2);AC=UNIMOD:259;TA=K;MT=Variable	NT=Phospho;AC=UNIMOD:21;TA=S,T,Y;MT=Variable	IMAC digest batch	ftp://ftp.pride.ebi.ac.uk/pride/data/archive/2017/01/PXD003708/2013-Nov_22_PPA_IMAC2-3_HLB2-6_R2.raw	SW620
SW620_A_IMAC2-3	Homo sapiens	not applicable	1	colon adenocarcinoma	cell line	51Y	male	SW620	CVCL_0547	IMAC2-3	2013-Nov_22_PPA_IMAC2-3_HLB3-7_R2	proteomic profiling by mass spectrometry	2	2013-Nov_22_PPA_IMAC2-3_HLB3-7_R2.raw	v1.1.0	NT=ms-proteomics;VV=v1.1.0	NT=human;VV=v1.1.0	NT=cell-lines;VV=v1.1.0	manual curation	NT=Data-dependent acquisition;AC=PRIDE:0000627	NT=Q Exactive;AC=MS:1001911	NT=Trypsin;AC=MS:1001251	SILAC heavy	3	5 ppm	100 ppm	NT=Carbamidomethyl;AC=UNIMOD:4;TA=C;MT=Fixed	NT=Oxidation;AC=UNIMOD:35;TA=M;MT=Variable	NT=Label:13C(6)15N(4);AC=UNIMOD:267;TA=R;MT=Variable	NT=Label:13C(6)15N(2);AC=UNIMOD:259;TA=K;MT=Variable	NT=Phospho;AC=UNIMOD:21;TA=S,T,Y;MT=Variable	IMAC digest batch	ftp://ftp.pride.ebi.ac.uk/pride/data/archive/2017/01/PXD003708/2013-Nov_22_PPA_IMAC2-3_HLB3-7_R2.raw	SW620
SW620_A_IMAC2-3	Homo sapiens	not applicable	1	colon adenocarcinoma	cell line	51Y	male	SW620	CVCL_0547	IMAC2-3	2013-Nov_22_PPA_IMAC2-3_HLB4-8_R2	proteomic profiling by mass spectrometry	2	2013-Nov_22_PPA_IMAC2-3_HLB4-8_R2.raw	v1.1.0	NT=ms-proteomics;VV=v1.1.0	NT=human;VV=v1.1.0	NT=cell-lines;VV=v1.1.0	manual curation	NT=Data-dependent acquisition;AC=PRIDE:0000627	NT=Q Exactive;AC=MS:1001911	NT=Trypsin;AC=MS:1001251	SILAC heavy	4	5 ppm	100 ppm	NT=Carbamidomethyl;AC=UNIMOD:4;TA=C;MT=Fixed	NT=Oxidation;AC=UNIMOD:35;TA=M;MT=Variable	NT=Label:13C(6)15N(4);AC=UNIMOD:267;TA=R;MT=Variable	NT=Label:13C(6)15N(2);AC=UNIMOD:259;TA=K;MT=Variable	NT=Phospho;AC=UNIMOD:21;TA=S,T,Y;MT=Variable	IMAC digest batch	ftp://ftp.pride.ebi.ac.uk/pride/data/archive/2017/01/PXD003708/2013-Nov_22_PPA_IMAC2-3_HLB4-8_R2.raw	SW620
SW480_A_IMAC_nonenriched	Homo sapiens	not applicable	1	colon adenocarcinoma	cell line	51Y	male	SW480	CVCL_0546	IMAC_nonenriched	2013-Nov_22_NPA_HLB2_R1	proteomic profiling by mass spectrometry	1	2013-Nov_22_NPA_HLB2_R1.raw	v1.1.0	NT=ms-proteomics;VV=v1.1.0	NT=human;VV=v1.1.0	NT=cell-lines;VV=v1.1.0	manual curation	NT=Data-dependent acquisition;AC=PRIDE:0000627	NT=Q Exactive;AC=MS:1001911	NT=Trypsin;AC=MS:1001251	SILAC light	2	5 ppm	100 ppm	NT=Carbamidomethyl;AC=UNIMOD:4;TA=C;MT=Fixed	NT=Oxidation;AC=UNIMOD:35;TA=M;MT=Variable	NT=Label:13C(6)15N(4);AC=UNIMOD:267;TA=R;MT=Variable	NT=Label:13C(6)15N(2);AC=UNIMOD:259;TA=K;MT=Variable	not applicable	IMAC digest batch	ftp://ftp.pride.ebi.ac.uk/pride/data/archive/2017/01/PXD003708/2013-Nov_22_NPA_HLB2_R1.raw	SW480
SW480_A_IMAC_nonenriched	Homo sapiens	not applicable	1	colon adenocarcinoma	cell line	51Y	male	SW480	CVCL_0546	IMAC_nonenriched	2013-Nov_22_NPA_HLB3_R1	proteomic profiling by mass spectrometry	1	2013-Nov_22_NPA_HLB3_R1.raw	v1.1.0	NT=ms-proteomics;VV=v1.1.0	NT=human;VV=v1.1.0	NT=cell-lines;VV=v1.1.0	manual curation	NT=Data-dependent acquisition;AC=PRIDE:0000627	NT=Q Exactive;AC=MS:1001911	NT=Trypsin;AC=MS:1001251	SILAC light	3	5 ppm	100 ppm	NT=Carbamidomethyl;AC=UNIMOD:4;TA=C;MT=Fixed	NT=Oxidation;AC=UNIMOD:35;TA=M;MT=Variable	NT=Label:13C(6)15N(4);AC=UNIMOD:267;TA=R;MT=Variable	NT=Label:13C(6)15N(2);AC=UNIMOD:259;TA=K;MT=Variable	not applicable	IMAC digest batch	ftp://ftp.pride.ebi.ac.uk/pride/data/archive/2017/01/PXD003708/2013-Nov_22_NPA_HLB3_R1.raw	SW480
SW480_A_IMAC_nonenriched	Homo sapiens	not applicable	1	colon adenocarcinoma	cell line	51Y	male	SW480	CVCL_0546	IMAC_nonenriched	2013-Nov_22_NPA_HLB4_R1	proteomic profiling by mass spectrometry	1	2013-Nov_22_NPA_HLB4_R1.raw	v1.1.0	NT=ms-proteomics;VV=v1.1.0	NT=human;VV=v1.1.0	NT=cell-lines;VV=v1.1.0	manual curation	NT=Data-dependent acquisition;AC=PRIDE:0000627	NT=Q Exactive;AC=MS:1001911	NT=Trypsin;AC=MS:1001251	SILAC light	4	5 ppm	100 ppm	NT=Carbamidomethyl;AC=UNIMOD:4;TA=C;MT=Fixed	NT=Oxidation;AC=UNIMOD:35;TA=M;MT=Variable	NT=Label:13C(6)15N(4);AC=UNIMOD:267;TA=R;MT=Variable	NT=Label:13C(6)15N(2);AC=UNIMOD:259;TA=K;MT=Variable	not applicable	IMAC digest batch	ftp://ftp.pride.ebi.ac.uk/pride/data/archive/2017/01/PXD003708/2013-Nov_22_NPA_HLB4_R1.raw	SW480
SW480_A_IMAC_nonenriched	Homo sapiens	not applicable	1	colon adenocarcinoma	cell line	51Y	male	SW480	CVCL_0546	IMAC_nonenriched	2013-Nov_22_NPA_HLB5_R1	proteomic profiling by mass spectrometry	1	2013-Nov_22_NPA_HLB5_R1.raw	v1.1.0	NT=ms-proteomics;VV=v1.1.0	NT=human;VV=v1.1.0	NT=cell-lines;VV=v1.1.0	manual curation	NT=Data-dependent acquisition;AC=PRIDE:0000627	NT=Q Exactive;AC=MS:1001911	NT=Trypsin;AC=MS:1001251	SILAC light	5	5 ppm	100 ppm	NT=Carbamidomethyl;AC=UNIMOD:4;TA=C;MT=Fixed	NT=Oxidation;AC=UNIMOD:35;TA=M;MT=Variable	NT=Label:13C(6)15N(4);AC=UNIMOD:267;TA=R;MT=Variable	NT=Label:13C(6)15N(2);AC=UNIMOD:259;TA=K;MT=Variable	not applicable	IMAC digest batch	ftp://ftp.pride.ebi.ac.uk/pride/data/archive/2017/01/PXD003708/2013-Nov_22_NPA_HLB5_R1.raw	SW480
SW480_A_IMAC_nonenriched	Homo sapiens	not applicable	1	colon adenocarcinoma	cell line	51Y	male	SW480	CVCL_0546	IMAC_nonenriched	2013-Nov_22_NPA_HLB6_R1	proteomic profiling by mass spectrometry	1	2013-Nov_22_NPA_HLB6_R1.raw	v1.1.0	NT=ms-proteomics;VV=v1.1.0	NT=human;VV=v1.1.0	NT=cell-lines;VV=v1.1.0	manual curation	NT=Data-dependent acquisition;AC=PRIDE:0000627	NT=Q Exactive;AC=MS:1001911	NT=Trypsin;AC=MS:1001251	SILAC light	6	5 ppm	100 ppm	NT=Carbamidomethyl;AC=UNIMOD:4;TA=C;MT=Fixed	NT=Oxidation;AC=UNIMOD:35;TA=M;MT=Variable	NT=Label:13C(6)15N(4);AC=UNIMOD:267;TA=R;MT=Variable	NT=Label:13C(6)15N(2);AC=UNIMOD:259;TA=K;MT=Variable	not applicable	IMAC digest batch	ftp://ftp.pride.ebi.ac.uk/pride/data/archive/2017/01/PXD003708/2013-Nov_22_NPA_HLB6_R1.raw	SW480
SW480_A_IMAC_nonenriched	Homo sapiens	not applicable	1	colon adenocarcinoma	cell line	51Y	male	SW480	CVCL_0546	IMAC_nonenriched	2013-Nov_22_NPA_HLB7_R1	proteomic profiling by mass spectrometry	1	2013-Nov_22_NPA_HLB7_R1.raw	v1.1.0	NT=ms-proteomics;VV=v1.1.0	NT=human;VV=v1.1.0	NT=cell-lines;VV=v1.1.0	manual curation	NT=Data-dependent acquisition;AC=PRIDE:0000627	NT=Q Exactive;AC=MS:1001911	NT=Trypsin;AC=MS:1001251	SILAC light	7	5 ppm	100 ppm	NT=Carbamidomethyl;AC=UNIMOD:4;TA=C;MT=Fixed	NT=Oxidation;AC=UNIMOD:35;TA=M;MT=Variable	NT=Label:13C(6)15N(4);AC=UNIMOD:267;TA=R;MT=Variable	NT=Label:13C(6)15N(2);AC=UNIMOD:259;TA=K;MT=Variable	not applicable	IMAC digest batch	ftp://ftp.pride.ebi.ac.uk/pride/data/archive/2017/01/PXD003708/2013-Nov_22_NPA_HLB7_R1.raw	SW480
SW480_A_IMAC_nonenriched	Homo sapiens	not applicable	1	colon adenocarcinoma	cell line	51Y	male	SW480	CVCL_0546	IMAC_nonenriched	2013-Nov_22_NPA_HLB8_R1	proteomic profiling by mass spectrometry	1	2013-Nov_22_NPA_HLB8_R1.raw	v1.1.0	NT=ms-proteomics;VV=v1.1.0	NT=human;VV=v1.1.0	NT=cell-lines;VV=v1.1.0	manual curation	NT=Data-dependent acquisition;AC=PRIDE:0000627	NT=Q Exactive;AC=MS:1001911	NT=Trypsin;AC=MS:1001251	SILAC light	8	5 ppm	100 ppm	NT=Carbamidomethyl;AC=UNIMOD:4;TA=C;MT=Fixed	NT=Oxidation;AC=UNIMOD:35;TA=M;MT=Variable	NT=Label:13C(6)15N(4);AC=UNIMOD:267;TA=R;MT=Variable	NT=Label:13C(6)15N(2);AC=UNIMOD:259;TA=K;MT=Variable	not applicable	IMAC digest batch	ftp://ftp.pride.ebi.ac.uk/pride/data/archive/2017/01/PXD003708/2013-Nov_22_NPA_HLB8_R1.raw	SW480
SW620_A_IMAC_nonenriched	Homo sapiens	not applicable	1	colon adenocarcinoma	cell line	51Y	male	SW620	CVCL_0547	IMAC_nonenriched	2013-Nov_22_NPA_HLB2_R1	proteomic profiling by mass spectrometry	1	2013-Nov_22_NPA_HLB2_R1.raw	v1.1.0	NT=ms-proteomics;VV=v1.1.0	NT=human;VV=v1.1.0	NT=cell-lines;VV=v1.1.0	manual curation	NT=Data-dependent acquisition;AC=PRIDE:0000627	NT=Q Exactive;AC=MS:1001911	NT=Trypsin;AC=MS:1001251	SILAC heavy	2	5 ppm	100 ppm	NT=Carbamidomethyl;AC=UNIMOD:4;TA=C;MT=Fixed	NT=Oxidation;AC=UNIMOD:35;TA=M;MT=Variable	NT=Label:13C(6)15N(4);AC=UNIMOD:267;TA=R;MT=Variable	NT=Label:13C(6)15N(2);AC=UNIMOD:259;TA=K;MT=Variable	not applicable	IMAC digest batch	ftp://ftp.pride.ebi.ac.uk/pride/data/archive/2017/01/PXD003708/2013-Nov_22_NPA_HLB2_R1.raw	SW620
SW620_A_IMAC_nonenriched	Homo sapiens	not applicable	1	colon adenocarcinoma	cell line	51Y	male	SW620	CVCL_0547	IMAC_nonenriched	2013-Nov_22_NPA_HLB3_R1	proteomic profiling by mass spectrometry	1	2013-Nov_22_NPA_HLB3_R1.raw	v1.1.0	NT=ms-proteomics;VV=v1.1.0	NT=human;VV=v1.1.0	NT=cell-lines;VV=v1.1.0	manual curation	NT=Data-dependent acquisition;AC=PRIDE:0000627	NT=Q Exactive;AC=MS:1001911	NT=Trypsin;AC=MS:1001251	SILAC heavy	3	5 ppm	100 ppm	NT=Carbamidomethyl;AC=UNIMOD:4;TA=C;MT=Fixed	NT=Oxidation;AC=UNIMOD:35;TA=M;MT=Variable	NT=Label:13C(6)15N(4);AC=UNIMOD:267;TA=R;MT=Variable	NT=Label:13C(6)15N(2);AC=UNIMOD:259;TA=K;MT=Variable	not applicable	IMAC digest batch	ftp://ftp.pride.ebi.ac.uk/pride/data/archive/2017/01/PXD003708/2013-Nov_22_NPA_HLB3_R1.raw	SW620
SW620_A_IMAC_nonenriched	Homo sapiens	not applicable	1	colon adenocarcinoma	cell line	51Y	male	SW620	CVCL_0547	IMAC_nonenriched	2013-Nov_22_NPA_HLB4_R1	proteomic profiling by mass spectrometry	1	2013-Nov_22_NPA_HLB4_R1.raw	v1.1.0	NT=ms-proteomics;VV=v1.1.0	NT=human;VV=v1.1.0	NT=cell-lines;VV=v1.1.0	manual curation	NT=Data-dependent acquisition;AC=PRIDE:0000627	NT=Q Exactive;AC=MS:1001911	NT=Trypsin;AC=MS:1001251	SILAC heavy	4	5 ppm	100 ppm	NT=Carbamidomethyl;AC=UNIMOD:4;TA=C;MT=Fixed	NT=Oxidation;AC=UNIMOD:35;TA=M;MT=Variable	NT=Label:13C(6)15N(4);AC=UNIMOD:267;TA=R;MT=Variable	NT=Label:13C(6)15N(2);AC=UNIMOD:259;TA=K;MT=Variable	not applicable	IMAC digest batch	ftp://ftp.pride.ebi.ac.uk/pride/data/archive/2017/01/PXD003708/2013-Nov_22_NPA_HLB4_R1.raw	SW620
SW620_A_IMAC_nonenriched	Homo sapiens	not applicable	1	colon adenocarcinoma	cell line	51Y	male	SW620	CVCL_0547	IMAC_nonenriched	2013-Nov_22_NPA_HLB5_R1	proteomic profiling by mass spectrometry	1	2013-Nov_22_NPA_HLB5_R1.raw	v1.1.0	NT=ms-proteomics;VV=v1.1.0	NT=human;VV=v1.1.0	NT=cell-lines;VV=v1.1.0	manual curation	NT=Data-dependent acquisition;AC=PRIDE:0000627	NT=Q Exactive;AC=MS:1001911	NT=Trypsin;AC=MS:1001251	SILAC heavy	5	5 ppm	100 ppm	NT=Carbamidomethyl;AC=UNIMOD:4;TA=C;MT=Fixed	NT=Oxidation;AC=UNIMOD:35;TA=M;MT=Variable	NT=Label:13C(6)15N(4);AC=UNIMOD:267;TA=R;MT=Variable	NT=Label:13C(6)15N(2);AC=UNIMOD:259;TA=K;MT=Variable	not applicable	IMAC digest batch	ftp://ftp.pride.ebi.ac.uk/pride/data/archive/2017/01/PXD003708/2013-Nov_22_NPA_HLB5_R1.raw	SW620
SW620_A_IMAC_nonenriched	Homo sapiens	not applicable	1	colon adenocarcinoma	cell line	51Y	male	SW620	CVCL_0547	IMAC_nonenriched	2013-Nov_22_NPA_HLB6_R1	proteomic profiling by mass spectrometry	1	2013-Nov_22_NPA_HLB6_R1.raw	v1.1.0	NT=ms-proteomics;VV=v1.1.0	NT=human;VV=v1.1.0	NT=cell-lines;VV=v1.1.0	manual curation	NT=Data-dependent acquisition;AC=PRIDE:0000627	NT=Q Exactive;AC=MS:1001911	NT=Trypsin;AC=MS:1001251	SILAC heavy	6	5 ppm	100 ppm	NT=Carbamidomethyl;AC=UNIMOD:4;TA=C;MT=Fixed	NT=Oxidation;AC=UNIMOD:35;TA=M;MT=Variable	NT=Label:13C(6)15N(4);AC=UNIMOD:267;TA=R;MT=Variable	NT=Label:13C(6)15N(2);AC=UNIMOD:259;TA=K;MT=Variable	not applicable	IMAC digest batch	ftp://ftp.pride.ebi.ac.uk/pride/data/archive/2017/01/PXD003708/2013-Nov_22_NPA_HLB6_R1.raw	SW620
SW620_A_IMAC_nonenriched	Homo sapiens	not applicable	1	colon adenocarcinoma	cell line	51Y	male	SW620	CVCL_0547	IMAC_nonenriched	2013-Nov_22_NPA_HLB7_R1	proteomic profiling by mass spectrometry	1	2013-Nov_22_NPA_HLB7_R1.raw	v1.1.0	NT=ms-proteomics;VV=v1.1.0	NT=human;VV=v1.1.0	NT=cell-lines;VV=v1.1.0	manual curation	NT=Data-dependent acquisition;AC=PRIDE:0000627	NT=Q Exactive;AC=MS:1001911	NT=Trypsin;AC=MS:1001251	SILAC heavy	7	5 ppm	100 ppm	NT=Carbamidomethyl;AC=UNIMOD:4;TA=C;MT=Fixed	NT=Oxidation;AC=UNIMOD:35;TA=M;MT=Variable	NT=Label:13C(6)15N(4);AC=UNIMOD:267;TA=R;MT=Variable	NT=Label:13C(6)15N(2);AC=UNIMOD:259;TA=K;MT=Variable	not applicable	IMAC digest batch	ftp://ftp.pride.ebi.ac.uk/pride/data/archive/2017/01/PXD003708/2013-Nov_22_NPA_HLB7_R1.raw	SW620
SW620_A_IMAC_nonenriched	Homo sapiens	not applicable	1	colon adenocarcinoma	cell line	51Y	male	SW620	CVCL_0547	IMAC_nonenriched	2013-Nov_22_NPA_HLB8_R1	proteomic profiling by mass spectrometry	1	2013-Nov_22_NPA_HLB8_R1.raw	v1.1.0	NT=ms-proteomics;VV=v1.1.0	NT=human;VV=v1.1.0	NT=cell-lines;VV=v1.1.0	manual curation	NT=Data-dependent acquisition;AC=PRIDE:0000627	NT=Q Exactive;AC=MS:1001911	NT=Trypsin;AC=MS:1001251	SILAC heavy	8	5 ppm	100 ppm	NT=Carbamidomethyl;AC=UNIMOD:4;TA=C;MT=Fixed	NT=Oxidation;AC=UNIMOD:35;TA=M;MT=Variable	NT=Label:13C(6)15N(4);AC=UNIMOD:267;TA=R;MT=Variable	NT=Label:13C(6)15N(2);AC=UNIMOD:259;TA=K;MT=Variable	not applicable	IMAC digest batch	ftp://ftp.pride.ebi.ac.uk/pride/data/archive/2017/01/PXD003708/2013-Nov_22_NPA_HLB8_R1.raw	SW620
SW480_A_IMAC_nonenriched	Homo sapiens	not applicable	1	colon adenocarcinoma	cell line	51Y	male	SW480	CVCL_0546	IMAC_nonenriched	2013-Nov_22_NPA_HLB1_R2	proteomic profiling by mass spectrometry	2	2013-Nov_22_NPA_HLB1_R2.raw	v1.1.0	NT=ms-proteomics;VV=v1.1.0	NT=human;VV=v1.1.0	NT=cell-lines;VV=v1.1.0	manual curation	NT=Data-dependent acquisition;AC=PRIDE:0000627	NT=Q Exactive;AC=MS:1001911	NT=Trypsin;AC=MS:1001251	SILAC light	1	5 ppm	100 ppm	NT=Carbamidomethyl;AC=UNIMOD:4;TA=C;MT=Fixed	NT=Oxidation;AC=UNIMOD:35;TA=M;MT=Variable	NT=Label:13C(6)15N(4);AC=UNIMOD:267;TA=R;MT=Variable	NT=Label:13C(6)15N(2);AC=UNIMOD:259;TA=K;MT=Variable	not applicable	IMAC digest batch	ftp://ftp.pride.ebi.ac.uk/pride/data/archive/2017/01/PXD003708/2013-Nov_22_NPA_HLB1_R2.raw	SW480
SW480_A_IMAC_nonenriched	Homo sapiens	not applicable	1	colon adenocarcinoma	cell line	51Y	male	SW480	CVCL_0546	IMAC_nonenriched	2013-Nov_22_NPA_HLB2_R2	proteomic profiling by mass spectrometry	2	2013-Nov_22_NPA_HLB2_R2.raw	v1.1.0	NT=ms-proteomics;VV=v1.1.0	NT=human;VV=v1.1.0	NT=cell-lines;VV=v1.1.0	manual curation	NT=Data-dependent acquisition;AC=PRIDE:0000627	NT=Q Exactive;AC=MS:1001911	NT=Trypsin;AC=MS:1001251	SILAC light	2	5 ppm	100 ppm	NT=Carbamidomethyl;AC=UNIMOD:4;TA=C;MT=Fixed	NT=Oxidation;AC=UNIMOD:35;TA=M;MT=Variable	NT=Label:13C(6)15N(4);AC=UNIMOD:267;TA=R;MT=Variable	NT=Label:13C(6)15N(2);AC=UNIMOD:259;TA=K;MT=Variable	not applicable	IMAC digest batch	ftp://ftp.pride.ebi.ac.uk/pride/data/archive/2017/01/PXD003708/2013-Nov_22_NPA_HLB2_R2.raw	SW480
SW480_A_IMAC_nonenriched	Homo sapiens	not applicable	1	colon adenocarcinoma	cell line	51Y	male	SW480	CVCL_0546	IMAC_nonenriched	2013-Nov_22_NPA_HLB3_R2	proteomic profiling by mass spectrometry	2	2013-Nov_22_NPA_HLB3_R2.raw	v1.1.0	NT=ms-proteomics;VV=v1.1.0	NT=human;VV=v1.1.0	NT=cell-lines;VV=v1.1.0	manual curation	NT=Data-dependent acquisition;AC=PRIDE:0000627	NT=Q Exactive;AC=MS:1001911	NT=Trypsin;AC=MS:1001251	SILAC light	3	5 ppm	100 ppm	NT=Carbamidomethyl;AC=UNIMOD:4;TA=C;MT=Fixed	NT=Oxidation;AC=UNIMOD:35;TA=M;MT=Variable	NT=Label:13C(6)15N(4);AC=UNIMOD:267;TA=R;MT=Variable	NT=Label:13C(6)15N(2);AC=UNIMOD:259;TA=K;MT=Variable	not applicable	IMAC digest batch	ftp://ftp.pride.ebi.ac.uk/pride/data/archive/2017/01/PXD003708/2013-Nov_22_NPA_HLB3_R2.raw	SW480
SW480_A_IMAC_nonenriched	Homo sapiens	not applicable	1	colon adenocarcinoma	cell line	51Y	male	SW480	CVCL_0546	IMAC_nonenriched	2013-Nov_22_NPA_HLB4_R2	proteomic profiling by mass spectrometry	2	2013-Nov_22_NPA_HLB4_R2.raw	v1.1.0	NT=ms-proteomics;VV=v1.1.0	NT=human;VV=v1.1.0	NT=cell-lines;VV=v1.1.0	manual curation	NT=Data-dependent acquisition;AC=PRIDE:0000627	NT=Q Exactive;AC=MS:1001911	NT=Trypsin;AC=MS:1001251	SILAC light	4	5 ppm	100 ppm	NT=Carbamidomethyl;AC=UNIMOD:4;TA=C;MT=Fixed	NT=Oxidation;AC=UNIMOD:35;TA=M;MT=Variable	NT=Label:13C(6)15N(4);AC=UNIMOD:267;TA=R;MT=Variable	NT=Label:13C(6)15N(2);AC=UNIMOD:259;TA=K;MT=Variable	not applicable	IMAC digest batch	ftp://ftp.pride.ebi.ac.uk/pride/data/archive/2017/01/PXD003708/2013-Nov_22_NPA_HLB4_R2.raw	SW480
SW480_A_IMAC_nonenriched	Homo sapiens	not applicable	1	colon adenocarcinoma	cell line	51Y	male	SW480	CVCL_0546	IMAC_nonenriched	2013-Nov_22_NPA_HLB5_R2	proteomic profiling by mass spectrometry	2	2013-Nov_22_NPA_HLB5_R2.raw	v1.1.0	NT=ms-proteomics;VV=v1.1.0	NT=human;VV=v1.1.0	NT=cell-lines;VV=v1.1.0	manual curation	NT=Data-dependent acquisition;AC=PRIDE:0000627	NT=Q Exactive;AC=MS:1001911	NT=Trypsin;AC=MS:1001251	SILAC light	5	5 ppm	100 ppm	NT=Carbamidomethyl;AC=UNIMOD:4;TA=C;MT=Fixed	NT=Oxidation;AC=UNIMOD:35;TA=M;MT=Variable	NT=Label:13C(6)15N(4);AC=UNIMOD:267;TA=R;MT=Variable	NT=Label:13C(6)15N(2);AC=UNIMOD:259;TA=K;MT=Variable	not applicable	IMAC digest batch	ftp://ftp.pride.ebi.ac.uk/pride/data/archive/2017/01/PXD003708/2013-Nov_22_NPA_HLB5_R2.raw	SW480
SW480_A_IMAC_nonenriched	Homo sapiens	not applicable	1	colon adenocarcinoma	cell line	51Y	male	SW480	CVCL_0546	IMAC_nonenriched	2013-Nov_22_NPA_HLB6_R2	proteomic profiling by mass spectrometry	2	2013-Nov_22_NPA_HLB6_R2.raw	v1.1.0	NT=ms-proteomics;VV=v1.1.0	NT=human;VV=v1.1.0	NT=cell-lines;VV=v1.1.0	manual curation	NT=Data-dependent acquisition;AC=PRIDE:0000627	NT=Q Exactive;AC=MS:1001911	NT=Trypsin;AC=MS:1001251	SILAC light	6	5 ppm	100 ppm	NT=Carbamidomethyl;AC=UNIMOD:4;TA=C;MT=Fixed	NT=Oxidation;AC=UNIMOD:35;TA=M;MT=Variable	NT=Label:13C(6)15N(4);AC=UNIMOD:267;TA=R;MT=Variable	NT=Label:13C(6)15N(2);AC=UNIMOD:259;TA=K;MT=Variable	not applicable	IMAC digest batch	ftp://ftp.pride.ebi.ac.uk/pride/data/archive/2017/01/PXD003708/2013-Nov_22_NPA_HLB6_R2.raw	SW480
SW480_A_IMAC_nonenriched	Homo sapiens	not applicable	1	colon adenocarcinoma	cell line	51Y	male	SW480	CVCL_0546	IMAC_nonenriched	2013-Nov_22_NPA_HLB7_R2	proteomic profiling by mass spectrometry	2	2013-Nov_22_NPA_HLB7_R2.raw	v1.1.0	NT=ms-proteomics;VV=v1.1.0	NT=human;VV=v1.1.0	NT=cell-lines;VV=v1.1.0	manual curation	NT=Data-dependent acquisition;AC=PRIDE:0000627	NT=Q Exactive;AC=MS:1001911	NT=Trypsin;AC=MS:1001251	SILAC light	7	5 ppm	100 ppm	NT=Carbamidomethyl;AC=UNIMOD:4;TA=C;MT=Fixed	NT=Oxidation;AC=UNIMOD:35;TA=M;MT=Variable	NT=Label:13C(6)15N(4);AC=UNIMOD:267;TA=R;MT=Variable	NT=Label:13C(6)15N(2);AC=UNIMOD:259;TA=K;MT=Variable	not applicable	IMAC digest batch	ftp://ftp.pride.ebi.ac.uk/pride/data/archive/2017/01/PXD003708/2013-Nov_22_NPA_HLB7_R2.raw	SW480
SW480_A_IMAC_nonenriched	Homo sapiens	not applicable	1	colon adenocarcinoma	cell line	51Y	male	SW480	CVCL_0546	IMAC_nonenriched	2013-Nov_22_NPA_HLB8_R2	proteomic profiling by mass spectrometry	2	2013-Nov_22_NPA_HLB8_R2.raw	v1.1.0	NT=ms-proteomics;VV=v1.1.0	NT=human;VV=v1.1.0	NT=cell-lines;VV=v1.1.0	manual curation	NT=Data-dependent acquisition;AC=PRIDE:0000627	NT=Q Exactive;AC=MS:1001911	NT=Trypsin;AC=MS:1001251	SILAC light	8	5 ppm	100 ppm	NT=Carbamidomethyl;AC=UNIMOD:4;TA=C;MT=Fixed	NT=Oxidation;AC=UNIMOD:35;TA=M;MT=Variable	NT=Label:13C(6)15N(4);AC=UNIMOD:267;TA=R;MT=Variable	NT=Label:13C(6)15N(2);AC=UNIMOD:259;TA=K;MT=Variable	not applicable	IMAC digest batch	ftp://ftp.pride.ebi.ac.uk/pride/data/archive/2017/01/PXD003708/2013-Nov_22_NPA_HLB8_R2.raw	SW480
SW620_A_IMAC_nonenriched	Homo sapiens	not applicable	1	colon adenocarcinoma	cell line	51Y	male	SW620	CVCL_0547	IMAC_nonenriched	2013-Nov_22_NPA_HLB1_R2	proteomic profiling by mass spectrometry	2	2013-Nov_22_NPA_HLB1_R2.raw	v1.1.0	NT=ms-proteomics;VV=v1.1.0	NT=human;VV=v1.1.0	NT=cell-lines;VV=v1.1.0	manual curation	NT=Data-dependent acquisition;AC=PRIDE:0000627	NT=Q Exactive;AC=MS:1001911	NT=Trypsin;AC=MS:1001251	SILAC heavy	1	5 ppm	100 ppm	NT=Carbamidomethyl;AC=UNIMOD:4;TA=C;MT=Fixed	NT=Oxidation;AC=UNIMOD:35;TA=M;MT=Variable	NT=Label:13C(6)15N(4);AC=UNIMOD:267;TA=R;MT=Variable	NT=Label:13C(6)15N(2);AC=UNIMOD:259;TA=K;MT=Variable	not applicable	IMAC digest batch	ftp://ftp.pride.ebi.ac.uk/pride/data/archive/2017/01/PXD003708/2013-Nov_22_NPA_HLB1_R2.raw	SW620
SW620_A_IMAC_nonenriched	Homo sapiens	not applicable	1	colon adenocarcinoma	cell line	51Y	male	SW620	CVCL_0547	IMAC_nonenriched	2013-Nov_22_NPA_HLB2_R2	proteomic profiling by mass spectrometry	2	2013-Nov_22_NPA_HLB2_R2.raw	v1.1.0	NT=ms-proteomics;VV=v1.1.0	NT=human;VV=v1.1.0	NT=cell-lines;VV=v1.1.0	manual curation	NT=Data-dependent acquisition;AC=PRIDE:0000627	NT=Q Exactive;AC=MS:1001911	NT=Trypsin;AC=MS:1001251	SILAC heavy	2	5 ppm	100 ppm	NT=Carbamidomethyl;AC=UNIMOD:4;TA=C;MT=Fixed	NT=Oxidation;AC=UNIMOD:35;TA=M;MT=Variable	NT=Label:13C(6)15N(4);AC=UNIMOD:267;TA=R;MT=Variable	NT=Label:13C(6)15N(2);AC=UNIMOD:259;TA=K;MT=Variable	not applicable	IMAC digest batch	ftp://ftp.pride.ebi.ac.uk/pride/data/archive/2017/01/PXD003708/2013-Nov_22_NPA_HLB2_R2.raw	SW620
SW620_A_IMAC_nonenriched	Homo sapiens	not applicable	1	colon adenocarcinoma	cell line	51Y	male	SW620	CVCL_0547	IMAC_nonenriched	2013-Nov_22_NPA_HLB3_R2	proteomic profiling by mass spectrometry	2	2013-Nov_22_NPA_HLB3_R2.raw	v1.1.0	NT=ms-proteomics;VV=v1.1.0	NT=human;VV=v1.1.0	NT=cell-lines;VV=v1.1.0	manual curation	NT=Data-dependent acquisition;AC=PRIDE:0000627	NT=Q Exactive;AC=MS:1001911	NT=Trypsin;AC=MS:1001251	SILAC heavy	3	5 ppm	100 ppm	NT=Carbamidomethyl;AC=UNIMOD:4;TA=C;MT=Fixed	NT=Oxidation;AC=UNIMOD:35;TA=M;MT=Variable	NT=Label:13C(6)15N(4);AC=UNIMOD:267;TA=R;MT=Variable	NT=Label:13C(6)15N(2);AC=UNIMOD:259;TA=K;MT=Variable	not applicable	IMAC digest batch	ftp://ftp.pride.ebi.ac.uk/pride/data/archive/2017/01/PXD003708/2013-Nov_22_NPA_HLB3_R2.raw	SW620
SW620_A_IMAC_nonenriched	Homo sapiens	not applicable	1	colon adenocarcinoma	cell line	51Y	male	SW620	CVCL_0547	IMAC_nonenriched	2013-Nov_22_NPA_HLB4_R2	proteomic profiling by mass spectrometry	2	2013-Nov_22_NPA_HLB4_R2.raw	v1.1.0	NT=ms-proteomics;VV=v1.1.0	NT=human;VV=v1.1.0	NT=cell-lines;VV=v1.1.0	manual curation	NT=Data-dependent acquisition;AC=PRIDE:0000627	NT=Q Exactive;AC=MS:1001911	NT=Trypsin;AC=MS:1001251	SILAC heavy	4	5 ppm	100 ppm	NT=Carbamidomethyl;AC=UNIMOD:4;TA=C;MT=Fixed	NT=Oxidation;AC=UNIMOD:35;TA=M;MT=Variable	NT=Label:13C(6)15N(4);AC=UNIMOD:267;TA=R;MT=Variable	NT=Label:13C(6)15N(2);AC=UNIMOD:259;TA=K;MT=Variable	not applicable	IMAC digest batch	ftp://ftp.pride.ebi.ac.uk/pride/data/archive/2017/01/PXD003708/2013-Nov_22_NPA_HLB4_R2.raw	SW620
SW620_A_IMAC_nonenriched	Homo sapiens	not applicable	1	colon adenocarcinoma	cell line	51Y	male	SW620	CVCL_0547	IMAC_nonenriched	2013-Nov_22_NPA_HLB5_R2	proteomic profiling by mass spectrometry	2	2013-Nov_22_NPA_HLB5_R2.raw	v1.1.0	NT=ms-proteomics;VV=v1.1.0	NT=human;VV=v1.1.0	NT=cell-lines;VV=v1.1.0	manual curation	NT=Data-dependent acquisition;AC=PRIDE:0000627	NT=Q Exactive;AC=MS:1001911	NT=Trypsin;AC=MS:1001251	SILAC heavy	5	5 ppm	100 ppm	NT=Carbamidomethyl;AC=UNIMOD:4;TA=C;MT=Fixed	NT=Oxidation;AC=UNIMOD:35;TA=M;MT=Variable	NT=Label:13C(6)15N(4);AC=UNIMOD:267;TA=R;MT=Variable	NT=Label:13C(6)15N(2);AC=UNIMOD:259;TA=K;MT=Variable	not applicable	IMAC digest batch	ftp://ftp.pride.ebi.ac.uk/pride/data/archive/2017/01/PXD003708/2013-Nov_22_NPA_HLB5_R2.raw	SW620
SW620_A_IMAC_nonenriched	Homo sapiens	not applicable	1	colon adenocarcinoma	cell line	51Y	male	SW620	CVCL_0547	IMAC_nonenriched	2013-Nov_22_NPA_HLB6_R2	proteomic profiling by mass spectrometry	2	2013-Nov_22_NPA_HLB6_R2.raw	v1.1.0	NT=ms-proteomics;VV=v1.1.0	NT=human;VV=v1.1.0	NT=cell-lines;VV=v1.1.0	manual curation	NT=Data-dependent acquisition;AC=PRIDE:0000627	NT=Q Exactive;AC=MS:1001911	NT=Trypsin;AC=MS:1001251	SILAC heavy	6	5 ppm	100 ppm	NT=Carbamidomethyl;AC=UNIMOD:4;TA=C;MT=Fixed	NT=Oxidation;AC=UNIMOD:35;TA=M;MT=Variable	NT=Label:13C(6)15N(4);AC=UNIMOD:267;TA=R;MT=Variable	NT=Label:13C(6)15N(2);AC=UNIMOD:259;TA=K;MT=Variable	not applicable	IMAC digest batch	ftp://ftp.pride.ebi.ac.uk/pride/data/archive/2017/01/PXD003708/2013-Nov_22_NPA_HLB6_R2.raw	SW620
SW620_A_IMAC_nonenriched	Homo sapiens	not applicable	1	colon adenocarcinoma	cell line	51Y	male	SW620	CVCL_0547	IMAC_nonenriched	2013-Nov_22_NPA_HLB7_R2	proteomic profiling by mass spectrometry	2	2013-Nov_22_NPA_HLB7_R2.raw	v1.1.0	NT=ms-proteomics;VV=v1.1.0	NT=human;VV=v1.1.0	NT=cell-lines;VV=v1.1.0	manual curation	NT=Data-dependent acquisition;AC=PRIDE:0000627	NT=Q Exactive;AC=MS:1001911	NT=Trypsin;AC=MS:1001251	SILAC heavy	7	5 ppm	100 ppm	NT=Carbamidomethyl;AC=UNIMOD:4;TA=C;MT=Fixed	NT=Oxidation;AC=UNIMOD:35;TA=M;MT=Variable	NT=Label:13C(6)15N(4);AC=UNIMOD:267;TA=R;MT=Variable	NT=Label:13C(6)15N(2);AC=UNIMOD:259;TA=K;MT=Variable	not applicable	IMAC digest batch	ftp://ftp.pride.ebi.ac.uk/pride/data/archive/2017/01/PXD003708/2013-Nov_22_NPA_HLB7_R2.raw	SW620
SW620_A_IMAC_nonenriched	Homo sapiens	not applicable	1	colon adenocarcinoma	cell line	51Y	male	SW620	CVCL_0547	IMAC_nonenriched	2013-Nov_22_NPA_HLB8_R2	proteomic profiling by mass spectrometry	2	2013-Nov_22_NPA_HLB8_R2.raw	v1.1.0	NT=ms-proteomics;VV=v1.1.0	NT=human;VV=v1.1.0	NT=cell-lines;VV=v1.1.0	manual curation	NT=Data-dependent acquisition;AC=PRIDE:0000627	NT=Q Exactive;AC=MS:1001911	NT=Trypsin;AC=MS:1001251	SILAC heavy	8	5 ppm	100 ppm	NT=Carbamidomethyl;AC=UNIMOD:4;TA=C;MT=Fixed	NT=Oxidation;AC=UNIMOD:35;TA=M;MT=Variable	NT=Label:13C(6)15N(4);AC=UNIMOD:267;TA=R;MT=Variable	NT=Label:13C(6)15N(2);AC=UNIMOD:259;TA=K;MT=Variable	not applicable	IMAC digest batch	ftp://ftp.pride.ebi.ac.uk/pride/data/archive/2017/01/PXD003708/2013-Nov_22_NPA_HLB8_R2.raw	SW620
SW480_A_TiO2_E1	Homo sapiens	not applicable	1	colon adenocarcinoma	cell line	51Y	male	SW480	CVCL_0546	TiO2_E1	2014-Feb01-TiO2-PPA-E1-HLB1-1	proteomic profiling by mass spectrometry	1	2014-Feb01-TiO2-PPA-E1-HLB1-1.raw	v1.1.0	NT=ms-proteomics;VV=v1.1.0	NT=human;VV=v1.1.0	NT=cell-lines;VV=v1.1.0	manual curation	NT=Data-dependent acquisition;AC=PRIDE:0000627	NT=Q Exactive;AC=MS:1001911	NT=Trypsin;AC=MS:1001251	SILAC light	1	5 ppm	100 ppm	NT=Carbamidomethyl;AC=UNIMOD:4;TA=C;MT=Fixed	NT=Oxidation;AC=UNIMOD:35;TA=M;MT=Variable	NT=Label:13C(6)15N(4);AC=UNIMOD:267;TA=R;MT=Variable	NT=Label:13C(6)15N(2);AC=UNIMOD:259;TA=K;MT=Variable	NT=Phospho;AC=UNIMOD:21;TA=S,T,Y;MT=Variable	TiO2 digest batch	ftp://ftp.pride.ebi.ac.uk/pride/data/archive/2017/01/PXD003708/2014-Feb01-TiO2-PPA-E1-HLB1-1.raw	SW480
SW480_A_TiO2_E1	Homo sapiens	not applicable	1	colon adenocarcinoma	cell line	51Y	male	SW480	CVCL_0546	TiO2_E1	2014-Feb01-TiO2-PPA-E1-HLB2-1	proteomic profiling by mass spectrometry	1	2014-Feb01-TiO2-PPA-E1-HLB2-1.raw	v1.1.0	NT=ms-proteomics;VV=v1.1.0	NT=human;VV=v1.1.0	NT=cell-lines;VV=v1.1.0	manual curation	NT=Data-dependent acquisition;AC=PRIDE:0000627	NT=Q Exactive;AC=MS:1001911	NT=Trypsin;AC=MS:1001251	SILAC light	2	5 ppm	100 ppm	NT=Carbamidomethyl;AC=UNIMOD:4;TA=C;MT=Fixed	NT=Oxidation;AC=UNIMOD:35;TA=M;MT=Variable	NT=Label:13C(6)15N(4);AC=UNIMOD:267;TA=R;MT=Variable	NT=Label:13C(6)15N(2);AC=UNIMOD:259;TA=K;MT=Variable	NT=Phospho;AC=UNIMOD:21;TA=S,T,Y;MT=Variable	TiO2 digest batch	ftp://ftp.pride.ebi.ac.uk/pride/data/archive/2017/01/PXD003708/2014-Feb01-TiO2-PPA-E1-HLB2-1.raw	SW480
SW480_A_TiO2_E1	Homo sapiens	not applicable	1	colon adenocarcinoma	cell line	51Y	male	SW480	CVCL_0546	TiO2_E1	2014-Feb01-TiO2-PPA-E1-HLB3-1	proteomic profiling by mass spectrometry	1	2014-Feb01-TiO2-PPA-E1-HLB3-1.raw	v1.1.0	NT=ms-proteomics;VV=v1.1.0	NT=human;VV=v1.1.0	NT=cell-lines;VV=v1.1.0	manual curation	NT=Data-dependent acquisition;AC=PRIDE:0000627	NT=Q Exactive;AC=MS:1001911	NT=Trypsin;AC=MS:1001251	SILAC light	3	5 ppm	100 ppm	NT=Carbamidomethyl;AC=UNIMOD:4;TA=C;MT=Fixed	NT=Oxidation;AC=UNIMOD:35;TA=M;MT=Variable	NT=Label:13C(6)15N(4);AC=UNIMOD:267;TA=R;MT=Variable	NT=Label:13C(6)15N(2);AC=UNIMOD:259;TA=K;MT=Variable	NT=Phospho;AC=UNIMOD:21;TA=S,T,Y;MT=Variable	TiO2 digest batch	ftp://ftp.pride.ebi.ac.uk/pride/data/archive/2017/01/PXD003708/2014-Feb01-TiO2-PPA-E1-HLB3-1.raw	SW480
SW480_A_TiO2_E1	Homo sapiens	not applicable	1	colon adenocarcinoma	cell line	51Y	male	SW480	CVCL_0546	TiO2_E1	2014-Feb01-TiO2-PPA-E1-HLB4-1	proteomic profiling by mass spectrometry	1	2014-Feb01-TiO2-PPA-E1-HLB4-1.raw	v1.1.0	NT=ms-proteomics;VV=v1.1.0	NT=human;VV=v1.1.0	NT=cell-lines;VV=v1.1.0	manual curation	NT=Data-dependent acquisition;AC=PRIDE:0000627	NT=Q Exactive;AC=MS:1001911	NT=Trypsin;AC=MS:1001251	SILAC light	4	5 ppm	100 ppm	NT=Carbamidomethyl;AC=UNIMOD:4;TA=C;MT=Fixed	NT=Oxidation;AC=UNIMOD:35;TA=M;MT=Variable	NT=Label:13C(6)15N(4);AC=UNIMOD:267;TA=R;MT=Variable	NT=Label:13C(6)15N(2);AC=UNIMOD:259;TA=K;MT=Variable	NT=Phospho;AC=UNIMOD:21;TA=S,T,Y;MT=Variable	TiO2 digest batch	ftp://ftp.pride.ebi.ac.uk/pride/data/archive/2017/01/PXD003708/2014-Feb01-TiO2-PPA-E1-HLB4-1.raw	SW480
SW620_A_TiO2_E1	Homo sapiens	not applicable	1	colon adenocarcinoma	cell line	51Y	male	SW620	CVCL_0547	TiO2_E1	2014-Feb01-TiO2-PPA-E1-HLB1-1	proteomic profiling by mass spectrometry	1	2014-Feb01-TiO2-PPA-E1-HLB1-1.raw	v1.1.0	NT=ms-proteomics;VV=v1.1.0	NT=human;VV=v1.1.0	NT=cell-lines;VV=v1.1.0	manual curation	NT=Data-dependent acquisition;AC=PRIDE:0000627	NT=Q Exactive;AC=MS:1001911	NT=Trypsin;AC=MS:1001251	SILAC heavy	1	5 ppm	100 ppm	NT=Carbamidomethyl;AC=UNIMOD:4;TA=C;MT=Fixed	NT=Oxidation;AC=UNIMOD:35;TA=M;MT=Variable	NT=Label:13C(6)15N(4);AC=UNIMOD:267;TA=R;MT=Variable	NT=Label:13C(6)15N(2);AC=UNIMOD:259;TA=K;MT=Variable	NT=Phospho;AC=UNIMOD:21;TA=S,T,Y;MT=Variable	TiO2 digest batch	ftp://ftp.pride.ebi.ac.uk/pride/data/archive/2017/01/PXD003708/2014-Feb01-TiO2-PPA-E1-HLB1-1.raw	SW620
SW620_A_TiO2_E1	Homo sapiens	not applicable	1	colon adenocarcinoma	cell line	51Y	male	SW620	CVCL_0547	TiO2_E1	2014-Feb01-TiO2-PPA-E1-HLB2-1	proteomic profiling by mass spectrometry	1	2014-Feb01-TiO2-PPA-E1-HLB2-1.raw	v1.1.0	NT=ms-proteomics;VV=v1.1.0	NT=human;VV=v1.1.0	NT=cell-lines;VV=v1.1.0	manual curation	NT=Data-dependent acquisition;AC=PRIDE:0000627	NT=Q Exactive;AC=MS:1001911	NT=Trypsin;AC=MS:1001251	SILAC heavy	2	5 ppm	100 ppm	NT=Carbamidomethyl;AC=UNIMOD:4;TA=C;MT=Fixed	NT=Oxidation;AC=UNIMOD:35;TA=M;MT=Variable	NT=Label:13C(6)15N(4);AC=UNIMOD:267;TA=R;MT=Variable	NT=Label:13C(6)15N(2);AC=UNIMOD:259;TA=K;MT=Variable	NT=Phospho;AC=UNIMOD:21;TA=S,T,Y;MT=Variable	TiO2 digest batch	ftp://ftp.pride.ebi.ac.uk/pride/data/archive/2017/01/PXD003708/2014-Feb01-TiO2-PPA-E1-HLB2-1.raw	SW620
SW620_A_TiO2_E1	Homo sapiens	not applicable	1	colon adenocarcinoma	cell line	51Y	male	SW620	CVCL_0547	TiO2_E1	2014-Feb01-TiO2-PPA-E1-HLB3-1	proteomic profiling by mass spectrometry	1	2014-Feb01-TiO2-PPA-E1-HLB3-1.raw	v1.1.0	NT=ms-proteomics;VV=v1.1.0	NT=human;VV=v1.1.0	NT=cell-lines;VV=v1.1.0	manual curation	NT=Data-dependent acquisition;AC=PRIDE:0000627	NT=Q Exactive;AC=MS:1001911	NT=Trypsin;AC=MS:1001251	SILAC heavy	3	5 ppm	100 ppm	NT=Carbamidomethyl;AC=UNIMOD:4;TA=C;MT=Fixed	NT=Oxidation;AC=UNIMOD:35;TA=M;MT=Variable	NT=Label:13C(6)15N(4);AC=UNIMOD:267;TA=R;MT=Variable	NT=Label:13C(6)15N(2);AC=UNIMOD:259;TA=K;MT=Variable	NT=Phospho;AC=UNIMOD:21;TA=S,T,Y;MT=Variable	TiO2 digest batch	ftp://ftp.pride.ebi.ac.uk/pride/data/archive/2017/01/PXD003708/2014-Feb01-TiO2-PPA-E1-HLB3-1.raw	SW620
SW620_A_TiO2_E1	Homo sapiens	not applicable	1	colon adenocarcinoma	cell line	51Y	male	SW620	CVCL_0547	TiO2_E1	2014-Feb01-TiO2-PPA-E1-HLB4-1	proteomic profiling by mass spectrometry	1	2014-Feb01-TiO2-PPA-E1-HLB4-1.raw	v1.1.0	NT=ms-proteomics;VV=v1.1.0	NT=human;VV=v1.1.0	NT=cell-lines;VV=v1.1.0	manual curation	NT=Data-dependent acquisition;AC=PRIDE:0000627	NT=Q Exactive;AC=MS:1001911	NT=Trypsin;AC=MS:1001251	SILAC heavy	4	5 ppm	100 ppm	NT=Carbamidomethyl;AC=UNIMOD:4;TA=C;MT=Fixed	NT=Oxidation;AC=UNIMOD:35;TA=M;MT=Variable	NT=Label:13C(6)15N(4);AC=UNIMOD:267;TA=R;MT=Variable	NT=Label:13C(6)15N(2);AC=UNIMOD:259;TA=K;MT=Variable	NT=Phospho;AC=UNIMOD:21;TA=S,T,Y;MT=Variable	TiO2 digest batch	ftp://ftp.pride.ebi.ac.uk/pride/data/archive/2017/01/PXD003708/2014-Feb01-TiO2-PPA-E1-HLB4-1.raw	SW620
SW480_A_TiO2_E1	Homo sapiens	not applicable	1	colon adenocarcinoma	cell line	51Y	male	SW480	CVCL_0546	TiO2_E1	2014-Feb01-TiO2-PPA-E1-HLB1-2	proteomic profiling by mass spectrometry	2	2014-Feb01-TiO2-PPA-E1-HLB1-2.raw	v1.1.0	NT=ms-proteomics;VV=v1.1.0	NT=human;VV=v1.1.0	NT=cell-lines;VV=v1.1.0	manual curation	NT=Data-dependent acquisition;AC=PRIDE:0000627	NT=Q Exactive;AC=MS:1001911	NT=Trypsin;AC=MS:1001251	SILAC light	1	5 ppm	100 ppm	NT=Carbamidomethyl;AC=UNIMOD:4;TA=C;MT=Fixed	NT=Oxidation;AC=UNIMOD:35;TA=M;MT=Variable	NT=Label:13C(6)15N(4);AC=UNIMOD:267;TA=R;MT=Variable	NT=Label:13C(6)15N(2);AC=UNIMOD:259;TA=K;MT=Variable	NT=Phospho;AC=UNIMOD:21;TA=S,T,Y;MT=Variable	TiO2 digest batch	ftp://ftp.pride.ebi.ac.uk/pride/data/archive/2017/01/PXD003708/2014-Feb01-TiO2-PPA-E1-HLB1-2.raw	SW480
SW480_A_TiO2_E1	Homo sapiens	not applicable	1	colon adenocarcinoma	cell line	51Y	male	SW480	CVCL_0546	TiO2_E1	2014-Feb01-TiO2-PPA-E1-HLB2-2	proteomic profiling by mass spectrometry	2	2014-Feb01-TiO2-PPA-E1-HLB2-2.raw	v1.1.0	NT=ms-proteomics;VV=v1.1.0	NT=human;VV=v1.1.0	NT=cell-lines;VV=v1.1.0	manual curation	NT=Data-dependent acquisition;AC=PRIDE:0000627	NT=Q Exactive;AC=MS:1001911	NT=Trypsin;AC=MS:1001251	SILAC light	2	5 ppm	100 ppm	NT=Carbamidomethyl;AC=UNIMOD:4;TA=C;MT=Fixed	NT=Oxidation;AC=UNIMOD:35;TA=M;MT=Variable	NT=Label:13C(6)15N(4);AC=UNIMOD:267;TA=R;MT=Variable	NT=Label:13C(6)15N(2);AC=UNIMOD:259;TA=K;MT=Variable	NT=Phospho;AC=UNIMOD:21;TA=S,T,Y;MT=Variable	TiO2 digest batch	ftp://ftp.pride.ebi.ac.uk/pride/data/archive/2017/01/PXD003708/2014-Feb01-TiO2-PPA-E1-HLB2-2.raw	SW480
SW480_A_TiO2_E1	Homo sapiens	not applicable	1	colon adenocarcinoma	cell line	51Y	male	SW480	CVCL_0546	TiO2_E1	2014-Feb01-TiO2-PPA-E1-HLB3-2	proteomic profiling by mass spectrometry	2	2014-Feb01-TiO2-PPA-E1-HLB3-2.raw	v1.1.0	NT=ms-proteomics;VV=v1.1.0	NT=human;VV=v1.1.0	NT=cell-lines;VV=v1.1.0	manual curation	NT=Data-dependent acquisition;AC=PRIDE:0000627	NT=Q Exactive;AC=MS:1001911	NT=Trypsin;AC=MS:1001251	SILAC light	3	5 ppm	100 ppm	NT=Carbamidomethyl;AC=UNIMOD:4;TA=C;MT=Fixed	NT=Oxidation;AC=UNIMOD:35;TA=M;MT=Variable	NT=Label:13C(6)15N(4);AC=UNIMOD:267;TA=R;MT=Variable	NT=Label:13C(6)15N(2);AC=UNIMOD:259;TA=K;MT=Variable	NT=Phospho;AC=UNIMOD:21;TA=S,T,Y;MT=Variable	TiO2 digest batch	ftp://ftp.pride.ebi.ac.uk/pride/data/archive/2017/01/PXD003708/2014-Feb01-TiO2-PPA-E1-HLB3-2.raw	SW480
SW480_A_TiO2_E1	Homo sapiens	not applicable	1	colon adenocarcinoma	cell line	51Y	male	SW480	CVCL_0546	TiO2_E1	2014-Feb01-TiO2-PPA-E1-HLB4-2	proteomic profiling by mass spectrometry	2	2014-Feb01-TiO2-PPA-E1-HLB4-2.raw	v1.1.0	NT=ms-proteomics;VV=v1.1.0	NT=human;VV=v1.1.0	NT=cell-lines;VV=v1.1.0	manual curation	NT=Data-dependent acquisition;AC=PRIDE:0000627	NT=Q Exactive;AC=MS:1001911	NT=Trypsin;AC=MS:1001251	SILAC light	4	5 ppm	100 ppm	NT=Carbamidomethyl;AC=UNIMOD:4;TA=C;MT=Fixed	NT=Oxidation;AC=UNIMOD:35;TA=M;MT=Variable	NT=Label:13C(6)15N(4);AC=UNIMOD:267;TA=R;MT=Variable	NT=Label:13C(6)15N(2);AC=UNIMOD:259;TA=K;MT=Variable	NT=Phospho;AC=UNIMOD:21;TA=S,T,Y;MT=Variable	TiO2 digest batch	ftp://ftp.pride.ebi.ac.uk/pride/data/archive/2017/01/PXD003708/2014-Feb01-TiO2-PPA-E1-HLB4-2.raw	SW480
SW620_A_TiO2_E1	Homo sapiens	not applicable	1	colon adenocarcinoma	cell line	51Y	male	SW620	CVCL_0547	TiO2_E1	2014-Feb01-TiO2-PPA-E1-HLB1-2	proteomic profiling by mass spectrometry	2	2014-Feb01-TiO2-PPA-E1-HLB1-2.raw	v1.1.0	NT=ms-proteomics;VV=v1.1.0	NT=human;VV=v1.1.0	NT=cell-lines;VV=v1.1.0	manual curation	NT=Data-dependent acquisition;AC=PRIDE:0000627	NT=Q Exactive;AC=MS:1001911	NT=Trypsin;AC=MS:1001251	SILAC heavy	1	5 ppm	100 ppm	NT=Carbamidomethyl;AC=UNIMOD:4;TA=C;MT=Fixed	NT=Oxidation;AC=UNIMOD:35;TA=M;MT=Variable	NT=Label:13C(6)15N(4);AC=UNIMOD:267;TA=R;MT=Variable	NT=Label:13C(6)15N(2);AC=UNIMOD:259;TA=K;MT=Variable	NT=Phospho;AC=UNIMOD:21;TA=S,T,Y;MT=Variable	TiO2 digest batch	ftp://ftp.pride.ebi.ac.uk/pride/data/archive/2017/01/PXD003708/2014-Feb01-TiO2-PPA-E1-HLB1-2.raw	SW620
SW620_A_TiO2_E1	Homo sapiens	not applicable	1	colon adenocarcinoma	cell line	51Y	male	SW620	CVCL_0547	TiO2_E1	2014-Feb01-TiO2-PPA-E1-HLB2-2	proteomic profiling by mass spectrometry	2	2014-Feb01-TiO2-PPA-E1-HLB2-2.raw	v1.1.0	NT=ms-proteomics;VV=v1.1.0	NT=human;VV=v1.1.0	NT=cell-lines;VV=v1.1.0	manual curation	NT=Data-dependent acquisition;AC=PRIDE:0000627	NT=Q Exactive;AC=MS:1001911	NT=Trypsin;AC=MS:1001251	SILAC heavy	2	5 ppm	100 ppm	NT=Carbamidomethyl;AC=UNIMOD:4;TA=C;MT=Fixed	NT=Oxidation;AC=UNIMOD:35;TA=M;MT=Variable	NT=Label:13C(6)15N(4);AC=UNIMOD:267;TA=R;MT=Variable	NT=Label:13C(6)15N(2);AC=UNIMOD:259;TA=K;MT=Variable	NT=Phospho;AC=UNIMOD:21;TA=S,T,Y;MT=Variable	TiO2 digest batch	ftp://ftp.pride.ebi.ac.uk/pride/data/archive/2017/01/PXD003708/2014-Feb01-TiO2-PPA-E1-HLB2-2.raw	SW620
SW620_A_TiO2_E1	Homo sapiens	not applicable	1	colon adenocarcinoma	cell line	51Y	male	SW620	CVCL_0547	TiO2_E1	2014-Feb01-TiO2-PPA-E1-HLB3-2	proteomic profiling by mass spectrometry	2	2014-Feb01-TiO2-PPA-E1-HLB3-2.raw	v1.1.0	NT=ms-proteomics;VV=v1.1.0	NT=human;VV=v1.1.0	NT=cell-lines;VV=v1.1.0	manual curation	NT=Data-dependent acquisition;AC=PRIDE:0000627	NT=Q Exactive;AC=MS:1001911	NT=Trypsin;AC=MS:1001251	SILAC heavy	3	5 ppm	100 ppm	NT=Carbamidomethyl;AC=UNIMOD:4;TA=C;MT=Fixed	NT=Oxidation;AC=UNIMOD:35;TA=M;MT=Variable	NT=Label:13C(6)15N(4);AC=UNIMOD:267;TA=R;MT=Variable	NT=Label:13C(6)15N(2);AC=UNIMOD:259;TA=K;MT=Variable	NT=Phospho;AC=UNIMOD:21;TA=S,T,Y;MT=Variable	TiO2 digest batch	ftp://ftp.pride.ebi.ac.uk/pride/data/archive/2017/01/PXD003708/2014-Feb01-TiO2-PPA-E1-HLB3-2.raw	SW620
SW620_A_TiO2_E1	Homo sapiens	not applicable	1	colon adenocarcinoma	cell line	51Y	male	SW620	CVCL_0547	TiO2_E1	2014-Feb01-TiO2-PPA-E1-HLB4-2	proteomic profiling by mass spectrometry	2	2014-Feb01-TiO2-PPA-E1-HLB4-2.raw	v1.1.0	NT=ms-proteomics;VV=v1.1.0	NT=human;VV=v1.1.0	NT=cell-lines;VV=v1.1.0	manual curation	NT=Data-dependent acquisition;AC=PRIDE:0000627	NT=Q Exactive;AC=MS:1001911	NT=Trypsin;AC=MS:1001251	SILAC heavy	4	5 ppm	100 ppm	NT=Carbamidomethyl;AC=UNIMOD:4;TA=C;MT=Fixed	NT=Oxidation;AC=UNIMOD:35;TA=M;MT=Variable	NT=Label:13C(6)15N(4);AC=UNIMOD:267;TA=R;MT=Variable	NT=Label:13C(6)15N(2);AC=UNIMOD:259;TA=K;MT=Variable	NT=Phospho;AC=UNIMOD:21;TA=S,T,Y;MT=Variable	TiO2 digest batch	ftp://ftp.pride.ebi.ac.uk/pride/data/archive/2017/01/PXD003708/2014-Feb01-TiO2-PPA-E1-HLB4-2.raw	SW620
SW480_A_TiO2_E2	Homo sapiens	not applicable	1	colon adenocarcinoma	cell line	51Y	male	SW480	CVCL_0546	TiO2_E2	2014-Feb01-TiO2-PPA-E2-HLB1-1	proteomic profiling by mass spectrometry	1	2014-Feb01-TiO2-PPA-E2-HLB1-1.raw	v1.1.0	NT=ms-proteomics;VV=v1.1.0	NT=human;VV=v1.1.0	NT=cell-lines;VV=v1.1.0	manual curation	NT=Data-dependent acquisition;AC=PRIDE:0000627	NT=Q Exactive;AC=MS:1001911	NT=Trypsin;AC=MS:1001251	SILAC light	1	5 ppm	100 ppm	NT=Carbamidomethyl;AC=UNIMOD:4;TA=C;MT=Fixed	NT=Oxidation;AC=UNIMOD:35;TA=M;MT=Variable	NT=Label:13C(6)15N(4);AC=UNIMOD:267;TA=R;MT=Variable	NT=Label:13C(6)15N(2);AC=UNIMOD:259;TA=K;MT=Variable	NT=Phospho;AC=UNIMOD:21;TA=S,T,Y;MT=Variable	TiO2 digest batch	ftp://ftp.pride.ebi.ac.uk/pride/data/archive/2017/01/PXD003708/2014-Feb01-TiO2-PPA-E2-HLB1-1.raw	SW480
SW480_A_TiO2_E2	Homo sapiens	not applicable	1	colon adenocarcinoma	cell line	51Y	male	SW480	CVCL_0546	TiO2_E2	2014-Feb01-TiO2-PPA-E2-HLB2-1	proteomic profiling by mass spectrometry	1	2014-Feb01-TiO2-PPA-E2-HLB2-1.raw	v1.1.0	NT=ms-proteomics;VV=v1.1.0	NT=human;VV=v1.1.0	NT=cell-lines;VV=v1.1.0	manual curation	NT=Data-dependent acquisition;AC=PRIDE:0000627	NT=Q Exactive;AC=MS:1001911	NT=Trypsin;AC=MS:1001251	SILAC light	2	5 ppm	100 ppm	NT=Carbamidomethyl;AC=UNIMOD:4;TA=C;MT=Fixed	NT=Oxidation;AC=UNIMOD:35;TA=M;MT=Variable	NT=Label:13C(6)15N(4);AC=UNIMOD:267;TA=R;MT=Variable	NT=Label:13C(6)15N(2);AC=UNIMOD:259;TA=K;MT=Variable	NT=Phospho;AC=UNIMOD:21;TA=S,T,Y;MT=Variable	TiO2 digest batch	ftp://ftp.pride.ebi.ac.uk/pride/data/archive/2017/01/PXD003708/2014-Feb01-TiO2-PPA-E2-HLB2-1.raw	SW480
SW480_A_TiO2_E2	Homo sapiens	not applicable	1	colon adenocarcinoma	cell line	51Y	male	SW480	CVCL_0546	TiO2_E2	2014-Feb01-TiO2-PPA-E2-HLB3-1	proteomic profiling by mass spectrometry	1	2014-Feb01-TiO2-PPA-E2-HLB3-1.raw	v1.1.0	NT=ms-proteomics;VV=v1.1.0	NT=human;VV=v1.1.0	NT=cell-lines;VV=v1.1.0	manual curation	NT=Data-dependent acquisition;AC=PRIDE:0000627	NT=Q Exactive;AC=MS:1001911	NT=Trypsin;AC=MS:1001251	SILAC light	3	5 ppm	100 ppm	NT=Carbamidomethyl;AC=UNIMOD:4;TA=C;MT=Fixed	NT=Oxidation;AC=UNIMOD:35;TA=M;MT=Variable	NT=Label:13C(6)15N(4);AC=UNIMOD:267;TA=R;MT=Variable	NT=Label:13C(6)15N(2);AC=UNIMOD:259;TA=K;MT=Variable	NT=Phospho;AC=UNIMOD:21;TA=S,T,Y;MT=Variable	TiO2 digest batch	ftp://ftp.pride.ebi.ac.uk/pride/data/archive/2017/01/PXD003708/2014-Feb01-TiO2-PPA-E2-HLB3-1.raw	SW480
SW480_A_TiO2_E2	Homo sapiens	not applicable	1	colon adenocarcinoma	cell line	51Y	male	SW480	CVCL_0546	TiO2_E2	2014-Feb01-TiO2-PPA-E2-HLB4-1	proteomic profiling by mass spectrometry	1	2014-Feb01-TiO2-PPA-E2-HLB4-1.raw	v1.1.0	NT=ms-proteomics;VV=v1.1.0	NT=human;VV=v1.1.0	NT=cell-lines;VV=v1.1.0	manual curation	NT=Data-dependent acquisition;AC=PRIDE:0000627	NT=Q Exactive;AC=MS:1001911	NT=Trypsin;AC=MS:1001251	SILAC light	4	5 ppm	100 ppm	NT=Carbamidomethyl;AC=UNIMOD:4;TA=C;MT=Fixed	NT=Oxidation;AC=UNIMOD:35;TA=M;MT=Variable	NT=Label:13C(6)15N(4);AC=UNIMOD:267;TA=R;MT=Variable	NT=Label:13C(6)15N(2);AC=UNIMOD:259;TA=K;MT=Variable	NT=Phospho;AC=UNIMOD:21;TA=S,T,Y;MT=Variable	TiO2 digest batch	ftp://ftp.pride.ebi.ac.uk/pride/data/archive/2017/01/PXD003708/2014-Feb01-TiO2-PPA-E2-HLB4-1.raw	SW480
SW620_A_TiO2_E2	Homo sapiens	not applicable	1	colon adenocarcinoma	cell line	51Y	male	SW620	CVCL_0547	TiO2_E2	2014-Feb01-TiO2-PPA-E2-HLB1-1	proteomic profiling by mass spectrometry	1	2014-Feb01-TiO2-PPA-E2-HLB1-1.raw	v1.1.0	NT=ms-proteomics;VV=v1.1.0	NT=human;VV=v1.1.0	NT=cell-lines;VV=v1.1.0	manual curation	NT=Data-dependent acquisition;AC=PRIDE:0000627	NT=Q Exactive;AC=MS:1001911	NT=Trypsin;AC=MS:1001251	SILAC heavy	1	5 ppm	100 ppm	NT=Carbamidomethyl;AC=UNIMOD:4;TA=C;MT=Fixed	NT=Oxidation;AC=UNIMOD:35;TA=M;MT=Variable	NT=Label:13C(6)15N(4);AC=UNIMOD:267;TA=R;MT=Variable	NT=Label:13C(6)15N(2);AC=UNIMOD:259;TA=K;MT=Variable	NT=Phospho;AC=UNIMOD:21;TA=S,T,Y;MT=Variable	TiO2 digest batch	ftp://ftp.pride.ebi.ac.uk/pride/data/archive/2017/01/PXD003708/2014-Feb01-TiO2-PPA-E2-HLB1-1.raw	SW620
SW620_A_TiO2_E2	Homo sapiens	not applicable	1	colon adenocarcinoma	cell line	51Y	male	SW620	CVCL_0547	TiO2_E2	2014-Feb01-TiO2-PPA-E2-HLB2-1	proteomic profiling by mass spectrometry	1	2014-Feb01-TiO2-PPA-E2-HLB2-1.raw	v1.1.0	NT=ms-proteomics;VV=v1.1.0	NT=human;VV=v1.1.0	NT=cell-lines;VV=v1.1.0	manual curation	NT=Data-dependent acquisition;AC=PRIDE:0000627	NT=Q Exactive;AC=MS:1001911	NT=Trypsin;AC=MS:1001251	SILAC heavy	2	5 ppm	100 ppm	NT=Carbamidomethyl;AC=UNIMOD:4;TA=C;MT=Fixed	NT=Oxidation;AC=UNIMOD:35;TA=M;MT=Variable	NT=Label:13C(6)15N(4);AC=UNIMOD:267;TA=R;MT=Variable	NT=Label:13C(6)15N(2);AC=UNIMOD:259;TA=K;MT=Variable	NT=Phospho;AC=UNIMOD:21;TA=S,T,Y;MT=Variable	TiO2 digest batch	ftp://ftp.pride.ebi.ac.uk/pride/data/archive/2017/01/PXD003708/2014-Feb01-TiO2-PPA-E2-HLB2-1.raw	SW620
SW620_A_TiO2_E2	Homo sapiens	not applicable	1	colon adenocarcinoma	cell line	51Y	male	SW620	CVCL_0547	TiO2_E2	2014-Feb01-TiO2-PPA-E2-HLB3-1	proteomic profiling by mass spectrometry	1	2014-Feb01-TiO2-PPA-E2-HLB3-1.raw	v1.1.0	NT=ms-proteomics;VV=v1.1.0	NT=human;VV=v1.1.0	NT=cell-lines;VV=v1.1.0	manual curation	NT=Data-dependent acquisition;AC=PRIDE:0000627	NT=Q Exactive;AC=MS:1001911	NT=Trypsin;AC=MS:1001251	SILAC heavy	3	5 ppm	100 ppm	NT=Carbamidomethyl;AC=UNIMOD:4;TA=C;MT=Fixed	NT=Oxidation;AC=UNIMOD:35;TA=M;MT=Variable	NT=Label:13C(6)15N(4);AC=UNIMOD:267;TA=R;MT=Variable	NT=Label:13C(6)15N(2);AC=UNIMOD:259;TA=K;MT=Variable	NT=Phospho;AC=UNIMOD:21;TA=S,T,Y;MT=Variable	TiO2 digest batch	ftp://ftp.pride.ebi.ac.uk/pride/data/archive/2017/01/PXD003708/2014-Feb01-TiO2-PPA-E2-HLB3-1.raw	SW620
SW620_A_TiO2_E2	Homo sapiens	not applicable	1	colon adenocarcinoma	cell line	51Y	male	SW620	CVCL_0547	TiO2_E2	2014-Feb01-TiO2-PPA-E2-HLB4-1	proteomic profiling by mass spectrometry	1	2014-Feb01-TiO2-PPA-E2-HLB4-1.raw	v1.1.0	NT=ms-proteomics;VV=v1.1.0	NT=human;VV=v1.1.0	NT=cell-lines;VV=v1.1.0	manual curation	NT=Data-dependent acquisition;AC=PRIDE:0000627	NT=Q Exactive;AC=MS:1001911	NT=Trypsin;AC=MS:1001251	SILAC heavy	4	5 ppm	100 ppm	NT=Carbamidomethyl;AC=UNIMOD:4;TA=C;MT=Fixed	NT=Oxidation;AC=UNIMOD:35;TA=M;MT=Variable	NT=Label:13C(6)15N(4);AC=UNIMOD:267;TA=R;MT=Variable	NT=Label:13C(6)15N(2);AC=UNIMOD:259;TA=K;MT=Variable	NT=Phospho;AC=UNIMOD:21;TA=S,T,Y;MT=Variable	TiO2 digest batch	ftp://ftp.pride.ebi.ac.uk/pride/data/archive/2017/01/PXD003708/2014-Feb01-TiO2-PPA-E2-HLB4-1.raw	SW620
SW480_A_TiO2_E2	Homo sapiens	not applicable	1	colon adenocarcinoma	cell line	51Y	male	SW480	CVCL_0546	TiO2_E2	2014-Feb01-TiO2-PPA-E2-HLB1-2	proteomic profiling by mass spectrometry	2	2014-Feb01-TiO2-PPA-E2-HLB1-2.raw	v1.1.0	NT=ms-proteomics;VV=v1.1.0	NT=human;VV=v1.1.0	NT=cell-lines;VV=v1.1.0	manual curation	NT=Data-dependent acquisition;AC=PRIDE:0000627	NT=Q Exactive;AC=MS:1001911	NT=Trypsin;AC=MS:1001251	SILAC light	1	5 ppm	100 ppm	NT=Carbamidomethyl;AC=UNIMOD:4;TA=C;MT=Fixed	NT=Oxidation;AC=UNIMOD:35;TA=M;MT=Variable	NT=Label:13C(6)15N(4);AC=UNIMOD:267;TA=R;MT=Variable	NT=Label:13C(6)15N(2);AC=UNIMOD:259;TA=K;MT=Variable	NT=Phospho;AC=UNIMOD:21;TA=S,T,Y;MT=Variable	TiO2 digest batch	ftp://ftp.pride.ebi.ac.uk/pride/data/archive/2017/01/PXD003708/2014-Feb01-TiO2-PPA-E2-HLB1-2.raw	SW480
SW480_A_TiO2_E2	Homo sapiens	not applicable	1	colon adenocarcinoma	cell line	51Y	male	SW480	CVCL_0546	TiO2_E2	2014-Feb01-TiO2-PPA-E2-HLB2-2	proteomic profiling by mass spectrometry	2	2014-Feb01-TiO2-PPA-E2-HLB2-2.raw	v1.1.0	NT=ms-proteomics;VV=v1.1.0	NT=human;VV=v1.1.0	NT=cell-lines;VV=v1.1.0	manual curation	NT=Data-dependent acquisition;AC=PRIDE:0000627	NT=Q Exactive;AC=MS:1001911	NT=Trypsin;AC=MS:1001251	SILAC light	2	5 ppm	100 ppm	NT=Carbamidomethyl;AC=UNIMOD:4;TA=C;MT=Fixed	NT=Oxidation;AC=UNIMOD:35;TA=M;MT=Variable	NT=Label:13C(6)15N(4);AC=UNIMOD:267;TA=R;MT=Variable	NT=Label:13C(6)15N(2);AC=UNIMOD:259;TA=K;MT=Variable	NT=Phospho;AC=UNIMOD:21;TA=S,T,Y;MT=Variable	TiO2 digest batch	ftp://ftp.pride.ebi.ac.uk/pride/data/archive/2017/01/PXD003708/2014-Feb01-TiO2-PPA-E2-HLB2-2.raw	SW480
SW480_A_TiO2_E2	Homo sapiens	not applicable	1	colon adenocarcinoma	cell line	51Y	male	SW480	CVCL_0546	TiO2_E2	2014-Feb01-TiO2-PPA-E2-HLB3-2	proteomic profiling by mass spectrometry	2	2014-Feb01-TiO2-PPA-E2-HLB3-2.raw	v1.1.0	NT=ms-proteomics;VV=v1.1.0	NT=human;VV=v1.1.0	NT=cell-lines;VV=v1.1.0	manual curation	NT=Data-dependent acquisition;AC=PRIDE:0000627	NT=Q Exactive;AC=MS:1001911	NT=Trypsin;AC=MS:1001251	SILAC light	3	5 ppm	100 ppm	NT=Carbamidomethyl;AC=UNIMOD:4;TA=C;MT=Fixed	NT=Oxidation;AC=UNIMOD:35;TA=M;MT=Variable	NT=Label:13C(6)15N(4);AC=UNIMOD:267;TA=R;MT=Variable	NT=Label:13C(6)15N(2);AC=UNIMOD:259;TA=K;MT=Variable	NT=Phospho;AC=UNIMOD:21;TA=S,T,Y;MT=Variable	TiO2 digest batch	ftp://ftp.pride.ebi.ac.uk/pride/data/archive/2017/01/PXD003708/2014-Feb01-TiO2-PPA-E2-HLB3-2.raw	SW480
SW480_A_TiO2_E2	Homo sapiens	not applicable	1	colon adenocarcinoma	cell line	51Y	male	SW480	CVCL_0546	TiO2_E2	2014-Feb01-TiO2-PPA-E2-HLB4-2	proteomic profiling by mass spectrometry	2	2014-Feb01-TiO2-PPA-E2-HLB4-2.raw	v1.1.0	NT=ms-proteomics;VV=v1.1.0	NT=human;VV=v1.1.0	NT=cell-lines;VV=v1.1.0	manual curation	NT=Data-dependent acquisition;AC=PRIDE:0000627	NT=Q Exactive;AC=MS:1001911	NT=Trypsin;AC=MS:1001251	SILAC light	4	5 ppm	100 ppm	NT=Carbamidomethyl;AC=UNIMOD:4;TA=C;MT=Fixed	NT=Oxidation;AC=UNIMOD:35;TA=M;MT=Variable	NT=Label:13C(6)15N(4);AC=UNIMOD:267;TA=R;MT=Variable	NT=Label:13C(6)15N(2);AC=UNIMOD:259;TA=K;MT=Variable	NT=Phospho;AC=UNIMOD:21;TA=S,T,Y;MT=Variable	TiO2 digest batch	ftp://ftp.pride.ebi.ac.uk/pride/data/archive/2017/01/PXD003708/2014-Feb01-TiO2-PPA-E2-HLB4-2.raw	SW480
SW620_A_TiO2_E2	Homo sapiens	not applicable	1	colon adenocarcinoma	cell line	51Y	male	SW620	CVCL_0547	TiO2_E2	2014-Feb01-TiO2-PPA-E2-HLB1-2	proteomic profiling by mass spectrometry	2	2014-Feb01-TiO2-PPA-E2-HLB1-2.raw	v1.1.0	NT=ms-proteomics;VV=v1.1.0	NT=human;VV=v1.1.0	NT=cell-lines;VV=v1.1.0	manual curation	NT=Data-dependent acquisition;AC=PRIDE:0000627	NT=Q Exactive;AC=MS:1001911	NT=Trypsin;AC=MS:1001251	SILAC heavy	1	5 ppm	100 ppm	NT=Carbamidomethyl;AC=UNIMOD:4;TA=C;MT=Fixed	NT=Oxidation;AC=UNIMOD:35;TA=M;MT=Variable	NT=Label:13C(6)15N(4);AC=UNIMOD:267;TA=R;MT=Variable	NT=Label:13C(6)15N(2);AC=UNIMOD:259;TA=K;MT=Variable	NT=Phospho;AC=UNIMOD:21;TA=S,T,Y;MT=Variable	TiO2 digest batch	ftp://ftp.pride.ebi.ac.uk/pride/data/archive/2017/01/PXD003708/2014-Feb01-TiO2-PPA-E2-HLB1-2.raw	SW620
SW620_A_TiO2_E2	Homo sapiens	not applicable	1	colon adenocarcinoma	cell line	51Y	male	SW620	CVCL_0547	TiO2_E2	2014-Feb01-TiO2-PPA-E2-HLB2-2	proteomic profiling by mass spectrometry	2	2014-Feb01-TiO2-PPA-E2-HLB2-2.raw	v1.1.0	NT=ms-proteomics;VV=v1.1.0	NT=human;VV=v1.1.0	NT=cell-lines;VV=v1.1.0	manual curation	NT=Data-dependent acquisition;AC=PRIDE:0000627	NT=Q Exactive;AC=MS:1001911	NT=Trypsin;AC=MS:1001251	SILAC heavy	2	5 ppm	100 ppm	NT=Carbamidomethyl;AC=UNIMOD:4;TA=C;MT=Fixed	NT=Oxidation;AC=UNIMOD:35;TA=M;MT=Variable	NT=Label:13C(6)15N(4);AC=UNIMOD:267;TA=R;MT=Variable	NT=Label:13C(6)15N(2);AC=UNIMOD:259;TA=K;MT=Variable	NT=Phospho;AC=UNIMOD:21;TA=S,T,Y;MT=Variable	TiO2 digest batch	ftp://ftp.pride.ebi.ac.uk/pride/data/archive/2017/01/PXD003708/2014-Feb01-TiO2-PPA-E2-HLB2-2.raw	SW620
SW620_A_TiO2_E2	Homo sapiens	not applicable	1	colon adenocarcinoma	cell line	51Y	male	SW620	CVCL_0547	TiO2_E2	2014-Feb01-TiO2-PPA-E2-HLB3-2	proteomic profiling by mass spectrometry	2	2014-Feb01-TiO2-PPA-E2-HLB3-2.raw	v1.1.0	NT=ms-proteomics;VV=v1.1.0	NT=human;VV=v1.1.0	NT=cell-lines;VV=v1.1.0	manual curation	NT=Data-dependent acquisition;AC=PRIDE:0000627	NT=Q Exactive;AC=MS:1001911	NT=Trypsin;AC=MS:1001251	SILAC heavy	3	5 ppm	100 ppm	NT=Carbamidomethyl;AC=UNIMOD:4;TA=C;MT=Fixed	NT=Oxidation;AC=UNIMOD:35;TA=M;MT=Variable	NT=Label:13C(6)15N(4);AC=UNIMOD:267;TA=R;MT=Variable	NT=Label:13C(6)15N(2);AC=UNIMOD:259;TA=K;MT=Variable	NT=Phospho;AC=UNIMOD:21;TA=S,T,Y;MT=Variable	TiO2 digest batch	ftp://ftp.pride.ebi.ac.uk/pride/data/archive/2017/01/PXD003708/2014-Feb01-TiO2-PPA-E2-HLB3-2.raw	SW620
SW620_A_TiO2_E2	Homo sapiens	not applicable	1	colon adenocarcinoma	cell line	51Y	male	SW620	CVCL_0547	TiO2_E2	2014-Feb01-TiO2-PPA-E2-HLB4-2	proteomic profiling by mass spectrometry	2	2014-Feb01-TiO2-PPA-E2-HLB4-2.raw	v1.1.0	NT=ms-proteomics;VV=v1.1.0	NT=human;VV=v1.1.0	NT=cell-lines;VV=v1.1.0	manual curation	NT=Data-dependent acquisition;AC=PRIDE:0000627	NT=Q Exactive;AC=MS:1001911	NT=Trypsin;AC=MS:1001251	SILAC heavy	4	5 ppm	100 ppm	NT=Carbamidomethyl;AC=UNIMOD:4;TA=C;MT=Fixed	NT=Oxidation;AC=UNIMOD:35;TA=M;MT=Variable	NT=Label:13C(6)15N(4);AC=UNIMOD:267;TA=R;MT=Variable	NT=Label:13C(6)15N(2);AC=UNIMOD:259;TA=K;MT=Variable	NT=Phospho;AC=UNIMOD:21;TA=S,T,Y;MT=Variable	TiO2 digest batch	ftp://ftp.pride.ebi.ac.uk/pride/data/archive/2017/01/PXD003708/2014-Feb01-TiO2-PPA-E2-HLB4-2.raw	SW620
SW480_A_TiO2_E2	Homo sapiens	not applicable	1	colon adenocarcinoma	cell line	51Y	male	SW480	CVCL_0546	TiO2_E2	2014-Feb01-TiO2-PPA-E2-HLB1-3	proteomic profiling by mass spectrometry	3	2014-Feb01-TiO2-PPA-E2-HLB1-3.raw	v1.1.0	NT=ms-proteomics;VV=v1.1.0	NT=human;VV=v1.1.0	NT=cell-lines;VV=v1.1.0	manual curation	NT=Data-dependent acquisition;AC=PRIDE:0000627	NT=Q Exactive;AC=MS:1001911	NT=Trypsin;AC=MS:1001251	SILAC light	1	5 ppm	100 ppm	NT=Carbamidomethyl;AC=UNIMOD:4;TA=C;MT=Fixed	NT=Oxidation;AC=UNIMOD:35;TA=M;MT=Variable	NT=Label:13C(6)15N(4);AC=UNIMOD:267;TA=R;MT=Variable	NT=Label:13C(6)15N(2);AC=UNIMOD:259;TA=K;MT=Variable	NT=Phospho;AC=UNIMOD:21;TA=S,T,Y;MT=Variable	TiO2 digest batch	ftp://ftp.pride.ebi.ac.uk/pride/data/archive/2017/01/PXD003708/2014-Feb01-TiO2-PPA-E2-HLB1-3.raw	SW480
SW620_A_TiO2_E2	Homo sapiens	not applicable	1	colon adenocarcinoma	cell line	51Y	male	SW620	CVCL_0547	TiO2_E2	2014-Feb01-TiO2-PPA-E2-HLB1-3	proteomic profiling by mass spectrometry	3	2014-Feb01-TiO2-PPA-E2-HLB1-3.raw	v1.1.0	NT=ms-proteomics;VV=v1.1.0	NT=human;VV=v1.1.0	NT=cell-lines;VV=v1.1.0	manual curation	NT=Data-dependent acquisition;AC=PRIDE:0000627	NT=Q Exactive;AC=MS:1001911	NT=Trypsin;AC=MS:1001251	SILAC heavy	1	5 ppm	100 ppm	NT=Carbamidomethyl;AC=UNIMOD:4;TA=C;MT=Fixed	NT=Oxidation;AC=UNIMOD:35;TA=M;MT=Variable	NT=Label:13C(6)15N(4);AC=UNIMOD:267;TA=R;MT=Variable	NT=Label:13C(6)15N(2);AC=UNIMOD:259;TA=K;MT=Variable	NT=Phospho;AC=UNIMOD:21;TA=S,T,Y;MT=Variable	TiO2 digest batch	ftp://ftp.pride.ebi.ac.uk/pride/data/archive/2017/01/PXD003708/2014-Feb01-TiO2-PPA-E2-HLB1-3.raw	SW620
SW480_A_TiO2_nonenriched	Homo sapiens	not applicable	1	colon adenocarcinoma	cell line	51Y	male	SW480	CVCL_0546	TiO2_nonenriched	2014-Feb01-TiO2_nonenriched_A-1	proteomic profiling by mass spectrometry	1	2014-Feb01-TiO2_nonenriched_A-1.raw	v1.1.0	NT=ms-proteomics;VV=v1.1.0	NT=human;VV=v1.1.0	NT=cell-lines;VV=v1.1.0	manual curation	NT=Data-dependent acquisition;AC=PRIDE:0000627	NT=Q Exactive;AC=MS:1001911	NT=Trypsin;AC=MS:1001251	SILAC light	1	5 ppm	100 ppm	NT=Carbamidomethyl;AC=UNIMOD:4;TA=C;MT=Fixed	NT=Oxidation;AC=UNIMOD:35;TA=M;MT=Variable	NT=Label:13C(6)15N(4);AC=UNIMOD:267;TA=R;MT=Variable	NT=Label:13C(6)15N(2);AC=UNIMOD:259;TA=K;MT=Variable	not applicable	TiO2 digest batch	ftp://ftp.pride.ebi.ac.uk/pride/data/archive/2017/01/PXD003708/2014-Feb01-TiO2_nonenriched_A-1.raw	SW480
SW620_A_TiO2_nonenriched	Homo sapiens	not applicable	1	colon adenocarcinoma	cell line	51Y	male	SW620	CVCL_0547	TiO2_nonenriched	2014-Feb01-TiO2_nonenriched_A-1	proteomic profiling by mass spectrometry	1	2014-Feb01-TiO2_nonenriched_A-1.raw	v1.1.0	NT=ms-proteomics;VV=v1.1.0	NT=human;VV=v1.1.0	NT=cell-lines;VV=v1.1.0	manual curation	NT=Data-dependent acquisition;AC=PRIDE:0000627	NT=Q Exactive;AC=MS:1001911	NT=Trypsin;AC=MS:1001251	SILAC heavy	1	5 ppm	100 ppm	NT=Carbamidomethyl;AC=UNIMOD:4;TA=C;MT=Fixed	NT=Oxidation;AC=UNIMOD:35;TA=M;MT=Variable	NT=Label:13C(6)15N(4);AC=UNIMOD:267;TA=R;MT=Variable	NT=Label:13C(6)15N(2);AC=UNIMOD:259;TA=K;MT=Variable	not applicable	TiO2 digest batch	ftp://ftp.pride.ebi.ac.uk/pride/data/archive/2017/01/PXD003708/2014-Feb01-TiO2_nonenriched_A-1.raw	SW620
SW480_A_TiO2_nonenriched	Homo sapiens	not applicable	1	colon adenocarcinoma	cell line	51Y	male	SW480	CVCL_0546	TiO2_nonenriched	2014-Feb01-TiO2_nonenriched_A-2	proteomic profiling by mass spectrometry	2	2014-Feb01-TiO2_nonenriched_A-2.raw	v1.1.0	NT=ms-proteomics;VV=v1.1.0	NT=human;VV=v1.1.0	NT=cell-lines;VV=v1.1.0	manual curation	NT=Data-dependent acquisition;AC=PRIDE:0000627	NT=Q Exactive;AC=MS:1001911	NT=Trypsin;AC=MS:1001251	SILAC light	1	5 ppm	100 ppm	NT=Carbamidomethyl;AC=UNIMOD:4;TA=C;MT=Fixed	NT=Oxidation;AC=UNIMOD:35;TA=M;MT=Variable	NT=Label:13C(6)15N(4);AC=UNIMOD:267;TA=R;MT=Variable	NT=Label:13C(6)15N(2);AC=UNIMOD:259;TA=K;MT=Variable	not applicable	TiO2 digest batch	ftp://ftp.pride.ebi.ac.uk/pride/data/archive/2017/01/PXD003708/2014-Feb01-TiO2_nonenriched_A-2.raw	SW480
SW620_A_TiO2_nonenriched	Homo sapiens	not applicable	1	colon adenocarcinoma	cell line	51Y	male	SW620	CVCL_0547	TiO2_nonenriched	2014-Feb01-TiO2_nonenriched_A-2	proteomic profiling by mass spectrometry	2	2014-Feb01-TiO2_nonenriched_A-2.raw	v1.1.0	NT=ms-proteomics;VV=v1.1.0	NT=human;VV=v1.1.0	NT=cell-lines;VV=v1.1.0	manual curation	NT=Data-dependent acquisition;AC=PRIDE:0000627	NT=Q Exactive;AC=MS:1001911	NT=Trypsin;AC=MS:1001251	SILAC heavy	1	5 ppm	100 ppm	NT=Carbamidomethyl;AC=UNIMOD:4;TA=C;MT=Fixed	NT=Oxidation;AC=UNIMOD:35;TA=M;MT=Variable	NT=Label:13C(6)15N(4);AC=UNIMOD:267;TA=R;MT=Variable	NT=Label:13C(6)15N(2);AC=UNIMOD:259;TA=K;MT=Variable	not applicable	TiO2 digest batch	ftp://ftp.pride.ebi.ac.uk/pride/data/archive/2017/01/PXD003708/2014-Feb01-TiO2_nonenriched_A-2.raw	SW620
SW480_B_IMAC1	Homo sapiens	not applicable	2	colon adenocarcinoma	cell line	51Y	male	SW480	CVCL_0546	IMAC1	2013-Nov_22_PPB_IMAC1_HLB1-5_R1	proteomic profiling by mass spectrometry	1	2013-Nov_22_PPB_IMAC1_HLB1-5_R1.raw	v1.1.0	NT=ms-proteomics;VV=v1.1.0	NT=human;VV=v1.1.0	NT=cell-lines;VV=v1.1.0	manual curation	NT=Data-dependent acquisition;AC=PRIDE:0000627	NT=Q Exactive;AC=MS:1001911	NT=Trypsin;AC=MS:1001251	SILAC heavy	1	5 ppm	100 ppm	NT=Carbamidomethyl;AC=UNIMOD:4;TA=C;MT=Fixed	NT=Oxidation;AC=UNIMOD:35;TA=M;MT=Variable	NT=Label:13C(6)15N(4);AC=UNIMOD:267;TA=R;MT=Variable	NT=Label:13C(6)15N(2);AC=UNIMOD:259;TA=K;MT=Variable	NT=Phospho;AC=UNIMOD:21;TA=S,T,Y;MT=Variable	IMAC digest batch	ftp://ftp.pride.ebi.ac.uk/pride/data/archive/2017/01/PXD003708/2013-Nov_22_PPB_IMAC1_HLB1-5_R1.raw	SW480
SW480_B_IMAC1	Homo sapiens	not applicable	2	colon adenocarcinoma	cell line	51Y	male	SW480	CVCL_0546	IMAC1	2013-Nov_22_PPB_IMAC1_HLB2-6_R1	proteomic profiling by mass spectrometry	1	2013-Nov_22_PPB_IMAC1_HLB2-6_R1.raw	v1.1.0	NT=ms-proteomics;VV=v1.1.0	NT=human;VV=v1.1.0	NT=cell-lines;VV=v1.1.0	manual curation	NT=Data-dependent acquisition;AC=PRIDE:0000627	NT=Q Exactive;AC=MS:1001911	NT=Trypsin;AC=MS:1001251	SILAC heavy	2	5 ppm	100 ppm	NT=Carbamidomethyl;AC=UNIMOD:4;TA=C;MT=Fixed	NT=Oxidation;AC=UNIMOD:35;TA=M;MT=Variable	NT=Label:13C(6)15N(4);AC=UNIMOD:267;TA=R;MT=Variable	NT=Label:13C(6)15N(2);AC=UNIMOD:259;TA=K;MT=Variable	NT=Phospho;AC=UNIMOD:21;TA=S,T,Y;MT=Variable	IMAC digest batch	ftp://ftp.pride.ebi.ac.uk/pride/data/archive/2017/01/PXD003708/2013-Nov_22_PPB_IMAC1_HLB2-6_R1.raw	SW480
SW480_B_IMAC1	Homo sapiens	not applicable	2	colon adenocarcinoma	cell line	51Y	male	SW480	CVCL_0546	IMAC1	2013-Nov_22_PPB_IMAC1_HLB3-7_R1	proteomic profiling by mass spectrometry	1	2013-Nov_22_PPB_IMAC1_HLB3-7_R1.raw	v1.1.0	NT=ms-proteomics;VV=v1.1.0	NT=human;VV=v1.1.0	NT=cell-lines;VV=v1.1.0	manual curation	NT=Data-dependent acquisition;AC=PRIDE:0000627	NT=Q Exactive;AC=MS:1001911	NT=Trypsin;AC=MS:1001251	SILAC heavy	3	5 ppm	100 ppm	NT=Carbamidomethyl;AC=UNIMOD:4;TA=C;MT=Fixed	NT=Oxidation;AC=UNIMOD:35;TA=M;MT=Variable	NT=Label:13C(6)15N(4);AC=UNIMOD:267;TA=R;MT=Variable	NT=Label:13C(6)15N(2);AC=UNIMOD:259;TA=K;MT=Variable	NT=Phospho;AC=UNIMOD:21;TA=S,T,Y;MT=Variable	IMAC digest batch	ftp://ftp.pride.ebi.ac.uk/pride/data/archive/2017/01/PXD003708/2013-Nov_22_PPB_IMAC1_HLB3-7_R1.raw	SW480
SW480_B_IMAC1	Homo sapiens	not applicable	2	colon adenocarcinoma	cell line	51Y	male	SW480	CVCL_0546	IMAC1	2013-Nov_22_PPB_IMAC1_HLB4-8_R1	proteomic profiling by mass spectrometry	1	2013-Nov_22_PPB_IMAC1_HLB4-8_R1.raw	v1.1.0	NT=ms-proteomics;VV=v1.1.0	NT=human;VV=v1.1.0	NT=cell-lines;VV=v1.1.0	manual curation	NT=Data-dependent acquisition;AC=PRIDE:0000627	NT=Q Exactive;AC=MS:1001911	NT=Trypsin;AC=MS:1001251	SILAC heavy	4	5 ppm	100 ppm	NT=Carbamidomethyl;AC=UNIMOD:4;TA=C;MT=Fixed	NT=Oxidation;AC=UNIMOD:35;TA=M;MT=Variable	NT=Label:13C(6)15N(4);AC=UNIMOD:267;TA=R;MT=Variable	NT=Label:13C(6)15N(2);AC=UNIMOD:259;TA=K;MT=Variable	NT=Phospho;AC=UNIMOD:21;TA=S,T,Y;MT=Variable	IMAC digest batch	ftp://ftp.pride.ebi.ac.uk/pride/data/archive/2017/01/PXD003708/2013-Nov_22_PPB_IMAC1_HLB4-8_R1.raw	SW480
SW620_B_IMAC1	Homo sapiens	not applicable	2	colon adenocarcinoma	cell line	51Y	male	SW620	CVCL_0547	IMAC1	2013-Nov_22_PPB_IMAC1_HLB1-5_R1	proteomic profiling by mass spectrometry	1	2013-Nov_22_PPB_IMAC1_HLB1-5_R1.raw	v1.1.0	NT=ms-proteomics;VV=v1.1.0	NT=human;VV=v1.1.0	NT=cell-lines;VV=v1.1.0	manual curation	NT=Data-dependent acquisition;AC=PRIDE:0000627	NT=Q Exactive;AC=MS:1001911	NT=Trypsin;AC=MS:1001251	SILAC light	1	5 ppm	100 ppm	NT=Carbamidomethyl;AC=UNIMOD:4;TA=C;MT=Fixed	NT=Oxidation;AC=UNIMOD:35;TA=M;MT=Variable	NT=Label:13C(6)15N(4);AC=UNIMOD:267;TA=R;MT=Variable	NT=Label:13C(6)15N(2);AC=UNIMOD:259;TA=K;MT=Variable	NT=Phospho;AC=UNIMOD:21;TA=S,T,Y;MT=Variable	IMAC digest batch	ftp://ftp.pride.ebi.ac.uk/pride/data/archive/2017/01/PXD003708/2013-Nov_22_PPB_IMAC1_HLB1-5_R1.raw	SW620
SW620_B_IMAC1	Homo sapiens	not applicable	2	colon adenocarcinoma	cell line	51Y	male	SW620	CVCL_0547	IMAC1	2013-Nov_22_PPB_IMAC1_HLB2-6_R1	proteomic profiling by mass spectrometry	1	2013-Nov_22_PPB_IMAC1_HLB2-6_R1.raw	v1.1.0	NT=ms-proteomics;VV=v1.1.0	NT=human;VV=v1.1.0	NT=cell-lines;VV=v1.1.0	manual curation	NT=Data-dependent acquisition;AC=PRIDE:0000627	NT=Q Exactive;AC=MS:1001911	NT=Trypsin;AC=MS:1001251	SILAC light	2	5 ppm	100 ppm	NT=Carbamidomethyl;AC=UNIMOD:4;TA=C;MT=Fixed	NT=Oxidation;AC=UNIMOD:35;TA=M;MT=Variable	NT=Label:13C(6)15N(4);AC=UNIMOD:267;TA=R;MT=Variable	NT=Label:13C(6)15N(2);AC=UNIMOD:259;TA=K;MT=Variable	NT=Phospho;AC=UNIMOD:21;TA=S,T,Y;MT=Variable	IMAC digest batch	ftp://ftp.pride.ebi.ac.uk/pride/data/archive/2017/01/PXD003708/2013-Nov_22_PPB_IMAC1_HLB2-6_R1.raw	SW620
SW620_B_IMAC1	Homo sapiens	not applicable	2	colon adenocarcinoma	cell line	51Y	male	SW620	CVCL_0547	IMAC1	2013-Nov_22_PPB_IMAC1_HLB3-7_R1	proteomic profiling by mass spectrometry	1	2013-Nov_22_PPB_IMAC1_HLB3-7_R1.raw	v1.1.0	NT=ms-proteomics;VV=v1.1.0	NT=human;VV=v1.1.0	NT=cell-lines;VV=v1.1.0	manual curation	NT=Data-dependent acquisition;AC=PRIDE:0000627	NT=Q Exactive;AC=MS:1001911	NT=Trypsin;AC=MS:1001251	SILAC light	3	5 ppm	100 ppm	NT=Carbamidomethyl;AC=UNIMOD:4;TA=C;MT=Fixed	NT=Oxidation;AC=UNIMOD:35;TA=M;MT=Variable	NT=Label:13C(6)15N(4);AC=UNIMOD:267;TA=R;MT=Variable	NT=Label:13C(6)15N(2);AC=UNIMOD:259;TA=K;MT=Variable	NT=Phospho;AC=UNIMOD:21;TA=S,T,Y;MT=Variable	IMAC digest batch	ftp://ftp.pride.ebi.ac.uk/pride/data/archive/2017/01/PXD003708/2013-Nov_22_PPB_IMAC1_HLB3-7_R1.raw	SW620
SW620_B_IMAC1	Homo sapiens	not applicable	2	colon adenocarcinoma	cell line	51Y	male	SW620	CVCL_0547	IMAC1	2013-Nov_22_PPB_IMAC1_HLB4-8_R1	proteomic profiling by mass spectrometry	1	2013-Nov_22_PPB_IMAC1_HLB4-8_R1.raw	v1.1.0	NT=ms-proteomics;VV=v1.1.0	NT=human;VV=v1.1.0	NT=cell-lines;VV=v1.1.0	manual curation	NT=Data-dependent acquisition;AC=PRIDE:0000627	NT=Q Exactive;AC=MS:1001911	NT=Trypsin;AC=MS:1001251	SILAC light	4	5 ppm	100 ppm	NT=Carbamidomethyl;AC=UNIMOD:4;TA=C;MT=Fixed	NT=Oxidation;AC=UNIMOD:35;TA=M;MT=Variable	NT=Label:13C(6)15N(4);AC=UNIMOD:267;TA=R;MT=Variable	NT=Label:13C(6)15N(2);AC=UNIMOD:259;TA=K;MT=Variable	NT=Phospho;AC=UNIMOD:21;TA=S,T,Y;MT=Variable	IMAC digest batch	ftp://ftp.pride.ebi.ac.uk/pride/data/archive/2017/01/PXD003708/2013-Nov_22_PPB_IMAC1_HLB4-8_R1.raw	SW620
SW480_B_IMAC1	Homo sapiens	not applicable	2	colon adenocarcinoma	cell line	51Y	male	SW480	CVCL_0546	IMAC1	2013-Nov_22_PPB_IMAC1_HLB1-5_R2	proteomic profiling by mass spectrometry	2	2013-Nov_22_PPB_IMAC1_HLB1-5_R2.raw	v1.1.0	NT=ms-proteomics;VV=v1.1.0	NT=human;VV=v1.1.0	NT=cell-lines;VV=v1.1.0	manual curation	NT=Data-dependent acquisition;AC=PRIDE:0000627	NT=Q Exactive;AC=MS:1001911	NT=Trypsin;AC=MS:1001251	SILAC heavy	1	5 ppm	100 ppm	NT=Carbamidomethyl;AC=UNIMOD:4;TA=C;MT=Fixed	NT=Oxidation;AC=UNIMOD:35;TA=M;MT=Variable	NT=Label:13C(6)15N(4);AC=UNIMOD:267;TA=R;MT=Variable	NT=Label:13C(6)15N(2);AC=UNIMOD:259;TA=K;MT=Variable	NT=Phospho;AC=UNIMOD:21;TA=S,T,Y;MT=Variable	IMAC digest batch	ftp://ftp.pride.ebi.ac.uk/pride/data/archive/2017/01/PXD003708/2013-Nov_22_PPB_IMAC1_HLB1-5_R2.raw	SW480
SW480_B_IMAC1	Homo sapiens	not applicable	2	colon adenocarcinoma	cell line	51Y	male	SW480	CVCL_0546	IMAC1	2013-Nov_22_PPB_IMAC1_HLB2-6_R2	proteomic profiling by mass spectrometry	2	2013-Nov_22_PPB_IMAC1_HLB2-6_R2.raw	v1.1.0	NT=ms-proteomics;VV=v1.1.0	NT=human;VV=v1.1.0	NT=cell-lines;VV=v1.1.0	manual curation	NT=Data-dependent acquisition;AC=PRIDE:0000627	NT=Q Exactive;AC=MS:1001911	NT=Trypsin;AC=MS:1001251	SILAC heavy	2	5 ppm	100 ppm	NT=Carbamidomethyl;AC=UNIMOD:4;TA=C;MT=Fixed	NT=Oxidation;AC=UNIMOD:35;TA=M;MT=Variable	NT=Label:13C(6)15N(4);AC=UNIMOD:267;TA=R;MT=Variable	NT=Label:13C(6)15N(2);AC=UNIMOD:259;TA=K;MT=Variable	NT=Phospho;AC=UNIMOD:21;TA=S,T,Y;MT=Variable	IMAC digest batch	ftp://ftp.pride.ebi.ac.uk/pride/data/archive/2017/01/PXD003708/2013-Nov_22_PPB_IMAC1_HLB2-6_R2.raw	SW480
SW480_B_IMAC1	Homo sapiens	not applicable	2	colon adenocarcinoma	cell line	51Y	male	SW480	CVCL_0546	IMAC1	2013-Nov_22_PPB_IMAC1_HLB3-7_R2	proteomic profiling by mass spectrometry	2	2013-Nov_22_PPB_IMAC1_HLB3-7_R2.raw	v1.1.0	NT=ms-proteomics;VV=v1.1.0	NT=human;VV=v1.1.0	NT=cell-lines;VV=v1.1.0	manual curation	NT=Data-dependent acquisition;AC=PRIDE:0000627	NT=Q Exactive;AC=MS:1001911	NT=Trypsin;AC=MS:1001251	SILAC heavy	3	5 ppm	100 ppm	NT=Carbamidomethyl;AC=UNIMOD:4;TA=C;MT=Fixed	NT=Oxidation;AC=UNIMOD:35;TA=M;MT=Variable	NT=Label:13C(6)15N(4);AC=UNIMOD:267;TA=R;MT=Variable	NT=Label:13C(6)15N(2);AC=UNIMOD:259;TA=K;MT=Variable	NT=Phospho;AC=UNIMOD:21;TA=S,T,Y;MT=Variable	IMAC digest batch	ftp://ftp.pride.ebi.ac.uk/pride/data/archive/2017/01/PXD003708/2013-Nov_22_PPB_IMAC1_HLB3-7_R2.raw	SW480
SW480_B_IMAC1	Homo sapiens	not applicable	2	colon adenocarcinoma	cell line	51Y	male	SW480	CVCL_0546	IMAC1	2013-Nov_22_PPB_IMAC1_HLB4-8_R2	proteomic profiling by mass spectrometry	2	2013-Nov_22_PPB_IMAC1_HLB4-8_R2.raw	v1.1.0	NT=ms-proteomics;VV=v1.1.0	NT=human;VV=v1.1.0	NT=cell-lines;VV=v1.1.0	manual curation	NT=Data-dependent acquisition;AC=PRIDE:0000627	NT=Q Exactive;AC=MS:1001911	NT=Trypsin;AC=MS:1001251	SILAC heavy	4	5 ppm	100 ppm	NT=Carbamidomethyl;AC=UNIMOD:4;TA=C;MT=Fixed	NT=Oxidation;AC=UNIMOD:35;TA=M;MT=Variable	NT=Label:13C(6)15N(4);AC=UNIMOD:267;TA=R;MT=Variable	NT=Label:13C(6)15N(2);AC=UNIMOD:259;TA=K;MT=Variable	NT=Phospho;AC=UNIMOD:21;TA=S,T,Y;MT=Variable	IMAC digest batch	ftp://ftp.pride.ebi.ac.uk/pride/data/archive/2017/01/PXD003708/2013-Nov_22_PPB_IMAC1_HLB4-8_R2.raw	SW480
SW620_B_IMAC1	Homo sapiens	not applicable	2	colon adenocarcinoma	cell line	51Y	male	SW620	CVCL_0547	IMAC1	2013-Nov_22_PPB_IMAC1_HLB1-5_R2	proteomic profiling by mass spectrometry	2	2013-Nov_22_PPB_IMAC1_HLB1-5_R2.raw	v1.1.0	NT=ms-proteomics;VV=v1.1.0	NT=human;VV=v1.1.0	NT=cell-lines;VV=v1.1.0	manual curation	NT=Data-dependent acquisition;AC=PRIDE:0000627	NT=Q Exactive;AC=MS:1001911	NT=Trypsin;AC=MS:1001251	SILAC light	1	5 ppm	100 ppm	NT=Carbamidomethyl;AC=UNIMOD:4;TA=C;MT=Fixed	NT=Oxidation;AC=UNIMOD:35;TA=M;MT=Variable	NT=Label:13C(6)15N(4);AC=UNIMOD:267;TA=R;MT=Variable	NT=Label:13C(6)15N(2);AC=UNIMOD:259;TA=K;MT=Variable	NT=Phospho;AC=UNIMOD:21;TA=S,T,Y;MT=Variable	IMAC digest batch	ftp://ftp.pride.ebi.ac.uk/pride/data/archive/2017/01/PXD003708/2013-Nov_22_PPB_IMAC1_HLB1-5_R2.raw	SW620
SW620_B_IMAC1	Homo sapiens	not applicable	2	colon adenocarcinoma	cell line	51Y	male	SW620	CVCL_0547	IMAC1	2013-Nov_22_PPB_IMAC1_HLB2-6_R2	proteomic profiling by mass spectrometry	2	2013-Nov_22_PPB_IMAC1_HLB2-6_R2.raw	v1.1.0	NT=ms-proteomics;VV=v1.1.0	NT=human;VV=v1.1.0	NT=cell-lines;VV=v1.1.0	manual curation	NT=Data-dependent acquisition;AC=PRIDE:0000627	NT=Q Exactive;AC=MS:1001911	NT=Trypsin;AC=MS:1001251	SILAC light	2	5 ppm	100 ppm	NT=Carbamidomethyl;AC=UNIMOD:4;TA=C;MT=Fixed	NT=Oxidation;AC=UNIMOD:35;TA=M;MT=Variable	NT=Label:13C(6)15N(4);AC=UNIMOD:267;TA=R;MT=Variable	NT=Label:13C(6)15N(2);AC=UNIMOD:259;TA=K;MT=Variable	NT=Phospho;AC=UNIMOD:21;TA=S,T,Y;MT=Variable	IMAC digest batch	ftp://ftp.pride.ebi.ac.uk/pride/data/archive/2017/01/PXD003708/2013-Nov_22_PPB_IMAC1_HLB2-6_R2.raw	SW620
SW620_B_IMAC1	Homo sapiens	not applicable	2	colon adenocarcinoma	cell line	51Y	male	SW620	CVCL_0547	IMAC1	2013-Nov_22_PPB_IMAC1_HLB3-7_R2	proteomic profiling by mass spectrometry	2	2013-Nov_22_PPB_IMAC1_HLB3-7_R2.raw	v1.1.0	NT=ms-proteomics;VV=v1.1.0	NT=human;VV=v1.1.0	NT=cell-lines;VV=v1.1.0	manual curation	NT=Data-dependent acquisition;AC=PRIDE:0000627	NT=Q Exactive;AC=MS:1001911	NT=Trypsin;AC=MS:1001251	SILAC light	3	5 ppm	100 ppm	NT=Carbamidomethyl;AC=UNIMOD:4;TA=C;MT=Fixed	NT=Oxidation;AC=UNIMOD:35;TA=M;MT=Variable	NT=Label:13C(6)15N(4);AC=UNIMOD:267;TA=R;MT=Variable	NT=Label:13C(6)15N(2);AC=UNIMOD:259;TA=K;MT=Variable	NT=Phospho;AC=UNIMOD:21;TA=S,T,Y;MT=Variable	IMAC digest batch	ftp://ftp.pride.ebi.ac.uk/pride/data/archive/2017/01/PXD003708/2013-Nov_22_PPB_IMAC1_HLB3-7_R2.raw	SW620
SW620_B_IMAC1	Homo sapiens	not applicable	2	colon adenocarcinoma	cell line	51Y	male	SW620	CVCL_0547	IMAC1	2013-Nov_22_PPB_IMAC1_HLB4-8_R2	proteomic profiling by mass spectrometry	2	2013-Nov_22_PPB_IMAC1_HLB4-8_R2.raw	v1.1.0	NT=ms-proteomics;VV=v1.1.0	NT=human;VV=v1.1.0	NT=cell-lines;VV=v1.1.0	manual curation	NT=Data-dependent acquisition;AC=PRIDE:0000627	NT=Q Exactive;AC=MS:1001911	NT=Trypsin;AC=MS:1001251	SILAC light	4	5 ppm	100 ppm	NT=Carbamidomethyl;AC=UNIMOD:4;TA=C;MT=Fixed	NT=Oxidation;AC=UNIMOD:35;TA=M;MT=Variable	NT=Label:13C(6)15N(4);AC=UNIMOD:267;TA=R;MT=Variable	NT=Label:13C(6)15N(2);AC=UNIMOD:259;TA=K;MT=Variable	NT=Phospho;AC=UNIMOD:21;TA=S,T,Y;MT=Variable	IMAC digest batch	ftp://ftp.pride.ebi.ac.uk/pride/data/archive/2017/01/PXD003708/2013-Nov_22_PPB_IMAC1_HLB4-8_R2.raw	SW620
SW480_B_IMAC2-3	Homo sapiens	not applicable	2	colon adenocarcinoma	cell line	51Y	male	SW480	CVCL_0546	IMAC2-3	2013-Nov_22_PPB_IMAC2-3_HLB1-5_R1	proteomic profiling by mass spectrometry	1	2013-Nov_22_PPB_IMAC2-3_HLB1-5_R1.raw	v1.1.0	NT=ms-proteomics;VV=v1.1.0	NT=human;VV=v1.1.0	NT=cell-lines;VV=v1.1.0	manual curation	NT=Data-dependent acquisition;AC=PRIDE:0000627	NT=Q Exactive;AC=MS:1001911	NT=Trypsin;AC=MS:1001251	SILAC heavy	1	5 ppm	100 ppm	NT=Carbamidomethyl;AC=UNIMOD:4;TA=C;MT=Fixed	NT=Oxidation;AC=UNIMOD:35;TA=M;MT=Variable	NT=Label:13C(6)15N(4);AC=UNIMOD:267;TA=R;MT=Variable	NT=Label:13C(6)15N(2);AC=UNIMOD:259;TA=K;MT=Variable	NT=Phospho;AC=UNIMOD:21;TA=S,T,Y;MT=Variable	IMAC digest batch	ftp://ftp.pride.ebi.ac.uk/pride/data/archive/2017/01/PXD003708/2013-Nov_22_PPB_IMAC2-3_HLB1-5_R1.raw	SW480
SW480_B_IMAC2-3	Homo sapiens	not applicable	2	colon adenocarcinoma	cell line	51Y	male	SW480	CVCL_0546	IMAC2-3	2013-Nov_22_PPB_IMAC2-3_HLB2-6_R1	proteomic profiling by mass spectrometry	1	2013-Nov_22_PPB_IMAC2-3_HLB2-6_R1.raw	v1.1.0	NT=ms-proteomics;VV=v1.1.0	NT=human;VV=v1.1.0	NT=cell-lines;VV=v1.1.0	manual curation	NT=Data-dependent acquisition;AC=PRIDE:0000627	NT=Q Exactive;AC=MS:1001911	NT=Trypsin;AC=MS:1001251	SILAC heavy	2	5 ppm	100 ppm	NT=Carbamidomethyl;AC=UNIMOD:4;TA=C;MT=Fixed	NT=Oxidation;AC=UNIMOD:35;TA=M;MT=Variable	NT=Label:13C(6)15N(4);AC=UNIMOD:267;TA=R;MT=Variable	NT=Label:13C(6)15N(2);AC=UNIMOD:259;TA=K;MT=Variable	NT=Phospho;AC=UNIMOD:21;TA=S,T,Y;MT=Variable	IMAC digest batch	ftp://ftp.pride.ebi.ac.uk/pride/data/archive/2017/01/PXD003708/2013-Nov_22_PPB_IMAC2-3_HLB2-6_R1.raw	SW480
SW480_B_IMAC2-3	Homo sapiens	not applicable	2	colon adenocarcinoma	cell line	51Y	male	SW480	CVCL_0546	IMAC2-3	2013-Nov_22_PPB_IMAC2-3_HLB3-7_R1	proteomic profiling by mass spectrometry	1	2013-Nov_22_PPB_IMAC2-3_HLB3-7_R1.raw	v1.1.0	NT=ms-proteomics;VV=v1.1.0	NT=human;VV=v1.1.0	NT=cell-lines;VV=v1.1.0	manual curation	NT=Data-dependent acquisition;AC=PRIDE:0000627	NT=Q Exactive;AC=MS:1001911	NT=Trypsin;AC=MS:1001251	SILAC heavy	3	5 ppm	100 ppm	NT=Carbamidomethyl;AC=UNIMOD:4;TA=C;MT=Fixed	NT=Oxidation;AC=UNIMOD:35;TA=M;MT=Variable	NT=Label:13C(6)15N(4);AC=UNIMOD:267;TA=R;MT=Variable	NT=Label:13C(6)15N(2);AC=UNIMOD:259;TA=K;MT=Variable	NT=Phospho;AC=UNIMOD:21;TA=S,T,Y;MT=Variable	IMAC digest batch	ftp://ftp.pride.ebi.ac.uk/pride/data/archive/2017/01/PXD003708/2013-Nov_22_PPB_IMAC2-3_HLB3-7_R1.raw	SW480
SW480_B_IMAC2-3	Homo sapiens	not applicable	2	colon adenocarcinoma	cell line	51Y	male	SW480	CVCL_0546	IMAC2-3	2013-Nov_22_PPB_IMAC2-3_HLB4-8_R1	proteomic profiling by mass spectrometry	1	2013-Nov_22_PPB_IMAC2-3_HLB4-8_R1.raw	v1.1.0	NT=ms-proteomics;VV=v1.1.0	NT=human;VV=v1.1.0	NT=cell-lines;VV=v1.1.0	manual curation	NT=Data-dependent acquisition;AC=PRIDE:0000627	NT=Q Exactive;AC=MS:1001911	NT=Trypsin;AC=MS:1001251	SILAC heavy	4	5 ppm	100 ppm	NT=Carbamidomethyl;AC=UNIMOD:4;TA=C;MT=Fixed	NT=Oxidation;AC=UNIMOD:35;TA=M;MT=Variable	NT=Label:13C(6)15N(4);AC=UNIMOD:267;TA=R;MT=Variable	NT=Label:13C(6)15N(2);AC=UNIMOD:259;TA=K;MT=Variable	NT=Phospho;AC=UNIMOD:21;TA=S,T,Y;MT=Variable	IMAC digest batch	ftp://ftp.pride.ebi.ac.uk/pride/data/archive/2017/01/PXD003708/2013-Nov_22_PPB_IMAC2-3_HLB4-8_R1.raw	SW480
SW620_B_IMAC2-3	Homo sapiens	not applicable	2	colon adenocarcinoma	cell line	51Y	male	SW620	CVCL_0547	IMAC2-3	2013-Nov_22_PPB_IMAC2-3_HLB1-5_R1	proteomic profiling by mass spectrometry	1	2013-Nov_22_PPB_IMAC2-3_HLB1-5_R1.raw	v1.1.0	NT=ms-proteomics;VV=v1.1.0	NT=human;VV=v1.1.0	NT=cell-lines;VV=v1.1.0	manual curation	NT=Data-dependent acquisition;AC=PRIDE:0000627	NT=Q Exactive;AC=MS:1001911	NT=Trypsin;AC=MS:1001251	SILAC light	1	5 ppm	100 ppm	NT=Carbamidomethyl;AC=UNIMOD:4;TA=C;MT=Fixed	NT=Oxidation;AC=UNIMOD:35;TA=M;MT=Variable	NT=Label:13C(6)15N(4);AC=UNIMOD:267;TA=R;MT=Variable	NT=Label:13C(6)15N(2);AC=UNIMOD:259;TA=K;MT=Variable	NT=Phospho;AC=UNIMOD:21;TA=S,T,Y;MT=Variable	IMAC digest batch	ftp://ftp.pride.ebi.ac.uk/pride/data/archive/2017/01/PXD003708/2013-Nov_22_PPB_IMAC2-3_HLB1-5_R1.raw	SW620
SW620_B_IMAC2-3	Homo sapiens	not applicable	2	colon adenocarcinoma	cell line	51Y	male	SW620	CVCL_0547	IMAC2-3	2013-Nov_22_PPB_IMAC2-3_HLB2-6_R1	proteomic profiling by mass spectrometry	1	2013-Nov_22_PPB_IMAC2-3_HLB2-6_R1.raw	v1.1.0	NT=ms-proteomics;VV=v1.1.0	NT=human;VV=v1.1.0	NT=cell-lines;VV=v1.1.0	manual curation	NT=Data-dependent acquisition;AC=PRIDE:0000627	NT=Q Exactive;AC=MS:1001911	NT=Trypsin;AC=MS:1001251	SILAC light	2	5 ppm	100 ppm	NT=Carbamidomethyl;AC=UNIMOD:4;TA=C;MT=Fixed	NT=Oxidation;AC=UNIMOD:35;TA=M;MT=Variable	NT=Label:13C(6)15N(4);AC=UNIMOD:267;TA=R;MT=Variable	NT=Label:13C(6)15N(2);AC=UNIMOD:259;TA=K;MT=Variable	NT=Phospho;AC=UNIMOD:21;TA=S,T,Y;MT=Variable	IMAC digest batch	ftp://ftp.pride.ebi.ac.uk/pride/data/archive/2017/01/PXD003708/2013-Nov_22_PPB_IMAC2-3_HLB2-6_R1.raw	SW620
SW620_B_IMAC2-3	Homo sapiens	not applicable	2	colon adenocarcinoma	cell line	51Y	male	SW620	CVCL_0547	IMAC2-3	2013-Nov_22_PPB_IMAC2-3_HLB3-7_R1	proteomic profiling by mass spectrometry	1	2013-Nov_22_PPB_IMAC2-3_HLB3-7_R1.raw	v1.1.0	NT=ms-proteomics;VV=v1.1.0	NT=human;VV=v1.1.0	NT=cell-lines;VV=v1.1.0	manual curation	NT=Data-dependent acquisition;AC=PRIDE:0000627	NT=Q Exactive;AC=MS:1001911	NT=Trypsin;AC=MS:1001251	SILAC light	3	5 ppm	100 ppm	NT=Carbamidomethyl;AC=UNIMOD:4;TA=C;MT=Fixed	NT=Oxidation;AC=UNIMOD:35;TA=M;MT=Variable	NT=Label:13C(6)15N(4);AC=UNIMOD:267;TA=R;MT=Variable	NT=Label:13C(6)15N(2);AC=UNIMOD:259;TA=K;MT=Variable	NT=Phospho;AC=UNIMOD:21;TA=S,T,Y;MT=Variable	IMAC digest batch	ftp://ftp.pride.ebi.ac.uk/pride/data/archive/2017/01/PXD003708/2013-Nov_22_PPB_IMAC2-3_HLB3-7_R1.raw	SW620
SW620_B_IMAC2-3	Homo sapiens	not applicable	2	colon adenocarcinoma	cell line	51Y	male	SW620	CVCL_0547	IMAC2-3	2013-Nov_22_PPB_IMAC2-3_HLB4-8_R1	proteomic profiling by mass spectrometry	1	2013-Nov_22_PPB_IMAC2-3_HLB4-8_R1.raw	v1.1.0	NT=ms-proteomics;VV=v1.1.0	NT=human;VV=v1.1.0	NT=cell-lines;VV=v1.1.0	manual curation	NT=Data-dependent acquisition;AC=PRIDE:0000627	NT=Q Exactive;AC=MS:1001911	NT=Trypsin;AC=MS:1001251	SILAC light	4	5 ppm	100 ppm	NT=Carbamidomethyl;AC=UNIMOD:4;TA=C;MT=Fixed	NT=Oxidation;AC=UNIMOD:35;TA=M;MT=Variable	NT=Label:13C(6)15N(4);AC=UNIMOD:267;TA=R;MT=Variable	NT=Label:13C(6)15N(2);AC=UNIMOD:259;TA=K;MT=Variable	NT=Phospho;AC=UNIMOD:21;TA=S,T,Y;MT=Variable	IMAC digest batch	ftp://ftp.pride.ebi.ac.uk/pride/data/archive/2017/01/PXD003708/2013-Nov_22_PPB_IMAC2-3_HLB4-8_R1.raw	SW620
SW480_B_IMAC2-3	Homo sapiens	not applicable	2	colon adenocarcinoma	cell line	51Y	male	SW480	CVCL_0546	IMAC2-3	2013-Nov_22_PPB_IMAC2-3_HLB1-5_R2	proteomic profiling by mass spectrometry	2	2013-Nov_22_PPB_IMAC2-3_HLB1-5_R2.raw	v1.1.0	NT=ms-proteomics;VV=v1.1.0	NT=human;VV=v1.1.0	NT=cell-lines;VV=v1.1.0	manual curation	NT=Data-dependent acquisition;AC=PRIDE:0000627	NT=Q Exactive;AC=MS:1001911	NT=Trypsin;AC=MS:1001251	SILAC heavy	1	5 ppm	100 ppm	NT=Carbamidomethyl;AC=UNIMOD:4;TA=C;MT=Fixed	NT=Oxidation;AC=UNIMOD:35;TA=M;MT=Variable	NT=Label:13C(6)15N(4);AC=UNIMOD:267;TA=R;MT=Variable	NT=Label:13C(6)15N(2);AC=UNIMOD:259;TA=K;MT=Variable	NT=Phospho;AC=UNIMOD:21;TA=S,T,Y;MT=Variable	IMAC digest batch	ftp://ftp.pride.ebi.ac.uk/pride/data/archive/2017/01/PXD003708/2013-Nov_22_PPB_IMAC2-3_HLB1-5_R2.raw	SW480
SW480_B_IMAC2-3	Homo sapiens	not applicable	2	colon adenocarcinoma	cell line	51Y	male	SW480	CVCL_0546	IMAC2-3	2013-Nov_22_PPB_IMAC2-3_HLB2-6_R2	proteomic profiling by mass spectrometry	2	2013-Nov_22_PPB_IMAC2-3_HLB2-6_R2.raw	v1.1.0	NT=ms-proteomics;VV=v1.1.0	NT=human;VV=v1.1.0	NT=cell-lines;VV=v1.1.0	manual curation	NT=Data-dependent acquisition;AC=PRIDE:0000627	NT=Q Exactive;AC=MS:1001911	NT=Trypsin;AC=MS:1001251	SILAC heavy	2	5 ppm	100 ppm	NT=Carbamidomethyl;AC=UNIMOD:4;TA=C;MT=Fixed	NT=Oxidation;AC=UNIMOD:35;TA=M;MT=Variable	NT=Label:13C(6)15N(4);AC=UNIMOD:267;TA=R;MT=Variable	NT=Label:13C(6)15N(2);AC=UNIMOD:259;TA=K;MT=Variable	NT=Phospho;AC=UNIMOD:21;TA=S,T,Y;MT=Variable	IMAC digest batch	ftp://ftp.pride.ebi.ac.uk/pride/data/archive/2017/01/PXD003708/2013-Nov_22_PPB_IMAC2-3_HLB2-6_R2.raw	SW480
SW480_B_IMAC2-3	Homo sapiens	not applicable	2	colon adenocarcinoma	cell line	51Y	male	SW480	CVCL_0546	IMAC2-3	2013-Nov_22_PPB_IMAC2-3_HLB3-7_R2	proteomic profiling by mass spectrometry	2	2013-Nov_22_PPB_IMAC2-3_HLB3-7_R2.raw	v1.1.0	NT=ms-proteomics;VV=v1.1.0	NT=human;VV=v1.1.0	NT=cell-lines;VV=v1.1.0	manual curation	NT=Data-dependent acquisition;AC=PRIDE:0000627	NT=Q Exactive;AC=MS:1001911	NT=Trypsin;AC=MS:1001251	SILAC heavy	3	5 ppm	100 ppm	NT=Carbamidomethyl;AC=UNIMOD:4;TA=C;MT=Fixed	NT=Oxidation;AC=UNIMOD:35;TA=M;MT=Variable	NT=Label:13C(6)15N(4);AC=UNIMOD:267;TA=R;MT=Variable	NT=Label:13C(6)15N(2);AC=UNIMOD:259;TA=K;MT=Variable	NT=Phospho;AC=UNIMOD:21;TA=S,T,Y;MT=Variable	IMAC digest batch	ftp://ftp.pride.ebi.ac.uk/pride/data/archive/2017/01/PXD003708/2013-Nov_22_PPB_IMAC2-3_HLB3-7_R2.raw	SW480
SW480_B_IMAC2-3	Homo sapiens	not applicable	2	colon adenocarcinoma	cell line	51Y	male	SW480	CVCL_0546	IMAC2-3	2013-Nov_22_PPB_IMAC2-3_HLB4-8_R2	proteomic profiling by mass spectrometry	2	2013-Nov_22_PPB_IMAC2-3_HLB4-8_R2.raw	v1.1.0	NT=ms-proteomics;VV=v1.1.0	NT=human;VV=v1.1.0	NT=cell-lines;VV=v1.1.0	manual curation	NT=Data-dependent acquisition;AC=PRIDE:0000627	NT=Q Exactive;AC=MS:1001911	NT=Trypsin;AC=MS:1001251	SILAC heavy	4	5 ppm	100 ppm	NT=Carbamidomethyl;AC=UNIMOD:4;TA=C;MT=Fixed	NT=Oxidation;AC=UNIMOD:35;TA=M;MT=Variable	NT=Label:13C(6)15N(4);AC=UNIMOD:267;TA=R;MT=Variable	NT=Label:13C(6)15N(2);AC=UNIMOD:259;TA=K;MT=Variable	NT=Phospho;AC=UNIMOD:21;TA=S,T,Y;MT=Variable	IMAC digest batch	ftp://ftp.pride.ebi.ac.uk/pride/data/archive/2017/01/PXD003708/2013-Nov_22_PPB_IMAC2-3_HLB4-8_R2.raw	SW480
SW620_B_IMAC2-3	Homo sapiens	not applicable	2	colon adenocarcinoma	cell line	51Y	male	SW620	CVCL_0547	IMAC2-3	2013-Nov_22_PPB_IMAC2-3_HLB1-5_R2	proteomic profiling by mass spectrometry	2	2013-Nov_22_PPB_IMAC2-3_HLB1-5_R2.raw	v1.1.0	NT=ms-proteomics;VV=v1.1.0	NT=human;VV=v1.1.0	NT=cell-lines;VV=v1.1.0	manual curation	NT=Data-dependent acquisition;AC=PRIDE:0000627	NT=Q Exactive;AC=MS:1001911	NT=Trypsin;AC=MS:1001251	SILAC light	1	5 ppm	100 ppm	NT=Carbamidomethyl;AC=UNIMOD:4;TA=C;MT=Fixed	NT=Oxidation;AC=UNIMOD:35;TA=M;MT=Variable	NT=Label:13C(6)15N(4);AC=UNIMOD:267;TA=R;MT=Variable	NT=Label:13C(6)15N(2);AC=UNIMOD:259;TA=K;MT=Variable	NT=Phospho;AC=UNIMOD:21;TA=S,T,Y;MT=Variable	IMAC digest batch	ftp://ftp.pride.ebi.ac.uk/pride/data/archive/2017/01/PXD003708/2013-Nov_22_PPB_IMAC2-3_HLB1-5_R2.raw	SW620
SW620_B_IMAC2-3	Homo sapiens	not applicable	2	colon adenocarcinoma	cell line	51Y	male	SW620	CVCL_0547	IMAC2-3	2013-Nov_22_PPB_IMAC2-3_HLB2-6_R2	proteomic profiling by mass spectrometry	2	2013-Nov_22_PPB_IMAC2-3_HLB2-6_R2.raw	v1.1.0	NT=ms-proteomics;VV=v1.1.0	NT=human;VV=v1.1.0	NT=cell-lines;VV=v1.1.0	manual curation	NT=Data-dependent acquisition;AC=PRIDE:0000627	NT=Q Exactive;AC=MS:1001911	NT=Trypsin;AC=MS:1001251	SILAC light	2	5 ppm	100 ppm	NT=Carbamidomethyl;AC=UNIMOD:4;TA=C;MT=Fixed	NT=Oxidation;AC=UNIMOD:35;TA=M;MT=Variable	NT=Label:13C(6)15N(4);AC=UNIMOD:267;TA=R;MT=Variable	NT=Label:13C(6)15N(2);AC=UNIMOD:259;TA=K;MT=Variable	NT=Phospho;AC=UNIMOD:21;TA=S,T,Y;MT=Variable	IMAC digest batch	ftp://ftp.pride.ebi.ac.uk/pride/data/archive/2017/01/PXD003708/2013-Nov_22_PPB_IMAC2-3_HLB2-6_R2.raw	SW620
SW620_B_IMAC2-3	Homo sapiens	not applicable	2	colon adenocarcinoma	cell line	51Y	male	SW620	CVCL_0547	IMAC2-3	2013-Nov_22_PPB_IMAC2-3_HLB3-7_R2	proteomic profiling by mass spectrometry	2	2013-Nov_22_PPB_IMAC2-3_HLB3-7_R2.raw	v1.1.0	NT=ms-proteomics;VV=v1.1.0	NT=human;VV=v1.1.0	NT=cell-lines;VV=v1.1.0	manual curation	NT=Data-dependent acquisition;AC=PRIDE:0000627	NT=Q Exactive;AC=MS:1001911	NT=Trypsin;AC=MS:1001251	SILAC light	3	5 ppm	100 ppm	NT=Carbamidomethyl;AC=UNIMOD:4;TA=C;MT=Fixed	NT=Oxidation;AC=UNIMOD:35;TA=M;MT=Variable	NT=Label:13C(6)15N(4);AC=UNIMOD:267;TA=R;MT=Variable	NT=Label:13C(6)15N(2);AC=UNIMOD:259;TA=K;MT=Variable	NT=Phospho;AC=UNIMOD:21;TA=S,T,Y;MT=Variable	IMAC digest batch	ftp://ftp.pride.ebi.ac.uk/pride/data/archive/2017/01/PXD003708/2013-Nov_22_PPB_IMAC2-3_HLB3-7_R2.raw	SW620
SW620_B_IMAC2-3	Homo sapiens	not applicable	2	colon adenocarcinoma	cell line	51Y	male	SW620	CVCL_0547	IMAC2-3	2013-Nov_22_PPB_IMAC2-3_HLB4-8_R2	proteomic profiling by mass spectrometry	2	2013-Nov_22_PPB_IMAC2-3_HLB4-8_R2.raw	v1.1.0	NT=ms-proteomics;VV=v1.1.0	NT=human;VV=v1.1.0	NT=cell-lines;VV=v1.1.0	manual curation	NT=Data-dependent acquisition;AC=PRIDE:0000627	NT=Q Exactive;AC=MS:1001911	NT=Trypsin;AC=MS:1001251	SILAC light	4	5 ppm	100 ppm	NT=Carbamidomethyl;AC=UNIMOD:4;TA=C;MT=Fixed	NT=Oxidation;AC=UNIMOD:35;TA=M;MT=Variable	NT=Label:13C(6)15N(4);AC=UNIMOD:267;TA=R;MT=Variable	NT=Label:13C(6)15N(2);AC=UNIMOD:259;TA=K;MT=Variable	NT=Phospho;AC=UNIMOD:21;TA=S,T,Y;MT=Variable	IMAC digest batch	ftp://ftp.pride.ebi.ac.uk/pride/data/archive/2017/01/PXD003708/2013-Nov_22_PPB_IMAC2-3_HLB4-8_R2.raw	SW620
SW480_B_IMAC_nonenriched	Homo sapiens	not applicable	2	colon adenocarcinoma	cell line	51Y	male	SW480	CVCL_0546	IMAC_nonenriched	2013-Nov_22_NPB_HLB1_R1	proteomic profiling by mass spectrometry	1	2013-Nov_22_NPB_HLB1_R1.raw	v1.1.0	NT=ms-proteomics;VV=v1.1.0	NT=human;VV=v1.1.0	NT=cell-lines;VV=v1.1.0	manual curation	NT=Data-dependent acquisition;AC=PRIDE:0000627	NT=Q Exactive;AC=MS:1001911	NT=Trypsin;AC=MS:1001251	SILAC heavy	1	5 ppm	100 ppm	NT=Carbamidomethyl;AC=UNIMOD:4;TA=C;MT=Fixed	NT=Oxidation;AC=UNIMOD:35;TA=M;MT=Variable	NT=Label:13C(6)15N(4);AC=UNIMOD:267;TA=R;MT=Variable	NT=Label:13C(6)15N(2);AC=UNIMOD:259;TA=K;MT=Variable	not applicable	IMAC digest batch	ftp://ftp.pride.ebi.ac.uk/pride/data/archive/2017/01/PXD003708/2013-Nov_22_NPB_HLB1_R1.raw	SW480
SW480_B_IMAC_nonenriched	Homo sapiens	not applicable	2	colon adenocarcinoma	cell line	51Y	male	SW480	CVCL_0546	IMAC_nonenriched	2013-Nov_22_NPB_HLB2_R1	proteomic profiling by mass spectrometry	1	2013-Nov_22_NPB_HLB2_R1.raw	v1.1.0	NT=ms-proteomics;VV=v1.1.0	NT=human;VV=v1.1.0	NT=cell-lines;VV=v1.1.0	manual curation	NT=Data-dependent acquisition;AC=PRIDE:0000627	NT=Q Exactive;AC=MS:1001911	NT=Trypsin;AC=MS:1001251	SILAC heavy	2	5 ppm	100 ppm	NT=Carbamidomethyl;AC=UNIMOD:4;TA=C;MT=Fixed	NT=Oxidation;AC=UNIMOD:35;TA=M;MT=Variable	NT=Label:13C(6)15N(4);AC=UNIMOD:267;TA=R;MT=Variable	NT=Label:13C(6)15N(2);AC=UNIMOD:259;TA=K;MT=Variable	not applicable	IMAC digest batch	ftp://ftp.pride.ebi.ac.uk/pride/data/archive/2017/01/PXD003708/2013-Nov_22_NPB_HLB2_R1.raw	SW480
SW480_B_IMAC_nonenriched	Homo sapiens	not applicable	2	colon adenocarcinoma	cell line	51Y	male	SW480	CVCL_0546	IMAC_nonenriched	2013-Nov_22_NPB_HLB3_R1	proteomic profiling by mass spectrometry	1	2013-Nov_22_NPB_HLB3_R1.raw	v1.1.0	NT=ms-proteomics;VV=v1.1.0	NT=human;VV=v1.1.0	NT=cell-lines;VV=v1.1.0	manual curation	NT=Data-dependent acquisition;AC=PRIDE:0000627	NT=Q Exactive;AC=MS:1001911	NT=Trypsin;AC=MS:1001251	SILAC heavy	3	5 ppm	100 ppm	NT=Carbamidomethyl;AC=UNIMOD:4;TA=C;MT=Fixed	NT=Oxidation;AC=UNIMOD:35;TA=M;MT=Variable	NT=Label:13C(6)15N(4);AC=UNIMOD:267;TA=R;MT=Variable	NT=Label:13C(6)15N(2);AC=UNIMOD:259;TA=K;MT=Variable	not applicable	IMAC digest batch	ftp://ftp.pride.ebi.ac.uk/pride/data/archive/2017/01/PXD003708/2013-Nov_22_NPB_HLB3_R1.raw	SW480
SW480_B_IMAC_nonenriched	Homo sapiens	not applicable	2	colon adenocarcinoma	cell line	51Y	male	SW480	CVCL_0546	IMAC_nonenriched	2013-Nov_22_NPB_HLB4_R1	proteomic profiling by mass spectrometry	1	2013-Nov_22_NPB_HLB4_R1.raw	v1.1.0	NT=ms-proteomics;VV=v1.1.0	NT=human;VV=v1.1.0	NT=cell-lines;VV=v1.1.0	manual curation	NT=Data-dependent acquisition;AC=PRIDE:0000627	NT=Q Exactive;AC=MS:1001911	NT=Trypsin;AC=MS:1001251	SILAC heavy	4	5 ppm	100 ppm	NT=Carbamidomethyl;AC=UNIMOD:4;TA=C;MT=Fixed	NT=Oxidation;AC=UNIMOD:35;TA=M;MT=Variable	NT=Label:13C(6)15N(4);AC=UNIMOD:267;TA=R;MT=Variable	NT=Label:13C(6)15N(2);AC=UNIMOD:259;TA=K;MT=Variable	not applicable	IMAC digest batch	ftp://ftp.pride.ebi.ac.uk/pride/data/archive/2017/01/PXD003708/2013-Nov_22_NPB_HLB4_R1.raw	SW480
SW480_B_IMAC_nonenriched	Homo sapiens	not applicable	2	colon adenocarcinoma	cell line	51Y	male	SW480	CVCL_0546	IMAC_nonenriched	2013-Nov_22_NPB_HLB5_R1	proteomic profiling by mass spectrometry	1	2013-Nov_22_NPB_HLB5_R1.raw	v1.1.0	NT=ms-proteomics;VV=v1.1.0	NT=human;VV=v1.1.0	NT=cell-lines;VV=v1.1.0	manual curation	NT=Data-dependent acquisition;AC=PRIDE:0000627	NT=Q Exactive;AC=MS:1001911	NT=Trypsin;AC=MS:1001251	SILAC heavy	5	5 ppm	100 ppm	NT=Carbamidomethyl;AC=UNIMOD:4;TA=C;MT=Fixed	NT=Oxidation;AC=UNIMOD:35;TA=M;MT=Variable	NT=Label:13C(6)15N(4);AC=UNIMOD:267;TA=R;MT=Variable	NT=Label:13C(6)15N(2);AC=UNIMOD:259;TA=K;MT=Variable	not applicable	IMAC digest batch	ftp://ftp.pride.ebi.ac.uk/pride/data/archive/2017/01/PXD003708/2013-Nov_22_NPB_HLB5_R1.raw	SW480
SW480_B_IMAC_nonenriched	Homo sapiens	not applicable	2	colon adenocarcinoma	cell line	51Y	male	SW480	CVCL_0546	IMAC_nonenriched	2013-Nov_22_NPB_HLB6_R1	proteomic profiling by mass spectrometry	1	2013-Nov_22_NPB_HLB6_R1.raw	v1.1.0	NT=ms-proteomics;VV=v1.1.0	NT=human;VV=v1.1.0	NT=cell-lines;VV=v1.1.0	manual curation	NT=Data-dependent acquisition;AC=PRIDE:0000627	NT=Q Exactive;AC=MS:1001911	NT=Trypsin;AC=MS:1001251	SILAC heavy	6	5 ppm	100 ppm	NT=Carbamidomethyl;AC=UNIMOD:4;TA=C;MT=Fixed	NT=Oxidation;AC=UNIMOD:35;TA=M;MT=Variable	NT=Label:13C(6)15N(4);AC=UNIMOD:267;TA=R;MT=Variable	NT=Label:13C(6)15N(2);AC=UNIMOD:259;TA=K;MT=Variable	not applicable	IMAC digest batch	ftp://ftp.pride.ebi.ac.uk/pride/data/archive/2017/01/PXD003708/2013-Nov_22_NPB_HLB6_R1.raw	SW480
SW480_B_IMAC_nonenriched	Homo sapiens	not applicable	2	colon adenocarcinoma	cell line	51Y	male	SW480	CVCL_0546	IMAC_nonenriched	2013-Nov_22_NPB_HLB7_R1	proteomic profiling by mass spectrometry	1	2013-Nov_22_NPB_HLB7_R1.raw	v1.1.0	NT=ms-proteomics;VV=v1.1.0	NT=human;VV=v1.1.0	NT=cell-lines;VV=v1.1.0	manual curation	NT=Data-dependent acquisition;AC=PRIDE:0000627	NT=Q Exactive;AC=MS:1001911	NT=Trypsin;AC=MS:1001251	SILAC heavy	7	5 ppm	100 ppm	NT=Carbamidomethyl;AC=UNIMOD:4;TA=C;MT=Fixed	NT=Oxidation;AC=UNIMOD:35;TA=M;MT=Variable	NT=Label:13C(6)15N(4);AC=UNIMOD:267;TA=R;MT=Variable	NT=Label:13C(6)15N(2);AC=UNIMOD:259;TA=K;MT=Variable	not applicable	IMAC digest batch	ftp://ftp.pride.ebi.ac.uk/pride/data/archive/2017/01/PXD003708/2013-Nov_22_NPB_HLB7_R1.raw	SW480
SW480_B_IMAC_nonenriched	Homo sapiens	not applicable	2	colon adenocarcinoma	cell line	51Y	male	SW480	CVCL_0546	IMAC_nonenriched	2013-Nov_22_NPB_HLB8_R1	proteomic profiling by mass spectrometry	1	2013-Nov_22_NPB_HLB8_R1.raw	v1.1.0	NT=ms-proteomics;VV=v1.1.0	NT=human;VV=v1.1.0	NT=cell-lines;VV=v1.1.0	manual curation	NT=Data-dependent acquisition;AC=PRIDE:0000627	NT=Q Exactive;AC=MS:1001911	NT=Trypsin;AC=MS:1001251	SILAC heavy	8	5 ppm	100 ppm	NT=Carbamidomethyl;AC=UNIMOD:4;TA=C;MT=Fixed	NT=Oxidation;AC=UNIMOD:35;TA=M;MT=Variable	NT=Label:13C(6)15N(4);AC=UNIMOD:267;TA=R;MT=Variable	NT=Label:13C(6)15N(2);AC=UNIMOD:259;TA=K;MT=Variable	not applicable	IMAC digest batch	ftp://ftp.pride.ebi.ac.uk/pride/data/archive/2017/01/PXD003708/2013-Nov_22_NPB_HLB8_R1.raw	SW480
SW620_B_IMAC_nonenriched	Homo sapiens	not applicable	2	colon adenocarcinoma	cell line	51Y	male	SW620	CVCL_0547	IMAC_nonenriched	2013-Nov_22_NPB_HLB1_R1	proteomic profiling by mass spectrometry	1	2013-Nov_22_NPB_HLB1_R1.raw	v1.1.0	NT=ms-proteomics;VV=v1.1.0	NT=human;VV=v1.1.0	NT=cell-lines;VV=v1.1.0	manual curation	NT=Data-dependent acquisition;AC=PRIDE:0000627	NT=Q Exactive;AC=MS:1001911	NT=Trypsin;AC=MS:1001251	SILAC light	1	5 ppm	100 ppm	NT=Carbamidomethyl;AC=UNIMOD:4;TA=C;MT=Fixed	NT=Oxidation;AC=UNIMOD:35;TA=M;MT=Variable	NT=Label:13C(6)15N(4);AC=UNIMOD:267;TA=R;MT=Variable	NT=Label:13C(6)15N(2);AC=UNIMOD:259;TA=K;MT=Variable	not applicable	IMAC digest batch	ftp://ftp.pride.ebi.ac.uk/pride/data/archive/2017/01/PXD003708/2013-Nov_22_NPB_HLB1_R1.raw	SW620
SW620_B_IMAC_nonenriched	Homo sapiens	not applicable	2	colon adenocarcinoma	cell line	51Y	male	SW620	CVCL_0547	IMAC_nonenriched	2013-Nov_22_NPB_HLB2_R1	proteomic profiling by mass spectrometry	1	2013-Nov_22_NPB_HLB2_R1.raw	v1.1.0	NT=ms-proteomics;VV=v1.1.0	NT=human;VV=v1.1.0	NT=cell-lines;VV=v1.1.0	manual curation	NT=Data-dependent acquisition;AC=PRIDE:0000627	NT=Q Exactive;AC=MS:1001911	NT=Trypsin;AC=MS:1001251	SILAC light	2	5 ppm	100 ppm	NT=Carbamidomethyl;AC=UNIMOD:4;TA=C;MT=Fixed	NT=Oxidation;AC=UNIMOD:35;TA=M;MT=Variable	NT=Label:13C(6)15N(4);AC=UNIMOD:267;TA=R;MT=Variable	NT=Label:13C(6)15N(2);AC=UNIMOD:259;TA=K;MT=Variable	not applicable	IMAC digest batch	ftp://ftp.pride.ebi.ac.uk/pride/data/archive/2017/01/PXD003708/2013-Nov_22_NPB_HLB2_R1.raw	SW620
SW620_B_IMAC_nonenriched	Homo sapiens	not applicable	2	colon adenocarcinoma	cell line	51Y	male	SW620	CVCL_0547	IMAC_nonenriched	2013-Nov_22_NPB_HLB3_R1	proteomic profiling by mass spectrometry	1	2013-Nov_22_NPB_HLB3_R1.raw	v1.1.0	NT=ms-proteomics;VV=v1.1.0	NT=human;VV=v1.1.0	NT=cell-lines;VV=v1.1.0	manual curation	NT=Data-dependent acquisition;AC=PRIDE:0000627	NT=Q Exactive;AC=MS:1001911	NT=Trypsin;AC=MS:1001251	SILAC light	3	5 ppm	100 ppm	NT=Carbamidomethyl;AC=UNIMOD:4;TA=C;MT=Fixed	NT=Oxidation;AC=UNIMOD:35;TA=M;MT=Variable	NT=Label:13C(6)15N(4);AC=UNIMOD:267;TA=R;MT=Variable	NT=Label:13C(6)15N(2);AC=UNIMOD:259;TA=K;MT=Variable	not applicable	IMAC digest batch	ftp://ftp.pride.ebi.ac.uk/pride/data/archive/2017/01/PXD003708/2013-Nov_22_NPB_HLB3_R1.raw	SW620
SW620_B_IMAC_nonenriched	Homo sapiens	not applicable	2	colon adenocarcinoma	cell line	51Y	male	SW620	CVCL_0547	IMAC_nonenriched	2013-Nov_22_NPB_HLB4_R1	proteomic profiling by mass spectrometry	1	2013-Nov_22_NPB_HLB4_R1.raw	v1.1.0	NT=ms-proteomics;VV=v1.1.0	NT=human;VV=v1.1.0	NT=cell-lines;VV=v1.1.0	manual curation	NT=Data-dependent acquisition;AC=PRIDE:0000627	NT=Q Exactive;AC=MS:1001911	NT=Trypsin;AC=MS:1001251	SILAC light	4	5 ppm	100 ppm	NT=Carbamidomethyl;AC=UNIMOD:4;TA=C;MT=Fixed	NT=Oxidation;AC=UNIMOD:35;TA=M;MT=Variable	NT=Label:13C(6)15N(4);AC=UNIMOD:267;TA=R;MT=Variable	NT=Label:13C(6)15N(2);AC=UNIMOD:259;TA=K;MT=Variable	not applicable	IMAC digest batch	ftp://ftp.pride.ebi.ac.uk/pride/data/archive/2017/01/PXD003708/2013-Nov_22_NPB_HLB4_R1.raw	SW620
SW620_B_IMAC_nonenriched	Homo sapiens	not applicable	2	colon adenocarcinoma	cell line	51Y	male	SW620	CVCL_0547	IMAC_nonenriched	2013-Nov_22_NPB_HLB5_R1	proteomic profiling by mass spectrometry	1	2013-Nov_22_NPB_HLB5_R1.raw	v1.1.0	NT=ms-proteomics;VV=v1.1.0	NT=human;VV=v1.1.0	NT=cell-lines;VV=v1.1.0	manual curation	NT=Data-dependent acquisition;AC=PRIDE:0000627	NT=Q Exactive;AC=MS:1001911	NT=Trypsin;AC=MS:1001251	SILAC light	5	5 ppm	100 ppm	NT=Carbamidomethyl;AC=UNIMOD:4;TA=C;MT=Fixed	NT=Oxidation;AC=UNIMOD:35;TA=M;MT=Variable	NT=Label:13C(6)15N(4);AC=UNIMOD:267;TA=R;MT=Variable	NT=Label:13C(6)15N(2);AC=UNIMOD:259;TA=K;MT=Variable	not applicable	IMAC digest batch	ftp://ftp.pride.ebi.ac.uk/pride/data/archive/2017/01/PXD003708/2013-Nov_22_NPB_HLB5_R1.raw	SW620
SW620_B_IMAC_nonenriched	Homo sapiens	not applicable	2	colon adenocarcinoma	cell line	51Y	male	SW620	CVCL_0547	IMAC_nonenriched	2013-Nov_22_NPB_HLB6_R1	proteomic profiling by mass spectrometry	1	2013-Nov_22_NPB_HLB6_R1.raw	v1.1.0	NT=ms-proteomics;VV=v1.1.0	NT=human;VV=v1.1.0	NT=cell-lines;VV=v1.1.0	manual curation	NT=Data-dependent acquisition;AC=PRIDE:0000627	NT=Q Exactive;AC=MS:1001911	NT=Trypsin;AC=MS:1001251	SILAC light	6	5 ppm	100 ppm	NT=Carbamidomethyl;AC=UNIMOD:4;TA=C;MT=Fixed	NT=Oxidation;AC=UNIMOD:35;TA=M;MT=Variable	NT=Label:13C(6)15N(4);AC=UNIMOD:267;TA=R;MT=Variable	NT=Label:13C(6)15N(2);AC=UNIMOD:259;TA=K;MT=Variable	not applicable	IMAC digest batch	ftp://ftp.pride.ebi.ac.uk/pride/data/archive/2017/01/PXD003708/2013-Nov_22_NPB_HLB6_R1.raw	SW620
SW620_B_IMAC_nonenriched	Homo sapiens	not applicable	2	colon adenocarcinoma	cell line	51Y	male	SW620	CVCL_0547	IMAC_nonenriched	2013-Nov_22_NPB_HLB7_R1	proteomic profiling by mass spectrometry	1	2013-Nov_22_NPB_HLB7_R1.raw	v1.1.0	NT=ms-proteomics;VV=v1.1.0	NT=human;VV=v1.1.0	NT=cell-lines;VV=v1.1.0	manual curation	NT=Data-dependent acquisition;AC=PRIDE:0000627	NT=Q Exactive;AC=MS:1001911	NT=Trypsin;AC=MS:1001251	SILAC light	7	5 ppm	100 ppm	NT=Carbamidomethyl;AC=UNIMOD:4;TA=C;MT=Fixed	NT=Oxidation;AC=UNIMOD:35;TA=M;MT=Variable	NT=Label:13C(6)15N(4);AC=UNIMOD:267;TA=R;MT=Variable	NT=Label:13C(6)15N(2);AC=UNIMOD:259;TA=K;MT=Variable	not applicable	IMAC digest batch	ftp://ftp.pride.ebi.ac.uk/pride/data/archive/2017/01/PXD003708/2013-Nov_22_NPB_HLB7_R1.raw	SW620
SW620_B_IMAC_nonenriched	Homo sapiens	not applicable	2	colon adenocarcinoma	cell line	51Y	male	SW620	CVCL_0547	IMAC_nonenriched	2013-Nov_22_NPB_HLB8_R1	proteomic profiling by mass spectrometry	1	2013-Nov_22_NPB_HLB8_R1.raw	v1.1.0	NT=ms-proteomics;VV=v1.1.0	NT=human;VV=v1.1.0	NT=cell-lines;VV=v1.1.0	manual curation	NT=Data-dependent acquisition;AC=PRIDE:0000627	NT=Q Exactive;AC=MS:1001911	NT=Trypsin;AC=MS:1001251	SILAC light	8	5 ppm	100 ppm	NT=Carbamidomethyl;AC=UNIMOD:4;TA=C;MT=Fixed	NT=Oxidation;AC=UNIMOD:35;TA=M;MT=Variable	NT=Label:13C(6)15N(4);AC=UNIMOD:267;TA=R;MT=Variable	NT=Label:13C(6)15N(2);AC=UNIMOD:259;TA=K;MT=Variable	not applicable	IMAC digest batch	ftp://ftp.pride.ebi.ac.uk/pride/data/archive/2017/01/PXD003708/2013-Nov_22_NPB_HLB8_R1.raw	SW620
SW480_B_IMAC_nonenriched	Homo sapiens	not applicable	2	colon adenocarcinoma	cell line	51Y	male	SW480	CVCL_0546	IMAC_nonenriched	2013-Nov_22_NPB_HLB1_R2	proteomic profiling by mass spectrometry	2	2013-Nov_22_NPB_HLB1_R2.raw	v1.1.0	NT=ms-proteomics;VV=v1.1.0	NT=human;VV=v1.1.0	NT=cell-lines;VV=v1.1.0	manual curation	NT=Data-dependent acquisition;AC=PRIDE:0000627	NT=Q Exactive;AC=MS:1001911	NT=Trypsin;AC=MS:1001251	SILAC heavy	1	5 ppm	100 ppm	NT=Carbamidomethyl;AC=UNIMOD:4;TA=C;MT=Fixed	NT=Oxidation;AC=UNIMOD:35;TA=M;MT=Variable	NT=Label:13C(6)15N(4);AC=UNIMOD:267;TA=R;MT=Variable	NT=Label:13C(6)15N(2);AC=UNIMOD:259;TA=K;MT=Variable	not applicable	IMAC digest batch	ftp://ftp.pride.ebi.ac.uk/pride/data/archive/2017/01/PXD003708/2013-Nov_22_NPB_HLB1_R2.raw	SW480
SW480_B_IMAC_nonenriched	Homo sapiens	not applicable	2	colon adenocarcinoma	cell line	51Y	male	SW480	CVCL_0546	IMAC_nonenriched	2013-Nov_22_NPB_HLB2_R2	proteomic profiling by mass spectrometry	2	2013-Nov_22_NPB_HLB2_R2.raw	v1.1.0	NT=ms-proteomics;VV=v1.1.0	NT=human;VV=v1.1.0	NT=cell-lines;VV=v1.1.0	manual curation	NT=Data-dependent acquisition;AC=PRIDE:0000627	NT=Q Exactive;AC=MS:1001911	NT=Trypsin;AC=MS:1001251	SILAC heavy	2	5 ppm	100 ppm	NT=Carbamidomethyl;AC=UNIMOD:4;TA=C;MT=Fixed	NT=Oxidation;AC=UNIMOD:35;TA=M;MT=Variable	NT=Label:13C(6)15N(4);AC=UNIMOD:267;TA=R;MT=Variable	NT=Label:13C(6)15N(2);AC=UNIMOD:259;TA=K;MT=Variable	not applicable	IMAC digest batch	ftp://ftp.pride.ebi.ac.uk/pride/data/archive/2017/01/PXD003708/2013-Nov_22_NPB_HLB2_R2.raw	SW480
SW480_B_IMAC_nonenriched	Homo sapiens	not applicable	2	colon adenocarcinoma	cell line	51Y	male	SW480	CVCL_0546	IMAC_nonenriched	2013-Nov_22_NPB_HLB3_R2	proteomic profiling by mass spectrometry	2	2013-Nov_22_NPB_HLB3_R2.raw	v1.1.0	NT=ms-proteomics;VV=v1.1.0	NT=human;VV=v1.1.0	NT=cell-lines;VV=v1.1.0	manual curation	NT=Data-dependent acquisition;AC=PRIDE:0000627	NT=Q Exactive;AC=MS:1001911	NT=Trypsin;AC=MS:1001251	SILAC heavy	3	5 ppm	100 ppm	NT=Carbamidomethyl;AC=UNIMOD:4;TA=C;MT=Fixed	NT=Oxidation;AC=UNIMOD:35;TA=M;MT=Variable	NT=Label:13C(6)15N(4);AC=UNIMOD:267;TA=R;MT=Variable	NT=Label:13C(6)15N(2);AC=UNIMOD:259;TA=K;MT=Variable	not applicable	IMAC digest batch	ftp://ftp.pride.ebi.ac.uk/pride/data/archive/2017/01/PXD003708/2013-Nov_22_NPB_HLB3_R2.raw	SW480
SW480_B_IMAC_nonenriched	Homo sapiens	not applicable	2	colon adenocarcinoma	cell line	51Y	male	SW480	CVCL_0546	IMAC_nonenriched	2013-Nov_22_NPB_HLB4_R2	proteomic profiling by mass spectrometry	2	2013-Nov_22_NPB_HLB4_R2.raw	v1.1.0	NT=ms-proteomics;VV=v1.1.0	NT=human;VV=v1.1.0	NT=cell-lines;VV=v1.1.0	manual curation	NT=Data-dependent acquisition;AC=PRIDE:0000627	NT=Q Exactive;AC=MS:1001911	NT=Trypsin;AC=MS:1001251	SILAC heavy	4	5 ppm	100 ppm	NT=Carbamidomethyl;AC=UNIMOD:4;TA=C;MT=Fixed	NT=Oxidation;AC=UNIMOD:35;TA=M;MT=Variable	NT=Label:13C(6)15N(4);AC=UNIMOD:267;TA=R;MT=Variable	NT=Label:13C(6)15N(2);AC=UNIMOD:259;TA=K;MT=Variable	not applicable	IMAC digest batch	ftp://ftp.pride.ebi.ac.uk/pride/data/archive/2017/01/PXD003708/2013-Nov_22_NPB_HLB4_R2.raw	SW480
SW480_B_IMAC_nonenriched	Homo sapiens	not applicable	2	colon adenocarcinoma	cell line	51Y	male	SW480	CVCL_0546	IMAC_nonenriched	2013-Nov_22_NPB_HLB5_R2	proteomic profiling by mass spectrometry	2	2013-Nov_22_NPB_HLB5_R2.raw	v1.1.0	NT=ms-proteomics;VV=v1.1.0	NT=human;VV=v1.1.0	NT=cell-lines;VV=v1.1.0	manual curation	NT=Data-dependent acquisition;AC=PRIDE:0000627	NT=Q Exactive;AC=MS:1001911	NT=Trypsin;AC=MS:1001251	SILAC heavy	5	5 ppm	100 ppm	NT=Carbamidomethyl;AC=UNIMOD:4;TA=C;MT=Fixed	NT=Oxidation;AC=UNIMOD:35;TA=M;MT=Variable	NT=Label:13C(6)15N(4);AC=UNIMOD:267;TA=R;MT=Variable	NT=Label:13C(6)15N(2);AC=UNIMOD:259;TA=K;MT=Variable	not applicable	IMAC digest batch	ftp://ftp.pride.ebi.ac.uk/pride/data/archive/2017/01/PXD003708/2013-Nov_22_NPB_HLB5_R2.raw	SW480
SW480_B_IMAC_nonenriched	Homo sapiens	not applicable	2	colon adenocarcinoma	cell line	51Y	male	SW480	CVCL_0546	IMAC_nonenriched	2013-Nov_22_NPB_HLB6_R2	proteomic profiling by mass spectrometry	2	2013-Nov_22_NPB_HLB6_R2.raw	v1.1.0	NT=ms-proteomics;VV=v1.1.0	NT=human;VV=v1.1.0	NT=cell-lines;VV=v1.1.0	manual curation	NT=Data-dependent acquisition;AC=PRIDE:0000627	NT=Q Exactive;AC=MS:1001911	NT=Trypsin;AC=MS:1001251	SILAC heavy	6	5 ppm	100 ppm	NT=Carbamidomethyl;AC=UNIMOD:4;TA=C;MT=Fixed	NT=Oxidation;AC=UNIMOD:35;TA=M;MT=Variable	NT=Label:13C(6)15N(4);AC=UNIMOD:267;TA=R;MT=Variable	NT=Label:13C(6)15N(2);AC=UNIMOD:259;TA=K;MT=Variable	not applicable	IMAC digest batch	ftp://ftp.pride.ebi.ac.uk/pride/data/archive/2017/01/PXD003708/2013-Nov_22_NPB_HLB6_R2.raw	SW480
SW480_B_IMAC_nonenriched	Homo sapiens	not applicable	2	colon adenocarcinoma	cell line	51Y	male	SW480	CVCL_0546	IMAC_nonenriched	2013-Nov_22_NPB_HLB7_R2	proteomic profiling by mass spectrometry	2	2013-Nov_22_NPB_HLB7_R2.raw	v1.1.0	NT=ms-proteomics;VV=v1.1.0	NT=human;VV=v1.1.0	NT=cell-lines;VV=v1.1.0	manual curation	NT=Data-dependent acquisition;AC=PRIDE:0000627	NT=Q Exactive;AC=MS:1001911	NT=Trypsin;AC=MS:1001251	SILAC heavy	7	5 ppm	100 ppm	NT=Carbamidomethyl;AC=UNIMOD:4;TA=C;MT=Fixed	NT=Oxidation;AC=UNIMOD:35;TA=M;MT=Variable	NT=Label:13C(6)15N(4);AC=UNIMOD:267;TA=R;MT=Variable	NT=Label:13C(6)15N(2);AC=UNIMOD:259;TA=K;MT=Variable	not applicable	IMAC digest batch	ftp://ftp.pride.ebi.ac.uk/pride/data/archive/2017/01/PXD003708/2013-Nov_22_NPB_HLB7_R2.raw	SW480
SW480_B_IMAC_nonenriched	Homo sapiens	not applicable	2	colon adenocarcinoma	cell line	51Y	male	SW480	CVCL_0546	IMAC_nonenriched	2013-Nov_22_NPB_HLB8_R2	proteomic profiling by mass spectrometry	2	2013-Nov_22_NPB_HLB8_R2.raw	v1.1.0	NT=ms-proteomics;VV=v1.1.0	NT=human;VV=v1.1.0	NT=cell-lines;VV=v1.1.0	manual curation	NT=Data-dependent acquisition;AC=PRIDE:0000627	NT=Q Exactive;AC=MS:1001911	NT=Trypsin;AC=MS:1001251	SILAC heavy	8	5 ppm	100 ppm	NT=Carbamidomethyl;AC=UNIMOD:4;TA=C;MT=Fixed	NT=Oxidation;AC=UNIMOD:35;TA=M;MT=Variable	NT=Label:13C(6)15N(4);AC=UNIMOD:267;TA=R;MT=Variable	NT=Label:13C(6)15N(2);AC=UNIMOD:259;TA=K;MT=Variable	not applicable	IMAC digest batch	ftp://ftp.pride.ebi.ac.uk/pride/data/archive/2017/01/PXD003708/2013-Nov_22_NPB_HLB8_R2.raw	SW480
SW620_B_IMAC_nonenriched	Homo sapiens	not applicable	2	colon adenocarcinoma	cell line	51Y	male	SW620	CVCL_0547	IMAC_nonenriched	2013-Nov_22_NPB_HLB1_R2	proteomic profiling by mass spectrometry	2	2013-Nov_22_NPB_HLB1_R2.raw	v1.1.0	NT=ms-proteomics;VV=v1.1.0	NT=human;VV=v1.1.0	NT=cell-lines;VV=v1.1.0	manual curation	NT=Data-dependent acquisition;AC=PRIDE:0000627	NT=Q Exactive;AC=MS:1001911	NT=Trypsin;AC=MS:1001251	SILAC light	1	5 ppm	100 ppm	NT=Carbamidomethyl;AC=UNIMOD:4;TA=C;MT=Fixed	NT=Oxidation;AC=UNIMOD:35;TA=M;MT=Variable	NT=Label:13C(6)15N(4);AC=UNIMOD:267;TA=R;MT=Variable	NT=Label:13C(6)15N(2);AC=UNIMOD:259;TA=K;MT=Variable	not applicable	IMAC digest batch	ftp://ftp.pride.ebi.ac.uk/pride/data/archive/2017/01/PXD003708/2013-Nov_22_NPB_HLB1_R2.raw	SW620
SW620_B_IMAC_nonenriched	Homo sapiens	not applicable	2	colon adenocarcinoma	cell line	51Y	male	SW620	CVCL_0547	IMAC_nonenriched	2013-Nov_22_NPB_HLB2_R2	proteomic profiling by mass spectrometry	2	2013-Nov_22_NPB_HLB2_R2.raw	v1.1.0	NT=ms-proteomics;VV=v1.1.0	NT=human;VV=v1.1.0	NT=cell-lines;VV=v1.1.0	manual curation	NT=Data-dependent acquisition;AC=PRIDE:0000627	NT=Q Exactive;AC=MS:1001911	NT=Trypsin;AC=MS:1001251	SILAC light	2	5 ppm	100 ppm	NT=Carbamidomethyl;AC=UNIMOD:4;TA=C;MT=Fixed	NT=Oxidation;AC=UNIMOD:35;TA=M;MT=Variable	NT=Label:13C(6)15N(4);AC=UNIMOD:267;TA=R;MT=Variable	NT=Label:13C(6)15N(2);AC=UNIMOD:259;TA=K;MT=Variable	not applicable	IMAC digest batch	ftp://ftp.pride.ebi.ac.uk/pride/data/archive/2017/01/PXD003708/2013-Nov_22_NPB_HLB2_R2.raw	SW620
SW620_B_IMAC_nonenriched	Homo sapiens	not applicable	2	colon adenocarcinoma	cell line	51Y	male	SW620	CVCL_0547	IMAC_nonenriched	2013-Nov_22_NPB_HLB3_R2	proteomic profiling by mass spectrometry	2	2013-Nov_22_NPB_HLB3_R2.raw	v1.1.0	NT=ms-proteomics;VV=v1.1.0	NT=human;VV=v1.1.0	NT=cell-lines;VV=v1.1.0	manual curation	NT=Data-dependent acquisition;AC=PRIDE:0000627	NT=Q Exactive;AC=MS:1001911	NT=Trypsin;AC=MS:1001251	SILAC light	3	5 ppm	100 ppm	NT=Carbamidomethyl;AC=UNIMOD:4;TA=C;MT=Fixed	NT=Oxidation;AC=UNIMOD:35;TA=M;MT=Variable	NT=Label:13C(6)15N(4);AC=UNIMOD:267;TA=R;MT=Variable	NT=Label:13C(6)15N(2);AC=UNIMOD:259;TA=K;MT=Variable	not applicable	IMAC digest batch	ftp://ftp.pride.ebi.ac.uk/pride/data/archive/2017/01/PXD003708/2013-Nov_22_NPB_HLB3_R2.raw	SW620
SW620_B_IMAC_nonenriched	Homo sapiens	not applicable	2	colon adenocarcinoma	cell line	51Y	male	SW620	CVCL_0547	IMAC_nonenriched	2013-Nov_22_NPB_HLB4_R2	proteomic profiling by mass spectrometry	2	2013-Nov_22_NPB_HLB4_R2.raw	v1.1.0	NT=ms-proteomics;VV=v1.1.0	NT=human;VV=v1.1.0	NT=cell-lines;VV=v1.1.0	manual curation	NT=Data-dependent acquisition;AC=PRIDE:0000627	NT=Q Exactive;AC=MS:1001911	NT=Trypsin;AC=MS:1001251	SILAC light	4	5 ppm	100 ppm	NT=Carbamidomethyl;AC=UNIMOD:4;TA=C;MT=Fixed	NT=Oxidation;AC=UNIMOD:35;TA=M;MT=Variable	NT=Label:13C(6)15N(4);AC=UNIMOD:267;TA=R;MT=Variable	NT=Label:13C(6)15N(2);AC=UNIMOD:259;TA=K;MT=Variable	not applicable	IMAC digest batch	ftp://ftp.pride.ebi.ac.uk/pride/data/archive/2017/01/PXD003708/2013-Nov_22_NPB_HLB4_R2.raw	SW620
SW620_B_IMAC_nonenriched	Homo sapiens	not applicable	2	colon adenocarcinoma	cell line	51Y	male	SW620	CVCL_0547	IMAC_nonenriched	2013-Nov_22_NPB_HLB5_R2	proteomic profiling by mass spectrometry	2	2013-Nov_22_NPB_HLB5_R2.raw	v1.1.0	NT=ms-proteomics;VV=v1.1.0	NT=human;VV=v1.1.0	NT=cell-lines;VV=v1.1.0	manual curation	NT=Data-dependent acquisition;AC=PRIDE:0000627	NT=Q Exactive;AC=MS:1001911	NT=Trypsin;AC=MS:1001251	SILAC light	5	5 ppm	100 ppm	NT=Carbamidomethyl;AC=UNIMOD:4;TA=C;MT=Fixed	NT=Oxidation;AC=UNIMOD:35;TA=M;MT=Variable	NT=Label:13C(6)15N(4);AC=UNIMOD:267;TA=R;MT=Variable	NT=Label:13C(6)15N(2);AC=UNIMOD:259;TA=K;MT=Variable	not applicable	IMAC digest batch	ftp://ftp.pride.ebi.ac.uk/pride/data/archive/2017/01/PXD003708/2013-Nov_22_NPB_HLB5_R2.raw	SW620
SW620_B_IMAC_nonenriched	Homo sapiens	not applicable	2	colon adenocarcinoma	cell line	51Y	male	SW620	CVCL_0547	IMAC_nonenriched	2013-Nov_22_NPB_HLB6_R2	proteomic profiling by mass spectrometry	2	2013-Nov_22_NPB_HLB6_R2.raw	v1.1.0	NT=ms-proteomics;VV=v1.1.0	NT=human;VV=v1.1.0	NT=cell-lines;VV=v1.1.0	manual curation	NT=Data-dependent acquisition;AC=PRIDE:0000627	NT=Q Exactive;AC=MS:1001911	NT=Trypsin;AC=MS:1001251	SILAC light	6	5 ppm	100 ppm	NT=Carbamidomethyl;AC=UNIMOD:4;TA=C;MT=Fixed	NT=Oxidation;AC=UNIMOD:35;TA=M;MT=Variable	NT=Label:13C(6)15N(4);AC=UNIMOD:267;TA=R;MT=Variable	NT=Label:13C(6)15N(2);AC=UNIMOD:259;TA=K;MT=Variable	not applicable	IMAC digest batch	ftp://ftp.pride.ebi.ac.uk/pride/data/archive/2017/01/PXD003708/2013-Nov_22_NPB_HLB6_R2.raw	SW620
SW620_B_IMAC_nonenriched	Homo sapiens	not applicable	2	colon adenocarcinoma	cell line	51Y	male	SW620	CVCL_0547	IMAC_nonenriched	2013-Nov_22_NPB_HLB7_R2	proteomic profiling by mass spectrometry	2	2013-Nov_22_NPB_HLB7_R2.raw	v1.1.0	NT=ms-proteomics;VV=v1.1.0	NT=human;VV=v1.1.0	NT=cell-lines;VV=v1.1.0	manual curation	NT=Data-dependent acquisition;AC=PRIDE:0000627	NT=Q Exactive;AC=MS:1001911	NT=Trypsin;AC=MS:1001251	SILAC light	7	5 ppm	100 ppm	NT=Carbamidomethyl;AC=UNIMOD:4;TA=C;MT=Fixed	NT=Oxidation;AC=UNIMOD:35;TA=M;MT=Variable	NT=Label:13C(6)15N(4);AC=UNIMOD:267;TA=R;MT=Variable	NT=Label:13C(6)15N(2);AC=UNIMOD:259;TA=K;MT=Variable	not applicable	IMAC digest batch	ftp://ftp.pride.ebi.ac.uk/pride/data/archive/2017/01/PXD003708/2013-Nov_22_NPB_HLB7_R2.raw	SW620
SW620_B_IMAC_nonenriched	Homo sapiens	not applicable	2	colon adenocarcinoma	cell line	51Y	male	SW620	CVCL_0547	IMAC_nonenriched	2013-Nov_22_NPB_HLB8_R2	proteomic profiling by mass spectrometry	2	2013-Nov_22_NPB_HLB8_R2.raw	v1.1.0	NT=ms-proteomics;VV=v1.1.0	NT=human;VV=v1.1.0	NT=cell-lines;VV=v1.1.0	manual curation	NT=Data-dependent acquisition;AC=PRIDE:0000627	NT=Q Exactive;AC=MS:1001911	NT=Trypsin;AC=MS:1001251	SILAC light	8	5 ppm	100 ppm	NT=Carbamidomethyl;AC=UNIMOD:4;TA=C;MT=Fixed	NT=Oxidation;AC=UNIMOD:35;TA=M;MT=Variable	NT=Label:13C(6)15N(4);AC=UNIMOD:267;TA=R;MT=Variable	NT=Label:13C(6)15N(2);AC=UNIMOD:259;TA=K;MT=Variable	not applicable	IMAC digest batch	ftp://ftp.pride.ebi.ac.uk/pride/data/archive/2017/01/PXD003708/2013-Nov_22_NPB_HLB8_R2.raw	SW620
SW480_B_TiO2_E1	Homo sapiens	not applicable	2	colon adenocarcinoma	cell line	51Y	male	SW480	CVCL_0546	TiO2_E1	2014-Feb01-TiO2-PPB-E1-HLB1-1	proteomic profiling by mass spectrometry	1	2014-Feb01-TiO2-PPB-E1-HLB1-1.raw	v1.1.0	NT=ms-proteomics;VV=v1.1.0	NT=human;VV=v1.1.0	NT=cell-lines;VV=v1.1.0	manual curation	NT=Data-dependent acquisition;AC=PRIDE:0000627	NT=Q Exactive;AC=MS:1001911	NT=Trypsin;AC=MS:1001251	SILAC heavy	1	5 ppm	100 ppm	NT=Carbamidomethyl;AC=UNIMOD:4;TA=C;MT=Fixed	NT=Oxidation;AC=UNIMOD:35;TA=M;MT=Variable	NT=Label:13C(6)15N(4);AC=UNIMOD:267;TA=R;MT=Variable	NT=Label:13C(6)15N(2);AC=UNIMOD:259;TA=K;MT=Variable	NT=Phospho;AC=UNIMOD:21;TA=S,T,Y;MT=Variable	TiO2 digest batch	ftp://ftp.pride.ebi.ac.uk/pride/data/archive/2017/01/PXD003708/2014-Feb01-TiO2-PPB-E1-HLB1-1.raw	SW480
SW480_B_TiO2_E1	Homo sapiens	not applicable	2	colon adenocarcinoma	cell line	51Y	male	SW480	CVCL_0546	TiO2_E1	2014-Feb01-TiO2-PPB-E1-HLB2-1	proteomic profiling by mass spectrometry	1	2014-Feb01-TiO2-PPB-E1-HLB2-1.raw	v1.1.0	NT=ms-proteomics;VV=v1.1.0	NT=human;VV=v1.1.0	NT=cell-lines;VV=v1.1.0	manual curation	NT=Data-dependent acquisition;AC=PRIDE:0000627	NT=Q Exactive;AC=MS:1001911	NT=Trypsin;AC=MS:1001251	SILAC heavy	2	5 ppm	100 ppm	NT=Carbamidomethyl;AC=UNIMOD:4;TA=C;MT=Fixed	NT=Oxidation;AC=UNIMOD:35;TA=M;MT=Variable	NT=Label:13C(6)15N(4);AC=UNIMOD:267;TA=R;MT=Variable	NT=Label:13C(6)15N(2);AC=UNIMOD:259;TA=K;MT=Variable	NT=Phospho;AC=UNIMOD:21;TA=S,T,Y;MT=Variable	TiO2 digest batch	ftp://ftp.pride.ebi.ac.uk/pride/data/archive/2017/01/PXD003708/2014-Feb01-TiO2-PPB-E1-HLB2-1.raw	SW480
SW480_B_TiO2_E1	Homo sapiens	not applicable	2	colon adenocarcinoma	cell line	51Y	male	SW480	CVCL_0546	TiO2_E1	2014-Feb01-TiO2-PPB-E1-HLB3-1	proteomic profiling by mass spectrometry	1	2014-Feb01-TiO2-PPB-E1-HLB3-1.raw	v1.1.0	NT=ms-proteomics;VV=v1.1.0	NT=human;VV=v1.1.0	NT=cell-lines;VV=v1.1.0	manual curation	NT=Data-dependent acquisition;AC=PRIDE:0000627	NT=Q Exactive;AC=MS:1001911	NT=Trypsin;AC=MS:1001251	SILAC heavy	3	5 ppm	100 ppm	NT=Carbamidomethyl;AC=UNIMOD:4;TA=C;MT=Fixed	NT=Oxidation;AC=UNIMOD:35;TA=M;MT=Variable	NT=Label:13C(6)15N(4);AC=UNIMOD:267;TA=R;MT=Variable	NT=Label:13C(6)15N(2);AC=UNIMOD:259;TA=K;MT=Variable	NT=Phospho;AC=UNIMOD:21;TA=S,T,Y;MT=Variable	TiO2 digest batch	ftp://ftp.pride.ebi.ac.uk/pride/data/archive/2017/01/PXD003708/2014-Feb01-TiO2-PPB-E1-HLB3-1.raw	SW480
SW480_B_TiO2_E1	Homo sapiens	not applicable	2	colon adenocarcinoma	cell line	51Y	male	SW480	CVCL_0546	TiO2_E1	2014-Feb01-TiO2-PPB-E1-HLB4-1	proteomic profiling by mass spectrometry	1	2014-Feb01-TiO2-PPB-E1-HLB4-1.raw	v1.1.0	NT=ms-proteomics;VV=v1.1.0	NT=human;VV=v1.1.0	NT=cell-lines;VV=v1.1.0	manual curation	NT=Data-dependent acquisition;AC=PRIDE:0000627	NT=Q Exactive;AC=MS:1001911	NT=Trypsin;AC=MS:1001251	SILAC heavy	4	5 ppm	100 ppm	NT=Carbamidomethyl;AC=UNIMOD:4;TA=C;MT=Fixed	NT=Oxidation;AC=UNIMOD:35;TA=M;MT=Variable	NT=Label:13C(6)15N(4);AC=UNIMOD:267;TA=R;MT=Variable	NT=Label:13C(6)15N(2);AC=UNIMOD:259;TA=K;MT=Variable	NT=Phospho;AC=UNIMOD:21;TA=S,T,Y;MT=Variable	TiO2 digest batch	ftp://ftp.pride.ebi.ac.uk/pride/data/archive/2017/01/PXD003708/2014-Feb01-TiO2-PPB-E1-HLB4-1.raw	SW480
SW620_B_TiO2_E1	Homo sapiens	not applicable	2	colon adenocarcinoma	cell line	51Y	male	SW620	CVCL_0547	TiO2_E1	2014-Feb01-TiO2-PPB-E1-HLB1-1	proteomic profiling by mass spectrometry	1	2014-Feb01-TiO2-PPB-E1-HLB1-1.raw	v1.1.0	NT=ms-proteomics;VV=v1.1.0	NT=human;VV=v1.1.0	NT=cell-lines;VV=v1.1.0	manual curation	NT=Data-dependent acquisition;AC=PRIDE:0000627	NT=Q Exactive;AC=MS:1001911	NT=Trypsin;AC=MS:1001251	SILAC light	1	5 ppm	100 ppm	NT=Carbamidomethyl;AC=UNIMOD:4;TA=C;MT=Fixed	NT=Oxidation;AC=UNIMOD:35;TA=M;MT=Variable	NT=Label:13C(6)15N(4);AC=UNIMOD:267;TA=R;MT=Variable	NT=Label:13C(6)15N(2);AC=UNIMOD:259;TA=K;MT=Variable	NT=Phospho;AC=UNIMOD:21;TA=S,T,Y;MT=Variable	TiO2 digest batch	ftp://ftp.pride.ebi.ac.uk/pride/data/archive/2017/01/PXD003708/2014-Feb01-TiO2-PPB-E1-HLB1-1.raw	SW620
SW620_B_TiO2_E1	Homo sapiens	not applicable	2	colon adenocarcinoma	cell line	51Y	male	SW620	CVCL_0547	TiO2_E1	2014-Feb01-TiO2-PPB-E1-HLB2-1	proteomic profiling by mass spectrometry	1	2014-Feb01-TiO2-PPB-E1-HLB2-1.raw	v1.1.0	NT=ms-proteomics;VV=v1.1.0	NT=human;VV=v1.1.0	NT=cell-lines;VV=v1.1.0	manual curation	NT=Data-dependent acquisition;AC=PRIDE:0000627	NT=Q Exactive;AC=MS:1001911	NT=Trypsin;AC=MS:1001251	SILAC light	2	5 ppm	100 ppm	NT=Carbamidomethyl;AC=UNIMOD:4;TA=C;MT=Fixed	NT=Oxidation;AC=UNIMOD:35;TA=M;MT=Variable	NT=Label:13C(6)15N(4);AC=UNIMOD:267;TA=R;MT=Variable	NT=Label:13C(6)15N(2);AC=UNIMOD:259;TA=K;MT=Variable	NT=Phospho;AC=UNIMOD:21;TA=S,T,Y;MT=Variable	TiO2 digest batch	ftp://ftp.pride.ebi.ac.uk/pride/data/archive/2017/01/PXD003708/2014-Feb01-TiO2-PPB-E1-HLB2-1.raw	SW620
SW620_B_TiO2_E1	Homo sapiens	not applicable	2	colon adenocarcinoma	cell line	51Y	male	SW620	CVCL_0547	TiO2_E1	2014-Feb01-TiO2-PPB-E1-HLB3-1	proteomic profiling by mass spectrometry	1	2014-Feb01-TiO2-PPB-E1-HLB3-1.raw	v1.1.0	NT=ms-proteomics;VV=v1.1.0	NT=human;VV=v1.1.0	NT=cell-lines;VV=v1.1.0	manual curation	NT=Data-dependent acquisition;AC=PRIDE:0000627	NT=Q Exactive;AC=MS:1001911	NT=Trypsin;AC=MS:1001251	SILAC light	3	5 ppm	100 ppm	NT=Carbamidomethyl;AC=UNIMOD:4;TA=C;MT=Fixed	NT=Oxidation;AC=UNIMOD:35;TA=M;MT=Variable	NT=Label:13C(6)15N(4);AC=UNIMOD:267;TA=R;MT=Variable	NT=Label:13C(6)15N(2);AC=UNIMOD:259;TA=K;MT=Variable	NT=Phospho;AC=UNIMOD:21;TA=S,T,Y;MT=Variable	TiO2 digest batch	ftp://ftp.pride.ebi.ac.uk/pride/data/archive/2017/01/PXD003708/2014-Feb01-TiO2-PPB-E1-HLB3-1.raw	SW620
SW620_B_TiO2_E1	Homo sapiens	not applicable	2	colon adenocarcinoma	cell line	51Y	male	SW620	CVCL_0547	TiO2_E1	2014-Feb01-TiO2-PPB-E1-HLB4-1	proteomic profiling by mass spectrometry	1	2014-Feb01-TiO2-PPB-E1-HLB4-1.raw	v1.1.0	NT=ms-proteomics;VV=v1.1.0	NT=human;VV=v1.1.0	NT=cell-lines;VV=v1.1.0	manual curation	NT=Data-dependent acquisition;AC=PRIDE:0000627	NT=Q Exactive;AC=MS:1001911	NT=Trypsin;AC=MS:1001251	SILAC light	4	5 ppm	100 ppm	NT=Carbamidomethyl;AC=UNIMOD:4;TA=C;MT=Fixed	NT=Oxidation;AC=UNIMOD:35;TA=M;MT=Variable	NT=Label:13C(6)15N(4);AC=UNIMOD:267;TA=R;MT=Variable	NT=Label:13C(6)15N(2);AC=UNIMOD:259;TA=K;MT=Variable	NT=Phospho;AC=UNIMOD:21;TA=S,T,Y;MT=Variable	TiO2 digest batch	ftp://ftp.pride.ebi.ac.uk/pride/data/archive/2017/01/PXD003708/2014-Feb01-TiO2-PPB-E1-HLB4-1.raw	SW620
SW480_B_TiO2_E1	Homo sapiens	not applicable	2	colon adenocarcinoma	cell line	51Y	male	SW480	CVCL_0546	TiO2_E1	2014-Feb01-TiO2-PPB-E1-HLB1-2	proteomic profiling by mass spectrometry	2	2014-Feb01-TiO2-PPB-E1-HLB1-2.raw	v1.1.0	NT=ms-proteomics;VV=v1.1.0	NT=human;VV=v1.1.0	NT=cell-lines;VV=v1.1.0	manual curation	NT=Data-dependent acquisition;AC=PRIDE:0000627	NT=Q Exactive;AC=MS:1001911	NT=Trypsin;AC=MS:1001251	SILAC heavy	1	5 ppm	100 ppm	NT=Carbamidomethyl;AC=UNIMOD:4;TA=C;MT=Fixed	NT=Oxidation;AC=UNIMOD:35;TA=M;MT=Variable	NT=Label:13C(6)15N(4);AC=UNIMOD:267;TA=R;MT=Variable	NT=Label:13C(6)15N(2);AC=UNIMOD:259;TA=K;MT=Variable	NT=Phospho;AC=UNIMOD:21;TA=S,T,Y;MT=Variable	TiO2 digest batch	ftp://ftp.pride.ebi.ac.uk/pride/data/archive/2017/01/PXD003708/2014-Feb01-TiO2-PPB-E1-HLB1-2.raw	SW480
SW480_B_TiO2_E1	Homo sapiens	not applicable	2	colon adenocarcinoma	cell line	51Y	male	SW480	CVCL_0546	TiO2_E1	2014-Feb01-TiO2-PPB-E1-HLB2-2	proteomic profiling by mass spectrometry	2	2014-Feb01-TiO2-PPB-E1-HLB2-2.raw	v1.1.0	NT=ms-proteomics;VV=v1.1.0	NT=human;VV=v1.1.0	NT=cell-lines;VV=v1.1.0	manual curation	NT=Data-dependent acquisition;AC=PRIDE:0000627	NT=Q Exactive;AC=MS:1001911	NT=Trypsin;AC=MS:1001251	SILAC heavy	2	5 ppm	100 ppm	NT=Carbamidomethyl;AC=UNIMOD:4;TA=C;MT=Fixed	NT=Oxidation;AC=UNIMOD:35;TA=M;MT=Variable	NT=Label:13C(6)15N(4);AC=UNIMOD:267;TA=R;MT=Variable	NT=Label:13C(6)15N(2);AC=UNIMOD:259;TA=K;MT=Variable	NT=Phospho;AC=UNIMOD:21;TA=S,T,Y;MT=Variable	TiO2 digest batch	ftp://ftp.pride.ebi.ac.uk/pride/data/archive/2017/01/PXD003708/2014-Feb01-TiO2-PPB-E1-HLB2-2.raw	SW480
SW480_B_TiO2_E1	Homo sapiens	not applicable	2	colon adenocarcinoma	cell line	51Y	male	SW480	CVCL_0546	TiO2_E1	2014-Feb01-TiO2-PPB-E1-HLB3-2	proteomic profiling by mass spectrometry	2	2014-Feb01-TiO2-PPB-E1-HLB3-2.raw	v1.1.0	NT=ms-proteomics;VV=v1.1.0	NT=human;VV=v1.1.0	NT=cell-lines;VV=v1.1.0	manual curation	NT=Data-dependent acquisition;AC=PRIDE:0000627	NT=Q Exactive;AC=MS:1001911	NT=Trypsin;AC=MS:1001251	SILAC heavy	3	5 ppm	100 ppm	NT=Carbamidomethyl;AC=UNIMOD:4;TA=C;MT=Fixed	NT=Oxidation;AC=UNIMOD:35;TA=M;MT=Variable	NT=Label:13C(6)15N(4);AC=UNIMOD:267;TA=R;MT=Variable	NT=Label:13C(6)15N(2);AC=UNIMOD:259;TA=K;MT=Variable	NT=Phospho;AC=UNIMOD:21;TA=S,T,Y;MT=Variable	TiO2 digest batch	ftp://ftp.pride.ebi.ac.uk/pride/data/archive/2017/01/PXD003708/2014-Feb01-TiO2-PPB-E1-HLB3-2.raw	SW480
SW480_B_TiO2_E1	Homo sapiens	not applicable	2	colon adenocarcinoma	cell line	51Y	male	SW480	CVCL_0546	TiO2_E1	2014-Feb01-TiO2-PPB-E1-HLB4-2	proteomic profiling by mass spectrometry	2	2014-Feb01-TiO2-PPB-E1-HLB4-2.raw	v1.1.0	NT=ms-proteomics;VV=v1.1.0	NT=human;VV=v1.1.0	NT=cell-lines;VV=v1.1.0	manual curation	NT=Data-dependent acquisition;AC=PRIDE:0000627	NT=Q Exactive;AC=MS:1001911	NT=Trypsin;AC=MS:1001251	SILAC heavy	4	5 ppm	100 ppm	NT=Carbamidomethyl;AC=UNIMOD:4;TA=C;MT=Fixed	NT=Oxidation;AC=UNIMOD:35;TA=M;MT=Variable	NT=Label:13C(6)15N(4);AC=UNIMOD:267;TA=R;MT=Variable	NT=Label:13C(6)15N(2);AC=UNIMOD:259;TA=K;MT=Variable	NT=Phospho;AC=UNIMOD:21;TA=S,T,Y;MT=Variable	TiO2 digest batch	ftp://ftp.pride.ebi.ac.uk/pride/data/archive/2017/01/PXD003708/2014-Feb01-TiO2-PPB-E1-HLB4-2.raw	SW480
SW620_B_TiO2_E1	Homo sapiens	not applicable	2	colon adenocarcinoma	cell line	51Y	male	SW620	CVCL_0547	TiO2_E1	2014-Feb01-TiO2-PPB-E1-HLB1-2	proteomic profiling by mass spectrometry	2	2014-Feb01-TiO2-PPB-E1-HLB1-2.raw	v1.1.0	NT=ms-proteomics;VV=v1.1.0	NT=human;VV=v1.1.0	NT=cell-lines;VV=v1.1.0	manual curation	NT=Data-dependent acquisition;AC=PRIDE:0000627	NT=Q Exactive;AC=MS:1001911	NT=Trypsin;AC=MS:1001251	SILAC light	1	5 ppm	100 ppm	NT=Carbamidomethyl;AC=UNIMOD:4;TA=C;MT=Fixed	NT=Oxidation;AC=UNIMOD:35;TA=M;MT=Variable	NT=Label:13C(6)15N(4);AC=UNIMOD:267;TA=R;MT=Variable	NT=Label:13C(6)15N(2);AC=UNIMOD:259;TA=K;MT=Variable	NT=Phospho;AC=UNIMOD:21;TA=S,T,Y;MT=Variable	TiO2 digest batch	ftp://ftp.pride.ebi.ac.uk/pride/data/archive/2017/01/PXD003708/2014-Feb01-TiO2-PPB-E1-HLB1-2.raw	SW620
SW620_B_TiO2_E1	Homo sapiens	not applicable	2	colon adenocarcinoma	cell line	51Y	male	SW620	CVCL_0547	TiO2_E1	2014-Feb01-TiO2-PPB-E1-HLB2-2	proteomic profiling by mass spectrometry	2	2014-Feb01-TiO2-PPB-E1-HLB2-2.raw	v1.1.0	NT=ms-proteomics;VV=v1.1.0	NT=human;VV=v1.1.0	NT=cell-lines;VV=v1.1.0	manual curation	NT=Data-dependent acquisition;AC=PRIDE:0000627	NT=Q Exactive;AC=MS:1001911	NT=Trypsin;AC=MS:1001251	SILAC light	2	5 ppm	100 ppm	NT=Carbamidomethyl;AC=UNIMOD:4;TA=C;MT=Fixed	NT=Oxidation;AC=UNIMOD:35;TA=M;MT=Variable	NT=Label:13C(6)15N(4);AC=UNIMOD:267;TA=R;MT=Variable	NT=Label:13C(6)15N(2);AC=UNIMOD:259;TA=K;MT=Variable	NT=Phospho;AC=UNIMOD:21;TA=S,T,Y;MT=Variable	TiO2 digest batch	ftp://ftp.pride.ebi.ac.uk/pride/data/archive/2017/01/PXD003708/2014-Feb01-TiO2-PPB-E1-HLB2-2.raw	SW620
SW620_B_TiO2_E1	Homo sapiens	not applicable	2	colon adenocarcinoma	cell line	51Y	male	SW620	CVCL_0547	TiO2_E1	2014-Feb01-TiO2-PPB-E1-HLB3-2	proteomic profiling by mass spectrometry	2	2014-Feb01-TiO2-PPB-E1-HLB3-2.raw	v1.1.0	NT=ms-proteomics;VV=v1.1.0	NT=human;VV=v1.1.0	NT=cell-lines;VV=v1.1.0	manual curation	NT=Data-dependent acquisition;AC=PRIDE:0000627	NT=Q Exactive;AC=MS:1001911	NT=Trypsin;AC=MS:1001251	SILAC light	3	5 ppm	100 ppm	NT=Carbamidomethyl;AC=UNIMOD:4;TA=C;MT=Fixed	NT=Oxidation;AC=UNIMOD:35;TA=M;MT=Variable	NT=Label:13C(6)15N(4);AC=UNIMOD:267;TA=R;MT=Variable	NT=Label:13C(6)15N(2);AC=UNIMOD:259;TA=K;MT=Variable	NT=Phospho;AC=UNIMOD:21;TA=S,T,Y;MT=Variable	TiO2 digest batch	ftp://ftp.pride.ebi.ac.uk/pride/data/archive/2017/01/PXD003708/2014-Feb01-TiO2-PPB-E1-HLB3-2.raw	SW620
SW620_B_TiO2_E1	Homo sapiens	not applicable	2	colon adenocarcinoma	cell line	51Y	male	SW620	CVCL_0547	TiO2_E1	2014-Feb01-TiO2-PPB-E1-HLB4-2	proteomic profiling by mass spectrometry	2	2014-Feb01-TiO2-PPB-E1-HLB4-2.raw	v1.1.0	NT=ms-proteomics;VV=v1.1.0	NT=human;VV=v1.1.0	NT=cell-lines;VV=v1.1.0	manual curation	NT=Data-dependent acquisition;AC=PRIDE:0000627	NT=Q Exactive;AC=MS:1001911	NT=Trypsin;AC=MS:1001251	SILAC light	4	5 ppm	100 ppm	NT=Carbamidomethyl;AC=UNIMOD:4;TA=C;MT=Fixed	NT=Oxidation;AC=UNIMOD:35;TA=M;MT=Variable	NT=Label:13C(6)15N(4);AC=UNIMOD:267;TA=R;MT=Variable	NT=Label:13C(6)15N(2);AC=UNIMOD:259;TA=K;MT=Variable	NT=Phospho;AC=UNIMOD:21;TA=S,T,Y;MT=Variable	TiO2 digest batch	ftp://ftp.pride.ebi.ac.uk/pride/data/archive/2017/01/PXD003708/2014-Feb01-TiO2-PPB-E1-HLB4-2.raw	SW620
SW480_B_TiO2_E2	Homo sapiens	not applicable	2	colon adenocarcinoma	cell line	51Y	male	SW480	CVCL_0546	TiO2_E2	2014-Feb01-TiO2-PPB-E2-HLB1-1	proteomic profiling by mass spectrometry	1	2014-Feb01-TiO2-PPB-E2-HLB1-1.raw	v1.1.0	NT=ms-proteomics;VV=v1.1.0	NT=human;VV=v1.1.0	NT=cell-lines;VV=v1.1.0	manual curation	NT=Data-dependent acquisition;AC=PRIDE:0000627	NT=Q Exactive;AC=MS:1001911	NT=Trypsin;AC=MS:1001251	SILAC heavy	1	5 ppm	100 ppm	NT=Carbamidomethyl;AC=UNIMOD:4;TA=C;MT=Fixed	NT=Oxidation;AC=UNIMOD:35;TA=M;MT=Variable	NT=Label:13C(6)15N(4);AC=UNIMOD:267;TA=R;MT=Variable	NT=Label:13C(6)15N(2);AC=UNIMOD:259;TA=K;MT=Variable	NT=Phospho;AC=UNIMOD:21;TA=S,T,Y;MT=Variable	TiO2 digest batch	ftp://ftp.pride.ebi.ac.uk/pride/data/archive/2017/01/PXD003708/2014-Feb01-TiO2-PPB-E2-HLB1-1.raw	SW480
SW480_B_TiO2_E2	Homo sapiens	not applicable	2	colon adenocarcinoma	cell line	51Y	male	SW480	CVCL_0546	TiO2_E2	2014-Feb01-TiO2-PPB-E2-HLB2-1	proteomic profiling by mass spectrometry	1	2014-Feb01-TiO2-PPB-E2-HLB2-1.raw	v1.1.0	NT=ms-proteomics;VV=v1.1.0	NT=human;VV=v1.1.0	NT=cell-lines;VV=v1.1.0	manual curation	NT=Data-dependent acquisition;AC=PRIDE:0000627	NT=Q Exactive;AC=MS:1001911	NT=Trypsin;AC=MS:1001251	SILAC heavy	2	5 ppm	100 ppm	NT=Carbamidomethyl;AC=UNIMOD:4;TA=C;MT=Fixed	NT=Oxidation;AC=UNIMOD:35;TA=M;MT=Variable	NT=Label:13C(6)15N(4);AC=UNIMOD:267;TA=R;MT=Variable	NT=Label:13C(6)15N(2);AC=UNIMOD:259;TA=K;MT=Variable	NT=Phospho;AC=UNIMOD:21;TA=S,T,Y;MT=Variable	TiO2 digest batch	ftp://ftp.pride.ebi.ac.uk/pride/data/archive/2017/01/PXD003708/2014-Feb01-TiO2-PPB-E2-HLB2-1.raw	SW480
SW480_B_TiO2_E2	Homo sapiens	not applicable	2	colon adenocarcinoma	cell line	51Y	male	SW480	CVCL_0546	TiO2_E2	2014-Feb01-TiO2-PPB-E2-HLB3-1	proteomic profiling by mass spectrometry	1	2014-Feb01-TiO2-PPB-E2-HLB3-1.raw	v1.1.0	NT=ms-proteomics;VV=v1.1.0	NT=human;VV=v1.1.0	NT=cell-lines;VV=v1.1.0	manual curation	NT=Data-dependent acquisition;AC=PRIDE:0000627	NT=Q Exactive;AC=MS:1001911	NT=Trypsin;AC=MS:1001251	SILAC heavy	3	5 ppm	100 ppm	NT=Carbamidomethyl;AC=UNIMOD:4;TA=C;MT=Fixed	NT=Oxidation;AC=UNIMOD:35;TA=M;MT=Variable	NT=Label:13C(6)15N(4);AC=UNIMOD:267;TA=R;MT=Variable	NT=Label:13C(6)15N(2);AC=UNIMOD:259;TA=K;MT=Variable	NT=Phospho;AC=UNIMOD:21;TA=S,T,Y;MT=Variable	TiO2 digest batch	ftp://ftp.pride.ebi.ac.uk/pride/data/archive/2017/01/PXD003708/2014-Feb01-TiO2-PPB-E2-HLB3-1.raw	SW480
SW480_B_TiO2_E2	Homo sapiens	not applicable	2	colon adenocarcinoma	cell line	51Y	male	SW480	CVCL_0546	TiO2_E2	2014-Feb01-TiO2-PPB-E2-HLB4-1	proteomic profiling by mass spectrometry	1	2014-Feb01-TiO2-PPB-E2-HLB4-1.raw	v1.1.0	NT=ms-proteomics;VV=v1.1.0	NT=human;VV=v1.1.0	NT=cell-lines;VV=v1.1.0	manual curation	NT=Data-dependent acquisition;AC=PRIDE:0000627	NT=Q Exactive;AC=MS:1001911	NT=Trypsin;AC=MS:1001251	SILAC heavy	4	5 ppm	100 ppm	NT=Carbamidomethyl;AC=UNIMOD:4;TA=C;MT=Fixed	NT=Oxidation;AC=UNIMOD:35;TA=M;MT=Variable	NT=Label:13C(6)15N(4);AC=UNIMOD:267;TA=R;MT=Variable	NT=Label:13C(6)15N(2);AC=UNIMOD:259;TA=K;MT=Variable	NT=Phospho;AC=UNIMOD:21;TA=S,T,Y;MT=Variable	TiO2 digest batch	ftp://ftp.pride.ebi.ac.uk/pride/data/archive/2017/01/PXD003708/2014-Feb01-TiO2-PPB-E2-HLB4-1.raw	SW480
SW620_B_TiO2_E2	Homo sapiens	not applicable	2	colon adenocarcinoma	cell line	51Y	male	SW620	CVCL_0547	TiO2_E2	2014-Feb01-TiO2-PPB-E2-HLB1-1	proteomic profiling by mass spectrometry	1	2014-Feb01-TiO2-PPB-E2-HLB1-1.raw	v1.1.0	NT=ms-proteomics;VV=v1.1.0	NT=human;VV=v1.1.0	NT=cell-lines;VV=v1.1.0	manual curation	NT=Data-dependent acquisition;AC=PRIDE:0000627	NT=Q Exactive;AC=MS:1001911	NT=Trypsin;AC=MS:1001251	SILAC light	1	5 ppm	100 ppm	NT=Carbamidomethyl;AC=UNIMOD:4;TA=C;MT=Fixed	NT=Oxidation;AC=UNIMOD:35;TA=M;MT=Variable	NT=Label:13C(6)15N(4);AC=UNIMOD:267;TA=R;MT=Variable	NT=Label:13C(6)15N(2);AC=UNIMOD:259;TA=K;MT=Variable	NT=Phospho;AC=UNIMOD:21;TA=S,T,Y;MT=Variable	TiO2 digest batch	ftp://ftp.pride.ebi.ac.uk/pride/data/archive/2017/01/PXD003708/2014-Feb01-TiO2-PPB-E2-HLB1-1.raw	SW620
SW620_B_TiO2_E2	Homo sapiens	not applicable	2	colon adenocarcinoma	cell line	51Y	male	SW620	CVCL_0547	TiO2_E2	2014-Feb01-TiO2-PPB-E2-HLB2-1	proteomic profiling by mass spectrometry	1	2014-Feb01-TiO2-PPB-E2-HLB2-1.raw	v1.1.0	NT=ms-proteomics;VV=v1.1.0	NT=human;VV=v1.1.0	NT=cell-lines;VV=v1.1.0	manual curation	NT=Data-dependent acquisition;AC=PRIDE:0000627	NT=Q Exactive;AC=MS:1001911	NT=Trypsin;AC=MS:1001251	SILAC light	2	5 ppm	100 ppm	NT=Carbamidomethyl;AC=UNIMOD:4;TA=C;MT=Fixed	NT=Oxidation;AC=UNIMOD:35;TA=M;MT=Variable	NT=Label:13C(6)15N(4);AC=UNIMOD:267;TA=R;MT=Variable	NT=Label:13C(6)15N(2);AC=UNIMOD:259;TA=K;MT=Variable	NT=Phospho;AC=UNIMOD:21;TA=S,T,Y;MT=Variable	TiO2 digest batch	ftp://ftp.pride.ebi.ac.uk/pride/data/archive/2017/01/PXD003708/2014-Feb01-TiO2-PPB-E2-HLB2-1.raw	SW620
SW620_B_TiO2_E2	Homo sapiens	not applicable	2	colon adenocarcinoma	cell line	51Y	male	SW620	CVCL_0547	TiO2_E2	2014-Feb01-TiO2-PPB-E2-HLB3-1	proteomic profiling by mass spectrometry	1	2014-Feb01-TiO2-PPB-E2-HLB3-1.raw	v1.1.0	NT=ms-proteomics;VV=v1.1.0	NT=human;VV=v1.1.0	NT=cell-lines;VV=v1.1.0	manual curation	NT=Data-dependent acquisition;AC=PRIDE:0000627	NT=Q Exactive;AC=MS:1001911	NT=Trypsin;AC=MS:1001251	SILAC light	3	5 ppm	100 ppm	NT=Carbamidomethyl;AC=UNIMOD:4;TA=C;MT=Fixed	NT=Oxidation;AC=UNIMOD:35;TA=M;MT=Variable	NT=Label:13C(6)15N(4);AC=UNIMOD:267;TA=R;MT=Variable	NT=Label:13C(6)15N(2);AC=UNIMOD:259;TA=K;MT=Variable	NT=Phospho;AC=UNIMOD:21;TA=S,T,Y;MT=Variable	TiO2 digest batch	ftp://ftp.pride.ebi.ac.uk/pride/data/archive/2017/01/PXD003708/2014-Feb01-TiO2-PPB-E2-HLB3-1.raw	SW620
SW620_B_TiO2_E2	Homo sapiens	not applicable	2	colon adenocarcinoma	cell line	51Y	male	SW620	CVCL_0547	TiO2_E2	2014-Feb01-TiO2-PPB-E2-HLB4-1	proteomic profiling by mass spectrometry	1	2014-Feb01-TiO2-PPB-E2-HLB4-1.raw	v1.1.0	NT=ms-proteomics;VV=v1.1.0	NT=human;VV=v1.1.0	NT=cell-lines;VV=v1.1.0	manual curation	NT=Data-dependent acquisition;AC=PRIDE:0000627	NT=Q Exactive;AC=MS:1001911	NT=Trypsin;AC=MS:1001251	SILAC light	4	5 ppm	100 ppm	NT=Carbamidomethyl;AC=UNIMOD:4;TA=C;MT=Fixed	NT=Oxidation;AC=UNIMOD:35;TA=M;MT=Variable	NT=Label:13C(6)15N(4);AC=UNIMOD:267;TA=R;MT=Variable	NT=Label:13C(6)15N(2);AC=UNIMOD:259;TA=K;MT=Variable	NT=Phospho;AC=UNIMOD:21;TA=S,T,Y;MT=Variable	TiO2 digest batch	ftp://ftp.pride.ebi.ac.uk/pride/data/archive/2017/01/PXD003708/2014-Feb01-TiO2-PPB-E2-HLB4-1.raw	SW620
SW480_B_TiO2_E2	Homo sapiens	not applicable	2	colon adenocarcinoma	cell line	51Y	male	SW480	CVCL_0546	TiO2_E2	2014-Feb01-TiO2-PPB-E2-HLB1-2	proteomic profiling by mass spectrometry	2	2014-Feb01-TiO2-PPB-E2-HLB1-2.raw	v1.1.0	NT=ms-proteomics;VV=v1.1.0	NT=human;VV=v1.1.0	NT=cell-lines;VV=v1.1.0	manual curation	NT=Data-dependent acquisition;AC=PRIDE:0000627	NT=Q Exactive;AC=MS:1001911	NT=Trypsin;AC=MS:1001251	SILAC heavy	1	5 ppm	100 ppm	NT=Carbamidomethyl;AC=UNIMOD:4;TA=C;MT=Fixed	NT=Oxidation;AC=UNIMOD:35;TA=M;MT=Variable	NT=Label:13C(6)15N(4);AC=UNIMOD:267;TA=R;MT=Variable	NT=Label:13C(6)15N(2);AC=UNIMOD:259;TA=K;MT=Variable	NT=Phospho;AC=UNIMOD:21;TA=S,T,Y;MT=Variable	TiO2 digest batch	ftp://ftp.pride.ebi.ac.uk/pride/data/archive/2017/01/PXD003708/2014-Feb01-TiO2-PPB-E2-HLB1-2.raw	SW480
SW480_B_TiO2_E2	Homo sapiens	not applicable	2	colon adenocarcinoma	cell line	51Y	male	SW480	CVCL_0546	TiO2_E2	2014-Feb01-TiO2-PPB-E2-HLB2-2	proteomic profiling by mass spectrometry	2	2014-Feb01-TiO2-PPB-E2-HLB2-2.raw	v1.1.0	NT=ms-proteomics;VV=v1.1.0	NT=human;VV=v1.1.0	NT=cell-lines;VV=v1.1.0	manual curation	NT=Data-dependent acquisition;AC=PRIDE:0000627	NT=Q Exactive;AC=MS:1001911	NT=Trypsin;AC=MS:1001251	SILAC heavy	2	5 ppm	100 ppm	NT=Carbamidomethyl;AC=UNIMOD:4;TA=C;MT=Fixed	NT=Oxidation;AC=UNIMOD:35;TA=M;MT=Variable	NT=Label:13C(6)15N(4);AC=UNIMOD:267;TA=R;MT=Variable	NT=Label:13C(6)15N(2);AC=UNIMOD:259;TA=K;MT=Variable	NT=Phospho;AC=UNIMOD:21;TA=S,T,Y;MT=Variable	TiO2 digest batch	ftp://ftp.pride.ebi.ac.uk/pride/data/archive/2017/01/PXD003708/2014-Feb01-TiO2-PPB-E2-HLB2-2.raw	SW480
SW480_B_TiO2_E2	Homo sapiens	not applicable	2	colon adenocarcinoma	cell line	51Y	male	SW480	CVCL_0546	TiO2_E2	2014-Feb01-TiO2-PPB-E2-HLB3-2	proteomic profiling by mass spectrometry	2	2014-Feb01-TiO2-PPB-E2-HLB3-2.raw	v1.1.0	NT=ms-proteomics;VV=v1.1.0	NT=human;VV=v1.1.0	NT=cell-lines;VV=v1.1.0	manual curation	NT=Data-dependent acquisition;AC=PRIDE:0000627	NT=Q Exactive;AC=MS:1001911	NT=Trypsin;AC=MS:1001251	SILAC heavy	3	5 ppm	100 ppm	NT=Carbamidomethyl;AC=UNIMOD:4;TA=C;MT=Fixed	NT=Oxidation;AC=UNIMOD:35;TA=M;MT=Variable	NT=Label:13C(6)15N(4);AC=UNIMOD:267;TA=R;MT=Variable	NT=Label:13C(6)15N(2);AC=UNIMOD:259;TA=K;MT=Variable	NT=Phospho;AC=UNIMOD:21;TA=S,T,Y;MT=Variable	TiO2 digest batch	ftp://ftp.pride.ebi.ac.uk/pride/data/archive/2017/01/PXD003708/2014-Feb01-TiO2-PPB-E2-HLB3-2.raw	SW480
SW480_B_TiO2_E2	Homo sapiens	not applicable	2	colon adenocarcinoma	cell line	51Y	male	SW480	CVCL_0546	TiO2_E2	2014-Feb01-TiO2-PPB-E2-HLB4-2	proteomic profiling by mass spectrometry	2	2014-Feb01-TiO2-PPB-E2-HLB4-2.raw	v1.1.0	NT=ms-proteomics;VV=v1.1.0	NT=human;VV=v1.1.0	NT=cell-lines;VV=v1.1.0	manual curation	NT=Data-dependent acquisition;AC=PRIDE:0000627	NT=Q Exactive;AC=MS:1001911	NT=Trypsin;AC=MS:1001251	SILAC heavy	4	5 ppm	100 ppm	NT=Carbamidomethyl;AC=UNIMOD:4;TA=C;MT=Fixed	NT=Oxidation;AC=UNIMOD:35;TA=M;MT=Variable	NT=Label:13C(6)15N(4);AC=UNIMOD:267;TA=R;MT=Variable	NT=Label:13C(6)15N(2);AC=UNIMOD:259;TA=K;MT=Variable	NT=Phospho;AC=UNIMOD:21;TA=S,T,Y;MT=Variable	TiO2 digest batch	ftp://ftp.pride.ebi.ac.uk/pride/data/archive/2017/01/PXD003708/2014-Feb01-TiO2-PPB-E2-HLB4-2.raw	SW480
SW620_B_TiO2_E2	Homo sapiens	not applicable	2	colon adenocarcinoma	cell line	51Y	male	SW620	CVCL_0547	TiO2_E2	2014-Feb01-TiO2-PPB-E2-HLB1-2	proteomic profiling by mass spectrometry	2	2014-Feb01-TiO2-PPB-E2-HLB1-2.raw	v1.1.0	NT=ms-proteomics;VV=v1.1.0	NT=human;VV=v1.1.0	NT=cell-lines;VV=v1.1.0	manual curation	NT=Data-dependent acquisition;AC=PRIDE:0000627	NT=Q Exactive;AC=MS:1001911	NT=Trypsin;AC=MS:1001251	SILAC light	1	5 ppm	100 ppm	NT=Carbamidomethyl;AC=UNIMOD:4;TA=C;MT=Fixed	NT=Oxidation;AC=UNIMOD:35;TA=M;MT=Variable	NT=Label:13C(6)15N(4);AC=UNIMOD:267;TA=R;MT=Variable	NT=Label:13C(6)15N(2);AC=UNIMOD:259;TA=K;MT=Variable	NT=Phospho;AC=UNIMOD:21;TA=S,T,Y;MT=Variable	TiO2 digest batch	ftp://ftp.pride.ebi.ac.uk/pride/data/archive/2017/01/PXD003708/2014-Feb01-TiO2-PPB-E2-HLB1-2.raw	SW620
SW620_B_TiO2_E2	Homo sapiens	not applicable	2	colon adenocarcinoma	cell line	51Y	male	SW620	CVCL_0547	TiO2_E2	2014-Feb01-TiO2-PPB-E2-HLB2-2	proteomic profiling by mass spectrometry	2	2014-Feb01-TiO2-PPB-E2-HLB2-2.raw	v1.1.0	NT=ms-proteomics;VV=v1.1.0	NT=human;VV=v1.1.0	NT=cell-lines;VV=v1.1.0	manual curation	NT=Data-dependent acquisition;AC=PRIDE:0000627	NT=Q Exactive;AC=MS:1001911	NT=Trypsin;AC=MS:1001251	SILAC light	2	5 ppm	100 ppm	NT=Carbamidomethyl;AC=UNIMOD:4;TA=C;MT=Fixed	NT=Oxidation;AC=UNIMOD:35;TA=M;MT=Variable	NT=Label:13C(6)15N(4);AC=UNIMOD:267;TA=R;MT=Variable	NT=Label:13C(6)15N(2);AC=UNIMOD:259;TA=K;MT=Variable	NT=Phospho;AC=UNIMOD:21;TA=S,T,Y;MT=Variable	TiO2 digest batch	ftp://ftp.pride.ebi.ac.uk/pride/data/archive/2017/01/PXD003708/2014-Feb01-TiO2-PPB-E2-HLB2-2.raw	SW620
SW620_B_TiO2_E2	Homo sapiens	not applicable	2	colon adenocarcinoma	cell line	51Y	male	SW620	CVCL_0547	TiO2_E2	2014-Feb01-TiO2-PPB-E2-HLB3-2	proteomic profiling by mass spectrometry	2	2014-Feb01-TiO2-PPB-E2-HLB3-2.raw	v1.1.0	NT=ms-proteomics;VV=v1.1.0	NT=human;VV=v1.1.0	NT=cell-lines;VV=v1.1.0	manual curation	NT=Data-dependent acquisition;AC=PRIDE:0000627	NT=Q Exactive;AC=MS:1001911	NT=Trypsin;AC=MS:1001251	SILAC light	3	5 ppm	100 ppm	NT=Carbamidomethyl;AC=UNIMOD:4;TA=C;MT=Fixed	NT=Oxidation;AC=UNIMOD:35;TA=M;MT=Variable	NT=Label:13C(6)15N(4);AC=UNIMOD:267;TA=R;MT=Variable	NT=Label:13C(6)15N(2);AC=UNIMOD:259;TA=K;MT=Variable	NT=Phospho;AC=UNIMOD:21;TA=S,T,Y;MT=Variable	TiO2 digest batch	ftp://ftp.pride.ebi.ac.uk/pride/data/archive/2017/01/PXD003708/2014-Feb01-TiO2-PPB-E2-HLB3-2.raw	SW620
SW620_B_TiO2_E2	Homo sapiens	not applicable	2	colon adenocarcinoma	cell line	51Y	male	SW620	CVCL_0547	TiO2_E2	2014-Feb01-TiO2-PPB-E2-HLB4-2	proteomic profiling by mass spectrometry	2	2014-Feb01-TiO2-PPB-E2-HLB4-2.raw	v1.1.0	NT=ms-proteomics;VV=v1.1.0	NT=human;VV=v1.1.0	NT=cell-lines;VV=v1.1.0	manual curation	NT=Data-dependent acquisition;AC=PRIDE:0000627	NT=Q Exactive;AC=MS:1001911	NT=Trypsin;AC=MS:1001251	SILAC light	4	5 ppm	100 ppm	NT=Carbamidomethyl;AC=UNIMOD:4;TA=C;MT=Fixed	NT=Oxidation;AC=UNIMOD:35;TA=M;MT=Variable	NT=Label:13C(6)15N(4);AC=UNIMOD:267;TA=R;MT=Variable	NT=Label:13C(6)15N(2);AC=UNIMOD:259;TA=K;MT=Variable	NT=Phospho;AC=UNIMOD:21;TA=S,T,Y;MT=Variable	TiO2 digest batch	ftp://ftp.pride.ebi.ac.uk/pride/data/archive/2017/01/PXD003708/2014-Feb01-TiO2-PPB-E2-HLB4-2.raw	SW620
SW480_B_TiO2_nonenriched	Homo sapiens	not applicable	2	colon adenocarcinoma	cell line	51Y	male	SW480	CVCL_0546	TiO2_nonenriched	2014-Feb01-TiO2_nonenriched_B-1	proteomic profiling by mass spectrometry	1	2014-Feb01-TiO2_nonenriched_B-1.raw	v1.1.0	NT=ms-proteomics;VV=v1.1.0	NT=human;VV=v1.1.0	NT=cell-lines;VV=v1.1.0	manual curation	NT=Data-dependent acquisition;AC=PRIDE:0000627	NT=Q Exactive;AC=MS:1001911	NT=Trypsin;AC=MS:1001251	SILAC heavy	1	5 ppm	100 ppm	NT=Carbamidomethyl;AC=UNIMOD:4;TA=C;MT=Fixed	NT=Oxidation;AC=UNIMOD:35;TA=M;MT=Variable	NT=Label:13C(6)15N(4);AC=UNIMOD:267;TA=R;MT=Variable	NT=Label:13C(6)15N(2);AC=UNIMOD:259;TA=K;MT=Variable	not applicable	TiO2 digest batch	ftp://ftp.pride.ebi.ac.uk/pride/data/archive/2017/01/PXD003708/2014-Feb01-TiO2_nonenriched_B-1.raw	SW480
SW620_B_TiO2_nonenriched	Homo sapiens	not applicable	2	colon adenocarcinoma	cell line	51Y	male	SW620	CVCL_0547	TiO2_nonenriched	2014-Feb01-TiO2_nonenriched_B-1	proteomic profiling by mass spectrometry	1	2014-Feb01-TiO2_nonenriched_B-1.raw	v1.1.0	NT=ms-proteomics;VV=v1.1.0	NT=human;VV=v1.1.0	NT=cell-lines;VV=v1.1.0	manual curation	NT=Data-dependent acquisition;AC=PRIDE:0000627	NT=Q Exactive;AC=MS:1001911	NT=Trypsin;AC=MS:1001251	SILAC light	1	5 ppm	100 ppm	NT=Carbamidomethyl;AC=UNIMOD:4;TA=C;MT=Fixed	NT=Oxidation;AC=UNIMOD:35;TA=M;MT=Variable	NT=Label:13C(6)15N(4);AC=UNIMOD:267;TA=R;MT=Variable	NT=Label:13C(6)15N(2);AC=UNIMOD:259;TA=K;MT=Variable	not applicable	TiO2 digest batch	ftp://ftp.pride.ebi.ac.uk/pride/data/archive/2017/01/PXD003708/2014-Feb01-TiO2_nonenriched_B-1.raw	SW620
SW480_B_TiO2_nonenriched	Homo sapiens	not applicable	2	colon adenocarcinoma	cell line	51Y	male	SW480	CVCL_0546	TiO2_nonenriched	2014-Feb01-TiO2_nonenriched_B-2	proteomic profiling by mass spectrometry	2	2014-Feb01-TiO2_nonenriched_B-2.raw	v1.1.0	NT=ms-proteomics;VV=v1.1.0	NT=human;VV=v1.1.0	NT=cell-lines;VV=v1.1.0	manual curation	NT=Data-dependent acquisition;AC=PRIDE:0000627	NT=Q Exactive;AC=MS:1001911	NT=Trypsin;AC=MS:1001251	SILAC heavy	1	5 ppm	100 ppm	NT=Carbamidomethyl;AC=UNIMOD:4;TA=C;MT=Fixed	NT=Oxidation;AC=UNIMOD:35;TA=M;MT=Variable	NT=Label:13C(6)15N(4);AC=UNIMOD:267;TA=R;MT=Variable	NT=Label:13C(6)15N(2);AC=UNIMOD:259;TA=K;MT=Variable	not applicable	TiO2 digest batch	ftp://ftp.pride.ebi.ac.uk/pride/data/archive/2017/01/PXD003708/2014-Feb01-TiO2_nonenriched_B-2.raw	SW480
SW620_B_TiO2_nonenriched	Homo sapiens	not applicable	2	colon adenocarcinoma	cell line	51Y	male	SW620	CVCL_0547	TiO2_nonenriched	2014-Feb01-TiO2_nonenriched_B-2	proteomic profiling by mass spectrometry	2	2014-Feb01-TiO2_nonenriched_B-2.raw	v1.1.0	NT=ms-proteomics;VV=v1.1.0	NT=human;VV=v1.1.0	NT=cell-lines;VV=v1.1.0	manual curation	NT=Data-dependent acquisition;AC=PRIDE:0000627	NT=Q Exactive;AC=MS:1001911	NT=Trypsin;AC=MS:1001251	SILAC light	1	5 ppm	100 ppm	NT=Carbamidomethyl;AC=UNIMOD:4;TA=C;MT=Fixed	NT=Oxidation;AC=UNIMOD:35;TA=M;MT=Variable	NT=Label:13C(6)15N(4);AC=UNIMOD:267;TA=R;MT=Variable	NT=Label:13C(6)15N(2);AC=UNIMOD:259;TA=K;MT=Variable	not applicable	TiO2 digest batch	ftp://ftp.pride.ebi.ac.uk/pride/data/archive/2017/01/PXD003708/2014-Feb01-TiO2_nonenriched_B-2.raw	SW620
SW480_C_IMAC1	Homo sapiens	not applicable	3	colon adenocarcinoma	cell line	51Y	male	SW480	CVCL_0546	IMAC1	2013-Nov_22_PPC_IMAC1_HLB1-5_R1	proteomic profiling by mass spectrometry	1	2013-Nov_22_PPC_IMAC1_HLB1-5_R1.raw	v1.1.0	NT=ms-proteomics;VV=v1.1.0	NT=human;VV=v1.1.0	NT=cell-lines;VV=v1.1.0	manual curation	NT=Data-dependent acquisition;AC=PRIDE:0000627	NT=Q Exactive;AC=MS:1001911	NT=Trypsin;AC=MS:1001251	SILAC heavy	1	5 ppm	100 ppm	NT=Carbamidomethyl;AC=UNIMOD:4;TA=C;MT=Fixed	NT=Oxidation;AC=UNIMOD:35;TA=M;MT=Variable	NT=Label:13C(6)15N(4);AC=UNIMOD:267;TA=R;MT=Variable	NT=Label:13C(6)15N(2);AC=UNIMOD:259;TA=K;MT=Variable	NT=Phospho;AC=UNIMOD:21;TA=S,T,Y;MT=Variable	IMAC digest batch	ftp://ftp.pride.ebi.ac.uk/pride/data/archive/2017/01/PXD003708/2013-Nov_22_PPC_IMAC1_HLB1-5_R1.raw	SW480
SW480_C_IMAC1	Homo sapiens	not applicable	3	colon adenocarcinoma	cell line	51Y	male	SW480	CVCL_0546	IMAC1	2013-Nov_22_PPC_IMAC1_HLB2-6_R1	proteomic profiling by mass spectrometry	1	2013-Nov_22_PPC_IMAC1_HLB2-6_R1.raw	v1.1.0	NT=ms-proteomics;VV=v1.1.0	NT=human;VV=v1.1.0	NT=cell-lines;VV=v1.1.0	manual curation	NT=Data-dependent acquisition;AC=PRIDE:0000627	NT=Q Exactive;AC=MS:1001911	NT=Trypsin;AC=MS:1001251	SILAC heavy	2	5 ppm	100 ppm	NT=Carbamidomethyl;AC=UNIMOD:4;TA=C;MT=Fixed	NT=Oxidation;AC=UNIMOD:35;TA=M;MT=Variable	NT=Label:13C(6)15N(4);AC=UNIMOD:267;TA=R;MT=Variable	NT=Label:13C(6)15N(2);AC=UNIMOD:259;TA=K;MT=Variable	NT=Phospho;AC=UNIMOD:21;TA=S,T,Y;MT=Variable	IMAC digest batch	ftp://ftp.pride.ebi.ac.uk/pride/data/archive/2017/01/PXD003708/2013-Nov_22_PPC_IMAC1_HLB2-6_R1.raw	SW480
SW480_C_IMAC1	Homo sapiens	not applicable	3	colon adenocarcinoma	cell line	51Y	male	SW480	CVCL_0546	IMAC1	2013-Nov_22_PPC_IMAC1_HLB3-7_R1	proteomic profiling by mass spectrometry	1	2013-Nov_22_PPC_IMAC1_HLB3-7_R1.raw	v1.1.0	NT=ms-proteomics;VV=v1.1.0	NT=human;VV=v1.1.0	NT=cell-lines;VV=v1.1.0	manual curation	NT=Data-dependent acquisition;AC=PRIDE:0000627	NT=Q Exactive;AC=MS:1001911	NT=Trypsin;AC=MS:1001251	SILAC heavy	3	5 ppm	100 ppm	NT=Carbamidomethyl;AC=UNIMOD:4;TA=C;MT=Fixed	NT=Oxidation;AC=UNIMOD:35;TA=M;MT=Variable	NT=Label:13C(6)15N(4);AC=UNIMOD:267;TA=R;MT=Variable	NT=Label:13C(6)15N(2);AC=UNIMOD:259;TA=K;MT=Variable	NT=Phospho;AC=UNIMOD:21;TA=S,T,Y;MT=Variable	IMAC digest batch	ftp://ftp.pride.ebi.ac.uk/pride/data/archive/2017/01/PXD003708/2013-Nov_22_PPC_IMAC1_HLB3-7_R1.raw	SW480
SW480_C_IMAC1	Homo sapiens	not applicable	3	colon adenocarcinoma	cell line	51Y	male	SW480	CVCL_0546	IMAC1	2013-Nov_22_PPC_IMAC1_HLB4-8_R1	proteomic profiling by mass spectrometry	1	2013-Nov_22_PPC_IMAC1_HLB4-8_R1.raw	v1.1.0	NT=ms-proteomics;VV=v1.1.0	NT=human;VV=v1.1.0	NT=cell-lines;VV=v1.1.0	manual curation	NT=Data-dependent acquisition;AC=PRIDE:0000627	NT=Q Exactive;AC=MS:1001911	NT=Trypsin;AC=MS:1001251	SILAC heavy	4	5 ppm	100 ppm	NT=Carbamidomethyl;AC=UNIMOD:4;TA=C;MT=Fixed	NT=Oxidation;AC=UNIMOD:35;TA=M;MT=Variable	NT=Label:13C(6)15N(4);AC=UNIMOD:267;TA=R;MT=Variable	NT=Label:13C(6)15N(2);AC=UNIMOD:259;TA=K;MT=Variable	NT=Phospho;AC=UNIMOD:21;TA=S,T,Y;MT=Variable	IMAC digest batch	ftp://ftp.pride.ebi.ac.uk/pride/data/archive/2017/01/PXD003708/2013-Nov_22_PPC_IMAC1_HLB4-8_R1.raw	SW480
SW620_C_IMAC1	Homo sapiens	not applicable	3	colon adenocarcinoma	cell line	51Y	male	SW620	CVCL_0547	IMAC1	2013-Nov_22_PPC_IMAC1_HLB1-5_R1	proteomic profiling by mass spectrometry	1	2013-Nov_22_PPC_IMAC1_HLB1-5_R1.raw	v1.1.0	NT=ms-proteomics;VV=v1.1.0	NT=human;VV=v1.1.0	NT=cell-lines;VV=v1.1.0	manual curation	NT=Data-dependent acquisition;AC=PRIDE:0000627	NT=Q Exactive;AC=MS:1001911	NT=Trypsin;AC=MS:1001251	SILAC light	1	5 ppm	100 ppm	NT=Carbamidomethyl;AC=UNIMOD:4;TA=C;MT=Fixed	NT=Oxidation;AC=UNIMOD:35;TA=M;MT=Variable	NT=Label:13C(6)15N(4);AC=UNIMOD:267;TA=R;MT=Variable	NT=Label:13C(6)15N(2);AC=UNIMOD:259;TA=K;MT=Variable	NT=Phospho;AC=UNIMOD:21;TA=S,T,Y;MT=Variable	IMAC digest batch	ftp://ftp.pride.ebi.ac.uk/pride/data/archive/2017/01/PXD003708/2013-Nov_22_PPC_IMAC1_HLB1-5_R1.raw	SW620
SW620_C_IMAC1	Homo sapiens	not applicable	3	colon adenocarcinoma	cell line	51Y	male	SW620	CVCL_0547	IMAC1	2013-Nov_22_PPC_IMAC1_HLB2-6_R1	proteomic profiling by mass spectrometry	1	2013-Nov_22_PPC_IMAC1_HLB2-6_R1.raw	v1.1.0	NT=ms-proteomics;VV=v1.1.0	NT=human;VV=v1.1.0	NT=cell-lines;VV=v1.1.0	manual curation	NT=Data-dependent acquisition;AC=PRIDE:0000627	NT=Q Exactive;AC=MS:1001911	NT=Trypsin;AC=MS:1001251	SILAC light	2	5 ppm	100 ppm	NT=Carbamidomethyl;AC=UNIMOD:4;TA=C;MT=Fixed	NT=Oxidation;AC=UNIMOD:35;TA=M;MT=Variable	NT=Label:13C(6)15N(4);AC=UNIMOD:267;TA=R;MT=Variable	NT=Label:13C(6)15N(2);AC=UNIMOD:259;TA=K;MT=Variable	NT=Phospho;AC=UNIMOD:21;TA=S,T,Y;MT=Variable	IMAC digest batch	ftp://ftp.pride.ebi.ac.uk/pride/data/archive/2017/01/PXD003708/2013-Nov_22_PPC_IMAC1_HLB2-6_R1.raw	SW620
SW620_C_IMAC1	Homo sapiens	not applicable	3	colon adenocarcinoma	cell line	51Y	male	SW620	CVCL_0547	IMAC1	2013-Nov_22_PPC_IMAC1_HLB3-7_R1	proteomic profiling by mass spectrometry	1	2013-Nov_22_PPC_IMAC1_HLB3-7_R1.raw	v1.1.0	NT=ms-proteomics;VV=v1.1.0	NT=human;VV=v1.1.0	NT=cell-lines;VV=v1.1.0	manual curation	NT=Data-dependent acquisition;AC=PRIDE:0000627	NT=Q Exactive;AC=MS:1001911	NT=Trypsin;AC=MS:1001251	SILAC light	3	5 ppm	100 ppm	NT=Carbamidomethyl;AC=UNIMOD:4;TA=C;MT=Fixed	NT=Oxidation;AC=UNIMOD:35;TA=M;MT=Variable	NT=Label:13C(6)15N(4);AC=UNIMOD:267;TA=R;MT=Variable	NT=Label:13C(6)15N(2);AC=UNIMOD:259;TA=K;MT=Variable	NT=Phospho;AC=UNIMOD:21;TA=S,T,Y;MT=Variable	IMAC digest batch	ftp://ftp.pride.ebi.ac.uk/pride/data/archive/2017/01/PXD003708/2013-Nov_22_PPC_IMAC1_HLB3-7_R1.raw	SW620
SW620_C_IMAC1	Homo sapiens	not applicable	3	colon adenocarcinoma	cell line	51Y	male	SW620	CVCL_0547	IMAC1	2013-Nov_22_PPC_IMAC1_HLB4-8_R1	proteomic profiling by mass spectrometry	1	2013-Nov_22_PPC_IMAC1_HLB4-8_R1.raw	v1.1.0	NT=ms-proteomics;VV=v1.1.0	NT=human;VV=v1.1.0	NT=cell-lines;VV=v1.1.0	manual curation	NT=Data-dependent acquisition;AC=PRIDE:0000627	NT=Q Exactive;AC=MS:1001911	NT=Trypsin;AC=MS:1001251	SILAC light	4	5 ppm	100 ppm	NT=Carbamidomethyl;AC=UNIMOD:4;TA=C;MT=Fixed	NT=Oxidation;AC=UNIMOD:35;TA=M;MT=Variable	NT=Label:13C(6)15N(4);AC=UNIMOD:267;TA=R;MT=Variable	NT=Label:13C(6)15N(2);AC=UNIMOD:259;TA=K;MT=Variable	NT=Phospho;AC=UNIMOD:21;TA=S,T,Y;MT=Variable	IMAC digest batch	ftp://ftp.pride.ebi.ac.uk/pride/data/archive/2017/01/PXD003708/2013-Nov_22_PPC_IMAC1_HLB4-8_R1.raw	SW620
SW480_C_IMAC1	Homo sapiens	not applicable	3	colon adenocarcinoma	cell line	51Y	male	SW480	CVCL_0546	IMAC1	2013-Nov_22_PPC_IMAC1_HLB1-5_R2	proteomic profiling by mass spectrometry	2	2013-Nov_22_PPC_IMAC1_HLB1-5_R2.raw	v1.1.0	NT=ms-proteomics;VV=v1.1.0	NT=human;VV=v1.1.0	NT=cell-lines;VV=v1.1.0	manual curation	NT=Data-dependent acquisition;AC=PRIDE:0000627	NT=Q Exactive;AC=MS:1001911	NT=Trypsin;AC=MS:1001251	SILAC heavy	1	5 ppm	100 ppm	NT=Carbamidomethyl;AC=UNIMOD:4;TA=C;MT=Fixed	NT=Oxidation;AC=UNIMOD:35;TA=M;MT=Variable	NT=Label:13C(6)15N(4);AC=UNIMOD:267;TA=R;MT=Variable	NT=Label:13C(6)15N(2);AC=UNIMOD:259;TA=K;MT=Variable	NT=Phospho;AC=UNIMOD:21;TA=S,T,Y;MT=Variable	IMAC digest batch	ftp://ftp.pride.ebi.ac.uk/pride/data/archive/2017/01/PXD003708/2013-Nov_22_PPC_IMAC1_HLB1-5_R2.raw	SW480
SW480_C_IMAC1	Homo sapiens	not applicable	3	colon adenocarcinoma	cell line	51Y	male	SW480	CVCL_0546	IMAC1	2013-Nov_22_PPC_IMAC1_HLB2-6_R2	proteomic profiling by mass spectrometry	2	2013-Nov_22_PPC_IMAC1_HLB2-6_R2.raw	v1.1.0	NT=ms-proteomics;VV=v1.1.0	NT=human;VV=v1.1.0	NT=cell-lines;VV=v1.1.0	manual curation	NT=Data-dependent acquisition;AC=PRIDE:0000627	NT=Q Exactive;AC=MS:1001911	NT=Trypsin;AC=MS:1001251	SILAC heavy	2	5 ppm	100 ppm	NT=Carbamidomethyl;AC=UNIMOD:4;TA=C;MT=Fixed	NT=Oxidation;AC=UNIMOD:35;TA=M;MT=Variable	NT=Label:13C(6)15N(4);AC=UNIMOD:267;TA=R;MT=Variable	NT=Label:13C(6)15N(2);AC=UNIMOD:259;TA=K;MT=Variable	NT=Phospho;AC=UNIMOD:21;TA=S,T,Y;MT=Variable	IMAC digest batch	ftp://ftp.pride.ebi.ac.uk/pride/data/archive/2017/01/PXD003708/2013-Nov_22_PPC_IMAC1_HLB2-6_R2.raw	SW480
SW480_C_IMAC1	Homo sapiens	not applicable	3	colon adenocarcinoma	cell line	51Y	male	SW480	CVCL_0546	IMAC1	2013-Nov_22_PPC_IMAC1_HLB3-7_R2	proteomic profiling by mass spectrometry	2	2013-Nov_22_PPC_IMAC1_HLB3-7_R2.raw	v1.1.0	NT=ms-proteomics;VV=v1.1.0	NT=human;VV=v1.1.0	NT=cell-lines;VV=v1.1.0	manual curation	NT=Data-dependent acquisition;AC=PRIDE:0000627	NT=Q Exactive;AC=MS:1001911	NT=Trypsin;AC=MS:1001251	SILAC heavy	3	5 ppm	100 ppm	NT=Carbamidomethyl;AC=UNIMOD:4;TA=C;MT=Fixed	NT=Oxidation;AC=UNIMOD:35;TA=M;MT=Variable	NT=Label:13C(6)15N(4);AC=UNIMOD:267;TA=R;MT=Variable	NT=Label:13C(6)15N(2);AC=UNIMOD:259;TA=K;MT=Variable	NT=Phospho;AC=UNIMOD:21;TA=S,T,Y;MT=Variable	IMAC digest batch	ftp://ftp.pride.ebi.ac.uk/pride/data/archive/2017/01/PXD003708/2013-Nov_22_PPC_IMAC1_HLB3-7_R2.raw	SW480
SW480_C_IMAC1	Homo sapiens	not applicable	3	colon adenocarcinoma	cell line	51Y	male	SW480	CVCL_0546	IMAC1	2013-Nov_22_PPC_IMAC1_HLB4-8_R2	proteomic profiling by mass spectrometry	2	2013-Nov_22_PPC_IMAC1_HLB4-8_R2.raw	v1.1.0	NT=ms-proteomics;VV=v1.1.0	NT=human;VV=v1.1.0	NT=cell-lines;VV=v1.1.0	manual curation	NT=Data-dependent acquisition;AC=PRIDE:0000627	NT=Q Exactive;AC=MS:1001911	NT=Trypsin;AC=MS:1001251	SILAC heavy	4	5 ppm	100 ppm	NT=Carbamidomethyl;AC=UNIMOD:4;TA=C;MT=Fixed	NT=Oxidation;AC=UNIMOD:35;TA=M;MT=Variable	NT=Label:13C(6)15N(4);AC=UNIMOD:267;TA=R;MT=Variable	NT=Label:13C(6)15N(2);AC=UNIMOD:259;TA=K;MT=Variable	NT=Phospho;AC=UNIMOD:21;TA=S,T,Y;MT=Variable	IMAC digest batch	ftp://ftp.pride.ebi.ac.uk/pride/data/archive/2017/01/PXD003708/2013-Nov_22_PPC_IMAC1_HLB4-8_R2.raw	SW480
SW620_C_IMAC1	Homo sapiens	not applicable	3	colon adenocarcinoma	cell line	51Y	male	SW620	CVCL_0547	IMAC1	2013-Nov_22_PPC_IMAC1_HLB1-5_R2	proteomic profiling by mass spectrometry	2	2013-Nov_22_PPC_IMAC1_HLB1-5_R2.raw	v1.1.0	NT=ms-proteomics;VV=v1.1.0	NT=human;VV=v1.1.0	NT=cell-lines;VV=v1.1.0	manual curation	NT=Data-dependent acquisition;AC=PRIDE:0000627	NT=Q Exactive;AC=MS:1001911	NT=Trypsin;AC=MS:1001251	SILAC light	1	5 ppm	100 ppm	NT=Carbamidomethyl;AC=UNIMOD:4;TA=C;MT=Fixed	NT=Oxidation;AC=UNIMOD:35;TA=M;MT=Variable	NT=Label:13C(6)15N(4);AC=UNIMOD:267;TA=R;MT=Variable	NT=Label:13C(6)15N(2);AC=UNIMOD:259;TA=K;MT=Variable	NT=Phospho;AC=UNIMOD:21;TA=S,T,Y;MT=Variable	IMAC digest batch	ftp://ftp.pride.ebi.ac.uk/pride/data/archive/2017/01/PXD003708/2013-Nov_22_PPC_IMAC1_HLB1-5_R2.raw	SW620
SW620_C_IMAC1	Homo sapiens	not applicable	3	colon adenocarcinoma	cell line	51Y	male	SW620	CVCL_0547	IMAC1	2013-Nov_22_PPC_IMAC1_HLB2-6_R2	proteomic profiling by mass spectrometry	2	2013-Nov_22_PPC_IMAC1_HLB2-6_R2.raw	v1.1.0	NT=ms-proteomics;VV=v1.1.0	NT=human;VV=v1.1.0	NT=cell-lines;VV=v1.1.0	manual curation	NT=Data-dependent acquisition;AC=PRIDE:0000627	NT=Q Exactive;AC=MS:1001911	NT=Trypsin;AC=MS:1001251	SILAC light	2	5 ppm	100 ppm	NT=Carbamidomethyl;AC=UNIMOD:4;TA=C;MT=Fixed	NT=Oxidation;AC=UNIMOD:35;TA=M;MT=Variable	NT=Label:13C(6)15N(4);AC=UNIMOD:267;TA=R;MT=Variable	NT=Label:13C(6)15N(2);AC=UNIMOD:259;TA=K;MT=Variable	NT=Phospho;AC=UNIMOD:21;TA=S,T,Y;MT=Variable	IMAC digest batch	ftp://ftp.pride.ebi.ac.uk/pride/data/archive/2017/01/PXD003708/2013-Nov_22_PPC_IMAC1_HLB2-6_R2.raw	SW620
SW620_C_IMAC1	Homo sapiens	not applicable	3	colon adenocarcinoma	cell line	51Y	male	SW620	CVCL_0547	IMAC1	2013-Nov_22_PPC_IMAC1_HLB3-7_R2	proteomic profiling by mass spectrometry	2	2013-Nov_22_PPC_IMAC1_HLB3-7_R2.raw	v1.1.0	NT=ms-proteomics;VV=v1.1.0	NT=human;VV=v1.1.0	NT=cell-lines;VV=v1.1.0	manual curation	NT=Data-dependent acquisition;AC=PRIDE:0000627	NT=Q Exactive;AC=MS:1001911	NT=Trypsin;AC=MS:1001251	SILAC light	3	5 ppm	100 ppm	NT=Carbamidomethyl;AC=UNIMOD:4;TA=C;MT=Fixed	NT=Oxidation;AC=UNIMOD:35;TA=M;MT=Variable	NT=Label:13C(6)15N(4);AC=UNIMOD:267;TA=R;MT=Variable	NT=Label:13C(6)15N(2);AC=UNIMOD:259;TA=K;MT=Variable	NT=Phospho;AC=UNIMOD:21;TA=S,T,Y;MT=Variable	IMAC digest batch	ftp://ftp.pride.ebi.ac.uk/pride/data/archive/2017/01/PXD003708/2013-Nov_22_PPC_IMAC1_HLB3-7_R2.raw	SW620
SW620_C_IMAC1	Homo sapiens	not applicable	3	colon adenocarcinoma	cell line	51Y	male	SW620	CVCL_0547	IMAC1	2013-Nov_22_PPC_IMAC1_HLB4-8_R2	proteomic profiling by mass spectrometry	2	2013-Nov_22_PPC_IMAC1_HLB4-8_R2.raw	v1.1.0	NT=ms-proteomics;VV=v1.1.0	NT=human;VV=v1.1.0	NT=cell-lines;VV=v1.1.0	manual curation	NT=Data-dependent acquisition;AC=PRIDE:0000627	NT=Q Exactive;AC=MS:1001911	NT=Trypsin;AC=MS:1001251	SILAC light	4	5 ppm	100 ppm	NT=Carbamidomethyl;AC=UNIMOD:4;TA=C;MT=Fixed	NT=Oxidation;AC=UNIMOD:35;TA=M;MT=Variable	NT=Label:13C(6)15N(4);AC=UNIMOD:267;TA=R;MT=Variable	NT=Label:13C(6)15N(2);AC=UNIMOD:259;TA=K;MT=Variable	NT=Phospho;AC=UNIMOD:21;TA=S,T,Y;MT=Variable	IMAC digest batch	ftp://ftp.pride.ebi.ac.uk/pride/data/archive/2017/01/PXD003708/2013-Nov_22_PPC_IMAC1_HLB4-8_R2.raw	SW620
SW480_C_IMAC2-3	Homo sapiens	not applicable	3	colon adenocarcinoma	cell line	51Y	male	SW480	CVCL_0546	IMAC2-3	2013-Nov_22_PPC_IMAC2-3_HLB1-5_R1	proteomic profiling by mass spectrometry	1	2013-Nov_22_PPC_IMAC2-3_HLB1-5_R1.raw	v1.1.0	NT=ms-proteomics;VV=v1.1.0	NT=human;VV=v1.1.0	NT=cell-lines;VV=v1.1.0	manual curation	NT=Data-dependent acquisition;AC=PRIDE:0000627	NT=Q Exactive;AC=MS:1001911	NT=Trypsin;AC=MS:1001251	SILAC heavy	1	5 ppm	100 ppm	NT=Carbamidomethyl;AC=UNIMOD:4;TA=C;MT=Fixed	NT=Oxidation;AC=UNIMOD:35;TA=M;MT=Variable	NT=Label:13C(6)15N(4);AC=UNIMOD:267;TA=R;MT=Variable	NT=Label:13C(6)15N(2);AC=UNIMOD:259;TA=K;MT=Variable	NT=Phospho;AC=UNIMOD:21;TA=S,T,Y;MT=Variable	IMAC digest batch	ftp://ftp.pride.ebi.ac.uk/pride/data/archive/2017/01/PXD003708/2013-Nov_22_PPC_IMAC2-3_HLB1-5_R1.raw	SW480
SW480_C_IMAC2-3	Homo sapiens	not applicable	3	colon adenocarcinoma	cell line	51Y	male	SW480	CVCL_0546	IMAC2-3	2013-Nov_22_PPC_IMAC2-3_HLB2-6_R1	proteomic profiling by mass spectrometry	1	2013-Nov_22_PPC_IMAC2-3_HLB2-6_R1.raw	v1.1.0	NT=ms-proteomics;VV=v1.1.0	NT=human;VV=v1.1.0	NT=cell-lines;VV=v1.1.0	manual curation	NT=Data-dependent acquisition;AC=PRIDE:0000627	NT=Q Exactive;AC=MS:1001911	NT=Trypsin;AC=MS:1001251	SILAC heavy	2	5 ppm	100 ppm	NT=Carbamidomethyl;AC=UNIMOD:4;TA=C;MT=Fixed	NT=Oxidation;AC=UNIMOD:35;TA=M;MT=Variable	NT=Label:13C(6)15N(4);AC=UNIMOD:267;TA=R;MT=Variable	NT=Label:13C(6)15N(2);AC=UNIMOD:259;TA=K;MT=Variable	NT=Phospho;AC=UNIMOD:21;TA=S,T,Y;MT=Variable	IMAC digest batch	ftp://ftp.pride.ebi.ac.uk/pride/data/archive/2017/01/PXD003708/2013-Nov_22_PPC_IMAC2-3_HLB2-6_R1.raw	SW480
SW480_C_IMAC2-3	Homo sapiens	not applicable	3	colon adenocarcinoma	cell line	51Y	male	SW480	CVCL_0546	IMAC2-3	2013-Nov_22_PPC_IMAC2-3_HLB3-7_R1	proteomic profiling by mass spectrometry	1	2013-Nov_22_PPC_IMAC2-3_HLB3-7_R1.raw	v1.1.0	NT=ms-proteomics;VV=v1.1.0	NT=human;VV=v1.1.0	NT=cell-lines;VV=v1.1.0	manual curation	NT=Data-dependent acquisition;AC=PRIDE:0000627	NT=Q Exactive;AC=MS:1001911	NT=Trypsin;AC=MS:1001251	SILAC heavy	3	5 ppm	100 ppm	NT=Carbamidomethyl;AC=UNIMOD:4;TA=C;MT=Fixed	NT=Oxidation;AC=UNIMOD:35;TA=M;MT=Variable	NT=Label:13C(6)15N(4);AC=UNIMOD:267;TA=R;MT=Variable	NT=Label:13C(6)15N(2);AC=UNIMOD:259;TA=K;MT=Variable	NT=Phospho;AC=UNIMOD:21;TA=S,T,Y;MT=Variable	IMAC digest batch	ftp://ftp.pride.ebi.ac.uk/pride/data/archive/2017/01/PXD003708/2013-Nov_22_PPC_IMAC2-3_HLB3-7_R1.raw	SW480
SW480_C_IMAC2-3	Homo sapiens	not applicable	3	colon adenocarcinoma	cell line	51Y	male	SW480	CVCL_0546	IMAC2-3	2013-Nov_22_PPC_IMAC2-3_HLB4-8_R1	proteomic profiling by mass spectrometry	1	2013-Nov_22_PPC_IMAC2-3_HLB4-8_R1.raw	v1.1.0	NT=ms-proteomics;VV=v1.1.0	NT=human;VV=v1.1.0	NT=cell-lines;VV=v1.1.0	manual curation	NT=Data-dependent acquisition;AC=PRIDE:0000627	NT=Q Exactive;AC=MS:1001911	NT=Trypsin;AC=MS:1001251	SILAC heavy	4	5 ppm	100 ppm	NT=Carbamidomethyl;AC=UNIMOD:4;TA=C;MT=Fixed	NT=Oxidation;AC=UNIMOD:35;TA=M;MT=Variable	NT=Label:13C(6)15N(4);AC=UNIMOD:267;TA=R;MT=Variable	NT=Label:13C(6)15N(2);AC=UNIMOD:259;TA=K;MT=Variable	NT=Phospho;AC=UNIMOD:21;TA=S,T,Y;MT=Variable	IMAC digest batch	ftp://ftp.pride.ebi.ac.uk/pride/data/archive/2017/01/PXD003708/2013-Nov_22_PPC_IMAC2-3_HLB4-8_R1.raw	SW480
SW620_C_IMAC2-3	Homo sapiens	not applicable	3	colon adenocarcinoma	cell line	51Y	male	SW620	CVCL_0547	IMAC2-3	2013-Nov_22_PPC_IMAC2-3_HLB1-5_R1	proteomic profiling by mass spectrometry	1	2013-Nov_22_PPC_IMAC2-3_HLB1-5_R1.raw	v1.1.0	NT=ms-proteomics;VV=v1.1.0	NT=human;VV=v1.1.0	NT=cell-lines;VV=v1.1.0	manual curation	NT=Data-dependent acquisition;AC=PRIDE:0000627	NT=Q Exactive;AC=MS:1001911	NT=Trypsin;AC=MS:1001251	SILAC light	1	5 ppm	100 ppm	NT=Carbamidomethyl;AC=UNIMOD:4;TA=C;MT=Fixed	NT=Oxidation;AC=UNIMOD:35;TA=M;MT=Variable	NT=Label:13C(6)15N(4);AC=UNIMOD:267;TA=R;MT=Variable	NT=Label:13C(6)15N(2);AC=UNIMOD:259;TA=K;MT=Variable	NT=Phospho;AC=UNIMOD:21;TA=S,T,Y;MT=Variable	IMAC digest batch	ftp://ftp.pride.ebi.ac.uk/pride/data/archive/2017/01/PXD003708/2013-Nov_22_PPC_IMAC2-3_HLB1-5_R1.raw	SW620
SW620_C_IMAC2-3	Homo sapiens	not applicable	3	colon adenocarcinoma	cell line	51Y	male	SW620	CVCL_0547	IMAC2-3	2013-Nov_22_PPC_IMAC2-3_HLB2-6_R1	proteomic profiling by mass spectrometry	1	2013-Nov_22_PPC_IMAC2-3_HLB2-6_R1.raw	v1.1.0	NT=ms-proteomics;VV=v1.1.0	NT=human;VV=v1.1.0	NT=cell-lines;VV=v1.1.0	manual curation	NT=Data-dependent acquisition;AC=PRIDE:0000627	NT=Q Exactive;AC=MS:1001911	NT=Trypsin;AC=MS:1001251	SILAC light	2	5 ppm	100 ppm	NT=Carbamidomethyl;AC=UNIMOD:4;TA=C;MT=Fixed	NT=Oxidation;AC=UNIMOD:35;TA=M;MT=Variable	NT=Label:13C(6)15N(4);AC=UNIMOD:267;TA=R;MT=Variable	NT=Label:13C(6)15N(2);AC=UNIMOD:259;TA=K;MT=Variable	NT=Phospho;AC=UNIMOD:21;TA=S,T,Y;MT=Variable	IMAC digest batch	ftp://ftp.pride.ebi.ac.uk/pride/data/archive/2017/01/PXD003708/2013-Nov_22_PPC_IMAC2-3_HLB2-6_R1.raw	SW620
SW620_C_IMAC2-3	Homo sapiens	not applicable	3	colon adenocarcinoma	cell line	51Y	male	SW620	CVCL_0547	IMAC2-3	2013-Nov_22_PPC_IMAC2-3_HLB3-7_R1	proteomic profiling by mass spectrometry	1	2013-Nov_22_PPC_IMAC2-3_HLB3-7_R1.raw	v1.1.0	NT=ms-proteomics;VV=v1.1.0	NT=human;VV=v1.1.0	NT=cell-lines;VV=v1.1.0	manual curation	NT=Data-dependent acquisition;AC=PRIDE:0000627	NT=Q Exactive;AC=MS:1001911	NT=Trypsin;AC=MS:1001251	SILAC light	3	5 ppm	100 ppm	NT=Carbamidomethyl;AC=UNIMOD:4;TA=C;MT=Fixed	NT=Oxidation;AC=UNIMOD:35;TA=M;MT=Variable	NT=Label:13C(6)15N(4);AC=UNIMOD:267;TA=R;MT=Variable	NT=Label:13C(6)15N(2);AC=UNIMOD:259;TA=K;MT=Variable	NT=Phospho;AC=UNIMOD:21;TA=S,T,Y;MT=Variable	IMAC digest batch	ftp://ftp.pride.ebi.ac.uk/pride/data/archive/2017/01/PXD003708/2013-Nov_22_PPC_IMAC2-3_HLB3-7_R1.raw	SW620
SW620_C_IMAC2-3	Homo sapiens	not applicable	3	colon adenocarcinoma	cell line	51Y	male	SW620	CVCL_0547	IMAC2-3	2013-Nov_22_PPC_IMAC2-3_HLB4-8_R1	proteomic profiling by mass spectrometry	1	2013-Nov_22_PPC_IMAC2-3_HLB4-8_R1.raw	v1.1.0	NT=ms-proteomics;VV=v1.1.0	NT=human;VV=v1.1.0	NT=cell-lines;VV=v1.1.0	manual curation	NT=Data-dependent acquisition;AC=PRIDE:0000627	NT=Q Exactive;AC=MS:1001911	NT=Trypsin;AC=MS:1001251	SILAC light	4	5 ppm	100 ppm	NT=Carbamidomethyl;AC=UNIMOD:4;TA=C;MT=Fixed	NT=Oxidation;AC=UNIMOD:35;TA=M;MT=Variable	NT=Label:13C(6)15N(4);AC=UNIMOD:267;TA=R;MT=Variable	NT=Label:13C(6)15N(2);AC=UNIMOD:259;TA=K;MT=Variable	NT=Phospho;AC=UNIMOD:21;TA=S,T,Y;MT=Variable	IMAC digest batch	ftp://ftp.pride.ebi.ac.uk/pride/data/archive/2017/01/PXD003708/2013-Nov_22_PPC_IMAC2-3_HLB4-8_R1.raw	SW620
SW480_C_IMAC2-3	Homo sapiens	not applicable	3	colon adenocarcinoma	cell line	51Y	male	SW480	CVCL_0546	IMAC2-3	2013-Nov_22_PPC_IMAC2-3_HLB1-5_R2	proteomic profiling by mass spectrometry	2	2013-Nov_22_PPC_IMAC2-3_HLB1-5_R2.raw	v1.1.0	NT=ms-proteomics;VV=v1.1.0	NT=human;VV=v1.1.0	NT=cell-lines;VV=v1.1.0	manual curation	NT=Data-dependent acquisition;AC=PRIDE:0000627	NT=Q Exactive;AC=MS:1001911	NT=Trypsin;AC=MS:1001251	SILAC heavy	1	5 ppm	100 ppm	NT=Carbamidomethyl;AC=UNIMOD:4;TA=C;MT=Fixed	NT=Oxidation;AC=UNIMOD:35;TA=M;MT=Variable	NT=Label:13C(6)15N(4);AC=UNIMOD:267;TA=R;MT=Variable	NT=Label:13C(6)15N(2);AC=UNIMOD:259;TA=K;MT=Variable	NT=Phospho;AC=UNIMOD:21;TA=S,T,Y;MT=Variable	IMAC digest batch	ftp://ftp.pride.ebi.ac.uk/pride/data/archive/2017/01/PXD003708/2013-Nov_22_PPC_IMAC2-3_HLB1-5_R2.raw	SW480
SW480_C_IMAC2-3	Homo sapiens	not applicable	3	colon adenocarcinoma	cell line	51Y	male	SW480	CVCL_0546	IMAC2-3	2013-Nov_22_PPC_IMAC2-3_HLB2-6_R2	proteomic profiling by mass spectrometry	2	2013-Nov_22_PPC_IMAC2-3_HLB2-6_R2.raw	v1.1.0	NT=ms-proteomics;VV=v1.1.0	NT=human;VV=v1.1.0	NT=cell-lines;VV=v1.1.0	manual curation	NT=Data-dependent acquisition;AC=PRIDE:0000627	NT=Q Exactive;AC=MS:1001911	NT=Trypsin;AC=MS:1001251	SILAC heavy	2	5 ppm	100 ppm	NT=Carbamidomethyl;AC=UNIMOD:4;TA=C;MT=Fixed	NT=Oxidation;AC=UNIMOD:35;TA=M;MT=Variable	NT=Label:13C(6)15N(4);AC=UNIMOD:267;TA=R;MT=Variable	NT=Label:13C(6)15N(2);AC=UNIMOD:259;TA=K;MT=Variable	NT=Phospho;AC=UNIMOD:21;TA=S,T,Y;MT=Variable	IMAC digest batch	ftp://ftp.pride.ebi.ac.uk/pride/data/archive/2017/01/PXD003708/2013-Nov_22_PPC_IMAC2-3_HLB2-6_R2.raw	SW480
SW480_C_IMAC2-3	Homo sapiens	not applicable	3	colon adenocarcinoma	cell line	51Y	male	SW480	CVCL_0546	IMAC2-3	2013-Nov_22_PPC_IMAC2-3_HLB3-7_R2	proteomic profiling by mass spectrometry	2	2013-Nov_22_PPC_IMAC2-3_HLB3-7_R2.raw	v1.1.0	NT=ms-proteomics;VV=v1.1.0	NT=human;VV=v1.1.0	NT=cell-lines;VV=v1.1.0	manual curation	NT=Data-dependent acquisition;AC=PRIDE:0000627	NT=Q Exactive;AC=MS:1001911	NT=Trypsin;AC=MS:1001251	SILAC heavy	3	5 ppm	100 ppm	NT=Carbamidomethyl;AC=UNIMOD:4;TA=C;MT=Fixed	NT=Oxidation;AC=UNIMOD:35;TA=M;MT=Variable	NT=Label:13C(6)15N(4);AC=UNIMOD:267;TA=R;MT=Variable	NT=Label:13C(6)15N(2);AC=UNIMOD:259;TA=K;MT=Variable	NT=Phospho;AC=UNIMOD:21;TA=S,T,Y;MT=Variable	IMAC digest batch	ftp://ftp.pride.ebi.ac.uk/pride/data/archive/2017/01/PXD003708/2013-Nov_22_PPC_IMAC2-3_HLB3-7_R2.raw	SW480
SW480_C_IMAC2-3	Homo sapiens	not applicable	3	colon adenocarcinoma	cell line	51Y	male	SW480	CVCL_0546	IMAC2-3	2013-Nov_22_PPC_IMAC2-3_HLB4-8_R2	proteomic profiling by mass spectrometry	2	2013-Nov_22_PPC_IMAC2-3_HLB4-8_R2.raw	v1.1.0	NT=ms-proteomics;VV=v1.1.0	NT=human;VV=v1.1.0	NT=cell-lines;VV=v1.1.0	manual curation	NT=Data-dependent acquisition;AC=PRIDE:0000627	NT=Q Exactive;AC=MS:1001911	NT=Trypsin;AC=MS:1001251	SILAC heavy	4	5 ppm	100 ppm	NT=Carbamidomethyl;AC=UNIMOD:4;TA=C;MT=Fixed	NT=Oxidation;AC=UNIMOD:35;TA=M;MT=Variable	NT=Label:13C(6)15N(4);AC=UNIMOD:267;TA=R;MT=Variable	NT=Label:13C(6)15N(2);AC=UNIMOD:259;TA=K;MT=Variable	NT=Phospho;AC=UNIMOD:21;TA=S,T,Y;MT=Variable	IMAC digest batch	ftp://ftp.pride.ebi.ac.uk/pride/data/archive/2017/01/PXD003708/2013-Nov_22_PPC_IMAC2-3_HLB4-8_R2.raw	SW480
SW620_C_IMAC2-3	Homo sapiens	not applicable	3	colon adenocarcinoma	cell line	51Y	male	SW620	CVCL_0547	IMAC2-3	2013-Nov_22_PPC_IMAC2-3_HLB1-5_R2	proteomic profiling by mass spectrometry	2	2013-Nov_22_PPC_IMAC2-3_HLB1-5_R2.raw	v1.1.0	NT=ms-proteomics;VV=v1.1.0	NT=human;VV=v1.1.0	NT=cell-lines;VV=v1.1.0	manual curation	NT=Data-dependent acquisition;AC=PRIDE:0000627	NT=Q Exactive;AC=MS:1001911	NT=Trypsin;AC=MS:1001251	SILAC light	1	5 ppm	100 ppm	NT=Carbamidomethyl;AC=UNIMOD:4;TA=C;MT=Fixed	NT=Oxidation;AC=UNIMOD:35;TA=M;MT=Variable	NT=Label:13C(6)15N(4);AC=UNIMOD:267;TA=R;MT=Variable	NT=Label:13C(6)15N(2);AC=UNIMOD:259;TA=K;MT=Variable	NT=Phospho;AC=UNIMOD:21;TA=S,T,Y;MT=Variable	IMAC digest batch	ftp://ftp.pride.ebi.ac.uk/pride/data/archive/2017/01/PXD003708/2013-Nov_22_PPC_IMAC2-3_HLB1-5_R2.raw	SW620
SW620_C_IMAC2-3	Homo sapiens	not applicable	3	colon adenocarcinoma	cell line	51Y	male	SW620	CVCL_0547	IMAC2-3	2013-Nov_22_PPC_IMAC2-3_HLB2-6_R2	proteomic profiling by mass spectrometry	2	2013-Nov_22_PPC_IMAC2-3_HLB2-6_R2.raw	v1.1.0	NT=ms-proteomics;VV=v1.1.0	NT=human;VV=v1.1.0	NT=cell-lines;VV=v1.1.0	manual curation	NT=Data-dependent acquisition;AC=PRIDE:0000627	NT=Q Exactive;AC=MS:1001911	NT=Trypsin;AC=MS:1001251	SILAC light	2	5 ppm	100 ppm	NT=Carbamidomethyl;AC=UNIMOD:4;TA=C;MT=Fixed	NT=Oxidation;AC=UNIMOD:35;TA=M;MT=Variable	NT=Label:13C(6)15N(4);AC=UNIMOD:267;TA=R;MT=Variable	NT=Label:13C(6)15N(2);AC=UNIMOD:259;TA=K;MT=Variable	NT=Phospho;AC=UNIMOD:21;TA=S,T,Y;MT=Variable	IMAC digest batch	ftp://ftp.pride.ebi.ac.uk/pride/data/archive/2017/01/PXD003708/2013-Nov_22_PPC_IMAC2-3_HLB2-6_R2.raw	SW620
SW620_C_IMAC2-3	Homo sapiens	not applicable	3	colon adenocarcinoma	cell line	51Y	male	SW620	CVCL_0547	IMAC2-3	2013-Nov_22_PPC_IMAC2-3_HLB3-7_R2	proteomic profiling by mass spectrometry	2	2013-Nov_22_PPC_IMAC2-3_HLB3-7_R2.raw	v1.1.0	NT=ms-proteomics;VV=v1.1.0	NT=human;VV=v1.1.0	NT=cell-lines;VV=v1.1.0	manual curation	NT=Data-dependent acquisition;AC=PRIDE:0000627	NT=Q Exactive;AC=MS:1001911	NT=Trypsin;AC=MS:1001251	SILAC light	3	5 ppm	100 ppm	NT=Carbamidomethyl;AC=UNIMOD:4;TA=C;MT=Fixed	NT=Oxidation;AC=UNIMOD:35;TA=M;MT=Variable	NT=Label:13C(6)15N(4);AC=UNIMOD:267;TA=R;MT=Variable	NT=Label:13C(6)15N(2);AC=UNIMOD:259;TA=K;MT=Variable	NT=Phospho;AC=UNIMOD:21;TA=S,T,Y;MT=Variable	IMAC digest batch	ftp://ftp.pride.ebi.ac.uk/pride/data/archive/2017/01/PXD003708/2013-Nov_22_PPC_IMAC2-3_HLB3-7_R2.raw	SW620
SW620_C_IMAC2-3	Homo sapiens	not applicable	3	colon adenocarcinoma	cell line	51Y	male	SW620	CVCL_0547	IMAC2-3	2013-Nov_22_PPC_IMAC2-3_HLB4-8_R2	proteomic profiling by mass spectrometry	2	2013-Nov_22_PPC_IMAC2-3_HLB4-8_R2.raw	v1.1.0	NT=ms-proteomics;VV=v1.1.0	NT=human;VV=v1.1.0	NT=cell-lines;VV=v1.1.0	manual curation	NT=Data-dependent acquisition;AC=PRIDE:0000627	NT=Q Exactive;AC=MS:1001911	NT=Trypsin;AC=MS:1001251	SILAC light	4	5 ppm	100 ppm	NT=Carbamidomethyl;AC=UNIMOD:4;TA=C;MT=Fixed	NT=Oxidation;AC=UNIMOD:35;TA=M;MT=Variable	NT=Label:13C(6)15N(4);AC=UNIMOD:267;TA=R;MT=Variable	NT=Label:13C(6)15N(2);AC=UNIMOD:259;TA=K;MT=Variable	NT=Phospho;AC=UNIMOD:21;TA=S,T,Y;MT=Variable	IMAC digest batch	ftp://ftp.pride.ebi.ac.uk/pride/data/archive/2017/01/PXD003708/2013-Nov_22_PPC_IMAC2-3_HLB4-8_R2.raw	SW620
SW480_C_IMAC_nonenriched	Homo sapiens	not applicable	3	colon adenocarcinoma	cell line	51Y	male	SW480	CVCL_0546	IMAC_nonenriched	2013-Nov_22_NPC_HLB1_R1	proteomic profiling by mass spectrometry	1	2013-Nov_22_NPC_HLB1_R1.raw	v1.1.0	NT=ms-proteomics;VV=v1.1.0	NT=human;VV=v1.1.0	NT=cell-lines;VV=v1.1.0	manual curation	NT=Data-dependent acquisition;AC=PRIDE:0000627	NT=Q Exactive;AC=MS:1001911	NT=Trypsin;AC=MS:1001251	SILAC heavy	1	5 ppm	100 ppm	NT=Carbamidomethyl;AC=UNIMOD:4;TA=C;MT=Fixed	NT=Oxidation;AC=UNIMOD:35;TA=M;MT=Variable	NT=Label:13C(6)15N(4);AC=UNIMOD:267;TA=R;MT=Variable	NT=Label:13C(6)15N(2);AC=UNIMOD:259;TA=K;MT=Variable	not applicable	IMAC digest batch	ftp://ftp.pride.ebi.ac.uk/pride/data/archive/2017/01/PXD003708/2013-Nov_22_NPC_HLB1_R1.raw	SW480
SW480_C_IMAC_nonenriched	Homo sapiens	not applicable	3	colon adenocarcinoma	cell line	51Y	male	SW480	CVCL_0546	IMAC_nonenriched	2013-Nov_22_NPC_HLB2_R1	proteomic profiling by mass spectrometry	1	2013-Nov_22_NPC_HLB2_R1.raw	v1.1.0	NT=ms-proteomics;VV=v1.1.0	NT=human;VV=v1.1.0	NT=cell-lines;VV=v1.1.0	manual curation	NT=Data-dependent acquisition;AC=PRIDE:0000627	NT=Q Exactive;AC=MS:1001911	NT=Trypsin;AC=MS:1001251	SILAC heavy	2	5 ppm	100 ppm	NT=Carbamidomethyl;AC=UNIMOD:4;TA=C;MT=Fixed	NT=Oxidation;AC=UNIMOD:35;TA=M;MT=Variable	NT=Label:13C(6)15N(4);AC=UNIMOD:267;TA=R;MT=Variable	NT=Label:13C(6)15N(2);AC=UNIMOD:259;TA=K;MT=Variable	not applicable	IMAC digest batch	ftp://ftp.pride.ebi.ac.uk/pride/data/archive/2017/01/PXD003708/2013-Nov_22_NPC_HLB2_R1.raw	SW480
SW480_C_IMAC_nonenriched	Homo sapiens	not applicable	3	colon adenocarcinoma	cell line	51Y	male	SW480	CVCL_0546	IMAC_nonenriched	2013-Nov_22_NPC_HLB3_R1	proteomic profiling by mass spectrometry	1	2013-Nov_22_NPC_HLB3_R1.raw	v1.1.0	NT=ms-proteomics;VV=v1.1.0	NT=human;VV=v1.1.0	NT=cell-lines;VV=v1.1.0	manual curation	NT=Data-dependent acquisition;AC=PRIDE:0000627	NT=Q Exactive;AC=MS:1001911	NT=Trypsin;AC=MS:1001251	SILAC heavy	3	5 ppm	100 ppm	NT=Carbamidomethyl;AC=UNIMOD:4;TA=C;MT=Fixed	NT=Oxidation;AC=UNIMOD:35;TA=M;MT=Variable	NT=Label:13C(6)15N(4);AC=UNIMOD:267;TA=R;MT=Variable	NT=Label:13C(6)15N(2);AC=UNIMOD:259;TA=K;MT=Variable	not applicable	IMAC digest batch	ftp://ftp.pride.ebi.ac.uk/pride/data/archive/2017/01/PXD003708/2013-Nov_22_NPC_HLB3_R1.raw	SW480
SW480_C_IMAC_nonenriched	Homo sapiens	not applicable	3	colon adenocarcinoma	cell line	51Y	male	SW480	CVCL_0546	IMAC_nonenriched	2013-Nov_22_NPC_HLB4_R1	proteomic profiling by mass spectrometry	1	2013-Nov_22_NPC_HLB4_R1.raw	v1.1.0	NT=ms-proteomics;VV=v1.1.0	NT=human;VV=v1.1.0	NT=cell-lines;VV=v1.1.0	manual curation	NT=Data-dependent acquisition;AC=PRIDE:0000627	NT=Q Exactive;AC=MS:1001911	NT=Trypsin;AC=MS:1001251	SILAC heavy	4	5 ppm	100 ppm	NT=Carbamidomethyl;AC=UNIMOD:4;TA=C;MT=Fixed	NT=Oxidation;AC=UNIMOD:35;TA=M;MT=Variable	NT=Label:13C(6)15N(4);AC=UNIMOD:267;TA=R;MT=Variable	NT=Label:13C(6)15N(2);AC=UNIMOD:259;TA=K;MT=Variable	not applicable	IMAC digest batch	ftp://ftp.pride.ebi.ac.uk/pride/data/archive/2017/01/PXD003708/2013-Nov_22_NPC_HLB4_R1.raw	SW480
SW480_C_IMAC_nonenriched	Homo sapiens	not applicable	3	colon adenocarcinoma	cell line	51Y	male	SW480	CVCL_0546	IMAC_nonenriched	2013-Nov_22_NPC_HLB5_R1	proteomic profiling by mass spectrometry	1	2013-Nov_22_NPC_HLB5_R1.raw	v1.1.0	NT=ms-proteomics;VV=v1.1.0	NT=human;VV=v1.1.0	NT=cell-lines;VV=v1.1.0	manual curation	NT=Data-dependent acquisition;AC=PRIDE:0000627	NT=Q Exactive;AC=MS:1001911	NT=Trypsin;AC=MS:1001251	SILAC heavy	5	5 ppm	100 ppm	NT=Carbamidomethyl;AC=UNIMOD:4;TA=C;MT=Fixed	NT=Oxidation;AC=UNIMOD:35;TA=M;MT=Variable	NT=Label:13C(6)15N(4);AC=UNIMOD:267;TA=R;MT=Variable	NT=Label:13C(6)15N(2);AC=UNIMOD:259;TA=K;MT=Variable	not applicable	IMAC digest batch	ftp://ftp.pride.ebi.ac.uk/pride/data/archive/2017/01/PXD003708/2013-Nov_22_NPC_HLB5_R1.raw	SW480
SW480_C_IMAC_nonenriched	Homo sapiens	not applicable	3	colon adenocarcinoma	cell line	51Y	male	SW480	CVCL_0546	IMAC_nonenriched	2013-Nov_22_NPC_HLB6_R1	proteomic profiling by mass spectrometry	1	2013-Nov_22_NPC_HLB6_R1.raw	v1.1.0	NT=ms-proteomics;VV=v1.1.0	NT=human;VV=v1.1.0	NT=cell-lines;VV=v1.1.0	manual curation	NT=Data-dependent acquisition;AC=PRIDE:0000627	NT=Q Exactive;AC=MS:1001911	NT=Trypsin;AC=MS:1001251	SILAC heavy	6	5 ppm	100 ppm	NT=Carbamidomethyl;AC=UNIMOD:4;TA=C;MT=Fixed	NT=Oxidation;AC=UNIMOD:35;TA=M;MT=Variable	NT=Label:13C(6)15N(4);AC=UNIMOD:267;TA=R;MT=Variable	NT=Label:13C(6)15N(2);AC=UNIMOD:259;TA=K;MT=Variable	not applicable	IMAC digest batch	ftp://ftp.pride.ebi.ac.uk/pride/data/archive/2017/01/PXD003708/2013-Nov_22_NPC_HLB6_R1.raw	SW480
SW480_C_IMAC_nonenriched	Homo sapiens	not applicable	3	colon adenocarcinoma	cell line	51Y	male	SW480	CVCL_0546	IMAC_nonenriched	2013-Nov_22_NPC_HLB7_R1	proteomic profiling by mass spectrometry	1	2013-Nov_22_NPC_HLB7_R1.raw	v1.1.0	NT=ms-proteomics;VV=v1.1.0	NT=human;VV=v1.1.0	NT=cell-lines;VV=v1.1.0	manual curation	NT=Data-dependent acquisition;AC=PRIDE:0000627	NT=Q Exactive;AC=MS:1001911	NT=Trypsin;AC=MS:1001251	SILAC heavy	7	5 ppm	100 ppm	NT=Carbamidomethyl;AC=UNIMOD:4;TA=C;MT=Fixed	NT=Oxidation;AC=UNIMOD:35;TA=M;MT=Variable	NT=Label:13C(6)15N(4);AC=UNIMOD:267;TA=R;MT=Variable	NT=Label:13C(6)15N(2);AC=UNIMOD:259;TA=K;MT=Variable	not applicable	IMAC digest batch	ftp://ftp.pride.ebi.ac.uk/pride/data/archive/2017/01/PXD003708/2013-Nov_22_NPC_HLB7_R1.raw	SW480
SW480_C_IMAC_nonenriched	Homo sapiens	not applicable	3	colon adenocarcinoma	cell line	51Y	male	SW480	CVCL_0546	IMAC_nonenriched	2013-Nov_22_NPC_HLB8_R1	proteomic profiling by mass spectrometry	1	2013-Nov_22_NPC_HLB8_R1.raw	v1.1.0	NT=ms-proteomics;VV=v1.1.0	NT=human;VV=v1.1.0	NT=cell-lines;VV=v1.1.0	manual curation	NT=Data-dependent acquisition;AC=PRIDE:0000627	NT=Q Exactive;AC=MS:1001911	NT=Trypsin;AC=MS:1001251	SILAC heavy	8	5 ppm	100 ppm	NT=Carbamidomethyl;AC=UNIMOD:4;TA=C;MT=Fixed	NT=Oxidation;AC=UNIMOD:35;TA=M;MT=Variable	NT=Label:13C(6)15N(4);AC=UNIMOD:267;TA=R;MT=Variable	NT=Label:13C(6)15N(2);AC=UNIMOD:259;TA=K;MT=Variable	not applicable	IMAC digest batch	ftp://ftp.pride.ebi.ac.uk/pride/data/archive/2017/01/PXD003708/2013-Nov_22_NPC_HLB8_R1.raw	SW480
SW620_C_IMAC_nonenriched	Homo sapiens	not applicable	3	colon adenocarcinoma	cell line	51Y	male	SW620	CVCL_0547	IMAC_nonenriched	2013-Nov_22_NPC_HLB1_R1	proteomic profiling by mass spectrometry	1	2013-Nov_22_NPC_HLB1_R1.raw	v1.1.0	NT=ms-proteomics;VV=v1.1.0	NT=human;VV=v1.1.0	NT=cell-lines;VV=v1.1.0	manual curation	NT=Data-dependent acquisition;AC=PRIDE:0000627	NT=Q Exactive;AC=MS:1001911	NT=Trypsin;AC=MS:1001251	SILAC light	1	5 ppm	100 ppm	NT=Carbamidomethyl;AC=UNIMOD:4;TA=C;MT=Fixed	NT=Oxidation;AC=UNIMOD:35;TA=M;MT=Variable	NT=Label:13C(6)15N(4);AC=UNIMOD:267;TA=R;MT=Variable	NT=Label:13C(6)15N(2);AC=UNIMOD:259;TA=K;MT=Variable	not applicable	IMAC digest batch	ftp://ftp.pride.ebi.ac.uk/pride/data/archive/2017/01/PXD003708/2013-Nov_22_NPC_HLB1_R1.raw	SW620
SW620_C_IMAC_nonenriched	Homo sapiens	not applicable	3	colon adenocarcinoma	cell line	51Y	male	SW620	CVCL_0547	IMAC_nonenriched	2013-Nov_22_NPC_HLB2_R1	proteomic profiling by mass spectrometry	1	2013-Nov_22_NPC_HLB2_R1.raw	v1.1.0	NT=ms-proteomics;VV=v1.1.0	NT=human;VV=v1.1.0	NT=cell-lines;VV=v1.1.0	manual curation	NT=Data-dependent acquisition;AC=PRIDE:0000627	NT=Q Exactive;AC=MS:1001911	NT=Trypsin;AC=MS:1001251	SILAC light	2	5 ppm	100 ppm	NT=Carbamidomethyl;AC=UNIMOD:4;TA=C;MT=Fixed	NT=Oxidation;AC=UNIMOD:35;TA=M;MT=Variable	NT=Label:13C(6)15N(4);AC=UNIMOD:267;TA=R;MT=Variable	NT=Label:13C(6)15N(2);AC=UNIMOD:259;TA=K;MT=Variable	not applicable	IMAC digest batch	ftp://ftp.pride.ebi.ac.uk/pride/data/archive/2017/01/PXD003708/2013-Nov_22_NPC_HLB2_R1.raw	SW620
SW620_C_IMAC_nonenriched	Homo sapiens	not applicable	3	colon adenocarcinoma	cell line	51Y	male	SW620	CVCL_0547	IMAC_nonenriched	2013-Nov_22_NPC_HLB3_R1	proteomic profiling by mass spectrometry	1	2013-Nov_22_NPC_HLB3_R1.raw	v1.1.0	NT=ms-proteomics;VV=v1.1.0	NT=human;VV=v1.1.0	NT=cell-lines;VV=v1.1.0	manual curation	NT=Data-dependent acquisition;AC=PRIDE:0000627	NT=Q Exactive;AC=MS:1001911	NT=Trypsin;AC=MS:1001251	SILAC light	3	5 ppm	100 ppm	NT=Carbamidomethyl;AC=UNIMOD:4;TA=C;MT=Fixed	NT=Oxidation;AC=UNIMOD:35;TA=M;MT=Variable	NT=Label:13C(6)15N(4);AC=UNIMOD:267;TA=R;MT=Variable	NT=Label:13C(6)15N(2);AC=UNIMOD:259;TA=K;MT=Variable	not applicable	IMAC digest batch	ftp://ftp.pride.ebi.ac.uk/pride/data/archive/2017/01/PXD003708/2013-Nov_22_NPC_HLB3_R1.raw	SW620
SW620_C_IMAC_nonenriched	Homo sapiens	not applicable	3	colon adenocarcinoma	cell line	51Y	male	SW620	CVCL_0547	IMAC_nonenriched	2013-Nov_22_NPC_HLB4_R1	proteomic profiling by mass spectrometry	1	2013-Nov_22_NPC_HLB4_R1.raw	v1.1.0	NT=ms-proteomics;VV=v1.1.0	NT=human;VV=v1.1.0	NT=cell-lines;VV=v1.1.0	manual curation	NT=Data-dependent acquisition;AC=PRIDE:0000627	NT=Q Exactive;AC=MS:1001911	NT=Trypsin;AC=MS:1001251	SILAC light	4	5 ppm	100 ppm	NT=Carbamidomethyl;AC=UNIMOD:4;TA=C;MT=Fixed	NT=Oxidation;AC=UNIMOD:35;TA=M;MT=Variable	NT=Label:13C(6)15N(4);AC=UNIMOD:267;TA=R;MT=Variable	NT=Label:13C(6)15N(2);AC=UNIMOD:259;TA=K;MT=Variable	not applicable	IMAC digest batch	ftp://ftp.pride.ebi.ac.uk/pride/data/archive/2017/01/PXD003708/2013-Nov_22_NPC_HLB4_R1.raw	SW620
SW620_C_IMAC_nonenriched	Homo sapiens	not applicable	3	colon adenocarcinoma	cell line	51Y	male	SW620	CVCL_0547	IMAC_nonenriched	2013-Nov_22_NPC_HLB5_R1	proteomic profiling by mass spectrometry	1	2013-Nov_22_NPC_HLB5_R1.raw	v1.1.0	NT=ms-proteomics;VV=v1.1.0	NT=human;VV=v1.1.0	NT=cell-lines;VV=v1.1.0	manual curation	NT=Data-dependent acquisition;AC=PRIDE:0000627	NT=Q Exactive;AC=MS:1001911	NT=Trypsin;AC=MS:1001251	SILAC light	5	5 ppm	100 ppm	NT=Carbamidomethyl;AC=UNIMOD:4;TA=C;MT=Fixed	NT=Oxidation;AC=UNIMOD:35;TA=M;MT=Variable	NT=Label:13C(6)15N(4);AC=UNIMOD:267;TA=R;MT=Variable	NT=Label:13C(6)15N(2);AC=UNIMOD:259;TA=K;MT=Variable	not applicable	IMAC digest batch	ftp://ftp.pride.ebi.ac.uk/pride/data/archive/2017/01/PXD003708/2013-Nov_22_NPC_HLB5_R1.raw	SW620
SW620_C_IMAC_nonenriched	Homo sapiens	not applicable	3	colon adenocarcinoma	cell line	51Y	male	SW620	CVCL_0547	IMAC_nonenriched	2013-Nov_22_NPC_HLB6_R1	proteomic profiling by mass spectrometry	1	2013-Nov_22_NPC_HLB6_R1.raw	v1.1.0	NT=ms-proteomics;VV=v1.1.0	NT=human;VV=v1.1.0	NT=cell-lines;VV=v1.1.0	manual curation	NT=Data-dependent acquisition;AC=PRIDE:0000627	NT=Q Exactive;AC=MS:1001911	NT=Trypsin;AC=MS:1001251	SILAC light	6	5 ppm	100 ppm	NT=Carbamidomethyl;AC=UNIMOD:4;TA=C;MT=Fixed	NT=Oxidation;AC=UNIMOD:35;TA=M;MT=Variable	NT=Label:13C(6)15N(4);AC=UNIMOD:267;TA=R;MT=Variable	NT=Label:13C(6)15N(2);AC=UNIMOD:259;TA=K;MT=Variable	not applicable	IMAC digest batch	ftp://ftp.pride.ebi.ac.uk/pride/data/archive/2017/01/PXD003708/2013-Nov_22_NPC_HLB6_R1.raw	SW620
SW620_C_IMAC_nonenriched	Homo sapiens	not applicable	3	colon adenocarcinoma	cell line	51Y	male	SW620	CVCL_0547	IMAC_nonenriched	2013-Nov_22_NPC_HLB7_R1	proteomic profiling by mass spectrometry	1	2013-Nov_22_NPC_HLB7_R1.raw	v1.1.0	NT=ms-proteomics;VV=v1.1.0	NT=human;VV=v1.1.0	NT=cell-lines;VV=v1.1.0	manual curation	NT=Data-dependent acquisition;AC=PRIDE:0000627	NT=Q Exactive;AC=MS:1001911	NT=Trypsin;AC=MS:1001251	SILAC light	7	5 ppm	100 ppm	NT=Carbamidomethyl;AC=UNIMOD:4;TA=C;MT=Fixed	NT=Oxidation;AC=UNIMOD:35;TA=M;MT=Variable	NT=Label:13C(6)15N(4);AC=UNIMOD:267;TA=R;MT=Variable	NT=Label:13C(6)15N(2);AC=UNIMOD:259;TA=K;MT=Variable	not applicable	IMAC digest batch	ftp://ftp.pride.ebi.ac.uk/pride/data/archive/2017/01/PXD003708/2013-Nov_22_NPC_HLB7_R1.raw	SW620
SW620_C_IMAC_nonenriched	Homo sapiens	not applicable	3	colon adenocarcinoma	cell line	51Y	male	SW620	CVCL_0547	IMAC_nonenriched	2013-Nov_22_NPC_HLB8_R1	proteomic profiling by mass spectrometry	1	2013-Nov_22_NPC_HLB8_R1.raw	v1.1.0	NT=ms-proteomics;VV=v1.1.0	NT=human;VV=v1.1.0	NT=cell-lines;VV=v1.1.0	manual curation	NT=Data-dependent acquisition;AC=PRIDE:0000627	NT=Q Exactive;AC=MS:1001911	NT=Trypsin;AC=MS:1001251	SILAC light	8	5 ppm	100 ppm	NT=Carbamidomethyl;AC=UNIMOD:4;TA=C;MT=Fixed	NT=Oxidation;AC=UNIMOD:35;TA=M;MT=Variable	NT=Label:13C(6)15N(4);AC=UNIMOD:267;TA=R;MT=Variable	NT=Label:13C(6)15N(2);AC=UNIMOD:259;TA=K;MT=Variable	not applicable	IMAC digest batch	ftp://ftp.pride.ebi.ac.uk/pride/data/archive/2017/01/PXD003708/2013-Nov_22_NPC_HLB8_R1.raw	SW620
SW480_C_IMAC_nonenriched	Homo sapiens	not applicable	3	colon adenocarcinoma	cell line	51Y	male	SW480	CVCL_0546	IMAC_nonenriched	2013-Nov_22_NPC_HLB1_R2	proteomic profiling by mass spectrometry	2	2013-Nov_22_NPC_HLB1_R2.raw	v1.1.0	NT=ms-proteomics;VV=v1.1.0	NT=human;VV=v1.1.0	NT=cell-lines;VV=v1.1.0	manual curation	NT=Data-dependent acquisition;AC=PRIDE:0000627	NT=Q Exactive;AC=MS:1001911	NT=Trypsin;AC=MS:1001251	SILAC heavy	1	5 ppm	100 ppm	NT=Carbamidomethyl;AC=UNIMOD:4;TA=C;MT=Fixed	NT=Oxidation;AC=UNIMOD:35;TA=M;MT=Variable	NT=Label:13C(6)15N(4);AC=UNIMOD:267;TA=R;MT=Variable	NT=Label:13C(6)15N(2);AC=UNIMOD:259;TA=K;MT=Variable	not applicable	IMAC digest batch	ftp://ftp.pride.ebi.ac.uk/pride/data/archive/2017/01/PXD003708/2013-Nov_22_NPC_HLB1_R2.raw	SW480
SW480_C_IMAC_nonenriched	Homo sapiens	not applicable	3	colon adenocarcinoma	cell line	51Y	male	SW480	CVCL_0546	IMAC_nonenriched	2013-Nov_22_NPC_HLB2_R2	proteomic profiling by mass spectrometry	2	2013-Nov_22_NPC_HLB2_R2.raw	v1.1.0	NT=ms-proteomics;VV=v1.1.0	NT=human;VV=v1.1.0	NT=cell-lines;VV=v1.1.0	manual curation	NT=Data-dependent acquisition;AC=PRIDE:0000627	NT=Q Exactive;AC=MS:1001911	NT=Trypsin;AC=MS:1001251	SILAC heavy	2	5 ppm	100 ppm	NT=Carbamidomethyl;AC=UNIMOD:4;TA=C;MT=Fixed	NT=Oxidation;AC=UNIMOD:35;TA=M;MT=Variable	NT=Label:13C(6)15N(4);AC=UNIMOD:267;TA=R;MT=Variable	NT=Label:13C(6)15N(2);AC=UNIMOD:259;TA=K;MT=Variable	not applicable	IMAC digest batch	ftp://ftp.pride.ebi.ac.uk/pride/data/archive/2017/01/PXD003708/2013-Nov_22_NPC_HLB2_R2.raw	SW480
SW480_C_IMAC_nonenriched	Homo sapiens	not applicable	3	colon adenocarcinoma	cell line	51Y	male	SW480	CVCL_0546	IMAC_nonenriched	2013-Nov_22_NPC_HLB3_R2	proteomic profiling by mass spectrometry	2	2013-Nov_22_NPC_HLB3_R2.raw	v1.1.0	NT=ms-proteomics;VV=v1.1.0	NT=human;VV=v1.1.0	NT=cell-lines;VV=v1.1.0	manual curation	NT=Data-dependent acquisition;AC=PRIDE:0000627	NT=Q Exactive;AC=MS:1001911	NT=Trypsin;AC=MS:1001251	SILAC heavy	3	5 ppm	100 ppm	NT=Carbamidomethyl;AC=UNIMOD:4;TA=C;MT=Fixed	NT=Oxidation;AC=UNIMOD:35;TA=M;MT=Variable	NT=Label:13C(6)15N(4);AC=UNIMOD:267;TA=R;MT=Variable	NT=Label:13C(6)15N(2);AC=UNIMOD:259;TA=K;MT=Variable	not applicable	IMAC digest batch	ftp://ftp.pride.ebi.ac.uk/pride/data/archive/2017/01/PXD003708/2013-Nov_22_NPC_HLB3_R2.raw	SW480
SW480_C_IMAC_nonenriched	Homo sapiens	not applicable	3	colon adenocarcinoma	cell line	51Y	male	SW480	CVCL_0546	IMAC_nonenriched	2013-Nov_22_NPC_HLB4_R2	proteomic profiling by mass spectrometry	2	2013-Nov_22_NPC_HLB4_R2.raw	v1.1.0	NT=ms-proteomics;VV=v1.1.0	NT=human;VV=v1.1.0	NT=cell-lines;VV=v1.1.0	manual curation	NT=Data-dependent acquisition;AC=PRIDE:0000627	NT=Q Exactive;AC=MS:1001911	NT=Trypsin;AC=MS:1001251	SILAC heavy	4	5 ppm	100 ppm	NT=Carbamidomethyl;AC=UNIMOD:4;TA=C;MT=Fixed	NT=Oxidation;AC=UNIMOD:35;TA=M;MT=Variable	NT=Label:13C(6)15N(4);AC=UNIMOD:267;TA=R;MT=Variable	NT=Label:13C(6)15N(2);AC=UNIMOD:259;TA=K;MT=Variable	not applicable	IMAC digest batch	ftp://ftp.pride.ebi.ac.uk/pride/data/archive/2017/01/PXD003708/2013-Nov_22_NPC_HLB4_R2.raw	SW480
SW480_C_IMAC_nonenriched	Homo sapiens	not applicable	3	colon adenocarcinoma	cell line	51Y	male	SW480	CVCL_0546	IMAC_nonenriched	2013-Nov_22_NPC_HLB5_R2	proteomic profiling by mass spectrometry	2	2013-Nov_22_NPC_HLB5_R2.raw	v1.1.0	NT=ms-proteomics;VV=v1.1.0	NT=human;VV=v1.1.0	NT=cell-lines;VV=v1.1.0	manual curation	NT=Data-dependent acquisition;AC=PRIDE:0000627	NT=Q Exactive;AC=MS:1001911	NT=Trypsin;AC=MS:1001251	SILAC heavy	5	5 ppm	100 ppm	NT=Carbamidomethyl;AC=UNIMOD:4;TA=C;MT=Fixed	NT=Oxidation;AC=UNIMOD:35;TA=M;MT=Variable	NT=Label:13C(6)15N(4);AC=UNIMOD:267;TA=R;MT=Variable	NT=Label:13C(6)15N(2);AC=UNIMOD:259;TA=K;MT=Variable	not applicable	IMAC digest batch	ftp://ftp.pride.ebi.ac.uk/pride/data/archive/2017/01/PXD003708/2013-Nov_22_NPC_HLB5_R2.raw	SW480
SW480_C_IMAC_nonenriched	Homo sapiens	not applicable	3	colon adenocarcinoma	cell line	51Y	male	SW480	CVCL_0546	IMAC_nonenriched	2013-Nov_22_NPC_HLB6_R2	proteomic profiling by mass spectrometry	2	2013-Nov_22_NPC_HLB6_R2.raw	v1.1.0	NT=ms-proteomics;VV=v1.1.0	NT=human;VV=v1.1.0	NT=cell-lines;VV=v1.1.0	manual curation	NT=Data-dependent acquisition;AC=PRIDE:0000627	NT=Q Exactive;AC=MS:1001911	NT=Trypsin;AC=MS:1001251	SILAC heavy	6	5 ppm	100 ppm	NT=Carbamidomethyl;AC=UNIMOD:4;TA=C;MT=Fixed	NT=Oxidation;AC=UNIMOD:35;TA=M;MT=Variable	NT=Label:13C(6)15N(4);AC=UNIMOD:267;TA=R;MT=Variable	NT=Label:13C(6)15N(2);AC=UNIMOD:259;TA=K;MT=Variable	not applicable	IMAC digest batch	ftp://ftp.pride.ebi.ac.uk/pride/data/archive/2017/01/PXD003708/2013-Nov_22_NPC_HLB6_R2.raw	SW480
SW480_C_IMAC_nonenriched	Homo sapiens	not applicable	3	colon adenocarcinoma	cell line	51Y	male	SW480	CVCL_0546	IMAC_nonenriched	2013-Nov_22_NPC_HLB7_R2	proteomic profiling by mass spectrometry	2	2013-Nov_22_NPC_HLB7_R2.raw	v1.1.0	NT=ms-proteomics;VV=v1.1.0	NT=human;VV=v1.1.0	NT=cell-lines;VV=v1.1.0	manual curation	NT=Data-dependent acquisition;AC=PRIDE:0000627	NT=Q Exactive;AC=MS:1001911	NT=Trypsin;AC=MS:1001251	SILAC heavy	7	5 ppm	100 ppm	NT=Carbamidomethyl;AC=UNIMOD:4;TA=C;MT=Fixed	NT=Oxidation;AC=UNIMOD:35;TA=M;MT=Variable	NT=Label:13C(6)15N(4);AC=UNIMOD:267;TA=R;MT=Variable	NT=Label:13C(6)15N(2);AC=UNIMOD:259;TA=K;MT=Variable	not applicable	IMAC digest batch	ftp://ftp.pride.ebi.ac.uk/pride/data/archive/2017/01/PXD003708/2013-Nov_22_NPC_HLB7_R2.raw	SW480
SW480_C_IMAC_nonenriched	Homo sapiens	not applicable	3	colon adenocarcinoma	cell line	51Y	male	SW480	CVCL_0546	IMAC_nonenriched	2013-Nov_22_NPC_HLB8_R2	proteomic profiling by mass spectrometry	2	2013-Nov_22_NPC_HLB8_R2.raw	v1.1.0	NT=ms-proteomics;VV=v1.1.0	NT=human;VV=v1.1.0	NT=cell-lines;VV=v1.1.0	manual curation	NT=Data-dependent acquisition;AC=PRIDE:0000627	NT=Q Exactive;AC=MS:1001911	NT=Trypsin;AC=MS:1001251	SILAC heavy	8	5 ppm	100 ppm	NT=Carbamidomethyl;AC=UNIMOD:4;TA=C;MT=Fixed	NT=Oxidation;AC=UNIMOD:35;TA=M;MT=Variable	NT=Label:13C(6)15N(4);AC=UNIMOD:267;TA=R;MT=Variable	NT=Label:13C(6)15N(2);AC=UNIMOD:259;TA=K;MT=Variable	not applicable	IMAC digest batch	ftp://ftp.pride.ebi.ac.uk/pride/data/archive/2017/01/PXD003708/2013-Nov_22_NPC_HLB8_R2.raw	SW480
SW620_C_IMAC_nonenriched	Homo sapiens	not applicable	3	colon adenocarcinoma	cell line	51Y	male	SW620	CVCL_0547	IMAC_nonenriched	2013-Nov_22_NPC_HLB1_R2	proteomic profiling by mass spectrometry	2	2013-Nov_22_NPC_HLB1_R2.raw	v1.1.0	NT=ms-proteomics;VV=v1.1.0	NT=human;VV=v1.1.0	NT=cell-lines;VV=v1.1.0	manual curation	NT=Data-dependent acquisition;AC=PRIDE:0000627	NT=Q Exactive;AC=MS:1001911	NT=Trypsin;AC=MS:1001251	SILAC light	1	5 ppm	100 ppm	NT=Carbamidomethyl;AC=UNIMOD:4;TA=C;MT=Fixed	NT=Oxidation;AC=UNIMOD:35;TA=M;MT=Variable	NT=Label:13C(6)15N(4);AC=UNIMOD:267;TA=R;MT=Variable	NT=Label:13C(6)15N(2);AC=UNIMOD:259;TA=K;MT=Variable	not applicable	IMAC digest batch	ftp://ftp.pride.ebi.ac.uk/pride/data/archive/2017/01/PXD003708/2013-Nov_22_NPC_HLB1_R2.raw	SW620
SW620_C_IMAC_nonenriched	Homo sapiens	not applicable	3	colon adenocarcinoma	cell line	51Y	male	SW620	CVCL_0547	IMAC_nonenriched	2013-Nov_22_NPC_HLB2_R2	proteomic profiling by mass spectrometry	2	2013-Nov_22_NPC_HLB2_R2.raw	v1.1.0	NT=ms-proteomics;VV=v1.1.0	NT=human;VV=v1.1.0	NT=cell-lines;VV=v1.1.0	manual curation	NT=Data-dependent acquisition;AC=PRIDE:0000627	NT=Q Exactive;AC=MS:1001911	NT=Trypsin;AC=MS:1001251	SILAC light	2	5 ppm	100 ppm	NT=Carbamidomethyl;AC=UNIMOD:4;TA=C;MT=Fixed	NT=Oxidation;AC=UNIMOD:35;TA=M;MT=Variable	NT=Label:13C(6)15N(4);AC=UNIMOD:267;TA=R;MT=Variable	NT=Label:13C(6)15N(2);AC=UNIMOD:259;TA=K;MT=Variable	not applicable	IMAC digest batch	ftp://ftp.pride.ebi.ac.uk/pride/data/archive/2017/01/PXD003708/2013-Nov_22_NPC_HLB2_R2.raw	SW620
SW620_C_IMAC_nonenriched	Homo sapiens	not applicable	3	colon adenocarcinoma	cell line	51Y	male	SW620	CVCL_0547	IMAC_nonenriched	2013-Nov_22_NPC_HLB3_R2	proteomic profiling by mass spectrometry	2	2013-Nov_22_NPC_HLB3_R2.raw	v1.1.0	NT=ms-proteomics;VV=v1.1.0	NT=human;VV=v1.1.0	NT=cell-lines;VV=v1.1.0	manual curation	NT=Data-dependent acquisition;AC=PRIDE:0000627	NT=Q Exactive;AC=MS:1001911	NT=Trypsin;AC=MS:1001251	SILAC light	3	5 ppm	100 ppm	NT=Carbamidomethyl;AC=UNIMOD:4;TA=C;MT=Fixed	NT=Oxidation;AC=UNIMOD:35;TA=M;MT=Variable	NT=Label:13C(6)15N(4);AC=UNIMOD:267;TA=R;MT=Variable	NT=Label:13C(6)15N(2);AC=UNIMOD:259;TA=K;MT=Variable	not applicable	IMAC digest batch	ftp://ftp.pride.ebi.ac.uk/pride/data/archive/2017/01/PXD003708/2013-Nov_22_NPC_HLB3_R2.raw	SW620
SW620_C_IMAC_nonenriched	Homo sapiens	not applicable	3	colon adenocarcinoma	cell line	51Y	male	SW620	CVCL_0547	IMAC_nonenriched	2013-Nov_22_NPC_HLB4_R2	proteomic profiling by mass spectrometry	2	2013-Nov_22_NPC_HLB4_R2.raw	v1.1.0	NT=ms-proteomics;VV=v1.1.0	NT=human;VV=v1.1.0	NT=cell-lines;VV=v1.1.0	manual curation	NT=Data-dependent acquisition;AC=PRIDE:0000627	NT=Q Exactive;AC=MS:1001911	NT=Trypsin;AC=MS:1001251	SILAC light	4	5 ppm	100 ppm	NT=Carbamidomethyl;AC=UNIMOD:4;TA=C;MT=Fixed	NT=Oxidation;AC=UNIMOD:35;TA=M;MT=Variable	NT=Label:13C(6)15N(4);AC=UNIMOD:267;TA=R;MT=Variable	NT=Label:13C(6)15N(2);AC=UNIMOD:259;TA=K;MT=Variable	not applicable	IMAC digest batch	ftp://ftp.pride.ebi.ac.uk/pride/data/archive/2017/01/PXD003708/2013-Nov_22_NPC_HLB4_R2.raw	SW620
SW620_C_IMAC_nonenriched	Homo sapiens	not applicable	3	colon adenocarcinoma	cell line	51Y	male	SW620	CVCL_0547	IMAC_nonenriched	2013-Nov_22_NPC_HLB5_R2	proteomic profiling by mass spectrometry	2	2013-Nov_22_NPC_HLB5_R2.raw	v1.1.0	NT=ms-proteomics;VV=v1.1.0	NT=human;VV=v1.1.0	NT=cell-lines;VV=v1.1.0	manual curation	NT=Data-dependent acquisition;AC=PRIDE:0000627	NT=Q Exactive;AC=MS:1001911	NT=Trypsin;AC=MS:1001251	SILAC light	5	5 ppm	100 ppm	NT=Carbamidomethyl;AC=UNIMOD:4;TA=C;MT=Fixed	NT=Oxidation;AC=UNIMOD:35;TA=M;MT=Variable	NT=Label:13C(6)15N(4);AC=UNIMOD:267;TA=R;MT=Variable	NT=Label:13C(6)15N(2);AC=UNIMOD:259;TA=K;MT=Variable	not applicable	IMAC digest batch	ftp://ftp.pride.ebi.ac.uk/pride/data/archive/2017/01/PXD003708/2013-Nov_22_NPC_HLB5_R2.raw	SW620
SW620_C_IMAC_nonenriched	Homo sapiens	not applicable	3	colon adenocarcinoma	cell line	51Y	male	SW620	CVCL_0547	IMAC_nonenriched	2013-Nov_22_NPC_HLB6_R2	proteomic profiling by mass spectrometry	2	2013-Nov_22_NPC_HLB6_R2.raw	v1.1.0	NT=ms-proteomics;VV=v1.1.0	NT=human;VV=v1.1.0	NT=cell-lines;VV=v1.1.0	manual curation	NT=Data-dependent acquisition;AC=PRIDE:0000627	NT=Q Exactive;AC=MS:1001911	NT=Trypsin;AC=MS:1001251	SILAC light	6	5 ppm	100 ppm	NT=Carbamidomethyl;AC=UNIMOD:4;TA=C;MT=Fixed	NT=Oxidation;AC=UNIMOD:35;TA=M;MT=Variable	NT=Label:13C(6)15N(4);AC=UNIMOD:267;TA=R;MT=Variable	NT=Label:13C(6)15N(2);AC=UNIMOD:259;TA=K;MT=Variable	not applicable	IMAC digest batch	ftp://ftp.pride.ebi.ac.uk/pride/data/archive/2017/01/PXD003708/2013-Nov_22_NPC_HLB6_R2.raw	SW620
SW620_C_IMAC_nonenriched	Homo sapiens	not applicable	3	colon adenocarcinoma	cell line	51Y	male	SW620	CVCL_0547	IMAC_nonenriched	2013-Nov_22_NPC_HLB7_R2	proteomic profiling by mass spectrometry	2	2013-Nov_22_NPC_HLB7_R2.raw	v1.1.0	NT=ms-proteomics;VV=v1.1.0	NT=human;VV=v1.1.0	NT=cell-lines;VV=v1.1.0	manual curation	NT=Data-dependent acquisition;AC=PRIDE:0000627	NT=Q Exactive;AC=MS:1001911	NT=Trypsin;AC=MS:1001251	SILAC light	7	5 ppm	100 ppm	NT=Carbamidomethyl;AC=UNIMOD:4;TA=C;MT=Fixed	NT=Oxidation;AC=UNIMOD:35;TA=M;MT=Variable	NT=Label:13C(6)15N(4);AC=UNIMOD:267;TA=R;MT=Variable	NT=Label:13C(6)15N(2);AC=UNIMOD:259;TA=K;MT=Variable	not applicable	IMAC digest batch	ftp://ftp.pride.ebi.ac.uk/pride/data/archive/2017/01/PXD003708/2013-Nov_22_NPC_HLB7_R2.raw	SW620
SW620_C_IMAC_nonenriched	Homo sapiens	not applicable	3	colon adenocarcinoma	cell line	51Y	male	SW620	CVCL_0547	IMAC_nonenriched	2013-Nov_22_NPC_HLB8_R2	proteomic profiling by mass spectrometry	2	2013-Nov_22_NPC_HLB8_R2.raw	v1.1.0	NT=ms-proteomics;VV=v1.1.0	NT=human;VV=v1.1.0	NT=cell-lines;VV=v1.1.0	manual curation	NT=Data-dependent acquisition;AC=PRIDE:0000627	NT=Q Exactive;AC=MS:1001911	NT=Trypsin;AC=MS:1001251	SILAC light	8	5 ppm	100 ppm	NT=Carbamidomethyl;AC=UNIMOD:4;TA=C;MT=Fixed	NT=Oxidation;AC=UNIMOD:35;TA=M;MT=Variable	NT=Label:13C(6)15N(4);AC=UNIMOD:267;TA=R;MT=Variable	NT=Label:13C(6)15N(2);AC=UNIMOD:259;TA=K;MT=Variable	not applicable	IMAC digest batch	ftp://ftp.pride.ebi.ac.uk/pride/data/archive/2017/01/PXD003708/2013-Nov_22_NPC_HLB8_R2.raw	SW620
SW480_C_TiO2_E1	Homo sapiens	not applicable	3	colon adenocarcinoma	cell line	51Y	male	SW480	CVCL_0546	TiO2_E1	2014-Feb01-TiO2-PPC-E1-HLB1-1	proteomic profiling by mass spectrometry	1	2014-Feb01-TiO2-PPC-E1-HLB1-1.raw	v1.1.0	NT=ms-proteomics;VV=v1.1.0	NT=human;VV=v1.1.0	NT=cell-lines;VV=v1.1.0	manual curation	NT=Data-dependent acquisition;AC=PRIDE:0000627	NT=Q Exactive;AC=MS:1001911	NT=Trypsin;AC=MS:1001251	SILAC heavy	1	5 ppm	100 ppm	NT=Carbamidomethyl;AC=UNIMOD:4;TA=C;MT=Fixed	NT=Oxidation;AC=UNIMOD:35;TA=M;MT=Variable	NT=Label:13C(6)15N(4);AC=UNIMOD:267;TA=R;MT=Variable	NT=Label:13C(6)15N(2);AC=UNIMOD:259;TA=K;MT=Variable	NT=Phospho;AC=UNIMOD:21;TA=S,T,Y;MT=Variable	TiO2 digest batch	ftp://ftp.pride.ebi.ac.uk/pride/data/archive/2017/01/PXD003708/2014-Feb01-TiO2-PPC-E1-HLB1-1.raw	SW480
SW480_C_TiO2_E1	Homo sapiens	not applicable	3	colon adenocarcinoma	cell line	51Y	male	SW480	CVCL_0546	TiO2_E1	2014-Feb01-TiO2-PPC-E1-HLB2-1	proteomic profiling by mass spectrometry	1	2014-Feb01-TiO2-PPC-E1-HLB2-1.raw	v1.1.0	NT=ms-proteomics;VV=v1.1.0	NT=human;VV=v1.1.0	NT=cell-lines;VV=v1.1.0	manual curation	NT=Data-dependent acquisition;AC=PRIDE:0000627	NT=Q Exactive;AC=MS:1001911	NT=Trypsin;AC=MS:1001251	SILAC heavy	2	5 ppm	100 ppm	NT=Carbamidomethyl;AC=UNIMOD:4;TA=C;MT=Fixed	NT=Oxidation;AC=UNIMOD:35;TA=M;MT=Variable	NT=Label:13C(6)15N(4);AC=UNIMOD:267;TA=R;MT=Variable	NT=Label:13C(6)15N(2);AC=UNIMOD:259;TA=K;MT=Variable	NT=Phospho;AC=UNIMOD:21;TA=S,T,Y;MT=Variable	TiO2 digest batch	ftp://ftp.pride.ebi.ac.uk/pride/data/archive/2017/01/PXD003708/2014-Feb01-TiO2-PPC-E1-HLB2-1.raw	SW480
SW480_C_TiO2_E1	Homo sapiens	not applicable	3	colon adenocarcinoma	cell line	51Y	male	SW480	CVCL_0546	TiO2_E1	2014-Feb01-TiO2-PPC-E1-HLB3-1	proteomic profiling by mass spectrometry	1	2014-Feb01-TiO2-PPC-E1-HLB3-1.raw	v1.1.0	NT=ms-proteomics;VV=v1.1.0	NT=human;VV=v1.1.0	NT=cell-lines;VV=v1.1.0	manual curation	NT=Data-dependent acquisition;AC=PRIDE:0000627	NT=Q Exactive;AC=MS:1001911	NT=Trypsin;AC=MS:1001251	SILAC heavy	3	5 ppm	100 ppm	NT=Carbamidomethyl;AC=UNIMOD:4;TA=C;MT=Fixed	NT=Oxidation;AC=UNIMOD:35;TA=M;MT=Variable	NT=Label:13C(6)15N(4);AC=UNIMOD:267;TA=R;MT=Variable	NT=Label:13C(6)15N(2);AC=UNIMOD:259;TA=K;MT=Variable	NT=Phospho;AC=UNIMOD:21;TA=S,T,Y;MT=Variable	TiO2 digest batch	ftp://ftp.pride.ebi.ac.uk/pride/data/archive/2017/01/PXD003708/2014-Feb01-TiO2-PPC-E1-HLB3-1.raw	SW480
SW480_C_TiO2_E1	Homo sapiens	not applicable	3	colon adenocarcinoma	cell line	51Y	male	SW480	CVCL_0546	TiO2_E1	2014-Feb01-TiO2-PPC-E1-HLB4-1	proteomic profiling by mass spectrometry	1	2014-Feb01-TiO2-PPC-E1-HLB4-1.raw	v1.1.0	NT=ms-proteomics;VV=v1.1.0	NT=human;VV=v1.1.0	NT=cell-lines;VV=v1.1.0	manual curation	NT=Data-dependent acquisition;AC=PRIDE:0000627	NT=Q Exactive;AC=MS:1001911	NT=Trypsin;AC=MS:1001251	SILAC heavy	4	5 ppm	100 ppm	NT=Carbamidomethyl;AC=UNIMOD:4;TA=C;MT=Fixed	NT=Oxidation;AC=UNIMOD:35;TA=M;MT=Variable	NT=Label:13C(6)15N(4);AC=UNIMOD:267;TA=R;MT=Variable	NT=Label:13C(6)15N(2);AC=UNIMOD:259;TA=K;MT=Variable	NT=Phospho;AC=UNIMOD:21;TA=S,T,Y;MT=Variable	TiO2 digest batch	ftp://ftp.pride.ebi.ac.uk/pride/data/archive/2017/01/PXD003708/2014-Feb01-TiO2-PPC-E1-HLB4-1.raw	SW480
SW620_C_TiO2_E1	Homo sapiens	not applicable	3	colon adenocarcinoma	cell line	51Y	male	SW620	CVCL_0547	TiO2_E1	2014-Feb01-TiO2-PPC-E1-HLB1-1	proteomic profiling by mass spectrometry	1	2014-Feb01-TiO2-PPC-E1-HLB1-1.raw	v1.1.0	NT=ms-proteomics;VV=v1.1.0	NT=human;VV=v1.1.0	NT=cell-lines;VV=v1.1.0	manual curation	NT=Data-dependent acquisition;AC=PRIDE:0000627	NT=Q Exactive;AC=MS:1001911	NT=Trypsin;AC=MS:1001251	SILAC light	1	5 ppm	100 ppm	NT=Carbamidomethyl;AC=UNIMOD:4;TA=C;MT=Fixed	NT=Oxidation;AC=UNIMOD:35;TA=M;MT=Variable	NT=Label:13C(6)15N(4);AC=UNIMOD:267;TA=R;MT=Variable	NT=Label:13C(6)15N(2);AC=UNIMOD:259;TA=K;MT=Variable	NT=Phospho;AC=UNIMOD:21;TA=S,T,Y;MT=Variable	TiO2 digest batch	ftp://ftp.pride.ebi.ac.uk/pride/data/archive/2017/01/PXD003708/2014-Feb01-TiO2-PPC-E1-HLB1-1.raw	SW620
SW620_C_TiO2_E1	Homo sapiens	not applicable	3	colon adenocarcinoma	cell line	51Y	male	SW620	CVCL_0547	TiO2_E1	2014-Feb01-TiO2-PPC-E1-HLB2-1	proteomic profiling by mass spectrometry	1	2014-Feb01-TiO2-PPC-E1-HLB2-1.raw	v1.1.0	NT=ms-proteomics;VV=v1.1.0	NT=human;VV=v1.1.0	NT=cell-lines;VV=v1.1.0	manual curation	NT=Data-dependent acquisition;AC=PRIDE:0000627	NT=Q Exactive;AC=MS:1001911	NT=Trypsin;AC=MS:1001251	SILAC light	2	5 ppm	100 ppm	NT=Carbamidomethyl;AC=UNIMOD:4;TA=C;MT=Fixed	NT=Oxidation;AC=UNIMOD:35;TA=M;MT=Variable	NT=Label:13C(6)15N(4);AC=UNIMOD:267;TA=R;MT=Variable	NT=Label:13C(6)15N(2);AC=UNIMOD:259;TA=K;MT=Variable	NT=Phospho;AC=UNIMOD:21;TA=S,T,Y;MT=Variable	TiO2 digest batch	ftp://ftp.pride.ebi.ac.uk/pride/data/archive/2017/01/PXD003708/2014-Feb01-TiO2-PPC-E1-HLB2-1.raw	SW620
SW620_C_TiO2_E1	Homo sapiens	not applicable	3	colon adenocarcinoma	cell line	51Y	male	SW620	CVCL_0547	TiO2_E1	2014-Feb01-TiO2-PPC-E1-HLB3-1	proteomic profiling by mass spectrometry	1	2014-Feb01-TiO2-PPC-E1-HLB3-1.raw	v1.1.0	NT=ms-proteomics;VV=v1.1.0	NT=human;VV=v1.1.0	NT=cell-lines;VV=v1.1.0	manual curation	NT=Data-dependent acquisition;AC=PRIDE:0000627	NT=Q Exactive;AC=MS:1001911	NT=Trypsin;AC=MS:1001251	SILAC light	3	5 ppm	100 ppm	NT=Carbamidomethyl;AC=UNIMOD:4;TA=C;MT=Fixed	NT=Oxidation;AC=UNIMOD:35;TA=M;MT=Variable	NT=Label:13C(6)15N(4);AC=UNIMOD:267;TA=R;MT=Variable	NT=Label:13C(6)15N(2);AC=UNIMOD:259;TA=K;MT=Variable	NT=Phospho;AC=UNIMOD:21;TA=S,T,Y;MT=Variable	TiO2 digest batch	ftp://ftp.pride.ebi.ac.uk/pride/data/archive/2017/01/PXD003708/2014-Feb01-TiO2-PPC-E1-HLB3-1.raw	SW620
SW620_C_TiO2_E1	Homo sapiens	not applicable	3	colon adenocarcinoma	cell line	51Y	male	SW620	CVCL_0547	TiO2_E1	2014-Feb01-TiO2-PPC-E1-HLB4-1	proteomic profiling by mass spectrometry	1	2014-Feb01-TiO2-PPC-E1-HLB4-1.raw	v1.1.0	NT=ms-proteomics;VV=v1.1.0	NT=human;VV=v1.1.0	NT=cell-lines;VV=v1.1.0	manual curation	NT=Data-dependent acquisition;AC=PRIDE:0000627	NT=Q Exactive;AC=MS:1001911	NT=Trypsin;AC=MS:1001251	SILAC light	4	5 ppm	100 ppm	NT=Carbamidomethyl;AC=UNIMOD:4;TA=C;MT=Fixed	NT=Oxidation;AC=UNIMOD:35;TA=M;MT=Variable	NT=Label:13C(6)15N(4);AC=UNIMOD:267;TA=R;MT=Variable	NT=Label:13C(6)15N(2);AC=UNIMOD:259;TA=K;MT=Variable	NT=Phospho;AC=UNIMOD:21;TA=S,T,Y;MT=Variable	TiO2 digest batch	ftp://ftp.pride.ebi.ac.uk/pride/data/archive/2017/01/PXD003708/2014-Feb01-TiO2-PPC-E1-HLB4-1.raw	SW620
SW480_C_TiO2_E1	Homo sapiens	not applicable	3	colon adenocarcinoma	cell line	51Y	male	SW480	CVCL_0546	TiO2_E1	2014-Feb01-TiO2-PPC-E1-HLB1-2	proteomic profiling by mass spectrometry	2	2014-Feb01-TiO2-PPC-E1-HLB1-2.raw	v1.1.0	NT=ms-proteomics;VV=v1.1.0	NT=human;VV=v1.1.0	NT=cell-lines;VV=v1.1.0	manual curation	NT=Data-dependent acquisition;AC=PRIDE:0000627	NT=Q Exactive;AC=MS:1001911	NT=Trypsin;AC=MS:1001251	SILAC heavy	1	5 ppm	100 ppm	NT=Carbamidomethyl;AC=UNIMOD:4;TA=C;MT=Fixed	NT=Oxidation;AC=UNIMOD:35;TA=M;MT=Variable	NT=Label:13C(6)15N(4);AC=UNIMOD:267;TA=R;MT=Variable	NT=Label:13C(6)15N(2);AC=UNIMOD:259;TA=K;MT=Variable	NT=Phospho;AC=UNIMOD:21;TA=S,T,Y;MT=Variable	TiO2 digest batch	ftp://ftp.pride.ebi.ac.uk/pride/data/archive/2017/01/PXD003708/2014-Feb01-TiO2-PPC-E1-HLB1-2.raw	SW480
SW480_C_TiO2_E1	Homo sapiens	not applicable	3	colon adenocarcinoma	cell line	51Y	male	SW480	CVCL_0546	TiO2_E1	2014-Feb01-TiO2-PPC-E1-HLB2-2	proteomic profiling by mass spectrometry	2	2014-Feb01-TiO2-PPC-E1-HLB2-2.raw	v1.1.0	NT=ms-proteomics;VV=v1.1.0	NT=human;VV=v1.1.0	NT=cell-lines;VV=v1.1.0	manual curation	NT=Data-dependent acquisition;AC=PRIDE:0000627	NT=Q Exactive;AC=MS:1001911	NT=Trypsin;AC=MS:1001251	SILAC heavy	2	5 ppm	100 ppm	NT=Carbamidomethyl;AC=UNIMOD:4;TA=C;MT=Fixed	NT=Oxidation;AC=UNIMOD:35;TA=M;MT=Variable	NT=Label:13C(6)15N(4);AC=UNIMOD:267;TA=R;MT=Variable	NT=Label:13C(6)15N(2);AC=UNIMOD:259;TA=K;MT=Variable	NT=Phospho;AC=UNIMOD:21;TA=S,T,Y;MT=Variable	TiO2 digest batch	ftp://ftp.pride.ebi.ac.uk/pride/data/archive/2017/01/PXD003708/2014-Feb01-TiO2-PPC-E1-HLB2-2.raw	SW480
SW480_C_TiO2_E1	Homo sapiens	not applicable	3	colon adenocarcinoma	cell line	51Y	male	SW480	CVCL_0546	TiO2_E1	2014-Feb01-TiO2-PPC-E1-HLB3-2	proteomic profiling by mass spectrometry	2	2014-Feb01-TiO2-PPC-E1-HLB3-2.raw	v1.1.0	NT=ms-proteomics;VV=v1.1.0	NT=human;VV=v1.1.0	NT=cell-lines;VV=v1.1.0	manual curation	NT=Data-dependent acquisition;AC=PRIDE:0000627	NT=Q Exactive;AC=MS:1001911	NT=Trypsin;AC=MS:1001251	SILAC heavy	3	5 ppm	100 ppm	NT=Carbamidomethyl;AC=UNIMOD:4;TA=C;MT=Fixed	NT=Oxidation;AC=UNIMOD:35;TA=M;MT=Variable	NT=Label:13C(6)15N(4);AC=UNIMOD:267;TA=R;MT=Variable	NT=Label:13C(6)15N(2);AC=UNIMOD:259;TA=K;MT=Variable	NT=Phospho;AC=UNIMOD:21;TA=S,T,Y;MT=Variable	TiO2 digest batch	ftp://ftp.pride.ebi.ac.uk/pride/data/archive/2017/01/PXD003708/2014-Feb01-TiO2-PPC-E1-HLB3-2.raw	SW480
SW480_C_TiO2_E1	Homo sapiens	not applicable	3	colon adenocarcinoma	cell line	51Y	male	SW480	CVCL_0546	TiO2_E1	2014-Feb01-TiO2-PPC-E1-HLB4-2	proteomic profiling by mass spectrometry	2	2014-Feb01-TiO2-PPC-E1-HLB4-2.raw	v1.1.0	NT=ms-proteomics;VV=v1.1.0	NT=human;VV=v1.1.0	NT=cell-lines;VV=v1.1.0	manual curation	NT=Data-dependent acquisition;AC=PRIDE:0000627	NT=Q Exactive;AC=MS:1001911	NT=Trypsin;AC=MS:1001251	SILAC heavy	4	5 ppm	100 ppm	NT=Carbamidomethyl;AC=UNIMOD:4;TA=C;MT=Fixed	NT=Oxidation;AC=UNIMOD:35;TA=M;MT=Variable	NT=Label:13C(6)15N(4);AC=UNIMOD:267;TA=R;MT=Variable	NT=Label:13C(6)15N(2);AC=UNIMOD:259;TA=K;MT=Variable	NT=Phospho;AC=UNIMOD:21;TA=S,T,Y;MT=Variable	TiO2 digest batch	ftp://ftp.pride.ebi.ac.uk/pride/data/archive/2017/01/PXD003708/2014-Feb01-TiO2-PPC-E1-HLB4-2.raw	SW480
SW620_C_TiO2_E1	Homo sapiens	not applicable	3	colon adenocarcinoma	cell line	51Y	male	SW620	CVCL_0547	TiO2_E1	2014-Feb01-TiO2-PPC-E1-HLB1-2	proteomic profiling by mass spectrometry	2	2014-Feb01-TiO2-PPC-E1-HLB1-2.raw	v1.1.0	NT=ms-proteomics;VV=v1.1.0	NT=human;VV=v1.1.0	NT=cell-lines;VV=v1.1.0	manual curation	NT=Data-dependent acquisition;AC=PRIDE:0000627	NT=Q Exactive;AC=MS:1001911	NT=Trypsin;AC=MS:1001251	SILAC light	1	5 ppm	100 ppm	NT=Carbamidomethyl;AC=UNIMOD:4;TA=C;MT=Fixed	NT=Oxidation;AC=UNIMOD:35;TA=M;MT=Variable	NT=Label:13C(6)15N(4);AC=UNIMOD:267;TA=R;MT=Variable	NT=Label:13C(6)15N(2);AC=UNIMOD:259;TA=K;MT=Variable	NT=Phospho;AC=UNIMOD:21;TA=S,T,Y;MT=Variable	TiO2 digest batch	ftp://ftp.pride.ebi.ac.uk/pride/data/archive/2017/01/PXD003708/2014-Feb01-TiO2-PPC-E1-HLB1-2.raw	SW620
SW620_C_TiO2_E1	Homo sapiens	not applicable	3	colon adenocarcinoma	cell line	51Y	male	SW620	CVCL_0547	TiO2_E1	2014-Feb01-TiO2-PPC-E1-HLB2-2	proteomic profiling by mass spectrometry	2	2014-Feb01-TiO2-PPC-E1-HLB2-2.raw	v1.1.0	NT=ms-proteomics;VV=v1.1.0	NT=human;VV=v1.1.0	NT=cell-lines;VV=v1.1.0	manual curation	NT=Data-dependent acquisition;AC=PRIDE:0000627	NT=Q Exactive;AC=MS:1001911	NT=Trypsin;AC=MS:1001251	SILAC light	2	5 ppm	100 ppm	NT=Carbamidomethyl;AC=UNIMOD:4;TA=C;MT=Fixed	NT=Oxidation;AC=UNIMOD:35;TA=M;MT=Variable	NT=Label:13C(6)15N(4);AC=UNIMOD:267;TA=R;MT=Variable	NT=Label:13C(6)15N(2);AC=UNIMOD:259;TA=K;MT=Variable	NT=Phospho;AC=UNIMOD:21;TA=S,T,Y;MT=Variable	TiO2 digest batch	ftp://ftp.pride.ebi.ac.uk/pride/data/archive/2017/01/PXD003708/2014-Feb01-TiO2-PPC-E1-HLB2-2.raw	SW620
SW620_C_TiO2_E1	Homo sapiens	not applicable	3	colon adenocarcinoma	cell line	51Y	male	SW620	CVCL_0547	TiO2_E1	2014-Feb01-TiO2-PPC-E1-HLB3-2	proteomic profiling by mass spectrometry	2	2014-Feb01-TiO2-PPC-E1-HLB3-2.raw	v1.1.0	NT=ms-proteomics;VV=v1.1.0	NT=human;VV=v1.1.0	NT=cell-lines;VV=v1.1.0	manual curation	NT=Data-dependent acquisition;AC=PRIDE:0000627	NT=Q Exactive;AC=MS:1001911	NT=Trypsin;AC=MS:1001251	SILAC light	3	5 ppm	100 ppm	NT=Carbamidomethyl;AC=UNIMOD:4;TA=C;MT=Fixed	NT=Oxidation;AC=UNIMOD:35;TA=M;MT=Variable	NT=Label:13C(6)15N(4);AC=UNIMOD:267;TA=R;MT=Variable	NT=Label:13C(6)15N(2);AC=UNIMOD:259;TA=K;MT=Variable	NT=Phospho;AC=UNIMOD:21;TA=S,T,Y;MT=Variable	TiO2 digest batch	ftp://ftp.pride.ebi.ac.uk/pride/data/archive/2017/01/PXD003708/2014-Feb01-TiO2-PPC-E1-HLB3-2.raw	SW620
SW620_C_TiO2_E1	Homo sapiens	not applicable	3	colon adenocarcinoma	cell line	51Y	male	SW620	CVCL_0547	TiO2_E1	2014-Feb01-TiO2-PPC-E1-HLB4-2	proteomic profiling by mass spectrometry	2	2014-Feb01-TiO2-PPC-E1-HLB4-2.raw	v1.1.0	NT=ms-proteomics;VV=v1.1.0	NT=human;VV=v1.1.0	NT=cell-lines;VV=v1.1.0	manual curation	NT=Data-dependent acquisition;AC=PRIDE:0000627	NT=Q Exactive;AC=MS:1001911	NT=Trypsin;AC=MS:1001251	SILAC light	4	5 ppm	100 ppm	NT=Carbamidomethyl;AC=UNIMOD:4;TA=C;MT=Fixed	NT=Oxidation;AC=UNIMOD:35;TA=M;MT=Variable	NT=Label:13C(6)15N(4);AC=UNIMOD:267;TA=R;MT=Variable	NT=Label:13C(6)15N(2);AC=UNIMOD:259;TA=K;MT=Variable	NT=Phospho;AC=UNIMOD:21;TA=S,T,Y;MT=Variable	TiO2 digest batch	ftp://ftp.pride.ebi.ac.uk/pride/data/archive/2017/01/PXD003708/2014-Feb01-TiO2-PPC-E1-HLB4-2.raw	SW620
SW480_C_TiO2_E2	Homo sapiens	not applicable	3	colon adenocarcinoma	cell line	51Y	male	SW480	CVCL_0546	TiO2_E2	2014-Feb01-TiO2-PPC-E2-HLB1-1	proteomic profiling by mass spectrometry	1	2014-Feb01-TiO2-PPC-E2-HLB1-1.raw	v1.1.0	NT=ms-proteomics;VV=v1.1.0	NT=human;VV=v1.1.0	NT=cell-lines;VV=v1.1.0	manual curation	NT=Data-dependent acquisition;AC=PRIDE:0000627	NT=Q Exactive;AC=MS:1001911	NT=Trypsin;AC=MS:1001251	SILAC heavy	1	5 ppm	100 ppm	NT=Carbamidomethyl;AC=UNIMOD:4;TA=C;MT=Fixed	NT=Oxidation;AC=UNIMOD:35;TA=M;MT=Variable	NT=Label:13C(6)15N(4);AC=UNIMOD:267;TA=R;MT=Variable	NT=Label:13C(6)15N(2);AC=UNIMOD:259;TA=K;MT=Variable	NT=Phospho;AC=UNIMOD:21;TA=S,T,Y;MT=Variable	TiO2 digest batch	ftp://ftp.pride.ebi.ac.uk/pride/data/archive/2017/01/PXD003708/2014-Feb01-TiO2-PPC-E2-HLB1-1.raw	SW480
SW480_C_TiO2_E2	Homo sapiens	not applicable	3	colon adenocarcinoma	cell line	51Y	male	SW480	CVCL_0546	TiO2_E2	2014-Feb01-TiO2-PPC-E2-HLB2-1	proteomic profiling by mass spectrometry	1	2014-Feb01-TiO2-PPC-E2-HLB2-1.raw	v1.1.0	NT=ms-proteomics;VV=v1.1.0	NT=human;VV=v1.1.0	NT=cell-lines;VV=v1.1.0	manual curation	NT=Data-dependent acquisition;AC=PRIDE:0000627	NT=Q Exactive;AC=MS:1001911	NT=Trypsin;AC=MS:1001251	SILAC heavy	2	5 ppm	100 ppm	NT=Carbamidomethyl;AC=UNIMOD:4;TA=C;MT=Fixed	NT=Oxidation;AC=UNIMOD:35;TA=M;MT=Variable	NT=Label:13C(6)15N(4);AC=UNIMOD:267;TA=R;MT=Variable	NT=Label:13C(6)15N(2);AC=UNIMOD:259;TA=K;MT=Variable	NT=Phospho;AC=UNIMOD:21;TA=S,T,Y;MT=Variable	TiO2 digest batch	ftp://ftp.pride.ebi.ac.uk/pride/data/archive/2017/01/PXD003708/2014-Feb01-TiO2-PPC-E2-HLB2-1.raw	SW480
SW480_C_TiO2_E2	Homo sapiens	not applicable	3	colon adenocarcinoma	cell line	51Y	male	SW480	CVCL_0546	TiO2_E2	2014-Feb01-TiO2-PPC-E2-HLB3-1	proteomic profiling by mass spectrometry	1	2014-Feb01-TiO2-PPC-E2-HLB3-1.raw	v1.1.0	NT=ms-proteomics;VV=v1.1.0	NT=human;VV=v1.1.0	NT=cell-lines;VV=v1.1.0	manual curation	NT=Data-dependent acquisition;AC=PRIDE:0000627	NT=Q Exactive;AC=MS:1001911	NT=Trypsin;AC=MS:1001251	SILAC heavy	3	5 ppm	100 ppm	NT=Carbamidomethyl;AC=UNIMOD:4;TA=C;MT=Fixed	NT=Oxidation;AC=UNIMOD:35;TA=M;MT=Variable	NT=Label:13C(6)15N(4);AC=UNIMOD:267;TA=R;MT=Variable	NT=Label:13C(6)15N(2);AC=UNIMOD:259;TA=K;MT=Variable	NT=Phospho;AC=UNIMOD:21;TA=S,T,Y;MT=Variable	TiO2 digest batch	ftp://ftp.pride.ebi.ac.uk/pride/data/archive/2017/01/PXD003708/2014-Feb01-TiO2-PPC-E2-HLB3-1.raw	SW480
SW480_C_TiO2_E2	Homo sapiens	not applicable	3	colon adenocarcinoma	cell line	51Y	male	SW480	CVCL_0546	TiO2_E2	2014-Feb01-TiO2-PPC-E2-HLB4-1	proteomic profiling by mass spectrometry	1	2014-Feb01-TiO2-PPC-E2-HLB4-1.raw	v1.1.0	NT=ms-proteomics;VV=v1.1.0	NT=human;VV=v1.1.0	NT=cell-lines;VV=v1.1.0	manual curation	NT=Data-dependent acquisition;AC=PRIDE:0000627	NT=Q Exactive;AC=MS:1001911	NT=Trypsin;AC=MS:1001251	SILAC heavy	4	5 ppm	100 ppm	NT=Carbamidomethyl;AC=UNIMOD:4;TA=C;MT=Fixed	NT=Oxidation;AC=UNIMOD:35;TA=M;MT=Variable	NT=Label:13C(6)15N(4);AC=UNIMOD:267;TA=R;MT=Variable	NT=Label:13C(6)15N(2);AC=UNIMOD:259;TA=K;MT=Variable	NT=Phospho;AC=UNIMOD:21;TA=S,T,Y;MT=Variable	TiO2 digest batch	ftp://ftp.pride.ebi.ac.uk/pride/data/archive/2017/01/PXD003708/2014-Feb01-TiO2-PPC-E2-HLB4-1.raw	SW480
SW620_C_TiO2_E2	Homo sapiens	not applicable	3	colon adenocarcinoma	cell line	51Y	male	SW620	CVCL_0547	TiO2_E2	2014-Feb01-TiO2-PPC-E2-HLB1-1	proteomic profiling by mass spectrometry	1	2014-Feb01-TiO2-PPC-E2-HLB1-1.raw	v1.1.0	NT=ms-proteomics;VV=v1.1.0	NT=human;VV=v1.1.0	NT=cell-lines;VV=v1.1.0	manual curation	NT=Data-dependent acquisition;AC=PRIDE:0000627	NT=Q Exactive;AC=MS:1001911	NT=Trypsin;AC=MS:1001251	SILAC light	1	5 ppm	100 ppm	NT=Carbamidomethyl;AC=UNIMOD:4;TA=C;MT=Fixed	NT=Oxidation;AC=UNIMOD:35;TA=M;MT=Variable	NT=Label:13C(6)15N(4);AC=UNIMOD:267;TA=R;MT=Variable	NT=Label:13C(6)15N(2);AC=UNIMOD:259;TA=K;MT=Variable	NT=Phospho;AC=UNIMOD:21;TA=S,T,Y;MT=Variable	TiO2 digest batch	ftp://ftp.pride.ebi.ac.uk/pride/data/archive/2017/01/PXD003708/2014-Feb01-TiO2-PPC-E2-HLB1-1.raw	SW620
SW620_C_TiO2_E2	Homo sapiens	not applicable	3	colon adenocarcinoma	cell line	51Y	male	SW620	CVCL_0547	TiO2_E2	2014-Feb01-TiO2-PPC-E2-HLB2-1	proteomic profiling by mass spectrometry	1	2014-Feb01-TiO2-PPC-E2-HLB2-1.raw	v1.1.0	NT=ms-proteomics;VV=v1.1.0	NT=human;VV=v1.1.0	NT=cell-lines;VV=v1.1.0	manual curation	NT=Data-dependent acquisition;AC=PRIDE:0000627	NT=Q Exactive;AC=MS:1001911	NT=Trypsin;AC=MS:1001251	SILAC light	2	5 ppm	100 ppm	NT=Carbamidomethyl;AC=UNIMOD:4;TA=C;MT=Fixed	NT=Oxidation;AC=UNIMOD:35;TA=M;MT=Variable	NT=Label:13C(6)15N(4);AC=UNIMOD:267;TA=R;MT=Variable	NT=Label:13C(6)15N(2);AC=UNIMOD:259;TA=K;MT=Variable	NT=Phospho;AC=UNIMOD:21;TA=S,T,Y;MT=Variable	TiO2 digest batch	ftp://ftp.pride.ebi.ac.uk/pride/data/archive/2017/01/PXD003708/2014-Feb01-TiO2-PPC-E2-HLB2-1.raw	SW620
SW620_C_TiO2_E2	Homo sapiens	not applicable	3	colon adenocarcinoma	cell line	51Y	male	SW620	CVCL_0547	TiO2_E2	2014-Feb01-TiO2-PPC-E2-HLB3-1	proteomic profiling by mass spectrometry	1	2014-Feb01-TiO2-PPC-E2-HLB3-1.raw	v1.1.0	NT=ms-proteomics;VV=v1.1.0	NT=human;VV=v1.1.0	NT=cell-lines;VV=v1.1.0	manual curation	NT=Data-dependent acquisition;AC=PRIDE:0000627	NT=Q Exactive;AC=MS:1001911	NT=Trypsin;AC=MS:1001251	SILAC light	3	5 ppm	100 ppm	NT=Carbamidomethyl;AC=UNIMOD:4;TA=C;MT=Fixed	NT=Oxidation;AC=UNIMOD:35;TA=M;MT=Variable	NT=Label:13C(6)15N(4);AC=UNIMOD:267;TA=R;MT=Variable	NT=Label:13C(6)15N(2);AC=UNIMOD:259;TA=K;MT=Variable	NT=Phospho;AC=UNIMOD:21;TA=S,T,Y;MT=Variable	TiO2 digest batch	ftp://ftp.pride.ebi.ac.uk/pride/data/archive/2017/01/PXD003708/2014-Feb01-TiO2-PPC-E2-HLB3-1.raw	SW620
SW620_C_TiO2_E2	Homo sapiens	not applicable	3	colon adenocarcinoma	cell line	51Y	male	SW620	CVCL_0547	TiO2_E2	2014-Feb01-TiO2-PPC-E2-HLB4-1	proteomic profiling by mass spectrometry	1	2014-Feb01-TiO2-PPC-E2-HLB4-1.raw	v1.1.0	NT=ms-proteomics;VV=v1.1.0	NT=human;VV=v1.1.0	NT=cell-lines;VV=v1.1.0	manual curation	NT=Data-dependent acquisition;AC=PRIDE:0000627	NT=Q Exactive;AC=MS:1001911	NT=Trypsin;AC=MS:1001251	SILAC light	4	5 ppm	100 ppm	NT=Carbamidomethyl;AC=UNIMOD:4;TA=C;MT=Fixed	NT=Oxidation;AC=UNIMOD:35;TA=M;MT=Variable	NT=Label:13C(6)15N(4);AC=UNIMOD:267;TA=R;MT=Variable	NT=Label:13C(6)15N(2);AC=UNIMOD:259;TA=K;MT=Variable	NT=Phospho;AC=UNIMOD:21;TA=S,T,Y;MT=Variable	TiO2 digest batch	ftp://ftp.pride.ebi.ac.uk/pride/data/archive/2017/01/PXD003708/2014-Feb01-TiO2-PPC-E2-HLB4-1.raw	SW620
SW480_C_TiO2_E2	Homo sapiens	not applicable	3	colon adenocarcinoma	cell line	51Y	male	SW480	CVCL_0546	TiO2_E2	2014-Feb01-TiO2-PPC-E2-HLB1-2	proteomic profiling by mass spectrometry	2	2014-Feb01-TiO2-PPC-E2-HLB1-2.raw	v1.1.0	NT=ms-proteomics;VV=v1.1.0	NT=human;VV=v1.1.0	NT=cell-lines;VV=v1.1.0	manual curation	NT=Data-dependent acquisition;AC=PRIDE:0000627	NT=Q Exactive;AC=MS:1001911	NT=Trypsin;AC=MS:1001251	SILAC heavy	1	5 ppm	100 ppm	NT=Carbamidomethyl;AC=UNIMOD:4;TA=C;MT=Fixed	NT=Oxidation;AC=UNIMOD:35;TA=M;MT=Variable	NT=Label:13C(6)15N(4);AC=UNIMOD:267;TA=R;MT=Variable	NT=Label:13C(6)15N(2);AC=UNIMOD:259;TA=K;MT=Variable	NT=Phospho;AC=UNIMOD:21;TA=S,T,Y;MT=Variable	TiO2 digest batch	ftp://ftp.pride.ebi.ac.uk/pride/data/archive/2017/01/PXD003708/2014-Feb01-TiO2-PPC-E2-HLB1-2.raw	SW480
SW480_C_TiO2_E2	Homo sapiens	not applicable	3	colon adenocarcinoma	cell line	51Y	male	SW480	CVCL_0546	TiO2_E2	2014-Feb01-TiO2-PPC-E2-HLB2-2	proteomic profiling by mass spectrometry	2	2014-Feb01-TiO2-PPC-E2-HLB2-2.raw	v1.1.0	NT=ms-proteomics;VV=v1.1.0	NT=human;VV=v1.1.0	NT=cell-lines;VV=v1.1.0	manual curation	NT=Data-dependent acquisition;AC=PRIDE:0000627	NT=Q Exactive;AC=MS:1001911	NT=Trypsin;AC=MS:1001251	SILAC heavy	2	5 ppm	100 ppm	NT=Carbamidomethyl;AC=UNIMOD:4;TA=C;MT=Fixed	NT=Oxidation;AC=UNIMOD:35;TA=M;MT=Variable	NT=Label:13C(6)15N(4);AC=UNIMOD:267;TA=R;MT=Variable	NT=Label:13C(6)15N(2);AC=UNIMOD:259;TA=K;MT=Variable	NT=Phospho;AC=UNIMOD:21;TA=S,T,Y;MT=Variable	TiO2 digest batch	ftp://ftp.pride.ebi.ac.uk/pride/data/archive/2017/01/PXD003708/2014-Feb01-TiO2-PPC-E2-HLB2-2.raw	SW480
SW480_C_TiO2_E2	Homo sapiens	not applicable	3	colon adenocarcinoma	cell line	51Y	male	SW480	CVCL_0546	TiO2_E2	2014-Feb01-TiO2-PPC-E2-HLB3-2	proteomic profiling by mass spectrometry	2	2014-Feb01-TiO2-PPC-E2-HLB3-2.raw	v1.1.0	NT=ms-proteomics;VV=v1.1.0	NT=human;VV=v1.1.0	NT=cell-lines;VV=v1.1.0	manual curation	NT=Data-dependent acquisition;AC=PRIDE:0000627	NT=Q Exactive;AC=MS:1001911	NT=Trypsin;AC=MS:1001251	SILAC heavy	3	5 ppm	100 ppm	NT=Carbamidomethyl;AC=UNIMOD:4;TA=C;MT=Fixed	NT=Oxidation;AC=UNIMOD:35;TA=M;MT=Variable	NT=Label:13C(6)15N(4);AC=UNIMOD:267;TA=R;MT=Variable	NT=Label:13C(6)15N(2);AC=UNIMOD:259;TA=K;MT=Variable	NT=Phospho;AC=UNIMOD:21;TA=S,T,Y;MT=Variable	TiO2 digest batch	ftp://ftp.pride.ebi.ac.uk/pride/data/archive/2017/01/PXD003708/2014-Feb01-TiO2-PPC-E2-HLB3-2.raw	SW480
SW480_C_TiO2_E2	Homo sapiens	not applicable	3	colon adenocarcinoma	cell line	51Y	male	SW480	CVCL_0546	TiO2_E2	2014-Feb01-TiO2-PPC-E2-HLB4-2	proteomic profiling by mass spectrometry	2	2014-Feb01-TiO2-PPC-E2-HLB4-2.raw	v1.1.0	NT=ms-proteomics;VV=v1.1.0	NT=human;VV=v1.1.0	NT=cell-lines;VV=v1.1.0	manual curation	NT=Data-dependent acquisition;AC=PRIDE:0000627	NT=Q Exactive;AC=MS:1001911	NT=Trypsin;AC=MS:1001251	SILAC heavy	4	5 ppm	100 ppm	NT=Carbamidomethyl;AC=UNIMOD:4;TA=C;MT=Fixed	NT=Oxidation;AC=UNIMOD:35;TA=M;MT=Variable	NT=Label:13C(6)15N(4);AC=UNIMOD:267;TA=R;MT=Variable	NT=Label:13C(6)15N(2);AC=UNIMOD:259;TA=K;MT=Variable	NT=Phospho;AC=UNIMOD:21;TA=S,T,Y;MT=Variable	TiO2 digest batch	ftp://ftp.pride.ebi.ac.uk/pride/data/archive/2017/01/PXD003708/2014-Feb01-TiO2-PPC-E2-HLB4-2.raw	SW480
SW620_C_TiO2_E2	Homo sapiens	not applicable	3	colon adenocarcinoma	cell line	51Y	male	SW620	CVCL_0547	TiO2_E2	2014-Feb01-TiO2-PPC-E2-HLB1-2	proteomic profiling by mass spectrometry	2	2014-Feb01-TiO2-PPC-E2-HLB1-2.raw	v1.1.0	NT=ms-proteomics;VV=v1.1.0	NT=human;VV=v1.1.0	NT=cell-lines;VV=v1.1.0	manual curation	NT=Data-dependent acquisition;AC=PRIDE:0000627	NT=Q Exactive;AC=MS:1001911	NT=Trypsin;AC=MS:1001251	SILAC light	1	5 ppm	100 ppm	NT=Carbamidomethyl;AC=UNIMOD:4;TA=C;MT=Fixed	NT=Oxidation;AC=UNIMOD:35;TA=M;MT=Variable	NT=Label:13C(6)15N(4);AC=UNIMOD:267;TA=R;MT=Variable	NT=Label:13C(6)15N(2);AC=UNIMOD:259;TA=K;MT=Variable	NT=Phospho;AC=UNIMOD:21;TA=S,T,Y;MT=Variable	TiO2 digest batch	ftp://ftp.pride.ebi.ac.uk/pride/data/archive/2017/01/PXD003708/2014-Feb01-TiO2-PPC-E2-HLB1-2.raw	SW620
SW620_C_TiO2_E2	Homo sapiens	not applicable	3	colon adenocarcinoma	cell line	51Y	male	SW620	CVCL_0547	TiO2_E2	2014-Feb01-TiO2-PPC-E2-HLB2-2	proteomic profiling by mass spectrometry	2	2014-Feb01-TiO2-PPC-E2-HLB2-2.raw	v1.1.0	NT=ms-proteomics;VV=v1.1.0	NT=human;VV=v1.1.0	NT=cell-lines;VV=v1.1.0	manual curation	NT=Data-dependent acquisition;AC=PRIDE:0000627	NT=Q Exactive;AC=MS:1001911	NT=Trypsin;AC=MS:1001251	SILAC light	2	5 ppm	100 ppm	NT=Carbamidomethyl;AC=UNIMOD:4;TA=C;MT=Fixed	NT=Oxidation;AC=UNIMOD:35;TA=M;MT=Variable	NT=Label:13C(6)15N(4);AC=UNIMOD:267;TA=R;MT=Variable	NT=Label:13C(6)15N(2);AC=UNIMOD:259;TA=K;MT=Variable	NT=Phospho;AC=UNIMOD:21;TA=S,T,Y;MT=Variable	TiO2 digest batch	ftp://ftp.pride.ebi.ac.uk/pride/data/archive/2017/01/PXD003708/2014-Feb01-TiO2-PPC-E2-HLB2-2.raw	SW620
SW620_C_TiO2_E2	Homo sapiens	not applicable	3	colon adenocarcinoma	cell line	51Y	male	SW620	CVCL_0547	TiO2_E2	2014-Feb01-TiO2-PPC-E2-HLB3-2	proteomic profiling by mass spectrometry	2	2014-Feb01-TiO2-PPC-E2-HLB3-2.raw	v1.1.0	NT=ms-proteomics;VV=v1.1.0	NT=human;VV=v1.1.0	NT=cell-lines;VV=v1.1.0	manual curation	NT=Data-dependent acquisition;AC=PRIDE:0000627	NT=Q Exactive;AC=MS:1001911	NT=Trypsin;AC=MS:1001251	SILAC light	3	5 ppm	100 ppm	NT=Carbamidomethyl;AC=UNIMOD:4;TA=C;MT=Fixed	NT=Oxidation;AC=UNIMOD:35;TA=M;MT=Variable	NT=Label:13C(6)15N(4);AC=UNIMOD:267;TA=R;MT=Variable	NT=Label:13C(6)15N(2);AC=UNIMOD:259;TA=K;MT=Variable	NT=Phospho;AC=UNIMOD:21;TA=S,T,Y;MT=Variable	TiO2 digest batch	ftp://ftp.pride.ebi.ac.uk/pride/data/archive/2017/01/PXD003708/2014-Feb01-TiO2-PPC-E2-HLB3-2.raw	SW620
SW620_C_TiO2_E2	Homo sapiens	not applicable	3	colon adenocarcinoma	cell line	51Y	male	SW620	CVCL_0547	TiO2_E2	2014-Feb01-TiO2-PPC-E2-HLB4-2	proteomic profiling by mass spectrometry	2	2014-Feb01-TiO2-PPC-E2-HLB4-2.raw	v1.1.0	NT=ms-proteomics;VV=v1.1.0	NT=human;VV=v1.1.0	NT=cell-lines;VV=v1.1.0	manual curation	NT=Data-dependent acquisition;AC=PRIDE:0000627	NT=Q Exactive;AC=MS:1001911	NT=Trypsin;AC=MS:1001251	SILAC light	4	5 ppm	100 ppm	NT=Carbamidomethyl;AC=UNIMOD:4;TA=C;MT=Fixed	NT=Oxidation;AC=UNIMOD:35;TA=M;MT=Variable	NT=Label:13C(6)15N(4);AC=UNIMOD:267;TA=R;MT=Variable	NT=Label:13C(6)15N(2);AC=UNIMOD:259;TA=K;MT=Variable	NT=Phospho;AC=UNIMOD:21;TA=S,T,Y;MT=Variable	TiO2 digest batch	ftp://ftp.pride.ebi.ac.uk/pride/data/archive/2017/01/PXD003708/2014-Feb01-TiO2-PPC-E2-HLB4-2.raw	SW620
SW480_C_TiO2_nonenriched	Homo sapiens	not applicable	3	colon adenocarcinoma	cell line	51Y	male	SW480	CVCL_0546	TiO2_nonenriched	2014-Feb01-TiO2_nonenriched_C-1	proteomic profiling by mass spectrometry	1	2014-Feb01-TiO2_nonenriched_C-1.raw	v1.1.0	NT=ms-proteomics;VV=v1.1.0	NT=human;VV=v1.1.0	NT=cell-lines;VV=v1.1.0	manual curation	NT=Data-dependent acquisition;AC=PRIDE:0000627	NT=Q Exactive;AC=MS:1001911	NT=Trypsin;AC=MS:1001251	SILAC heavy	1	5 ppm	100 ppm	NT=Carbamidomethyl;AC=UNIMOD:4;TA=C;MT=Fixed	NT=Oxidation;AC=UNIMOD:35;TA=M;MT=Variable	NT=Label:13C(6)15N(4);AC=UNIMOD:267;TA=R;MT=Variable	NT=Label:13C(6)15N(2);AC=UNIMOD:259;TA=K;MT=Variable	not applicable	TiO2 digest batch	ftp://ftp.pride.ebi.ac.uk/pride/data/archive/2017/01/PXD003708/2014-Feb01-TiO2_nonenriched_C-1.raw	SW480
SW620_C_TiO2_nonenriched	Homo sapiens	not applicable	3	colon adenocarcinoma	cell line	51Y	male	SW620	CVCL_0547	TiO2_nonenriched	2014-Feb01-TiO2_nonenriched_C-1	proteomic profiling by mass spectrometry	1	2014-Feb01-TiO2_nonenriched_C-1.raw	v1.1.0	NT=ms-proteomics;VV=v1.1.0	NT=human;VV=v1.1.0	NT=cell-lines;VV=v1.1.0	manual curation	NT=Data-dependent acquisition;AC=PRIDE:0000627	NT=Q Exactive;AC=MS:1001911	NT=Trypsin;AC=MS:1001251	SILAC light	1	5 ppm	100 ppm	NT=Carbamidomethyl;AC=UNIMOD:4;TA=C;MT=Fixed	NT=Oxidation;AC=UNIMOD:35;TA=M;MT=Variable	NT=Label:13C(6)15N(4);AC=UNIMOD:267;TA=R;MT=Variable	NT=Label:13C(6)15N(2);AC=UNIMOD:259;TA=K;MT=Variable	not applicable	TiO2 digest batch	ftp://ftp.pride.ebi.ac.uk/pride/data/archive/2017/01/PXD003708/2014-Feb01-TiO2_nonenriched_C-1.raw	SW620
SW480_C_TiO2_nonenriched	Homo sapiens	not applicable	3	colon adenocarcinoma	cell line	51Y	male	SW480	CVCL_0546	TiO2_nonenriched	2014-Feb01-TiO2_nonenriched_C-2	proteomic profiling by mass spectrometry	2	2014-Feb01-TiO2_nonenriched_C-2.raw	v1.1.0	NT=ms-proteomics;VV=v1.1.0	NT=human;VV=v1.1.0	NT=cell-lines;VV=v1.1.0	manual curation	NT=Data-dependent acquisition;AC=PRIDE:0000627	NT=Q Exactive;AC=MS:1001911	NT=Trypsin;AC=MS:1001251	SILAC heavy	1	5 ppm	100 ppm	NT=Carbamidomethyl;AC=UNIMOD:4;TA=C;MT=Fixed	NT=Oxidation;AC=UNIMOD:35;TA=M;MT=Variable	NT=Label:13C(6)15N(4);AC=UNIMOD:267;TA=R;MT=Variable	NT=Label:13C(6)15N(2);AC=UNIMOD:259;TA=K;MT=Variable	not applicable	TiO2 digest batch	ftp://ftp.pride.ebi.ac.uk/pride/data/archive/2017/01/PXD003708/2014-Feb01-TiO2_nonenriched_C-2.raw	SW480
SW620_C_TiO2_nonenriched	Homo sapiens	not applicable	3	colon adenocarcinoma	cell line	51Y	male	SW620	CVCL_0547	TiO2_nonenriched	2014-Feb01-TiO2_nonenriched_C-2	proteomic profiling by mass spectrometry	2	2014-Feb01-TiO2_nonenriched_C-2.raw	v1.1.0	NT=ms-proteomics;VV=v1.1.0	NT=human;VV=v1.1.0	NT=cell-lines;VV=v1.1.0	manual curation	NT=Data-dependent acquisition;AC=PRIDE:0000627	NT=Q Exactive;AC=MS:1001911	NT=Trypsin;AC=MS:1001251	SILAC light	1	5 ppm	100 ppm	NT=Carbamidomethyl;AC=UNIMOD:4;TA=C;MT=Fixed	NT=Oxidation;AC=UNIMOD:35;TA=M;MT=Variable	NT=Label:13C(6)15N(4);AC=UNIMOD:267;TA=R;MT=Variable	NT=Label:13C(6)15N(2);AC=UNIMOD:259;TA=K;MT=Variable	not applicable	TiO2 digest batch	ftp://ftp.pride.ebi.ac.uk/pride/data/archive/2017/01/PXD003708/2014-Feb01-TiO2_nonenriched_C-2.raw	SW620
