source name	characteristics[organism]	characteristics[organism part]	characteristics[cell type]	characteristics[disease]	characteristics[material type]	characteristics[sample type]	characteristics[sex]	characteristics[age]	characteristics[developmental stage]	characteristics[individual]	characteristics[biological replicate]	characteristics[pooled sample]	characteristics[cell identifier]	characteristics[cells per well]	characteristics[single cell isolation protocol]	characteristics[genotype]	characteristics[sample composition]	assay name	technology type	comment[data file]	comment[file uri]	comment[label]	comment[technical replicate]	comment[fraction identifier]	comment[instrument]	comment[proteomics data acquisition method]	comment[cleavage agent details]	comment[carrier channel]	comment[reference channel]	comment[sample preparation batch]	comment[dissociation method]	comment[dissociation method]	comment[collision energy]	comment[ms1 scan range]	comment[precursor mass tolerance]	comment[fragment mass tolerance]	comment[facs nozzle size]	comment[modification parameters]	comment[modification parameters]	comment[modification parameters]	comment[modification parameters]	comment[sdrf version]	comment[sdrf template]	comment[sdrf template]	comment[sdrf template]
PXD064518_TMT1_TMT126	Mus musculus	heart	cardiac muscle cell	not available	cell	single cell	male	not available	adult	not available	not available	not pooled	PXD064518_TMT1_TMT126	1	manual picking	not available	one cardiomyocyte; channel-to-genotype assignment unavailable	20221018_Ec_02_SC_CNIC-KI_TMT1	proteomic profiling by mass spectrometry	20221018_Ec_02_SC_CNIC-KI_TMT1.raw	ftp://ftp.pride.ebi.ac.uk/pride/data/archive/2026/04/PXD064518/20221018_Ec_02_SC_CNIC-KI_TMT1.raw	TMT126	1	1	NT=Orbitrap Eclipse;AC=MS:1003029	NT=Data-dependent acquisition;AC=PRIDE:0000627	NT=Trypsin;AC=MS:1001251	TMT131	not applicable	TMT1	NT=collision-induced dissociation;AC=MS:1000133	NT=beam-type collision-induced dissociation;AC=MS:1000422	not available	375m/z-1500m/z	not available	not available	not applicable	NT=TMT6plex;AC=UNIMOD:737;MT=fixed;PP=Any N-term	NT=TMT6plex;AC=UNIMOD:737;MT=fixed;TA=K;PP=Anywhere	NT=Oxidation;AC=UNIMOD:35;MT=variable;TA=M;PP=Anywhere	NT=Acetyl;AC=UNIMOD:1;MT=variable;PP=Protein N-term	v3.0.0	ms-proteomics v1.1.0	vertebrates v1.1.0	single-cell v1.0.0
PXD064518_TMT1_TMT127N	Mus musculus	heart	cardiac muscle cell	not available	cell	single cell	male	not available	adult	not available	not available	not pooled	PXD064518_TMT1_TMT127N	1	manual picking	not available	one cardiomyocyte; channel-to-genotype assignment unavailable	20221018_Ec_02_SC_CNIC-KI_TMT1	proteomic profiling by mass spectrometry	20221018_Ec_02_SC_CNIC-KI_TMT1.raw	ftp://ftp.pride.ebi.ac.uk/pride/data/archive/2026/04/PXD064518/20221018_Ec_02_SC_CNIC-KI_TMT1.raw	TMT127N	1	1	NT=Orbitrap Eclipse;AC=MS:1003029	NT=Data-dependent acquisition;AC=PRIDE:0000627	NT=Trypsin;AC=MS:1001251	TMT131	not applicable	TMT1	NT=collision-induced dissociation;AC=MS:1000133	NT=beam-type collision-induced dissociation;AC=MS:1000422	not available	375m/z-1500m/z	not available	not available	not applicable	NT=TMT6plex;AC=UNIMOD:737;MT=fixed;PP=Any N-term	NT=TMT6plex;AC=UNIMOD:737;MT=fixed;TA=K;PP=Anywhere	NT=Oxidation;AC=UNIMOD:35;MT=variable;TA=M;PP=Anywhere	NT=Acetyl;AC=UNIMOD:1;MT=variable;PP=Protein N-term	v3.0.0	ms-proteomics v1.1.0	vertebrates v1.1.0	single-cell v1.0.0
PXD064518_TMT1_TMT127C	Mus musculus	heart	cardiac muscle cell	not available	cell	single cell	male	not available	adult	not available	not available	not pooled	PXD064518_TMT1_TMT127C	1	manual picking	not available	one cardiomyocyte; channel-to-genotype assignment unavailable	20221018_Ec_02_SC_CNIC-KI_TMT1	proteomic profiling by mass spectrometry	20221018_Ec_02_SC_CNIC-KI_TMT1.raw	ftp://ftp.pride.ebi.ac.uk/pride/data/archive/2026/04/PXD064518/20221018_Ec_02_SC_CNIC-KI_TMT1.raw	TMT127C	1	1	NT=Orbitrap Eclipse;AC=MS:1003029	NT=Data-dependent acquisition;AC=PRIDE:0000627	NT=Trypsin;AC=MS:1001251	TMT131	not applicable	TMT1	NT=collision-induced dissociation;AC=MS:1000133	NT=beam-type collision-induced dissociation;AC=MS:1000422	not available	375m/z-1500m/z	not available	not available	not applicable	NT=TMT6plex;AC=UNIMOD:737;MT=fixed;PP=Any N-term	NT=TMT6plex;AC=UNIMOD:737;MT=fixed;TA=K;PP=Anywhere	NT=Oxidation;AC=UNIMOD:35;MT=variable;TA=M;PP=Anywhere	NT=Acetyl;AC=UNIMOD:1;MT=variable;PP=Protein N-term	v3.0.0	ms-proteomics v1.1.0	vertebrates v1.1.0	single-cell v1.0.0
PXD064518_TMT1_TMT128N	Mus musculus	heart	cardiac muscle cell	not available	cell	single cell	male	not available	adult	not available	not available	not pooled	PXD064518_TMT1_TMT128N	1	manual picking	not available	one cardiomyocyte; channel-to-genotype assignment unavailable	20221018_Ec_02_SC_CNIC-KI_TMT1	proteomic profiling by mass spectrometry	20221018_Ec_02_SC_CNIC-KI_TMT1.raw	ftp://ftp.pride.ebi.ac.uk/pride/data/archive/2026/04/PXD064518/20221018_Ec_02_SC_CNIC-KI_TMT1.raw	TMT128N	1	1	NT=Orbitrap Eclipse;AC=MS:1003029	NT=Data-dependent acquisition;AC=PRIDE:0000627	NT=Trypsin;AC=MS:1001251	TMT131	not applicable	TMT1	NT=collision-induced dissociation;AC=MS:1000133	NT=beam-type collision-induced dissociation;AC=MS:1000422	not available	375m/z-1500m/z	not available	not available	not applicable	NT=TMT6plex;AC=UNIMOD:737;MT=fixed;PP=Any N-term	NT=TMT6plex;AC=UNIMOD:737;MT=fixed;TA=K;PP=Anywhere	NT=Oxidation;AC=UNIMOD:35;MT=variable;TA=M;PP=Anywhere	NT=Acetyl;AC=UNIMOD:1;MT=variable;PP=Protein N-term	v3.0.0	ms-proteomics v1.1.0	vertebrates v1.1.0	single-cell v1.0.0
PXD064518_TMT1_TMT128C	Mus musculus	heart	cardiac muscle cell	not available	cell	single cell	male	not available	adult	not available	not available	not pooled	PXD064518_TMT1_TMT128C	1	manual picking	not available	one cardiomyocyte; channel-to-genotype assignment unavailable	20221018_Ec_02_SC_CNIC-KI_TMT1	proteomic profiling by mass spectrometry	20221018_Ec_02_SC_CNIC-KI_TMT1.raw	ftp://ftp.pride.ebi.ac.uk/pride/data/archive/2026/04/PXD064518/20221018_Ec_02_SC_CNIC-KI_TMT1.raw	TMT128C	1	1	NT=Orbitrap Eclipse;AC=MS:1003029	NT=Data-dependent acquisition;AC=PRIDE:0000627	NT=Trypsin;AC=MS:1001251	TMT131	not applicable	TMT1	NT=collision-induced dissociation;AC=MS:1000133	NT=beam-type collision-induced dissociation;AC=MS:1000422	not available	375m/z-1500m/z	not available	not available	not applicable	NT=TMT6plex;AC=UNIMOD:737;MT=fixed;PP=Any N-term	NT=TMT6plex;AC=UNIMOD:737;MT=fixed;TA=K;PP=Anywhere	NT=Oxidation;AC=UNIMOD:35;MT=variable;TA=M;PP=Anywhere	NT=Acetyl;AC=UNIMOD:1;MT=variable;PP=Protein N-term	v3.0.0	ms-proteomics v1.1.0	vertebrates v1.1.0	single-cell v1.0.0
PXD064518_TMT1_TMT129N	Mus musculus	heart	cardiac muscle cell	not available	cell	single cell	male	not available	adult	not available	not available	not pooled	PXD064518_TMT1_TMT129N	1	manual picking	not available	one cardiomyocyte; channel-to-genotype assignment unavailable	20221018_Ec_02_SC_CNIC-KI_TMT1	proteomic profiling by mass spectrometry	20221018_Ec_02_SC_CNIC-KI_TMT1.raw	ftp://ftp.pride.ebi.ac.uk/pride/data/archive/2026/04/PXD064518/20221018_Ec_02_SC_CNIC-KI_TMT1.raw	TMT129N	1	1	NT=Orbitrap Eclipse;AC=MS:1003029	NT=Data-dependent acquisition;AC=PRIDE:0000627	NT=Trypsin;AC=MS:1001251	TMT131	not applicable	TMT1	NT=collision-induced dissociation;AC=MS:1000133	NT=beam-type collision-induced dissociation;AC=MS:1000422	not available	375m/z-1500m/z	not available	not available	not applicable	NT=TMT6plex;AC=UNIMOD:737;MT=fixed;PP=Any N-term	NT=TMT6plex;AC=UNIMOD:737;MT=fixed;TA=K;PP=Anywhere	NT=Oxidation;AC=UNIMOD:35;MT=variable;TA=M;PP=Anywhere	NT=Acetyl;AC=UNIMOD:1;MT=variable;PP=Protein N-term	v3.0.0	ms-proteomics v1.1.0	vertebrates v1.1.0	single-cell v1.0.0
PXD064518_TMT1_TMT129C	Mus musculus	heart	cardiac muscle cell	not available	cell	single cell	male	not available	adult	not available	not available	not pooled	PXD064518_TMT1_TMT129C	1	manual picking	not available	one cardiomyocyte; channel-to-genotype assignment unavailable	20221018_Ec_02_SC_CNIC-KI_TMT1	proteomic profiling by mass spectrometry	20221018_Ec_02_SC_CNIC-KI_TMT1.raw	ftp://ftp.pride.ebi.ac.uk/pride/data/archive/2026/04/PXD064518/20221018_Ec_02_SC_CNIC-KI_TMT1.raw	TMT129C	1	1	NT=Orbitrap Eclipse;AC=MS:1003029	NT=Data-dependent acquisition;AC=PRIDE:0000627	NT=Trypsin;AC=MS:1001251	TMT131	not applicable	TMT1	NT=collision-induced dissociation;AC=MS:1000133	NT=beam-type collision-induced dissociation;AC=MS:1000422	not available	375m/z-1500m/z	not available	not available	not applicable	NT=TMT6plex;AC=UNIMOD:737;MT=fixed;PP=Any N-term	NT=TMT6plex;AC=UNIMOD:737;MT=fixed;TA=K;PP=Anywhere	NT=Oxidation;AC=UNIMOD:35;MT=variable;TA=M;PP=Anywhere	NT=Acetyl;AC=UNIMOD:1;MT=variable;PP=Protein N-term	v3.0.0	ms-proteomics v1.1.0	vertebrates v1.1.0	single-cell v1.0.0
PXD064518_TMT1_TMT130C	Mus musculus	heart	cardiac muscle cell	not available	cell	single cell	male	not available	adult	not available	not available	not pooled	PXD064518_TMT1_TMT130C	1	manual picking	not available	one cardiomyocyte; channel-to-genotype assignment unavailable	20221018_Ec_02_SC_CNIC-KI_TMT1	proteomic profiling by mass spectrometry	20221018_Ec_02_SC_CNIC-KI_TMT1.raw	ftp://ftp.pride.ebi.ac.uk/pride/data/archive/2026/04/PXD064518/20221018_Ec_02_SC_CNIC-KI_TMT1.raw	TMT130C	1	1	NT=Orbitrap Eclipse;AC=MS:1003029	NT=Data-dependent acquisition;AC=PRIDE:0000627	NT=Trypsin;AC=MS:1001251	TMT131	not applicable	TMT1	NT=collision-induced dissociation;AC=MS:1000133	NT=beam-type collision-induced dissociation;AC=MS:1000422	not available	375m/z-1500m/z	not available	not available	not applicable	NT=TMT6plex;AC=UNIMOD:737;MT=fixed;PP=Any N-term	NT=TMT6plex;AC=UNIMOD:737;MT=fixed;TA=K;PP=Anywhere	NT=Oxidation;AC=UNIMOD:35;MT=variable;TA=M;PP=Anywhere	NT=Acetyl;AC=UNIMOD:1;MT=variable;PP=Protein N-term	v3.0.0	ms-proteomics v1.1.0	vertebrates v1.1.0	single-cell v1.0.0
PXD064518_TMT1_TMT131	Mus musculus	heart	cardiac muscle cell	not available	cell	carrier	male	not available	adult	not available	pooled	pooled	not applicable	200	not available	mixed control and Myc-overexpressing cardiomyocytes	100 control plus 100 Myc-overexpressing cardiomyocytes	20221018_Ec_02_SC_CNIC-KI_TMT1	proteomic profiling by mass spectrometry	20221018_Ec_02_SC_CNIC-KI_TMT1.raw	ftp://ftp.pride.ebi.ac.uk/pride/data/archive/2026/04/PXD064518/20221018_Ec_02_SC_CNIC-KI_TMT1.raw	TMT131	1	1	NT=Orbitrap Eclipse;AC=MS:1003029	NT=Data-dependent acquisition;AC=PRIDE:0000627	NT=Trypsin;AC=MS:1001251	TMT131	not applicable	TMT1	NT=collision-induced dissociation;AC=MS:1000133	NT=beam-type collision-induced dissociation;AC=MS:1000422	not available	375m/z-1500m/z	not available	not available	not applicable	NT=TMT6plex;AC=UNIMOD:737;MT=fixed;PP=Any N-term	NT=TMT6plex;AC=UNIMOD:737;MT=fixed;TA=K;PP=Anywhere	NT=Oxidation;AC=UNIMOD:35;MT=variable;TA=M;PP=Anywhere	NT=Acetyl;AC=UNIMOD:1;MT=variable;PP=Protein N-term	v3.0.0	ms-proteomics v1.1.0	vertebrates v1.1.0	single-cell v1.0.0
PXD064518_TMT12_TMT126	Mus musculus	heart	cardiac muscle cell	not available	cell	single cell	male	not available	adult	not available	not available	not pooled	PXD064518_TMT12_TMT126	1	manual picking	not available	one cardiomyocyte; channel-to-genotype assignment unavailable	20221019_Ec_01_SC_CNIC-KI_TMT12	proteomic profiling by mass spectrometry	20221019_Ec_01_SC_CNIC-KI_TMT12.raw	ftp://ftp.pride.ebi.ac.uk/pride/data/archive/2026/04/PXD064518/20221019_Ec_01_SC_CNIC-KI_TMT12.raw	TMT126	1	1	NT=Orbitrap Eclipse;AC=MS:1003029	NT=Data-dependent acquisition;AC=PRIDE:0000627	NT=Trypsin;AC=MS:1001251	TMT131	not applicable	TMT12	NT=collision-induced dissociation;AC=MS:1000133	NT=beam-type collision-induced dissociation;AC=MS:1000422	not available	375m/z-1500m/z	not available	not available	not applicable	NT=TMT6plex;AC=UNIMOD:737;MT=fixed;PP=Any N-term	NT=TMT6plex;AC=UNIMOD:737;MT=fixed;TA=K;PP=Anywhere	NT=Oxidation;AC=UNIMOD:35;MT=variable;TA=M;PP=Anywhere	NT=Acetyl;AC=UNIMOD:1;MT=variable;PP=Protein N-term	v3.0.0	ms-proteomics v1.1.0	vertebrates v1.1.0	single-cell v1.0.0
PXD064518_TMT12_TMT127N	Mus musculus	heart	cardiac muscle cell	not available	cell	single cell	male	not available	adult	not available	not available	not pooled	PXD064518_TMT12_TMT127N	1	manual picking	not available	one cardiomyocyte; channel-to-genotype assignment unavailable	20221019_Ec_01_SC_CNIC-KI_TMT12	proteomic profiling by mass spectrometry	20221019_Ec_01_SC_CNIC-KI_TMT12.raw	ftp://ftp.pride.ebi.ac.uk/pride/data/archive/2026/04/PXD064518/20221019_Ec_01_SC_CNIC-KI_TMT12.raw	TMT127N	1	1	NT=Orbitrap Eclipse;AC=MS:1003029	NT=Data-dependent acquisition;AC=PRIDE:0000627	NT=Trypsin;AC=MS:1001251	TMT131	not applicable	TMT12	NT=collision-induced dissociation;AC=MS:1000133	NT=beam-type collision-induced dissociation;AC=MS:1000422	not available	375m/z-1500m/z	not available	not available	not applicable	NT=TMT6plex;AC=UNIMOD:737;MT=fixed;PP=Any N-term	NT=TMT6plex;AC=UNIMOD:737;MT=fixed;TA=K;PP=Anywhere	NT=Oxidation;AC=UNIMOD:35;MT=variable;TA=M;PP=Anywhere	NT=Acetyl;AC=UNIMOD:1;MT=variable;PP=Protein N-term	v3.0.0	ms-proteomics v1.1.0	vertebrates v1.1.0	single-cell v1.0.0
PXD064518_TMT12_TMT127C	Mus musculus	heart	cardiac muscle cell	not available	cell	single cell	male	not available	adult	not available	not available	not pooled	PXD064518_TMT12_TMT127C	1	manual picking	not available	one cardiomyocyte; channel-to-genotype assignment unavailable	20221019_Ec_01_SC_CNIC-KI_TMT12	proteomic profiling by mass spectrometry	20221019_Ec_01_SC_CNIC-KI_TMT12.raw	ftp://ftp.pride.ebi.ac.uk/pride/data/archive/2026/04/PXD064518/20221019_Ec_01_SC_CNIC-KI_TMT12.raw	TMT127C	1	1	NT=Orbitrap Eclipse;AC=MS:1003029	NT=Data-dependent acquisition;AC=PRIDE:0000627	NT=Trypsin;AC=MS:1001251	TMT131	not applicable	TMT12	NT=collision-induced dissociation;AC=MS:1000133	NT=beam-type collision-induced dissociation;AC=MS:1000422	not available	375m/z-1500m/z	not available	not available	not applicable	NT=TMT6plex;AC=UNIMOD:737;MT=fixed;PP=Any N-term	NT=TMT6plex;AC=UNIMOD:737;MT=fixed;TA=K;PP=Anywhere	NT=Oxidation;AC=UNIMOD:35;MT=variable;TA=M;PP=Anywhere	NT=Acetyl;AC=UNIMOD:1;MT=variable;PP=Protein N-term	v3.0.0	ms-proteomics v1.1.0	vertebrates v1.1.0	single-cell v1.0.0
PXD064518_TMT12_TMT128N	Mus musculus	heart	cardiac muscle cell	not available	cell	single cell	male	not available	adult	not available	not available	not pooled	PXD064518_TMT12_TMT128N	1	manual picking	not available	one cardiomyocyte; channel-to-genotype assignment unavailable	20221019_Ec_01_SC_CNIC-KI_TMT12	proteomic profiling by mass spectrometry	20221019_Ec_01_SC_CNIC-KI_TMT12.raw	ftp://ftp.pride.ebi.ac.uk/pride/data/archive/2026/04/PXD064518/20221019_Ec_01_SC_CNIC-KI_TMT12.raw	TMT128N	1	1	NT=Orbitrap Eclipse;AC=MS:1003029	NT=Data-dependent acquisition;AC=PRIDE:0000627	NT=Trypsin;AC=MS:1001251	TMT131	not applicable	TMT12	NT=collision-induced dissociation;AC=MS:1000133	NT=beam-type collision-induced dissociation;AC=MS:1000422	not available	375m/z-1500m/z	not available	not available	not applicable	NT=TMT6plex;AC=UNIMOD:737;MT=fixed;PP=Any N-term	NT=TMT6plex;AC=UNIMOD:737;MT=fixed;TA=K;PP=Anywhere	NT=Oxidation;AC=UNIMOD:35;MT=variable;TA=M;PP=Anywhere	NT=Acetyl;AC=UNIMOD:1;MT=variable;PP=Protein N-term	v3.0.0	ms-proteomics v1.1.0	vertebrates v1.1.0	single-cell v1.0.0
PXD064518_TMT12_TMT128C	Mus musculus	heart	cardiac muscle cell	not available	cell	single cell	male	not available	adult	not available	not available	not pooled	PXD064518_TMT12_TMT128C	1	manual picking	not available	one cardiomyocyte; channel-to-genotype assignment unavailable	20221019_Ec_01_SC_CNIC-KI_TMT12	proteomic profiling by mass spectrometry	20221019_Ec_01_SC_CNIC-KI_TMT12.raw	ftp://ftp.pride.ebi.ac.uk/pride/data/archive/2026/04/PXD064518/20221019_Ec_01_SC_CNIC-KI_TMT12.raw	TMT128C	1	1	NT=Orbitrap Eclipse;AC=MS:1003029	NT=Data-dependent acquisition;AC=PRIDE:0000627	NT=Trypsin;AC=MS:1001251	TMT131	not applicable	TMT12	NT=collision-induced dissociation;AC=MS:1000133	NT=beam-type collision-induced dissociation;AC=MS:1000422	not available	375m/z-1500m/z	not available	not available	not applicable	NT=TMT6plex;AC=UNIMOD:737;MT=fixed;PP=Any N-term	NT=TMT6plex;AC=UNIMOD:737;MT=fixed;TA=K;PP=Anywhere	NT=Oxidation;AC=UNIMOD:35;MT=variable;TA=M;PP=Anywhere	NT=Acetyl;AC=UNIMOD:1;MT=variable;PP=Protein N-term	v3.0.0	ms-proteomics v1.1.0	vertebrates v1.1.0	single-cell v1.0.0
PXD064518_TMT12_TMT129N	Mus musculus	heart	cardiac muscle cell	not available	cell	single cell	male	not available	adult	not available	not available	not pooled	PXD064518_TMT12_TMT129N	1	manual picking	not available	one cardiomyocyte; channel-to-genotype assignment unavailable	20221019_Ec_01_SC_CNIC-KI_TMT12	proteomic profiling by mass spectrometry	20221019_Ec_01_SC_CNIC-KI_TMT12.raw	ftp://ftp.pride.ebi.ac.uk/pride/data/archive/2026/04/PXD064518/20221019_Ec_01_SC_CNIC-KI_TMT12.raw	TMT129N	1	1	NT=Orbitrap Eclipse;AC=MS:1003029	NT=Data-dependent acquisition;AC=PRIDE:0000627	NT=Trypsin;AC=MS:1001251	TMT131	not applicable	TMT12	NT=collision-induced dissociation;AC=MS:1000133	NT=beam-type collision-induced dissociation;AC=MS:1000422	not available	375m/z-1500m/z	not available	not available	not applicable	NT=TMT6plex;AC=UNIMOD:737;MT=fixed;PP=Any N-term	NT=TMT6plex;AC=UNIMOD:737;MT=fixed;TA=K;PP=Anywhere	NT=Oxidation;AC=UNIMOD:35;MT=variable;TA=M;PP=Anywhere	NT=Acetyl;AC=UNIMOD:1;MT=variable;PP=Protein N-term	v3.0.0	ms-proteomics v1.1.0	vertebrates v1.1.0	single-cell v1.0.0
PXD064518_TMT12_TMT129C	Mus musculus	heart	cardiac muscle cell	not available	cell	single cell	male	not available	adult	not available	not available	not pooled	PXD064518_TMT12_TMT129C	1	manual picking	not available	one cardiomyocyte; channel-to-genotype assignment unavailable	20221019_Ec_01_SC_CNIC-KI_TMT12	proteomic profiling by mass spectrometry	20221019_Ec_01_SC_CNIC-KI_TMT12.raw	ftp://ftp.pride.ebi.ac.uk/pride/data/archive/2026/04/PXD064518/20221019_Ec_01_SC_CNIC-KI_TMT12.raw	TMT129C	1	1	NT=Orbitrap Eclipse;AC=MS:1003029	NT=Data-dependent acquisition;AC=PRIDE:0000627	NT=Trypsin;AC=MS:1001251	TMT131	not applicable	TMT12	NT=collision-induced dissociation;AC=MS:1000133	NT=beam-type collision-induced dissociation;AC=MS:1000422	not available	375m/z-1500m/z	not available	not available	not applicable	NT=TMT6plex;AC=UNIMOD:737;MT=fixed;PP=Any N-term	NT=TMT6plex;AC=UNIMOD:737;MT=fixed;TA=K;PP=Anywhere	NT=Oxidation;AC=UNIMOD:35;MT=variable;TA=M;PP=Anywhere	NT=Acetyl;AC=UNIMOD:1;MT=variable;PP=Protein N-term	v3.0.0	ms-proteomics v1.1.0	vertebrates v1.1.0	single-cell v1.0.0
PXD064518_TMT12_TMT130C	Mus musculus	heart	cardiac muscle cell	not available	cell	single cell	male	not available	adult	not available	not available	not pooled	PXD064518_TMT12_TMT130C	1	manual picking	not available	one cardiomyocyte; channel-to-genotype assignment unavailable	20221019_Ec_01_SC_CNIC-KI_TMT12	proteomic profiling by mass spectrometry	20221019_Ec_01_SC_CNIC-KI_TMT12.raw	ftp://ftp.pride.ebi.ac.uk/pride/data/archive/2026/04/PXD064518/20221019_Ec_01_SC_CNIC-KI_TMT12.raw	TMT130C	1	1	NT=Orbitrap Eclipse;AC=MS:1003029	NT=Data-dependent acquisition;AC=PRIDE:0000627	NT=Trypsin;AC=MS:1001251	TMT131	not applicable	TMT12	NT=collision-induced dissociation;AC=MS:1000133	NT=beam-type collision-induced dissociation;AC=MS:1000422	not available	375m/z-1500m/z	not available	not available	not applicable	NT=TMT6plex;AC=UNIMOD:737;MT=fixed;PP=Any N-term	NT=TMT6plex;AC=UNIMOD:737;MT=fixed;TA=K;PP=Anywhere	NT=Oxidation;AC=UNIMOD:35;MT=variable;TA=M;PP=Anywhere	NT=Acetyl;AC=UNIMOD:1;MT=variable;PP=Protein N-term	v3.0.0	ms-proteomics v1.1.0	vertebrates v1.1.0	single-cell v1.0.0
PXD064518_TMT12_TMT131	Mus musculus	heart	cardiac muscle cell	not available	cell	carrier	male	not available	adult	not available	pooled	pooled	not applicable	200	not available	mixed control and Myc-overexpressing cardiomyocytes	100 control plus 100 Myc-overexpressing cardiomyocytes	20221019_Ec_01_SC_CNIC-KI_TMT12	proteomic profiling by mass spectrometry	20221019_Ec_01_SC_CNIC-KI_TMT12.raw	ftp://ftp.pride.ebi.ac.uk/pride/data/archive/2026/04/PXD064518/20221019_Ec_01_SC_CNIC-KI_TMT12.raw	TMT131	1	1	NT=Orbitrap Eclipse;AC=MS:1003029	NT=Data-dependent acquisition;AC=PRIDE:0000627	NT=Trypsin;AC=MS:1001251	TMT131	not applicable	TMT12	NT=collision-induced dissociation;AC=MS:1000133	NT=beam-type collision-induced dissociation;AC=MS:1000422	not available	375m/z-1500m/z	not available	not available	not applicable	NT=TMT6plex;AC=UNIMOD:737;MT=fixed;PP=Any N-term	NT=TMT6plex;AC=UNIMOD:737;MT=fixed;TA=K;PP=Anywhere	NT=Oxidation;AC=UNIMOD:35;MT=variable;TA=M;PP=Anywhere	NT=Acetyl;AC=UNIMOD:1;MT=variable;PP=Protein N-term	v3.0.0	ms-proteomics v1.1.0	vertebrates v1.1.0	single-cell v1.0.0
PXD064518_TMT13_TMT126	Mus musculus	heart	cardiac muscle cell	not available	cell	single cell	male	not available	adult	not available	not available	not pooled	PXD064518_TMT13_TMT126	1	manual picking	not available	one cardiomyocyte; channel-to-genotype assignment unavailable	20221019_Ec_01_SC_CNIC-KI_TMT13	proteomic profiling by mass spectrometry	20221019_Ec_01_SC_CNIC-KI_TMT13.raw	ftp://ftp.pride.ebi.ac.uk/pride/data/archive/2026/04/PXD064518/20221019_Ec_01_SC_CNIC-KI_TMT13.raw	TMT126	1	1	NT=Orbitrap Eclipse;AC=MS:1003029	NT=Data-dependent acquisition;AC=PRIDE:0000627	NT=Trypsin;AC=MS:1001251	TMT131	not applicable	TMT13	NT=collision-induced dissociation;AC=MS:1000133	NT=beam-type collision-induced dissociation;AC=MS:1000422	not available	375m/z-1500m/z	not available	not available	not applicable	NT=TMT6plex;AC=UNIMOD:737;MT=fixed;PP=Any N-term	NT=TMT6plex;AC=UNIMOD:737;MT=fixed;TA=K;PP=Anywhere	NT=Oxidation;AC=UNIMOD:35;MT=variable;TA=M;PP=Anywhere	NT=Acetyl;AC=UNIMOD:1;MT=variable;PP=Protein N-term	v3.0.0	ms-proteomics v1.1.0	vertebrates v1.1.0	single-cell v1.0.0
PXD064518_TMT13_TMT127N	Mus musculus	heart	cardiac muscle cell	not available	cell	single cell	male	not available	adult	not available	not available	not pooled	PXD064518_TMT13_TMT127N	1	manual picking	not available	one cardiomyocyte; channel-to-genotype assignment unavailable	20221019_Ec_01_SC_CNIC-KI_TMT13	proteomic profiling by mass spectrometry	20221019_Ec_01_SC_CNIC-KI_TMT13.raw	ftp://ftp.pride.ebi.ac.uk/pride/data/archive/2026/04/PXD064518/20221019_Ec_01_SC_CNIC-KI_TMT13.raw	TMT127N	1	1	NT=Orbitrap Eclipse;AC=MS:1003029	NT=Data-dependent acquisition;AC=PRIDE:0000627	NT=Trypsin;AC=MS:1001251	TMT131	not applicable	TMT13	NT=collision-induced dissociation;AC=MS:1000133	NT=beam-type collision-induced dissociation;AC=MS:1000422	not available	375m/z-1500m/z	not available	not available	not applicable	NT=TMT6plex;AC=UNIMOD:737;MT=fixed;PP=Any N-term	NT=TMT6plex;AC=UNIMOD:737;MT=fixed;TA=K;PP=Anywhere	NT=Oxidation;AC=UNIMOD:35;MT=variable;TA=M;PP=Anywhere	NT=Acetyl;AC=UNIMOD:1;MT=variable;PP=Protein N-term	v3.0.0	ms-proteomics v1.1.0	vertebrates v1.1.0	single-cell v1.0.0
PXD064518_TMT13_TMT127C	Mus musculus	heart	cardiac muscle cell	not available	cell	single cell	male	not available	adult	not available	not available	not pooled	PXD064518_TMT13_TMT127C	1	manual picking	not available	one cardiomyocyte; channel-to-genotype assignment unavailable	20221019_Ec_01_SC_CNIC-KI_TMT13	proteomic profiling by mass spectrometry	20221019_Ec_01_SC_CNIC-KI_TMT13.raw	ftp://ftp.pride.ebi.ac.uk/pride/data/archive/2026/04/PXD064518/20221019_Ec_01_SC_CNIC-KI_TMT13.raw	TMT127C	1	1	NT=Orbitrap Eclipse;AC=MS:1003029	NT=Data-dependent acquisition;AC=PRIDE:0000627	NT=Trypsin;AC=MS:1001251	TMT131	not applicable	TMT13	NT=collision-induced dissociation;AC=MS:1000133	NT=beam-type collision-induced dissociation;AC=MS:1000422	not available	375m/z-1500m/z	not available	not available	not applicable	NT=TMT6plex;AC=UNIMOD:737;MT=fixed;PP=Any N-term	NT=TMT6plex;AC=UNIMOD:737;MT=fixed;TA=K;PP=Anywhere	NT=Oxidation;AC=UNIMOD:35;MT=variable;TA=M;PP=Anywhere	NT=Acetyl;AC=UNIMOD:1;MT=variable;PP=Protein N-term	v3.0.0	ms-proteomics v1.1.0	vertebrates v1.1.0	single-cell v1.0.0
PXD064518_TMT13_TMT128N	Mus musculus	heart	cardiac muscle cell	not available	cell	single cell	male	not available	adult	not available	not available	not pooled	PXD064518_TMT13_TMT128N	1	manual picking	not available	one cardiomyocyte; channel-to-genotype assignment unavailable	20221019_Ec_01_SC_CNIC-KI_TMT13	proteomic profiling by mass spectrometry	20221019_Ec_01_SC_CNIC-KI_TMT13.raw	ftp://ftp.pride.ebi.ac.uk/pride/data/archive/2026/04/PXD064518/20221019_Ec_01_SC_CNIC-KI_TMT13.raw	TMT128N	1	1	NT=Orbitrap Eclipse;AC=MS:1003029	NT=Data-dependent acquisition;AC=PRIDE:0000627	NT=Trypsin;AC=MS:1001251	TMT131	not applicable	TMT13	NT=collision-induced dissociation;AC=MS:1000133	NT=beam-type collision-induced dissociation;AC=MS:1000422	not available	375m/z-1500m/z	not available	not available	not applicable	NT=TMT6plex;AC=UNIMOD:737;MT=fixed;PP=Any N-term	NT=TMT6plex;AC=UNIMOD:737;MT=fixed;TA=K;PP=Anywhere	NT=Oxidation;AC=UNIMOD:35;MT=variable;TA=M;PP=Anywhere	NT=Acetyl;AC=UNIMOD:1;MT=variable;PP=Protein N-term	v3.0.0	ms-proteomics v1.1.0	vertebrates v1.1.0	single-cell v1.0.0
PXD064518_TMT13_TMT128C	Mus musculus	heart	cardiac muscle cell	not available	cell	single cell	male	not available	adult	not available	not available	not pooled	PXD064518_TMT13_TMT128C	1	manual picking	not available	one cardiomyocyte; channel-to-genotype assignment unavailable	20221019_Ec_01_SC_CNIC-KI_TMT13	proteomic profiling by mass spectrometry	20221019_Ec_01_SC_CNIC-KI_TMT13.raw	ftp://ftp.pride.ebi.ac.uk/pride/data/archive/2026/04/PXD064518/20221019_Ec_01_SC_CNIC-KI_TMT13.raw	TMT128C	1	1	NT=Orbitrap Eclipse;AC=MS:1003029	NT=Data-dependent acquisition;AC=PRIDE:0000627	NT=Trypsin;AC=MS:1001251	TMT131	not applicable	TMT13	NT=collision-induced dissociation;AC=MS:1000133	NT=beam-type collision-induced dissociation;AC=MS:1000422	not available	375m/z-1500m/z	not available	not available	not applicable	NT=TMT6plex;AC=UNIMOD:737;MT=fixed;PP=Any N-term	NT=TMT6plex;AC=UNIMOD:737;MT=fixed;TA=K;PP=Anywhere	NT=Oxidation;AC=UNIMOD:35;MT=variable;TA=M;PP=Anywhere	NT=Acetyl;AC=UNIMOD:1;MT=variable;PP=Protein N-term	v3.0.0	ms-proteomics v1.1.0	vertebrates v1.1.0	single-cell v1.0.0
PXD064518_TMT13_TMT129N	Mus musculus	heart	cardiac muscle cell	not available	cell	single cell	male	not available	adult	not available	not available	not pooled	PXD064518_TMT13_TMT129N	1	manual picking	not available	one cardiomyocyte; channel-to-genotype assignment unavailable	20221019_Ec_01_SC_CNIC-KI_TMT13	proteomic profiling by mass spectrometry	20221019_Ec_01_SC_CNIC-KI_TMT13.raw	ftp://ftp.pride.ebi.ac.uk/pride/data/archive/2026/04/PXD064518/20221019_Ec_01_SC_CNIC-KI_TMT13.raw	TMT129N	1	1	NT=Orbitrap Eclipse;AC=MS:1003029	NT=Data-dependent acquisition;AC=PRIDE:0000627	NT=Trypsin;AC=MS:1001251	TMT131	not applicable	TMT13	NT=collision-induced dissociation;AC=MS:1000133	NT=beam-type collision-induced dissociation;AC=MS:1000422	not available	375m/z-1500m/z	not available	not available	not applicable	NT=TMT6plex;AC=UNIMOD:737;MT=fixed;PP=Any N-term	NT=TMT6plex;AC=UNIMOD:737;MT=fixed;TA=K;PP=Anywhere	NT=Oxidation;AC=UNIMOD:35;MT=variable;TA=M;PP=Anywhere	NT=Acetyl;AC=UNIMOD:1;MT=variable;PP=Protein N-term	v3.0.0	ms-proteomics v1.1.0	vertebrates v1.1.0	single-cell v1.0.0
PXD064518_TMT13_TMT129C	Mus musculus	heart	cardiac muscle cell	not available	cell	single cell	male	not available	adult	not available	not available	not pooled	PXD064518_TMT13_TMT129C	1	manual picking	not available	one cardiomyocyte; channel-to-genotype assignment unavailable	20221019_Ec_01_SC_CNIC-KI_TMT13	proteomic profiling by mass spectrometry	20221019_Ec_01_SC_CNIC-KI_TMT13.raw	ftp://ftp.pride.ebi.ac.uk/pride/data/archive/2026/04/PXD064518/20221019_Ec_01_SC_CNIC-KI_TMT13.raw	TMT129C	1	1	NT=Orbitrap Eclipse;AC=MS:1003029	NT=Data-dependent acquisition;AC=PRIDE:0000627	NT=Trypsin;AC=MS:1001251	TMT131	not applicable	TMT13	NT=collision-induced dissociation;AC=MS:1000133	NT=beam-type collision-induced dissociation;AC=MS:1000422	not available	375m/z-1500m/z	not available	not available	not applicable	NT=TMT6plex;AC=UNIMOD:737;MT=fixed;PP=Any N-term	NT=TMT6plex;AC=UNIMOD:737;MT=fixed;TA=K;PP=Anywhere	NT=Oxidation;AC=UNIMOD:35;MT=variable;TA=M;PP=Anywhere	NT=Acetyl;AC=UNIMOD:1;MT=variable;PP=Protein N-term	v3.0.0	ms-proteomics v1.1.0	vertebrates v1.1.0	single-cell v1.0.0
PXD064518_TMT13_TMT130C	Mus musculus	heart	cardiac muscle cell	not available	cell	single cell	male	not available	adult	not available	not available	not pooled	PXD064518_TMT13_TMT130C	1	manual picking	not available	one cardiomyocyte; channel-to-genotype assignment unavailable	20221019_Ec_01_SC_CNIC-KI_TMT13	proteomic profiling by mass spectrometry	20221019_Ec_01_SC_CNIC-KI_TMT13.raw	ftp://ftp.pride.ebi.ac.uk/pride/data/archive/2026/04/PXD064518/20221019_Ec_01_SC_CNIC-KI_TMT13.raw	TMT130C	1	1	NT=Orbitrap Eclipse;AC=MS:1003029	NT=Data-dependent acquisition;AC=PRIDE:0000627	NT=Trypsin;AC=MS:1001251	TMT131	not applicable	TMT13	NT=collision-induced dissociation;AC=MS:1000133	NT=beam-type collision-induced dissociation;AC=MS:1000422	not available	375m/z-1500m/z	not available	not available	not applicable	NT=TMT6plex;AC=UNIMOD:737;MT=fixed;PP=Any N-term	NT=TMT6plex;AC=UNIMOD:737;MT=fixed;TA=K;PP=Anywhere	NT=Oxidation;AC=UNIMOD:35;MT=variable;TA=M;PP=Anywhere	NT=Acetyl;AC=UNIMOD:1;MT=variable;PP=Protein N-term	v3.0.0	ms-proteomics v1.1.0	vertebrates v1.1.0	single-cell v1.0.0
PXD064518_TMT13_TMT131	Mus musculus	heart	cardiac muscle cell	not available	cell	carrier	male	not available	adult	not available	pooled	pooled	not applicable	200	not available	mixed control and Myc-overexpressing cardiomyocytes	100 control plus 100 Myc-overexpressing cardiomyocytes	20221019_Ec_01_SC_CNIC-KI_TMT13	proteomic profiling by mass spectrometry	20221019_Ec_01_SC_CNIC-KI_TMT13.raw	ftp://ftp.pride.ebi.ac.uk/pride/data/archive/2026/04/PXD064518/20221019_Ec_01_SC_CNIC-KI_TMT13.raw	TMT131	1	1	NT=Orbitrap Eclipse;AC=MS:1003029	NT=Data-dependent acquisition;AC=PRIDE:0000627	NT=Trypsin;AC=MS:1001251	TMT131	not applicable	TMT13	NT=collision-induced dissociation;AC=MS:1000133	NT=beam-type collision-induced dissociation;AC=MS:1000422	not available	375m/z-1500m/z	not available	not available	not applicable	NT=TMT6plex;AC=UNIMOD:737;MT=fixed;PP=Any N-term	NT=TMT6plex;AC=UNIMOD:737;MT=fixed;TA=K;PP=Anywhere	NT=Oxidation;AC=UNIMOD:35;MT=variable;TA=M;PP=Anywhere	NT=Acetyl;AC=UNIMOD:1;MT=variable;PP=Protein N-term	v3.0.0	ms-proteomics v1.1.0	vertebrates v1.1.0	single-cell v1.0.0
PXD064518_TMT14_TMT126	Mus musculus	heart	cardiac muscle cell	not available	cell	single cell	male	not available	adult	not available	not available	not pooled	PXD064518_TMT14_TMT126	1	manual picking	not available	one cardiomyocyte; channel-to-genotype assignment unavailable	20221019_Ec_01_SC_CNIC-KI_TMT14	proteomic profiling by mass spectrometry	20221019_Ec_01_SC_CNIC-KI_TMT14.raw	ftp://ftp.pride.ebi.ac.uk/pride/data/archive/2026/04/PXD064518/20221019_Ec_01_SC_CNIC-KI_TMT14.raw	TMT126	1	1	NT=Orbitrap Eclipse;AC=MS:1003029	NT=Data-dependent acquisition;AC=PRIDE:0000627	NT=Trypsin;AC=MS:1001251	TMT131	not applicable	TMT14	NT=collision-induced dissociation;AC=MS:1000133	NT=beam-type collision-induced dissociation;AC=MS:1000422	not available	375m/z-1500m/z	not available	not available	not applicable	NT=TMT6plex;AC=UNIMOD:737;MT=fixed;PP=Any N-term	NT=TMT6plex;AC=UNIMOD:737;MT=fixed;TA=K;PP=Anywhere	NT=Oxidation;AC=UNIMOD:35;MT=variable;TA=M;PP=Anywhere	NT=Acetyl;AC=UNIMOD:1;MT=variable;PP=Protein N-term	v3.0.0	ms-proteomics v1.1.0	vertebrates v1.1.0	single-cell v1.0.0
PXD064518_TMT14_TMT127N	Mus musculus	heart	cardiac muscle cell	not available	cell	single cell	male	not available	adult	not available	not available	not pooled	PXD064518_TMT14_TMT127N	1	manual picking	not available	one cardiomyocyte; channel-to-genotype assignment unavailable	20221019_Ec_01_SC_CNIC-KI_TMT14	proteomic profiling by mass spectrometry	20221019_Ec_01_SC_CNIC-KI_TMT14.raw	ftp://ftp.pride.ebi.ac.uk/pride/data/archive/2026/04/PXD064518/20221019_Ec_01_SC_CNIC-KI_TMT14.raw	TMT127N	1	1	NT=Orbitrap Eclipse;AC=MS:1003029	NT=Data-dependent acquisition;AC=PRIDE:0000627	NT=Trypsin;AC=MS:1001251	TMT131	not applicable	TMT14	NT=collision-induced dissociation;AC=MS:1000133	NT=beam-type collision-induced dissociation;AC=MS:1000422	not available	375m/z-1500m/z	not available	not available	not applicable	NT=TMT6plex;AC=UNIMOD:737;MT=fixed;PP=Any N-term	NT=TMT6plex;AC=UNIMOD:737;MT=fixed;TA=K;PP=Anywhere	NT=Oxidation;AC=UNIMOD:35;MT=variable;TA=M;PP=Anywhere	NT=Acetyl;AC=UNIMOD:1;MT=variable;PP=Protein N-term	v3.0.0	ms-proteomics v1.1.0	vertebrates v1.1.0	single-cell v1.0.0
PXD064518_TMT14_TMT127C	Mus musculus	heart	cardiac muscle cell	not available	cell	single cell	male	not available	adult	not available	not available	not pooled	PXD064518_TMT14_TMT127C	1	manual picking	not available	one cardiomyocyte; channel-to-genotype assignment unavailable	20221019_Ec_01_SC_CNIC-KI_TMT14	proteomic profiling by mass spectrometry	20221019_Ec_01_SC_CNIC-KI_TMT14.raw	ftp://ftp.pride.ebi.ac.uk/pride/data/archive/2026/04/PXD064518/20221019_Ec_01_SC_CNIC-KI_TMT14.raw	TMT127C	1	1	NT=Orbitrap Eclipse;AC=MS:1003029	NT=Data-dependent acquisition;AC=PRIDE:0000627	NT=Trypsin;AC=MS:1001251	TMT131	not applicable	TMT14	NT=collision-induced dissociation;AC=MS:1000133	NT=beam-type collision-induced dissociation;AC=MS:1000422	not available	375m/z-1500m/z	not available	not available	not applicable	NT=TMT6plex;AC=UNIMOD:737;MT=fixed;PP=Any N-term	NT=TMT6plex;AC=UNIMOD:737;MT=fixed;TA=K;PP=Anywhere	NT=Oxidation;AC=UNIMOD:35;MT=variable;TA=M;PP=Anywhere	NT=Acetyl;AC=UNIMOD:1;MT=variable;PP=Protein N-term	v3.0.0	ms-proteomics v1.1.0	vertebrates v1.1.0	single-cell v1.0.0
PXD064518_TMT14_TMT128N	Mus musculus	heart	cardiac muscle cell	not available	cell	single cell	male	not available	adult	not available	not available	not pooled	PXD064518_TMT14_TMT128N	1	manual picking	not available	one cardiomyocyte; channel-to-genotype assignment unavailable	20221019_Ec_01_SC_CNIC-KI_TMT14	proteomic profiling by mass spectrometry	20221019_Ec_01_SC_CNIC-KI_TMT14.raw	ftp://ftp.pride.ebi.ac.uk/pride/data/archive/2026/04/PXD064518/20221019_Ec_01_SC_CNIC-KI_TMT14.raw	TMT128N	1	1	NT=Orbitrap Eclipse;AC=MS:1003029	NT=Data-dependent acquisition;AC=PRIDE:0000627	NT=Trypsin;AC=MS:1001251	TMT131	not applicable	TMT14	NT=collision-induced dissociation;AC=MS:1000133	NT=beam-type collision-induced dissociation;AC=MS:1000422	not available	375m/z-1500m/z	not available	not available	not applicable	NT=TMT6plex;AC=UNIMOD:737;MT=fixed;PP=Any N-term	NT=TMT6plex;AC=UNIMOD:737;MT=fixed;TA=K;PP=Anywhere	NT=Oxidation;AC=UNIMOD:35;MT=variable;TA=M;PP=Anywhere	NT=Acetyl;AC=UNIMOD:1;MT=variable;PP=Protein N-term	v3.0.0	ms-proteomics v1.1.0	vertebrates v1.1.0	single-cell v1.0.0
PXD064518_TMT14_TMT128C	Mus musculus	heart	cardiac muscle cell	not available	cell	single cell	male	not available	adult	not available	not available	not pooled	PXD064518_TMT14_TMT128C	1	manual picking	not available	one cardiomyocyte; channel-to-genotype assignment unavailable	20221019_Ec_01_SC_CNIC-KI_TMT14	proteomic profiling by mass spectrometry	20221019_Ec_01_SC_CNIC-KI_TMT14.raw	ftp://ftp.pride.ebi.ac.uk/pride/data/archive/2026/04/PXD064518/20221019_Ec_01_SC_CNIC-KI_TMT14.raw	TMT128C	1	1	NT=Orbitrap Eclipse;AC=MS:1003029	NT=Data-dependent acquisition;AC=PRIDE:0000627	NT=Trypsin;AC=MS:1001251	TMT131	not applicable	TMT14	NT=collision-induced dissociation;AC=MS:1000133	NT=beam-type collision-induced dissociation;AC=MS:1000422	not available	375m/z-1500m/z	not available	not available	not applicable	NT=TMT6plex;AC=UNIMOD:737;MT=fixed;PP=Any N-term	NT=TMT6plex;AC=UNIMOD:737;MT=fixed;TA=K;PP=Anywhere	NT=Oxidation;AC=UNIMOD:35;MT=variable;TA=M;PP=Anywhere	NT=Acetyl;AC=UNIMOD:1;MT=variable;PP=Protein N-term	v3.0.0	ms-proteomics v1.1.0	vertebrates v1.1.0	single-cell v1.0.0
PXD064518_TMT14_TMT129N	Mus musculus	heart	cardiac muscle cell	not available	cell	single cell	male	not available	adult	not available	not available	not pooled	PXD064518_TMT14_TMT129N	1	manual picking	not available	one cardiomyocyte; channel-to-genotype assignment unavailable	20221019_Ec_01_SC_CNIC-KI_TMT14	proteomic profiling by mass spectrometry	20221019_Ec_01_SC_CNIC-KI_TMT14.raw	ftp://ftp.pride.ebi.ac.uk/pride/data/archive/2026/04/PXD064518/20221019_Ec_01_SC_CNIC-KI_TMT14.raw	TMT129N	1	1	NT=Orbitrap Eclipse;AC=MS:1003029	NT=Data-dependent acquisition;AC=PRIDE:0000627	NT=Trypsin;AC=MS:1001251	TMT131	not applicable	TMT14	NT=collision-induced dissociation;AC=MS:1000133	NT=beam-type collision-induced dissociation;AC=MS:1000422	not available	375m/z-1500m/z	not available	not available	not applicable	NT=TMT6plex;AC=UNIMOD:737;MT=fixed;PP=Any N-term	NT=TMT6plex;AC=UNIMOD:737;MT=fixed;TA=K;PP=Anywhere	NT=Oxidation;AC=UNIMOD:35;MT=variable;TA=M;PP=Anywhere	NT=Acetyl;AC=UNIMOD:1;MT=variable;PP=Protein N-term	v3.0.0	ms-proteomics v1.1.0	vertebrates v1.1.0	single-cell v1.0.0
PXD064518_TMT14_TMT129C	Mus musculus	heart	cardiac muscle cell	not available	cell	single cell	male	not available	adult	not available	not available	not pooled	PXD064518_TMT14_TMT129C	1	manual picking	not available	one cardiomyocyte; channel-to-genotype assignment unavailable	20221019_Ec_01_SC_CNIC-KI_TMT14	proteomic profiling by mass spectrometry	20221019_Ec_01_SC_CNIC-KI_TMT14.raw	ftp://ftp.pride.ebi.ac.uk/pride/data/archive/2026/04/PXD064518/20221019_Ec_01_SC_CNIC-KI_TMT14.raw	TMT129C	1	1	NT=Orbitrap Eclipse;AC=MS:1003029	NT=Data-dependent acquisition;AC=PRIDE:0000627	NT=Trypsin;AC=MS:1001251	TMT131	not applicable	TMT14	NT=collision-induced dissociation;AC=MS:1000133	NT=beam-type collision-induced dissociation;AC=MS:1000422	not available	375m/z-1500m/z	not available	not available	not applicable	NT=TMT6plex;AC=UNIMOD:737;MT=fixed;PP=Any N-term	NT=TMT6plex;AC=UNIMOD:737;MT=fixed;TA=K;PP=Anywhere	NT=Oxidation;AC=UNIMOD:35;MT=variable;TA=M;PP=Anywhere	NT=Acetyl;AC=UNIMOD:1;MT=variable;PP=Protein N-term	v3.0.0	ms-proteomics v1.1.0	vertebrates v1.1.0	single-cell v1.0.0
PXD064518_TMT14_TMT130C	Mus musculus	heart	cardiac muscle cell	not available	cell	single cell	male	not available	adult	not available	not available	not pooled	PXD064518_TMT14_TMT130C	1	manual picking	not available	one cardiomyocyte; channel-to-genotype assignment unavailable	20221019_Ec_01_SC_CNIC-KI_TMT14	proteomic profiling by mass spectrometry	20221019_Ec_01_SC_CNIC-KI_TMT14.raw	ftp://ftp.pride.ebi.ac.uk/pride/data/archive/2026/04/PXD064518/20221019_Ec_01_SC_CNIC-KI_TMT14.raw	TMT130C	1	1	NT=Orbitrap Eclipse;AC=MS:1003029	NT=Data-dependent acquisition;AC=PRIDE:0000627	NT=Trypsin;AC=MS:1001251	TMT131	not applicable	TMT14	NT=collision-induced dissociation;AC=MS:1000133	NT=beam-type collision-induced dissociation;AC=MS:1000422	not available	375m/z-1500m/z	not available	not available	not applicable	NT=TMT6plex;AC=UNIMOD:737;MT=fixed;PP=Any N-term	NT=TMT6plex;AC=UNIMOD:737;MT=fixed;TA=K;PP=Anywhere	NT=Oxidation;AC=UNIMOD:35;MT=variable;TA=M;PP=Anywhere	NT=Acetyl;AC=UNIMOD:1;MT=variable;PP=Protein N-term	v3.0.0	ms-proteomics v1.1.0	vertebrates v1.1.0	single-cell v1.0.0
PXD064518_TMT14_TMT131	Mus musculus	heart	cardiac muscle cell	not available	cell	carrier	male	not available	adult	not available	pooled	pooled	not applicable	200	not available	mixed control and Myc-overexpressing cardiomyocytes	100 control plus 100 Myc-overexpressing cardiomyocytes	20221019_Ec_01_SC_CNIC-KI_TMT14	proteomic profiling by mass spectrometry	20221019_Ec_01_SC_CNIC-KI_TMT14.raw	ftp://ftp.pride.ebi.ac.uk/pride/data/archive/2026/04/PXD064518/20221019_Ec_01_SC_CNIC-KI_TMT14.raw	TMT131	1	1	NT=Orbitrap Eclipse;AC=MS:1003029	NT=Data-dependent acquisition;AC=PRIDE:0000627	NT=Trypsin;AC=MS:1001251	TMT131	not applicable	TMT14	NT=collision-induced dissociation;AC=MS:1000133	NT=beam-type collision-induced dissociation;AC=MS:1000422	not available	375m/z-1500m/z	not available	not available	not applicable	NT=TMT6plex;AC=UNIMOD:737;MT=fixed;PP=Any N-term	NT=TMT6plex;AC=UNIMOD:737;MT=fixed;TA=K;PP=Anywhere	NT=Oxidation;AC=UNIMOD:35;MT=variable;TA=M;PP=Anywhere	NT=Acetyl;AC=UNIMOD:1;MT=variable;PP=Protein N-term	v3.0.0	ms-proteomics v1.1.0	vertebrates v1.1.0	single-cell v1.0.0
PXD064518_TMT15_TMT126	Mus musculus	heart	cardiac muscle cell	not available	cell	single cell	male	not available	adult	not available	not available	not pooled	PXD064518_TMT15_TMT126	1	manual picking	not available	one cardiomyocyte; channel-to-genotype assignment unavailable	20221019_Ec_01_SC_CNIC-KI_TMT15	proteomic profiling by mass spectrometry	20221019_Ec_01_SC_CNIC-KI_TMT15.raw	ftp://ftp.pride.ebi.ac.uk/pride/data/archive/2026/04/PXD064518/20221019_Ec_01_SC_CNIC-KI_TMT15.raw	TMT126	1	1	NT=Orbitrap Eclipse;AC=MS:1003029	NT=Data-dependent acquisition;AC=PRIDE:0000627	NT=Trypsin;AC=MS:1001251	TMT131	not applicable	TMT15	NT=collision-induced dissociation;AC=MS:1000133	NT=beam-type collision-induced dissociation;AC=MS:1000422	not available	375m/z-1500m/z	not available	not available	not applicable	NT=TMT6plex;AC=UNIMOD:737;MT=fixed;PP=Any N-term	NT=TMT6plex;AC=UNIMOD:737;MT=fixed;TA=K;PP=Anywhere	NT=Oxidation;AC=UNIMOD:35;MT=variable;TA=M;PP=Anywhere	NT=Acetyl;AC=UNIMOD:1;MT=variable;PP=Protein N-term	v3.0.0	ms-proteomics v1.1.0	vertebrates v1.1.0	single-cell v1.0.0
PXD064518_TMT15_TMT127N	Mus musculus	heart	cardiac muscle cell	not available	cell	single cell	male	not available	adult	not available	not available	not pooled	PXD064518_TMT15_TMT127N	1	manual picking	not available	one cardiomyocyte; channel-to-genotype assignment unavailable	20221019_Ec_01_SC_CNIC-KI_TMT15	proteomic profiling by mass spectrometry	20221019_Ec_01_SC_CNIC-KI_TMT15.raw	ftp://ftp.pride.ebi.ac.uk/pride/data/archive/2026/04/PXD064518/20221019_Ec_01_SC_CNIC-KI_TMT15.raw	TMT127N	1	1	NT=Orbitrap Eclipse;AC=MS:1003029	NT=Data-dependent acquisition;AC=PRIDE:0000627	NT=Trypsin;AC=MS:1001251	TMT131	not applicable	TMT15	NT=collision-induced dissociation;AC=MS:1000133	NT=beam-type collision-induced dissociation;AC=MS:1000422	not available	375m/z-1500m/z	not available	not available	not applicable	NT=TMT6plex;AC=UNIMOD:737;MT=fixed;PP=Any N-term	NT=TMT6plex;AC=UNIMOD:737;MT=fixed;TA=K;PP=Anywhere	NT=Oxidation;AC=UNIMOD:35;MT=variable;TA=M;PP=Anywhere	NT=Acetyl;AC=UNIMOD:1;MT=variable;PP=Protein N-term	v3.0.0	ms-proteomics v1.1.0	vertebrates v1.1.0	single-cell v1.0.0
PXD064518_TMT15_TMT127C	Mus musculus	heart	cardiac muscle cell	not available	cell	single cell	male	not available	adult	not available	not available	not pooled	PXD064518_TMT15_TMT127C	1	manual picking	not available	one cardiomyocyte; channel-to-genotype assignment unavailable	20221019_Ec_01_SC_CNIC-KI_TMT15	proteomic profiling by mass spectrometry	20221019_Ec_01_SC_CNIC-KI_TMT15.raw	ftp://ftp.pride.ebi.ac.uk/pride/data/archive/2026/04/PXD064518/20221019_Ec_01_SC_CNIC-KI_TMT15.raw	TMT127C	1	1	NT=Orbitrap Eclipse;AC=MS:1003029	NT=Data-dependent acquisition;AC=PRIDE:0000627	NT=Trypsin;AC=MS:1001251	TMT131	not applicable	TMT15	NT=collision-induced dissociation;AC=MS:1000133	NT=beam-type collision-induced dissociation;AC=MS:1000422	not available	375m/z-1500m/z	not available	not available	not applicable	NT=TMT6plex;AC=UNIMOD:737;MT=fixed;PP=Any N-term	NT=TMT6plex;AC=UNIMOD:737;MT=fixed;TA=K;PP=Anywhere	NT=Oxidation;AC=UNIMOD:35;MT=variable;TA=M;PP=Anywhere	NT=Acetyl;AC=UNIMOD:1;MT=variable;PP=Protein N-term	v3.0.0	ms-proteomics v1.1.0	vertebrates v1.1.0	single-cell v1.0.0
PXD064518_TMT15_TMT128N	Mus musculus	heart	cardiac muscle cell	not available	cell	single cell	male	not available	adult	not available	not available	not pooled	PXD064518_TMT15_TMT128N	1	manual picking	not available	one cardiomyocyte; channel-to-genotype assignment unavailable	20221019_Ec_01_SC_CNIC-KI_TMT15	proteomic profiling by mass spectrometry	20221019_Ec_01_SC_CNIC-KI_TMT15.raw	ftp://ftp.pride.ebi.ac.uk/pride/data/archive/2026/04/PXD064518/20221019_Ec_01_SC_CNIC-KI_TMT15.raw	TMT128N	1	1	NT=Orbitrap Eclipse;AC=MS:1003029	NT=Data-dependent acquisition;AC=PRIDE:0000627	NT=Trypsin;AC=MS:1001251	TMT131	not applicable	TMT15	NT=collision-induced dissociation;AC=MS:1000133	NT=beam-type collision-induced dissociation;AC=MS:1000422	not available	375m/z-1500m/z	not available	not available	not applicable	NT=TMT6plex;AC=UNIMOD:737;MT=fixed;PP=Any N-term	NT=TMT6plex;AC=UNIMOD:737;MT=fixed;TA=K;PP=Anywhere	NT=Oxidation;AC=UNIMOD:35;MT=variable;TA=M;PP=Anywhere	NT=Acetyl;AC=UNIMOD:1;MT=variable;PP=Protein N-term	v3.0.0	ms-proteomics v1.1.0	vertebrates v1.1.0	single-cell v1.0.0
PXD064518_TMT15_TMT128C	Mus musculus	heart	cardiac muscle cell	not available	cell	single cell	male	not available	adult	not available	not available	not pooled	PXD064518_TMT15_TMT128C	1	manual picking	not available	one cardiomyocyte; channel-to-genotype assignment unavailable	20221019_Ec_01_SC_CNIC-KI_TMT15	proteomic profiling by mass spectrometry	20221019_Ec_01_SC_CNIC-KI_TMT15.raw	ftp://ftp.pride.ebi.ac.uk/pride/data/archive/2026/04/PXD064518/20221019_Ec_01_SC_CNIC-KI_TMT15.raw	TMT128C	1	1	NT=Orbitrap Eclipse;AC=MS:1003029	NT=Data-dependent acquisition;AC=PRIDE:0000627	NT=Trypsin;AC=MS:1001251	TMT131	not applicable	TMT15	NT=collision-induced dissociation;AC=MS:1000133	NT=beam-type collision-induced dissociation;AC=MS:1000422	not available	375m/z-1500m/z	not available	not available	not applicable	NT=TMT6plex;AC=UNIMOD:737;MT=fixed;PP=Any N-term	NT=TMT6plex;AC=UNIMOD:737;MT=fixed;TA=K;PP=Anywhere	NT=Oxidation;AC=UNIMOD:35;MT=variable;TA=M;PP=Anywhere	NT=Acetyl;AC=UNIMOD:1;MT=variable;PP=Protein N-term	v3.0.0	ms-proteomics v1.1.0	vertebrates v1.1.0	single-cell v1.0.0
PXD064518_TMT15_TMT129N	Mus musculus	heart	cardiac muscle cell	not available	cell	single cell	male	not available	adult	not available	not available	not pooled	PXD064518_TMT15_TMT129N	1	manual picking	not available	one cardiomyocyte; channel-to-genotype assignment unavailable	20221019_Ec_01_SC_CNIC-KI_TMT15	proteomic profiling by mass spectrometry	20221019_Ec_01_SC_CNIC-KI_TMT15.raw	ftp://ftp.pride.ebi.ac.uk/pride/data/archive/2026/04/PXD064518/20221019_Ec_01_SC_CNIC-KI_TMT15.raw	TMT129N	1	1	NT=Orbitrap Eclipse;AC=MS:1003029	NT=Data-dependent acquisition;AC=PRIDE:0000627	NT=Trypsin;AC=MS:1001251	TMT131	not applicable	TMT15	NT=collision-induced dissociation;AC=MS:1000133	NT=beam-type collision-induced dissociation;AC=MS:1000422	not available	375m/z-1500m/z	not available	not available	not applicable	NT=TMT6plex;AC=UNIMOD:737;MT=fixed;PP=Any N-term	NT=TMT6plex;AC=UNIMOD:737;MT=fixed;TA=K;PP=Anywhere	NT=Oxidation;AC=UNIMOD:35;MT=variable;TA=M;PP=Anywhere	NT=Acetyl;AC=UNIMOD:1;MT=variable;PP=Protein N-term	v3.0.0	ms-proteomics v1.1.0	vertebrates v1.1.0	single-cell v1.0.0
PXD064518_TMT15_TMT129C	Mus musculus	heart	cardiac muscle cell	not available	cell	single cell	male	not available	adult	not available	not available	not pooled	PXD064518_TMT15_TMT129C	1	manual picking	not available	one cardiomyocyte; channel-to-genotype assignment unavailable	20221019_Ec_01_SC_CNIC-KI_TMT15	proteomic profiling by mass spectrometry	20221019_Ec_01_SC_CNIC-KI_TMT15.raw	ftp://ftp.pride.ebi.ac.uk/pride/data/archive/2026/04/PXD064518/20221019_Ec_01_SC_CNIC-KI_TMT15.raw	TMT129C	1	1	NT=Orbitrap Eclipse;AC=MS:1003029	NT=Data-dependent acquisition;AC=PRIDE:0000627	NT=Trypsin;AC=MS:1001251	TMT131	not applicable	TMT15	NT=collision-induced dissociation;AC=MS:1000133	NT=beam-type collision-induced dissociation;AC=MS:1000422	not available	375m/z-1500m/z	not available	not available	not applicable	NT=TMT6plex;AC=UNIMOD:737;MT=fixed;PP=Any N-term	NT=TMT6plex;AC=UNIMOD:737;MT=fixed;TA=K;PP=Anywhere	NT=Oxidation;AC=UNIMOD:35;MT=variable;TA=M;PP=Anywhere	NT=Acetyl;AC=UNIMOD:1;MT=variable;PP=Protein N-term	v3.0.0	ms-proteomics v1.1.0	vertebrates v1.1.0	single-cell v1.0.0
PXD064518_TMT15_TMT130C	Mus musculus	heart	cardiac muscle cell	not available	cell	single cell	male	not available	adult	not available	not available	not pooled	PXD064518_TMT15_TMT130C	1	manual picking	not available	one cardiomyocyte; channel-to-genotype assignment unavailable	20221019_Ec_01_SC_CNIC-KI_TMT15	proteomic profiling by mass spectrometry	20221019_Ec_01_SC_CNIC-KI_TMT15.raw	ftp://ftp.pride.ebi.ac.uk/pride/data/archive/2026/04/PXD064518/20221019_Ec_01_SC_CNIC-KI_TMT15.raw	TMT130C	1	1	NT=Orbitrap Eclipse;AC=MS:1003029	NT=Data-dependent acquisition;AC=PRIDE:0000627	NT=Trypsin;AC=MS:1001251	TMT131	not applicable	TMT15	NT=collision-induced dissociation;AC=MS:1000133	NT=beam-type collision-induced dissociation;AC=MS:1000422	not available	375m/z-1500m/z	not available	not available	not applicable	NT=TMT6plex;AC=UNIMOD:737;MT=fixed;PP=Any N-term	NT=TMT6plex;AC=UNIMOD:737;MT=fixed;TA=K;PP=Anywhere	NT=Oxidation;AC=UNIMOD:35;MT=variable;TA=M;PP=Anywhere	NT=Acetyl;AC=UNIMOD:1;MT=variable;PP=Protein N-term	v3.0.0	ms-proteomics v1.1.0	vertebrates v1.1.0	single-cell v1.0.0
PXD064518_TMT15_TMT131	Mus musculus	heart	cardiac muscle cell	not available	cell	carrier	male	not available	adult	not available	pooled	pooled	not applicable	200	not available	mixed control and Myc-overexpressing cardiomyocytes	100 control plus 100 Myc-overexpressing cardiomyocytes	20221019_Ec_01_SC_CNIC-KI_TMT15	proteomic profiling by mass spectrometry	20221019_Ec_01_SC_CNIC-KI_TMT15.raw	ftp://ftp.pride.ebi.ac.uk/pride/data/archive/2026/04/PXD064518/20221019_Ec_01_SC_CNIC-KI_TMT15.raw	TMT131	1	1	NT=Orbitrap Eclipse;AC=MS:1003029	NT=Data-dependent acquisition;AC=PRIDE:0000627	NT=Trypsin;AC=MS:1001251	TMT131	not applicable	TMT15	NT=collision-induced dissociation;AC=MS:1000133	NT=beam-type collision-induced dissociation;AC=MS:1000422	not available	375m/z-1500m/z	not available	not available	not applicable	NT=TMT6plex;AC=UNIMOD:737;MT=fixed;PP=Any N-term	NT=TMT6plex;AC=UNIMOD:737;MT=fixed;TA=K;PP=Anywhere	NT=Oxidation;AC=UNIMOD:35;MT=variable;TA=M;PP=Anywhere	NT=Acetyl;AC=UNIMOD:1;MT=variable;PP=Protein N-term	v3.0.0	ms-proteomics v1.1.0	vertebrates v1.1.0	single-cell v1.0.0
PXD064518_TMT16_TMT126	Mus musculus	heart	cardiac muscle cell	not available	cell	single cell	male	not available	adult	not available	not available	not pooled	PXD064518_TMT16_TMT126	1	manual picking	not available	one cardiomyocyte; channel-to-genotype assignment unavailable	20221019_Ec_01_SC_CNIC-KI_TMT16	proteomic profiling by mass spectrometry	20221019_Ec_01_SC_CNIC-KI_TMT16.raw	ftp://ftp.pride.ebi.ac.uk/pride/data/archive/2026/04/PXD064518/20221019_Ec_01_SC_CNIC-KI_TMT16.raw	TMT126	1	1	NT=Orbitrap Eclipse;AC=MS:1003029	NT=Data-dependent acquisition;AC=PRIDE:0000627	NT=Trypsin;AC=MS:1001251	TMT131	not applicable	TMT16	NT=collision-induced dissociation;AC=MS:1000133	NT=beam-type collision-induced dissociation;AC=MS:1000422	not available	375m/z-1500m/z	not available	not available	not applicable	NT=TMT6plex;AC=UNIMOD:737;MT=fixed;PP=Any N-term	NT=TMT6plex;AC=UNIMOD:737;MT=fixed;TA=K;PP=Anywhere	NT=Oxidation;AC=UNIMOD:35;MT=variable;TA=M;PP=Anywhere	NT=Acetyl;AC=UNIMOD:1;MT=variable;PP=Protein N-term	v3.0.0	ms-proteomics v1.1.0	vertebrates v1.1.0	single-cell v1.0.0
PXD064518_TMT16_TMT127N	Mus musculus	heart	cardiac muscle cell	not available	cell	single cell	male	not available	adult	not available	not available	not pooled	PXD064518_TMT16_TMT127N	1	manual picking	not available	one cardiomyocyte; channel-to-genotype assignment unavailable	20221019_Ec_01_SC_CNIC-KI_TMT16	proteomic profiling by mass spectrometry	20221019_Ec_01_SC_CNIC-KI_TMT16.raw	ftp://ftp.pride.ebi.ac.uk/pride/data/archive/2026/04/PXD064518/20221019_Ec_01_SC_CNIC-KI_TMT16.raw	TMT127N	1	1	NT=Orbitrap Eclipse;AC=MS:1003029	NT=Data-dependent acquisition;AC=PRIDE:0000627	NT=Trypsin;AC=MS:1001251	TMT131	not applicable	TMT16	NT=collision-induced dissociation;AC=MS:1000133	NT=beam-type collision-induced dissociation;AC=MS:1000422	not available	375m/z-1500m/z	not available	not available	not applicable	NT=TMT6plex;AC=UNIMOD:737;MT=fixed;PP=Any N-term	NT=TMT6plex;AC=UNIMOD:737;MT=fixed;TA=K;PP=Anywhere	NT=Oxidation;AC=UNIMOD:35;MT=variable;TA=M;PP=Anywhere	NT=Acetyl;AC=UNIMOD:1;MT=variable;PP=Protein N-term	v3.0.0	ms-proteomics v1.1.0	vertebrates v1.1.0	single-cell v1.0.0
PXD064518_TMT16_TMT127C	Mus musculus	heart	cardiac muscle cell	not available	cell	single cell	male	not available	adult	not available	not available	not pooled	PXD064518_TMT16_TMT127C	1	manual picking	not available	one cardiomyocyte; channel-to-genotype assignment unavailable	20221019_Ec_01_SC_CNIC-KI_TMT16	proteomic profiling by mass spectrometry	20221019_Ec_01_SC_CNIC-KI_TMT16.raw	ftp://ftp.pride.ebi.ac.uk/pride/data/archive/2026/04/PXD064518/20221019_Ec_01_SC_CNIC-KI_TMT16.raw	TMT127C	1	1	NT=Orbitrap Eclipse;AC=MS:1003029	NT=Data-dependent acquisition;AC=PRIDE:0000627	NT=Trypsin;AC=MS:1001251	TMT131	not applicable	TMT16	NT=collision-induced dissociation;AC=MS:1000133	NT=beam-type collision-induced dissociation;AC=MS:1000422	not available	375m/z-1500m/z	not available	not available	not applicable	NT=TMT6plex;AC=UNIMOD:737;MT=fixed;PP=Any N-term	NT=TMT6plex;AC=UNIMOD:737;MT=fixed;TA=K;PP=Anywhere	NT=Oxidation;AC=UNIMOD:35;MT=variable;TA=M;PP=Anywhere	NT=Acetyl;AC=UNIMOD:1;MT=variable;PP=Protein N-term	v3.0.0	ms-proteomics v1.1.0	vertebrates v1.1.0	single-cell v1.0.0
PXD064518_TMT16_TMT128N	Mus musculus	heart	cardiac muscle cell	not available	cell	single cell	male	not available	adult	not available	not available	not pooled	PXD064518_TMT16_TMT128N	1	manual picking	not available	one cardiomyocyte; channel-to-genotype assignment unavailable	20221019_Ec_01_SC_CNIC-KI_TMT16	proteomic profiling by mass spectrometry	20221019_Ec_01_SC_CNIC-KI_TMT16.raw	ftp://ftp.pride.ebi.ac.uk/pride/data/archive/2026/04/PXD064518/20221019_Ec_01_SC_CNIC-KI_TMT16.raw	TMT128N	1	1	NT=Orbitrap Eclipse;AC=MS:1003029	NT=Data-dependent acquisition;AC=PRIDE:0000627	NT=Trypsin;AC=MS:1001251	TMT131	not applicable	TMT16	NT=collision-induced dissociation;AC=MS:1000133	NT=beam-type collision-induced dissociation;AC=MS:1000422	not available	375m/z-1500m/z	not available	not available	not applicable	NT=TMT6plex;AC=UNIMOD:737;MT=fixed;PP=Any N-term	NT=TMT6plex;AC=UNIMOD:737;MT=fixed;TA=K;PP=Anywhere	NT=Oxidation;AC=UNIMOD:35;MT=variable;TA=M;PP=Anywhere	NT=Acetyl;AC=UNIMOD:1;MT=variable;PP=Protein N-term	v3.0.0	ms-proteomics v1.1.0	vertebrates v1.1.0	single-cell v1.0.0
PXD064518_TMT16_TMT128C	Mus musculus	heart	cardiac muscle cell	not available	cell	single cell	male	not available	adult	not available	not available	not pooled	PXD064518_TMT16_TMT128C	1	manual picking	not available	one cardiomyocyte; channel-to-genotype assignment unavailable	20221019_Ec_01_SC_CNIC-KI_TMT16	proteomic profiling by mass spectrometry	20221019_Ec_01_SC_CNIC-KI_TMT16.raw	ftp://ftp.pride.ebi.ac.uk/pride/data/archive/2026/04/PXD064518/20221019_Ec_01_SC_CNIC-KI_TMT16.raw	TMT128C	1	1	NT=Orbitrap Eclipse;AC=MS:1003029	NT=Data-dependent acquisition;AC=PRIDE:0000627	NT=Trypsin;AC=MS:1001251	TMT131	not applicable	TMT16	NT=collision-induced dissociation;AC=MS:1000133	NT=beam-type collision-induced dissociation;AC=MS:1000422	not available	375m/z-1500m/z	not available	not available	not applicable	NT=TMT6plex;AC=UNIMOD:737;MT=fixed;PP=Any N-term	NT=TMT6plex;AC=UNIMOD:737;MT=fixed;TA=K;PP=Anywhere	NT=Oxidation;AC=UNIMOD:35;MT=variable;TA=M;PP=Anywhere	NT=Acetyl;AC=UNIMOD:1;MT=variable;PP=Protein N-term	v3.0.0	ms-proteomics v1.1.0	vertebrates v1.1.0	single-cell v1.0.0
PXD064518_TMT16_TMT129N	Mus musculus	heart	cardiac muscle cell	not available	cell	single cell	male	not available	adult	not available	not available	not pooled	PXD064518_TMT16_TMT129N	1	manual picking	not available	one cardiomyocyte; channel-to-genotype assignment unavailable	20221019_Ec_01_SC_CNIC-KI_TMT16	proteomic profiling by mass spectrometry	20221019_Ec_01_SC_CNIC-KI_TMT16.raw	ftp://ftp.pride.ebi.ac.uk/pride/data/archive/2026/04/PXD064518/20221019_Ec_01_SC_CNIC-KI_TMT16.raw	TMT129N	1	1	NT=Orbitrap Eclipse;AC=MS:1003029	NT=Data-dependent acquisition;AC=PRIDE:0000627	NT=Trypsin;AC=MS:1001251	TMT131	not applicable	TMT16	NT=collision-induced dissociation;AC=MS:1000133	NT=beam-type collision-induced dissociation;AC=MS:1000422	not available	375m/z-1500m/z	not available	not available	not applicable	NT=TMT6plex;AC=UNIMOD:737;MT=fixed;PP=Any N-term	NT=TMT6plex;AC=UNIMOD:737;MT=fixed;TA=K;PP=Anywhere	NT=Oxidation;AC=UNIMOD:35;MT=variable;TA=M;PP=Anywhere	NT=Acetyl;AC=UNIMOD:1;MT=variable;PP=Protein N-term	v3.0.0	ms-proteomics v1.1.0	vertebrates v1.1.0	single-cell v1.0.0
PXD064518_TMT16_TMT129C	Mus musculus	heart	cardiac muscle cell	not available	cell	single cell	male	not available	adult	not available	not available	not pooled	PXD064518_TMT16_TMT129C	1	manual picking	not available	one cardiomyocyte; channel-to-genotype assignment unavailable	20221019_Ec_01_SC_CNIC-KI_TMT16	proteomic profiling by mass spectrometry	20221019_Ec_01_SC_CNIC-KI_TMT16.raw	ftp://ftp.pride.ebi.ac.uk/pride/data/archive/2026/04/PXD064518/20221019_Ec_01_SC_CNIC-KI_TMT16.raw	TMT129C	1	1	NT=Orbitrap Eclipse;AC=MS:1003029	NT=Data-dependent acquisition;AC=PRIDE:0000627	NT=Trypsin;AC=MS:1001251	TMT131	not applicable	TMT16	NT=collision-induced dissociation;AC=MS:1000133	NT=beam-type collision-induced dissociation;AC=MS:1000422	not available	375m/z-1500m/z	not available	not available	not applicable	NT=TMT6plex;AC=UNIMOD:737;MT=fixed;PP=Any N-term	NT=TMT6plex;AC=UNIMOD:737;MT=fixed;TA=K;PP=Anywhere	NT=Oxidation;AC=UNIMOD:35;MT=variable;TA=M;PP=Anywhere	NT=Acetyl;AC=UNIMOD:1;MT=variable;PP=Protein N-term	v3.0.0	ms-proteomics v1.1.0	vertebrates v1.1.0	single-cell v1.0.0
PXD064518_TMT16_TMT130C	Mus musculus	heart	cardiac muscle cell	not available	cell	single cell	male	not available	adult	not available	not available	not pooled	PXD064518_TMT16_TMT130C	1	manual picking	not available	one cardiomyocyte; channel-to-genotype assignment unavailable	20221019_Ec_01_SC_CNIC-KI_TMT16	proteomic profiling by mass spectrometry	20221019_Ec_01_SC_CNIC-KI_TMT16.raw	ftp://ftp.pride.ebi.ac.uk/pride/data/archive/2026/04/PXD064518/20221019_Ec_01_SC_CNIC-KI_TMT16.raw	TMT130C	1	1	NT=Orbitrap Eclipse;AC=MS:1003029	NT=Data-dependent acquisition;AC=PRIDE:0000627	NT=Trypsin;AC=MS:1001251	TMT131	not applicable	TMT16	NT=collision-induced dissociation;AC=MS:1000133	NT=beam-type collision-induced dissociation;AC=MS:1000422	not available	375m/z-1500m/z	not available	not available	not applicable	NT=TMT6plex;AC=UNIMOD:737;MT=fixed;PP=Any N-term	NT=TMT6plex;AC=UNIMOD:737;MT=fixed;TA=K;PP=Anywhere	NT=Oxidation;AC=UNIMOD:35;MT=variable;TA=M;PP=Anywhere	NT=Acetyl;AC=UNIMOD:1;MT=variable;PP=Protein N-term	v3.0.0	ms-proteomics v1.1.0	vertebrates v1.1.0	single-cell v1.0.0
PXD064518_TMT16_TMT131	Mus musculus	heart	cardiac muscle cell	not available	cell	carrier	male	not available	adult	not available	pooled	pooled	not applicable	200	not available	mixed control and Myc-overexpressing cardiomyocytes	100 control plus 100 Myc-overexpressing cardiomyocytes	20221019_Ec_01_SC_CNIC-KI_TMT16	proteomic profiling by mass spectrometry	20221019_Ec_01_SC_CNIC-KI_TMT16.raw	ftp://ftp.pride.ebi.ac.uk/pride/data/archive/2026/04/PXD064518/20221019_Ec_01_SC_CNIC-KI_TMT16.raw	TMT131	1	1	NT=Orbitrap Eclipse;AC=MS:1003029	NT=Data-dependent acquisition;AC=PRIDE:0000627	NT=Trypsin;AC=MS:1001251	TMT131	not applicable	TMT16	NT=collision-induced dissociation;AC=MS:1000133	NT=beam-type collision-induced dissociation;AC=MS:1000422	not available	375m/z-1500m/z	not available	not available	not applicable	NT=TMT6plex;AC=UNIMOD:737;MT=fixed;PP=Any N-term	NT=TMT6plex;AC=UNIMOD:737;MT=fixed;TA=K;PP=Anywhere	NT=Oxidation;AC=UNIMOD:35;MT=variable;TA=M;PP=Anywhere	NT=Acetyl;AC=UNIMOD:1;MT=variable;PP=Protein N-term	v3.0.0	ms-proteomics v1.1.0	vertebrates v1.1.0	single-cell v1.0.0
PXD064518_TMT17_TMT126	Mus musculus	heart	cardiac muscle cell	not available	cell	single cell	male	not available	adult	not available	not available	not pooled	PXD064518_TMT17_TMT126	1	manual picking	not available	one cardiomyocyte; channel-to-genotype assignment unavailable	20221019_Ec_01_SC_CNIC-KI_TMT17	proteomic profiling by mass spectrometry	20221019_Ec_01_SC_CNIC-KI_TMT17.raw	ftp://ftp.pride.ebi.ac.uk/pride/data/archive/2026/04/PXD064518/20221019_Ec_01_SC_CNIC-KI_TMT17.raw	TMT126	1	1	NT=Orbitrap Eclipse;AC=MS:1003029	NT=Data-dependent acquisition;AC=PRIDE:0000627	NT=Trypsin;AC=MS:1001251	TMT131	not applicable	TMT17	NT=collision-induced dissociation;AC=MS:1000133	NT=beam-type collision-induced dissociation;AC=MS:1000422	not available	375m/z-1500m/z	not available	not available	not applicable	NT=TMT6plex;AC=UNIMOD:737;MT=fixed;PP=Any N-term	NT=TMT6plex;AC=UNIMOD:737;MT=fixed;TA=K;PP=Anywhere	NT=Oxidation;AC=UNIMOD:35;MT=variable;TA=M;PP=Anywhere	NT=Acetyl;AC=UNIMOD:1;MT=variable;PP=Protein N-term	v3.0.0	ms-proteomics v1.1.0	vertebrates v1.1.0	single-cell v1.0.0
PXD064518_TMT17_TMT127N	Mus musculus	heart	cardiac muscle cell	not available	cell	single cell	male	not available	adult	not available	not available	not pooled	PXD064518_TMT17_TMT127N	1	manual picking	not available	one cardiomyocyte; channel-to-genotype assignment unavailable	20221019_Ec_01_SC_CNIC-KI_TMT17	proteomic profiling by mass spectrometry	20221019_Ec_01_SC_CNIC-KI_TMT17.raw	ftp://ftp.pride.ebi.ac.uk/pride/data/archive/2026/04/PXD064518/20221019_Ec_01_SC_CNIC-KI_TMT17.raw	TMT127N	1	1	NT=Orbitrap Eclipse;AC=MS:1003029	NT=Data-dependent acquisition;AC=PRIDE:0000627	NT=Trypsin;AC=MS:1001251	TMT131	not applicable	TMT17	NT=collision-induced dissociation;AC=MS:1000133	NT=beam-type collision-induced dissociation;AC=MS:1000422	not available	375m/z-1500m/z	not available	not available	not applicable	NT=TMT6plex;AC=UNIMOD:737;MT=fixed;PP=Any N-term	NT=TMT6plex;AC=UNIMOD:737;MT=fixed;TA=K;PP=Anywhere	NT=Oxidation;AC=UNIMOD:35;MT=variable;TA=M;PP=Anywhere	NT=Acetyl;AC=UNIMOD:1;MT=variable;PP=Protein N-term	v3.0.0	ms-proteomics v1.1.0	vertebrates v1.1.0	single-cell v1.0.0
PXD064518_TMT17_TMT127C	Mus musculus	heart	cardiac muscle cell	not available	cell	single cell	male	not available	adult	not available	not available	not pooled	PXD064518_TMT17_TMT127C	1	manual picking	not available	one cardiomyocyte; channel-to-genotype assignment unavailable	20221019_Ec_01_SC_CNIC-KI_TMT17	proteomic profiling by mass spectrometry	20221019_Ec_01_SC_CNIC-KI_TMT17.raw	ftp://ftp.pride.ebi.ac.uk/pride/data/archive/2026/04/PXD064518/20221019_Ec_01_SC_CNIC-KI_TMT17.raw	TMT127C	1	1	NT=Orbitrap Eclipse;AC=MS:1003029	NT=Data-dependent acquisition;AC=PRIDE:0000627	NT=Trypsin;AC=MS:1001251	TMT131	not applicable	TMT17	NT=collision-induced dissociation;AC=MS:1000133	NT=beam-type collision-induced dissociation;AC=MS:1000422	not available	375m/z-1500m/z	not available	not available	not applicable	NT=TMT6plex;AC=UNIMOD:737;MT=fixed;PP=Any N-term	NT=TMT6plex;AC=UNIMOD:737;MT=fixed;TA=K;PP=Anywhere	NT=Oxidation;AC=UNIMOD:35;MT=variable;TA=M;PP=Anywhere	NT=Acetyl;AC=UNIMOD:1;MT=variable;PP=Protein N-term	v3.0.0	ms-proteomics v1.1.0	vertebrates v1.1.0	single-cell v1.0.0
PXD064518_TMT17_TMT128N	Mus musculus	heart	cardiac muscle cell	not available	cell	single cell	male	not available	adult	not available	not available	not pooled	PXD064518_TMT17_TMT128N	1	manual picking	not available	one cardiomyocyte; channel-to-genotype assignment unavailable	20221019_Ec_01_SC_CNIC-KI_TMT17	proteomic profiling by mass spectrometry	20221019_Ec_01_SC_CNIC-KI_TMT17.raw	ftp://ftp.pride.ebi.ac.uk/pride/data/archive/2026/04/PXD064518/20221019_Ec_01_SC_CNIC-KI_TMT17.raw	TMT128N	1	1	NT=Orbitrap Eclipse;AC=MS:1003029	NT=Data-dependent acquisition;AC=PRIDE:0000627	NT=Trypsin;AC=MS:1001251	TMT131	not applicable	TMT17	NT=collision-induced dissociation;AC=MS:1000133	NT=beam-type collision-induced dissociation;AC=MS:1000422	not available	375m/z-1500m/z	not available	not available	not applicable	NT=TMT6plex;AC=UNIMOD:737;MT=fixed;PP=Any N-term	NT=TMT6plex;AC=UNIMOD:737;MT=fixed;TA=K;PP=Anywhere	NT=Oxidation;AC=UNIMOD:35;MT=variable;TA=M;PP=Anywhere	NT=Acetyl;AC=UNIMOD:1;MT=variable;PP=Protein N-term	v3.0.0	ms-proteomics v1.1.0	vertebrates v1.1.0	single-cell v1.0.0
PXD064518_TMT17_TMT128C	Mus musculus	heart	cardiac muscle cell	not available	cell	single cell	male	not available	adult	not available	not available	not pooled	PXD064518_TMT17_TMT128C	1	manual picking	not available	one cardiomyocyte; channel-to-genotype assignment unavailable	20221019_Ec_01_SC_CNIC-KI_TMT17	proteomic profiling by mass spectrometry	20221019_Ec_01_SC_CNIC-KI_TMT17.raw	ftp://ftp.pride.ebi.ac.uk/pride/data/archive/2026/04/PXD064518/20221019_Ec_01_SC_CNIC-KI_TMT17.raw	TMT128C	1	1	NT=Orbitrap Eclipse;AC=MS:1003029	NT=Data-dependent acquisition;AC=PRIDE:0000627	NT=Trypsin;AC=MS:1001251	TMT131	not applicable	TMT17	NT=collision-induced dissociation;AC=MS:1000133	NT=beam-type collision-induced dissociation;AC=MS:1000422	not available	375m/z-1500m/z	not available	not available	not applicable	NT=TMT6plex;AC=UNIMOD:737;MT=fixed;PP=Any N-term	NT=TMT6plex;AC=UNIMOD:737;MT=fixed;TA=K;PP=Anywhere	NT=Oxidation;AC=UNIMOD:35;MT=variable;TA=M;PP=Anywhere	NT=Acetyl;AC=UNIMOD:1;MT=variable;PP=Protein N-term	v3.0.0	ms-proteomics v1.1.0	vertebrates v1.1.0	single-cell v1.0.0
PXD064518_TMT17_TMT129N	Mus musculus	heart	cardiac muscle cell	not available	cell	single cell	male	not available	adult	not available	not available	not pooled	PXD064518_TMT17_TMT129N	1	manual picking	not available	one cardiomyocyte; channel-to-genotype assignment unavailable	20221019_Ec_01_SC_CNIC-KI_TMT17	proteomic profiling by mass spectrometry	20221019_Ec_01_SC_CNIC-KI_TMT17.raw	ftp://ftp.pride.ebi.ac.uk/pride/data/archive/2026/04/PXD064518/20221019_Ec_01_SC_CNIC-KI_TMT17.raw	TMT129N	1	1	NT=Orbitrap Eclipse;AC=MS:1003029	NT=Data-dependent acquisition;AC=PRIDE:0000627	NT=Trypsin;AC=MS:1001251	TMT131	not applicable	TMT17	NT=collision-induced dissociation;AC=MS:1000133	NT=beam-type collision-induced dissociation;AC=MS:1000422	not available	375m/z-1500m/z	not available	not available	not applicable	NT=TMT6plex;AC=UNIMOD:737;MT=fixed;PP=Any N-term	NT=TMT6plex;AC=UNIMOD:737;MT=fixed;TA=K;PP=Anywhere	NT=Oxidation;AC=UNIMOD:35;MT=variable;TA=M;PP=Anywhere	NT=Acetyl;AC=UNIMOD:1;MT=variable;PP=Protein N-term	v3.0.0	ms-proteomics v1.1.0	vertebrates v1.1.0	single-cell v1.0.0
PXD064518_TMT17_TMT129C	Mus musculus	heart	cardiac muscle cell	not available	cell	single cell	male	not available	adult	not available	not available	not pooled	PXD064518_TMT17_TMT129C	1	manual picking	not available	one cardiomyocyte; channel-to-genotype assignment unavailable	20221019_Ec_01_SC_CNIC-KI_TMT17	proteomic profiling by mass spectrometry	20221019_Ec_01_SC_CNIC-KI_TMT17.raw	ftp://ftp.pride.ebi.ac.uk/pride/data/archive/2026/04/PXD064518/20221019_Ec_01_SC_CNIC-KI_TMT17.raw	TMT129C	1	1	NT=Orbitrap Eclipse;AC=MS:1003029	NT=Data-dependent acquisition;AC=PRIDE:0000627	NT=Trypsin;AC=MS:1001251	TMT131	not applicable	TMT17	NT=collision-induced dissociation;AC=MS:1000133	NT=beam-type collision-induced dissociation;AC=MS:1000422	not available	375m/z-1500m/z	not available	not available	not applicable	NT=TMT6plex;AC=UNIMOD:737;MT=fixed;PP=Any N-term	NT=TMT6plex;AC=UNIMOD:737;MT=fixed;TA=K;PP=Anywhere	NT=Oxidation;AC=UNIMOD:35;MT=variable;TA=M;PP=Anywhere	NT=Acetyl;AC=UNIMOD:1;MT=variable;PP=Protein N-term	v3.0.0	ms-proteomics v1.1.0	vertebrates v1.1.0	single-cell v1.0.0
PXD064518_TMT17_TMT130C	Mus musculus	heart	cardiac muscle cell	not available	cell	single cell	male	not available	adult	not available	not available	not pooled	PXD064518_TMT17_TMT130C	1	manual picking	not available	one cardiomyocyte; channel-to-genotype assignment unavailable	20221019_Ec_01_SC_CNIC-KI_TMT17	proteomic profiling by mass spectrometry	20221019_Ec_01_SC_CNIC-KI_TMT17.raw	ftp://ftp.pride.ebi.ac.uk/pride/data/archive/2026/04/PXD064518/20221019_Ec_01_SC_CNIC-KI_TMT17.raw	TMT130C	1	1	NT=Orbitrap Eclipse;AC=MS:1003029	NT=Data-dependent acquisition;AC=PRIDE:0000627	NT=Trypsin;AC=MS:1001251	TMT131	not applicable	TMT17	NT=collision-induced dissociation;AC=MS:1000133	NT=beam-type collision-induced dissociation;AC=MS:1000422	not available	375m/z-1500m/z	not available	not available	not applicable	NT=TMT6plex;AC=UNIMOD:737;MT=fixed;PP=Any N-term	NT=TMT6plex;AC=UNIMOD:737;MT=fixed;TA=K;PP=Anywhere	NT=Oxidation;AC=UNIMOD:35;MT=variable;TA=M;PP=Anywhere	NT=Acetyl;AC=UNIMOD:1;MT=variable;PP=Protein N-term	v3.0.0	ms-proteomics v1.1.0	vertebrates v1.1.0	single-cell v1.0.0
PXD064518_TMT17_TMT131	Mus musculus	heart	cardiac muscle cell	not available	cell	carrier	male	not available	adult	not available	pooled	pooled	not applicable	200	not available	mixed control and Myc-overexpressing cardiomyocytes	100 control plus 100 Myc-overexpressing cardiomyocytes	20221019_Ec_01_SC_CNIC-KI_TMT17	proteomic profiling by mass spectrometry	20221019_Ec_01_SC_CNIC-KI_TMT17.raw	ftp://ftp.pride.ebi.ac.uk/pride/data/archive/2026/04/PXD064518/20221019_Ec_01_SC_CNIC-KI_TMT17.raw	TMT131	1	1	NT=Orbitrap Eclipse;AC=MS:1003029	NT=Data-dependent acquisition;AC=PRIDE:0000627	NT=Trypsin;AC=MS:1001251	TMT131	not applicable	TMT17	NT=collision-induced dissociation;AC=MS:1000133	NT=beam-type collision-induced dissociation;AC=MS:1000422	not available	375m/z-1500m/z	not available	not available	not applicable	NT=TMT6plex;AC=UNIMOD:737;MT=fixed;PP=Any N-term	NT=TMT6plex;AC=UNIMOD:737;MT=fixed;TA=K;PP=Anywhere	NT=Oxidation;AC=UNIMOD:35;MT=variable;TA=M;PP=Anywhere	NT=Acetyl;AC=UNIMOD:1;MT=variable;PP=Protein N-term	v3.0.0	ms-proteomics v1.1.0	vertebrates v1.1.0	single-cell v1.0.0
PXD064518_TMT18_TMT126	Mus musculus	heart	cardiac muscle cell	not available	cell	single cell	male	not available	adult	not available	not available	not pooled	PXD064518_TMT18_TMT126	1	manual picking	not available	one cardiomyocyte; channel-to-genotype assignment unavailable	20221019_Ec_01_SC_CNIC-KI_TMT18	proteomic profiling by mass spectrometry	20221019_Ec_01_SC_CNIC-KI_TMT18.raw	ftp://ftp.pride.ebi.ac.uk/pride/data/archive/2026/04/PXD064518/20221019_Ec_01_SC_CNIC-KI_TMT18.raw	TMT126	1	1	NT=Orbitrap Eclipse;AC=MS:1003029	NT=Data-dependent acquisition;AC=PRIDE:0000627	NT=Trypsin;AC=MS:1001251	TMT131	not applicable	TMT18	NT=collision-induced dissociation;AC=MS:1000133	NT=beam-type collision-induced dissociation;AC=MS:1000422	not available	375m/z-1500m/z	not available	not available	not applicable	NT=TMT6plex;AC=UNIMOD:737;MT=fixed;PP=Any N-term	NT=TMT6plex;AC=UNIMOD:737;MT=fixed;TA=K;PP=Anywhere	NT=Oxidation;AC=UNIMOD:35;MT=variable;TA=M;PP=Anywhere	NT=Acetyl;AC=UNIMOD:1;MT=variable;PP=Protein N-term	v3.0.0	ms-proteomics v1.1.0	vertebrates v1.1.0	single-cell v1.0.0
PXD064518_TMT18_TMT127N	Mus musculus	heart	cardiac muscle cell	not available	cell	single cell	male	not available	adult	not available	not available	not pooled	PXD064518_TMT18_TMT127N	1	manual picking	not available	one cardiomyocyte; channel-to-genotype assignment unavailable	20221019_Ec_01_SC_CNIC-KI_TMT18	proteomic profiling by mass spectrometry	20221019_Ec_01_SC_CNIC-KI_TMT18.raw	ftp://ftp.pride.ebi.ac.uk/pride/data/archive/2026/04/PXD064518/20221019_Ec_01_SC_CNIC-KI_TMT18.raw	TMT127N	1	1	NT=Orbitrap Eclipse;AC=MS:1003029	NT=Data-dependent acquisition;AC=PRIDE:0000627	NT=Trypsin;AC=MS:1001251	TMT131	not applicable	TMT18	NT=collision-induced dissociation;AC=MS:1000133	NT=beam-type collision-induced dissociation;AC=MS:1000422	not available	375m/z-1500m/z	not available	not available	not applicable	NT=TMT6plex;AC=UNIMOD:737;MT=fixed;PP=Any N-term	NT=TMT6plex;AC=UNIMOD:737;MT=fixed;TA=K;PP=Anywhere	NT=Oxidation;AC=UNIMOD:35;MT=variable;TA=M;PP=Anywhere	NT=Acetyl;AC=UNIMOD:1;MT=variable;PP=Protein N-term	v3.0.0	ms-proteomics v1.1.0	vertebrates v1.1.0	single-cell v1.0.0
PXD064518_TMT18_TMT127C	Mus musculus	heart	cardiac muscle cell	not available	cell	single cell	male	not available	adult	not available	not available	not pooled	PXD064518_TMT18_TMT127C	1	manual picking	not available	one cardiomyocyte; channel-to-genotype assignment unavailable	20221019_Ec_01_SC_CNIC-KI_TMT18	proteomic profiling by mass spectrometry	20221019_Ec_01_SC_CNIC-KI_TMT18.raw	ftp://ftp.pride.ebi.ac.uk/pride/data/archive/2026/04/PXD064518/20221019_Ec_01_SC_CNIC-KI_TMT18.raw	TMT127C	1	1	NT=Orbitrap Eclipse;AC=MS:1003029	NT=Data-dependent acquisition;AC=PRIDE:0000627	NT=Trypsin;AC=MS:1001251	TMT131	not applicable	TMT18	NT=collision-induced dissociation;AC=MS:1000133	NT=beam-type collision-induced dissociation;AC=MS:1000422	not available	375m/z-1500m/z	not available	not available	not applicable	NT=TMT6plex;AC=UNIMOD:737;MT=fixed;PP=Any N-term	NT=TMT6plex;AC=UNIMOD:737;MT=fixed;TA=K;PP=Anywhere	NT=Oxidation;AC=UNIMOD:35;MT=variable;TA=M;PP=Anywhere	NT=Acetyl;AC=UNIMOD:1;MT=variable;PP=Protein N-term	v3.0.0	ms-proteomics v1.1.0	vertebrates v1.1.0	single-cell v1.0.0
PXD064518_TMT18_TMT128N	Mus musculus	heart	cardiac muscle cell	not available	cell	single cell	male	not available	adult	not available	not available	not pooled	PXD064518_TMT18_TMT128N	1	manual picking	not available	one cardiomyocyte; channel-to-genotype assignment unavailable	20221019_Ec_01_SC_CNIC-KI_TMT18	proteomic profiling by mass spectrometry	20221019_Ec_01_SC_CNIC-KI_TMT18.raw	ftp://ftp.pride.ebi.ac.uk/pride/data/archive/2026/04/PXD064518/20221019_Ec_01_SC_CNIC-KI_TMT18.raw	TMT128N	1	1	NT=Orbitrap Eclipse;AC=MS:1003029	NT=Data-dependent acquisition;AC=PRIDE:0000627	NT=Trypsin;AC=MS:1001251	TMT131	not applicable	TMT18	NT=collision-induced dissociation;AC=MS:1000133	NT=beam-type collision-induced dissociation;AC=MS:1000422	not available	375m/z-1500m/z	not available	not available	not applicable	NT=TMT6plex;AC=UNIMOD:737;MT=fixed;PP=Any N-term	NT=TMT6plex;AC=UNIMOD:737;MT=fixed;TA=K;PP=Anywhere	NT=Oxidation;AC=UNIMOD:35;MT=variable;TA=M;PP=Anywhere	NT=Acetyl;AC=UNIMOD:1;MT=variable;PP=Protein N-term	v3.0.0	ms-proteomics v1.1.0	vertebrates v1.1.0	single-cell v1.0.0
PXD064518_TMT18_TMT128C	Mus musculus	heart	cardiac muscle cell	not available	cell	single cell	male	not available	adult	not available	not available	not pooled	PXD064518_TMT18_TMT128C	1	manual picking	not available	one cardiomyocyte; channel-to-genotype assignment unavailable	20221019_Ec_01_SC_CNIC-KI_TMT18	proteomic profiling by mass spectrometry	20221019_Ec_01_SC_CNIC-KI_TMT18.raw	ftp://ftp.pride.ebi.ac.uk/pride/data/archive/2026/04/PXD064518/20221019_Ec_01_SC_CNIC-KI_TMT18.raw	TMT128C	1	1	NT=Orbitrap Eclipse;AC=MS:1003029	NT=Data-dependent acquisition;AC=PRIDE:0000627	NT=Trypsin;AC=MS:1001251	TMT131	not applicable	TMT18	NT=collision-induced dissociation;AC=MS:1000133	NT=beam-type collision-induced dissociation;AC=MS:1000422	not available	375m/z-1500m/z	not available	not available	not applicable	NT=TMT6plex;AC=UNIMOD:737;MT=fixed;PP=Any N-term	NT=TMT6plex;AC=UNIMOD:737;MT=fixed;TA=K;PP=Anywhere	NT=Oxidation;AC=UNIMOD:35;MT=variable;TA=M;PP=Anywhere	NT=Acetyl;AC=UNIMOD:1;MT=variable;PP=Protein N-term	v3.0.0	ms-proteomics v1.1.0	vertebrates v1.1.0	single-cell v1.0.0
PXD064518_TMT18_TMT129N	Mus musculus	heart	cardiac muscle cell	not available	cell	single cell	male	not available	adult	not available	not available	not pooled	PXD064518_TMT18_TMT129N	1	manual picking	not available	one cardiomyocyte; channel-to-genotype assignment unavailable	20221019_Ec_01_SC_CNIC-KI_TMT18	proteomic profiling by mass spectrometry	20221019_Ec_01_SC_CNIC-KI_TMT18.raw	ftp://ftp.pride.ebi.ac.uk/pride/data/archive/2026/04/PXD064518/20221019_Ec_01_SC_CNIC-KI_TMT18.raw	TMT129N	1	1	NT=Orbitrap Eclipse;AC=MS:1003029	NT=Data-dependent acquisition;AC=PRIDE:0000627	NT=Trypsin;AC=MS:1001251	TMT131	not applicable	TMT18	NT=collision-induced dissociation;AC=MS:1000133	NT=beam-type collision-induced dissociation;AC=MS:1000422	not available	375m/z-1500m/z	not available	not available	not applicable	NT=TMT6plex;AC=UNIMOD:737;MT=fixed;PP=Any N-term	NT=TMT6plex;AC=UNIMOD:737;MT=fixed;TA=K;PP=Anywhere	NT=Oxidation;AC=UNIMOD:35;MT=variable;TA=M;PP=Anywhere	NT=Acetyl;AC=UNIMOD:1;MT=variable;PP=Protein N-term	v3.0.0	ms-proteomics v1.1.0	vertebrates v1.1.0	single-cell v1.0.0
PXD064518_TMT18_TMT129C	Mus musculus	heart	cardiac muscle cell	not available	cell	single cell	male	not available	adult	not available	not available	not pooled	PXD064518_TMT18_TMT129C	1	manual picking	not available	one cardiomyocyte; channel-to-genotype assignment unavailable	20221019_Ec_01_SC_CNIC-KI_TMT18	proteomic profiling by mass spectrometry	20221019_Ec_01_SC_CNIC-KI_TMT18.raw	ftp://ftp.pride.ebi.ac.uk/pride/data/archive/2026/04/PXD064518/20221019_Ec_01_SC_CNIC-KI_TMT18.raw	TMT129C	1	1	NT=Orbitrap Eclipse;AC=MS:1003029	NT=Data-dependent acquisition;AC=PRIDE:0000627	NT=Trypsin;AC=MS:1001251	TMT131	not applicable	TMT18	NT=collision-induced dissociation;AC=MS:1000133	NT=beam-type collision-induced dissociation;AC=MS:1000422	not available	375m/z-1500m/z	not available	not available	not applicable	NT=TMT6plex;AC=UNIMOD:737;MT=fixed;PP=Any N-term	NT=TMT6plex;AC=UNIMOD:737;MT=fixed;TA=K;PP=Anywhere	NT=Oxidation;AC=UNIMOD:35;MT=variable;TA=M;PP=Anywhere	NT=Acetyl;AC=UNIMOD:1;MT=variable;PP=Protein N-term	v3.0.0	ms-proteomics v1.1.0	vertebrates v1.1.0	single-cell v1.0.0
PXD064518_TMT18_TMT130C	Mus musculus	heart	cardiac muscle cell	not available	cell	single cell	male	not available	adult	not available	not available	not pooled	PXD064518_TMT18_TMT130C	1	manual picking	not available	one cardiomyocyte; channel-to-genotype assignment unavailable	20221019_Ec_01_SC_CNIC-KI_TMT18	proteomic profiling by mass spectrometry	20221019_Ec_01_SC_CNIC-KI_TMT18.raw	ftp://ftp.pride.ebi.ac.uk/pride/data/archive/2026/04/PXD064518/20221019_Ec_01_SC_CNIC-KI_TMT18.raw	TMT130C	1	1	NT=Orbitrap Eclipse;AC=MS:1003029	NT=Data-dependent acquisition;AC=PRIDE:0000627	NT=Trypsin;AC=MS:1001251	TMT131	not applicable	TMT18	NT=collision-induced dissociation;AC=MS:1000133	NT=beam-type collision-induced dissociation;AC=MS:1000422	not available	375m/z-1500m/z	not available	not available	not applicable	NT=TMT6plex;AC=UNIMOD:737;MT=fixed;PP=Any N-term	NT=TMT6plex;AC=UNIMOD:737;MT=fixed;TA=K;PP=Anywhere	NT=Oxidation;AC=UNIMOD:35;MT=variable;TA=M;PP=Anywhere	NT=Acetyl;AC=UNIMOD:1;MT=variable;PP=Protein N-term	v3.0.0	ms-proteomics v1.1.0	vertebrates v1.1.0	single-cell v1.0.0
PXD064518_TMT18_TMT131	Mus musculus	heart	cardiac muscle cell	not available	cell	carrier	male	not available	adult	not available	pooled	pooled	not applicable	200	not available	mixed control and Myc-overexpressing cardiomyocytes	100 control plus 100 Myc-overexpressing cardiomyocytes	20221019_Ec_01_SC_CNIC-KI_TMT18	proteomic profiling by mass spectrometry	20221019_Ec_01_SC_CNIC-KI_TMT18.raw	ftp://ftp.pride.ebi.ac.uk/pride/data/archive/2026/04/PXD064518/20221019_Ec_01_SC_CNIC-KI_TMT18.raw	TMT131	1	1	NT=Orbitrap Eclipse;AC=MS:1003029	NT=Data-dependent acquisition;AC=PRIDE:0000627	NT=Trypsin;AC=MS:1001251	TMT131	not applicable	TMT18	NT=collision-induced dissociation;AC=MS:1000133	NT=beam-type collision-induced dissociation;AC=MS:1000422	not available	375m/z-1500m/z	not available	not available	not applicable	NT=TMT6plex;AC=UNIMOD:737;MT=fixed;PP=Any N-term	NT=TMT6plex;AC=UNIMOD:737;MT=fixed;TA=K;PP=Anywhere	NT=Oxidation;AC=UNIMOD:35;MT=variable;TA=M;PP=Anywhere	NT=Acetyl;AC=UNIMOD:1;MT=variable;PP=Protein N-term	v3.0.0	ms-proteomics v1.1.0	vertebrates v1.1.0	single-cell v1.0.0
PXD064518_TMT19_TMT126	Mus musculus	heart	cardiac muscle cell	not available	cell	single cell	male	not available	adult	not available	not available	not pooled	PXD064518_TMT19_TMT126	1	manual picking	not available	one cardiomyocyte; channel-to-genotype assignment unavailable	20221019_Ec_01_SC_CNIC-KI_TMT19	proteomic profiling by mass spectrometry	20221019_Ec_01_SC_CNIC-KI_TMT19.raw	ftp://ftp.pride.ebi.ac.uk/pride/data/archive/2026/04/PXD064518/20221019_Ec_01_SC_CNIC-KI_TMT19.raw	TMT126	1	1	NT=Orbitrap Eclipse;AC=MS:1003029	NT=Data-dependent acquisition;AC=PRIDE:0000627	NT=Trypsin;AC=MS:1001251	TMT131	not applicable	TMT19	NT=collision-induced dissociation;AC=MS:1000133	NT=beam-type collision-induced dissociation;AC=MS:1000422	not available	375m/z-1500m/z	not available	not available	not applicable	NT=TMT6plex;AC=UNIMOD:737;MT=fixed;PP=Any N-term	NT=TMT6plex;AC=UNIMOD:737;MT=fixed;TA=K;PP=Anywhere	NT=Oxidation;AC=UNIMOD:35;MT=variable;TA=M;PP=Anywhere	NT=Acetyl;AC=UNIMOD:1;MT=variable;PP=Protein N-term	v3.0.0	ms-proteomics v1.1.0	vertebrates v1.1.0	single-cell v1.0.0
PXD064518_TMT19_TMT127N	Mus musculus	heart	cardiac muscle cell	not available	cell	single cell	male	not available	adult	not available	not available	not pooled	PXD064518_TMT19_TMT127N	1	manual picking	not available	one cardiomyocyte; channel-to-genotype assignment unavailable	20221019_Ec_01_SC_CNIC-KI_TMT19	proteomic profiling by mass spectrometry	20221019_Ec_01_SC_CNIC-KI_TMT19.raw	ftp://ftp.pride.ebi.ac.uk/pride/data/archive/2026/04/PXD064518/20221019_Ec_01_SC_CNIC-KI_TMT19.raw	TMT127N	1	1	NT=Orbitrap Eclipse;AC=MS:1003029	NT=Data-dependent acquisition;AC=PRIDE:0000627	NT=Trypsin;AC=MS:1001251	TMT131	not applicable	TMT19	NT=collision-induced dissociation;AC=MS:1000133	NT=beam-type collision-induced dissociation;AC=MS:1000422	not available	375m/z-1500m/z	not available	not available	not applicable	NT=TMT6plex;AC=UNIMOD:737;MT=fixed;PP=Any N-term	NT=TMT6plex;AC=UNIMOD:737;MT=fixed;TA=K;PP=Anywhere	NT=Oxidation;AC=UNIMOD:35;MT=variable;TA=M;PP=Anywhere	NT=Acetyl;AC=UNIMOD:1;MT=variable;PP=Protein N-term	v3.0.0	ms-proteomics v1.1.0	vertebrates v1.1.0	single-cell v1.0.0
PXD064518_TMT19_TMT127C	Mus musculus	heart	cardiac muscle cell	not available	cell	single cell	male	not available	adult	not available	not available	not pooled	PXD064518_TMT19_TMT127C	1	manual picking	not available	one cardiomyocyte; channel-to-genotype assignment unavailable	20221019_Ec_01_SC_CNIC-KI_TMT19	proteomic profiling by mass spectrometry	20221019_Ec_01_SC_CNIC-KI_TMT19.raw	ftp://ftp.pride.ebi.ac.uk/pride/data/archive/2026/04/PXD064518/20221019_Ec_01_SC_CNIC-KI_TMT19.raw	TMT127C	1	1	NT=Orbitrap Eclipse;AC=MS:1003029	NT=Data-dependent acquisition;AC=PRIDE:0000627	NT=Trypsin;AC=MS:1001251	TMT131	not applicable	TMT19	NT=collision-induced dissociation;AC=MS:1000133	NT=beam-type collision-induced dissociation;AC=MS:1000422	not available	375m/z-1500m/z	not available	not available	not applicable	NT=TMT6plex;AC=UNIMOD:737;MT=fixed;PP=Any N-term	NT=TMT6plex;AC=UNIMOD:737;MT=fixed;TA=K;PP=Anywhere	NT=Oxidation;AC=UNIMOD:35;MT=variable;TA=M;PP=Anywhere	NT=Acetyl;AC=UNIMOD:1;MT=variable;PP=Protein N-term	v3.0.0	ms-proteomics v1.1.0	vertebrates v1.1.0	single-cell v1.0.0
PXD064518_TMT19_TMT128N	Mus musculus	heart	cardiac muscle cell	not available	cell	single cell	male	not available	adult	not available	not available	not pooled	PXD064518_TMT19_TMT128N	1	manual picking	not available	one cardiomyocyte; channel-to-genotype assignment unavailable	20221019_Ec_01_SC_CNIC-KI_TMT19	proteomic profiling by mass spectrometry	20221019_Ec_01_SC_CNIC-KI_TMT19.raw	ftp://ftp.pride.ebi.ac.uk/pride/data/archive/2026/04/PXD064518/20221019_Ec_01_SC_CNIC-KI_TMT19.raw	TMT128N	1	1	NT=Orbitrap Eclipse;AC=MS:1003029	NT=Data-dependent acquisition;AC=PRIDE:0000627	NT=Trypsin;AC=MS:1001251	TMT131	not applicable	TMT19	NT=collision-induced dissociation;AC=MS:1000133	NT=beam-type collision-induced dissociation;AC=MS:1000422	not available	375m/z-1500m/z	not available	not available	not applicable	NT=TMT6plex;AC=UNIMOD:737;MT=fixed;PP=Any N-term	NT=TMT6plex;AC=UNIMOD:737;MT=fixed;TA=K;PP=Anywhere	NT=Oxidation;AC=UNIMOD:35;MT=variable;TA=M;PP=Anywhere	NT=Acetyl;AC=UNIMOD:1;MT=variable;PP=Protein N-term	v3.0.0	ms-proteomics v1.1.0	vertebrates v1.1.0	single-cell v1.0.0
PXD064518_TMT19_TMT128C	Mus musculus	heart	cardiac muscle cell	not available	cell	single cell	male	not available	adult	not available	not available	not pooled	PXD064518_TMT19_TMT128C	1	manual picking	not available	one cardiomyocyte; channel-to-genotype assignment unavailable	20221019_Ec_01_SC_CNIC-KI_TMT19	proteomic profiling by mass spectrometry	20221019_Ec_01_SC_CNIC-KI_TMT19.raw	ftp://ftp.pride.ebi.ac.uk/pride/data/archive/2026/04/PXD064518/20221019_Ec_01_SC_CNIC-KI_TMT19.raw	TMT128C	1	1	NT=Orbitrap Eclipse;AC=MS:1003029	NT=Data-dependent acquisition;AC=PRIDE:0000627	NT=Trypsin;AC=MS:1001251	TMT131	not applicable	TMT19	NT=collision-induced dissociation;AC=MS:1000133	NT=beam-type collision-induced dissociation;AC=MS:1000422	not available	375m/z-1500m/z	not available	not available	not applicable	NT=TMT6plex;AC=UNIMOD:737;MT=fixed;PP=Any N-term	NT=TMT6plex;AC=UNIMOD:737;MT=fixed;TA=K;PP=Anywhere	NT=Oxidation;AC=UNIMOD:35;MT=variable;TA=M;PP=Anywhere	NT=Acetyl;AC=UNIMOD:1;MT=variable;PP=Protein N-term	v3.0.0	ms-proteomics v1.1.0	vertebrates v1.1.0	single-cell v1.0.0
PXD064518_TMT19_TMT129N	Mus musculus	heart	cardiac muscle cell	not available	cell	single cell	male	not available	adult	not available	not available	not pooled	PXD064518_TMT19_TMT129N	1	manual picking	not available	one cardiomyocyte; channel-to-genotype assignment unavailable	20221019_Ec_01_SC_CNIC-KI_TMT19	proteomic profiling by mass spectrometry	20221019_Ec_01_SC_CNIC-KI_TMT19.raw	ftp://ftp.pride.ebi.ac.uk/pride/data/archive/2026/04/PXD064518/20221019_Ec_01_SC_CNIC-KI_TMT19.raw	TMT129N	1	1	NT=Orbitrap Eclipse;AC=MS:1003029	NT=Data-dependent acquisition;AC=PRIDE:0000627	NT=Trypsin;AC=MS:1001251	TMT131	not applicable	TMT19	NT=collision-induced dissociation;AC=MS:1000133	NT=beam-type collision-induced dissociation;AC=MS:1000422	not available	375m/z-1500m/z	not available	not available	not applicable	NT=TMT6plex;AC=UNIMOD:737;MT=fixed;PP=Any N-term	NT=TMT6plex;AC=UNIMOD:737;MT=fixed;TA=K;PP=Anywhere	NT=Oxidation;AC=UNIMOD:35;MT=variable;TA=M;PP=Anywhere	NT=Acetyl;AC=UNIMOD:1;MT=variable;PP=Protein N-term	v3.0.0	ms-proteomics v1.1.0	vertebrates v1.1.0	single-cell v1.0.0
PXD064518_TMT19_TMT129C	Mus musculus	heart	cardiac muscle cell	not available	cell	single cell	male	not available	adult	not available	not available	not pooled	PXD064518_TMT19_TMT129C	1	manual picking	not available	one cardiomyocyte; channel-to-genotype assignment unavailable	20221019_Ec_01_SC_CNIC-KI_TMT19	proteomic profiling by mass spectrometry	20221019_Ec_01_SC_CNIC-KI_TMT19.raw	ftp://ftp.pride.ebi.ac.uk/pride/data/archive/2026/04/PXD064518/20221019_Ec_01_SC_CNIC-KI_TMT19.raw	TMT129C	1	1	NT=Orbitrap Eclipse;AC=MS:1003029	NT=Data-dependent acquisition;AC=PRIDE:0000627	NT=Trypsin;AC=MS:1001251	TMT131	not applicable	TMT19	NT=collision-induced dissociation;AC=MS:1000133	NT=beam-type collision-induced dissociation;AC=MS:1000422	not available	375m/z-1500m/z	not available	not available	not applicable	NT=TMT6plex;AC=UNIMOD:737;MT=fixed;PP=Any N-term	NT=TMT6plex;AC=UNIMOD:737;MT=fixed;TA=K;PP=Anywhere	NT=Oxidation;AC=UNIMOD:35;MT=variable;TA=M;PP=Anywhere	NT=Acetyl;AC=UNIMOD:1;MT=variable;PP=Protein N-term	v3.0.0	ms-proteomics v1.1.0	vertebrates v1.1.0	single-cell v1.0.0
PXD064518_TMT19_TMT130C	Mus musculus	heart	cardiac muscle cell	not available	cell	single cell	male	not available	adult	not available	not available	not pooled	PXD064518_TMT19_TMT130C	1	manual picking	not available	one cardiomyocyte; channel-to-genotype assignment unavailable	20221019_Ec_01_SC_CNIC-KI_TMT19	proteomic profiling by mass spectrometry	20221019_Ec_01_SC_CNIC-KI_TMT19.raw	ftp://ftp.pride.ebi.ac.uk/pride/data/archive/2026/04/PXD064518/20221019_Ec_01_SC_CNIC-KI_TMT19.raw	TMT130C	1	1	NT=Orbitrap Eclipse;AC=MS:1003029	NT=Data-dependent acquisition;AC=PRIDE:0000627	NT=Trypsin;AC=MS:1001251	TMT131	not applicable	TMT19	NT=collision-induced dissociation;AC=MS:1000133	NT=beam-type collision-induced dissociation;AC=MS:1000422	not available	375m/z-1500m/z	not available	not available	not applicable	NT=TMT6plex;AC=UNIMOD:737;MT=fixed;PP=Any N-term	NT=TMT6plex;AC=UNIMOD:737;MT=fixed;TA=K;PP=Anywhere	NT=Oxidation;AC=UNIMOD:35;MT=variable;TA=M;PP=Anywhere	NT=Acetyl;AC=UNIMOD:1;MT=variable;PP=Protein N-term	v3.0.0	ms-proteomics v1.1.0	vertebrates v1.1.0	single-cell v1.0.0
PXD064518_TMT19_TMT131	Mus musculus	heart	cardiac muscle cell	not available	cell	carrier	male	not available	adult	not available	pooled	pooled	not applicable	200	not available	mixed control and Myc-overexpressing cardiomyocytes	100 control plus 100 Myc-overexpressing cardiomyocytes	20221019_Ec_01_SC_CNIC-KI_TMT19	proteomic profiling by mass spectrometry	20221019_Ec_01_SC_CNIC-KI_TMT19.raw	ftp://ftp.pride.ebi.ac.uk/pride/data/archive/2026/04/PXD064518/20221019_Ec_01_SC_CNIC-KI_TMT19.raw	TMT131	1	1	NT=Orbitrap Eclipse;AC=MS:1003029	NT=Data-dependent acquisition;AC=PRIDE:0000627	NT=Trypsin;AC=MS:1001251	TMT131	not applicable	TMT19	NT=collision-induced dissociation;AC=MS:1000133	NT=beam-type collision-induced dissociation;AC=MS:1000422	not available	375m/z-1500m/z	not available	not available	not applicable	NT=TMT6plex;AC=UNIMOD:737;MT=fixed;PP=Any N-term	NT=TMT6plex;AC=UNIMOD:737;MT=fixed;TA=K;PP=Anywhere	NT=Oxidation;AC=UNIMOD:35;MT=variable;TA=M;PP=Anywhere	NT=Acetyl;AC=UNIMOD:1;MT=variable;PP=Protein N-term	v3.0.0	ms-proteomics v1.1.0	vertebrates v1.1.0	single-cell v1.0.0
PXD064518_TMT2_TMT126	Mus musculus	heart	cardiac muscle cell	not available	cell	single cell	male	not available	adult	not available	not available	not pooled	PXD064518_TMT2_TMT126	1	manual picking	not available	one cardiomyocyte; channel-to-genotype assignment unavailable	20221019_Ec_01_SC_CNIC-KI_TMT2	proteomic profiling by mass spectrometry	20221019_Ec_01_SC_CNIC-KI_TMT2.raw	ftp://ftp.pride.ebi.ac.uk/pride/data/archive/2026/04/PXD064518/20221019_Ec_01_SC_CNIC-KI_TMT2.raw	TMT126	1	1	NT=Orbitrap Eclipse;AC=MS:1003029	NT=Data-dependent acquisition;AC=PRIDE:0000627	NT=Trypsin;AC=MS:1001251	TMT131	not applicable	TMT2	NT=collision-induced dissociation;AC=MS:1000133	NT=beam-type collision-induced dissociation;AC=MS:1000422	not available	375m/z-1500m/z	not available	not available	not applicable	NT=TMT6plex;AC=UNIMOD:737;MT=fixed;PP=Any N-term	NT=TMT6plex;AC=UNIMOD:737;MT=fixed;TA=K;PP=Anywhere	NT=Oxidation;AC=UNIMOD:35;MT=variable;TA=M;PP=Anywhere	NT=Acetyl;AC=UNIMOD:1;MT=variable;PP=Protein N-term	v3.0.0	ms-proteomics v1.1.0	vertebrates v1.1.0	single-cell v1.0.0
PXD064518_TMT2_TMT127N	Mus musculus	heart	cardiac muscle cell	not available	cell	single cell	male	not available	adult	not available	not available	not pooled	PXD064518_TMT2_TMT127N	1	manual picking	not available	one cardiomyocyte; channel-to-genotype assignment unavailable	20221019_Ec_01_SC_CNIC-KI_TMT2	proteomic profiling by mass spectrometry	20221019_Ec_01_SC_CNIC-KI_TMT2.raw	ftp://ftp.pride.ebi.ac.uk/pride/data/archive/2026/04/PXD064518/20221019_Ec_01_SC_CNIC-KI_TMT2.raw	TMT127N	1	1	NT=Orbitrap Eclipse;AC=MS:1003029	NT=Data-dependent acquisition;AC=PRIDE:0000627	NT=Trypsin;AC=MS:1001251	TMT131	not applicable	TMT2	NT=collision-induced dissociation;AC=MS:1000133	NT=beam-type collision-induced dissociation;AC=MS:1000422	not available	375m/z-1500m/z	not available	not available	not applicable	NT=TMT6plex;AC=UNIMOD:737;MT=fixed;PP=Any N-term	NT=TMT6plex;AC=UNIMOD:737;MT=fixed;TA=K;PP=Anywhere	NT=Oxidation;AC=UNIMOD:35;MT=variable;TA=M;PP=Anywhere	NT=Acetyl;AC=UNIMOD:1;MT=variable;PP=Protein N-term	v3.0.0	ms-proteomics v1.1.0	vertebrates v1.1.0	single-cell v1.0.0
PXD064518_TMT2_TMT127C	Mus musculus	heart	cardiac muscle cell	not available	cell	single cell	male	not available	adult	not available	not available	not pooled	PXD064518_TMT2_TMT127C	1	manual picking	not available	one cardiomyocyte; channel-to-genotype assignment unavailable	20221019_Ec_01_SC_CNIC-KI_TMT2	proteomic profiling by mass spectrometry	20221019_Ec_01_SC_CNIC-KI_TMT2.raw	ftp://ftp.pride.ebi.ac.uk/pride/data/archive/2026/04/PXD064518/20221019_Ec_01_SC_CNIC-KI_TMT2.raw	TMT127C	1	1	NT=Orbitrap Eclipse;AC=MS:1003029	NT=Data-dependent acquisition;AC=PRIDE:0000627	NT=Trypsin;AC=MS:1001251	TMT131	not applicable	TMT2	NT=collision-induced dissociation;AC=MS:1000133	NT=beam-type collision-induced dissociation;AC=MS:1000422	not available	375m/z-1500m/z	not available	not available	not applicable	NT=TMT6plex;AC=UNIMOD:737;MT=fixed;PP=Any N-term	NT=TMT6plex;AC=UNIMOD:737;MT=fixed;TA=K;PP=Anywhere	NT=Oxidation;AC=UNIMOD:35;MT=variable;TA=M;PP=Anywhere	NT=Acetyl;AC=UNIMOD:1;MT=variable;PP=Protein N-term	v3.0.0	ms-proteomics v1.1.0	vertebrates v1.1.0	single-cell v1.0.0
PXD064518_TMT2_TMT128N	Mus musculus	heart	cardiac muscle cell	not available	cell	single cell	male	not available	adult	not available	not available	not pooled	PXD064518_TMT2_TMT128N	1	manual picking	not available	one cardiomyocyte; channel-to-genotype assignment unavailable	20221019_Ec_01_SC_CNIC-KI_TMT2	proteomic profiling by mass spectrometry	20221019_Ec_01_SC_CNIC-KI_TMT2.raw	ftp://ftp.pride.ebi.ac.uk/pride/data/archive/2026/04/PXD064518/20221019_Ec_01_SC_CNIC-KI_TMT2.raw	TMT128N	1	1	NT=Orbitrap Eclipse;AC=MS:1003029	NT=Data-dependent acquisition;AC=PRIDE:0000627	NT=Trypsin;AC=MS:1001251	TMT131	not applicable	TMT2	NT=collision-induced dissociation;AC=MS:1000133	NT=beam-type collision-induced dissociation;AC=MS:1000422	not available	375m/z-1500m/z	not available	not available	not applicable	NT=TMT6plex;AC=UNIMOD:737;MT=fixed;PP=Any N-term	NT=TMT6plex;AC=UNIMOD:737;MT=fixed;TA=K;PP=Anywhere	NT=Oxidation;AC=UNIMOD:35;MT=variable;TA=M;PP=Anywhere	NT=Acetyl;AC=UNIMOD:1;MT=variable;PP=Protein N-term	v3.0.0	ms-proteomics v1.1.0	vertebrates v1.1.0	single-cell v1.0.0
PXD064518_TMT2_TMT128C	Mus musculus	heart	cardiac muscle cell	not available	cell	single cell	male	not available	adult	not available	not available	not pooled	PXD064518_TMT2_TMT128C	1	manual picking	not available	one cardiomyocyte; channel-to-genotype assignment unavailable	20221019_Ec_01_SC_CNIC-KI_TMT2	proteomic profiling by mass spectrometry	20221019_Ec_01_SC_CNIC-KI_TMT2.raw	ftp://ftp.pride.ebi.ac.uk/pride/data/archive/2026/04/PXD064518/20221019_Ec_01_SC_CNIC-KI_TMT2.raw	TMT128C	1	1	NT=Orbitrap Eclipse;AC=MS:1003029	NT=Data-dependent acquisition;AC=PRIDE:0000627	NT=Trypsin;AC=MS:1001251	TMT131	not applicable	TMT2	NT=collision-induced dissociation;AC=MS:1000133	NT=beam-type collision-induced dissociation;AC=MS:1000422	not available	375m/z-1500m/z	not available	not available	not applicable	NT=TMT6plex;AC=UNIMOD:737;MT=fixed;PP=Any N-term	NT=TMT6plex;AC=UNIMOD:737;MT=fixed;TA=K;PP=Anywhere	NT=Oxidation;AC=UNIMOD:35;MT=variable;TA=M;PP=Anywhere	NT=Acetyl;AC=UNIMOD:1;MT=variable;PP=Protein N-term	v3.0.0	ms-proteomics v1.1.0	vertebrates v1.1.0	single-cell v1.0.0
PXD064518_TMT2_TMT129N	Mus musculus	heart	cardiac muscle cell	not available	cell	single cell	male	not available	adult	not available	not available	not pooled	PXD064518_TMT2_TMT129N	1	manual picking	not available	one cardiomyocyte; channel-to-genotype assignment unavailable	20221019_Ec_01_SC_CNIC-KI_TMT2	proteomic profiling by mass spectrometry	20221019_Ec_01_SC_CNIC-KI_TMT2.raw	ftp://ftp.pride.ebi.ac.uk/pride/data/archive/2026/04/PXD064518/20221019_Ec_01_SC_CNIC-KI_TMT2.raw	TMT129N	1	1	NT=Orbitrap Eclipse;AC=MS:1003029	NT=Data-dependent acquisition;AC=PRIDE:0000627	NT=Trypsin;AC=MS:1001251	TMT131	not applicable	TMT2	NT=collision-induced dissociation;AC=MS:1000133	NT=beam-type collision-induced dissociation;AC=MS:1000422	not available	375m/z-1500m/z	not available	not available	not applicable	NT=TMT6plex;AC=UNIMOD:737;MT=fixed;PP=Any N-term	NT=TMT6plex;AC=UNIMOD:737;MT=fixed;TA=K;PP=Anywhere	NT=Oxidation;AC=UNIMOD:35;MT=variable;TA=M;PP=Anywhere	NT=Acetyl;AC=UNIMOD:1;MT=variable;PP=Protein N-term	v3.0.0	ms-proteomics v1.1.0	vertebrates v1.1.0	single-cell v1.0.0
PXD064518_TMT2_TMT129C	Mus musculus	heart	cardiac muscle cell	not available	cell	single cell	male	not available	adult	not available	not available	not pooled	PXD064518_TMT2_TMT129C	1	manual picking	not available	one cardiomyocyte; channel-to-genotype assignment unavailable	20221019_Ec_01_SC_CNIC-KI_TMT2	proteomic profiling by mass spectrometry	20221019_Ec_01_SC_CNIC-KI_TMT2.raw	ftp://ftp.pride.ebi.ac.uk/pride/data/archive/2026/04/PXD064518/20221019_Ec_01_SC_CNIC-KI_TMT2.raw	TMT129C	1	1	NT=Orbitrap Eclipse;AC=MS:1003029	NT=Data-dependent acquisition;AC=PRIDE:0000627	NT=Trypsin;AC=MS:1001251	TMT131	not applicable	TMT2	NT=collision-induced dissociation;AC=MS:1000133	NT=beam-type collision-induced dissociation;AC=MS:1000422	not available	375m/z-1500m/z	not available	not available	not applicable	NT=TMT6plex;AC=UNIMOD:737;MT=fixed;PP=Any N-term	NT=TMT6plex;AC=UNIMOD:737;MT=fixed;TA=K;PP=Anywhere	NT=Oxidation;AC=UNIMOD:35;MT=variable;TA=M;PP=Anywhere	NT=Acetyl;AC=UNIMOD:1;MT=variable;PP=Protein N-term	v3.0.0	ms-proteomics v1.1.0	vertebrates v1.1.0	single-cell v1.0.0
PXD064518_TMT2_TMT130C	Mus musculus	heart	cardiac muscle cell	not available	cell	single cell	male	not available	adult	not available	not available	not pooled	PXD064518_TMT2_TMT130C	1	manual picking	not available	one cardiomyocyte; channel-to-genotype assignment unavailable	20221019_Ec_01_SC_CNIC-KI_TMT2	proteomic profiling by mass spectrometry	20221019_Ec_01_SC_CNIC-KI_TMT2.raw	ftp://ftp.pride.ebi.ac.uk/pride/data/archive/2026/04/PXD064518/20221019_Ec_01_SC_CNIC-KI_TMT2.raw	TMT130C	1	1	NT=Orbitrap Eclipse;AC=MS:1003029	NT=Data-dependent acquisition;AC=PRIDE:0000627	NT=Trypsin;AC=MS:1001251	TMT131	not applicable	TMT2	NT=collision-induced dissociation;AC=MS:1000133	NT=beam-type collision-induced dissociation;AC=MS:1000422	not available	375m/z-1500m/z	not available	not available	not applicable	NT=TMT6plex;AC=UNIMOD:737;MT=fixed;PP=Any N-term	NT=TMT6plex;AC=UNIMOD:737;MT=fixed;TA=K;PP=Anywhere	NT=Oxidation;AC=UNIMOD:35;MT=variable;TA=M;PP=Anywhere	NT=Acetyl;AC=UNIMOD:1;MT=variable;PP=Protein N-term	v3.0.0	ms-proteomics v1.1.0	vertebrates v1.1.0	single-cell v1.0.0
PXD064518_TMT2_TMT131	Mus musculus	heart	cardiac muscle cell	not available	cell	carrier	male	not available	adult	not available	pooled	pooled	not applicable	200	not available	mixed control and Myc-overexpressing cardiomyocytes	100 control plus 100 Myc-overexpressing cardiomyocytes	20221019_Ec_01_SC_CNIC-KI_TMT2	proteomic profiling by mass spectrometry	20221019_Ec_01_SC_CNIC-KI_TMT2.raw	ftp://ftp.pride.ebi.ac.uk/pride/data/archive/2026/04/PXD064518/20221019_Ec_01_SC_CNIC-KI_TMT2.raw	TMT131	1	1	NT=Orbitrap Eclipse;AC=MS:1003029	NT=Data-dependent acquisition;AC=PRIDE:0000627	NT=Trypsin;AC=MS:1001251	TMT131	not applicable	TMT2	NT=collision-induced dissociation;AC=MS:1000133	NT=beam-type collision-induced dissociation;AC=MS:1000422	not available	375m/z-1500m/z	not available	not available	not applicable	NT=TMT6plex;AC=UNIMOD:737;MT=fixed;PP=Any N-term	NT=TMT6plex;AC=UNIMOD:737;MT=fixed;TA=K;PP=Anywhere	NT=Oxidation;AC=UNIMOD:35;MT=variable;TA=M;PP=Anywhere	NT=Acetyl;AC=UNIMOD:1;MT=variable;PP=Protein N-term	v3.0.0	ms-proteomics v1.1.0	vertebrates v1.1.0	single-cell v1.0.0
PXD064518_TMT20_TMT126	Mus musculus	heart	cardiac muscle cell	not available	cell	single cell	male	not available	adult	not available	not available	not pooled	PXD064518_TMT20_TMT126	1	manual picking	not available	one cardiomyocyte; channel-to-genotype assignment unavailable	20221019_Ec_01_SC_CNIC-KI_TMT20	proteomic profiling by mass spectrometry	20221019_Ec_01_SC_CNIC-KI_TMT20.raw	ftp://ftp.pride.ebi.ac.uk/pride/data/archive/2026/04/PXD064518/20221019_Ec_01_SC_CNIC-KI_TMT20.raw	TMT126	1	1	NT=Orbitrap Eclipse;AC=MS:1003029	NT=Data-dependent acquisition;AC=PRIDE:0000627	NT=Trypsin;AC=MS:1001251	TMT131	not applicable	TMT20	NT=collision-induced dissociation;AC=MS:1000133	NT=beam-type collision-induced dissociation;AC=MS:1000422	not available	375m/z-1500m/z	not available	not available	not applicable	NT=TMT6plex;AC=UNIMOD:737;MT=fixed;PP=Any N-term	NT=TMT6plex;AC=UNIMOD:737;MT=fixed;TA=K;PP=Anywhere	NT=Oxidation;AC=UNIMOD:35;MT=variable;TA=M;PP=Anywhere	NT=Acetyl;AC=UNIMOD:1;MT=variable;PP=Protein N-term	v3.0.0	ms-proteomics v1.1.0	vertebrates v1.1.0	single-cell v1.0.0
PXD064518_TMT20_TMT127N	Mus musculus	heart	cardiac muscle cell	not available	cell	single cell	male	not available	adult	not available	not available	not pooled	PXD064518_TMT20_TMT127N	1	manual picking	not available	one cardiomyocyte; channel-to-genotype assignment unavailable	20221019_Ec_01_SC_CNIC-KI_TMT20	proteomic profiling by mass spectrometry	20221019_Ec_01_SC_CNIC-KI_TMT20.raw	ftp://ftp.pride.ebi.ac.uk/pride/data/archive/2026/04/PXD064518/20221019_Ec_01_SC_CNIC-KI_TMT20.raw	TMT127N	1	1	NT=Orbitrap Eclipse;AC=MS:1003029	NT=Data-dependent acquisition;AC=PRIDE:0000627	NT=Trypsin;AC=MS:1001251	TMT131	not applicable	TMT20	NT=collision-induced dissociation;AC=MS:1000133	NT=beam-type collision-induced dissociation;AC=MS:1000422	not available	375m/z-1500m/z	not available	not available	not applicable	NT=TMT6plex;AC=UNIMOD:737;MT=fixed;PP=Any N-term	NT=TMT6plex;AC=UNIMOD:737;MT=fixed;TA=K;PP=Anywhere	NT=Oxidation;AC=UNIMOD:35;MT=variable;TA=M;PP=Anywhere	NT=Acetyl;AC=UNIMOD:1;MT=variable;PP=Protein N-term	v3.0.0	ms-proteomics v1.1.0	vertebrates v1.1.0	single-cell v1.0.0
PXD064518_TMT20_TMT127C	Mus musculus	heart	cardiac muscle cell	not available	cell	single cell	male	not available	adult	not available	not available	not pooled	PXD064518_TMT20_TMT127C	1	manual picking	not available	one cardiomyocyte; channel-to-genotype assignment unavailable	20221019_Ec_01_SC_CNIC-KI_TMT20	proteomic profiling by mass spectrometry	20221019_Ec_01_SC_CNIC-KI_TMT20.raw	ftp://ftp.pride.ebi.ac.uk/pride/data/archive/2026/04/PXD064518/20221019_Ec_01_SC_CNIC-KI_TMT20.raw	TMT127C	1	1	NT=Orbitrap Eclipse;AC=MS:1003029	NT=Data-dependent acquisition;AC=PRIDE:0000627	NT=Trypsin;AC=MS:1001251	TMT131	not applicable	TMT20	NT=collision-induced dissociation;AC=MS:1000133	NT=beam-type collision-induced dissociation;AC=MS:1000422	not available	375m/z-1500m/z	not available	not available	not applicable	NT=TMT6plex;AC=UNIMOD:737;MT=fixed;PP=Any N-term	NT=TMT6plex;AC=UNIMOD:737;MT=fixed;TA=K;PP=Anywhere	NT=Oxidation;AC=UNIMOD:35;MT=variable;TA=M;PP=Anywhere	NT=Acetyl;AC=UNIMOD:1;MT=variable;PP=Protein N-term	v3.0.0	ms-proteomics v1.1.0	vertebrates v1.1.0	single-cell v1.0.0
PXD064518_TMT20_TMT128N	Mus musculus	heart	cardiac muscle cell	not available	cell	single cell	male	not available	adult	not available	not available	not pooled	PXD064518_TMT20_TMT128N	1	manual picking	not available	one cardiomyocyte; channel-to-genotype assignment unavailable	20221019_Ec_01_SC_CNIC-KI_TMT20	proteomic profiling by mass spectrometry	20221019_Ec_01_SC_CNIC-KI_TMT20.raw	ftp://ftp.pride.ebi.ac.uk/pride/data/archive/2026/04/PXD064518/20221019_Ec_01_SC_CNIC-KI_TMT20.raw	TMT128N	1	1	NT=Orbitrap Eclipse;AC=MS:1003029	NT=Data-dependent acquisition;AC=PRIDE:0000627	NT=Trypsin;AC=MS:1001251	TMT131	not applicable	TMT20	NT=collision-induced dissociation;AC=MS:1000133	NT=beam-type collision-induced dissociation;AC=MS:1000422	not available	375m/z-1500m/z	not available	not available	not applicable	NT=TMT6plex;AC=UNIMOD:737;MT=fixed;PP=Any N-term	NT=TMT6plex;AC=UNIMOD:737;MT=fixed;TA=K;PP=Anywhere	NT=Oxidation;AC=UNIMOD:35;MT=variable;TA=M;PP=Anywhere	NT=Acetyl;AC=UNIMOD:1;MT=variable;PP=Protein N-term	v3.0.0	ms-proteomics v1.1.0	vertebrates v1.1.0	single-cell v1.0.0
PXD064518_TMT20_TMT128C	Mus musculus	heart	cardiac muscle cell	not available	cell	single cell	male	not available	adult	not available	not available	not pooled	PXD064518_TMT20_TMT128C	1	manual picking	not available	one cardiomyocyte; channel-to-genotype assignment unavailable	20221019_Ec_01_SC_CNIC-KI_TMT20	proteomic profiling by mass spectrometry	20221019_Ec_01_SC_CNIC-KI_TMT20.raw	ftp://ftp.pride.ebi.ac.uk/pride/data/archive/2026/04/PXD064518/20221019_Ec_01_SC_CNIC-KI_TMT20.raw	TMT128C	1	1	NT=Orbitrap Eclipse;AC=MS:1003029	NT=Data-dependent acquisition;AC=PRIDE:0000627	NT=Trypsin;AC=MS:1001251	TMT131	not applicable	TMT20	NT=collision-induced dissociation;AC=MS:1000133	NT=beam-type collision-induced dissociation;AC=MS:1000422	not available	375m/z-1500m/z	not available	not available	not applicable	NT=TMT6plex;AC=UNIMOD:737;MT=fixed;PP=Any N-term	NT=TMT6plex;AC=UNIMOD:737;MT=fixed;TA=K;PP=Anywhere	NT=Oxidation;AC=UNIMOD:35;MT=variable;TA=M;PP=Anywhere	NT=Acetyl;AC=UNIMOD:1;MT=variable;PP=Protein N-term	v3.0.0	ms-proteomics v1.1.0	vertebrates v1.1.0	single-cell v1.0.0
PXD064518_TMT20_TMT129N	Mus musculus	heart	cardiac muscle cell	not available	cell	single cell	male	not available	adult	not available	not available	not pooled	PXD064518_TMT20_TMT129N	1	manual picking	not available	one cardiomyocyte; channel-to-genotype assignment unavailable	20221019_Ec_01_SC_CNIC-KI_TMT20	proteomic profiling by mass spectrometry	20221019_Ec_01_SC_CNIC-KI_TMT20.raw	ftp://ftp.pride.ebi.ac.uk/pride/data/archive/2026/04/PXD064518/20221019_Ec_01_SC_CNIC-KI_TMT20.raw	TMT129N	1	1	NT=Orbitrap Eclipse;AC=MS:1003029	NT=Data-dependent acquisition;AC=PRIDE:0000627	NT=Trypsin;AC=MS:1001251	TMT131	not applicable	TMT20	NT=collision-induced dissociation;AC=MS:1000133	NT=beam-type collision-induced dissociation;AC=MS:1000422	not available	375m/z-1500m/z	not available	not available	not applicable	NT=TMT6plex;AC=UNIMOD:737;MT=fixed;PP=Any N-term	NT=TMT6plex;AC=UNIMOD:737;MT=fixed;TA=K;PP=Anywhere	NT=Oxidation;AC=UNIMOD:35;MT=variable;TA=M;PP=Anywhere	NT=Acetyl;AC=UNIMOD:1;MT=variable;PP=Protein N-term	v3.0.0	ms-proteomics v1.1.0	vertebrates v1.1.0	single-cell v1.0.0
PXD064518_TMT20_TMT129C	Mus musculus	heart	cardiac muscle cell	not available	cell	single cell	male	not available	adult	not available	not available	not pooled	PXD064518_TMT20_TMT129C	1	manual picking	not available	one cardiomyocyte; channel-to-genotype assignment unavailable	20221019_Ec_01_SC_CNIC-KI_TMT20	proteomic profiling by mass spectrometry	20221019_Ec_01_SC_CNIC-KI_TMT20.raw	ftp://ftp.pride.ebi.ac.uk/pride/data/archive/2026/04/PXD064518/20221019_Ec_01_SC_CNIC-KI_TMT20.raw	TMT129C	1	1	NT=Orbitrap Eclipse;AC=MS:1003029	NT=Data-dependent acquisition;AC=PRIDE:0000627	NT=Trypsin;AC=MS:1001251	TMT131	not applicable	TMT20	NT=collision-induced dissociation;AC=MS:1000133	NT=beam-type collision-induced dissociation;AC=MS:1000422	not available	375m/z-1500m/z	not available	not available	not applicable	NT=TMT6plex;AC=UNIMOD:737;MT=fixed;PP=Any N-term	NT=TMT6plex;AC=UNIMOD:737;MT=fixed;TA=K;PP=Anywhere	NT=Oxidation;AC=UNIMOD:35;MT=variable;TA=M;PP=Anywhere	NT=Acetyl;AC=UNIMOD:1;MT=variable;PP=Protein N-term	v3.0.0	ms-proteomics v1.1.0	vertebrates v1.1.0	single-cell v1.0.0
PXD064518_TMT20_TMT130C	Mus musculus	heart	cardiac muscle cell	not available	cell	single cell	male	not available	adult	not available	not available	not pooled	PXD064518_TMT20_TMT130C	1	manual picking	not available	one cardiomyocyte; channel-to-genotype assignment unavailable	20221019_Ec_01_SC_CNIC-KI_TMT20	proteomic profiling by mass spectrometry	20221019_Ec_01_SC_CNIC-KI_TMT20.raw	ftp://ftp.pride.ebi.ac.uk/pride/data/archive/2026/04/PXD064518/20221019_Ec_01_SC_CNIC-KI_TMT20.raw	TMT130C	1	1	NT=Orbitrap Eclipse;AC=MS:1003029	NT=Data-dependent acquisition;AC=PRIDE:0000627	NT=Trypsin;AC=MS:1001251	TMT131	not applicable	TMT20	NT=collision-induced dissociation;AC=MS:1000133	NT=beam-type collision-induced dissociation;AC=MS:1000422	not available	375m/z-1500m/z	not available	not available	not applicable	NT=TMT6plex;AC=UNIMOD:737;MT=fixed;PP=Any N-term	NT=TMT6plex;AC=UNIMOD:737;MT=fixed;TA=K;PP=Anywhere	NT=Oxidation;AC=UNIMOD:35;MT=variable;TA=M;PP=Anywhere	NT=Acetyl;AC=UNIMOD:1;MT=variable;PP=Protein N-term	v3.0.0	ms-proteomics v1.1.0	vertebrates v1.1.0	single-cell v1.0.0
PXD064518_TMT20_TMT131	Mus musculus	heart	cardiac muscle cell	not available	cell	carrier	male	not available	adult	not available	pooled	pooled	not applicable	200	not available	mixed control and Myc-overexpressing cardiomyocytes	100 control plus 100 Myc-overexpressing cardiomyocytes	20221019_Ec_01_SC_CNIC-KI_TMT20	proteomic profiling by mass spectrometry	20221019_Ec_01_SC_CNIC-KI_TMT20.raw	ftp://ftp.pride.ebi.ac.uk/pride/data/archive/2026/04/PXD064518/20221019_Ec_01_SC_CNIC-KI_TMT20.raw	TMT131	1	1	NT=Orbitrap Eclipse;AC=MS:1003029	NT=Data-dependent acquisition;AC=PRIDE:0000627	NT=Trypsin;AC=MS:1001251	TMT131	not applicable	TMT20	NT=collision-induced dissociation;AC=MS:1000133	NT=beam-type collision-induced dissociation;AC=MS:1000422	not available	375m/z-1500m/z	not available	not available	not applicable	NT=TMT6plex;AC=UNIMOD:737;MT=fixed;PP=Any N-term	NT=TMT6plex;AC=UNIMOD:737;MT=fixed;TA=K;PP=Anywhere	NT=Oxidation;AC=UNIMOD:35;MT=variable;TA=M;PP=Anywhere	NT=Acetyl;AC=UNIMOD:1;MT=variable;PP=Protein N-term	v3.0.0	ms-proteomics v1.1.0	vertebrates v1.1.0	single-cell v1.0.0
PXD064518_TMT21_TMT126	Mus musculus	heart	cardiac muscle cell	not available	cell	single cell	male	not available	adult	not available	not available	not pooled	PXD064518_TMT21_TMT126	1	manual picking	not available	one cardiomyocyte; channel-to-genotype assignment unavailable	20221019_Ec_01_SC_CNIC-KI_TMT21	proteomic profiling by mass spectrometry	20221019_Ec_01_SC_CNIC-KI_TMT21.raw	ftp://ftp.pride.ebi.ac.uk/pride/data/archive/2026/04/PXD064518/20221019_Ec_01_SC_CNIC-KI_TMT21.raw	TMT126	1	1	NT=Orbitrap Eclipse;AC=MS:1003029	NT=Data-dependent acquisition;AC=PRIDE:0000627	NT=Trypsin;AC=MS:1001251	TMT131	not applicable	TMT21	NT=collision-induced dissociation;AC=MS:1000133	NT=beam-type collision-induced dissociation;AC=MS:1000422	not available	375m/z-1500m/z	not available	not available	not applicable	NT=TMT6plex;AC=UNIMOD:737;MT=fixed;PP=Any N-term	NT=TMT6plex;AC=UNIMOD:737;MT=fixed;TA=K;PP=Anywhere	NT=Oxidation;AC=UNIMOD:35;MT=variable;TA=M;PP=Anywhere	NT=Acetyl;AC=UNIMOD:1;MT=variable;PP=Protein N-term	v3.0.0	ms-proteomics v1.1.0	vertebrates v1.1.0	single-cell v1.0.0
PXD064518_TMT21_TMT127N	Mus musculus	heart	cardiac muscle cell	not available	cell	single cell	male	not available	adult	not available	not available	not pooled	PXD064518_TMT21_TMT127N	1	manual picking	not available	one cardiomyocyte; channel-to-genotype assignment unavailable	20221019_Ec_01_SC_CNIC-KI_TMT21	proteomic profiling by mass spectrometry	20221019_Ec_01_SC_CNIC-KI_TMT21.raw	ftp://ftp.pride.ebi.ac.uk/pride/data/archive/2026/04/PXD064518/20221019_Ec_01_SC_CNIC-KI_TMT21.raw	TMT127N	1	1	NT=Orbitrap Eclipse;AC=MS:1003029	NT=Data-dependent acquisition;AC=PRIDE:0000627	NT=Trypsin;AC=MS:1001251	TMT131	not applicable	TMT21	NT=collision-induced dissociation;AC=MS:1000133	NT=beam-type collision-induced dissociation;AC=MS:1000422	not available	375m/z-1500m/z	not available	not available	not applicable	NT=TMT6plex;AC=UNIMOD:737;MT=fixed;PP=Any N-term	NT=TMT6plex;AC=UNIMOD:737;MT=fixed;TA=K;PP=Anywhere	NT=Oxidation;AC=UNIMOD:35;MT=variable;TA=M;PP=Anywhere	NT=Acetyl;AC=UNIMOD:1;MT=variable;PP=Protein N-term	v3.0.0	ms-proteomics v1.1.0	vertebrates v1.1.0	single-cell v1.0.0
PXD064518_TMT21_TMT127C	Mus musculus	heart	cardiac muscle cell	not available	cell	single cell	male	not available	adult	not available	not available	not pooled	PXD064518_TMT21_TMT127C	1	manual picking	not available	one cardiomyocyte; channel-to-genotype assignment unavailable	20221019_Ec_01_SC_CNIC-KI_TMT21	proteomic profiling by mass spectrometry	20221019_Ec_01_SC_CNIC-KI_TMT21.raw	ftp://ftp.pride.ebi.ac.uk/pride/data/archive/2026/04/PXD064518/20221019_Ec_01_SC_CNIC-KI_TMT21.raw	TMT127C	1	1	NT=Orbitrap Eclipse;AC=MS:1003029	NT=Data-dependent acquisition;AC=PRIDE:0000627	NT=Trypsin;AC=MS:1001251	TMT131	not applicable	TMT21	NT=collision-induced dissociation;AC=MS:1000133	NT=beam-type collision-induced dissociation;AC=MS:1000422	not available	375m/z-1500m/z	not available	not available	not applicable	NT=TMT6plex;AC=UNIMOD:737;MT=fixed;PP=Any N-term	NT=TMT6plex;AC=UNIMOD:737;MT=fixed;TA=K;PP=Anywhere	NT=Oxidation;AC=UNIMOD:35;MT=variable;TA=M;PP=Anywhere	NT=Acetyl;AC=UNIMOD:1;MT=variable;PP=Protein N-term	v3.0.0	ms-proteomics v1.1.0	vertebrates v1.1.0	single-cell v1.0.0
PXD064518_TMT21_TMT128N	Mus musculus	heart	cardiac muscle cell	not available	cell	single cell	male	not available	adult	not available	not available	not pooled	PXD064518_TMT21_TMT128N	1	manual picking	not available	one cardiomyocyte; channel-to-genotype assignment unavailable	20221019_Ec_01_SC_CNIC-KI_TMT21	proteomic profiling by mass spectrometry	20221019_Ec_01_SC_CNIC-KI_TMT21.raw	ftp://ftp.pride.ebi.ac.uk/pride/data/archive/2026/04/PXD064518/20221019_Ec_01_SC_CNIC-KI_TMT21.raw	TMT128N	1	1	NT=Orbitrap Eclipse;AC=MS:1003029	NT=Data-dependent acquisition;AC=PRIDE:0000627	NT=Trypsin;AC=MS:1001251	TMT131	not applicable	TMT21	NT=collision-induced dissociation;AC=MS:1000133	NT=beam-type collision-induced dissociation;AC=MS:1000422	not available	375m/z-1500m/z	not available	not available	not applicable	NT=TMT6plex;AC=UNIMOD:737;MT=fixed;PP=Any N-term	NT=TMT6plex;AC=UNIMOD:737;MT=fixed;TA=K;PP=Anywhere	NT=Oxidation;AC=UNIMOD:35;MT=variable;TA=M;PP=Anywhere	NT=Acetyl;AC=UNIMOD:1;MT=variable;PP=Protein N-term	v3.0.0	ms-proteomics v1.1.0	vertebrates v1.1.0	single-cell v1.0.0
PXD064518_TMT21_TMT128C	Mus musculus	heart	cardiac muscle cell	not available	cell	single cell	male	not available	adult	not available	not available	not pooled	PXD064518_TMT21_TMT128C	1	manual picking	not available	one cardiomyocyte; channel-to-genotype assignment unavailable	20221019_Ec_01_SC_CNIC-KI_TMT21	proteomic profiling by mass spectrometry	20221019_Ec_01_SC_CNIC-KI_TMT21.raw	ftp://ftp.pride.ebi.ac.uk/pride/data/archive/2026/04/PXD064518/20221019_Ec_01_SC_CNIC-KI_TMT21.raw	TMT128C	1	1	NT=Orbitrap Eclipse;AC=MS:1003029	NT=Data-dependent acquisition;AC=PRIDE:0000627	NT=Trypsin;AC=MS:1001251	TMT131	not applicable	TMT21	NT=collision-induced dissociation;AC=MS:1000133	NT=beam-type collision-induced dissociation;AC=MS:1000422	not available	375m/z-1500m/z	not available	not available	not applicable	NT=TMT6plex;AC=UNIMOD:737;MT=fixed;PP=Any N-term	NT=TMT6plex;AC=UNIMOD:737;MT=fixed;TA=K;PP=Anywhere	NT=Oxidation;AC=UNIMOD:35;MT=variable;TA=M;PP=Anywhere	NT=Acetyl;AC=UNIMOD:1;MT=variable;PP=Protein N-term	v3.0.0	ms-proteomics v1.1.0	vertebrates v1.1.0	single-cell v1.0.0
PXD064518_TMT21_TMT129N	Mus musculus	heart	cardiac muscle cell	not available	cell	single cell	male	not available	adult	not available	not available	not pooled	PXD064518_TMT21_TMT129N	1	manual picking	not available	one cardiomyocyte; channel-to-genotype assignment unavailable	20221019_Ec_01_SC_CNIC-KI_TMT21	proteomic profiling by mass spectrometry	20221019_Ec_01_SC_CNIC-KI_TMT21.raw	ftp://ftp.pride.ebi.ac.uk/pride/data/archive/2026/04/PXD064518/20221019_Ec_01_SC_CNIC-KI_TMT21.raw	TMT129N	1	1	NT=Orbitrap Eclipse;AC=MS:1003029	NT=Data-dependent acquisition;AC=PRIDE:0000627	NT=Trypsin;AC=MS:1001251	TMT131	not applicable	TMT21	NT=collision-induced dissociation;AC=MS:1000133	NT=beam-type collision-induced dissociation;AC=MS:1000422	not available	375m/z-1500m/z	not available	not available	not applicable	NT=TMT6plex;AC=UNIMOD:737;MT=fixed;PP=Any N-term	NT=TMT6plex;AC=UNIMOD:737;MT=fixed;TA=K;PP=Anywhere	NT=Oxidation;AC=UNIMOD:35;MT=variable;TA=M;PP=Anywhere	NT=Acetyl;AC=UNIMOD:1;MT=variable;PP=Protein N-term	v3.0.0	ms-proteomics v1.1.0	vertebrates v1.1.0	single-cell v1.0.0
PXD064518_TMT21_TMT129C	Mus musculus	heart	cardiac muscle cell	not available	cell	single cell	male	not available	adult	not available	not available	not pooled	PXD064518_TMT21_TMT129C	1	manual picking	not available	one cardiomyocyte; channel-to-genotype assignment unavailable	20221019_Ec_01_SC_CNIC-KI_TMT21	proteomic profiling by mass spectrometry	20221019_Ec_01_SC_CNIC-KI_TMT21.raw	ftp://ftp.pride.ebi.ac.uk/pride/data/archive/2026/04/PXD064518/20221019_Ec_01_SC_CNIC-KI_TMT21.raw	TMT129C	1	1	NT=Orbitrap Eclipse;AC=MS:1003029	NT=Data-dependent acquisition;AC=PRIDE:0000627	NT=Trypsin;AC=MS:1001251	TMT131	not applicable	TMT21	NT=collision-induced dissociation;AC=MS:1000133	NT=beam-type collision-induced dissociation;AC=MS:1000422	not available	375m/z-1500m/z	not available	not available	not applicable	NT=TMT6plex;AC=UNIMOD:737;MT=fixed;PP=Any N-term	NT=TMT6plex;AC=UNIMOD:737;MT=fixed;TA=K;PP=Anywhere	NT=Oxidation;AC=UNIMOD:35;MT=variable;TA=M;PP=Anywhere	NT=Acetyl;AC=UNIMOD:1;MT=variable;PP=Protein N-term	v3.0.0	ms-proteomics v1.1.0	vertebrates v1.1.0	single-cell v1.0.0
PXD064518_TMT21_TMT130C	Mus musculus	heart	cardiac muscle cell	not available	cell	single cell	male	not available	adult	not available	not available	not pooled	PXD064518_TMT21_TMT130C	1	manual picking	not available	one cardiomyocyte; channel-to-genotype assignment unavailable	20221019_Ec_01_SC_CNIC-KI_TMT21	proteomic profiling by mass spectrometry	20221019_Ec_01_SC_CNIC-KI_TMT21.raw	ftp://ftp.pride.ebi.ac.uk/pride/data/archive/2026/04/PXD064518/20221019_Ec_01_SC_CNIC-KI_TMT21.raw	TMT130C	1	1	NT=Orbitrap Eclipse;AC=MS:1003029	NT=Data-dependent acquisition;AC=PRIDE:0000627	NT=Trypsin;AC=MS:1001251	TMT131	not applicable	TMT21	NT=collision-induced dissociation;AC=MS:1000133	NT=beam-type collision-induced dissociation;AC=MS:1000422	not available	375m/z-1500m/z	not available	not available	not applicable	NT=TMT6plex;AC=UNIMOD:737;MT=fixed;PP=Any N-term	NT=TMT6plex;AC=UNIMOD:737;MT=fixed;TA=K;PP=Anywhere	NT=Oxidation;AC=UNIMOD:35;MT=variable;TA=M;PP=Anywhere	NT=Acetyl;AC=UNIMOD:1;MT=variable;PP=Protein N-term	v3.0.0	ms-proteomics v1.1.0	vertebrates v1.1.0	single-cell v1.0.0
PXD064518_TMT21_TMT131	Mus musculus	heart	cardiac muscle cell	not available	cell	carrier	male	not available	adult	not available	pooled	pooled	not applicable	200	not available	mixed control and Myc-overexpressing cardiomyocytes	100 control plus 100 Myc-overexpressing cardiomyocytes	20221019_Ec_01_SC_CNIC-KI_TMT21	proteomic profiling by mass spectrometry	20221019_Ec_01_SC_CNIC-KI_TMT21.raw	ftp://ftp.pride.ebi.ac.uk/pride/data/archive/2026/04/PXD064518/20221019_Ec_01_SC_CNIC-KI_TMT21.raw	TMT131	1	1	NT=Orbitrap Eclipse;AC=MS:1003029	NT=Data-dependent acquisition;AC=PRIDE:0000627	NT=Trypsin;AC=MS:1001251	TMT131	not applicable	TMT21	NT=collision-induced dissociation;AC=MS:1000133	NT=beam-type collision-induced dissociation;AC=MS:1000422	not available	375m/z-1500m/z	not available	not available	not applicable	NT=TMT6plex;AC=UNIMOD:737;MT=fixed;PP=Any N-term	NT=TMT6plex;AC=UNIMOD:737;MT=fixed;TA=K;PP=Anywhere	NT=Oxidation;AC=UNIMOD:35;MT=variable;TA=M;PP=Anywhere	NT=Acetyl;AC=UNIMOD:1;MT=variable;PP=Protein N-term	v3.0.0	ms-proteomics v1.1.0	vertebrates v1.1.0	single-cell v1.0.0
PXD064518_TMT22_TMT126	Mus musculus	heart	cardiac muscle cell	not available	cell	single cell	male	not available	adult	not available	not available	not pooled	PXD064518_TMT22_TMT126	1	manual picking	not available	one cardiomyocyte; channel-to-genotype assignment unavailable	20221019_Ec_01_SC_CNIC-KI_TMT22	proteomic profiling by mass spectrometry	20221019_Ec_01_SC_CNIC-KI_TMT22.raw	ftp://ftp.pride.ebi.ac.uk/pride/data/archive/2026/04/PXD064518/20221019_Ec_01_SC_CNIC-KI_TMT22.raw	TMT126	1	1	NT=Orbitrap Eclipse;AC=MS:1003029	NT=Data-dependent acquisition;AC=PRIDE:0000627	NT=Trypsin;AC=MS:1001251	TMT131	not applicable	TMT22	NT=collision-induced dissociation;AC=MS:1000133	NT=beam-type collision-induced dissociation;AC=MS:1000422	not available	375m/z-1500m/z	not available	not available	not applicable	NT=TMT6plex;AC=UNIMOD:737;MT=fixed;PP=Any N-term	NT=TMT6plex;AC=UNIMOD:737;MT=fixed;TA=K;PP=Anywhere	NT=Oxidation;AC=UNIMOD:35;MT=variable;TA=M;PP=Anywhere	NT=Acetyl;AC=UNIMOD:1;MT=variable;PP=Protein N-term	v3.0.0	ms-proteomics v1.1.0	vertebrates v1.1.0	single-cell v1.0.0
PXD064518_TMT22_TMT127N	Mus musculus	heart	cardiac muscle cell	not available	cell	single cell	male	not available	adult	not available	not available	not pooled	PXD064518_TMT22_TMT127N	1	manual picking	not available	one cardiomyocyte; channel-to-genotype assignment unavailable	20221019_Ec_01_SC_CNIC-KI_TMT22	proteomic profiling by mass spectrometry	20221019_Ec_01_SC_CNIC-KI_TMT22.raw	ftp://ftp.pride.ebi.ac.uk/pride/data/archive/2026/04/PXD064518/20221019_Ec_01_SC_CNIC-KI_TMT22.raw	TMT127N	1	1	NT=Orbitrap Eclipse;AC=MS:1003029	NT=Data-dependent acquisition;AC=PRIDE:0000627	NT=Trypsin;AC=MS:1001251	TMT131	not applicable	TMT22	NT=collision-induced dissociation;AC=MS:1000133	NT=beam-type collision-induced dissociation;AC=MS:1000422	not available	375m/z-1500m/z	not available	not available	not applicable	NT=TMT6plex;AC=UNIMOD:737;MT=fixed;PP=Any N-term	NT=TMT6plex;AC=UNIMOD:737;MT=fixed;TA=K;PP=Anywhere	NT=Oxidation;AC=UNIMOD:35;MT=variable;TA=M;PP=Anywhere	NT=Acetyl;AC=UNIMOD:1;MT=variable;PP=Protein N-term	v3.0.0	ms-proteomics v1.1.0	vertebrates v1.1.0	single-cell v1.0.0
PXD064518_TMT22_TMT127C	Mus musculus	heart	cardiac muscle cell	not available	cell	single cell	male	not available	adult	not available	not available	not pooled	PXD064518_TMT22_TMT127C	1	manual picking	not available	one cardiomyocyte; channel-to-genotype assignment unavailable	20221019_Ec_01_SC_CNIC-KI_TMT22	proteomic profiling by mass spectrometry	20221019_Ec_01_SC_CNIC-KI_TMT22.raw	ftp://ftp.pride.ebi.ac.uk/pride/data/archive/2026/04/PXD064518/20221019_Ec_01_SC_CNIC-KI_TMT22.raw	TMT127C	1	1	NT=Orbitrap Eclipse;AC=MS:1003029	NT=Data-dependent acquisition;AC=PRIDE:0000627	NT=Trypsin;AC=MS:1001251	TMT131	not applicable	TMT22	NT=collision-induced dissociation;AC=MS:1000133	NT=beam-type collision-induced dissociation;AC=MS:1000422	not available	375m/z-1500m/z	not available	not available	not applicable	NT=TMT6plex;AC=UNIMOD:737;MT=fixed;PP=Any N-term	NT=TMT6plex;AC=UNIMOD:737;MT=fixed;TA=K;PP=Anywhere	NT=Oxidation;AC=UNIMOD:35;MT=variable;TA=M;PP=Anywhere	NT=Acetyl;AC=UNIMOD:1;MT=variable;PP=Protein N-term	v3.0.0	ms-proteomics v1.1.0	vertebrates v1.1.0	single-cell v1.0.0
PXD064518_TMT22_TMT128N	Mus musculus	heart	cardiac muscle cell	not available	cell	single cell	male	not available	adult	not available	not available	not pooled	PXD064518_TMT22_TMT128N	1	manual picking	not available	one cardiomyocyte; channel-to-genotype assignment unavailable	20221019_Ec_01_SC_CNIC-KI_TMT22	proteomic profiling by mass spectrometry	20221019_Ec_01_SC_CNIC-KI_TMT22.raw	ftp://ftp.pride.ebi.ac.uk/pride/data/archive/2026/04/PXD064518/20221019_Ec_01_SC_CNIC-KI_TMT22.raw	TMT128N	1	1	NT=Orbitrap Eclipse;AC=MS:1003029	NT=Data-dependent acquisition;AC=PRIDE:0000627	NT=Trypsin;AC=MS:1001251	TMT131	not applicable	TMT22	NT=collision-induced dissociation;AC=MS:1000133	NT=beam-type collision-induced dissociation;AC=MS:1000422	not available	375m/z-1500m/z	not available	not available	not applicable	NT=TMT6plex;AC=UNIMOD:737;MT=fixed;PP=Any N-term	NT=TMT6plex;AC=UNIMOD:737;MT=fixed;TA=K;PP=Anywhere	NT=Oxidation;AC=UNIMOD:35;MT=variable;TA=M;PP=Anywhere	NT=Acetyl;AC=UNIMOD:1;MT=variable;PP=Protein N-term	v3.0.0	ms-proteomics v1.1.0	vertebrates v1.1.0	single-cell v1.0.0
PXD064518_TMT22_TMT128C	Mus musculus	heart	cardiac muscle cell	not available	cell	single cell	male	not available	adult	not available	not available	not pooled	PXD064518_TMT22_TMT128C	1	manual picking	not available	one cardiomyocyte; channel-to-genotype assignment unavailable	20221019_Ec_01_SC_CNIC-KI_TMT22	proteomic profiling by mass spectrometry	20221019_Ec_01_SC_CNIC-KI_TMT22.raw	ftp://ftp.pride.ebi.ac.uk/pride/data/archive/2026/04/PXD064518/20221019_Ec_01_SC_CNIC-KI_TMT22.raw	TMT128C	1	1	NT=Orbitrap Eclipse;AC=MS:1003029	NT=Data-dependent acquisition;AC=PRIDE:0000627	NT=Trypsin;AC=MS:1001251	TMT131	not applicable	TMT22	NT=collision-induced dissociation;AC=MS:1000133	NT=beam-type collision-induced dissociation;AC=MS:1000422	not available	375m/z-1500m/z	not available	not available	not applicable	NT=TMT6plex;AC=UNIMOD:737;MT=fixed;PP=Any N-term	NT=TMT6plex;AC=UNIMOD:737;MT=fixed;TA=K;PP=Anywhere	NT=Oxidation;AC=UNIMOD:35;MT=variable;TA=M;PP=Anywhere	NT=Acetyl;AC=UNIMOD:1;MT=variable;PP=Protein N-term	v3.0.0	ms-proteomics v1.1.0	vertebrates v1.1.0	single-cell v1.0.0
PXD064518_TMT22_TMT129N	Mus musculus	heart	cardiac muscle cell	not available	cell	single cell	male	not available	adult	not available	not available	not pooled	PXD064518_TMT22_TMT129N	1	manual picking	not available	one cardiomyocyte; channel-to-genotype assignment unavailable	20221019_Ec_01_SC_CNIC-KI_TMT22	proteomic profiling by mass spectrometry	20221019_Ec_01_SC_CNIC-KI_TMT22.raw	ftp://ftp.pride.ebi.ac.uk/pride/data/archive/2026/04/PXD064518/20221019_Ec_01_SC_CNIC-KI_TMT22.raw	TMT129N	1	1	NT=Orbitrap Eclipse;AC=MS:1003029	NT=Data-dependent acquisition;AC=PRIDE:0000627	NT=Trypsin;AC=MS:1001251	TMT131	not applicable	TMT22	NT=collision-induced dissociation;AC=MS:1000133	NT=beam-type collision-induced dissociation;AC=MS:1000422	not available	375m/z-1500m/z	not available	not available	not applicable	NT=TMT6plex;AC=UNIMOD:737;MT=fixed;PP=Any N-term	NT=TMT6plex;AC=UNIMOD:737;MT=fixed;TA=K;PP=Anywhere	NT=Oxidation;AC=UNIMOD:35;MT=variable;TA=M;PP=Anywhere	NT=Acetyl;AC=UNIMOD:1;MT=variable;PP=Protein N-term	v3.0.0	ms-proteomics v1.1.0	vertebrates v1.1.0	single-cell v1.0.0
PXD064518_TMT22_TMT129C	Mus musculus	heart	cardiac muscle cell	not available	cell	single cell	male	not available	adult	not available	not available	not pooled	PXD064518_TMT22_TMT129C	1	manual picking	not available	one cardiomyocyte; channel-to-genotype assignment unavailable	20221019_Ec_01_SC_CNIC-KI_TMT22	proteomic profiling by mass spectrometry	20221019_Ec_01_SC_CNIC-KI_TMT22.raw	ftp://ftp.pride.ebi.ac.uk/pride/data/archive/2026/04/PXD064518/20221019_Ec_01_SC_CNIC-KI_TMT22.raw	TMT129C	1	1	NT=Orbitrap Eclipse;AC=MS:1003029	NT=Data-dependent acquisition;AC=PRIDE:0000627	NT=Trypsin;AC=MS:1001251	TMT131	not applicable	TMT22	NT=collision-induced dissociation;AC=MS:1000133	NT=beam-type collision-induced dissociation;AC=MS:1000422	not available	375m/z-1500m/z	not available	not available	not applicable	NT=TMT6plex;AC=UNIMOD:737;MT=fixed;PP=Any N-term	NT=TMT6plex;AC=UNIMOD:737;MT=fixed;TA=K;PP=Anywhere	NT=Oxidation;AC=UNIMOD:35;MT=variable;TA=M;PP=Anywhere	NT=Acetyl;AC=UNIMOD:1;MT=variable;PP=Protein N-term	v3.0.0	ms-proteomics v1.1.0	vertebrates v1.1.0	single-cell v1.0.0
PXD064518_TMT22_TMT130C	Mus musculus	heart	cardiac muscle cell	not available	cell	single cell	male	not available	adult	not available	not available	not pooled	PXD064518_TMT22_TMT130C	1	manual picking	not available	one cardiomyocyte; channel-to-genotype assignment unavailable	20221019_Ec_01_SC_CNIC-KI_TMT22	proteomic profiling by mass spectrometry	20221019_Ec_01_SC_CNIC-KI_TMT22.raw	ftp://ftp.pride.ebi.ac.uk/pride/data/archive/2026/04/PXD064518/20221019_Ec_01_SC_CNIC-KI_TMT22.raw	TMT130C	1	1	NT=Orbitrap Eclipse;AC=MS:1003029	NT=Data-dependent acquisition;AC=PRIDE:0000627	NT=Trypsin;AC=MS:1001251	TMT131	not applicable	TMT22	NT=collision-induced dissociation;AC=MS:1000133	NT=beam-type collision-induced dissociation;AC=MS:1000422	not available	375m/z-1500m/z	not available	not available	not applicable	NT=TMT6plex;AC=UNIMOD:737;MT=fixed;PP=Any N-term	NT=TMT6plex;AC=UNIMOD:737;MT=fixed;TA=K;PP=Anywhere	NT=Oxidation;AC=UNIMOD:35;MT=variable;TA=M;PP=Anywhere	NT=Acetyl;AC=UNIMOD:1;MT=variable;PP=Protein N-term	v3.0.0	ms-proteomics v1.1.0	vertebrates v1.1.0	single-cell v1.0.0
PXD064518_TMT22_TMT131	Mus musculus	heart	cardiac muscle cell	not available	cell	carrier	male	not available	adult	not available	pooled	pooled	not applicable	200	not available	mixed control and Myc-overexpressing cardiomyocytes	100 control plus 100 Myc-overexpressing cardiomyocytes	20221019_Ec_01_SC_CNIC-KI_TMT22	proteomic profiling by mass spectrometry	20221019_Ec_01_SC_CNIC-KI_TMT22.raw	ftp://ftp.pride.ebi.ac.uk/pride/data/archive/2026/04/PXD064518/20221019_Ec_01_SC_CNIC-KI_TMT22.raw	TMT131	1	1	NT=Orbitrap Eclipse;AC=MS:1003029	NT=Data-dependent acquisition;AC=PRIDE:0000627	NT=Trypsin;AC=MS:1001251	TMT131	not applicable	TMT22	NT=collision-induced dissociation;AC=MS:1000133	NT=beam-type collision-induced dissociation;AC=MS:1000422	not available	375m/z-1500m/z	not available	not available	not applicable	NT=TMT6plex;AC=UNIMOD:737;MT=fixed;PP=Any N-term	NT=TMT6plex;AC=UNIMOD:737;MT=fixed;TA=K;PP=Anywhere	NT=Oxidation;AC=UNIMOD:35;MT=variable;TA=M;PP=Anywhere	NT=Acetyl;AC=UNIMOD:1;MT=variable;PP=Protein N-term	v3.0.0	ms-proteomics v1.1.0	vertebrates v1.1.0	single-cell v1.0.0
PXD064518_TMT23_TMT126	Mus musculus	heart	cardiac muscle cell	not available	cell	single cell	male	not available	adult	not available	not available	not pooled	PXD064518_TMT23_TMT126	1	manual picking	not available	one cardiomyocyte; channel-to-genotype assignment unavailable	20221019_Ec_01_SC_CNIC-KI_TMT23	proteomic profiling by mass spectrometry	20221019_Ec_01_SC_CNIC-KI_TMT23.raw	ftp://ftp.pride.ebi.ac.uk/pride/data/archive/2026/04/PXD064518/20221019_Ec_01_SC_CNIC-KI_TMT23.raw	TMT126	1	1	NT=Orbitrap Eclipse;AC=MS:1003029	NT=Data-dependent acquisition;AC=PRIDE:0000627	NT=Trypsin;AC=MS:1001251	TMT131	not applicable	TMT23	NT=collision-induced dissociation;AC=MS:1000133	NT=beam-type collision-induced dissociation;AC=MS:1000422	not available	375m/z-1500m/z	not available	not available	not applicable	NT=TMT6plex;AC=UNIMOD:737;MT=fixed;PP=Any N-term	NT=TMT6plex;AC=UNIMOD:737;MT=fixed;TA=K;PP=Anywhere	NT=Oxidation;AC=UNIMOD:35;MT=variable;TA=M;PP=Anywhere	NT=Acetyl;AC=UNIMOD:1;MT=variable;PP=Protein N-term	v3.0.0	ms-proteomics v1.1.0	vertebrates v1.1.0	single-cell v1.0.0
PXD064518_TMT23_TMT127N	Mus musculus	heart	cardiac muscle cell	not available	cell	single cell	male	not available	adult	not available	not available	not pooled	PXD064518_TMT23_TMT127N	1	manual picking	not available	one cardiomyocyte; channel-to-genotype assignment unavailable	20221019_Ec_01_SC_CNIC-KI_TMT23	proteomic profiling by mass spectrometry	20221019_Ec_01_SC_CNIC-KI_TMT23.raw	ftp://ftp.pride.ebi.ac.uk/pride/data/archive/2026/04/PXD064518/20221019_Ec_01_SC_CNIC-KI_TMT23.raw	TMT127N	1	1	NT=Orbitrap Eclipse;AC=MS:1003029	NT=Data-dependent acquisition;AC=PRIDE:0000627	NT=Trypsin;AC=MS:1001251	TMT131	not applicable	TMT23	NT=collision-induced dissociation;AC=MS:1000133	NT=beam-type collision-induced dissociation;AC=MS:1000422	not available	375m/z-1500m/z	not available	not available	not applicable	NT=TMT6plex;AC=UNIMOD:737;MT=fixed;PP=Any N-term	NT=TMT6plex;AC=UNIMOD:737;MT=fixed;TA=K;PP=Anywhere	NT=Oxidation;AC=UNIMOD:35;MT=variable;TA=M;PP=Anywhere	NT=Acetyl;AC=UNIMOD:1;MT=variable;PP=Protein N-term	v3.0.0	ms-proteomics v1.1.0	vertebrates v1.1.0	single-cell v1.0.0
PXD064518_TMT23_TMT127C	Mus musculus	heart	cardiac muscle cell	not available	cell	single cell	male	not available	adult	not available	not available	not pooled	PXD064518_TMT23_TMT127C	1	manual picking	not available	one cardiomyocyte; channel-to-genotype assignment unavailable	20221019_Ec_01_SC_CNIC-KI_TMT23	proteomic profiling by mass spectrometry	20221019_Ec_01_SC_CNIC-KI_TMT23.raw	ftp://ftp.pride.ebi.ac.uk/pride/data/archive/2026/04/PXD064518/20221019_Ec_01_SC_CNIC-KI_TMT23.raw	TMT127C	1	1	NT=Orbitrap Eclipse;AC=MS:1003029	NT=Data-dependent acquisition;AC=PRIDE:0000627	NT=Trypsin;AC=MS:1001251	TMT131	not applicable	TMT23	NT=collision-induced dissociation;AC=MS:1000133	NT=beam-type collision-induced dissociation;AC=MS:1000422	not available	375m/z-1500m/z	not available	not available	not applicable	NT=TMT6plex;AC=UNIMOD:737;MT=fixed;PP=Any N-term	NT=TMT6plex;AC=UNIMOD:737;MT=fixed;TA=K;PP=Anywhere	NT=Oxidation;AC=UNIMOD:35;MT=variable;TA=M;PP=Anywhere	NT=Acetyl;AC=UNIMOD:1;MT=variable;PP=Protein N-term	v3.0.0	ms-proteomics v1.1.0	vertebrates v1.1.0	single-cell v1.0.0
PXD064518_TMT23_TMT128N	Mus musculus	heart	cardiac muscle cell	not available	cell	single cell	male	not available	adult	not available	not available	not pooled	PXD064518_TMT23_TMT128N	1	manual picking	not available	one cardiomyocyte; channel-to-genotype assignment unavailable	20221019_Ec_01_SC_CNIC-KI_TMT23	proteomic profiling by mass spectrometry	20221019_Ec_01_SC_CNIC-KI_TMT23.raw	ftp://ftp.pride.ebi.ac.uk/pride/data/archive/2026/04/PXD064518/20221019_Ec_01_SC_CNIC-KI_TMT23.raw	TMT128N	1	1	NT=Orbitrap Eclipse;AC=MS:1003029	NT=Data-dependent acquisition;AC=PRIDE:0000627	NT=Trypsin;AC=MS:1001251	TMT131	not applicable	TMT23	NT=collision-induced dissociation;AC=MS:1000133	NT=beam-type collision-induced dissociation;AC=MS:1000422	not available	375m/z-1500m/z	not available	not available	not applicable	NT=TMT6plex;AC=UNIMOD:737;MT=fixed;PP=Any N-term	NT=TMT6plex;AC=UNIMOD:737;MT=fixed;TA=K;PP=Anywhere	NT=Oxidation;AC=UNIMOD:35;MT=variable;TA=M;PP=Anywhere	NT=Acetyl;AC=UNIMOD:1;MT=variable;PP=Protein N-term	v3.0.0	ms-proteomics v1.1.0	vertebrates v1.1.0	single-cell v1.0.0
PXD064518_TMT23_TMT128C	Mus musculus	heart	cardiac muscle cell	not available	cell	single cell	male	not available	adult	not available	not available	not pooled	PXD064518_TMT23_TMT128C	1	manual picking	not available	one cardiomyocyte; channel-to-genotype assignment unavailable	20221019_Ec_01_SC_CNIC-KI_TMT23	proteomic profiling by mass spectrometry	20221019_Ec_01_SC_CNIC-KI_TMT23.raw	ftp://ftp.pride.ebi.ac.uk/pride/data/archive/2026/04/PXD064518/20221019_Ec_01_SC_CNIC-KI_TMT23.raw	TMT128C	1	1	NT=Orbitrap Eclipse;AC=MS:1003029	NT=Data-dependent acquisition;AC=PRIDE:0000627	NT=Trypsin;AC=MS:1001251	TMT131	not applicable	TMT23	NT=collision-induced dissociation;AC=MS:1000133	NT=beam-type collision-induced dissociation;AC=MS:1000422	not available	375m/z-1500m/z	not available	not available	not applicable	NT=TMT6plex;AC=UNIMOD:737;MT=fixed;PP=Any N-term	NT=TMT6plex;AC=UNIMOD:737;MT=fixed;TA=K;PP=Anywhere	NT=Oxidation;AC=UNIMOD:35;MT=variable;TA=M;PP=Anywhere	NT=Acetyl;AC=UNIMOD:1;MT=variable;PP=Protein N-term	v3.0.0	ms-proteomics v1.1.0	vertebrates v1.1.0	single-cell v1.0.0
PXD064518_TMT23_TMT129N	Mus musculus	heart	cardiac muscle cell	not available	cell	single cell	male	not available	adult	not available	not available	not pooled	PXD064518_TMT23_TMT129N	1	manual picking	not available	one cardiomyocyte; channel-to-genotype assignment unavailable	20221019_Ec_01_SC_CNIC-KI_TMT23	proteomic profiling by mass spectrometry	20221019_Ec_01_SC_CNIC-KI_TMT23.raw	ftp://ftp.pride.ebi.ac.uk/pride/data/archive/2026/04/PXD064518/20221019_Ec_01_SC_CNIC-KI_TMT23.raw	TMT129N	1	1	NT=Orbitrap Eclipse;AC=MS:1003029	NT=Data-dependent acquisition;AC=PRIDE:0000627	NT=Trypsin;AC=MS:1001251	TMT131	not applicable	TMT23	NT=collision-induced dissociation;AC=MS:1000133	NT=beam-type collision-induced dissociation;AC=MS:1000422	not available	375m/z-1500m/z	not available	not available	not applicable	NT=TMT6plex;AC=UNIMOD:737;MT=fixed;PP=Any N-term	NT=TMT6plex;AC=UNIMOD:737;MT=fixed;TA=K;PP=Anywhere	NT=Oxidation;AC=UNIMOD:35;MT=variable;TA=M;PP=Anywhere	NT=Acetyl;AC=UNIMOD:1;MT=variable;PP=Protein N-term	v3.0.0	ms-proteomics v1.1.0	vertebrates v1.1.0	single-cell v1.0.0
PXD064518_TMT23_TMT129C	Mus musculus	heart	cardiac muscle cell	not available	cell	single cell	male	not available	adult	not available	not available	not pooled	PXD064518_TMT23_TMT129C	1	manual picking	not available	one cardiomyocyte; channel-to-genotype assignment unavailable	20221019_Ec_01_SC_CNIC-KI_TMT23	proteomic profiling by mass spectrometry	20221019_Ec_01_SC_CNIC-KI_TMT23.raw	ftp://ftp.pride.ebi.ac.uk/pride/data/archive/2026/04/PXD064518/20221019_Ec_01_SC_CNIC-KI_TMT23.raw	TMT129C	1	1	NT=Orbitrap Eclipse;AC=MS:1003029	NT=Data-dependent acquisition;AC=PRIDE:0000627	NT=Trypsin;AC=MS:1001251	TMT131	not applicable	TMT23	NT=collision-induced dissociation;AC=MS:1000133	NT=beam-type collision-induced dissociation;AC=MS:1000422	not available	375m/z-1500m/z	not available	not available	not applicable	NT=TMT6plex;AC=UNIMOD:737;MT=fixed;PP=Any N-term	NT=TMT6plex;AC=UNIMOD:737;MT=fixed;TA=K;PP=Anywhere	NT=Oxidation;AC=UNIMOD:35;MT=variable;TA=M;PP=Anywhere	NT=Acetyl;AC=UNIMOD:1;MT=variable;PP=Protein N-term	v3.0.0	ms-proteomics v1.1.0	vertebrates v1.1.0	single-cell v1.0.0
PXD064518_TMT23_TMT130C	Mus musculus	heart	cardiac muscle cell	not available	cell	single cell	male	not available	adult	not available	not available	not pooled	PXD064518_TMT23_TMT130C	1	manual picking	not available	one cardiomyocyte; channel-to-genotype assignment unavailable	20221019_Ec_01_SC_CNIC-KI_TMT23	proteomic profiling by mass spectrometry	20221019_Ec_01_SC_CNIC-KI_TMT23.raw	ftp://ftp.pride.ebi.ac.uk/pride/data/archive/2026/04/PXD064518/20221019_Ec_01_SC_CNIC-KI_TMT23.raw	TMT130C	1	1	NT=Orbitrap Eclipse;AC=MS:1003029	NT=Data-dependent acquisition;AC=PRIDE:0000627	NT=Trypsin;AC=MS:1001251	TMT131	not applicable	TMT23	NT=collision-induced dissociation;AC=MS:1000133	NT=beam-type collision-induced dissociation;AC=MS:1000422	not available	375m/z-1500m/z	not available	not available	not applicable	NT=TMT6plex;AC=UNIMOD:737;MT=fixed;PP=Any N-term	NT=TMT6plex;AC=UNIMOD:737;MT=fixed;TA=K;PP=Anywhere	NT=Oxidation;AC=UNIMOD:35;MT=variable;TA=M;PP=Anywhere	NT=Acetyl;AC=UNIMOD:1;MT=variable;PP=Protein N-term	v3.0.0	ms-proteomics v1.1.0	vertebrates v1.1.0	single-cell v1.0.0
PXD064518_TMT23_TMT131	Mus musculus	heart	cardiac muscle cell	not available	cell	carrier	male	not available	adult	not available	pooled	pooled	not applicable	200	not available	mixed control and Myc-overexpressing cardiomyocytes	100 control plus 100 Myc-overexpressing cardiomyocytes	20221019_Ec_01_SC_CNIC-KI_TMT23	proteomic profiling by mass spectrometry	20221019_Ec_01_SC_CNIC-KI_TMT23.raw	ftp://ftp.pride.ebi.ac.uk/pride/data/archive/2026/04/PXD064518/20221019_Ec_01_SC_CNIC-KI_TMT23.raw	TMT131	1	1	NT=Orbitrap Eclipse;AC=MS:1003029	NT=Data-dependent acquisition;AC=PRIDE:0000627	NT=Trypsin;AC=MS:1001251	TMT131	not applicable	TMT23	NT=collision-induced dissociation;AC=MS:1000133	NT=beam-type collision-induced dissociation;AC=MS:1000422	not available	375m/z-1500m/z	not available	not available	not applicable	NT=TMT6plex;AC=UNIMOD:737;MT=fixed;PP=Any N-term	NT=TMT6plex;AC=UNIMOD:737;MT=fixed;TA=K;PP=Anywhere	NT=Oxidation;AC=UNIMOD:35;MT=variable;TA=M;PP=Anywhere	NT=Acetyl;AC=UNIMOD:1;MT=variable;PP=Protein N-term	v3.0.0	ms-proteomics v1.1.0	vertebrates v1.1.0	single-cell v1.0.0
PXD064518_TMT24_TMT126	Mus musculus	heart	cardiac muscle cell	not available	cell	single cell	male	not available	adult	not available	not available	not pooled	PXD064518_TMT24_TMT126	1	manual picking	not available	one cardiomyocyte; channel-to-genotype assignment unavailable	20221019_Ec_01_SC_CNIC-KI_TMT24	proteomic profiling by mass spectrometry	20221019_Ec_01_SC_CNIC-KI_TMT24.raw	ftp://ftp.pride.ebi.ac.uk/pride/data/archive/2026/04/PXD064518/20221019_Ec_01_SC_CNIC-KI_TMT24.raw	TMT126	1	1	NT=Orbitrap Eclipse;AC=MS:1003029	NT=Data-dependent acquisition;AC=PRIDE:0000627	NT=Trypsin;AC=MS:1001251	TMT131	not applicable	TMT24	NT=collision-induced dissociation;AC=MS:1000133	NT=beam-type collision-induced dissociation;AC=MS:1000422	not available	375m/z-1500m/z	not available	not available	not applicable	NT=TMT6plex;AC=UNIMOD:737;MT=fixed;PP=Any N-term	NT=TMT6plex;AC=UNIMOD:737;MT=fixed;TA=K;PP=Anywhere	NT=Oxidation;AC=UNIMOD:35;MT=variable;TA=M;PP=Anywhere	NT=Acetyl;AC=UNIMOD:1;MT=variable;PP=Protein N-term	v3.0.0	ms-proteomics v1.1.0	vertebrates v1.1.0	single-cell v1.0.0
PXD064518_TMT24_TMT127N	Mus musculus	heart	cardiac muscle cell	not available	cell	single cell	male	not available	adult	not available	not available	not pooled	PXD064518_TMT24_TMT127N	1	manual picking	not available	one cardiomyocyte; channel-to-genotype assignment unavailable	20221019_Ec_01_SC_CNIC-KI_TMT24	proteomic profiling by mass spectrometry	20221019_Ec_01_SC_CNIC-KI_TMT24.raw	ftp://ftp.pride.ebi.ac.uk/pride/data/archive/2026/04/PXD064518/20221019_Ec_01_SC_CNIC-KI_TMT24.raw	TMT127N	1	1	NT=Orbitrap Eclipse;AC=MS:1003029	NT=Data-dependent acquisition;AC=PRIDE:0000627	NT=Trypsin;AC=MS:1001251	TMT131	not applicable	TMT24	NT=collision-induced dissociation;AC=MS:1000133	NT=beam-type collision-induced dissociation;AC=MS:1000422	not available	375m/z-1500m/z	not available	not available	not applicable	NT=TMT6plex;AC=UNIMOD:737;MT=fixed;PP=Any N-term	NT=TMT6plex;AC=UNIMOD:737;MT=fixed;TA=K;PP=Anywhere	NT=Oxidation;AC=UNIMOD:35;MT=variable;TA=M;PP=Anywhere	NT=Acetyl;AC=UNIMOD:1;MT=variable;PP=Protein N-term	v3.0.0	ms-proteomics v1.1.0	vertebrates v1.1.0	single-cell v1.0.0
PXD064518_TMT24_TMT127C	Mus musculus	heart	cardiac muscle cell	not available	cell	single cell	male	not available	adult	not available	not available	not pooled	PXD064518_TMT24_TMT127C	1	manual picking	not available	one cardiomyocyte; channel-to-genotype assignment unavailable	20221019_Ec_01_SC_CNIC-KI_TMT24	proteomic profiling by mass spectrometry	20221019_Ec_01_SC_CNIC-KI_TMT24.raw	ftp://ftp.pride.ebi.ac.uk/pride/data/archive/2026/04/PXD064518/20221019_Ec_01_SC_CNIC-KI_TMT24.raw	TMT127C	1	1	NT=Orbitrap Eclipse;AC=MS:1003029	NT=Data-dependent acquisition;AC=PRIDE:0000627	NT=Trypsin;AC=MS:1001251	TMT131	not applicable	TMT24	NT=collision-induced dissociation;AC=MS:1000133	NT=beam-type collision-induced dissociation;AC=MS:1000422	not available	375m/z-1500m/z	not available	not available	not applicable	NT=TMT6plex;AC=UNIMOD:737;MT=fixed;PP=Any N-term	NT=TMT6plex;AC=UNIMOD:737;MT=fixed;TA=K;PP=Anywhere	NT=Oxidation;AC=UNIMOD:35;MT=variable;TA=M;PP=Anywhere	NT=Acetyl;AC=UNIMOD:1;MT=variable;PP=Protein N-term	v3.0.0	ms-proteomics v1.1.0	vertebrates v1.1.0	single-cell v1.0.0
PXD064518_TMT24_TMT128N	Mus musculus	heart	cardiac muscle cell	not available	cell	single cell	male	not available	adult	not available	not available	not pooled	PXD064518_TMT24_TMT128N	1	manual picking	not available	one cardiomyocyte; channel-to-genotype assignment unavailable	20221019_Ec_01_SC_CNIC-KI_TMT24	proteomic profiling by mass spectrometry	20221019_Ec_01_SC_CNIC-KI_TMT24.raw	ftp://ftp.pride.ebi.ac.uk/pride/data/archive/2026/04/PXD064518/20221019_Ec_01_SC_CNIC-KI_TMT24.raw	TMT128N	1	1	NT=Orbitrap Eclipse;AC=MS:1003029	NT=Data-dependent acquisition;AC=PRIDE:0000627	NT=Trypsin;AC=MS:1001251	TMT131	not applicable	TMT24	NT=collision-induced dissociation;AC=MS:1000133	NT=beam-type collision-induced dissociation;AC=MS:1000422	not available	375m/z-1500m/z	not available	not available	not applicable	NT=TMT6plex;AC=UNIMOD:737;MT=fixed;PP=Any N-term	NT=TMT6plex;AC=UNIMOD:737;MT=fixed;TA=K;PP=Anywhere	NT=Oxidation;AC=UNIMOD:35;MT=variable;TA=M;PP=Anywhere	NT=Acetyl;AC=UNIMOD:1;MT=variable;PP=Protein N-term	v3.0.0	ms-proteomics v1.1.0	vertebrates v1.1.0	single-cell v1.0.0
PXD064518_TMT24_TMT128C	Mus musculus	heart	cardiac muscle cell	not available	cell	single cell	male	not available	adult	not available	not available	not pooled	PXD064518_TMT24_TMT128C	1	manual picking	not available	one cardiomyocyte; channel-to-genotype assignment unavailable	20221019_Ec_01_SC_CNIC-KI_TMT24	proteomic profiling by mass spectrometry	20221019_Ec_01_SC_CNIC-KI_TMT24.raw	ftp://ftp.pride.ebi.ac.uk/pride/data/archive/2026/04/PXD064518/20221019_Ec_01_SC_CNIC-KI_TMT24.raw	TMT128C	1	1	NT=Orbitrap Eclipse;AC=MS:1003029	NT=Data-dependent acquisition;AC=PRIDE:0000627	NT=Trypsin;AC=MS:1001251	TMT131	not applicable	TMT24	NT=collision-induced dissociation;AC=MS:1000133	NT=beam-type collision-induced dissociation;AC=MS:1000422	not available	375m/z-1500m/z	not available	not available	not applicable	NT=TMT6plex;AC=UNIMOD:737;MT=fixed;PP=Any N-term	NT=TMT6plex;AC=UNIMOD:737;MT=fixed;TA=K;PP=Anywhere	NT=Oxidation;AC=UNIMOD:35;MT=variable;TA=M;PP=Anywhere	NT=Acetyl;AC=UNIMOD:1;MT=variable;PP=Protein N-term	v3.0.0	ms-proteomics v1.1.0	vertebrates v1.1.0	single-cell v1.0.0
PXD064518_TMT24_TMT129N	Mus musculus	heart	cardiac muscle cell	not available	cell	single cell	male	not available	adult	not available	not available	not pooled	PXD064518_TMT24_TMT129N	1	manual picking	not available	one cardiomyocyte; channel-to-genotype assignment unavailable	20221019_Ec_01_SC_CNIC-KI_TMT24	proteomic profiling by mass spectrometry	20221019_Ec_01_SC_CNIC-KI_TMT24.raw	ftp://ftp.pride.ebi.ac.uk/pride/data/archive/2026/04/PXD064518/20221019_Ec_01_SC_CNIC-KI_TMT24.raw	TMT129N	1	1	NT=Orbitrap Eclipse;AC=MS:1003029	NT=Data-dependent acquisition;AC=PRIDE:0000627	NT=Trypsin;AC=MS:1001251	TMT131	not applicable	TMT24	NT=collision-induced dissociation;AC=MS:1000133	NT=beam-type collision-induced dissociation;AC=MS:1000422	not available	375m/z-1500m/z	not available	not available	not applicable	NT=TMT6plex;AC=UNIMOD:737;MT=fixed;PP=Any N-term	NT=TMT6plex;AC=UNIMOD:737;MT=fixed;TA=K;PP=Anywhere	NT=Oxidation;AC=UNIMOD:35;MT=variable;TA=M;PP=Anywhere	NT=Acetyl;AC=UNIMOD:1;MT=variable;PP=Protein N-term	v3.0.0	ms-proteomics v1.1.0	vertebrates v1.1.0	single-cell v1.0.0
PXD064518_TMT24_TMT129C	Mus musculus	heart	cardiac muscle cell	not available	cell	single cell	male	not available	adult	not available	not available	not pooled	PXD064518_TMT24_TMT129C	1	manual picking	not available	one cardiomyocyte; channel-to-genotype assignment unavailable	20221019_Ec_01_SC_CNIC-KI_TMT24	proteomic profiling by mass spectrometry	20221019_Ec_01_SC_CNIC-KI_TMT24.raw	ftp://ftp.pride.ebi.ac.uk/pride/data/archive/2026/04/PXD064518/20221019_Ec_01_SC_CNIC-KI_TMT24.raw	TMT129C	1	1	NT=Orbitrap Eclipse;AC=MS:1003029	NT=Data-dependent acquisition;AC=PRIDE:0000627	NT=Trypsin;AC=MS:1001251	TMT131	not applicable	TMT24	NT=collision-induced dissociation;AC=MS:1000133	NT=beam-type collision-induced dissociation;AC=MS:1000422	not available	375m/z-1500m/z	not available	not available	not applicable	NT=TMT6plex;AC=UNIMOD:737;MT=fixed;PP=Any N-term	NT=TMT6plex;AC=UNIMOD:737;MT=fixed;TA=K;PP=Anywhere	NT=Oxidation;AC=UNIMOD:35;MT=variable;TA=M;PP=Anywhere	NT=Acetyl;AC=UNIMOD:1;MT=variable;PP=Protein N-term	v3.0.0	ms-proteomics v1.1.0	vertebrates v1.1.0	single-cell v1.0.0
PXD064518_TMT24_TMT130C	Mus musculus	heart	cardiac muscle cell	not available	cell	single cell	male	not available	adult	not available	not available	not pooled	PXD064518_TMT24_TMT130C	1	manual picking	not available	one cardiomyocyte; channel-to-genotype assignment unavailable	20221019_Ec_01_SC_CNIC-KI_TMT24	proteomic profiling by mass spectrometry	20221019_Ec_01_SC_CNIC-KI_TMT24.raw	ftp://ftp.pride.ebi.ac.uk/pride/data/archive/2026/04/PXD064518/20221019_Ec_01_SC_CNIC-KI_TMT24.raw	TMT130C	1	1	NT=Orbitrap Eclipse;AC=MS:1003029	NT=Data-dependent acquisition;AC=PRIDE:0000627	NT=Trypsin;AC=MS:1001251	TMT131	not applicable	TMT24	NT=collision-induced dissociation;AC=MS:1000133	NT=beam-type collision-induced dissociation;AC=MS:1000422	not available	375m/z-1500m/z	not available	not available	not applicable	NT=TMT6plex;AC=UNIMOD:737;MT=fixed;PP=Any N-term	NT=TMT6plex;AC=UNIMOD:737;MT=fixed;TA=K;PP=Anywhere	NT=Oxidation;AC=UNIMOD:35;MT=variable;TA=M;PP=Anywhere	NT=Acetyl;AC=UNIMOD:1;MT=variable;PP=Protein N-term	v3.0.0	ms-proteomics v1.1.0	vertebrates v1.1.0	single-cell v1.0.0
PXD064518_TMT24_TMT131	Mus musculus	heart	cardiac muscle cell	not available	cell	carrier	male	not available	adult	not available	pooled	pooled	not applicable	200	not available	mixed control and Myc-overexpressing cardiomyocytes	100 control plus 100 Myc-overexpressing cardiomyocytes	20221019_Ec_01_SC_CNIC-KI_TMT24	proteomic profiling by mass spectrometry	20221019_Ec_01_SC_CNIC-KI_TMT24.raw	ftp://ftp.pride.ebi.ac.uk/pride/data/archive/2026/04/PXD064518/20221019_Ec_01_SC_CNIC-KI_TMT24.raw	TMT131	1	1	NT=Orbitrap Eclipse;AC=MS:1003029	NT=Data-dependent acquisition;AC=PRIDE:0000627	NT=Trypsin;AC=MS:1001251	TMT131	not applicable	TMT24	NT=collision-induced dissociation;AC=MS:1000133	NT=beam-type collision-induced dissociation;AC=MS:1000422	not available	375m/z-1500m/z	not available	not available	not applicable	NT=TMT6plex;AC=UNIMOD:737;MT=fixed;PP=Any N-term	NT=TMT6plex;AC=UNIMOD:737;MT=fixed;TA=K;PP=Anywhere	NT=Oxidation;AC=UNIMOD:35;MT=variable;TA=M;PP=Anywhere	NT=Acetyl;AC=UNIMOD:1;MT=variable;PP=Protein N-term	v3.0.0	ms-proteomics v1.1.0	vertebrates v1.1.0	single-cell v1.0.0
PXD064518_TMT25_TMT126	Mus musculus	heart	cardiac muscle cell	not available	cell	single cell	male	not available	adult	not available	not available	not pooled	PXD064518_TMT25_TMT126	1	manual picking	not available	one cardiomyocyte; channel-to-genotype assignment unavailable	20221019_Ec_01_SC_CNIC-KI_TMT25	proteomic profiling by mass spectrometry	20221019_Ec_01_SC_CNIC-KI_TMT25.raw	ftp://ftp.pride.ebi.ac.uk/pride/data/archive/2026/04/PXD064518/20221019_Ec_01_SC_CNIC-KI_TMT25.raw	TMT126	1	1	NT=Orbitrap Eclipse;AC=MS:1003029	NT=Data-dependent acquisition;AC=PRIDE:0000627	NT=Trypsin;AC=MS:1001251	TMT131	not applicable	TMT25	NT=collision-induced dissociation;AC=MS:1000133	NT=beam-type collision-induced dissociation;AC=MS:1000422	not available	375m/z-1500m/z	not available	not available	not applicable	NT=TMT6plex;AC=UNIMOD:737;MT=fixed;PP=Any N-term	NT=TMT6plex;AC=UNIMOD:737;MT=fixed;TA=K;PP=Anywhere	NT=Oxidation;AC=UNIMOD:35;MT=variable;TA=M;PP=Anywhere	NT=Acetyl;AC=UNIMOD:1;MT=variable;PP=Protein N-term	v3.0.0	ms-proteomics v1.1.0	vertebrates v1.1.0	single-cell v1.0.0
PXD064518_TMT25_TMT127N	Mus musculus	heart	cardiac muscle cell	not available	cell	single cell	male	not available	adult	not available	not available	not pooled	PXD064518_TMT25_TMT127N	1	manual picking	not available	one cardiomyocyte; channel-to-genotype assignment unavailable	20221019_Ec_01_SC_CNIC-KI_TMT25	proteomic profiling by mass spectrometry	20221019_Ec_01_SC_CNIC-KI_TMT25.raw	ftp://ftp.pride.ebi.ac.uk/pride/data/archive/2026/04/PXD064518/20221019_Ec_01_SC_CNIC-KI_TMT25.raw	TMT127N	1	1	NT=Orbitrap Eclipse;AC=MS:1003029	NT=Data-dependent acquisition;AC=PRIDE:0000627	NT=Trypsin;AC=MS:1001251	TMT131	not applicable	TMT25	NT=collision-induced dissociation;AC=MS:1000133	NT=beam-type collision-induced dissociation;AC=MS:1000422	not available	375m/z-1500m/z	not available	not available	not applicable	NT=TMT6plex;AC=UNIMOD:737;MT=fixed;PP=Any N-term	NT=TMT6plex;AC=UNIMOD:737;MT=fixed;TA=K;PP=Anywhere	NT=Oxidation;AC=UNIMOD:35;MT=variable;TA=M;PP=Anywhere	NT=Acetyl;AC=UNIMOD:1;MT=variable;PP=Protein N-term	v3.0.0	ms-proteomics v1.1.0	vertebrates v1.1.0	single-cell v1.0.0
PXD064518_TMT25_TMT127C	Mus musculus	heart	cardiac muscle cell	not available	cell	single cell	male	not available	adult	not available	not available	not pooled	PXD064518_TMT25_TMT127C	1	manual picking	not available	one cardiomyocyte; channel-to-genotype assignment unavailable	20221019_Ec_01_SC_CNIC-KI_TMT25	proteomic profiling by mass spectrometry	20221019_Ec_01_SC_CNIC-KI_TMT25.raw	ftp://ftp.pride.ebi.ac.uk/pride/data/archive/2026/04/PXD064518/20221019_Ec_01_SC_CNIC-KI_TMT25.raw	TMT127C	1	1	NT=Orbitrap Eclipse;AC=MS:1003029	NT=Data-dependent acquisition;AC=PRIDE:0000627	NT=Trypsin;AC=MS:1001251	TMT131	not applicable	TMT25	NT=collision-induced dissociation;AC=MS:1000133	NT=beam-type collision-induced dissociation;AC=MS:1000422	not available	375m/z-1500m/z	not available	not available	not applicable	NT=TMT6plex;AC=UNIMOD:737;MT=fixed;PP=Any N-term	NT=TMT6plex;AC=UNIMOD:737;MT=fixed;TA=K;PP=Anywhere	NT=Oxidation;AC=UNIMOD:35;MT=variable;TA=M;PP=Anywhere	NT=Acetyl;AC=UNIMOD:1;MT=variable;PP=Protein N-term	v3.0.0	ms-proteomics v1.1.0	vertebrates v1.1.0	single-cell v1.0.0
PXD064518_TMT25_TMT128N	Mus musculus	heart	cardiac muscle cell	not available	cell	single cell	male	not available	adult	not available	not available	not pooled	PXD064518_TMT25_TMT128N	1	manual picking	not available	one cardiomyocyte; channel-to-genotype assignment unavailable	20221019_Ec_01_SC_CNIC-KI_TMT25	proteomic profiling by mass spectrometry	20221019_Ec_01_SC_CNIC-KI_TMT25.raw	ftp://ftp.pride.ebi.ac.uk/pride/data/archive/2026/04/PXD064518/20221019_Ec_01_SC_CNIC-KI_TMT25.raw	TMT128N	1	1	NT=Orbitrap Eclipse;AC=MS:1003029	NT=Data-dependent acquisition;AC=PRIDE:0000627	NT=Trypsin;AC=MS:1001251	TMT131	not applicable	TMT25	NT=collision-induced dissociation;AC=MS:1000133	NT=beam-type collision-induced dissociation;AC=MS:1000422	not available	375m/z-1500m/z	not available	not available	not applicable	NT=TMT6plex;AC=UNIMOD:737;MT=fixed;PP=Any N-term	NT=TMT6plex;AC=UNIMOD:737;MT=fixed;TA=K;PP=Anywhere	NT=Oxidation;AC=UNIMOD:35;MT=variable;TA=M;PP=Anywhere	NT=Acetyl;AC=UNIMOD:1;MT=variable;PP=Protein N-term	v3.0.0	ms-proteomics v1.1.0	vertebrates v1.1.0	single-cell v1.0.0
PXD064518_TMT25_TMT128C	Mus musculus	heart	cardiac muscle cell	not available	cell	single cell	male	not available	adult	not available	not available	not pooled	PXD064518_TMT25_TMT128C	1	manual picking	not available	one cardiomyocyte; channel-to-genotype assignment unavailable	20221019_Ec_01_SC_CNIC-KI_TMT25	proteomic profiling by mass spectrometry	20221019_Ec_01_SC_CNIC-KI_TMT25.raw	ftp://ftp.pride.ebi.ac.uk/pride/data/archive/2026/04/PXD064518/20221019_Ec_01_SC_CNIC-KI_TMT25.raw	TMT128C	1	1	NT=Orbitrap Eclipse;AC=MS:1003029	NT=Data-dependent acquisition;AC=PRIDE:0000627	NT=Trypsin;AC=MS:1001251	TMT131	not applicable	TMT25	NT=collision-induced dissociation;AC=MS:1000133	NT=beam-type collision-induced dissociation;AC=MS:1000422	not available	375m/z-1500m/z	not available	not available	not applicable	NT=TMT6plex;AC=UNIMOD:737;MT=fixed;PP=Any N-term	NT=TMT6plex;AC=UNIMOD:737;MT=fixed;TA=K;PP=Anywhere	NT=Oxidation;AC=UNIMOD:35;MT=variable;TA=M;PP=Anywhere	NT=Acetyl;AC=UNIMOD:1;MT=variable;PP=Protein N-term	v3.0.0	ms-proteomics v1.1.0	vertebrates v1.1.0	single-cell v1.0.0
PXD064518_TMT25_TMT129N	Mus musculus	heart	cardiac muscle cell	not available	cell	single cell	male	not available	adult	not available	not available	not pooled	PXD064518_TMT25_TMT129N	1	manual picking	not available	one cardiomyocyte; channel-to-genotype assignment unavailable	20221019_Ec_01_SC_CNIC-KI_TMT25	proteomic profiling by mass spectrometry	20221019_Ec_01_SC_CNIC-KI_TMT25.raw	ftp://ftp.pride.ebi.ac.uk/pride/data/archive/2026/04/PXD064518/20221019_Ec_01_SC_CNIC-KI_TMT25.raw	TMT129N	1	1	NT=Orbitrap Eclipse;AC=MS:1003029	NT=Data-dependent acquisition;AC=PRIDE:0000627	NT=Trypsin;AC=MS:1001251	TMT131	not applicable	TMT25	NT=collision-induced dissociation;AC=MS:1000133	NT=beam-type collision-induced dissociation;AC=MS:1000422	not available	375m/z-1500m/z	not available	not available	not applicable	NT=TMT6plex;AC=UNIMOD:737;MT=fixed;PP=Any N-term	NT=TMT6plex;AC=UNIMOD:737;MT=fixed;TA=K;PP=Anywhere	NT=Oxidation;AC=UNIMOD:35;MT=variable;TA=M;PP=Anywhere	NT=Acetyl;AC=UNIMOD:1;MT=variable;PP=Protein N-term	v3.0.0	ms-proteomics v1.1.0	vertebrates v1.1.0	single-cell v1.0.0
PXD064518_TMT25_TMT129C	Mus musculus	heart	cardiac muscle cell	not available	cell	single cell	male	not available	adult	not available	not available	not pooled	PXD064518_TMT25_TMT129C	1	manual picking	not available	one cardiomyocyte; channel-to-genotype assignment unavailable	20221019_Ec_01_SC_CNIC-KI_TMT25	proteomic profiling by mass spectrometry	20221019_Ec_01_SC_CNIC-KI_TMT25.raw	ftp://ftp.pride.ebi.ac.uk/pride/data/archive/2026/04/PXD064518/20221019_Ec_01_SC_CNIC-KI_TMT25.raw	TMT129C	1	1	NT=Orbitrap Eclipse;AC=MS:1003029	NT=Data-dependent acquisition;AC=PRIDE:0000627	NT=Trypsin;AC=MS:1001251	TMT131	not applicable	TMT25	NT=collision-induced dissociation;AC=MS:1000133	NT=beam-type collision-induced dissociation;AC=MS:1000422	not available	375m/z-1500m/z	not available	not available	not applicable	NT=TMT6plex;AC=UNIMOD:737;MT=fixed;PP=Any N-term	NT=TMT6plex;AC=UNIMOD:737;MT=fixed;TA=K;PP=Anywhere	NT=Oxidation;AC=UNIMOD:35;MT=variable;TA=M;PP=Anywhere	NT=Acetyl;AC=UNIMOD:1;MT=variable;PP=Protein N-term	v3.0.0	ms-proteomics v1.1.0	vertebrates v1.1.0	single-cell v1.0.0
PXD064518_TMT25_TMT130C	Mus musculus	heart	cardiac muscle cell	not available	cell	single cell	male	not available	adult	not available	not available	not pooled	PXD064518_TMT25_TMT130C	1	manual picking	not available	one cardiomyocyte; channel-to-genotype assignment unavailable	20221019_Ec_01_SC_CNIC-KI_TMT25	proteomic profiling by mass spectrometry	20221019_Ec_01_SC_CNIC-KI_TMT25.raw	ftp://ftp.pride.ebi.ac.uk/pride/data/archive/2026/04/PXD064518/20221019_Ec_01_SC_CNIC-KI_TMT25.raw	TMT130C	1	1	NT=Orbitrap Eclipse;AC=MS:1003029	NT=Data-dependent acquisition;AC=PRIDE:0000627	NT=Trypsin;AC=MS:1001251	TMT131	not applicable	TMT25	NT=collision-induced dissociation;AC=MS:1000133	NT=beam-type collision-induced dissociation;AC=MS:1000422	not available	375m/z-1500m/z	not available	not available	not applicable	NT=TMT6plex;AC=UNIMOD:737;MT=fixed;PP=Any N-term	NT=TMT6plex;AC=UNIMOD:737;MT=fixed;TA=K;PP=Anywhere	NT=Oxidation;AC=UNIMOD:35;MT=variable;TA=M;PP=Anywhere	NT=Acetyl;AC=UNIMOD:1;MT=variable;PP=Protein N-term	v3.0.0	ms-proteomics v1.1.0	vertebrates v1.1.0	single-cell v1.0.0
PXD064518_TMT25_TMT131	Mus musculus	heart	cardiac muscle cell	not available	cell	carrier	male	not available	adult	not available	pooled	pooled	not applicable	200	not available	mixed control and Myc-overexpressing cardiomyocytes	100 control plus 100 Myc-overexpressing cardiomyocytes	20221019_Ec_01_SC_CNIC-KI_TMT25	proteomic profiling by mass spectrometry	20221019_Ec_01_SC_CNIC-KI_TMT25.raw	ftp://ftp.pride.ebi.ac.uk/pride/data/archive/2026/04/PXD064518/20221019_Ec_01_SC_CNIC-KI_TMT25.raw	TMT131	1	1	NT=Orbitrap Eclipse;AC=MS:1003029	NT=Data-dependent acquisition;AC=PRIDE:0000627	NT=Trypsin;AC=MS:1001251	TMT131	not applicable	TMT25	NT=collision-induced dissociation;AC=MS:1000133	NT=beam-type collision-induced dissociation;AC=MS:1000422	not available	375m/z-1500m/z	not available	not available	not applicable	NT=TMT6plex;AC=UNIMOD:737;MT=fixed;PP=Any N-term	NT=TMT6plex;AC=UNIMOD:737;MT=fixed;TA=K;PP=Anywhere	NT=Oxidation;AC=UNIMOD:35;MT=variable;TA=M;PP=Anywhere	NT=Acetyl;AC=UNIMOD:1;MT=variable;PP=Protein N-term	v3.0.0	ms-proteomics v1.1.0	vertebrates v1.1.0	single-cell v1.0.0
PXD064518_TMT26_TMT126	Mus musculus	heart	cardiac muscle cell	not available	cell	single cell	male	not available	adult	not available	not available	not pooled	PXD064518_TMT26_TMT126	1	manual picking	not available	one cardiomyocyte; channel-to-genotype assignment unavailable	20221019_Ec_01_SC_CNIC-KI_TMT26	proteomic profiling by mass spectrometry	20221019_Ec_01_SC_CNIC-KI_TMT26.raw	ftp://ftp.pride.ebi.ac.uk/pride/data/archive/2026/04/PXD064518/20221019_Ec_01_SC_CNIC-KI_TMT26.raw	TMT126	1	1	NT=Orbitrap Eclipse;AC=MS:1003029	NT=Data-dependent acquisition;AC=PRIDE:0000627	NT=Trypsin;AC=MS:1001251	TMT131	not applicable	TMT26	NT=collision-induced dissociation;AC=MS:1000133	NT=beam-type collision-induced dissociation;AC=MS:1000422	not available	375m/z-1500m/z	not available	not available	not applicable	NT=TMT6plex;AC=UNIMOD:737;MT=fixed;PP=Any N-term	NT=TMT6plex;AC=UNIMOD:737;MT=fixed;TA=K;PP=Anywhere	NT=Oxidation;AC=UNIMOD:35;MT=variable;TA=M;PP=Anywhere	NT=Acetyl;AC=UNIMOD:1;MT=variable;PP=Protein N-term	v3.0.0	ms-proteomics v1.1.0	vertebrates v1.1.0	single-cell v1.0.0
PXD064518_TMT26_TMT127N	Mus musculus	heart	cardiac muscle cell	not available	cell	single cell	male	not available	adult	not available	not available	not pooled	PXD064518_TMT26_TMT127N	1	manual picking	not available	one cardiomyocyte; channel-to-genotype assignment unavailable	20221019_Ec_01_SC_CNIC-KI_TMT26	proteomic profiling by mass spectrometry	20221019_Ec_01_SC_CNIC-KI_TMT26.raw	ftp://ftp.pride.ebi.ac.uk/pride/data/archive/2026/04/PXD064518/20221019_Ec_01_SC_CNIC-KI_TMT26.raw	TMT127N	1	1	NT=Orbitrap Eclipse;AC=MS:1003029	NT=Data-dependent acquisition;AC=PRIDE:0000627	NT=Trypsin;AC=MS:1001251	TMT131	not applicable	TMT26	NT=collision-induced dissociation;AC=MS:1000133	NT=beam-type collision-induced dissociation;AC=MS:1000422	not available	375m/z-1500m/z	not available	not available	not applicable	NT=TMT6plex;AC=UNIMOD:737;MT=fixed;PP=Any N-term	NT=TMT6plex;AC=UNIMOD:737;MT=fixed;TA=K;PP=Anywhere	NT=Oxidation;AC=UNIMOD:35;MT=variable;TA=M;PP=Anywhere	NT=Acetyl;AC=UNIMOD:1;MT=variable;PP=Protein N-term	v3.0.0	ms-proteomics v1.1.0	vertebrates v1.1.0	single-cell v1.0.0
PXD064518_TMT26_TMT127C	Mus musculus	heart	cardiac muscle cell	not available	cell	single cell	male	not available	adult	not available	not available	not pooled	PXD064518_TMT26_TMT127C	1	manual picking	not available	one cardiomyocyte; channel-to-genotype assignment unavailable	20221019_Ec_01_SC_CNIC-KI_TMT26	proteomic profiling by mass spectrometry	20221019_Ec_01_SC_CNIC-KI_TMT26.raw	ftp://ftp.pride.ebi.ac.uk/pride/data/archive/2026/04/PXD064518/20221019_Ec_01_SC_CNIC-KI_TMT26.raw	TMT127C	1	1	NT=Orbitrap Eclipse;AC=MS:1003029	NT=Data-dependent acquisition;AC=PRIDE:0000627	NT=Trypsin;AC=MS:1001251	TMT131	not applicable	TMT26	NT=collision-induced dissociation;AC=MS:1000133	NT=beam-type collision-induced dissociation;AC=MS:1000422	not available	375m/z-1500m/z	not available	not available	not applicable	NT=TMT6plex;AC=UNIMOD:737;MT=fixed;PP=Any N-term	NT=TMT6plex;AC=UNIMOD:737;MT=fixed;TA=K;PP=Anywhere	NT=Oxidation;AC=UNIMOD:35;MT=variable;TA=M;PP=Anywhere	NT=Acetyl;AC=UNIMOD:1;MT=variable;PP=Protein N-term	v3.0.0	ms-proteomics v1.1.0	vertebrates v1.1.0	single-cell v1.0.0
PXD064518_TMT26_TMT128N	Mus musculus	heart	cardiac muscle cell	not available	cell	single cell	male	not available	adult	not available	not available	not pooled	PXD064518_TMT26_TMT128N	1	manual picking	not available	one cardiomyocyte; channel-to-genotype assignment unavailable	20221019_Ec_01_SC_CNIC-KI_TMT26	proteomic profiling by mass spectrometry	20221019_Ec_01_SC_CNIC-KI_TMT26.raw	ftp://ftp.pride.ebi.ac.uk/pride/data/archive/2026/04/PXD064518/20221019_Ec_01_SC_CNIC-KI_TMT26.raw	TMT128N	1	1	NT=Orbitrap Eclipse;AC=MS:1003029	NT=Data-dependent acquisition;AC=PRIDE:0000627	NT=Trypsin;AC=MS:1001251	TMT131	not applicable	TMT26	NT=collision-induced dissociation;AC=MS:1000133	NT=beam-type collision-induced dissociation;AC=MS:1000422	not available	375m/z-1500m/z	not available	not available	not applicable	NT=TMT6plex;AC=UNIMOD:737;MT=fixed;PP=Any N-term	NT=TMT6plex;AC=UNIMOD:737;MT=fixed;TA=K;PP=Anywhere	NT=Oxidation;AC=UNIMOD:35;MT=variable;TA=M;PP=Anywhere	NT=Acetyl;AC=UNIMOD:1;MT=variable;PP=Protein N-term	v3.0.0	ms-proteomics v1.1.0	vertebrates v1.1.0	single-cell v1.0.0
PXD064518_TMT26_TMT128C	Mus musculus	heart	cardiac muscle cell	not available	cell	single cell	male	not available	adult	not available	not available	not pooled	PXD064518_TMT26_TMT128C	1	manual picking	not available	one cardiomyocyte; channel-to-genotype assignment unavailable	20221019_Ec_01_SC_CNIC-KI_TMT26	proteomic profiling by mass spectrometry	20221019_Ec_01_SC_CNIC-KI_TMT26.raw	ftp://ftp.pride.ebi.ac.uk/pride/data/archive/2026/04/PXD064518/20221019_Ec_01_SC_CNIC-KI_TMT26.raw	TMT128C	1	1	NT=Orbitrap Eclipse;AC=MS:1003029	NT=Data-dependent acquisition;AC=PRIDE:0000627	NT=Trypsin;AC=MS:1001251	TMT131	not applicable	TMT26	NT=collision-induced dissociation;AC=MS:1000133	NT=beam-type collision-induced dissociation;AC=MS:1000422	not available	375m/z-1500m/z	not available	not available	not applicable	NT=TMT6plex;AC=UNIMOD:737;MT=fixed;PP=Any N-term	NT=TMT6plex;AC=UNIMOD:737;MT=fixed;TA=K;PP=Anywhere	NT=Oxidation;AC=UNIMOD:35;MT=variable;TA=M;PP=Anywhere	NT=Acetyl;AC=UNIMOD:1;MT=variable;PP=Protein N-term	v3.0.0	ms-proteomics v1.1.0	vertebrates v1.1.0	single-cell v1.0.0
PXD064518_TMT26_TMT129N	Mus musculus	heart	cardiac muscle cell	not available	cell	single cell	male	not available	adult	not available	not available	not pooled	PXD064518_TMT26_TMT129N	1	manual picking	not available	one cardiomyocyte; channel-to-genotype assignment unavailable	20221019_Ec_01_SC_CNIC-KI_TMT26	proteomic profiling by mass spectrometry	20221019_Ec_01_SC_CNIC-KI_TMT26.raw	ftp://ftp.pride.ebi.ac.uk/pride/data/archive/2026/04/PXD064518/20221019_Ec_01_SC_CNIC-KI_TMT26.raw	TMT129N	1	1	NT=Orbitrap Eclipse;AC=MS:1003029	NT=Data-dependent acquisition;AC=PRIDE:0000627	NT=Trypsin;AC=MS:1001251	TMT131	not applicable	TMT26	NT=collision-induced dissociation;AC=MS:1000133	NT=beam-type collision-induced dissociation;AC=MS:1000422	not available	375m/z-1500m/z	not available	not available	not applicable	NT=TMT6plex;AC=UNIMOD:737;MT=fixed;PP=Any N-term	NT=TMT6plex;AC=UNIMOD:737;MT=fixed;TA=K;PP=Anywhere	NT=Oxidation;AC=UNIMOD:35;MT=variable;TA=M;PP=Anywhere	NT=Acetyl;AC=UNIMOD:1;MT=variable;PP=Protein N-term	v3.0.0	ms-proteomics v1.1.0	vertebrates v1.1.0	single-cell v1.0.0
PXD064518_TMT26_TMT129C	Mus musculus	heart	cardiac muscle cell	not available	cell	single cell	male	not available	adult	not available	not available	not pooled	PXD064518_TMT26_TMT129C	1	manual picking	not available	one cardiomyocyte; channel-to-genotype assignment unavailable	20221019_Ec_01_SC_CNIC-KI_TMT26	proteomic profiling by mass spectrometry	20221019_Ec_01_SC_CNIC-KI_TMT26.raw	ftp://ftp.pride.ebi.ac.uk/pride/data/archive/2026/04/PXD064518/20221019_Ec_01_SC_CNIC-KI_TMT26.raw	TMT129C	1	1	NT=Orbitrap Eclipse;AC=MS:1003029	NT=Data-dependent acquisition;AC=PRIDE:0000627	NT=Trypsin;AC=MS:1001251	TMT131	not applicable	TMT26	NT=collision-induced dissociation;AC=MS:1000133	NT=beam-type collision-induced dissociation;AC=MS:1000422	not available	375m/z-1500m/z	not available	not available	not applicable	NT=TMT6plex;AC=UNIMOD:737;MT=fixed;PP=Any N-term	NT=TMT6plex;AC=UNIMOD:737;MT=fixed;TA=K;PP=Anywhere	NT=Oxidation;AC=UNIMOD:35;MT=variable;TA=M;PP=Anywhere	NT=Acetyl;AC=UNIMOD:1;MT=variable;PP=Protein N-term	v3.0.0	ms-proteomics v1.1.0	vertebrates v1.1.0	single-cell v1.0.0
PXD064518_TMT26_TMT130C	Mus musculus	heart	cardiac muscle cell	not available	cell	single cell	male	not available	adult	not available	not available	not pooled	PXD064518_TMT26_TMT130C	1	manual picking	not available	one cardiomyocyte; channel-to-genotype assignment unavailable	20221019_Ec_01_SC_CNIC-KI_TMT26	proteomic profiling by mass spectrometry	20221019_Ec_01_SC_CNIC-KI_TMT26.raw	ftp://ftp.pride.ebi.ac.uk/pride/data/archive/2026/04/PXD064518/20221019_Ec_01_SC_CNIC-KI_TMT26.raw	TMT130C	1	1	NT=Orbitrap Eclipse;AC=MS:1003029	NT=Data-dependent acquisition;AC=PRIDE:0000627	NT=Trypsin;AC=MS:1001251	TMT131	not applicable	TMT26	NT=collision-induced dissociation;AC=MS:1000133	NT=beam-type collision-induced dissociation;AC=MS:1000422	not available	375m/z-1500m/z	not available	not available	not applicable	NT=TMT6plex;AC=UNIMOD:737;MT=fixed;PP=Any N-term	NT=TMT6plex;AC=UNIMOD:737;MT=fixed;TA=K;PP=Anywhere	NT=Oxidation;AC=UNIMOD:35;MT=variable;TA=M;PP=Anywhere	NT=Acetyl;AC=UNIMOD:1;MT=variable;PP=Protein N-term	v3.0.0	ms-proteomics v1.1.0	vertebrates v1.1.0	single-cell v1.0.0
PXD064518_TMT26_TMT131	Mus musculus	heart	cardiac muscle cell	not available	cell	carrier	male	not available	adult	not available	pooled	pooled	not applicable	200	not available	mixed control and Myc-overexpressing cardiomyocytes	100 control plus 100 Myc-overexpressing cardiomyocytes	20221019_Ec_01_SC_CNIC-KI_TMT26	proteomic profiling by mass spectrometry	20221019_Ec_01_SC_CNIC-KI_TMT26.raw	ftp://ftp.pride.ebi.ac.uk/pride/data/archive/2026/04/PXD064518/20221019_Ec_01_SC_CNIC-KI_TMT26.raw	TMT131	1	1	NT=Orbitrap Eclipse;AC=MS:1003029	NT=Data-dependent acquisition;AC=PRIDE:0000627	NT=Trypsin;AC=MS:1001251	TMT131	not applicable	TMT26	NT=collision-induced dissociation;AC=MS:1000133	NT=beam-type collision-induced dissociation;AC=MS:1000422	not available	375m/z-1500m/z	not available	not available	not applicable	NT=TMT6plex;AC=UNIMOD:737;MT=fixed;PP=Any N-term	NT=TMT6plex;AC=UNIMOD:737;MT=fixed;TA=K;PP=Anywhere	NT=Oxidation;AC=UNIMOD:35;MT=variable;TA=M;PP=Anywhere	NT=Acetyl;AC=UNIMOD:1;MT=variable;PP=Protein N-term	v3.0.0	ms-proteomics v1.1.0	vertebrates v1.1.0	single-cell v1.0.0
PXD064518_TMT27_TMT126	Mus musculus	heart	cardiac muscle cell	not available	cell	single cell	male	not available	adult	not available	not available	not pooled	PXD064518_TMT27_TMT126	1	manual picking	not available	one cardiomyocyte; channel-to-genotype assignment unavailable	20221019_Ec_01_SC_CNIC-KI_TMT27	proteomic profiling by mass spectrometry	20221019_Ec_01_SC_CNIC-KI_TMT27.raw	ftp://ftp.pride.ebi.ac.uk/pride/data/archive/2026/04/PXD064518/20221019_Ec_01_SC_CNIC-KI_TMT27.raw	TMT126	1	1	NT=Orbitrap Eclipse;AC=MS:1003029	NT=Data-dependent acquisition;AC=PRIDE:0000627	NT=Trypsin;AC=MS:1001251	TMT131	not applicable	TMT27	NT=collision-induced dissociation;AC=MS:1000133	NT=beam-type collision-induced dissociation;AC=MS:1000422	not available	375m/z-1500m/z	not available	not available	not applicable	NT=TMT6plex;AC=UNIMOD:737;MT=fixed;PP=Any N-term	NT=TMT6plex;AC=UNIMOD:737;MT=fixed;TA=K;PP=Anywhere	NT=Oxidation;AC=UNIMOD:35;MT=variable;TA=M;PP=Anywhere	NT=Acetyl;AC=UNIMOD:1;MT=variable;PP=Protein N-term	v3.0.0	ms-proteomics v1.1.0	vertebrates v1.1.0	single-cell v1.0.0
PXD064518_TMT27_TMT127N	Mus musculus	heart	cardiac muscle cell	not available	cell	single cell	male	not available	adult	not available	not available	not pooled	PXD064518_TMT27_TMT127N	1	manual picking	not available	one cardiomyocyte; channel-to-genotype assignment unavailable	20221019_Ec_01_SC_CNIC-KI_TMT27	proteomic profiling by mass spectrometry	20221019_Ec_01_SC_CNIC-KI_TMT27.raw	ftp://ftp.pride.ebi.ac.uk/pride/data/archive/2026/04/PXD064518/20221019_Ec_01_SC_CNIC-KI_TMT27.raw	TMT127N	1	1	NT=Orbitrap Eclipse;AC=MS:1003029	NT=Data-dependent acquisition;AC=PRIDE:0000627	NT=Trypsin;AC=MS:1001251	TMT131	not applicable	TMT27	NT=collision-induced dissociation;AC=MS:1000133	NT=beam-type collision-induced dissociation;AC=MS:1000422	not available	375m/z-1500m/z	not available	not available	not applicable	NT=TMT6plex;AC=UNIMOD:737;MT=fixed;PP=Any N-term	NT=TMT6plex;AC=UNIMOD:737;MT=fixed;TA=K;PP=Anywhere	NT=Oxidation;AC=UNIMOD:35;MT=variable;TA=M;PP=Anywhere	NT=Acetyl;AC=UNIMOD:1;MT=variable;PP=Protein N-term	v3.0.0	ms-proteomics v1.1.0	vertebrates v1.1.0	single-cell v1.0.0
PXD064518_TMT27_TMT127C	Mus musculus	heart	cardiac muscle cell	not available	cell	single cell	male	not available	adult	not available	not available	not pooled	PXD064518_TMT27_TMT127C	1	manual picking	not available	one cardiomyocyte; channel-to-genotype assignment unavailable	20221019_Ec_01_SC_CNIC-KI_TMT27	proteomic profiling by mass spectrometry	20221019_Ec_01_SC_CNIC-KI_TMT27.raw	ftp://ftp.pride.ebi.ac.uk/pride/data/archive/2026/04/PXD064518/20221019_Ec_01_SC_CNIC-KI_TMT27.raw	TMT127C	1	1	NT=Orbitrap Eclipse;AC=MS:1003029	NT=Data-dependent acquisition;AC=PRIDE:0000627	NT=Trypsin;AC=MS:1001251	TMT131	not applicable	TMT27	NT=collision-induced dissociation;AC=MS:1000133	NT=beam-type collision-induced dissociation;AC=MS:1000422	not available	375m/z-1500m/z	not available	not available	not applicable	NT=TMT6plex;AC=UNIMOD:737;MT=fixed;PP=Any N-term	NT=TMT6plex;AC=UNIMOD:737;MT=fixed;TA=K;PP=Anywhere	NT=Oxidation;AC=UNIMOD:35;MT=variable;TA=M;PP=Anywhere	NT=Acetyl;AC=UNIMOD:1;MT=variable;PP=Protein N-term	v3.0.0	ms-proteomics v1.1.0	vertebrates v1.1.0	single-cell v1.0.0
PXD064518_TMT27_TMT128N	Mus musculus	heart	cardiac muscle cell	not available	cell	single cell	male	not available	adult	not available	not available	not pooled	PXD064518_TMT27_TMT128N	1	manual picking	not available	one cardiomyocyte; channel-to-genotype assignment unavailable	20221019_Ec_01_SC_CNIC-KI_TMT27	proteomic profiling by mass spectrometry	20221019_Ec_01_SC_CNIC-KI_TMT27.raw	ftp://ftp.pride.ebi.ac.uk/pride/data/archive/2026/04/PXD064518/20221019_Ec_01_SC_CNIC-KI_TMT27.raw	TMT128N	1	1	NT=Orbitrap Eclipse;AC=MS:1003029	NT=Data-dependent acquisition;AC=PRIDE:0000627	NT=Trypsin;AC=MS:1001251	TMT131	not applicable	TMT27	NT=collision-induced dissociation;AC=MS:1000133	NT=beam-type collision-induced dissociation;AC=MS:1000422	not available	375m/z-1500m/z	not available	not available	not applicable	NT=TMT6plex;AC=UNIMOD:737;MT=fixed;PP=Any N-term	NT=TMT6plex;AC=UNIMOD:737;MT=fixed;TA=K;PP=Anywhere	NT=Oxidation;AC=UNIMOD:35;MT=variable;TA=M;PP=Anywhere	NT=Acetyl;AC=UNIMOD:1;MT=variable;PP=Protein N-term	v3.0.0	ms-proteomics v1.1.0	vertebrates v1.1.0	single-cell v1.0.0
PXD064518_TMT27_TMT128C	Mus musculus	heart	cardiac muscle cell	not available	cell	single cell	male	not available	adult	not available	not available	not pooled	PXD064518_TMT27_TMT128C	1	manual picking	not available	one cardiomyocyte; channel-to-genotype assignment unavailable	20221019_Ec_01_SC_CNIC-KI_TMT27	proteomic profiling by mass spectrometry	20221019_Ec_01_SC_CNIC-KI_TMT27.raw	ftp://ftp.pride.ebi.ac.uk/pride/data/archive/2026/04/PXD064518/20221019_Ec_01_SC_CNIC-KI_TMT27.raw	TMT128C	1	1	NT=Orbitrap Eclipse;AC=MS:1003029	NT=Data-dependent acquisition;AC=PRIDE:0000627	NT=Trypsin;AC=MS:1001251	TMT131	not applicable	TMT27	NT=collision-induced dissociation;AC=MS:1000133	NT=beam-type collision-induced dissociation;AC=MS:1000422	not available	375m/z-1500m/z	not available	not available	not applicable	NT=TMT6plex;AC=UNIMOD:737;MT=fixed;PP=Any N-term	NT=TMT6plex;AC=UNIMOD:737;MT=fixed;TA=K;PP=Anywhere	NT=Oxidation;AC=UNIMOD:35;MT=variable;TA=M;PP=Anywhere	NT=Acetyl;AC=UNIMOD:1;MT=variable;PP=Protein N-term	v3.0.0	ms-proteomics v1.1.0	vertebrates v1.1.0	single-cell v1.0.0
PXD064518_TMT27_TMT129N	Mus musculus	heart	cardiac muscle cell	not available	cell	single cell	male	not available	adult	not available	not available	not pooled	PXD064518_TMT27_TMT129N	1	manual picking	not available	one cardiomyocyte; channel-to-genotype assignment unavailable	20221019_Ec_01_SC_CNIC-KI_TMT27	proteomic profiling by mass spectrometry	20221019_Ec_01_SC_CNIC-KI_TMT27.raw	ftp://ftp.pride.ebi.ac.uk/pride/data/archive/2026/04/PXD064518/20221019_Ec_01_SC_CNIC-KI_TMT27.raw	TMT129N	1	1	NT=Orbitrap Eclipse;AC=MS:1003029	NT=Data-dependent acquisition;AC=PRIDE:0000627	NT=Trypsin;AC=MS:1001251	TMT131	not applicable	TMT27	NT=collision-induced dissociation;AC=MS:1000133	NT=beam-type collision-induced dissociation;AC=MS:1000422	not available	375m/z-1500m/z	not available	not available	not applicable	NT=TMT6plex;AC=UNIMOD:737;MT=fixed;PP=Any N-term	NT=TMT6plex;AC=UNIMOD:737;MT=fixed;TA=K;PP=Anywhere	NT=Oxidation;AC=UNIMOD:35;MT=variable;TA=M;PP=Anywhere	NT=Acetyl;AC=UNIMOD:1;MT=variable;PP=Protein N-term	v3.0.0	ms-proteomics v1.1.0	vertebrates v1.1.0	single-cell v1.0.0
PXD064518_TMT27_TMT129C	Mus musculus	heart	cardiac muscle cell	not available	cell	single cell	male	not available	adult	not available	not available	not pooled	PXD064518_TMT27_TMT129C	1	manual picking	not available	one cardiomyocyte; channel-to-genotype assignment unavailable	20221019_Ec_01_SC_CNIC-KI_TMT27	proteomic profiling by mass spectrometry	20221019_Ec_01_SC_CNIC-KI_TMT27.raw	ftp://ftp.pride.ebi.ac.uk/pride/data/archive/2026/04/PXD064518/20221019_Ec_01_SC_CNIC-KI_TMT27.raw	TMT129C	1	1	NT=Orbitrap Eclipse;AC=MS:1003029	NT=Data-dependent acquisition;AC=PRIDE:0000627	NT=Trypsin;AC=MS:1001251	TMT131	not applicable	TMT27	NT=collision-induced dissociation;AC=MS:1000133	NT=beam-type collision-induced dissociation;AC=MS:1000422	not available	375m/z-1500m/z	not available	not available	not applicable	NT=TMT6plex;AC=UNIMOD:737;MT=fixed;PP=Any N-term	NT=TMT6plex;AC=UNIMOD:737;MT=fixed;TA=K;PP=Anywhere	NT=Oxidation;AC=UNIMOD:35;MT=variable;TA=M;PP=Anywhere	NT=Acetyl;AC=UNIMOD:1;MT=variable;PP=Protein N-term	v3.0.0	ms-proteomics v1.1.0	vertebrates v1.1.0	single-cell v1.0.0
PXD064518_TMT27_TMT130C	Mus musculus	heart	cardiac muscle cell	not available	cell	single cell	male	not available	adult	not available	not available	not pooled	PXD064518_TMT27_TMT130C	1	manual picking	not available	one cardiomyocyte; channel-to-genotype assignment unavailable	20221019_Ec_01_SC_CNIC-KI_TMT27	proteomic profiling by mass spectrometry	20221019_Ec_01_SC_CNIC-KI_TMT27.raw	ftp://ftp.pride.ebi.ac.uk/pride/data/archive/2026/04/PXD064518/20221019_Ec_01_SC_CNIC-KI_TMT27.raw	TMT130C	1	1	NT=Orbitrap Eclipse;AC=MS:1003029	NT=Data-dependent acquisition;AC=PRIDE:0000627	NT=Trypsin;AC=MS:1001251	TMT131	not applicable	TMT27	NT=collision-induced dissociation;AC=MS:1000133	NT=beam-type collision-induced dissociation;AC=MS:1000422	not available	375m/z-1500m/z	not available	not available	not applicable	NT=TMT6plex;AC=UNIMOD:737;MT=fixed;PP=Any N-term	NT=TMT6plex;AC=UNIMOD:737;MT=fixed;TA=K;PP=Anywhere	NT=Oxidation;AC=UNIMOD:35;MT=variable;TA=M;PP=Anywhere	NT=Acetyl;AC=UNIMOD:1;MT=variable;PP=Protein N-term	v3.0.0	ms-proteomics v1.1.0	vertebrates v1.1.0	single-cell v1.0.0
PXD064518_TMT27_TMT131	Mus musculus	heart	cardiac muscle cell	not available	cell	carrier	male	not available	adult	not available	pooled	pooled	not applicable	200	not available	mixed control and Myc-overexpressing cardiomyocytes	100 control plus 100 Myc-overexpressing cardiomyocytes	20221019_Ec_01_SC_CNIC-KI_TMT27	proteomic profiling by mass spectrometry	20221019_Ec_01_SC_CNIC-KI_TMT27.raw	ftp://ftp.pride.ebi.ac.uk/pride/data/archive/2026/04/PXD064518/20221019_Ec_01_SC_CNIC-KI_TMT27.raw	TMT131	1	1	NT=Orbitrap Eclipse;AC=MS:1003029	NT=Data-dependent acquisition;AC=PRIDE:0000627	NT=Trypsin;AC=MS:1001251	TMT131	not applicable	TMT27	NT=collision-induced dissociation;AC=MS:1000133	NT=beam-type collision-induced dissociation;AC=MS:1000422	not available	375m/z-1500m/z	not available	not available	not applicable	NT=TMT6plex;AC=UNIMOD:737;MT=fixed;PP=Any N-term	NT=TMT6plex;AC=UNIMOD:737;MT=fixed;TA=K;PP=Anywhere	NT=Oxidation;AC=UNIMOD:35;MT=variable;TA=M;PP=Anywhere	NT=Acetyl;AC=UNIMOD:1;MT=variable;PP=Protein N-term	v3.0.0	ms-proteomics v1.1.0	vertebrates v1.1.0	single-cell v1.0.0
PXD064518_TMT28_TMT126	Mus musculus	heart	cardiac muscle cell	not available	cell	single cell	male	not available	adult	not available	not available	not pooled	PXD064518_TMT28_TMT126	1	manual picking	not available	one cardiomyocyte; channel-to-genotype assignment unavailable	20221019_Ec_01_SC_CNIC-KI_TMT28	proteomic profiling by mass spectrometry	20221019_Ec_01_SC_CNIC-KI_TMT28.raw	ftp://ftp.pride.ebi.ac.uk/pride/data/archive/2026/04/PXD064518/20221019_Ec_01_SC_CNIC-KI_TMT28.raw	TMT126	1	1	NT=Orbitrap Eclipse;AC=MS:1003029	NT=Data-dependent acquisition;AC=PRIDE:0000627	NT=Trypsin;AC=MS:1001251	TMT131	not applicable	TMT28	NT=collision-induced dissociation;AC=MS:1000133	NT=beam-type collision-induced dissociation;AC=MS:1000422	not available	375m/z-1500m/z	not available	not available	not applicable	NT=TMT6plex;AC=UNIMOD:737;MT=fixed;PP=Any N-term	NT=TMT6plex;AC=UNIMOD:737;MT=fixed;TA=K;PP=Anywhere	NT=Oxidation;AC=UNIMOD:35;MT=variable;TA=M;PP=Anywhere	NT=Acetyl;AC=UNIMOD:1;MT=variable;PP=Protein N-term	v3.0.0	ms-proteomics v1.1.0	vertebrates v1.1.0	single-cell v1.0.0
PXD064518_TMT28_TMT127N	Mus musculus	heart	cardiac muscle cell	not available	cell	single cell	male	not available	adult	not available	not available	not pooled	PXD064518_TMT28_TMT127N	1	manual picking	not available	one cardiomyocyte; channel-to-genotype assignment unavailable	20221019_Ec_01_SC_CNIC-KI_TMT28	proteomic profiling by mass spectrometry	20221019_Ec_01_SC_CNIC-KI_TMT28.raw	ftp://ftp.pride.ebi.ac.uk/pride/data/archive/2026/04/PXD064518/20221019_Ec_01_SC_CNIC-KI_TMT28.raw	TMT127N	1	1	NT=Orbitrap Eclipse;AC=MS:1003029	NT=Data-dependent acquisition;AC=PRIDE:0000627	NT=Trypsin;AC=MS:1001251	TMT131	not applicable	TMT28	NT=collision-induced dissociation;AC=MS:1000133	NT=beam-type collision-induced dissociation;AC=MS:1000422	not available	375m/z-1500m/z	not available	not available	not applicable	NT=TMT6plex;AC=UNIMOD:737;MT=fixed;PP=Any N-term	NT=TMT6plex;AC=UNIMOD:737;MT=fixed;TA=K;PP=Anywhere	NT=Oxidation;AC=UNIMOD:35;MT=variable;TA=M;PP=Anywhere	NT=Acetyl;AC=UNIMOD:1;MT=variable;PP=Protein N-term	v3.0.0	ms-proteomics v1.1.0	vertebrates v1.1.0	single-cell v1.0.0
PXD064518_TMT28_TMT127C	Mus musculus	heart	cardiac muscle cell	not available	cell	single cell	male	not available	adult	not available	not available	not pooled	PXD064518_TMT28_TMT127C	1	manual picking	not available	one cardiomyocyte; channel-to-genotype assignment unavailable	20221019_Ec_01_SC_CNIC-KI_TMT28	proteomic profiling by mass spectrometry	20221019_Ec_01_SC_CNIC-KI_TMT28.raw	ftp://ftp.pride.ebi.ac.uk/pride/data/archive/2026/04/PXD064518/20221019_Ec_01_SC_CNIC-KI_TMT28.raw	TMT127C	1	1	NT=Orbitrap Eclipse;AC=MS:1003029	NT=Data-dependent acquisition;AC=PRIDE:0000627	NT=Trypsin;AC=MS:1001251	TMT131	not applicable	TMT28	NT=collision-induced dissociation;AC=MS:1000133	NT=beam-type collision-induced dissociation;AC=MS:1000422	not available	375m/z-1500m/z	not available	not available	not applicable	NT=TMT6plex;AC=UNIMOD:737;MT=fixed;PP=Any N-term	NT=TMT6plex;AC=UNIMOD:737;MT=fixed;TA=K;PP=Anywhere	NT=Oxidation;AC=UNIMOD:35;MT=variable;TA=M;PP=Anywhere	NT=Acetyl;AC=UNIMOD:1;MT=variable;PP=Protein N-term	v3.0.0	ms-proteomics v1.1.0	vertebrates v1.1.0	single-cell v1.0.0
PXD064518_TMT28_TMT128N	Mus musculus	heart	cardiac muscle cell	not available	cell	single cell	male	not available	adult	not available	not available	not pooled	PXD064518_TMT28_TMT128N	1	manual picking	not available	one cardiomyocyte; channel-to-genotype assignment unavailable	20221019_Ec_01_SC_CNIC-KI_TMT28	proteomic profiling by mass spectrometry	20221019_Ec_01_SC_CNIC-KI_TMT28.raw	ftp://ftp.pride.ebi.ac.uk/pride/data/archive/2026/04/PXD064518/20221019_Ec_01_SC_CNIC-KI_TMT28.raw	TMT128N	1	1	NT=Orbitrap Eclipse;AC=MS:1003029	NT=Data-dependent acquisition;AC=PRIDE:0000627	NT=Trypsin;AC=MS:1001251	TMT131	not applicable	TMT28	NT=collision-induced dissociation;AC=MS:1000133	NT=beam-type collision-induced dissociation;AC=MS:1000422	not available	375m/z-1500m/z	not available	not available	not applicable	NT=TMT6plex;AC=UNIMOD:737;MT=fixed;PP=Any N-term	NT=TMT6plex;AC=UNIMOD:737;MT=fixed;TA=K;PP=Anywhere	NT=Oxidation;AC=UNIMOD:35;MT=variable;TA=M;PP=Anywhere	NT=Acetyl;AC=UNIMOD:1;MT=variable;PP=Protein N-term	v3.0.0	ms-proteomics v1.1.0	vertebrates v1.1.0	single-cell v1.0.0
PXD064518_TMT28_TMT128C	Mus musculus	heart	cardiac muscle cell	not available	cell	single cell	male	not available	adult	not available	not available	not pooled	PXD064518_TMT28_TMT128C	1	manual picking	not available	one cardiomyocyte; channel-to-genotype assignment unavailable	20221019_Ec_01_SC_CNIC-KI_TMT28	proteomic profiling by mass spectrometry	20221019_Ec_01_SC_CNIC-KI_TMT28.raw	ftp://ftp.pride.ebi.ac.uk/pride/data/archive/2026/04/PXD064518/20221019_Ec_01_SC_CNIC-KI_TMT28.raw	TMT128C	1	1	NT=Orbitrap Eclipse;AC=MS:1003029	NT=Data-dependent acquisition;AC=PRIDE:0000627	NT=Trypsin;AC=MS:1001251	TMT131	not applicable	TMT28	NT=collision-induced dissociation;AC=MS:1000133	NT=beam-type collision-induced dissociation;AC=MS:1000422	not available	375m/z-1500m/z	not available	not available	not applicable	NT=TMT6plex;AC=UNIMOD:737;MT=fixed;PP=Any N-term	NT=TMT6plex;AC=UNIMOD:737;MT=fixed;TA=K;PP=Anywhere	NT=Oxidation;AC=UNIMOD:35;MT=variable;TA=M;PP=Anywhere	NT=Acetyl;AC=UNIMOD:1;MT=variable;PP=Protein N-term	v3.0.0	ms-proteomics v1.1.0	vertebrates v1.1.0	single-cell v1.0.0
PXD064518_TMT28_TMT129N	Mus musculus	heart	cardiac muscle cell	not available	cell	single cell	male	not available	adult	not available	not available	not pooled	PXD064518_TMT28_TMT129N	1	manual picking	not available	one cardiomyocyte; channel-to-genotype assignment unavailable	20221019_Ec_01_SC_CNIC-KI_TMT28	proteomic profiling by mass spectrometry	20221019_Ec_01_SC_CNIC-KI_TMT28.raw	ftp://ftp.pride.ebi.ac.uk/pride/data/archive/2026/04/PXD064518/20221019_Ec_01_SC_CNIC-KI_TMT28.raw	TMT129N	1	1	NT=Orbitrap Eclipse;AC=MS:1003029	NT=Data-dependent acquisition;AC=PRIDE:0000627	NT=Trypsin;AC=MS:1001251	TMT131	not applicable	TMT28	NT=collision-induced dissociation;AC=MS:1000133	NT=beam-type collision-induced dissociation;AC=MS:1000422	not available	375m/z-1500m/z	not available	not available	not applicable	NT=TMT6plex;AC=UNIMOD:737;MT=fixed;PP=Any N-term	NT=TMT6plex;AC=UNIMOD:737;MT=fixed;TA=K;PP=Anywhere	NT=Oxidation;AC=UNIMOD:35;MT=variable;TA=M;PP=Anywhere	NT=Acetyl;AC=UNIMOD:1;MT=variable;PP=Protein N-term	v3.0.0	ms-proteomics v1.1.0	vertebrates v1.1.0	single-cell v1.0.0
PXD064518_TMT28_TMT129C	Mus musculus	heart	cardiac muscle cell	not available	cell	single cell	male	not available	adult	not available	not available	not pooled	PXD064518_TMT28_TMT129C	1	manual picking	not available	one cardiomyocyte; channel-to-genotype assignment unavailable	20221019_Ec_01_SC_CNIC-KI_TMT28	proteomic profiling by mass spectrometry	20221019_Ec_01_SC_CNIC-KI_TMT28.raw	ftp://ftp.pride.ebi.ac.uk/pride/data/archive/2026/04/PXD064518/20221019_Ec_01_SC_CNIC-KI_TMT28.raw	TMT129C	1	1	NT=Orbitrap Eclipse;AC=MS:1003029	NT=Data-dependent acquisition;AC=PRIDE:0000627	NT=Trypsin;AC=MS:1001251	TMT131	not applicable	TMT28	NT=collision-induced dissociation;AC=MS:1000133	NT=beam-type collision-induced dissociation;AC=MS:1000422	not available	375m/z-1500m/z	not available	not available	not applicable	NT=TMT6plex;AC=UNIMOD:737;MT=fixed;PP=Any N-term	NT=TMT6plex;AC=UNIMOD:737;MT=fixed;TA=K;PP=Anywhere	NT=Oxidation;AC=UNIMOD:35;MT=variable;TA=M;PP=Anywhere	NT=Acetyl;AC=UNIMOD:1;MT=variable;PP=Protein N-term	v3.0.0	ms-proteomics v1.1.0	vertebrates v1.1.0	single-cell v1.0.0
PXD064518_TMT28_TMT130C	Mus musculus	heart	cardiac muscle cell	not available	cell	single cell	male	not available	adult	not available	not available	not pooled	PXD064518_TMT28_TMT130C	1	manual picking	not available	one cardiomyocyte; channel-to-genotype assignment unavailable	20221019_Ec_01_SC_CNIC-KI_TMT28	proteomic profiling by mass spectrometry	20221019_Ec_01_SC_CNIC-KI_TMT28.raw	ftp://ftp.pride.ebi.ac.uk/pride/data/archive/2026/04/PXD064518/20221019_Ec_01_SC_CNIC-KI_TMT28.raw	TMT130C	1	1	NT=Orbitrap Eclipse;AC=MS:1003029	NT=Data-dependent acquisition;AC=PRIDE:0000627	NT=Trypsin;AC=MS:1001251	TMT131	not applicable	TMT28	NT=collision-induced dissociation;AC=MS:1000133	NT=beam-type collision-induced dissociation;AC=MS:1000422	not available	375m/z-1500m/z	not available	not available	not applicable	NT=TMT6plex;AC=UNIMOD:737;MT=fixed;PP=Any N-term	NT=TMT6plex;AC=UNIMOD:737;MT=fixed;TA=K;PP=Anywhere	NT=Oxidation;AC=UNIMOD:35;MT=variable;TA=M;PP=Anywhere	NT=Acetyl;AC=UNIMOD:1;MT=variable;PP=Protein N-term	v3.0.0	ms-proteomics v1.1.0	vertebrates v1.1.0	single-cell v1.0.0
PXD064518_TMT28_TMT131	Mus musculus	heart	cardiac muscle cell	not available	cell	carrier	male	not available	adult	not available	pooled	pooled	not applicable	200	not available	mixed control and Myc-overexpressing cardiomyocytes	100 control plus 100 Myc-overexpressing cardiomyocytes	20221019_Ec_01_SC_CNIC-KI_TMT28	proteomic profiling by mass spectrometry	20221019_Ec_01_SC_CNIC-KI_TMT28.raw	ftp://ftp.pride.ebi.ac.uk/pride/data/archive/2026/04/PXD064518/20221019_Ec_01_SC_CNIC-KI_TMT28.raw	TMT131	1	1	NT=Orbitrap Eclipse;AC=MS:1003029	NT=Data-dependent acquisition;AC=PRIDE:0000627	NT=Trypsin;AC=MS:1001251	TMT131	not applicable	TMT28	NT=collision-induced dissociation;AC=MS:1000133	NT=beam-type collision-induced dissociation;AC=MS:1000422	not available	375m/z-1500m/z	not available	not available	not applicable	NT=TMT6plex;AC=UNIMOD:737;MT=fixed;PP=Any N-term	NT=TMT6plex;AC=UNIMOD:737;MT=fixed;TA=K;PP=Anywhere	NT=Oxidation;AC=UNIMOD:35;MT=variable;TA=M;PP=Anywhere	NT=Acetyl;AC=UNIMOD:1;MT=variable;PP=Protein N-term	v3.0.0	ms-proteomics v1.1.0	vertebrates v1.1.0	single-cell v1.0.0
PXD064518_TMT29_TMT126	Mus musculus	heart	cardiac muscle cell	not available	cell	single cell	male	not available	adult	not available	not available	not pooled	PXD064518_TMT29_TMT126	1	manual picking	not available	one cardiomyocyte; channel-to-genotype assignment unavailable	20221019_Ec_01_SC_CNIC-KI_TMT29	proteomic profiling by mass spectrometry	20221019_Ec_01_SC_CNIC-KI_TMT29.raw	ftp://ftp.pride.ebi.ac.uk/pride/data/archive/2026/04/PXD064518/20221019_Ec_01_SC_CNIC-KI_TMT29.raw	TMT126	1	1	NT=Orbitrap Eclipse;AC=MS:1003029	NT=Data-dependent acquisition;AC=PRIDE:0000627	NT=Trypsin;AC=MS:1001251	TMT131	not applicable	TMT29	NT=collision-induced dissociation;AC=MS:1000133	NT=beam-type collision-induced dissociation;AC=MS:1000422	not available	375m/z-1500m/z	not available	not available	not applicable	NT=TMT6plex;AC=UNIMOD:737;MT=fixed;PP=Any N-term	NT=TMT6plex;AC=UNIMOD:737;MT=fixed;TA=K;PP=Anywhere	NT=Oxidation;AC=UNIMOD:35;MT=variable;TA=M;PP=Anywhere	NT=Acetyl;AC=UNIMOD:1;MT=variable;PP=Protein N-term	v3.0.0	ms-proteomics v1.1.0	vertebrates v1.1.0	single-cell v1.0.0
PXD064518_TMT29_TMT127N	Mus musculus	heart	cardiac muscle cell	not available	cell	single cell	male	not available	adult	not available	not available	not pooled	PXD064518_TMT29_TMT127N	1	manual picking	not available	one cardiomyocyte; channel-to-genotype assignment unavailable	20221019_Ec_01_SC_CNIC-KI_TMT29	proteomic profiling by mass spectrometry	20221019_Ec_01_SC_CNIC-KI_TMT29.raw	ftp://ftp.pride.ebi.ac.uk/pride/data/archive/2026/04/PXD064518/20221019_Ec_01_SC_CNIC-KI_TMT29.raw	TMT127N	1	1	NT=Orbitrap Eclipse;AC=MS:1003029	NT=Data-dependent acquisition;AC=PRIDE:0000627	NT=Trypsin;AC=MS:1001251	TMT131	not applicable	TMT29	NT=collision-induced dissociation;AC=MS:1000133	NT=beam-type collision-induced dissociation;AC=MS:1000422	not available	375m/z-1500m/z	not available	not available	not applicable	NT=TMT6plex;AC=UNIMOD:737;MT=fixed;PP=Any N-term	NT=TMT6plex;AC=UNIMOD:737;MT=fixed;TA=K;PP=Anywhere	NT=Oxidation;AC=UNIMOD:35;MT=variable;TA=M;PP=Anywhere	NT=Acetyl;AC=UNIMOD:1;MT=variable;PP=Protein N-term	v3.0.0	ms-proteomics v1.1.0	vertebrates v1.1.0	single-cell v1.0.0
PXD064518_TMT29_TMT127C	Mus musculus	heart	cardiac muscle cell	not available	cell	single cell	male	not available	adult	not available	not available	not pooled	PXD064518_TMT29_TMT127C	1	manual picking	not available	one cardiomyocyte; channel-to-genotype assignment unavailable	20221019_Ec_01_SC_CNIC-KI_TMT29	proteomic profiling by mass spectrometry	20221019_Ec_01_SC_CNIC-KI_TMT29.raw	ftp://ftp.pride.ebi.ac.uk/pride/data/archive/2026/04/PXD064518/20221019_Ec_01_SC_CNIC-KI_TMT29.raw	TMT127C	1	1	NT=Orbitrap Eclipse;AC=MS:1003029	NT=Data-dependent acquisition;AC=PRIDE:0000627	NT=Trypsin;AC=MS:1001251	TMT131	not applicable	TMT29	NT=collision-induced dissociation;AC=MS:1000133	NT=beam-type collision-induced dissociation;AC=MS:1000422	not available	375m/z-1500m/z	not available	not available	not applicable	NT=TMT6plex;AC=UNIMOD:737;MT=fixed;PP=Any N-term	NT=TMT6plex;AC=UNIMOD:737;MT=fixed;TA=K;PP=Anywhere	NT=Oxidation;AC=UNIMOD:35;MT=variable;TA=M;PP=Anywhere	NT=Acetyl;AC=UNIMOD:1;MT=variable;PP=Protein N-term	v3.0.0	ms-proteomics v1.1.0	vertebrates v1.1.0	single-cell v1.0.0
PXD064518_TMT29_TMT128N	Mus musculus	heart	cardiac muscle cell	not available	cell	single cell	male	not available	adult	not available	not available	not pooled	PXD064518_TMT29_TMT128N	1	manual picking	not available	one cardiomyocyte; channel-to-genotype assignment unavailable	20221019_Ec_01_SC_CNIC-KI_TMT29	proteomic profiling by mass spectrometry	20221019_Ec_01_SC_CNIC-KI_TMT29.raw	ftp://ftp.pride.ebi.ac.uk/pride/data/archive/2026/04/PXD064518/20221019_Ec_01_SC_CNIC-KI_TMT29.raw	TMT128N	1	1	NT=Orbitrap Eclipse;AC=MS:1003029	NT=Data-dependent acquisition;AC=PRIDE:0000627	NT=Trypsin;AC=MS:1001251	TMT131	not applicable	TMT29	NT=collision-induced dissociation;AC=MS:1000133	NT=beam-type collision-induced dissociation;AC=MS:1000422	not available	375m/z-1500m/z	not available	not available	not applicable	NT=TMT6plex;AC=UNIMOD:737;MT=fixed;PP=Any N-term	NT=TMT6plex;AC=UNIMOD:737;MT=fixed;TA=K;PP=Anywhere	NT=Oxidation;AC=UNIMOD:35;MT=variable;TA=M;PP=Anywhere	NT=Acetyl;AC=UNIMOD:1;MT=variable;PP=Protein N-term	v3.0.0	ms-proteomics v1.1.0	vertebrates v1.1.0	single-cell v1.0.0
PXD064518_TMT29_TMT128C	Mus musculus	heart	cardiac muscle cell	not available	cell	single cell	male	not available	adult	not available	not available	not pooled	PXD064518_TMT29_TMT128C	1	manual picking	not available	one cardiomyocyte; channel-to-genotype assignment unavailable	20221019_Ec_01_SC_CNIC-KI_TMT29	proteomic profiling by mass spectrometry	20221019_Ec_01_SC_CNIC-KI_TMT29.raw	ftp://ftp.pride.ebi.ac.uk/pride/data/archive/2026/04/PXD064518/20221019_Ec_01_SC_CNIC-KI_TMT29.raw	TMT128C	1	1	NT=Orbitrap Eclipse;AC=MS:1003029	NT=Data-dependent acquisition;AC=PRIDE:0000627	NT=Trypsin;AC=MS:1001251	TMT131	not applicable	TMT29	NT=collision-induced dissociation;AC=MS:1000133	NT=beam-type collision-induced dissociation;AC=MS:1000422	not available	375m/z-1500m/z	not available	not available	not applicable	NT=TMT6plex;AC=UNIMOD:737;MT=fixed;PP=Any N-term	NT=TMT6plex;AC=UNIMOD:737;MT=fixed;TA=K;PP=Anywhere	NT=Oxidation;AC=UNIMOD:35;MT=variable;TA=M;PP=Anywhere	NT=Acetyl;AC=UNIMOD:1;MT=variable;PP=Protein N-term	v3.0.0	ms-proteomics v1.1.0	vertebrates v1.1.0	single-cell v1.0.0
PXD064518_TMT29_TMT129N	Mus musculus	heart	cardiac muscle cell	not available	cell	single cell	male	not available	adult	not available	not available	not pooled	PXD064518_TMT29_TMT129N	1	manual picking	not available	one cardiomyocyte; channel-to-genotype assignment unavailable	20221019_Ec_01_SC_CNIC-KI_TMT29	proteomic profiling by mass spectrometry	20221019_Ec_01_SC_CNIC-KI_TMT29.raw	ftp://ftp.pride.ebi.ac.uk/pride/data/archive/2026/04/PXD064518/20221019_Ec_01_SC_CNIC-KI_TMT29.raw	TMT129N	1	1	NT=Orbitrap Eclipse;AC=MS:1003029	NT=Data-dependent acquisition;AC=PRIDE:0000627	NT=Trypsin;AC=MS:1001251	TMT131	not applicable	TMT29	NT=collision-induced dissociation;AC=MS:1000133	NT=beam-type collision-induced dissociation;AC=MS:1000422	not available	375m/z-1500m/z	not available	not available	not applicable	NT=TMT6plex;AC=UNIMOD:737;MT=fixed;PP=Any N-term	NT=TMT6plex;AC=UNIMOD:737;MT=fixed;TA=K;PP=Anywhere	NT=Oxidation;AC=UNIMOD:35;MT=variable;TA=M;PP=Anywhere	NT=Acetyl;AC=UNIMOD:1;MT=variable;PP=Protein N-term	v3.0.0	ms-proteomics v1.1.0	vertebrates v1.1.0	single-cell v1.0.0
PXD064518_TMT29_TMT129C	Mus musculus	heart	cardiac muscle cell	not available	cell	single cell	male	not available	adult	not available	not available	not pooled	PXD064518_TMT29_TMT129C	1	manual picking	not available	one cardiomyocyte; channel-to-genotype assignment unavailable	20221019_Ec_01_SC_CNIC-KI_TMT29	proteomic profiling by mass spectrometry	20221019_Ec_01_SC_CNIC-KI_TMT29.raw	ftp://ftp.pride.ebi.ac.uk/pride/data/archive/2026/04/PXD064518/20221019_Ec_01_SC_CNIC-KI_TMT29.raw	TMT129C	1	1	NT=Orbitrap Eclipse;AC=MS:1003029	NT=Data-dependent acquisition;AC=PRIDE:0000627	NT=Trypsin;AC=MS:1001251	TMT131	not applicable	TMT29	NT=collision-induced dissociation;AC=MS:1000133	NT=beam-type collision-induced dissociation;AC=MS:1000422	not available	375m/z-1500m/z	not available	not available	not applicable	NT=TMT6plex;AC=UNIMOD:737;MT=fixed;PP=Any N-term	NT=TMT6plex;AC=UNIMOD:737;MT=fixed;TA=K;PP=Anywhere	NT=Oxidation;AC=UNIMOD:35;MT=variable;TA=M;PP=Anywhere	NT=Acetyl;AC=UNIMOD:1;MT=variable;PP=Protein N-term	v3.0.0	ms-proteomics v1.1.0	vertebrates v1.1.0	single-cell v1.0.0
PXD064518_TMT29_TMT130C	Mus musculus	heart	cardiac muscle cell	not available	cell	single cell	male	not available	adult	not available	not available	not pooled	PXD064518_TMT29_TMT130C	1	manual picking	not available	one cardiomyocyte; channel-to-genotype assignment unavailable	20221019_Ec_01_SC_CNIC-KI_TMT29	proteomic profiling by mass spectrometry	20221019_Ec_01_SC_CNIC-KI_TMT29.raw	ftp://ftp.pride.ebi.ac.uk/pride/data/archive/2026/04/PXD064518/20221019_Ec_01_SC_CNIC-KI_TMT29.raw	TMT130C	1	1	NT=Orbitrap Eclipse;AC=MS:1003029	NT=Data-dependent acquisition;AC=PRIDE:0000627	NT=Trypsin;AC=MS:1001251	TMT131	not applicable	TMT29	NT=collision-induced dissociation;AC=MS:1000133	NT=beam-type collision-induced dissociation;AC=MS:1000422	not available	375m/z-1500m/z	not available	not available	not applicable	NT=TMT6plex;AC=UNIMOD:737;MT=fixed;PP=Any N-term	NT=TMT6plex;AC=UNIMOD:737;MT=fixed;TA=K;PP=Anywhere	NT=Oxidation;AC=UNIMOD:35;MT=variable;TA=M;PP=Anywhere	NT=Acetyl;AC=UNIMOD:1;MT=variable;PP=Protein N-term	v3.0.0	ms-proteomics v1.1.0	vertebrates v1.1.0	single-cell v1.0.0
PXD064518_TMT29_TMT131	Mus musculus	heart	cardiac muscle cell	not available	cell	carrier	male	not available	adult	not available	pooled	pooled	not applicable	200	not available	mixed control and Myc-overexpressing cardiomyocytes	100 control plus 100 Myc-overexpressing cardiomyocytes	20221019_Ec_01_SC_CNIC-KI_TMT29	proteomic profiling by mass spectrometry	20221019_Ec_01_SC_CNIC-KI_TMT29.raw	ftp://ftp.pride.ebi.ac.uk/pride/data/archive/2026/04/PXD064518/20221019_Ec_01_SC_CNIC-KI_TMT29.raw	TMT131	1	1	NT=Orbitrap Eclipse;AC=MS:1003029	NT=Data-dependent acquisition;AC=PRIDE:0000627	NT=Trypsin;AC=MS:1001251	TMT131	not applicable	TMT29	NT=collision-induced dissociation;AC=MS:1000133	NT=beam-type collision-induced dissociation;AC=MS:1000422	not available	375m/z-1500m/z	not available	not available	not applicable	NT=TMT6plex;AC=UNIMOD:737;MT=fixed;PP=Any N-term	NT=TMT6plex;AC=UNIMOD:737;MT=fixed;TA=K;PP=Anywhere	NT=Oxidation;AC=UNIMOD:35;MT=variable;TA=M;PP=Anywhere	NT=Acetyl;AC=UNIMOD:1;MT=variable;PP=Protein N-term	v3.0.0	ms-proteomics v1.1.0	vertebrates v1.1.0	single-cell v1.0.0
PXD064518_TMT3_TMT126	Mus musculus	heart	cardiac muscle cell	not available	cell	single cell	male	not available	adult	not available	not available	not pooled	PXD064518_TMT3_TMT126	1	manual picking	not available	one cardiomyocyte; channel-to-genotype assignment unavailable	20221019_Ec_01_SC_CNIC-KI_TMT3	proteomic profiling by mass spectrometry	20221019_Ec_01_SC_CNIC-KI_TMT3.raw	ftp://ftp.pride.ebi.ac.uk/pride/data/archive/2026/04/PXD064518/20221019_Ec_01_SC_CNIC-KI_TMT3.raw	TMT126	1	1	NT=Orbitrap Eclipse;AC=MS:1003029	NT=Data-dependent acquisition;AC=PRIDE:0000627	NT=Trypsin;AC=MS:1001251	TMT131	not applicable	TMT3	NT=collision-induced dissociation;AC=MS:1000133	NT=beam-type collision-induced dissociation;AC=MS:1000422	not available	375m/z-1500m/z	not available	not available	not applicable	NT=TMT6plex;AC=UNIMOD:737;MT=fixed;PP=Any N-term	NT=TMT6plex;AC=UNIMOD:737;MT=fixed;TA=K;PP=Anywhere	NT=Oxidation;AC=UNIMOD:35;MT=variable;TA=M;PP=Anywhere	NT=Acetyl;AC=UNIMOD:1;MT=variable;PP=Protein N-term	v3.0.0	ms-proteomics v1.1.0	vertebrates v1.1.0	single-cell v1.0.0
PXD064518_TMT3_TMT127N	Mus musculus	heart	cardiac muscle cell	not available	cell	single cell	male	not available	adult	not available	not available	not pooled	PXD064518_TMT3_TMT127N	1	manual picking	not available	one cardiomyocyte; channel-to-genotype assignment unavailable	20221019_Ec_01_SC_CNIC-KI_TMT3	proteomic profiling by mass spectrometry	20221019_Ec_01_SC_CNIC-KI_TMT3.raw	ftp://ftp.pride.ebi.ac.uk/pride/data/archive/2026/04/PXD064518/20221019_Ec_01_SC_CNIC-KI_TMT3.raw	TMT127N	1	1	NT=Orbitrap Eclipse;AC=MS:1003029	NT=Data-dependent acquisition;AC=PRIDE:0000627	NT=Trypsin;AC=MS:1001251	TMT131	not applicable	TMT3	NT=collision-induced dissociation;AC=MS:1000133	NT=beam-type collision-induced dissociation;AC=MS:1000422	not available	375m/z-1500m/z	not available	not available	not applicable	NT=TMT6plex;AC=UNIMOD:737;MT=fixed;PP=Any N-term	NT=TMT6plex;AC=UNIMOD:737;MT=fixed;TA=K;PP=Anywhere	NT=Oxidation;AC=UNIMOD:35;MT=variable;TA=M;PP=Anywhere	NT=Acetyl;AC=UNIMOD:1;MT=variable;PP=Protein N-term	v3.0.0	ms-proteomics v1.1.0	vertebrates v1.1.0	single-cell v1.0.0
PXD064518_TMT3_TMT127C	Mus musculus	heart	cardiac muscle cell	not available	cell	single cell	male	not available	adult	not available	not available	not pooled	PXD064518_TMT3_TMT127C	1	manual picking	not available	one cardiomyocyte; channel-to-genotype assignment unavailable	20221019_Ec_01_SC_CNIC-KI_TMT3	proteomic profiling by mass spectrometry	20221019_Ec_01_SC_CNIC-KI_TMT3.raw	ftp://ftp.pride.ebi.ac.uk/pride/data/archive/2026/04/PXD064518/20221019_Ec_01_SC_CNIC-KI_TMT3.raw	TMT127C	1	1	NT=Orbitrap Eclipse;AC=MS:1003029	NT=Data-dependent acquisition;AC=PRIDE:0000627	NT=Trypsin;AC=MS:1001251	TMT131	not applicable	TMT3	NT=collision-induced dissociation;AC=MS:1000133	NT=beam-type collision-induced dissociation;AC=MS:1000422	not available	375m/z-1500m/z	not available	not available	not applicable	NT=TMT6plex;AC=UNIMOD:737;MT=fixed;PP=Any N-term	NT=TMT6plex;AC=UNIMOD:737;MT=fixed;TA=K;PP=Anywhere	NT=Oxidation;AC=UNIMOD:35;MT=variable;TA=M;PP=Anywhere	NT=Acetyl;AC=UNIMOD:1;MT=variable;PP=Protein N-term	v3.0.0	ms-proteomics v1.1.0	vertebrates v1.1.0	single-cell v1.0.0
PXD064518_TMT3_TMT128N	Mus musculus	heart	cardiac muscle cell	not available	cell	single cell	male	not available	adult	not available	not available	not pooled	PXD064518_TMT3_TMT128N	1	manual picking	not available	one cardiomyocyte; channel-to-genotype assignment unavailable	20221019_Ec_01_SC_CNIC-KI_TMT3	proteomic profiling by mass spectrometry	20221019_Ec_01_SC_CNIC-KI_TMT3.raw	ftp://ftp.pride.ebi.ac.uk/pride/data/archive/2026/04/PXD064518/20221019_Ec_01_SC_CNIC-KI_TMT3.raw	TMT128N	1	1	NT=Orbitrap Eclipse;AC=MS:1003029	NT=Data-dependent acquisition;AC=PRIDE:0000627	NT=Trypsin;AC=MS:1001251	TMT131	not applicable	TMT3	NT=collision-induced dissociation;AC=MS:1000133	NT=beam-type collision-induced dissociation;AC=MS:1000422	not available	375m/z-1500m/z	not available	not available	not applicable	NT=TMT6plex;AC=UNIMOD:737;MT=fixed;PP=Any N-term	NT=TMT6plex;AC=UNIMOD:737;MT=fixed;TA=K;PP=Anywhere	NT=Oxidation;AC=UNIMOD:35;MT=variable;TA=M;PP=Anywhere	NT=Acetyl;AC=UNIMOD:1;MT=variable;PP=Protein N-term	v3.0.0	ms-proteomics v1.1.0	vertebrates v1.1.0	single-cell v1.0.0
PXD064518_TMT3_TMT128C	Mus musculus	heart	cardiac muscle cell	not available	cell	single cell	male	not available	adult	not available	not available	not pooled	PXD064518_TMT3_TMT128C	1	manual picking	not available	one cardiomyocyte; channel-to-genotype assignment unavailable	20221019_Ec_01_SC_CNIC-KI_TMT3	proteomic profiling by mass spectrometry	20221019_Ec_01_SC_CNIC-KI_TMT3.raw	ftp://ftp.pride.ebi.ac.uk/pride/data/archive/2026/04/PXD064518/20221019_Ec_01_SC_CNIC-KI_TMT3.raw	TMT128C	1	1	NT=Orbitrap Eclipse;AC=MS:1003029	NT=Data-dependent acquisition;AC=PRIDE:0000627	NT=Trypsin;AC=MS:1001251	TMT131	not applicable	TMT3	NT=collision-induced dissociation;AC=MS:1000133	NT=beam-type collision-induced dissociation;AC=MS:1000422	not available	375m/z-1500m/z	not available	not available	not applicable	NT=TMT6plex;AC=UNIMOD:737;MT=fixed;PP=Any N-term	NT=TMT6plex;AC=UNIMOD:737;MT=fixed;TA=K;PP=Anywhere	NT=Oxidation;AC=UNIMOD:35;MT=variable;TA=M;PP=Anywhere	NT=Acetyl;AC=UNIMOD:1;MT=variable;PP=Protein N-term	v3.0.0	ms-proteomics v1.1.0	vertebrates v1.1.0	single-cell v1.0.0
PXD064518_TMT3_TMT129N	Mus musculus	heart	cardiac muscle cell	not available	cell	single cell	male	not available	adult	not available	not available	not pooled	PXD064518_TMT3_TMT129N	1	manual picking	not available	one cardiomyocyte; channel-to-genotype assignment unavailable	20221019_Ec_01_SC_CNIC-KI_TMT3	proteomic profiling by mass spectrometry	20221019_Ec_01_SC_CNIC-KI_TMT3.raw	ftp://ftp.pride.ebi.ac.uk/pride/data/archive/2026/04/PXD064518/20221019_Ec_01_SC_CNIC-KI_TMT3.raw	TMT129N	1	1	NT=Orbitrap Eclipse;AC=MS:1003029	NT=Data-dependent acquisition;AC=PRIDE:0000627	NT=Trypsin;AC=MS:1001251	TMT131	not applicable	TMT3	NT=collision-induced dissociation;AC=MS:1000133	NT=beam-type collision-induced dissociation;AC=MS:1000422	not available	375m/z-1500m/z	not available	not available	not applicable	NT=TMT6plex;AC=UNIMOD:737;MT=fixed;PP=Any N-term	NT=TMT6plex;AC=UNIMOD:737;MT=fixed;TA=K;PP=Anywhere	NT=Oxidation;AC=UNIMOD:35;MT=variable;TA=M;PP=Anywhere	NT=Acetyl;AC=UNIMOD:1;MT=variable;PP=Protein N-term	v3.0.0	ms-proteomics v1.1.0	vertebrates v1.1.0	single-cell v1.0.0
PXD064518_TMT3_TMT129C	Mus musculus	heart	cardiac muscle cell	not available	cell	single cell	male	not available	adult	not available	not available	not pooled	PXD064518_TMT3_TMT129C	1	manual picking	not available	one cardiomyocyte; channel-to-genotype assignment unavailable	20221019_Ec_01_SC_CNIC-KI_TMT3	proteomic profiling by mass spectrometry	20221019_Ec_01_SC_CNIC-KI_TMT3.raw	ftp://ftp.pride.ebi.ac.uk/pride/data/archive/2026/04/PXD064518/20221019_Ec_01_SC_CNIC-KI_TMT3.raw	TMT129C	1	1	NT=Orbitrap Eclipse;AC=MS:1003029	NT=Data-dependent acquisition;AC=PRIDE:0000627	NT=Trypsin;AC=MS:1001251	TMT131	not applicable	TMT3	NT=collision-induced dissociation;AC=MS:1000133	NT=beam-type collision-induced dissociation;AC=MS:1000422	not available	375m/z-1500m/z	not available	not available	not applicable	NT=TMT6plex;AC=UNIMOD:737;MT=fixed;PP=Any N-term	NT=TMT6plex;AC=UNIMOD:737;MT=fixed;TA=K;PP=Anywhere	NT=Oxidation;AC=UNIMOD:35;MT=variable;TA=M;PP=Anywhere	NT=Acetyl;AC=UNIMOD:1;MT=variable;PP=Protein N-term	v3.0.0	ms-proteomics v1.1.0	vertebrates v1.1.0	single-cell v1.0.0
PXD064518_TMT3_TMT130C	Mus musculus	heart	cardiac muscle cell	not available	cell	single cell	male	not available	adult	not available	not available	not pooled	PXD064518_TMT3_TMT130C	1	manual picking	not available	one cardiomyocyte; channel-to-genotype assignment unavailable	20221019_Ec_01_SC_CNIC-KI_TMT3	proteomic profiling by mass spectrometry	20221019_Ec_01_SC_CNIC-KI_TMT3.raw	ftp://ftp.pride.ebi.ac.uk/pride/data/archive/2026/04/PXD064518/20221019_Ec_01_SC_CNIC-KI_TMT3.raw	TMT130C	1	1	NT=Orbitrap Eclipse;AC=MS:1003029	NT=Data-dependent acquisition;AC=PRIDE:0000627	NT=Trypsin;AC=MS:1001251	TMT131	not applicable	TMT3	NT=collision-induced dissociation;AC=MS:1000133	NT=beam-type collision-induced dissociation;AC=MS:1000422	not available	375m/z-1500m/z	not available	not available	not applicable	NT=TMT6plex;AC=UNIMOD:737;MT=fixed;PP=Any N-term	NT=TMT6plex;AC=UNIMOD:737;MT=fixed;TA=K;PP=Anywhere	NT=Oxidation;AC=UNIMOD:35;MT=variable;TA=M;PP=Anywhere	NT=Acetyl;AC=UNIMOD:1;MT=variable;PP=Protein N-term	v3.0.0	ms-proteomics v1.1.0	vertebrates v1.1.0	single-cell v1.0.0
PXD064518_TMT3_TMT131	Mus musculus	heart	cardiac muscle cell	not available	cell	carrier	male	not available	adult	not available	pooled	pooled	not applicable	200	not available	mixed control and Myc-overexpressing cardiomyocytes	100 control plus 100 Myc-overexpressing cardiomyocytes	20221019_Ec_01_SC_CNIC-KI_TMT3	proteomic profiling by mass spectrometry	20221019_Ec_01_SC_CNIC-KI_TMT3.raw	ftp://ftp.pride.ebi.ac.uk/pride/data/archive/2026/04/PXD064518/20221019_Ec_01_SC_CNIC-KI_TMT3.raw	TMT131	1	1	NT=Orbitrap Eclipse;AC=MS:1003029	NT=Data-dependent acquisition;AC=PRIDE:0000627	NT=Trypsin;AC=MS:1001251	TMT131	not applicable	TMT3	NT=collision-induced dissociation;AC=MS:1000133	NT=beam-type collision-induced dissociation;AC=MS:1000422	not available	375m/z-1500m/z	not available	not available	not applicable	NT=TMT6plex;AC=UNIMOD:737;MT=fixed;PP=Any N-term	NT=TMT6plex;AC=UNIMOD:737;MT=fixed;TA=K;PP=Anywhere	NT=Oxidation;AC=UNIMOD:35;MT=variable;TA=M;PP=Anywhere	NT=Acetyl;AC=UNIMOD:1;MT=variable;PP=Protein N-term	v3.0.0	ms-proteomics v1.1.0	vertebrates v1.1.0	single-cell v1.0.0
PXD064518_TMT30_TMT126	Mus musculus	heart	cardiac muscle cell	not available	cell	single cell	male	not available	adult	not available	not available	not pooled	PXD064518_TMT30_TMT126	1	manual picking	not available	one cardiomyocyte; channel-to-genotype assignment unavailable	20221019_Ec_01_SC_CNIC-KI_TMT30	proteomic profiling by mass spectrometry	20221019_Ec_01_SC_CNIC-KI_TMT30.raw	ftp://ftp.pride.ebi.ac.uk/pride/data/archive/2026/04/PXD064518/20221019_Ec_01_SC_CNIC-KI_TMT30.raw	TMT126	1	1	NT=Orbitrap Eclipse;AC=MS:1003029	NT=Data-dependent acquisition;AC=PRIDE:0000627	NT=Trypsin;AC=MS:1001251	TMT131	not applicable	TMT30	NT=collision-induced dissociation;AC=MS:1000133	NT=beam-type collision-induced dissociation;AC=MS:1000422	not available	375m/z-1500m/z	not available	not available	not applicable	NT=TMT6plex;AC=UNIMOD:737;MT=fixed;PP=Any N-term	NT=TMT6plex;AC=UNIMOD:737;MT=fixed;TA=K;PP=Anywhere	NT=Oxidation;AC=UNIMOD:35;MT=variable;TA=M;PP=Anywhere	NT=Acetyl;AC=UNIMOD:1;MT=variable;PP=Protein N-term	v3.0.0	ms-proteomics v1.1.0	vertebrates v1.1.0	single-cell v1.0.0
PXD064518_TMT30_TMT127N	Mus musculus	heart	cardiac muscle cell	not available	cell	single cell	male	not available	adult	not available	not available	not pooled	PXD064518_TMT30_TMT127N	1	manual picking	not available	one cardiomyocyte; channel-to-genotype assignment unavailable	20221019_Ec_01_SC_CNIC-KI_TMT30	proteomic profiling by mass spectrometry	20221019_Ec_01_SC_CNIC-KI_TMT30.raw	ftp://ftp.pride.ebi.ac.uk/pride/data/archive/2026/04/PXD064518/20221019_Ec_01_SC_CNIC-KI_TMT30.raw	TMT127N	1	1	NT=Orbitrap Eclipse;AC=MS:1003029	NT=Data-dependent acquisition;AC=PRIDE:0000627	NT=Trypsin;AC=MS:1001251	TMT131	not applicable	TMT30	NT=collision-induced dissociation;AC=MS:1000133	NT=beam-type collision-induced dissociation;AC=MS:1000422	not available	375m/z-1500m/z	not available	not available	not applicable	NT=TMT6plex;AC=UNIMOD:737;MT=fixed;PP=Any N-term	NT=TMT6plex;AC=UNIMOD:737;MT=fixed;TA=K;PP=Anywhere	NT=Oxidation;AC=UNIMOD:35;MT=variable;TA=M;PP=Anywhere	NT=Acetyl;AC=UNIMOD:1;MT=variable;PP=Protein N-term	v3.0.0	ms-proteomics v1.1.0	vertebrates v1.1.0	single-cell v1.0.0
PXD064518_TMT30_TMT127C	Mus musculus	heart	cardiac muscle cell	not available	cell	single cell	male	not available	adult	not available	not available	not pooled	PXD064518_TMT30_TMT127C	1	manual picking	not available	one cardiomyocyte; channel-to-genotype assignment unavailable	20221019_Ec_01_SC_CNIC-KI_TMT30	proteomic profiling by mass spectrometry	20221019_Ec_01_SC_CNIC-KI_TMT30.raw	ftp://ftp.pride.ebi.ac.uk/pride/data/archive/2026/04/PXD064518/20221019_Ec_01_SC_CNIC-KI_TMT30.raw	TMT127C	1	1	NT=Orbitrap Eclipse;AC=MS:1003029	NT=Data-dependent acquisition;AC=PRIDE:0000627	NT=Trypsin;AC=MS:1001251	TMT131	not applicable	TMT30	NT=collision-induced dissociation;AC=MS:1000133	NT=beam-type collision-induced dissociation;AC=MS:1000422	not available	375m/z-1500m/z	not available	not available	not applicable	NT=TMT6plex;AC=UNIMOD:737;MT=fixed;PP=Any N-term	NT=TMT6plex;AC=UNIMOD:737;MT=fixed;TA=K;PP=Anywhere	NT=Oxidation;AC=UNIMOD:35;MT=variable;TA=M;PP=Anywhere	NT=Acetyl;AC=UNIMOD:1;MT=variable;PP=Protein N-term	v3.0.0	ms-proteomics v1.1.0	vertebrates v1.1.0	single-cell v1.0.0
PXD064518_TMT30_TMT128N	Mus musculus	heart	cardiac muscle cell	not available	cell	single cell	male	not available	adult	not available	not available	not pooled	PXD064518_TMT30_TMT128N	1	manual picking	not available	one cardiomyocyte; channel-to-genotype assignment unavailable	20221019_Ec_01_SC_CNIC-KI_TMT30	proteomic profiling by mass spectrometry	20221019_Ec_01_SC_CNIC-KI_TMT30.raw	ftp://ftp.pride.ebi.ac.uk/pride/data/archive/2026/04/PXD064518/20221019_Ec_01_SC_CNIC-KI_TMT30.raw	TMT128N	1	1	NT=Orbitrap Eclipse;AC=MS:1003029	NT=Data-dependent acquisition;AC=PRIDE:0000627	NT=Trypsin;AC=MS:1001251	TMT131	not applicable	TMT30	NT=collision-induced dissociation;AC=MS:1000133	NT=beam-type collision-induced dissociation;AC=MS:1000422	not available	375m/z-1500m/z	not available	not available	not applicable	NT=TMT6plex;AC=UNIMOD:737;MT=fixed;PP=Any N-term	NT=TMT6plex;AC=UNIMOD:737;MT=fixed;TA=K;PP=Anywhere	NT=Oxidation;AC=UNIMOD:35;MT=variable;TA=M;PP=Anywhere	NT=Acetyl;AC=UNIMOD:1;MT=variable;PP=Protein N-term	v3.0.0	ms-proteomics v1.1.0	vertebrates v1.1.0	single-cell v1.0.0
PXD064518_TMT30_TMT128C	Mus musculus	heart	cardiac muscle cell	not available	cell	single cell	male	not available	adult	not available	not available	not pooled	PXD064518_TMT30_TMT128C	1	manual picking	not available	one cardiomyocyte; channel-to-genotype assignment unavailable	20221019_Ec_01_SC_CNIC-KI_TMT30	proteomic profiling by mass spectrometry	20221019_Ec_01_SC_CNIC-KI_TMT30.raw	ftp://ftp.pride.ebi.ac.uk/pride/data/archive/2026/04/PXD064518/20221019_Ec_01_SC_CNIC-KI_TMT30.raw	TMT128C	1	1	NT=Orbitrap Eclipse;AC=MS:1003029	NT=Data-dependent acquisition;AC=PRIDE:0000627	NT=Trypsin;AC=MS:1001251	TMT131	not applicable	TMT30	NT=collision-induced dissociation;AC=MS:1000133	NT=beam-type collision-induced dissociation;AC=MS:1000422	not available	375m/z-1500m/z	not available	not available	not applicable	NT=TMT6plex;AC=UNIMOD:737;MT=fixed;PP=Any N-term	NT=TMT6plex;AC=UNIMOD:737;MT=fixed;TA=K;PP=Anywhere	NT=Oxidation;AC=UNIMOD:35;MT=variable;TA=M;PP=Anywhere	NT=Acetyl;AC=UNIMOD:1;MT=variable;PP=Protein N-term	v3.0.0	ms-proteomics v1.1.0	vertebrates v1.1.0	single-cell v1.0.0
PXD064518_TMT30_TMT129N	Mus musculus	heart	cardiac muscle cell	not available	cell	single cell	male	not available	adult	not available	not available	not pooled	PXD064518_TMT30_TMT129N	1	manual picking	not available	one cardiomyocyte; channel-to-genotype assignment unavailable	20221019_Ec_01_SC_CNIC-KI_TMT30	proteomic profiling by mass spectrometry	20221019_Ec_01_SC_CNIC-KI_TMT30.raw	ftp://ftp.pride.ebi.ac.uk/pride/data/archive/2026/04/PXD064518/20221019_Ec_01_SC_CNIC-KI_TMT30.raw	TMT129N	1	1	NT=Orbitrap Eclipse;AC=MS:1003029	NT=Data-dependent acquisition;AC=PRIDE:0000627	NT=Trypsin;AC=MS:1001251	TMT131	not applicable	TMT30	NT=collision-induced dissociation;AC=MS:1000133	NT=beam-type collision-induced dissociation;AC=MS:1000422	not available	375m/z-1500m/z	not available	not available	not applicable	NT=TMT6plex;AC=UNIMOD:737;MT=fixed;PP=Any N-term	NT=TMT6plex;AC=UNIMOD:737;MT=fixed;TA=K;PP=Anywhere	NT=Oxidation;AC=UNIMOD:35;MT=variable;TA=M;PP=Anywhere	NT=Acetyl;AC=UNIMOD:1;MT=variable;PP=Protein N-term	v3.0.0	ms-proteomics v1.1.0	vertebrates v1.1.0	single-cell v1.0.0
PXD064518_TMT30_TMT129C	Mus musculus	heart	cardiac muscle cell	not available	cell	single cell	male	not available	adult	not available	not available	not pooled	PXD064518_TMT30_TMT129C	1	manual picking	not available	one cardiomyocyte; channel-to-genotype assignment unavailable	20221019_Ec_01_SC_CNIC-KI_TMT30	proteomic profiling by mass spectrometry	20221019_Ec_01_SC_CNIC-KI_TMT30.raw	ftp://ftp.pride.ebi.ac.uk/pride/data/archive/2026/04/PXD064518/20221019_Ec_01_SC_CNIC-KI_TMT30.raw	TMT129C	1	1	NT=Orbitrap Eclipse;AC=MS:1003029	NT=Data-dependent acquisition;AC=PRIDE:0000627	NT=Trypsin;AC=MS:1001251	TMT131	not applicable	TMT30	NT=collision-induced dissociation;AC=MS:1000133	NT=beam-type collision-induced dissociation;AC=MS:1000422	not available	375m/z-1500m/z	not available	not available	not applicable	NT=TMT6plex;AC=UNIMOD:737;MT=fixed;PP=Any N-term	NT=TMT6plex;AC=UNIMOD:737;MT=fixed;TA=K;PP=Anywhere	NT=Oxidation;AC=UNIMOD:35;MT=variable;TA=M;PP=Anywhere	NT=Acetyl;AC=UNIMOD:1;MT=variable;PP=Protein N-term	v3.0.0	ms-proteomics v1.1.0	vertebrates v1.1.0	single-cell v1.0.0
PXD064518_TMT30_TMT130C	Mus musculus	heart	cardiac muscle cell	not available	cell	single cell	male	not available	adult	not available	not available	not pooled	PXD064518_TMT30_TMT130C	1	manual picking	not available	one cardiomyocyte; channel-to-genotype assignment unavailable	20221019_Ec_01_SC_CNIC-KI_TMT30	proteomic profiling by mass spectrometry	20221019_Ec_01_SC_CNIC-KI_TMT30.raw	ftp://ftp.pride.ebi.ac.uk/pride/data/archive/2026/04/PXD064518/20221019_Ec_01_SC_CNIC-KI_TMT30.raw	TMT130C	1	1	NT=Orbitrap Eclipse;AC=MS:1003029	NT=Data-dependent acquisition;AC=PRIDE:0000627	NT=Trypsin;AC=MS:1001251	TMT131	not applicable	TMT30	NT=collision-induced dissociation;AC=MS:1000133	NT=beam-type collision-induced dissociation;AC=MS:1000422	not available	375m/z-1500m/z	not available	not available	not applicable	NT=TMT6plex;AC=UNIMOD:737;MT=fixed;PP=Any N-term	NT=TMT6plex;AC=UNIMOD:737;MT=fixed;TA=K;PP=Anywhere	NT=Oxidation;AC=UNIMOD:35;MT=variable;TA=M;PP=Anywhere	NT=Acetyl;AC=UNIMOD:1;MT=variable;PP=Protein N-term	v3.0.0	ms-proteomics v1.1.0	vertebrates v1.1.0	single-cell v1.0.0
PXD064518_TMT30_TMT131	Mus musculus	heart	cardiac muscle cell	not available	cell	carrier	male	not available	adult	not available	pooled	pooled	not applicable	200	not available	mixed control and Myc-overexpressing cardiomyocytes	100 control plus 100 Myc-overexpressing cardiomyocytes	20221019_Ec_01_SC_CNIC-KI_TMT30	proteomic profiling by mass spectrometry	20221019_Ec_01_SC_CNIC-KI_TMT30.raw	ftp://ftp.pride.ebi.ac.uk/pride/data/archive/2026/04/PXD064518/20221019_Ec_01_SC_CNIC-KI_TMT30.raw	TMT131	1	1	NT=Orbitrap Eclipse;AC=MS:1003029	NT=Data-dependent acquisition;AC=PRIDE:0000627	NT=Trypsin;AC=MS:1001251	TMT131	not applicable	TMT30	NT=collision-induced dissociation;AC=MS:1000133	NT=beam-type collision-induced dissociation;AC=MS:1000422	not available	375m/z-1500m/z	not available	not available	not applicable	NT=TMT6plex;AC=UNIMOD:737;MT=fixed;PP=Any N-term	NT=TMT6plex;AC=UNIMOD:737;MT=fixed;TA=K;PP=Anywhere	NT=Oxidation;AC=UNIMOD:35;MT=variable;TA=M;PP=Anywhere	NT=Acetyl;AC=UNIMOD:1;MT=variable;PP=Protein N-term	v3.0.0	ms-proteomics v1.1.0	vertebrates v1.1.0	single-cell v1.0.0
PXD064518_TMT31_TMT126	Mus musculus	heart	cardiac muscle cell	not available	cell	single cell	male	not available	adult	not available	not available	not pooled	PXD064518_TMT31_TMT126	1	manual picking	not available	one cardiomyocyte; channel-to-genotype assignment unavailable	20221019_Ec_01_SC_CNIC-KI_TMT31	proteomic profiling by mass spectrometry	20221019_Ec_01_SC_CNIC-KI_TMT31.raw	ftp://ftp.pride.ebi.ac.uk/pride/data/archive/2026/04/PXD064518/20221019_Ec_01_SC_CNIC-KI_TMT31.raw	TMT126	1	1	NT=Orbitrap Eclipse;AC=MS:1003029	NT=Data-dependent acquisition;AC=PRIDE:0000627	NT=Trypsin;AC=MS:1001251	TMT131	not applicable	TMT31	NT=collision-induced dissociation;AC=MS:1000133	NT=beam-type collision-induced dissociation;AC=MS:1000422	not available	375m/z-1500m/z	not available	not available	not applicable	NT=TMT6plex;AC=UNIMOD:737;MT=fixed;PP=Any N-term	NT=TMT6plex;AC=UNIMOD:737;MT=fixed;TA=K;PP=Anywhere	NT=Oxidation;AC=UNIMOD:35;MT=variable;TA=M;PP=Anywhere	NT=Acetyl;AC=UNIMOD:1;MT=variable;PP=Protein N-term	v3.0.0	ms-proteomics v1.1.0	vertebrates v1.1.0	single-cell v1.0.0
PXD064518_TMT31_TMT127N	Mus musculus	heart	cardiac muscle cell	not available	cell	single cell	male	not available	adult	not available	not available	not pooled	PXD064518_TMT31_TMT127N	1	manual picking	not available	one cardiomyocyte; channel-to-genotype assignment unavailable	20221019_Ec_01_SC_CNIC-KI_TMT31	proteomic profiling by mass spectrometry	20221019_Ec_01_SC_CNIC-KI_TMT31.raw	ftp://ftp.pride.ebi.ac.uk/pride/data/archive/2026/04/PXD064518/20221019_Ec_01_SC_CNIC-KI_TMT31.raw	TMT127N	1	1	NT=Orbitrap Eclipse;AC=MS:1003029	NT=Data-dependent acquisition;AC=PRIDE:0000627	NT=Trypsin;AC=MS:1001251	TMT131	not applicable	TMT31	NT=collision-induced dissociation;AC=MS:1000133	NT=beam-type collision-induced dissociation;AC=MS:1000422	not available	375m/z-1500m/z	not available	not available	not applicable	NT=TMT6plex;AC=UNIMOD:737;MT=fixed;PP=Any N-term	NT=TMT6plex;AC=UNIMOD:737;MT=fixed;TA=K;PP=Anywhere	NT=Oxidation;AC=UNIMOD:35;MT=variable;TA=M;PP=Anywhere	NT=Acetyl;AC=UNIMOD:1;MT=variable;PP=Protein N-term	v3.0.0	ms-proteomics v1.1.0	vertebrates v1.1.0	single-cell v1.0.0
PXD064518_TMT31_TMT127C	Mus musculus	heart	cardiac muscle cell	not available	cell	single cell	male	not available	adult	not available	not available	not pooled	PXD064518_TMT31_TMT127C	1	manual picking	not available	one cardiomyocyte; channel-to-genotype assignment unavailable	20221019_Ec_01_SC_CNIC-KI_TMT31	proteomic profiling by mass spectrometry	20221019_Ec_01_SC_CNIC-KI_TMT31.raw	ftp://ftp.pride.ebi.ac.uk/pride/data/archive/2026/04/PXD064518/20221019_Ec_01_SC_CNIC-KI_TMT31.raw	TMT127C	1	1	NT=Orbitrap Eclipse;AC=MS:1003029	NT=Data-dependent acquisition;AC=PRIDE:0000627	NT=Trypsin;AC=MS:1001251	TMT131	not applicable	TMT31	NT=collision-induced dissociation;AC=MS:1000133	NT=beam-type collision-induced dissociation;AC=MS:1000422	not available	375m/z-1500m/z	not available	not available	not applicable	NT=TMT6plex;AC=UNIMOD:737;MT=fixed;PP=Any N-term	NT=TMT6plex;AC=UNIMOD:737;MT=fixed;TA=K;PP=Anywhere	NT=Oxidation;AC=UNIMOD:35;MT=variable;TA=M;PP=Anywhere	NT=Acetyl;AC=UNIMOD:1;MT=variable;PP=Protein N-term	v3.0.0	ms-proteomics v1.1.0	vertebrates v1.1.0	single-cell v1.0.0
PXD064518_TMT31_TMT128N	Mus musculus	heart	cardiac muscle cell	not available	cell	single cell	male	not available	adult	not available	not available	not pooled	PXD064518_TMT31_TMT128N	1	manual picking	not available	one cardiomyocyte; channel-to-genotype assignment unavailable	20221019_Ec_01_SC_CNIC-KI_TMT31	proteomic profiling by mass spectrometry	20221019_Ec_01_SC_CNIC-KI_TMT31.raw	ftp://ftp.pride.ebi.ac.uk/pride/data/archive/2026/04/PXD064518/20221019_Ec_01_SC_CNIC-KI_TMT31.raw	TMT128N	1	1	NT=Orbitrap Eclipse;AC=MS:1003029	NT=Data-dependent acquisition;AC=PRIDE:0000627	NT=Trypsin;AC=MS:1001251	TMT131	not applicable	TMT31	NT=collision-induced dissociation;AC=MS:1000133	NT=beam-type collision-induced dissociation;AC=MS:1000422	not available	375m/z-1500m/z	not available	not available	not applicable	NT=TMT6plex;AC=UNIMOD:737;MT=fixed;PP=Any N-term	NT=TMT6plex;AC=UNIMOD:737;MT=fixed;TA=K;PP=Anywhere	NT=Oxidation;AC=UNIMOD:35;MT=variable;TA=M;PP=Anywhere	NT=Acetyl;AC=UNIMOD:1;MT=variable;PP=Protein N-term	v3.0.0	ms-proteomics v1.1.0	vertebrates v1.1.0	single-cell v1.0.0
PXD064518_TMT31_TMT128C	Mus musculus	heart	cardiac muscle cell	not available	cell	single cell	male	not available	adult	not available	not available	not pooled	PXD064518_TMT31_TMT128C	1	manual picking	not available	one cardiomyocyte; channel-to-genotype assignment unavailable	20221019_Ec_01_SC_CNIC-KI_TMT31	proteomic profiling by mass spectrometry	20221019_Ec_01_SC_CNIC-KI_TMT31.raw	ftp://ftp.pride.ebi.ac.uk/pride/data/archive/2026/04/PXD064518/20221019_Ec_01_SC_CNIC-KI_TMT31.raw	TMT128C	1	1	NT=Orbitrap Eclipse;AC=MS:1003029	NT=Data-dependent acquisition;AC=PRIDE:0000627	NT=Trypsin;AC=MS:1001251	TMT131	not applicable	TMT31	NT=collision-induced dissociation;AC=MS:1000133	NT=beam-type collision-induced dissociation;AC=MS:1000422	not available	375m/z-1500m/z	not available	not available	not applicable	NT=TMT6plex;AC=UNIMOD:737;MT=fixed;PP=Any N-term	NT=TMT6plex;AC=UNIMOD:737;MT=fixed;TA=K;PP=Anywhere	NT=Oxidation;AC=UNIMOD:35;MT=variable;TA=M;PP=Anywhere	NT=Acetyl;AC=UNIMOD:1;MT=variable;PP=Protein N-term	v3.0.0	ms-proteomics v1.1.0	vertebrates v1.1.0	single-cell v1.0.0
PXD064518_TMT31_TMT129N	Mus musculus	heart	cardiac muscle cell	not available	cell	single cell	male	not available	adult	not available	not available	not pooled	PXD064518_TMT31_TMT129N	1	manual picking	not available	one cardiomyocyte; channel-to-genotype assignment unavailable	20221019_Ec_01_SC_CNIC-KI_TMT31	proteomic profiling by mass spectrometry	20221019_Ec_01_SC_CNIC-KI_TMT31.raw	ftp://ftp.pride.ebi.ac.uk/pride/data/archive/2026/04/PXD064518/20221019_Ec_01_SC_CNIC-KI_TMT31.raw	TMT129N	1	1	NT=Orbitrap Eclipse;AC=MS:1003029	NT=Data-dependent acquisition;AC=PRIDE:0000627	NT=Trypsin;AC=MS:1001251	TMT131	not applicable	TMT31	NT=collision-induced dissociation;AC=MS:1000133	NT=beam-type collision-induced dissociation;AC=MS:1000422	not available	375m/z-1500m/z	not available	not available	not applicable	NT=TMT6plex;AC=UNIMOD:737;MT=fixed;PP=Any N-term	NT=TMT6plex;AC=UNIMOD:737;MT=fixed;TA=K;PP=Anywhere	NT=Oxidation;AC=UNIMOD:35;MT=variable;TA=M;PP=Anywhere	NT=Acetyl;AC=UNIMOD:1;MT=variable;PP=Protein N-term	v3.0.0	ms-proteomics v1.1.0	vertebrates v1.1.0	single-cell v1.0.0
PXD064518_TMT31_TMT129C	Mus musculus	heart	cardiac muscle cell	not available	cell	single cell	male	not available	adult	not available	not available	not pooled	PXD064518_TMT31_TMT129C	1	manual picking	not available	one cardiomyocyte; channel-to-genotype assignment unavailable	20221019_Ec_01_SC_CNIC-KI_TMT31	proteomic profiling by mass spectrometry	20221019_Ec_01_SC_CNIC-KI_TMT31.raw	ftp://ftp.pride.ebi.ac.uk/pride/data/archive/2026/04/PXD064518/20221019_Ec_01_SC_CNIC-KI_TMT31.raw	TMT129C	1	1	NT=Orbitrap Eclipse;AC=MS:1003029	NT=Data-dependent acquisition;AC=PRIDE:0000627	NT=Trypsin;AC=MS:1001251	TMT131	not applicable	TMT31	NT=collision-induced dissociation;AC=MS:1000133	NT=beam-type collision-induced dissociation;AC=MS:1000422	not available	375m/z-1500m/z	not available	not available	not applicable	NT=TMT6plex;AC=UNIMOD:737;MT=fixed;PP=Any N-term	NT=TMT6plex;AC=UNIMOD:737;MT=fixed;TA=K;PP=Anywhere	NT=Oxidation;AC=UNIMOD:35;MT=variable;TA=M;PP=Anywhere	NT=Acetyl;AC=UNIMOD:1;MT=variable;PP=Protein N-term	v3.0.0	ms-proteomics v1.1.0	vertebrates v1.1.0	single-cell v1.0.0
PXD064518_TMT31_TMT130C	Mus musculus	heart	cardiac muscle cell	not available	cell	single cell	male	not available	adult	not available	not available	not pooled	PXD064518_TMT31_TMT130C	1	manual picking	not available	one cardiomyocyte; channel-to-genotype assignment unavailable	20221019_Ec_01_SC_CNIC-KI_TMT31	proteomic profiling by mass spectrometry	20221019_Ec_01_SC_CNIC-KI_TMT31.raw	ftp://ftp.pride.ebi.ac.uk/pride/data/archive/2026/04/PXD064518/20221019_Ec_01_SC_CNIC-KI_TMT31.raw	TMT130C	1	1	NT=Orbitrap Eclipse;AC=MS:1003029	NT=Data-dependent acquisition;AC=PRIDE:0000627	NT=Trypsin;AC=MS:1001251	TMT131	not applicable	TMT31	NT=collision-induced dissociation;AC=MS:1000133	NT=beam-type collision-induced dissociation;AC=MS:1000422	not available	375m/z-1500m/z	not available	not available	not applicable	NT=TMT6plex;AC=UNIMOD:737;MT=fixed;PP=Any N-term	NT=TMT6plex;AC=UNIMOD:737;MT=fixed;TA=K;PP=Anywhere	NT=Oxidation;AC=UNIMOD:35;MT=variable;TA=M;PP=Anywhere	NT=Acetyl;AC=UNIMOD:1;MT=variable;PP=Protein N-term	v3.0.0	ms-proteomics v1.1.0	vertebrates v1.1.0	single-cell v1.0.0
PXD064518_TMT31_TMT131	Mus musculus	heart	cardiac muscle cell	not available	cell	carrier	male	not available	adult	not available	pooled	pooled	not applicable	200	not available	mixed control and Myc-overexpressing cardiomyocytes	100 control plus 100 Myc-overexpressing cardiomyocytes	20221019_Ec_01_SC_CNIC-KI_TMT31	proteomic profiling by mass spectrometry	20221019_Ec_01_SC_CNIC-KI_TMT31.raw	ftp://ftp.pride.ebi.ac.uk/pride/data/archive/2026/04/PXD064518/20221019_Ec_01_SC_CNIC-KI_TMT31.raw	TMT131	1	1	NT=Orbitrap Eclipse;AC=MS:1003029	NT=Data-dependent acquisition;AC=PRIDE:0000627	NT=Trypsin;AC=MS:1001251	TMT131	not applicable	TMT31	NT=collision-induced dissociation;AC=MS:1000133	NT=beam-type collision-induced dissociation;AC=MS:1000422	not available	375m/z-1500m/z	not available	not available	not applicable	NT=TMT6plex;AC=UNIMOD:737;MT=fixed;PP=Any N-term	NT=TMT6plex;AC=UNIMOD:737;MT=fixed;TA=K;PP=Anywhere	NT=Oxidation;AC=UNIMOD:35;MT=variable;TA=M;PP=Anywhere	NT=Acetyl;AC=UNIMOD:1;MT=variable;PP=Protein N-term	v3.0.0	ms-proteomics v1.1.0	vertebrates v1.1.0	single-cell v1.0.0
PXD064518_TMT32_TMT126	Mus musculus	heart	cardiac muscle cell	not available	cell	single cell	male	not available	adult	not available	not available	not pooled	PXD064518_TMT32_TMT126	1	manual picking	not available	one cardiomyocyte; channel-to-genotype assignment unavailable	20221019_Ec_01_SC_CNIC-KI_TMT32	proteomic profiling by mass spectrometry	20221019_Ec_01_SC_CNIC-KI_TMT32.raw	ftp://ftp.pride.ebi.ac.uk/pride/data/archive/2026/04/PXD064518/20221019_Ec_01_SC_CNIC-KI_TMT32.raw	TMT126	1	1	NT=Orbitrap Eclipse;AC=MS:1003029	NT=Data-dependent acquisition;AC=PRIDE:0000627	NT=Trypsin;AC=MS:1001251	TMT131	not applicable	TMT32	NT=collision-induced dissociation;AC=MS:1000133	NT=beam-type collision-induced dissociation;AC=MS:1000422	not available	375m/z-1500m/z	not available	not available	not applicable	NT=TMT6plex;AC=UNIMOD:737;MT=fixed;PP=Any N-term	NT=TMT6plex;AC=UNIMOD:737;MT=fixed;TA=K;PP=Anywhere	NT=Oxidation;AC=UNIMOD:35;MT=variable;TA=M;PP=Anywhere	NT=Acetyl;AC=UNIMOD:1;MT=variable;PP=Protein N-term	v3.0.0	ms-proteomics v1.1.0	vertebrates v1.1.0	single-cell v1.0.0
PXD064518_TMT32_TMT127N	Mus musculus	heart	cardiac muscle cell	not available	cell	single cell	male	not available	adult	not available	not available	not pooled	PXD064518_TMT32_TMT127N	1	manual picking	not available	one cardiomyocyte; channel-to-genotype assignment unavailable	20221019_Ec_01_SC_CNIC-KI_TMT32	proteomic profiling by mass spectrometry	20221019_Ec_01_SC_CNIC-KI_TMT32.raw	ftp://ftp.pride.ebi.ac.uk/pride/data/archive/2026/04/PXD064518/20221019_Ec_01_SC_CNIC-KI_TMT32.raw	TMT127N	1	1	NT=Orbitrap Eclipse;AC=MS:1003029	NT=Data-dependent acquisition;AC=PRIDE:0000627	NT=Trypsin;AC=MS:1001251	TMT131	not applicable	TMT32	NT=collision-induced dissociation;AC=MS:1000133	NT=beam-type collision-induced dissociation;AC=MS:1000422	not available	375m/z-1500m/z	not available	not available	not applicable	NT=TMT6plex;AC=UNIMOD:737;MT=fixed;PP=Any N-term	NT=TMT6plex;AC=UNIMOD:737;MT=fixed;TA=K;PP=Anywhere	NT=Oxidation;AC=UNIMOD:35;MT=variable;TA=M;PP=Anywhere	NT=Acetyl;AC=UNIMOD:1;MT=variable;PP=Protein N-term	v3.0.0	ms-proteomics v1.1.0	vertebrates v1.1.0	single-cell v1.0.0
PXD064518_TMT32_TMT127C	Mus musculus	heart	cardiac muscle cell	not available	cell	single cell	male	not available	adult	not available	not available	not pooled	PXD064518_TMT32_TMT127C	1	manual picking	not available	one cardiomyocyte; channel-to-genotype assignment unavailable	20221019_Ec_01_SC_CNIC-KI_TMT32	proteomic profiling by mass spectrometry	20221019_Ec_01_SC_CNIC-KI_TMT32.raw	ftp://ftp.pride.ebi.ac.uk/pride/data/archive/2026/04/PXD064518/20221019_Ec_01_SC_CNIC-KI_TMT32.raw	TMT127C	1	1	NT=Orbitrap Eclipse;AC=MS:1003029	NT=Data-dependent acquisition;AC=PRIDE:0000627	NT=Trypsin;AC=MS:1001251	TMT131	not applicable	TMT32	NT=collision-induced dissociation;AC=MS:1000133	NT=beam-type collision-induced dissociation;AC=MS:1000422	not available	375m/z-1500m/z	not available	not available	not applicable	NT=TMT6plex;AC=UNIMOD:737;MT=fixed;PP=Any N-term	NT=TMT6plex;AC=UNIMOD:737;MT=fixed;TA=K;PP=Anywhere	NT=Oxidation;AC=UNIMOD:35;MT=variable;TA=M;PP=Anywhere	NT=Acetyl;AC=UNIMOD:1;MT=variable;PP=Protein N-term	v3.0.0	ms-proteomics v1.1.0	vertebrates v1.1.0	single-cell v1.0.0
PXD064518_TMT32_TMT128N	Mus musculus	heart	cardiac muscle cell	not available	cell	single cell	male	not available	adult	not available	not available	not pooled	PXD064518_TMT32_TMT128N	1	manual picking	not available	one cardiomyocyte; channel-to-genotype assignment unavailable	20221019_Ec_01_SC_CNIC-KI_TMT32	proteomic profiling by mass spectrometry	20221019_Ec_01_SC_CNIC-KI_TMT32.raw	ftp://ftp.pride.ebi.ac.uk/pride/data/archive/2026/04/PXD064518/20221019_Ec_01_SC_CNIC-KI_TMT32.raw	TMT128N	1	1	NT=Orbitrap Eclipse;AC=MS:1003029	NT=Data-dependent acquisition;AC=PRIDE:0000627	NT=Trypsin;AC=MS:1001251	TMT131	not applicable	TMT32	NT=collision-induced dissociation;AC=MS:1000133	NT=beam-type collision-induced dissociation;AC=MS:1000422	not available	375m/z-1500m/z	not available	not available	not applicable	NT=TMT6plex;AC=UNIMOD:737;MT=fixed;PP=Any N-term	NT=TMT6plex;AC=UNIMOD:737;MT=fixed;TA=K;PP=Anywhere	NT=Oxidation;AC=UNIMOD:35;MT=variable;TA=M;PP=Anywhere	NT=Acetyl;AC=UNIMOD:1;MT=variable;PP=Protein N-term	v3.0.0	ms-proteomics v1.1.0	vertebrates v1.1.0	single-cell v1.0.0
PXD064518_TMT32_TMT128C	Mus musculus	heart	cardiac muscle cell	not available	cell	single cell	male	not available	adult	not available	not available	not pooled	PXD064518_TMT32_TMT128C	1	manual picking	not available	one cardiomyocyte; channel-to-genotype assignment unavailable	20221019_Ec_01_SC_CNIC-KI_TMT32	proteomic profiling by mass spectrometry	20221019_Ec_01_SC_CNIC-KI_TMT32.raw	ftp://ftp.pride.ebi.ac.uk/pride/data/archive/2026/04/PXD064518/20221019_Ec_01_SC_CNIC-KI_TMT32.raw	TMT128C	1	1	NT=Orbitrap Eclipse;AC=MS:1003029	NT=Data-dependent acquisition;AC=PRIDE:0000627	NT=Trypsin;AC=MS:1001251	TMT131	not applicable	TMT32	NT=collision-induced dissociation;AC=MS:1000133	NT=beam-type collision-induced dissociation;AC=MS:1000422	not available	375m/z-1500m/z	not available	not available	not applicable	NT=TMT6plex;AC=UNIMOD:737;MT=fixed;PP=Any N-term	NT=TMT6plex;AC=UNIMOD:737;MT=fixed;TA=K;PP=Anywhere	NT=Oxidation;AC=UNIMOD:35;MT=variable;TA=M;PP=Anywhere	NT=Acetyl;AC=UNIMOD:1;MT=variable;PP=Protein N-term	v3.0.0	ms-proteomics v1.1.0	vertebrates v1.1.0	single-cell v1.0.0
PXD064518_TMT32_TMT129N	Mus musculus	heart	cardiac muscle cell	not available	cell	single cell	male	not available	adult	not available	not available	not pooled	PXD064518_TMT32_TMT129N	1	manual picking	not available	one cardiomyocyte; channel-to-genotype assignment unavailable	20221019_Ec_01_SC_CNIC-KI_TMT32	proteomic profiling by mass spectrometry	20221019_Ec_01_SC_CNIC-KI_TMT32.raw	ftp://ftp.pride.ebi.ac.uk/pride/data/archive/2026/04/PXD064518/20221019_Ec_01_SC_CNIC-KI_TMT32.raw	TMT129N	1	1	NT=Orbitrap Eclipse;AC=MS:1003029	NT=Data-dependent acquisition;AC=PRIDE:0000627	NT=Trypsin;AC=MS:1001251	TMT131	not applicable	TMT32	NT=collision-induced dissociation;AC=MS:1000133	NT=beam-type collision-induced dissociation;AC=MS:1000422	not available	375m/z-1500m/z	not available	not available	not applicable	NT=TMT6plex;AC=UNIMOD:737;MT=fixed;PP=Any N-term	NT=TMT6plex;AC=UNIMOD:737;MT=fixed;TA=K;PP=Anywhere	NT=Oxidation;AC=UNIMOD:35;MT=variable;TA=M;PP=Anywhere	NT=Acetyl;AC=UNIMOD:1;MT=variable;PP=Protein N-term	v3.0.0	ms-proteomics v1.1.0	vertebrates v1.1.0	single-cell v1.0.0
PXD064518_TMT32_TMT129C	Mus musculus	heart	cardiac muscle cell	not available	cell	single cell	male	not available	adult	not available	not available	not pooled	PXD064518_TMT32_TMT129C	1	manual picking	not available	one cardiomyocyte; channel-to-genotype assignment unavailable	20221019_Ec_01_SC_CNIC-KI_TMT32	proteomic profiling by mass spectrometry	20221019_Ec_01_SC_CNIC-KI_TMT32.raw	ftp://ftp.pride.ebi.ac.uk/pride/data/archive/2026/04/PXD064518/20221019_Ec_01_SC_CNIC-KI_TMT32.raw	TMT129C	1	1	NT=Orbitrap Eclipse;AC=MS:1003029	NT=Data-dependent acquisition;AC=PRIDE:0000627	NT=Trypsin;AC=MS:1001251	TMT131	not applicable	TMT32	NT=collision-induced dissociation;AC=MS:1000133	NT=beam-type collision-induced dissociation;AC=MS:1000422	not available	375m/z-1500m/z	not available	not available	not applicable	NT=TMT6plex;AC=UNIMOD:737;MT=fixed;PP=Any N-term	NT=TMT6plex;AC=UNIMOD:737;MT=fixed;TA=K;PP=Anywhere	NT=Oxidation;AC=UNIMOD:35;MT=variable;TA=M;PP=Anywhere	NT=Acetyl;AC=UNIMOD:1;MT=variable;PP=Protein N-term	v3.0.0	ms-proteomics v1.1.0	vertebrates v1.1.0	single-cell v1.0.0
PXD064518_TMT32_TMT130C	Mus musculus	heart	cardiac muscle cell	not available	cell	single cell	male	not available	adult	not available	not available	not pooled	PXD064518_TMT32_TMT130C	1	manual picking	not available	one cardiomyocyte; channel-to-genotype assignment unavailable	20221019_Ec_01_SC_CNIC-KI_TMT32	proteomic profiling by mass spectrometry	20221019_Ec_01_SC_CNIC-KI_TMT32.raw	ftp://ftp.pride.ebi.ac.uk/pride/data/archive/2026/04/PXD064518/20221019_Ec_01_SC_CNIC-KI_TMT32.raw	TMT130C	1	1	NT=Orbitrap Eclipse;AC=MS:1003029	NT=Data-dependent acquisition;AC=PRIDE:0000627	NT=Trypsin;AC=MS:1001251	TMT131	not applicable	TMT32	NT=collision-induced dissociation;AC=MS:1000133	NT=beam-type collision-induced dissociation;AC=MS:1000422	not available	375m/z-1500m/z	not available	not available	not applicable	NT=TMT6plex;AC=UNIMOD:737;MT=fixed;PP=Any N-term	NT=TMT6plex;AC=UNIMOD:737;MT=fixed;TA=K;PP=Anywhere	NT=Oxidation;AC=UNIMOD:35;MT=variable;TA=M;PP=Anywhere	NT=Acetyl;AC=UNIMOD:1;MT=variable;PP=Protein N-term	v3.0.0	ms-proteomics v1.1.0	vertebrates v1.1.0	single-cell v1.0.0
PXD064518_TMT32_TMT131	Mus musculus	heart	cardiac muscle cell	not available	cell	carrier	male	not available	adult	not available	pooled	pooled	not applicable	200	not available	mixed control and Myc-overexpressing cardiomyocytes	100 control plus 100 Myc-overexpressing cardiomyocytes	20221019_Ec_01_SC_CNIC-KI_TMT32	proteomic profiling by mass spectrometry	20221019_Ec_01_SC_CNIC-KI_TMT32.raw	ftp://ftp.pride.ebi.ac.uk/pride/data/archive/2026/04/PXD064518/20221019_Ec_01_SC_CNIC-KI_TMT32.raw	TMT131	1	1	NT=Orbitrap Eclipse;AC=MS:1003029	NT=Data-dependent acquisition;AC=PRIDE:0000627	NT=Trypsin;AC=MS:1001251	TMT131	not applicable	TMT32	NT=collision-induced dissociation;AC=MS:1000133	NT=beam-type collision-induced dissociation;AC=MS:1000422	not available	375m/z-1500m/z	not available	not available	not applicable	NT=TMT6plex;AC=UNIMOD:737;MT=fixed;PP=Any N-term	NT=TMT6plex;AC=UNIMOD:737;MT=fixed;TA=K;PP=Anywhere	NT=Oxidation;AC=UNIMOD:35;MT=variable;TA=M;PP=Anywhere	NT=Acetyl;AC=UNIMOD:1;MT=variable;PP=Protein N-term	v3.0.0	ms-proteomics v1.1.0	vertebrates v1.1.0	single-cell v1.0.0
PXD064518_TMT33_TMT126	Mus musculus	heart	cardiac muscle cell	not available	cell	single cell	male	not available	adult	not available	not available	not pooled	PXD064518_TMT33_TMT126	1	manual picking	not available	one cardiomyocyte; channel-to-genotype assignment unavailable	20221019_Ec_01_SC_CNIC-KI_TMT33	proteomic profiling by mass spectrometry	20221019_Ec_01_SC_CNIC-KI_TMT33.raw	ftp://ftp.pride.ebi.ac.uk/pride/data/archive/2026/04/PXD064518/20221019_Ec_01_SC_CNIC-KI_TMT33.raw	TMT126	1	1	NT=Orbitrap Eclipse;AC=MS:1003029	NT=Data-dependent acquisition;AC=PRIDE:0000627	NT=Trypsin;AC=MS:1001251	TMT131	not applicable	TMT33	NT=collision-induced dissociation;AC=MS:1000133	NT=beam-type collision-induced dissociation;AC=MS:1000422	not available	375m/z-1500m/z	not available	not available	not applicable	NT=TMT6plex;AC=UNIMOD:737;MT=fixed;PP=Any N-term	NT=TMT6plex;AC=UNIMOD:737;MT=fixed;TA=K;PP=Anywhere	NT=Oxidation;AC=UNIMOD:35;MT=variable;TA=M;PP=Anywhere	NT=Acetyl;AC=UNIMOD:1;MT=variable;PP=Protein N-term	v3.0.0	ms-proteomics v1.1.0	vertebrates v1.1.0	single-cell v1.0.0
PXD064518_TMT33_TMT127N	Mus musculus	heart	cardiac muscle cell	not available	cell	single cell	male	not available	adult	not available	not available	not pooled	PXD064518_TMT33_TMT127N	1	manual picking	not available	one cardiomyocyte; channel-to-genotype assignment unavailable	20221019_Ec_01_SC_CNIC-KI_TMT33	proteomic profiling by mass spectrometry	20221019_Ec_01_SC_CNIC-KI_TMT33.raw	ftp://ftp.pride.ebi.ac.uk/pride/data/archive/2026/04/PXD064518/20221019_Ec_01_SC_CNIC-KI_TMT33.raw	TMT127N	1	1	NT=Orbitrap Eclipse;AC=MS:1003029	NT=Data-dependent acquisition;AC=PRIDE:0000627	NT=Trypsin;AC=MS:1001251	TMT131	not applicable	TMT33	NT=collision-induced dissociation;AC=MS:1000133	NT=beam-type collision-induced dissociation;AC=MS:1000422	not available	375m/z-1500m/z	not available	not available	not applicable	NT=TMT6plex;AC=UNIMOD:737;MT=fixed;PP=Any N-term	NT=TMT6plex;AC=UNIMOD:737;MT=fixed;TA=K;PP=Anywhere	NT=Oxidation;AC=UNIMOD:35;MT=variable;TA=M;PP=Anywhere	NT=Acetyl;AC=UNIMOD:1;MT=variable;PP=Protein N-term	v3.0.0	ms-proteomics v1.1.0	vertebrates v1.1.0	single-cell v1.0.0
PXD064518_TMT33_TMT127C	Mus musculus	heart	cardiac muscle cell	not available	cell	single cell	male	not available	adult	not available	not available	not pooled	PXD064518_TMT33_TMT127C	1	manual picking	not available	one cardiomyocyte; channel-to-genotype assignment unavailable	20221019_Ec_01_SC_CNIC-KI_TMT33	proteomic profiling by mass spectrometry	20221019_Ec_01_SC_CNIC-KI_TMT33.raw	ftp://ftp.pride.ebi.ac.uk/pride/data/archive/2026/04/PXD064518/20221019_Ec_01_SC_CNIC-KI_TMT33.raw	TMT127C	1	1	NT=Orbitrap Eclipse;AC=MS:1003029	NT=Data-dependent acquisition;AC=PRIDE:0000627	NT=Trypsin;AC=MS:1001251	TMT131	not applicable	TMT33	NT=collision-induced dissociation;AC=MS:1000133	NT=beam-type collision-induced dissociation;AC=MS:1000422	not available	375m/z-1500m/z	not available	not available	not applicable	NT=TMT6plex;AC=UNIMOD:737;MT=fixed;PP=Any N-term	NT=TMT6plex;AC=UNIMOD:737;MT=fixed;TA=K;PP=Anywhere	NT=Oxidation;AC=UNIMOD:35;MT=variable;TA=M;PP=Anywhere	NT=Acetyl;AC=UNIMOD:1;MT=variable;PP=Protein N-term	v3.0.0	ms-proteomics v1.1.0	vertebrates v1.1.0	single-cell v1.0.0
PXD064518_TMT33_TMT128N	Mus musculus	heart	cardiac muscle cell	not available	cell	single cell	male	not available	adult	not available	not available	not pooled	PXD064518_TMT33_TMT128N	1	manual picking	not available	one cardiomyocyte; channel-to-genotype assignment unavailable	20221019_Ec_01_SC_CNIC-KI_TMT33	proteomic profiling by mass spectrometry	20221019_Ec_01_SC_CNIC-KI_TMT33.raw	ftp://ftp.pride.ebi.ac.uk/pride/data/archive/2026/04/PXD064518/20221019_Ec_01_SC_CNIC-KI_TMT33.raw	TMT128N	1	1	NT=Orbitrap Eclipse;AC=MS:1003029	NT=Data-dependent acquisition;AC=PRIDE:0000627	NT=Trypsin;AC=MS:1001251	TMT131	not applicable	TMT33	NT=collision-induced dissociation;AC=MS:1000133	NT=beam-type collision-induced dissociation;AC=MS:1000422	not available	375m/z-1500m/z	not available	not available	not applicable	NT=TMT6plex;AC=UNIMOD:737;MT=fixed;PP=Any N-term	NT=TMT6plex;AC=UNIMOD:737;MT=fixed;TA=K;PP=Anywhere	NT=Oxidation;AC=UNIMOD:35;MT=variable;TA=M;PP=Anywhere	NT=Acetyl;AC=UNIMOD:1;MT=variable;PP=Protein N-term	v3.0.0	ms-proteomics v1.1.0	vertebrates v1.1.0	single-cell v1.0.0
PXD064518_TMT33_TMT128C	Mus musculus	heart	cardiac muscle cell	not available	cell	single cell	male	not available	adult	not available	not available	not pooled	PXD064518_TMT33_TMT128C	1	manual picking	not available	one cardiomyocyte; channel-to-genotype assignment unavailable	20221019_Ec_01_SC_CNIC-KI_TMT33	proteomic profiling by mass spectrometry	20221019_Ec_01_SC_CNIC-KI_TMT33.raw	ftp://ftp.pride.ebi.ac.uk/pride/data/archive/2026/04/PXD064518/20221019_Ec_01_SC_CNIC-KI_TMT33.raw	TMT128C	1	1	NT=Orbitrap Eclipse;AC=MS:1003029	NT=Data-dependent acquisition;AC=PRIDE:0000627	NT=Trypsin;AC=MS:1001251	TMT131	not applicable	TMT33	NT=collision-induced dissociation;AC=MS:1000133	NT=beam-type collision-induced dissociation;AC=MS:1000422	not available	375m/z-1500m/z	not available	not available	not applicable	NT=TMT6plex;AC=UNIMOD:737;MT=fixed;PP=Any N-term	NT=TMT6plex;AC=UNIMOD:737;MT=fixed;TA=K;PP=Anywhere	NT=Oxidation;AC=UNIMOD:35;MT=variable;TA=M;PP=Anywhere	NT=Acetyl;AC=UNIMOD:1;MT=variable;PP=Protein N-term	v3.0.0	ms-proteomics v1.1.0	vertebrates v1.1.0	single-cell v1.0.0
PXD064518_TMT33_TMT129N	Mus musculus	heart	cardiac muscle cell	not available	cell	single cell	male	not available	adult	not available	not available	not pooled	PXD064518_TMT33_TMT129N	1	manual picking	not available	one cardiomyocyte; channel-to-genotype assignment unavailable	20221019_Ec_01_SC_CNIC-KI_TMT33	proteomic profiling by mass spectrometry	20221019_Ec_01_SC_CNIC-KI_TMT33.raw	ftp://ftp.pride.ebi.ac.uk/pride/data/archive/2026/04/PXD064518/20221019_Ec_01_SC_CNIC-KI_TMT33.raw	TMT129N	1	1	NT=Orbitrap Eclipse;AC=MS:1003029	NT=Data-dependent acquisition;AC=PRIDE:0000627	NT=Trypsin;AC=MS:1001251	TMT131	not applicable	TMT33	NT=collision-induced dissociation;AC=MS:1000133	NT=beam-type collision-induced dissociation;AC=MS:1000422	not available	375m/z-1500m/z	not available	not available	not applicable	NT=TMT6plex;AC=UNIMOD:737;MT=fixed;PP=Any N-term	NT=TMT6plex;AC=UNIMOD:737;MT=fixed;TA=K;PP=Anywhere	NT=Oxidation;AC=UNIMOD:35;MT=variable;TA=M;PP=Anywhere	NT=Acetyl;AC=UNIMOD:1;MT=variable;PP=Protein N-term	v3.0.0	ms-proteomics v1.1.0	vertebrates v1.1.0	single-cell v1.0.0
PXD064518_TMT33_TMT129C	Mus musculus	heart	cardiac muscle cell	not available	cell	single cell	male	not available	adult	not available	not available	not pooled	PXD064518_TMT33_TMT129C	1	manual picking	not available	one cardiomyocyte; channel-to-genotype assignment unavailable	20221019_Ec_01_SC_CNIC-KI_TMT33	proteomic profiling by mass spectrometry	20221019_Ec_01_SC_CNIC-KI_TMT33.raw	ftp://ftp.pride.ebi.ac.uk/pride/data/archive/2026/04/PXD064518/20221019_Ec_01_SC_CNIC-KI_TMT33.raw	TMT129C	1	1	NT=Orbitrap Eclipse;AC=MS:1003029	NT=Data-dependent acquisition;AC=PRIDE:0000627	NT=Trypsin;AC=MS:1001251	TMT131	not applicable	TMT33	NT=collision-induced dissociation;AC=MS:1000133	NT=beam-type collision-induced dissociation;AC=MS:1000422	not available	375m/z-1500m/z	not available	not available	not applicable	NT=TMT6plex;AC=UNIMOD:737;MT=fixed;PP=Any N-term	NT=TMT6plex;AC=UNIMOD:737;MT=fixed;TA=K;PP=Anywhere	NT=Oxidation;AC=UNIMOD:35;MT=variable;TA=M;PP=Anywhere	NT=Acetyl;AC=UNIMOD:1;MT=variable;PP=Protein N-term	v3.0.0	ms-proteomics v1.1.0	vertebrates v1.1.0	single-cell v1.0.0
PXD064518_TMT33_TMT130C	Mus musculus	heart	cardiac muscle cell	not available	cell	single cell	male	not available	adult	not available	not available	not pooled	PXD064518_TMT33_TMT130C	1	manual picking	not available	one cardiomyocyte; channel-to-genotype assignment unavailable	20221019_Ec_01_SC_CNIC-KI_TMT33	proteomic profiling by mass spectrometry	20221019_Ec_01_SC_CNIC-KI_TMT33.raw	ftp://ftp.pride.ebi.ac.uk/pride/data/archive/2026/04/PXD064518/20221019_Ec_01_SC_CNIC-KI_TMT33.raw	TMT130C	1	1	NT=Orbitrap Eclipse;AC=MS:1003029	NT=Data-dependent acquisition;AC=PRIDE:0000627	NT=Trypsin;AC=MS:1001251	TMT131	not applicable	TMT33	NT=collision-induced dissociation;AC=MS:1000133	NT=beam-type collision-induced dissociation;AC=MS:1000422	not available	375m/z-1500m/z	not available	not available	not applicable	NT=TMT6plex;AC=UNIMOD:737;MT=fixed;PP=Any N-term	NT=TMT6plex;AC=UNIMOD:737;MT=fixed;TA=K;PP=Anywhere	NT=Oxidation;AC=UNIMOD:35;MT=variable;TA=M;PP=Anywhere	NT=Acetyl;AC=UNIMOD:1;MT=variable;PP=Protein N-term	v3.0.0	ms-proteomics v1.1.0	vertebrates v1.1.0	single-cell v1.0.0
PXD064518_TMT33_TMT131	Mus musculus	heart	cardiac muscle cell	not available	cell	carrier	male	not available	adult	not available	pooled	pooled	not applicable	200	not available	mixed control and Myc-overexpressing cardiomyocytes	100 control plus 100 Myc-overexpressing cardiomyocytes	20221019_Ec_01_SC_CNIC-KI_TMT33	proteomic profiling by mass spectrometry	20221019_Ec_01_SC_CNIC-KI_TMT33.raw	ftp://ftp.pride.ebi.ac.uk/pride/data/archive/2026/04/PXD064518/20221019_Ec_01_SC_CNIC-KI_TMT33.raw	TMT131	1	1	NT=Orbitrap Eclipse;AC=MS:1003029	NT=Data-dependent acquisition;AC=PRIDE:0000627	NT=Trypsin;AC=MS:1001251	TMT131	not applicable	TMT33	NT=collision-induced dissociation;AC=MS:1000133	NT=beam-type collision-induced dissociation;AC=MS:1000422	not available	375m/z-1500m/z	not available	not available	not applicable	NT=TMT6plex;AC=UNIMOD:737;MT=fixed;PP=Any N-term	NT=TMT6plex;AC=UNIMOD:737;MT=fixed;TA=K;PP=Anywhere	NT=Oxidation;AC=UNIMOD:35;MT=variable;TA=M;PP=Anywhere	NT=Acetyl;AC=UNIMOD:1;MT=variable;PP=Protein N-term	v3.0.0	ms-proteomics v1.1.0	vertebrates v1.1.0	single-cell v1.0.0
PXD064518_TMT34_TMT126	Mus musculus	heart	cardiac muscle cell	not available	cell	single cell	male	not available	adult	not available	not available	not pooled	PXD064518_TMT34_TMT126	1	manual picking	not available	one cardiomyocyte; channel-to-genotype assignment unavailable	20221019_Ec_01_SC_CNIC-KI_TMT34	proteomic profiling by mass spectrometry	20221019_Ec_01_SC_CNIC-KI_TMT34.raw	ftp://ftp.pride.ebi.ac.uk/pride/data/archive/2026/04/PXD064518/20221019_Ec_01_SC_CNIC-KI_TMT34.raw	TMT126	1	1	NT=Orbitrap Eclipse;AC=MS:1003029	NT=Data-dependent acquisition;AC=PRIDE:0000627	NT=Trypsin;AC=MS:1001251	TMT131	not applicable	TMT34	NT=collision-induced dissociation;AC=MS:1000133	NT=beam-type collision-induced dissociation;AC=MS:1000422	not available	375m/z-1500m/z	not available	not available	not applicable	NT=TMT6plex;AC=UNIMOD:737;MT=fixed;PP=Any N-term	NT=TMT6plex;AC=UNIMOD:737;MT=fixed;TA=K;PP=Anywhere	NT=Oxidation;AC=UNIMOD:35;MT=variable;TA=M;PP=Anywhere	NT=Acetyl;AC=UNIMOD:1;MT=variable;PP=Protein N-term	v3.0.0	ms-proteomics v1.1.0	vertebrates v1.1.0	single-cell v1.0.0
PXD064518_TMT34_TMT127N	Mus musculus	heart	cardiac muscle cell	not available	cell	single cell	male	not available	adult	not available	not available	not pooled	PXD064518_TMT34_TMT127N	1	manual picking	not available	one cardiomyocyte; channel-to-genotype assignment unavailable	20221019_Ec_01_SC_CNIC-KI_TMT34	proteomic profiling by mass spectrometry	20221019_Ec_01_SC_CNIC-KI_TMT34.raw	ftp://ftp.pride.ebi.ac.uk/pride/data/archive/2026/04/PXD064518/20221019_Ec_01_SC_CNIC-KI_TMT34.raw	TMT127N	1	1	NT=Orbitrap Eclipse;AC=MS:1003029	NT=Data-dependent acquisition;AC=PRIDE:0000627	NT=Trypsin;AC=MS:1001251	TMT131	not applicable	TMT34	NT=collision-induced dissociation;AC=MS:1000133	NT=beam-type collision-induced dissociation;AC=MS:1000422	not available	375m/z-1500m/z	not available	not available	not applicable	NT=TMT6plex;AC=UNIMOD:737;MT=fixed;PP=Any N-term	NT=TMT6plex;AC=UNIMOD:737;MT=fixed;TA=K;PP=Anywhere	NT=Oxidation;AC=UNIMOD:35;MT=variable;TA=M;PP=Anywhere	NT=Acetyl;AC=UNIMOD:1;MT=variable;PP=Protein N-term	v3.0.0	ms-proteomics v1.1.0	vertebrates v1.1.0	single-cell v1.0.0
PXD064518_TMT34_TMT127C	Mus musculus	heart	cardiac muscle cell	not available	cell	single cell	male	not available	adult	not available	not available	not pooled	PXD064518_TMT34_TMT127C	1	manual picking	not available	one cardiomyocyte; channel-to-genotype assignment unavailable	20221019_Ec_01_SC_CNIC-KI_TMT34	proteomic profiling by mass spectrometry	20221019_Ec_01_SC_CNIC-KI_TMT34.raw	ftp://ftp.pride.ebi.ac.uk/pride/data/archive/2026/04/PXD064518/20221019_Ec_01_SC_CNIC-KI_TMT34.raw	TMT127C	1	1	NT=Orbitrap Eclipse;AC=MS:1003029	NT=Data-dependent acquisition;AC=PRIDE:0000627	NT=Trypsin;AC=MS:1001251	TMT131	not applicable	TMT34	NT=collision-induced dissociation;AC=MS:1000133	NT=beam-type collision-induced dissociation;AC=MS:1000422	not available	375m/z-1500m/z	not available	not available	not applicable	NT=TMT6plex;AC=UNIMOD:737;MT=fixed;PP=Any N-term	NT=TMT6plex;AC=UNIMOD:737;MT=fixed;TA=K;PP=Anywhere	NT=Oxidation;AC=UNIMOD:35;MT=variable;TA=M;PP=Anywhere	NT=Acetyl;AC=UNIMOD:1;MT=variable;PP=Protein N-term	v3.0.0	ms-proteomics v1.1.0	vertebrates v1.1.0	single-cell v1.0.0
PXD064518_TMT34_TMT128N	Mus musculus	heart	cardiac muscle cell	not available	cell	single cell	male	not available	adult	not available	not available	not pooled	PXD064518_TMT34_TMT128N	1	manual picking	not available	one cardiomyocyte; channel-to-genotype assignment unavailable	20221019_Ec_01_SC_CNIC-KI_TMT34	proteomic profiling by mass spectrometry	20221019_Ec_01_SC_CNIC-KI_TMT34.raw	ftp://ftp.pride.ebi.ac.uk/pride/data/archive/2026/04/PXD064518/20221019_Ec_01_SC_CNIC-KI_TMT34.raw	TMT128N	1	1	NT=Orbitrap Eclipse;AC=MS:1003029	NT=Data-dependent acquisition;AC=PRIDE:0000627	NT=Trypsin;AC=MS:1001251	TMT131	not applicable	TMT34	NT=collision-induced dissociation;AC=MS:1000133	NT=beam-type collision-induced dissociation;AC=MS:1000422	not available	375m/z-1500m/z	not available	not available	not applicable	NT=TMT6plex;AC=UNIMOD:737;MT=fixed;PP=Any N-term	NT=TMT6plex;AC=UNIMOD:737;MT=fixed;TA=K;PP=Anywhere	NT=Oxidation;AC=UNIMOD:35;MT=variable;TA=M;PP=Anywhere	NT=Acetyl;AC=UNIMOD:1;MT=variable;PP=Protein N-term	v3.0.0	ms-proteomics v1.1.0	vertebrates v1.1.0	single-cell v1.0.0
PXD064518_TMT34_TMT128C	Mus musculus	heart	cardiac muscle cell	not available	cell	single cell	male	not available	adult	not available	not available	not pooled	PXD064518_TMT34_TMT128C	1	manual picking	not available	one cardiomyocyte; channel-to-genotype assignment unavailable	20221019_Ec_01_SC_CNIC-KI_TMT34	proteomic profiling by mass spectrometry	20221019_Ec_01_SC_CNIC-KI_TMT34.raw	ftp://ftp.pride.ebi.ac.uk/pride/data/archive/2026/04/PXD064518/20221019_Ec_01_SC_CNIC-KI_TMT34.raw	TMT128C	1	1	NT=Orbitrap Eclipse;AC=MS:1003029	NT=Data-dependent acquisition;AC=PRIDE:0000627	NT=Trypsin;AC=MS:1001251	TMT131	not applicable	TMT34	NT=collision-induced dissociation;AC=MS:1000133	NT=beam-type collision-induced dissociation;AC=MS:1000422	not available	375m/z-1500m/z	not available	not available	not applicable	NT=TMT6plex;AC=UNIMOD:737;MT=fixed;PP=Any N-term	NT=TMT6plex;AC=UNIMOD:737;MT=fixed;TA=K;PP=Anywhere	NT=Oxidation;AC=UNIMOD:35;MT=variable;TA=M;PP=Anywhere	NT=Acetyl;AC=UNIMOD:1;MT=variable;PP=Protein N-term	v3.0.0	ms-proteomics v1.1.0	vertebrates v1.1.0	single-cell v1.0.0
PXD064518_TMT34_TMT129N	Mus musculus	heart	cardiac muscle cell	not available	cell	single cell	male	not available	adult	not available	not available	not pooled	PXD064518_TMT34_TMT129N	1	manual picking	not available	one cardiomyocyte; channel-to-genotype assignment unavailable	20221019_Ec_01_SC_CNIC-KI_TMT34	proteomic profiling by mass spectrometry	20221019_Ec_01_SC_CNIC-KI_TMT34.raw	ftp://ftp.pride.ebi.ac.uk/pride/data/archive/2026/04/PXD064518/20221019_Ec_01_SC_CNIC-KI_TMT34.raw	TMT129N	1	1	NT=Orbitrap Eclipse;AC=MS:1003029	NT=Data-dependent acquisition;AC=PRIDE:0000627	NT=Trypsin;AC=MS:1001251	TMT131	not applicable	TMT34	NT=collision-induced dissociation;AC=MS:1000133	NT=beam-type collision-induced dissociation;AC=MS:1000422	not available	375m/z-1500m/z	not available	not available	not applicable	NT=TMT6plex;AC=UNIMOD:737;MT=fixed;PP=Any N-term	NT=TMT6plex;AC=UNIMOD:737;MT=fixed;TA=K;PP=Anywhere	NT=Oxidation;AC=UNIMOD:35;MT=variable;TA=M;PP=Anywhere	NT=Acetyl;AC=UNIMOD:1;MT=variable;PP=Protein N-term	v3.0.0	ms-proteomics v1.1.0	vertebrates v1.1.0	single-cell v1.0.0
PXD064518_TMT34_TMT129C	Mus musculus	heart	cardiac muscle cell	not available	cell	single cell	male	not available	adult	not available	not available	not pooled	PXD064518_TMT34_TMT129C	1	manual picking	not available	one cardiomyocyte; channel-to-genotype assignment unavailable	20221019_Ec_01_SC_CNIC-KI_TMT34	proteomic profiling by mass spectrometry	20221019_Ec_01_SC_CNIC-KI_TMT34.raw	ftp://ftp.pride.ebi.ac.uk/pride/data/archive/2026/04/PXD064518/20221019_Ec_01_SC_CNIC-KI_TMT34.raw	TMT129C	1	1	NT=Orbitrap Eclipse;AC=MS:1003029	NT=Data-dependent acquisition;AC=PRIDE:0000627	NT=Trypsin;AC=MS:1001251	TMT131	not applicable	TMT34	NT=collision-induced dissociation;AC=MS:1000133	NT=beam-type collision-induced dissociation;AC=MS:1000422	not available	375m/z-1500m/z	not available	not available	not applicable	NT=TMT6plex;AC=UNIMOD:737;MT=fixed;PP=Any N-term	NT=TMT6plex;AC=UNIMOD:737;MT=fixed;TA=K;PP=Anywhere	NT=Oxidation;AC=UNIMOD:35;MT=variable;TA=M;PP=Anywhere	NT=Acetyl;AC=UNIMOD:1;MT=variable;PP=Protein N-term	v3.0.0	ms-proteomics v1.1.0	vertebrates v1.1.0	single-cell v1.0.0
PXD064518_TMT34_TMT130C	Mus musculus	heart	cardiac muscle cell	not available	cell	single cell	male	not available	adult	not available	not available	not pooled	PXD064518_TMT34_TMT130C	1	manual picking	not available	one cardiomyocyte; channel-to-genotype assignment unavailable	20221019_Ec_01_SC_CNIC-KI_TMT34	proteomic profiling by mass spectrometry	20221019_Ec_01_SC_CNIC-KI_TMT34.raw	ftp://ftp.pride.ebi.ac.uk/pride/data/archive/2026/04/PXD064518/20221019_Ec_01_SC_CNIC-KI_TMT34.raw	TMT130C	1	1	NT=Orbitrap Eclipse;AC=MS:1003029	NT=Data-dependent acquisition;AC=PRIDE:0000627	NT=Trypsin;AC=MS:1001251	TMT131	not applicable	TMT34	NT=collision-induced dissociation;AC=MS:1000133	NT=beam-type collision-induced dissociation;AC=MS:1000422	not available	375m/z-1500m/z	not available	not available	not applicable	NT=TMT6plex;AC=UNIMOD:737;MT=fixed;PP=Any N-term	NT=TMT6plex;AC=UNIMOD:737;MT=fixed;TA=K;PP=Anywhere	NT=Oxidation;AC=UNIMOD:35;MT=variable;TA=M;PP=Anywhere	NT=Acetyl;AC=UNIMOD:1;MT=variable;PP=Protein N-term	v3.0.0	ms-proteomics v1.1.0	vertebrates v1.1.0	single-cell v1.0.0
PXD064518_TMT34_TMT131	Mus musculus	heart	cardiac muscle cell	not available	cell	carrier	male	not available	adult	not available	pooled	pooled	not applicable	200	not available	mixed control and Myc-overexpressing cardiomyocytes	100 control plus 100 Myc-overexpressing cardiomyocytes	20221019_Ec_01_SC_CNIC-KI_TMT34	proteomic profiling by mass spectrometry	20221019_Ec_01_SC_CNIC-KI_TMT34.raw	ftp://ftp.pride.ebi.ac.uk/pride/data/archive/2026/04/PXD064518/20221019_Ec_01_SC_CNIC-KI_TMT34.raw	TMT131	1	1	NT=Orbitrap Eclipse;AC=MS:1003029	NT=Data-dependent acquisition;AC=PRIDE:0000627	NT=Trypsin;AC=MS:1001251	TMT131	not applicable	TMT34	NT=collision-induced dissociation;AC=MS:1000133	NT=beam-type collision-induced dissociation;AC=MS:1000422	not available	375m/z-1500m/z	not available	not available	not applicable	NT=TMT6plex;AC=UNIMOD:737;MT=fixed;PP=Any N-term	NT=TMT6plex;AC=UNIMOD:737;MT=fixed;TA=K;PP=Anywhere	NT=Oxidation;AC=UNIMOD:35;MT=variable;TA=M;PP=Anywhere	NT=Acetyl;AC=UNIMOD:1;MT=variable;PP=Protein N-term	v3.0.0	ms-proteomics v1.1.0	vertebrates v1.1.0	single-cell v1.0.0
PXD064518_TMT35_TMT126	Mus musculus	heart	cardiac muscle cell	not available	cell	single cell	male	not available	adult	not available	not available	not pooled	PXD064518_TMT35_TMT126	1	manual picking	not available	one cardiomyocyte; channel-to-genotype assignment unavailable	20221019_Ec_01_SC_CNIC-KI_TMT35	proteomic profiling by mass spectrometry	20221019_Ec_01_SC_CNIC-KI_TMT35.raw	ftp://ftp.pride.ebi.ac.uk/pride/data/archive/2026/04/PXD064518/20221019_Ec_01_SC_CNIC-KI_TMT35.raw	TMT126	1	1	NT=Orbitrap Eclipse;AC=MS:1003029	NT=Data-dependent acquisition;AC=PRIDE:0000627	NT=Trypsin;AC=MS:1001251	TMT131	not applicable	TMT35	NT=collision-induced dissociation;AC=MS:1000133	NT=beam-type collision-induced dissociation;AC=MS:1000422	not available	375m/z-1500m/z	not available	not available	not applicable	NT=TMT6plex;AC=UNIMOD:737;MT=fixed;PP=Any N-term	NT=TMT6plex;AC=UNIMOD:737;MT=fixed;TA=K;PP=Anywhere	NT=Oxidation;AC=UNIMOD:35;MT=variable;TA=M;PP=Anywhere	NT=Acetyl;AC=UNIMOD:1;MT=variable;PP=Protein N-term	v3.0.0	ms-proteomics v1.1.0	vertebrates v1.1.0	single-cell v1.0.0
PXD064518_TMT35_TMT127N	Mus musculus	heart	cardiac muscle cell	not available	cell	single cell	male	not available	adult	not available	not available	not pooled	PXD064518_TMT35_TMT127N	1	manual picking	not available	one cardiomyocyte; channel-to-genotype assignment unavailable	20221019_Ec_01_SC_CNIC-KI_TMT35	proteomic profiling by mass spectrometry	20221019_Ec_01_SC_CNIC-KI_TMT35.raw	ftp://ftp.pride.ebi.ac.uk/pride/data/archive/2026/04/PXD064518/20221019_Ec_01_SC_CNIC-KI_TMT35.raw	TMT127N	1	1	NT=Orbitrap Eclipse;AC=MS:1003029	NT=Data-dependent acquisition;AC=PRIDE:0000627	NT=Trypsin;AC=MS:1001251	TMT131	not applicable	TMT35	NT=collision-induced dissociation;AC=MS:1000133	NT=beam-type collision-induced dissociation;AC=MS:1000422	not available	375m/z-1500m/z	not available	not available	not applicable	NT=TMT6plex;AC=UNIMOD:737;MT=fixed;PP=Any N-term	NT=TMT6plex;AC=UNIMOD:737;MT=fixed;TA=K;PP=Anywhere	NT=Oxidation;AC=UNIMOD:35;MT=variable;TA=M;PP=Anywhere	NT=Acetyl;AC=UNIMOD:1;MT=variable;PP=Protein N-term	v3.0.0	ms-proteomics v1.1.0	vertebrates v1.1.0	single-cell v1.0.0
PXD064518_TMT35_TMT127C	Mus musculus	heart	cardiac muscle cell	not available	cell	single cell	male	not available	adult	not available	not available	not pooled	PXD064518_TMT35_TMT127C	1	manual picking	not available	one cardiomyocyte; channel-to-genotype assignment unavailable	20221019_Ec_01_SC_CNIC-KI_TMT35	proteomic profiling by mass spectrometry	20221019_Ec_01_SC_CNIC-KI_TMT35.raw	ftp://ftp.pride.ebi.ac.uk/pride/data/archive/2026/04/PXD064518/20221019_Ec_01_SC_CNIC-KI_TMT35.raw	TMT127C	1	1	NT=Orbitrap Eclipse;AC=MS:1003029	NT=Data-dependent acquisition;AC=PRIDE:0000627	NT=Trypsin;AC=MS:1001251	TMT131	not applicable	TMT35	NT=collision-induced dissociation;AC=MS:1000133	NT=beam-type collision-induced dissociation;AC=MS:1000422	not available	375m/z-1500m/z	not available	not available	not applicable	NT=TMT6plex;AC=UNIMOD:737;MT=fixed;PP=Any N-term	NT=TMT6plex;AC=UNIMOD:737;MT=fixed;TA=K;PP=Anywhere	NT=Oxidation;AC=UNIMOD:35;MT=variable;TA=M;PP=Anywhere	NT=Acetyl;AC=UNIMOD:1;MT=variable;PP=Protein N-term	v3.0.0	ms-proteomics v1.1.0	vertebrates v1.1.0	single-cell v1.0.0
PXD064518_TMT35_TMT128N	Mus musculus	heart	cardiac muscle cell	not available	cell	single cell	male	not available	adult	not available	not available	not pooled	PXD064518_TMT35_TMT128N	1	manual picking	not available	one cardiomyocyte; channel-to-genotype assignment unavailable	20221019_Ec_01_SC_CNIC-KI_TMT35	proteomic profiling by mass spectrometry	20221019_Ec_01_SC_CNIC-KI_TMT35.raw	ftp://ftp.pride.ebi.ac.uk/pride/data/archive/2026/04/PXD064518/20221019_Ec_01_SC_CNIC-KI_TMT35.raw	TMT128N	1	1	NT=Orbitrap Eclipse;AC=MS:1003029	NT=Data-dependent acquisition;AC=PRIDE:0000627	NT=Trypsin;AC=MS:1001251	TMT131	not applicable	TMT35	NT=collision-induced dissociation;AC=MS:1000133	NT=beam-type collision-induced dissociation;AC=MS:1000422	not available	375m/z-1500m/z	not available	not available	not applicable	NT=TMT6plex;AC=UNIMOD:737;MT=fixed;PP=Any N-term	NT=TMT6plex;AC=UNIMOD:737;MT=fixed;TA=K;PP=Anywhere	NT=Oxidation;AC=UNIMOD:35;MT=variable;TA=M;PP=Anywhere	NT=Acetyl;AC=UNIMOD:1;MT=variable;PP=Protein N-term	v3.0.0	ms-proteomics v1.1.0	vertebrates v1.1.0	single-cell v1.0.0
PXD064518_TMT35_TMT128C	Mus musculus	heart	cardiac muscle cell	not available	cell	single cell	male	not available	adult	not available	not available	not pooled	PXD064518_TMT35_TMT128C	1	manual picking	not available	one cardiomyocyte; channel-to-genotype assignment unavailable	20221019_Ec_01_SC_CNIC-KI_TMT35	proteomic profiling by mass spectrometry	20221019_Ec_01_SC_CNIC-KI_TMT35.raw	ftp://ftp.pride.ebi.ac.uk/pride/data/archive/2026/04/PXD064518/20221019_Ec_01_SC_CNIC-KI_TMT35.raw	TMT128C	1	1	NT=Orbitrap Eclipse;AC=MS:1003029	NT=Data-dependent acquisition;AC=PRIDE:0000627	NT=Trypsin;AC=MS:1001251	TMT131	not applicable	TMT35	NT=collision-induced dissociation;AC=MS:1000133	NT=beam-type collision-induced dissociation;AC=MS:1000422	not available	375m/z-1500m/z	not available	not available	not applicable	NT=TMT6plex;AC=UNIMOD:737;MT=fixed;PP=Any N-term	NT=TMT6plex;AC=UNIMOD:737;MT=fixed;TA=K;PP=Anywhere	NT=Oxidation;AC=UNIMOD:35;MT=variable;TA=M;PP=Anywhere	NT=Acetyl;AC=UNIMOD:1;MT=variable;PP=Protein N-term	v3.0.0	ms-proteomics v1.1.0	vertebrates v1.1.0	single-cell v1.0.0
PXD064518_TMT35_TMT129N	Mus musculus	heart	cardiac muscle cell	not available	cell	single cell	male	not available	adult	not available	not available	not pooled	PXD064518_TMT35_TMT129N	1	manual picking	not available	one cardiomyocyte; channel-to-genotype assignment unavailable	20221019_Ec_01_SC_CNIC-KI_TMT35	proteomic profiling by mass spectrometry	20221019_Ec_01_SC_CNIC-KI_TMT35.raw	ftp://ftp.pride.ebi.ac.uk/pride/data/archive/2026/04/PXD064518/20221019_Ec_01_SC_CNIC-KI_TMT35.raw	TMT129N	1	1	NT=Orbitrap Eclipse;AC=MS:1003029	NT=Data-dependent acquisition;AC=PRIDE:0000627	NT=Trypsin;AC=MS:1001251	TMT131	not applicable	TMT35	NT=collision-induced dissociation;AC=MS:1000133	NT=beam-type collision-induced dissociation;AC=MS:1000422	not available	375m/z-1500m/z	not available	not available	not applicable	NT=TMT6plex;AC=UNIMOD:737;MT=fixed;PP=Any N-term	NT=TMT6plex;AC=UNIMOD:737;MT=fixed;TA=K;PP=Anywhere	NT=Oxidation;AC=UNIMOD:35;MT=variable;TA=M;PP=Anywhere	NT=Acetyl;AC=UNIMOD:1;MT=variable;PP=Protein N-term	v3.0.0	ms-proteomics v1.1.0	vertebrates v1.1.0	single-cell v1.0.0
PXD064518_TMT35_TMT129C	Mus musculus	heart	cardiac muscle cell	not available	cell	single cell	male	not available	adult	not available	not available	not pooled	PXD064518_TMT35_TMT129C	1	manual picking	not available	one cardiomyocyte; channel-to-genotype assignment unavailable	20221019_Ec_01_SC_CNIC-KI_TMT35	proteomic profiling by mass spectrometry	20221019_Ec_01_SC_CNIC-KI_TMT35.raw	ftp://ftp.pride.ebi.ac.uk/pride/data/archive/2026/04/PXD064518/20221019_Ec_01_SC_CNIC-KI_TMT35.raw	TMT129C	1	1	NT=Orbitrap Eclipse;AC=MS:1003029	NT=Data-dependent acquisition;AC=PRIDE:0000627	NT=Trypsin;AC=MS:1001251	TMT131	not applicable	TMT35	NT=collision-induced dissociation;AC=MS:1000133	NT=beam-type collision-induced dissociation;AC=MS:1000422	not available	375m/z-1500m/z	not available	not available	not applicable	NT=TMT6plex;AC=UNIMOD:737;MT=fixed;PP=Any N-term	NT=TMT6plex;AC=UNIMOD:737;MT=fixed;TA=K;PP=Anywhere	NT=Oxidation;AC=UNIMOD:35;MT=variable;TA=M;PP=Anywhere	NT=Acetyl;AC=UNIMOD:1;MT=variable;PP=Protein N-term	v3.0.0	ms-proteomics v1.1.0	vertebrates v1.1.0	single-cell v1.0.0
PXD064518_TMT35_TMT130C	Mus musculus	heart	cardiac muscle cell	not available	cell	single cell	male	not available	adult	not available	not available	not pooled	PXD064518_TMT35_TMT130C	1	manual picking	not available	one cardiomyocyte; channel-to-genotype assignment unavailable	20221019_Ec_01_SC_CNIC-KI_TMT35	proteomic profiling by mass spectrometry	20221019_Ec_01_SC_CNIC-KI_TMT35.raw	ftp://ftp.pride.ebi.ac.uk/pride/data/archive/2026/04/PXD064518/20221019_Ec_01_SC_CNIC-KI_TMT35.raw	TMT130C	1	1	NT=Orbitrap Eclipse;AC=MS:1003029	NT=Data-dependent acquisition;AC=PRIDE:0000627	NT=Trypsin;AC=MS:1001251	TMT131	not applicable	TMT35	NT=collision-induced dissociation;AC=MS:1000133	NT=beam-type collision-induced dissociation;AC=MS:1000422	not available	375m/z-1500m/z	not available	not available	not applicable	NT=TMT6plex;AC=UNIMOD:737;MT=fixed;PP=Any N-term	NT=TMT6plex;AC=UNIMOD:737;MT=fixed;TA=K;PP=Anywhere	NT=Oxidation;AC=UNIMOD:35;MT=variable;TA=M;PP=Anywhere	NT=Acetyl;AC=UNIMOD:1;MT=variable;PP=Protein N-term	v3.0.0	ms-proteomics v1.1.0	vertebrates v1.1.0	single-cell v1.0.0
PXD064518_TMT35_TMT131	Mus musculus	heart	cardiac muscle cell	not available	cell	carrier	male	not available	adult	not available	pooled	pooled	not applicable	200	not available	mixed control and Myc-overexpressing cardiomyocytes	100 control plus 100 Myc-overexpressing cardiomyocytes	20221019_Ec_01_SC_CNIC-KI_TMT35	proteomic profiling by mass spectrometry	20221019_Ec_01_SC_CNIC-KI_TMT35.raw	ftp://ftp.pride.ebi.ac.uk/pride/data/archive/2026/04/PXD064518/20221019_Ec_01_SC_CNIC-KI_TMT35.raw	TMT131	1	1	NT=Orbitrap Eclipse;AC=MS:1003029	NT=Data-dependent acquisition;AC=PRIDE:0000627	NT=Trypsin;AC=MS:1001251	TMT131	not applicable	TMT35	NT=collision-induced dissociation;AC=MS:1000133	NT=beam-type collision-induced dissociation;AC=MS:1000422	not available	375m/z-1500m/z	not available	not available	not applicable	NT=TMT6plex;AC=UNIMOD:737;MT=fixed;PP=Any N-term	NT=TMT6plex;AC=UNIMOD:737;MT=fixed;TA=K;PP=Anywhere	NT=Oxidation;AC=UNIMOD:35;MT=variable;TA=M;PP=Anywhere	NT=Acetyl;AC=UNIMOD:1;MT=variable;PP=Protein N-term	v3.0.0	ms-proteomics v1.1.0	vertebrates v1.1.0	single-cell v1.0.0
PXD064518_TMT36_TMT126	Mus musculus	heart	cardiac muscle cell	not available	cell	single cell	male	not available	adult	not available	not available	not pooled	PXD064518_TMT36_TMT126	1	manual picking	not available	one cardiomyocyte; channel-to-genotype assignment unavailable	20221019_Ec_01_SC_CNIC-KI_TMT36	proteomic profiling by mass spectrometry	20221019_Ec_01_SC_CNIC-KI_TMT36.raw	ftp://ftp.pride.ebi.ac.uk/pride/data/archive/2026/04/PXD064518/20221019_Ec_01_SC_CNIC-KI_TMT36.raw	TMT126	1	1	NT=Orbitrap Eclipse;AC=MS:1003029	NT=Data-dependent acquisition;AC=PRIDE:0000627	NT=Trypsin;AC=MS:1001251	TMT131	not applicable	TMT36	NT=collision-induced dissociation;AC=MS:1000133	NT=beam-type collision-induced dissociation;AC=MS:1000422	not available	375m/z-1500m/z	not available	not available	not applicable	NT=TMT6plex;AC=UNIMOD:737;MT=fixed;PP=Any N-term	NT=TMT6plex;AC=UNIMOD:737;MT=fixed;TA=K;PP=Anywhere	NT=Oxidation;AC=UNIMOD:35;MT=variable;TA=M;PP=Anywhere	NT=Acetyl;AC=UNIMOD:1;MT=variable;PP=Protein N-term	v3.0.0	ms-proteomics v1.1.0	vertebrates v1.1.0	single-cell v1.0.0
PXD064518_TMT36_TMT127N	Mus musculus	heart	cardiac muscle cell	not available	cell	single cell	male	not available	adult	not available	not available	not pooled	PXD064518_TMT36_TMT127N	1	manual picking	not available	one cardiomyocyte; channel-to-genotype assignment unavailable	20221019_Ec_01_SC_CNIC-KI_TMT36	proteomic profiling by mass spectrometry	20221019_Ec_01_SC_CNIC-KI_TMT36.raw	ftp://ftp.pride.ebi.ac.uk/pride/data/archive/2026/04/PXD064518/20221019_Ec_01_SC_CNIC-KI_TMT36.raw	TMT127N	1	1	NT=Orbitrap Eclipse;AC=MS:1003029	NT=Data-dependent acquisition;AC=PRIDE:0000627	NT=Trypsin;AC=MS:1001251	TMT131	not applicable	TMT36	NT=collision-induced dissociation;AC=MS:1000133	NT=beam-type collision-induced dissociation;AC=MS:1000422	not available	375m/z-1500m/z	not available	not available	not applicable	NT=TMT6plex;AC=UNIMOD:737;MT=fixed;PP=Any N-term	NT=TMT6plex;AC=UNIMOD:737;MT=fixed;TA=K;PP=Anywhere	NT=Oxidation;AC=UNIMOD:35;MT=variable;TA=M;PP=Anywhere	NT=Acetyl;AC=UNIMOD:1;MT=variable;PP=Protein N-term	v3.0.0	ms-proteomics v1.1.0	vertebrates v1.1.0	single-cell v1.0.0
PXD064518_TMT36_TMT127C	Mus musculus	heart	cardiac muscle cell	not available	cell	single cell	male	not available	adult	not available	not available	not pooled	PXD064518_TMT36_TMT127C	1	manual picking	not available	one cardiomyocyte; channel-to-genotype assignment unavailable	20221019_Ec_01_SC_CNIC-KI_TMT36	proteomic profiling by mass spectrometry	20221019_Ec_01_SC_CNIC-KI_TMT36.raw	ftp://ftp.pride.ebi.ac.uk/pride/data/archive/2026/04/PXD064518/20221019_Ec_01_SC_CNIC-KI_TMT36.raw	TMT127C	1	1	NT=Orbitrap Eclipse;AC=MS:1003029	NT=Data-dependent acquisition;AC=PRIDE:0000627	NT=Trypsin;AC=MS:1001251	TMT131	not applicable	TMT36	NT=collision-induced dissociation;AC=MS:1000133	NT=beam-type collision-induced dissociation;AC=MS:1000422	not available	375m/z-1500m/z	not available	not available	not applicable	NT=TMT6plex;AC=UNIMOD:737;MT=fixed;PP=Any N-term	NT=TMT6plex;AC=UNIMOD:737;MT=fixed;TA=K;PP=Anywhere	NT=Oxidation;AC=UNIMOD:35;MT=variable;TA=M;PP=Anywhere	NT=Acetyl;AC=UNIMOD:1;MT=variable;PP=Protein N-term	v3.0.0	ms-proteomics v1.1.0	vertebrates v1.1.0	single-cell v1.0.0
PXD064518_TMT36_TMT128N	Mus musculus	heart	cardiac muscle cell	not available	cell	single cell	male	not available	adult	not available	not available	not pooled	PXD064518_TMT36_TMT128N	1	manual picking	not available	one cardiomyocyte; channel-to-genotype assignment unavailable	20221019_Ec_01_SC_CNIC-KI_TMT36	proteomic profiling by mass spectrometry	20221019_Ec_01_SC_CNIC-KI_TMT36.raw	ftp://ftp.pride.ebi.ac.uk/pride/data/archive/2026/04/PXD064518/20221019_Ec_01_SC_CNIC-KI_TMT36.raw	TMT128N	1	1	NT=Orbitrap Eclipse;AC=MS:1003029	NT=Data-dependent acquisition;AC=PRIDE:0000627	NT=Trypsin;AC=MS:1001251	TMT131	not applicable	TMT36	NT=collision-induced dissociation;AC=MS:1000133	NT=beam-type collision-induced dissociation;AC=MS:1000422	not available	375m/z-1500m/z	not available	not available	not applicable	NT=TMT6plex;AC=UNIMOD:737;MT=fixed;PP=Any N-term	NT=TMT6plex;AC=UNIMOD:737;MT=fixed;TA=K;PP=Anywhere	NT=Oxidation;AC=UNIMOD:35;MT=variable;TA=M;PP=Anywhere	NT=Acetyl;AC=UNIMOD:1;MT=variable;PP=Protein N-term	v3.0.0	ms-proteomics v1.1.0	vertebrates v1.1.0	single-cell v1.0.0
PXD064518_TMT36_TMT128C	Mus musculus	heart	cardiac muscle cell	not available	cell	single cell	male	not available	adult	not available	not available	not pooled	PXD064518_TMT36_TMT128C	1	manual picking	not available	one cardiomyocyte; channel-to-genotype assignment unavailable	20221019_Ec_01_SC_CNIC-KI_TMT36	proteomic profiling by mass spectrometry	20221019_Ec_01_SC_CNIC-KI_TMT36.raw	ftp://ftp.pride.ebi.ac.uk/pride/data/archive/2026/04/PXD064518/20221019_Ec_01_SC_CNIC-KI_TMT36.raw	TMT128C	1	1	NT=Orbitrap Eclipse;AC=MS:1003029	NT=Data-dependent acquisition;AC=PRIDE:0000627	NT=Trypsin;AC=MS:1001251	TMT131	not applicable	TMT36	NT=collision-induced dissociation;AC=MS:1000133	NT=beam-type collision-induced dissociation;AC=MS:1000422	not available	375m/z-1500m/z	not available	not available	not applicable	NT=TMT6plex;AC=UNIMOD:737;MT=fixed;PP=Any N-term	NT=TMT6plex;AC=UNIMOD:737;MT=fixed;TA=K;PP=Anywhere	NT=Oxidation;AC=UNIMOD:35;MT=variable;TA=M;PP=Anywhere	NT=Acetyl;AC=UNIMOD:1;MT=variable;PP=Protein N-term	v3.0.0	ms-proteomics v1.1.0	vertebrates v1.1.0	single-cell v1.0.0
PXD064518_TMT36_TMT129N	Mus musculus	heart	cardiac muscle cell	not available	cell	single cell	male	not available	adult	not available	not available	not pooled	PXD064518_TMT36_TMT129N	1	manual picking	not available	one cardiomyocyte; channel-to-genotype assignment unavailable	20221019_Ec_01_SC_CNIC-KI_TMT36	proteomic profiling by mass spectrometry	20221019_Ec_01_SC_CNIC-KI_TMT36.raw	ftp://ftp.pride.ebi.ac.uk/pride/data/archive/2026/04/PXD064518/20221019_Ec_01_SC_CNIC-KI_TMT36.raw	TMT129N	1	1	NT=Orbitrap Eclipse;AC=MS:1003029	NT=Data-dependent acquisition;AC=PRIDE:0000627	NT=Trypsin;AC=MS:1001251	TMT131	not applicable	TMT36	NT=collision-induced dissociation;AC=MS:1000133	NT=beam-type collision-induced dissociation;AC=MS:1000422	not available	375m/z-1500m/z	not available	not available	not applicable	NT=TMT6plex;AC=UNIMOD:737;MT=fixed;PP=Any N-term	NT=TMT6plex;AC=UNIMOD:737;MT=fixed;TA=K;PP=Anywhere	NT=Oxidation;AC=UNIMOD:35;MT=variable;TA=M;PP=Anywhere	NT=Acetyl;AC=UNIMOD:1;MT=variable;PP=Protein N-term	v3.0.0	ms-proteomics v1.1.0	vertebrates v1.1.0	single-cell v1.0.0
PXD064518_TMT36_TMT129C	Mus musculus	heart	cardiac muscle cell	not available	cell	single cell	male	not available	adult	not available	not available	not pooled	PXD064518_TMT36_TMT129C	1	manual picking	not available	one cardiomyocyte; channel-to-genotype assignment unavailable	20221019_Ec_01_SC_CNIC-KI_TMT36	proteomic profiling by mass spectrometry	20221019_Ec_01_SC_CNIC-KI_TMT36.raw	ftp://ftp.pride.ebi.ac.uk/pride/data/archive/2026/04/PXD064518/20221019_Ec_01_SC_CNIC-KI_TMT36.raw	TMT129C	1	1	NT=Orbitrap Eclipse;AC=MS:1003029	NT=Data-dependent acquisition;AC=PRIDE:0000627	NT=Trypsin;AC=MS:1001251	TMT131	not applicable	TMT36	NT=collision-induced dissociation;AC=MS:1000133	NT=beam-type collision-induced dissociation;AC=MS:1000422	not available	375m/z-1500m/z	not available	not available	not applicable	NT=TMT6plex;AC=UNIMOD:737;MT=fixed;PP=Any N-term	NT=TMT6plex;AC=UNIMOD:737;MT=fixed;TA=K;PP=Anywhere	NT=Oxidation;AC=UNIMOD:35;MT=variable;TA=M;PP=Anywhere	NT=Acetyl;AC=UNIMOD:1;MT=variable;PP=Protein N-term	v3.0.0	ms-proteomics v1.1.0	vertebrates v1.1.0	single-cell v1.0.0
PXD064518_TMT36_TMT130C	Mus musculus	heart	cardiac muscle cell	not available	cell	single cell	male	not available	adult	not available	not available	not pooled	PXD064518_TMT36_TMT130C	1	manual picking	not available	one cardiomyocyte; channel-to-genotype assignment unavailable	20221019_Ec_01_SC_CNIC-KI_TMT36	proteomic profiling by mass spectrometry	20221019_Ec_01_SC_CNIC-KI_TMT36.raw	ftp://ftp.pride.ebi.ac.uk/pride/data/archive/2026/04/PXD064518/20221019_Ec_01_SC_CNIC-KI_TMT36.raw	TMT130C	1	1	NT=Orbitrap Eclipse;AC=MS:1003029	NT=Data-dependent acquisition;AC=PRIDE:0000627	NT=Trypsin;AC=MS:1001251	TMT131	not applicable	TMT36	NT=collision-induced dissociation;AC=MS:1000133	NT=beam-type collision-induced dissociation;AC=MS:1000422	not available	375m/z-1500m/z	not available	not available	not applicable	NT=TMT6plex;AC=UNIMOD:737;MT=fixed;PP=Any N-term	NT=TMT6plex;AC=UNIMOD:737;MT=fixed;TA=K;PP=Anywhere	NT=Oxidation;AC=UNIMOD:35;MT=variable;TA=M;PP=Anywhere	NT=Acetyl;AC=UNIMOD:1;MT=variable;PP=Protein N-term	v3.0.0	ms-proteomics v1.1.0	vertebrates v1.1.0	single-cell v1.0.0
PXD064518_TMT36_TMT131	Mus musculus	heart	cardiac muscle cell	not available	cell	carrier	male	not available	adult	not available	pooled	pooled	not applicable	200	not available	mixed control and Myc-overexpressing cardiomyocytes	100 control plus 100 Myc-overexpressing cardiomyocytes	20221019_Ec_01_SC_CNIC-KI_TMT36	proteomic profiling by mass spectrometry	20221019_Ec_01_SC_CNIC-KI_TMT36.raw	ftp://ftp.pride.ebi.ac.uk/pride/data/archive/2026/04/PXD064518/20221019_Ec_01_SC_CNIC-KI_TMT36.raw	TMT131	1	1	NT=Orbitrap Eclipse;AC=MS:1003029	NT=Data-dependent acquisition;AC=PRIDE:0000627	NT=Trypsin;AC=MS:1001251	TMT131	not applicable	TMT36	NT=collision-induced dissociation;AC=MS:1000133	NT=beam-type collision-induced dissociation;AC=MS:1000422	not available	375m/z-1500m/z	not available	not available	not applicable	NT=TMT6plex;AC=UNIMOD:737;MT=fixed;PP=Any N-term	NT=TMT6plex;AC=UNIMOD:737;MT=fixed;TA=K;PP=Anywhere	NT=Oxidation;AC=UNIMOD:35;MT=variable;TA=M;PP=Anywhere	NT=Acetyl;AC=UNIMOD:1;MT=variable;PP=Protein N-term	v3.0.0	ms-proteomics v1.1.0	vertebrates v1.1.0	single-cell v1.0.0
PXD064518_TMT37_TMT126	Mus musculus	heart	cardiac muscle cell	not available	cell	single cell	male	not available	adult	not available	not available	not pooled	PXD064518_TMT37_TMT126	1	manual picking	not available	one cardiomyocyte; channel-to-genotype assignment unavailable	20221019_Ec_01_SC_CNIC-KI_TMT37	proteomic profiling by mass spectrometry	20221019_Ec_01_SC_CNIC-KI_TMT37.raw	ftp://ftp.pride.ebi.ac.uk/pride/data/archive/2026/04/PXD064518/20221019_Ec_01_SC_CNIC-KI_TMT37.raw	TMT126	1	1	NT=Orbitrap Eclipse;AC=MS:1003029	NT=Data-dependent acquisition;AC=PRIDE:0000627	NT=Trypsin;AC=MS:1001251	TMT131	not applicable	TMT37	NT=collision-induced dissociation;AC=MS:1000133	NT=beam-type collision-induced dissociation;AC=MS:1000422	not available	375m/z-1500m/z	not available	not available	not applicable	NT=TMT6plex;AC=UNIMOD:737;MT=fixed;PP=Any N-term	NT=TMT6plex;AC=UNIMOD:737;MT=fixed;TA=K;PP=Anywhere	NT=Oxidation;AC=UNIMOD:35;MT=variable;TA=M;PP=Anywhere	NT=Acetyl;AC=UNIMOD:1;MT=variable;PP=Protein N-term	v3.0.0	ms-proteomics v1.1.0	vertebrates v1.1.0	single-cell v1.0.0
PXD064518_TMT37_TMT127N	Mus musculus	heart	cardiac muscle cell	not available	cell	single cell	male	not available	adult	not available	not available	not pooled	PXD064518_TMT37_TMT127N	1	manual picking	not available	one cardiomyocyte; channel-to-genotype assignment unavailable	20221019_Ec_01_SC_CNIC-KI_TMT37	proteomic profiling by mass spectrometry	20221019_Ec_01_SC_CNIC-KI_TMT37.raw	ftp://ftp.pride.ebi.ac.uk/pride/data/archive/2026/04/PXD064518/20221019_Ec_01_SC_CNIC-KI_TMT37.raw	TMT127N	1	1	NT=Orbitrap Eclipse;AC=MS:1003029	NT=Data-dependent acquisition;AC=PRIDE:0000627	NT=Trypsin;AC=MS:1001251	TMT131	not applicable	TMT37	NT=collision-induced dissociation;AC=MS:1000133	NT=beam-type collision-induced dissociation;AC=MS:1000422	not available	375m/z-1500m/z	not available	not available	not applicable	NT=TMT6plex;AC=UNIMOD:737;MT=fixed;PP=Any N-term	NT=TMT6plex;AC=UNIMOD:737;MT=fixed;TA=K;PP=Anywhere	NT=Oxidation;AC=UNIMOD:35;MT=variable;TA=M;PP=Anywhere	NT=Acetyl;AC=UNIMOD:1;MT=variable;PP=Protein N-term	v3.0.0	ms-proteomics v1.1.0	vertebrates v1.1.0	single-cell v1.0.0
PXD064518_TMT37_TMT127C	Mus musculus	heart	cardiac muscle cell	not available	cell	single cell	male	not available	adult	not available	not available	not pooled	PXD064518_TMT37_TMT127C	1	manual picking	not available	one cardiomyocyte; channel-to-genotype assignment unavailable	20221019_Ec_01_SC_CNIC-KI_TMT37	proteomic profiling by mass spectrometry	20221019_Ec_01_SC_CNIC-KI_TMT37.raw	ftp://ftp.pride.ebi.ac.uk/pride/data/archive/2026/04/PXD064518/20221019_Ec_01_SC_CNIC-KI_TMT37.raw	TMT127C	1	1	NT=Orbitrap Eclipse;AC=MS:1003029	NT=Data-dependent acquisition;AC=PRIDE:0000627	NT=Trypsin;AC=MS:1001251	TMT131	not applicable	TMT37	NT=collision-induced dissociation;AC=MS:1000133	NT=beam-type collision-induced dissociation;AC=MS:1000422	not available	375m/z-1500m/z	not available	not available	not applicable	NT=TMT6plex;AC=UNIMOD:737;MT=fixed;PP=Any N-term	NT=TMT6plex;AC=UNIMOD:737;MT=fixed;TA=K;PP=Anywhere	NT=Oxidation;AC=UNIMOD:35;MT=variable;TA=M;PP=Anywhere	NT=Acetyl;AC=UNIMOD:1;MT=variable;PP=Protein N-term	v3.0.0	ms-proteomics v1.1.0	vertebrates v1.1.0	single-cell v1.0.0
PXD064518_TMT37_TMT128N	Mus musculus	heart	cardiac muscle cell	not available	cell	single cell	male	not available	adult	not available	not available	not pooled	PXD064518_TMT37_TMT128N	1	manual picking	not available	one cardiomyocyte; channel-to-genotype assignment unavailable	20221019_Ec_01_SC_CNIC-KI_TMT37	proteomic profiling by mass spectrometry	20221019_Ec_01_SC_CNIC-KI_TMT37.raw	ftp://ftp.pride.ebi.ac.uk/pride/data/archive/2026/04/PXD064518/20221019_Ec_01_SC_CNIC-KI_TMT37.raw	TMT128N	1	1	NT=Orbitrap Eclipse;AC=MS:1003029	NT=Data-dependent acquisition;AC=PRIDE:0000627	NT=Trypsin;AC=MS:1001251	TMT131	not applicable	TMT37	NT=collision-induced dissociation;AC=MS:1000133	NT=beam-type collision-induced dissociation;AC=MS:1000422	not available	375m/z-1500m/z	not available	not available	not applicable	NT=TMT6plex;AC=UNIMOD:737;MT=fixed;PP=Any N-term	NT=TMT6plex;AC=UNIMOD:737;MT=fixed;TA=K;PP=Anywhere	NT=Oxidation;AC=UNIMOD:35;MT=variable;TA=M;PP=Anywhere	NT=Acetyl;AC=UNIMOD:1;MT=variable;PP=Protein N-term	v3.0.0	ms-proteomics v1.1.0	vertebrates v1.1.0	single-cell v1.0.0
PXD064518_TMT37_TMT128C	Mus musculus	heart	cardiac muscle cell	not available	cell	single cell	male	not available	adult	not available	not available	not pooled	PXD064518_TMT37_TMT128C	1	manual picking	not available	one cardiomyocyte; channel-to-genotype assignment unavailable	20221019_Ec_01_SC_CNIC-KI_TMT37	proteomic profiling by mass spectrometry	20221019_Ec_01_SC_CNIC-KI_TMT37.raw	ftp://ftp.pride.ebi.ac.uk/pride/data/archive/2026/04/PXD064518/20221019_Ec_01_SC_CNIC-KI_TMT37.raw	TMT128C	1	1	NT=Orbitrap Eclipse;AC=MS:1003029	NT=Data-dependent acquisition;AC=PRIDE:0000627	NT=Trypsin;AC=MS:1001251	TMT131	not applicable	TMT37	NT=collision-induced dissociation;AC=MS:1000133	NT=beam-type collision-induced dissociation;AC=MS:1000422	not available	375m/z-1500m/z	not available	not available	not applicable	NT=TMT6plex;AC=UNIMOD:737;MT=fixed;PP=Any N-term	NT=TMT6plex;AC=UNIMOD:737;MT=fixed;TA=K;PP=Anywhere	NT=Oxidation;AC=UNIMOD:35;MT=variable;TA=M;PP=Anywhere	NT=Acetyl;AC=UNIMOD:1;MT=variable;PP=Protein N-term	v3.0.0	ms-proteomics v1.1.0	vertebrates v1.1.0	single-cell v1.0.0
PXD064518_TMT37_TMT129N	Mus musculus	heart	cardiac muscle cell	not available	cell	single cell	male	not available	adult	not available	not available	not pooled	PXD064518_TMT37_TMT129N	1	manual picking	not available	one cardiomyocyte; channel-to-genotype assignment unavailable	20221019_Ec_01_SC_CNIC-KI_TMT37	proteomic profiling by mass spectrometry	20221019_Ec_01_SC_CNIC-KI_TMT37.raw	ftp://ftp.pride.ebi.ac.uk/pride/data/archive/2026/04/PXD064518/20221019_Ec_01_SC_CNIC-KI_TMT37.raw	TMT129N	1	1	NT=Orbitrap Eclipse;AC=MS:1003029	NT=Data-dependent acquisition;AC=PRIDE:0000627	NT=Trypsin;AC=MS:1001251	TMT131	not applicable	TMT37	NT=collision-induced dissociation;AC=MS:1000133	NT=beam-type collision-induced dissociation;AC=MS:1000422	not available	375m/z-1500m/z	not available	not available	not applicable	NT=TMT6plex;AC=UNIMOD:737;MT=fixed;PP=Any N-term	NT=TMT6plex;AC=UNIMOD:737;MT=fixed;TA=K;PP=Anywhere	NT=Oxidation;AC=UNIMOD:35;MT=variable;TA=M;PP=Anywhere	NT=Acetyl;AC=UNIMOD:1;MT=variable;PP=Protein N-term	v3.0.0	ms-proteomics v1.1.0	vertebrates v1.1.0	single-cell v1.0.0
PXD064518_TMT37_TMT129C	Mus musculus	heart	cardiac muscle cell	not available	cell	single cell	male	not available	adult	not available	not available	not pooled	PXD064518_TMT37_TMT129C	1	manual picking	not available	one cardiomyocyte; channel-to-genotype assignment unavailable	20221019_Ec_01_SC_CNIC-KI_TMT37	proteomic profiling by mass spectrometry	20221019_Ec_01_SC_CNIC-KI_TMT37.raw	ftp://ftp.pride.ebi.ac.uk/pride/data/archive/2026/04/PXD064518/20221019_Ec_01_SC_CNIC-KI_TMT37.raw	TMT129C	1	1	NT=Orbitrap Eclipse;AC=MS:1003029	NT=Data-dependent acquisition;AC=PRIDE:0000627	NT=Trypsin;AC=MS:1001251	TMT131	not applicable	TMT37	NT=collision-induced dissociation;AC=MS:1000133	NT=beam-type collision-induced dissociation;AC=MS:1000422	not available	375m/z-1500m/z	not available	not available	not applicable	NT=TMT6plex;AC=UNIMOD:737;MT=fixed;PP=Any N-term	NT=TMT6plex;AC=UNIMOD:737;MT=fixed;TA=K;PP=Anywhere	NT=Oxidation;AC=UNIMOD:35;MT=variable;TA=M;PP=Anywhere	NT=Acetyl;AC=UNIMOD:1;MT=variable;PP=Protein N-term	v3.0.0	ms-proteomics v1.1.0	vertebrates v1.1.0	single-cell v1.0.0
PXD064518_TMT37_TMT130C	Mus musculus	heart	cardiac muscle cell	not available	cell	single cell	male	not available	adult	not available	not available	not pooled	PXD064518_TMT37_TMT130C	1	manual picking	not available	one cardiomyocyte; channel-to-genotype assignment unavailable	20221019_Ec_01_SC_CNIC-KI_TMT37	proteomic profiling by mass spectrometry	20221019_Ec_01_SC_CNIC-KI_TMT37.raw	ftp://ftp.pride.ebi.ac.uk/pride/data/archive/2026/04/PXD064518/20221019_Ec_01_SC_CNIC-KI_TMT37.raw	TMT130C	1	1	NT=Orbitrap Eclipse;AC=MS:1003029	NT=Data-dependent acquisition;AC=PRIDE:0000627	NT=Trypsin;AC=MS:1001251	TMT131	not applicable	TMT37	NT=collision-induced dissociation;AC=MS:1000133	NT=beam-type collision-induced dissociation;AC=MS:1000422	not available	375m/z-1500m/z	not available	not available	not applicable	NT=TMT6plex;AC=UNIMOD:737;MT=fixed;PP=Any N-term	NT=TMT6plex;AC=UNIMOD:737;MT=fixed;TA=K;PP=Anywhere	NT=Oxidation;AC=UNIMOD:35;MT=variable;TA=M;PP=Anywhere	NT=Acetyl;AC=UNIMOD:1;MT=variable;PP=Protein N-term	v3.0.0	ms-proteomics v1.1.0	vertebrates v1.1.0	single-cell v1.0.0
PXD064518_TMT37_TMT131	Mus musculus	heart	cardiac muscle cell	not available	cell	carrier	male	not available	adult	not available	pooled	pooled	not applicable	200	not available	mixed control and Myc-overexpressing cardiomyocytes	100 control plus 100 Myc-overexpressing cardiomyocytes	20221019_Ec_01_SC_CNIC-KI_TMT37	proteomic profiling by mass spectrometry	20221019_Ec_01_SC_CNIC-KI_TMT37.raw	ftp://ftp.pride.ebi.ac.uk/pride/data/archive/2026/04/PXD064518/20221019_Ec_01_SC_CNIC-KI_TMT37.raw	TMT131	1	1	NT=Orbitrap Eclipse;AC=MS:1003029	NT=Data-dependent acquisition;AC=PRIDE:0000627	NT=Trypsin;AC=MS:1001251	TMT131	not applicable	TMT37	NT=collision-induced dissociation;AC=MS:1000133	NT=beam-type collision-induced dissociation;AC=MS:1000422	not available	375m/z-1500m/z	not available	not available	not applicable	NT=TMT6plex;AC=UNIMOD:737;MT=fixed;PP=Any N-term	NT=TMT6plex;AC=UNIMOD:737;MT=fixed;TA=K;PP=Anywhere	NT=Oxidation;AC=UNIMOD:35;MT=variable;TA=M;PP=Anywhere	NT=Acetyl;AC=UNIMOD:1;MT=variable;PP=Protein N-term	v3.0.0	ms-proteomics v1.1.0	vertebrates v1.1.0	single-cell v1.0.0
PXD064518_TMT38_TMT126	Mus musculus	heart	cardiac muscle cell	not available	cell	single cell	male	not available	adult	not available	not available	not pooled	PXD064518_TMT38_TMT126	1	manual picking	not available	one cardiomyocyte; channel-to-genotype assignment unavailable	20221019_Ec_01_SC_CNIC-KI_TMT38	proteomic profiling by mass spectrometry	20221019_Ec_01_SC_CNIC-KI_TMT38.raw	ftp://ftp.pride.ebi.ac.uk/pride/data/archive/2026/04/PXD064518/20221019_Ec_01_SC_CNIC-KI_TMT38.raw	TMT126	1	1	NT=Orbitrap Eclipse;AC=MS:1003029	NT=Data-dependent acquisition;AC=PRIDE:0000627	NT=Trypsin;AC=MS:1001251	TMT131	not applicable	TMT38	NT=collision-induced dissociation;AC=MS:1000133	NT=beam-type collision-induced dissociation;AC=MS:1000422	not available	375m/z-1500m/z	not available	not available	not applicable	NT=TMT6plex;AC=UNIMOD:737;MT=fixed;PP=Any N-term	NT=TMT6plex;AC=UNIMOD:737;MT=fixed;TA=K;PP=Anywhere	NT=Oxidation;AC=UNIMOD:35;MT=variable;TA=M;PP=Anywhere	NT=Acetyl;AC=UNIMOD:1;MT=variable;PP=Protein N-term	v3.0.0	ms-proteomics v1.1.0	vertebrates v1.1.0	single-cell v1.0.0
PXD064518_TMT38_TMT127N	Mus musculus	heart	cardiac muscle cell	not available	cell	single cell	male	not available	adult	not available	not available	not pooled	PXD064518_TMT38_TMT127N	1	manual picking	not available	one cardiomyocyte; channel-to-genotype assignment unavailable	20221019_Ec_01_SC_CNIC-KI_TMT38	proteomic profiling by mass spectrometry	20221019_Ec_01_SC_CNIC-KI_TMT38.raw	ftp://ftp.pride.ebi.ac.uk/pride/data/archive/2026/04/PXD064518/20221019_Ec_01_SC_CNIC-KI_TMT38.raw	TMT127N	1	1	NT=Orbitrap Eclipse;AC=MS:1003029	NT=Data-dependent acquisition;AC=PRIDE:0000627	NT=Trypsin;AC=MS:1001251	TMT131	not applicable	TMT38	NT=collision-induced dissociation;AC=MS:1000133	NT=beam-type collision-induced dissociation;AC=MS:1000422	not available	375m/z-1500m/z	not available	not available	not applicable	NT=TMT6plex;AC=UNIMOD:737;MT=fixed;PP=Any N-term	NT=TMT6plex;AC=UNIMOD:737;MT=fixed;TA=K;PP=Anywhere	NT=Oxidation;AC=UNIMOD:35;MT=variable;TA=M;PP=Anywhere	NT=Acetyl;AC=UNIMOD:1;MT=variable;PP=Protein N-term	v3.0.0	ms-proteomics v1.1.0	vertebrates v1.1.0	single-cell v1.0.0
PXD064518_TMT38_TMT127C	Mus musculus	heart	cardiac muscle cell	not available	cell	single cell	male	not available	adult	not available	not available	not pooled	PXD064518_TMT38_TMT127C	1	manual picking	not available	one cardiomyocyte; channel-to-genotype assignment unavailable	20221019_Ec_01_SC_CNIC-KI_TMT38	proteomic profiling by mass spectrometry	20221019_Ec_01_SC_CNIC-KI_TMT38.raw	ftp://ftp.pride.ebi.ac.uk/pride/data/archive/2026/04/PXD064518/20221019_Ec_01_SC_CNIC-KI_TMT38.raw	TMT127C	1	1	NT=Orbitrap Eclipse;AC=MS:1003029	NT=Data-dependent acquisition;AC=PRIDE:0000627	NT=Trypsin;AC=MS:1001251	TMT131	not applicable	TMT38	NT=collision-induced dissociation;AC=MS:1000133	NT=beam-type collision-induced dissociation;AC=MS:1000422	not available	375m/z-1500m/z	not available	not available	not applicable	NT=TMT6plex;AC=UNIMOD:737;MT=fixed;PP=Any N-term	NT=TMT6plex;AC=UNIMOD:737;MT=fixed;TA=K;PP=Anywhere	NT=Oxidation;AC=UNIMOD:35;MT=variable;TA=M;PP=Anywhere	NT=Acetyl;AC=UNIMOD:1;MT=variable;PP=Protein N-term	v3.0.0	ms-proteomics v1.1.0	vertebrates v1.1.0	single-cell v1.0.0
PXD064518_TMT38_TMT128N	Mus musculus	heart	cardiac muscle cell	not available	cell	single cell	male	not available	adult	not available	not available	not pooled	PXD064518_TMT38_TMT128N	1	manual picking	not available	one cardiomyocyte; channel-to-genotype assignment unavailable	20221019_Ec_01_SC_CNIC-KI_TMT38	proteomic profiling by mass spectrometry	20221019_Ec_01_SC_CNIC-KI_TMT38.raw	ftp://ftp.pride.ebi.ac.uk/pride/data/archive/2026/04/PXD064518/20221019_Ec_01_SC_CNIC-KI_TMT38.raw	TMT128N	1	1	NT=Orbitrap Eclipse;AC=MS:1003029	NT=Data-dependent acquisition;AC=PRIDE:0000627	NT=Trypsin;AC=MS:1001251	TMT131	not applicable	TMT38	NT=collision-induced dissociation;AC=MS:1000133	NT=beam-type collision-induced dissociation;AC=MS:1000422	not available	375m/z-1500m/z	not available	not available	not applicable	NT=TMT6plex;AC=UNIMOD:737;MT=fixed;PP=Any N-term	NT=TMT6plex;AC=UNIMOD:737;MT=fixed;TA=K;PP=Anywhere	NT=Oxidation;AC=UNIMOD:35;MT=variable;TA=M;PP=Anywhere	NT=Acetyl;AC=UNIMOD:1;MT=variable;PP=Protein N-term	v3.0.0	ms-proteomics v1.1.0	vertebrates v1.1.0	single-cell v1.0.0
PXD064518_TMT38_TMT128C	Mus musculus	heart	cardiac muscle cell	not available	cell	single cell	male	not available	adult	not available	not available	not pooled	PXD064518_TMT38_TMT128C	1	manual picking	not available	one cardiomyocyte; channel-to-genotype assignment unavailable	20221019_Ec_01_SC_CNIC-KI_TMT38	proteomic profiling by mass spectrometry	20221019_Ec_01_SC_CNIC-KI_TMT38.raw	ftp://ftp.pride.ebi.ac.uk/pride/data/archive/2026/04/PXD064518/20221019_Ec_01_SC_CNIC-KI_TMT38.raw	TMT128C	1	1	NT=Orbitrap Eclipse;AC=MS:1003029	NT=Data-dependent acquisition;AC=PRIDE:0000627	NT=Trypsin;AC=MS:1001251	TMT131	not applicable	TMT38	NT=collision-induced dissociation;AC=MS:1000133	NT=beam-type collision-induced dissociation;AC=MS:1000422	not available	375m/z-1500m/z	not available	not available	not applicable	NT=TMT6plex;AC=UNIMOD:737;MT=fixed;PP=Any N-term	NT=TMT6plex;AC=UNIMOD:737;MT=fixed;TA=K;PP=Anywhere	NT=Oxidation;AC=UNIMOD:35;MT=variable;TA=M;PP=Anywhere	NT=Acetyl;AC=UNIMOD:1;MT=variable;PP=Protein N-term	v3.0.0	ms-proteomics v1.1.0	vertebrates v1.1.0	single-cell v1.0.0
PXD064518_TMT38_TMT129N	Mus musculus	heart	cardiac muscle cell	not available	cell	single cell	male	not available	adult	not available	not available	not pooled	PXD064518_TMT38_TMT129N	1	manual picking	not available	one cardiomyocyte; channel-to-genotype assignment unavailable	20221019_Ec_01_SC_CNIC-KI_TMT38	proteomic profiling by mass spectrometry	20221019_Ec_01_SC_CNIC-KI_TMT38.raw	ftp://ftp.pride.ebi.ac.uk/pride/data/archive/2026/04/PXD064518/20221019_Ec_01_SC_CNIC-KI_TMT38.raw	TMT129N	1	1	NT=Orbitrap Eclipse;AC=MS:1003029	NT=Data-dependent acquisition;AC=PRIDE:0000627	NT=Trypsin;AC=MS:1001251	TMT131	not applicable	TMT38	NT=collision-induced dissociation;AC=MS:1000133	NT=beam-type collision-induced dissociation;AC=MS:1000422	not available	375m/z-1500m/z	not available	not available	not applicable	NT=TMT6plex;AC=UNIMOD:737;MT=fixed;PP=Any N-term	NT=TMT6plex;AC=UNIMOD:737;MT=fixed;TA=K;PP=Anywhere	NT=Oxidation;AC=UNIMOD:35;MT=variable;TA=M;PP=Anywhere	NT=Acetyl;AC=UNIMOD:1;MT=variable;PP=Protein N-term	v3.0.0	ms-proteomics v1.1.0	vertebrates v1.1.0	single-cell v1.0.0
PXD064518_TMT38_TMT129C	Mus musculus	heart	cardiac muscle cell	not available	cell	single cell	male	not available	adult	not available	not available	not pooled	PXD064518_TMT38_TMT129C	1	manual picking	not available	one cardiomyocyte; channel-to-genotype assignment unavailable	20221019_Ec_01_SC_CNIC-KI_TMT38	proteomic profiling by mass spectrometry	20221019_Ec_01_SC_CNIC-KI_TMT38.raw	ftp://ftp.pride.ebi.ac.uk/pride/data/archive/2026/04/PXD064518/20221019_Ec_01_SC_CNIC-KI_TMT38.raw	TMT129C	1	1	NT=Orbitrap Eclipse;AC=MS:1003029	NT=Data-dependent acquisition;AC=PRIDE:0000627	NT=Trypsin;AC=MS:1001251	TMT131	not applicable	TMT38	NT=collision-induced dissociation;AC=MS:1000133	NT=beam-type collision-induced dissociation;AC=MS:1000422	not available	375m/z-1500m/z	not available	not available	not applicable	NT=TMT6plex;AC=UNIMOD:737;MT=fixed;PP=Any N-term	NT=TMT6plex;AC=UNIMOD:737;MT=fixed;TA=K;PP=Anywhere	NT=Oxidation;AC=UNIMOD:35;MT=variable;TA=M;PP=Anywhere	NT=Acetyl;AC=UNIMOD:1;MT=variable;PP=Protein N-term	v3.0.0	ms-proteomics v1.1.0	vertebrates v1.1.0	single-cell v1.0.0
PXD064518_TMT38_TMT130C	Mus musculus	heart	cardiac muscle cell	not available	cell	single cell	male	not available	adult	not available	not available	not pooled	PXD064518_TMT38_TMT130C	1	manual picking	not available	one cardiomyocyte; channel-to-genotype assignment unavailable	20221019_Ec_01_SC_CNIC-KI_TMT38	proteomic profiling by mass spectrometry	20221019_Ec_01_SC_CNIC-KI_TMT38.raw	ftp://ftp.pride.ebi.ac.uk/pride/data/archive/2026/04/PXD064518/20221019_Ec_01_SC_CNIC-KI_TMT38.raw	TMT130C	1	1	NT=Orbitrap Eclipse;AC=MS:1003029	NT=Data-dependent acquisition;AC=PRIDE:0000627	NT=Trypsin;AC=MS:1001251	TMT131	not applicable	TMT38	NT=collision-induced dissociation;AC=MS:1000133	NT=beam-type collision-induced dissociation;AC=MS:1000422	not available	375m/z-1500m/z	not available	not available	not applicable	NT=TMT6plex;AC=UNIMOD:737;MT=fixed;PP=Any N-term	NT=TMT6plex;AC=UNIMOD:737;MT=fixed;TA=K;PP=Anywhere	NT=Oxidation;AC=UNIMOD:35;MT=variable;TA=M;PP=Anywhere	NT=Acetyl;AC=UNIMOD:1;MT=variable;PP=Protein N-term	v3.0.0	ms-proteomics v1.1.0	vertebrates v1.1.0	single-cell v1.0.0
PXD064518_TMT38_TMT131	Mus musculus	heart	cardiac muscle cell	not available	cell	carrier	male	not available	adult	not available	pooled	pooled	not applicable	200	not available	mixed control and Myc-overexpressing cardiomyocytes	100 control plus 100 Myc-overexpressing cardiomyocytes	20221019_Ec_01_SC_CNIC-KI_TMT38	proteomic profiling by mass spectrometry	20221019_Ec_01_SC_CNIC-KI_TMT38.raw	ftp://ftp.pride.ebi.ac.uk/pride/data/archive/2026/04/PXD064518/20221019_Ec_01_SC_CNIC-KI_TMT38.raw	TMT131	1	1	NT=Orbitrap Eclipse;AC=MS:1003029	NT=Data-dependent acquisition;AC=PRIDE:0000627	NT=Trypsin;AC=MS:1001251	TMT131	not applicable	TMT38	NT=collision-induced dissociation;AC=MS:1000133	NT=beam-type collision-induced dissociation;AC=MS:1000422	not available	375m/z-1500m/z	not available	not available	not applicable	NT=TMT6plex;AC=UNIMOD:737;MT=fixed;PP=Any N-term	NT=TMT6plex;AC=UNIMOD:737;MT=fixed;TA=K;PP=Anywhere	NT=Oxidation;AC=UNIMOD:35;MT=variable;TA=M;PP=Anywhere	NT=Acetyl;AC=UNIMOD:1;MT=variable;PP=Protein N-term	v3.0.0	ms-proteomics v1.1.0	vertebrates v1.1.0	single-cell v1.0.0
PXD064518_TMT39_TMT126	Mus musculus	heart	cardiac muscle cell	not available	cell	single cell	male	not available	adult	not available	not available	not pooled	PXD064518_TMT39_TMT126	1	manual picking	not available	one cardiomyocyte; channel-to-genotype assignment unavailable	20221019_Ec_01_SC_CNIC-KI_TMT39	proteomic profiling by mass spectrometry	20221019_Ec_01_SC_CNIC-KI_TMT39.raw	ftp://ftp.pride.ebi.ac.uk/pride/data/archive/2026/04/PXD064518/20221019_Ec_01_SC_CNIC-KI_TMT39.raw	TMT126	1	1	NT=Orbitrap Eclipse;AC=MS:1003029	NT=Data-dependent acquisition;AC=PRIDE:0000627	NT=Trypsin;AC=MS:1001251	TMT131	not applicable	TMT39	NT=collision-induced dissociation;AC=MS:1000133	NT=beam-type collision-induced dissociation;AC=MS:1000422	not available	375m/z-1500m/z	not available	not available	not applicable	NT=TMT6plex;AC=UNIMOD:737;MT=fixed;PP=Any N-term	NT=TMT6plex;AC=UNIMOD:737;MT=fixed;TA=K;PP=Anywhere	NT=Oxidation;AC=UNIMOD:35;MT=variable;TA=M;PP=Anywhere	NT=Acetyl;AC=UNIMOD:1;MT=variable;PP=Protein N-term	v3.0.0	ms-proteomics v1.1.0	vertebrates v1.1.0	single-cell v1.0.0
PXD064518_TMT39_TMT127N	Mus musculus	heart	cardiac muscle cell	not available	cell	single cell	male	not available	adult	not available	not available	not pooled	PXD064518_TMT39_TMT127N	1	manual picking	not available	one cardiomyocyte; channel-to-genotype assignment unavailable	20221019_Ec_01_SC_CNIC-KI_TMT39	proteomic profiling by mass spectrometry	20221019_Ec_01_SC_CNIC-KI_TMT39.raw	ftp://ftp.pride.ebi.ac.uk/pride/data/archive/2026/04/PXD064518/20221019_Ec_01_SC_CNIC-KI_TMT39.raw	TMT127N	1	1	NT=Orbitrap Eclipse;AC=MS:1003029	NT=Data-dependent acquisition;AC=PRIDE:0000627	NT=Trypsin;AC=MS:1001251	TMT131	not applicable	TMT39	NT=collision-induced dissociation;AC=MS:1000133	NT=beam-type collision-induced dissociation;AC=MS:1000422	not available	375m/z-1500m/z	not available	not available	not applicable	NT=TMT6plex;AC=UNIMOD:737;MT=fixed;PP=Any N-term	NT=TMT6plex;AC=UNIMOD:737;MT=fixed;TA=K;PP=Anywhere	NT=Oxidation;AC=UNIMOD:35;MT=variable;TA=M;PP=Anywhere	NT=Acetyl;AC=UNIMOD:1;MT=variable;PP=Protein N-term	v3.0.0	ms-proteomics v1.1.0	vertebrates v1.1.0	single-cell v1.0.0
PXD064518_TMT39_TMT127C	Mus musculus	heart	cardiac muscle cell	not available	cell	single cell	male	not available	adult	not available	not available	not pooled	PXD064518_TMT39_TMT127C	1	manual picking	not available	one cardiomyocyte; channel-to-genotype assignment unavailable	20221019_Ec_01_SC_CNIC-KI_TMT39	proteomic profiling by mass spectrometry	20221019_Ec_01_SC_CNIC-KI_TMT39.raw	ftp://ftp.pride.ebi.ac.uk/pride/data/archive/2026/04/PXD064518/20221019_Ec_01_SC_CNIC-KI_TMT39.raw	TMT127C	1	1	NT=Orbitrap Eclipse;AC=MS:1003029	NT=Data-dependent acquisition;AC=PRIDE:0000627	NT=Trypsin;AC=MS:1001251	TMT131	not applicable	TMT39	NT=collision-induced dissociation;AC=MS:1000133	NT=beam-type collision-induced dissociation;AC=MS:1000422	not available	375m/z-1500m/z	not available	not available	not applicable	NT=TMT6plex;AC=UNIMOD:737;MT=fixed;PP=Any N-term	NT=TMT6plex;AC=UNIMOD:737;MT=fixed;TA=K;PP=Anywhere	NT=Oxidation;AC=UNIMOD:35;MT=variable;TA=M;PP=Anywhere	NT=Acetyl;AC=UNIMOD:1;MT=variable;PP=Protein N-term	v3.0.0	ms-proteomics v1.1.0	vertebrates v1.1.0	single-cell v1.0.0
PXD064518_TMT39_TMT128N	Mus musculus	heart	cardiac muscle cell	not available	cell	single cell	male	not available	adult	not available	not available	not pooled	PXD064518_TMT39_TMT128N	1	manual picking	not available	one cardiomyocyte; channel-to-genotype assignment unavailable	20221019_Ec_01_SC_CNIC-KI_TMT39	proteomic profiling by mass spectrometry	20221019_Ec_01_SC_CNIC-KI_TMT39.raw	ftp://ftp.pride.ebi.ac.uk/pride/data/archive/2026/04/PXD064518/20221019_Ec_01_SC_CNIC-KI_TMT39.raw	TMT128N	1	1	NT=Orbitrap Eclipse;AC=MS:1003029	NT=Data-dependent acquisition;AC=PRIDE:0000627	NT=Trypsin;AC=MS:1001251	TMT131	not applicable	TMT39	NT=collision-induced dissociation;AC=MS:1000133	NT=beam-type collision-induced dissociation;AC=MS:1000422	not available	375m/z-1500m/z	not available	not available	not applicable	NT=TMT6plex;AC=UNIMOD:737;MT=fixed;PP=Any N-term	NT=TMT6plex;AC=UNIMOD:737;MT=fixed;TA=K;PP=Anywhere	NT=Oxidation;AC=UNIMOD:35;MT=variable;TA=M;PP=Anywhere	NT=Acetyl;AC=UNIMOD:1;MT=variable;PP=Protein N-term	v3.0.0	ms-proteomics v1.1.0	vertebrates v1.1.0	single-cell v1.0.0
PXD064518_TMT39_TMT128C	Mus musculus	heart	cardiac muscle cell	not available	cell	single cell	male	not available	adult	not available	not available	not pooled	PXD064518_TMT39_TMT128C	1	manual picking	not available	one cardiomyocyte; channel-to-genotype assignment unavailable	20221019_Ec_01_SC_CNIC-KI_TMT39	proteomic profiling by mass spectrometry	20221019_Ec_01_SC_CNIC-KI_TMT39.raw	ftp://ftp.pride.ebi.ac.uk/pride/data/archive/2026/04/PXD064518/20221019_Ec_01_SC_CNIC-KI_TMT39.raw	TMT128C	1	1	NT=Orbitrap Eclipse;AC=MS:1003029	NT=Data-dependent acquisition;AC=PRIDE:0000627	NT=Trypsin;AC=MS:1001251	TMT131	not applicable	TMT39	NT=collision-induced dissociation;AC=MS:1000133	NT=beam-type collision-induced dissociation;AC=MS:1000422	not available	375m/z-1500m/z	not available	not available	not applicable	NT=TMT6plex;AC=UNIMOD:737;MT=fixed;PP=Any N-term	NT=TMT6plex;AC=UNIMOD:737;MT=fixed;TA=K;PP=Anywhere	NT=Oxidation;AC=UNIMOD:35;MT=variable;TA=M;PP=Anywhere	NT=Acetyl;AC=UNIMOD:1;MT=variable;PP=Protein N-term	v3.0.0	ms-proteomics v1.1.0	vertebrates v1.1.0	single-cell v1.0.0
PXD064518_TMT39_TMT129N	Mus musculus	heart	cardiac muscle cell	not available	cell	single cell	male	not available	adult	not available	not available	not pooled	PXD064518_TMT39_TMT129N	1	manual picking	not available	one cardiomyocyte; channel-to-genotype assignment unavailable	20221019_Ec_01_SC_CNIC-KI_TMT39	proteomic profiling by mass spectrometry	20221019_Ec_01_SC_CNIC-KI_TMT39.raw	ftp://ftp.pride.ebi.ac.uk/pride/data/archive/2026/04/PXD064518/20221019_Ec_01_SC_CNIC-KI_TMT39.raw	TMT129N	1	1	NT=Orbitrap Eclipse;AC=MS:1003029	NT=Data-dependent acquisition;AC=PRIDE:0000627	NT=Trypsin;AC=MS:1001251	TMT131	not applicable	TMT39	NT=collision-induced dissociation;AC=MS:1000133	NT=beam-type collision-induced dissociation;AC=MS:1000422	not available	375m/z-1500m/z	not available	not available	not applicable	NT=TMT6plex;AC=UNIMOD:737;MT=fixed;PP=Any N-term	NT=TMT6plex;AC=UNIMOD:737;MT=fixed;TA=K;PP=Anywhere	NT=Oxidation;AC=UNIMOD:35;MT=variable;TA=M;PP=Anywhere	NT=Acetyl;AC=UNIMOD:1;MT=variable;PP=Protein N-term	v3.0.0	ms-proteomics v1.1.0	vertebrates v1.1.0	single-cell v1.0.0
PXD064518_TMT39_TMT129C	Mus musculus	heart	cardiac muscle cell	not available	cell	single cell	male	not available	adult	not available	not available	not pooled	PXD064518_TMT39_TMT129C	1	manual picking	not available	one cardiomyocyte; channel-to-genotype assignment unavailable	20221019_Ec_01_SC_CNIC-KI_TMT39	proteomic profiling by mass spectrometry	20221019_Ec_01_SC_CNIC-KI_TMT39.raw	ftp://ftp.pride.ebi.ac.uk/pride/data/archive/2026/04/PXD064518/20221019_Ec_01_SC_CNIC-KI_TMT39.raw	TMT129C	1	1	NT=Orbitrap Eclipse;AC=MS:1003029	NT=Data-dependent acquisition;AC=PRIDE:0000627	NT=Trypsin;AC=MS:1001251	TMT131	not applicable	TMT39	NT=collision-induced dissociation;AC=MS:1000133	NT=beam-type collision-induced dissociation;AC=MS:1000422	not available	375m/z-1500m/z	not available	not available	not applicable	NT=TMT6plex;AC=UNIMOD:737;MT=fixed;PP=Any N-term	NT=TMT6plex;AC=UNIMOD:737;MT=fixed;TA=K;PP=Anywhere	NT=Oxidation;AC=UNIMOD:35;MT=variable;TA=M;PP=Anywhere	NT=Acetyl;AC=UNIMOD:1;MT=variable;PP=Protein N-term	v3.0.0	ms-proteomics v1.1.0	vertebrates v1.1.0	single-cell v1.0.0
PXD064518_TMT39_TMT130C	Mus musculus	heart	cardiac muscle cell	not available	cell	single cell	male	not available	adult	not available	not available	not pooled	PXD064518_TMT39_TMT130C	1	manual picking	not available	one cardiomyocyte; channel-to-genotype assignment unavailable	20221019_Ec_01_SC_CNIC-KI_TMT39	proteomic profiling by mass spectrometry	20221019_Ec_01_SC_CNIC-KI_TMT39.raw	ftp://ftp.pride.ebi.ac.uk/pride/data/archive/2026/04/PXD064518/20221019_Ec_01_SC_CNIC-KI_TMT39.raw	TMT130C	1	1	NT=Orbitrap Eclipse;AC=MS:1003029	NT=Data-dependent acquisition;AC=PRIDE:0000627	NT=Trypsin;AC=MS:1001251	TMT131	not applicable	TMT39	NT=collision-induced dissociation;AC=MS:1000133	NT=beam-type collision-induced dissociation;AC=MS:1000422	not available	375m/z-1500m/z	not available	not available	not applicable	NT=TMT6plex;AC=UNIMOD:737;MT=fixed;PP=Any N-term	NT=TMT6plex;AC=UNIMOD:737;MT=fixed;TA=K;PP=Anywhere	NT=Oxidation;AC=UNIMOD:35;MT=variable;TA=M;PP=Anywhere	NT=Acetyl;AC=UNIMOD:1;MT=variable;PP=Protein N-term	v3.0.0	ms-proteomics v1.1.0	vertebrates v1.1.0	single-cell v1.0.0
PXD064518_TMT39_TMT131	Mus musculus	heart	cardiac muscle cell	not available	cell	carrier	male	not available	adult	not available	pooled	pooled	not applicable	200	not available	mixed control and Myc-overexpressing cardiomyocytes	100 control plus 100 Myc-overexpressing cardiomyocytes	20221019_Ec_01_SC_CNIC-KI_TMT39	proteomic profiling by mass spectrometry	20221019_Ec_01_SC_CNIC-KI_TMT39.raw	ftp://ftp.pride.ebi.ac.uk/pride/data/archive/2026/04/PXD064518/20221019_Ec_01_SC_CNIC-KI_TMT39.raw	TMT131	1	1	NT=Orbitrap Eclipse;AC=MS:1003029	NT=Data-dependent acquisition;AC=PRIDE:0000627	NT=Trypsin;AC=MS:1001251	TMT131	not applicable	TMT39	NT=collision-induced dissociation;AC=MS:1000133	NT=beam-type collision-induced dissociation;AC=MS:1000422	not available	375m/z-1500m/z	not available	not available	not applicable	NT=TMT6plex;AC=UNIMOD:737;MT=fixed;PP=Any N-term	NT=TMT6plex;AC=UNIMOD:737;MT=fixed;TA=K;PP=Anywhere	NT=Oxidation;AC=UNIMOD:35;MT=variable;TA=M;PP=Anywhere	NT=Acetyl;AC=UNIMOD:1;MT=variable;PP=Protein N-term	v3.0.0	ms-proteomics v1.1.0	vertebrates v1.1.0	single-cell v1.0.0
PXD064518_TMT4_TMT126	Mus musculus	heart	cardiac muscle cell	not available	cell	single cell	male	not available	adult	not available	not available	not pooled	PXD064518_TMT4_TMT126	1	manual picking	not available	one cardiomyocyte; channel-to-genotype assignment unavailable	20221019_Ec_01_SC_CNIC-KI_TMT4	proteomic profiling by mass spectrometry	20221019_Ec_01_SC_CNIC-KI_TMT4.raw	ftp://ftp.pride.ebi.ac.uk/pride/data/archive/2026/04/PXD064518/20221019_Ec_01_SC_CNIC-KI_TMT4.raw	TMT126	1	1	NT=Orbitrap Eclipse;AC=MS:1003029	NT=Data-dependent acquisition;AC=PRIDE:0000627	NT=Trypsin;AC=MS:1001251	TMT131	not applicable	TMT4	NT=collision-induced dissociation;AC=MS:1000133	NT=beam-type collision-induced dissociation;AC=MS:1000422	not available	375m/z-1500m/z	not available	not available	not applicable	NT=TMT6plex;AC=UNIMOD:737;MT=fixed;PP=Any N-term	NT=TMT6plex;AC=UNIMOD:737;MT=fixed;TA=K;PP=Anywhere	NT=Oxidation;AC=UNIMOD:35;MT=variable;TA=M;PP=Anywhere	NT=Acetyl;AC=UNIMOD:1;MT=variable;PP=Protein N-term	v3.0.0	ms-proteomics v1.1.0	vertebrates v1.1.0	single-cell v1.0.0
PXD064518_TMT4_TMT127N	Mus musculus	heart	cardiac muscle cell	not available	cell	single cell	male	not available	adult	not available	not available	not pooled	PXD064518_TMT4_TMT127N	1	manual picking	not available	one cardiomyocyte; channel-to-genotype assignment unavailable	20221019_Ec_01_SC_CNIC-KI_TMT4	proteomic profiling by mass spectrometry	20221019_Ec_01_SC_CNIC-KI_TMT4.raw	ftp://ftp.pride.ebi.ac.uk/pride/data/archive/2026/04/PXD064518/20221019_Ec_01_SC_CNIC-KI_TMT4.raw	TMT127N	1	1	NT=Orbitrap Eclipse;AC=MS:1003029	NT=Data-dependent acquisition;AC=PRIDE:0000627	NT=Trypsin;AC=MS:1001251	TMT131	not applicable	TMT4	NT=collision-induced dissociation;AC=MS:1000133	NT=beam-type collision-induced dissociation;AC=MS:1000422	not available	375m/z-1500m/z	not available	not available	not applicable	NT=TMT6plex;AC=UNIMOD:737;MT=fixed;PP=Any N-term	NT=TMT6plex;AC=UNIMOD:737;MT=fixed;TA=K;PP=Anywhere	NT=Oxidation;AC=UNIMOD:35;MT=variable;TA=M;PP=Anywhere	NT=Acetyl;AC=UNIMOD:1;MT=variable;PP=Protein N-term	v3.0.0	ms-proteomics v1.1.0	vertebrates v1.1.0	single-cell v1.0.0
PXD064518_TMT4_TMT127C	Mus musculus	heart	cardiac muscle cell	not available	cell	single cell	male	not available	adult	not available	not available	not pooled	PXD064518_TMT4_TMT127C	1	manual picking	not available	one cardiomyocyte; channel-to-genotype assignment unavailable	20221019_Ec_01_SC_CNIC-KI_TMT4	proteomic profiling by mass spectrometry	20221019_Ec_01_SC_CNIC-KI_TMT4.raw	ftp://ftp.pride.ebi.ac.uk/pride/data/archive/2026/04/PXD064518/20221019_Ec_01_SC_CNIC-KI_TMT4.raw	TMT127C	1	1	NT=Orbitrap Eclipse;AC=MS:1003029	NT=Data-dependent acquisition;AC=PRIDE:0000627	NT=Trypsin;AC=MS:1001251	TMT131	not applicable	TMT4	NT=collision-induced dissociation;AC=MS:1000133	NT=beam-type collision-induced dissociation;AC=MS:1000422	not available	375m/z-1500m/z	not available	not available	not applicable	NT=TMT6plex;AC=UNIMOD:737;MT=fixed;PP=Any N-term	NT=TMT6plex;AC=UNIMOD:737;MT=fixed;TA=K;PP=Anywhere	NT=Oxidation;AC=UNIMOD:35;MT=variable;TA=M;PP=Anywhere	NT=Acetyl;AC=UNIMOD:1;MT=variable;PP=Protein N-term	v3.0.0	ms-proteomics v1.1.0	vertebrates v1.1.0	single-cell v1.0.0
PXD064518_TMT4_TMT128N	Mus musculus	heart	cardiac muscle cell	not available	cell	single cell	male	not available	adult	not available	not available	not pooled	PXD064518_TMT4_TMT128N	1	manual picking	not available	one cardiomyocyte; channel-to-genotype assignment unavailable	20221019_Ec_01_SC_CNIC-KI_TMT4	proteomic profiling by mass spectrometry	20221019_Ec_01_SC_CNIC-KI_TMT4.raw	ftp://ftp.pride.ebi.ac.uk/pride/data/archive/2026/04/PXD064518/20221019_Ec_01_SC_CNIC-KI_TMT4.raw	TMT128N	1	1	NT=Orbitrap Eclipse;AC=MS:1003029	NT=Data-dependent acquisition;AC=PRIDE:0000627	NT=Trypsin;AC=MS:1001251	TMT131	not applicable	TMT4	NT=collision-induced dissociation;AC=MS:1000133	NT=beam-type collision-induced dissociation;AC=MS:1000422	not available	375m/z-1500m/z	not available	not available	not applicable	NT=TMT6plex;AC=UNIMOD:737;MT=fixed;PP=Any N-term	NT=TMT6plex;AC=UNIMOD:737;MT=fixed;TA=K;PP=Anywhere	NT=Oxidation;AC=UNIMOD:35;MT=variable;TA=M;PP=Anywhere	NT=Acetyl;AC=UNIMOD:1;MT=variable;PP=Protein N-term	v3.0.0	ms-proteomics v1.1.0	vertebrates v1.1.0	single-cell v1.0.0
PXD064518_TMT4_TMT128C	Mus musculus	heart	cardiac muscle cell	not available	cell	single cell	male	not available	adult	not available	not available	not pooled	PXD064518_TMT4_TMT128C	1	manual picking	not available	one cardiomyocyte; channel-to-genotype assignment unavailable	20221019_Ec_01_SC_CNIC-KI_TMT4	proteomic profiling by mass spectrometry	20221019_Ec_01_SC_CNIC-KI_TMT4.raw	ftp://ftp.pride.ebi.ac.uk/pride/data/archive/2026/04/PXD064518/20221019_Ec_01_SC_CNIC-KI_TMT4.raw	TMT128C	1	1	NT=Orbitrap Eclipse;AC=MS:1003029	NT=Data-dependent acquisition;AC=PRIDE:0000627	NT=Trypsin;AC=MS:1001251	TMT131	not applicable	TMT4	NT=collision-induced dissociation;AC=MS:1000133	NT=beam-type collision-induced dissociation;AC=MS:1000422	not available	375m/z-1500m/z	not available	not available	not applicable	NT=TMT6plex;AC=UNIMOD:737;MT=fixed;PP=Any N-term	NT=TMT6plex;AC=UNIMOD:737;MT=fixed;TA=K;PP=Anywhere	NT=Oxidation;AC=UNIMOD:35;MT=variable;TA=M;PP=Anywhere	NT=Acetyl;AC=UNIMOD:1;MT=variable;PP=Protein N-term	v3.0.0	ms-proteomics v1.1.0	vertebrates v1.1.0	single-cell v1.0.0
PXD064518_TMT4_TMT129N	Mus musculus	heart	cardiac muscle cell	not available	cell	single cell	male	not available	adult	not available	not available	not pooled	PXD064518_TMT4_TMT129N	1	manual picking	not available	one cardiomyocyte; channel-to-genotype assignment unavailable	20221019_Ec_01_SC_CNIC-KI_TMT4	proteomic profiling by mass spectrometry	20221019_Ec_01_SC_CNIC-KI_TMT4.raw	ftp://ftp.pride.ebi.ac.uk/pride/data/archive/2026/04/PXD064518/20221019_Ec_01_SC_CNIC-KI_TMT4.raw	TMT129N	1	1	NT=Orbitrap Eclipse;AC=MS:1003029	NT=Data-dependent acquisition;AC=PRIDE:0000627	NT=Trypsin;AC=MS:1001251	TMT131	not applicable	TMT4	NT=collision-induced dissociation;AC=MS:1000133	NT=beam-type collision-induced dissociation;AC=MS:1000422	not available	375m/z-1500m/z	not available	not available	not applicable	NT=TMT6plex;AC=UNIMOD:737;MT=fixed;PP=Any N-term	NT=TMT6plex;AC=UNIMOD:737;MT=fixed;TA=K;PP=Anywhere	NT=Oxidation;AC=UNIMOD:35;MT=variable;TA=M;PP=Anywhere	NT=Acetyl;AC=UNIMOD:1;MT=variable;PP=Protein N-term	v3.0.0	ms-proteomics v1.1.0	vertebrates v1.1.0	single-cell v1.0.0
PXD064518_TMT4_TMT129C	Mus musculus	heart	cardiac muscle cell	not available	cell	single cell	male	not available	adult	not available	not available	not pooled	PXD064518_TMT4_TMT129C	1	manual picking	not available	one cardiomyocyte; channel-to-genotype assignment unavailable	20221019_Ec_01_SC_CNIC-KI_TMT4	proteomic profiling by mass spectrometry	20221019_Ec_01_SC_CNIC-KI_TMT4.raw	ftp://ftp.pride.ebi.ac.uk/pride/data/archive/2026/04/PXD064518/20221019_Ec_01_SC_CNIC-KI_TMT4.raw	TMT129C	1	1	NT=Orbitrap Eclipse;AC=MS:1003029	NT=Data-dependent acquisition;AC=PRIDE:0000627	NT=Trypsin;AC=MS:1001251	TMT131	not applicable	TMT4	NT=collision-induced dissociation;AC=MS:1000133	NT=beam-type collision-induced dissociation;AC=MS:1000422	not available	375m/z-1500m/z	not available	not available	not applicable	NT=TMT6plex;AC=UNIMOD:737;MT=fixed;PP=Any N-term	NT=TMT6plex;AC=UNIMOD:737;MT=fixed;TA=K;PP=Anywhere	NT=Oxidation;AC=UNIMOD:35;MT=variable;TA=M;PP=Anywhere	NT=Acetyl;AC=UNIMOD:1;MT=variable;PP=Protein N-term	v3.0.0	ms-proteomics v1.1.0	vertebrates v1.1.0	single-cell v1.0.0
PXD064518_TMT4_TMT130C	Mus musculus	heart	cardiac muscle cell	not available	cell	single cell	male	not available	adult	not available	not available	not pooled	PXD064518_TMT4_TMT130C	1	manual picking	not available	one cardiomyocyte; channel-to-genotype assignment unavailable	20221019_Ec_01_SC_CNIC-KI_TMT4	proteomic profiling by mass spectrometry	20221019_Ec_01_SC_CNIC-KI_TMT4.raw	ftp://ftp.pride.ebi.ac.uk/pride/data/archive/2026/04/PXD064518/20221019_Ec_01_SC_CNIC-KI_TMT4.raw	TMT130C	1	1	NT=Orbitrap Eclipse;AC=MS:1003029	NT=Data-dependent acquisition;AC=PRIDE:0000627	NT=Trypsin;AC=MS:1001251	TMT131	not applicable	TMT4	NT=collision-induced dissociation;AC=MS:1000133	NT=beam-type collision-induced dissociation;AC=MS:1000422	not available	375m/z-1500m/z	not available	not available	not applicable	NT=TMT6plex;AC=UNIMOD:737;MT=fixed;PP=Any N-term	NT=TMT6plex;AC=UNIMOD:737;MT=fixed;TA=K;PP=Anywhere	NT=Oxidation;AC=UNIMOD:35;MT=variable;TA=M;PP=Anywhere	NT=Acetyl;AC=UNIMOD:1;MT=variable;PP=Protein N-term	v3.0.0	ms-proteomics v1.1.0	vertebrates v1.1.0	single-cell v1.0.0
PXD064518_TMT4_TMT131	Mus musculus	heart	cardiac muscle cell	not available	cell	carrier	male	not available	adult	not available	pooled	pooled	not applicable	200	not available	mixed control and Myc-overexpressing cardiomyocytes	100 control plus 100 Myc-overexpressing cardiomyocytes	20221019_Ec_01_SC_CNIC-KI_TMT4	proteomic profiling by mass spectrometry	20221019_Ec_01_SC_CNIC-KI_TMT4.raw	ftp://ftp.pride.ebi.ac.uk/pride/data/archive/2026/04/PXD064518/20221019_Ec_01_SC_CNIC-KI_TMT4.raw	TMT131	1	1	NT=Orbitrap Eclipse;AC=MS:1003029	NT=Data-dependent acquisition;AC=PRIDE:0000627	NT=Trypsin;AC=MS:1001251	TMT131	not applicable	TMT4	NT=collision-induced dissociation;AC=MS:1000133	NT=beam-type collision-induced dissociation;AC=MS:1000422	not available	375m/z-1500m/z	not available	not available	not applicable	NT=TMT6plex;AC=UNIMOD:737;MT=fixed;PP=Any N-term	NT=TMT6plex;AC=UNIMOD:737;MT=fixed;TA=K;PP=Anywhere	NT=Oxidation;AC=UNIMOD:35;MT=variable;TA=M;PP=Anywhere	NT=Acetyl;AC=UNIMOD:1;MT=variable;PP=Protein N-term	v3.0.0	ms-proteomics v1.1.0	vertebrates v1.1.0	single-cell v1.0.0
PXD064518_TMT40_TMT126	Mus musculus	heart	cardiac muscle cell	not available	cell	single cell	male	not available	adult	not available	not available	not pooled	PXD064518_TMT40_TMT126	1	manual picking	not available	one cardiomyocyte; channel-to-genotype assignment unavailable	20221019_Ec_01_SC_CNIC-KI_TMT40	proteomic profiling by mass spectrometry	20221019_Ec_01_SC_CNIC-KI_TMT40.raw	ftp://ftp.pride.ebi.ac.uk/pride/data/archive/2026/04/PXD064518/20221019_Ec_01_SC_CNIC-KI_TMT40.raw	TMT126	1	1	NT=Orbitrap Eclipse;AC=MS:1003029	NT=Data-dependent acquisition;AC=PRIDE:0000627	NT=Trypsin;AC=MS:1001251	TMT131	not applicable	TMT40	NT=collision-induced dissociation;AC=MS:1000133	NT=beam-type collision-induced dissociation;AC=MS:1000422	not available	375m/z-1500m/z	not available	not available	not applicable	NT=TMT6plex;AC=UNIMOD:737;MT=fixed;PP=Any N-term	NT=TMT6plex;AC=UNIMOD:737;MT=fixed;TA=K;PP=Anywhere	NT=Oxidation;AC=UNIMOD:35;MT=variable;TA=M;PP=Anywhere	NT=Acetyl;AC=UNIMOD:1;MT=variable;PP=Protein N-term	v3.0.0	ms-proteomics v1.1.0	vertebrates v1.1.0	single-cell v1.0.0
PXD064518_TMT40_TMT127N	Mus musculus	heart	cardiac muscle cell	not available	cell	single cell	male	not available	adult	not available	not available	not pooled	PXD064518_TMT40_TMT127N	1	manual picking	not available	one cardiomyocyte; channel-to-genotype assignment unavailable	20221019_Ec_01_SC_CNIC-KI_TMT40	proteomic profiling by mass spectrometry	20221019_Ec_01_SC_CNIC-KI_TMT40.raw	ftp://ftp.pride.ebi.ac.uk/pride/data/archive/2026/04/PXD064518/20221019_Ec_01_SC_CNIC-KI_TMT40.raw	TMT127N	1	1	NT=Orbitrap Eclipse;AC=MS:1003029	NT=Data-dependent acquisition;AC=PRIDE:0000627	NT=Trypsin;AC=MS:1001251	TMT131	not applicable	TMT40	NT=collision-induced dissociation;AC=MS:1000133	NT=beam-type collision-induced dissociation;AC=MS:1000422	not available	375m/z-1500m/z	not available	not available	not applicable	NT=TMT6plex;AC=UNIMOD:737;MT=fixed;PP=Any N-term	NT=TMT6plex;AC=UNIMOD:737;MT=fixed;TA=K;PP=Anywhere	NT=Oxidation;AC=UNIMOD:35;MT=variable;TA=M;PP=Anywhere	NT=Acetyl;AC=UNIMOD:1;MT=variable;PP=Protein N-term	v3.0.0	ms-proteomics v1.1.0	vertebrates v1.1.0	single-cell v1.0.0
PXD064518_TMT40_TMT127C	Mus musculus	heart	cardiac muscle cell	not available	cell	single cell	male	not available	adult	not available	not available	not pooled	PXD064518_TMT40_TMT127C	1	manual picking	not available	one cardiomyocyte; channel-to-genotype assignment unavailable	20221019_Ec_01_SC_CNIC-KI_TMT40	proteomic profiling by mass spectrometry	20221019_Ec_01_SC_CNIC-KI_TMT40.raw	ftp://ftp.pride.ebi.ac.uk/pride/data/archive/2026/04/PXD064518/20221019_Ec_01_SC_CNIC-KI_TMT40.raw	TMT127C	1	1	NT=Orbitrap Eclipse;AC=MS:1003029	NT=Data-dependent acquisition;AC=PRIDE:0000627	NT=Trypsin;AC=MS:1001251	TMT131	not applicable	TMT40	NT=collision-induced dissociation;AC=MS:1000133	NT=beam-type collision-induced dissociation;AC=MS:1000422	not available	375m/z-1500m/z	not available	not available	not applicable	NT=TMT6plex;AC=UNIMOD:737;MT=fixed;PP=Any N-term	NT=TMT6plex;AC=UNIMOD:737;MT=fixed;TA=K;PP=Anywhere	NT=Oxidation;AC=UNIMOD:35;MT=variable;TA=M;PP=Anywhere	NT=Acetyl;AC=UNIMOD:1;MT=variable;PP=Protein N-term	v3.0.0	ms-proteomics v1.1.0	vertebrates v1.1.0	single-cell v1.0.0
PXD064518_TMT40_TMT128N	Mus musculus	heart	cardiac muscle cell	not available	cell	single cell	male	not available	adult	not available	not available	not pooled	PXD064518_TMT40_TMT128N	1	manual picking	not available	one cardiomyocyte; channel-to-genotype assignment unavailable	20221019_Ec_01_SC_CNIC-KI_TMT40	proteomic profiling by mass spectrometry	20221019_Ec_01_SC_CNIC-KI_TMT40.raw	ftp://ftp.pride.ebi.ac.uk/pride/data/archive/2026/04/PXD064518/20221019_Ec_01_SC_CNIC-KI_TMT40.raw	TMT128N	1	1	NT=Orbitrap Eclipse;AC=MS:1003029	NT=Data-dependent acquisition;AC=PRIDE:0000627	NT=Trypsin;AC=MS:1001251	TMT131	not applicable	TMT40	NT=collision-induced dissociation;AC=MS:1000133	NT=beam-type collision-induced dissociation;AC=MS:1000422	not available	375m/z-1500m/z	not available	not available	not applicable	NT=TMT6plex;AC=UNIMOD:737;MT=fixed;PP=Any N-term	NT=TMT6plex;AC=UNIMOD:737;MT=fixed;TA=K;PP=Anywhere	NT=Oxidation;AC=UNIMOD:35;MT=variable;TA=M;PP=Anywhere	NT=Acetyl;AC=UNIMOD:1;MT=variable;PP=Protein N-term	v3.0.0	ms-proteomics v1.1.0	vertebrates v1.1.0	single-cell v1.0.0
PXD064518_TMT40_TMT128C	Mus musculus	heart	cardiac muscle cell	not available	cell	single cell	male	not available	adult	not available	not available	not pooled	PXD064518_TMT40_TMT128C	1	manual picking	not available	one cardiomyocyte; channel-to-genotype assignment unavailable	20221019_Ec_01_SC_CNIC-KI_TMT40	proteomic profiling by mass spectrometry	20221019_Ec_01_SC_CNIC-KI_TMT40.raw	ftp://ftp.pride.ebi.ac.uk/pride/data/archive/2026/04/PXD064518/20221019_Ec_01_SC_CNIC-KI_TMT40.raw	TMT128C	1	1	NT=Orbitrap Eclipse;AC=MS:1003029	NT=Data-dependent acquisition;AC=PRIDE:0000627	NT=Trypsin;AC=MS:1001251	TMT131	not applicable	TMT40	NT=collision-induced dissociation;AC=MS:1000133	NT=beam-type collision-induced dissociation;AC=MS:1000422	not available	375m/z-1500m/z	not available	not available	not applicable	NT=TMT6plex;AC=UNIMOD:737;MT=fixed;PP=Any N-term	NT=TMT6plex;AC=UNIMOD:737;MT=fixed;TA=K;PP=Anywhere	NT=Oxidation;AC=UNIMOD:35;MT=variable;TA=M;PP=Anywhere	NT=Acetyl;AC=UNIMOD:1;MT=variable;PP=Protein N-term	v3.0.0	ms-proteomics v1.1.0	vertebrates v1.1.0	single-cell v1.0.0
PXD064518_TMT40_TMT129N	Mus musculus	heart	cardiac muscle cell	not available	cell	single cell	male	not available	adult	not available	not available	not pooled	PXD064518_TMT40_TMT129N	1	manual picking	not available	one cardiomyocyte; channel-to-genotype assignment unavailable	20221019_Ec_01_SC_CNIC-KI_TMT40	proteomic profiling by mass spectrometry	20221019_Ec_01_SC_CNIC-KI_TMT40.raw	ftp://ftp.pride.ebi.ac.uk/pride/data/archive/2026/04/PXD064518/20221019_Ec_01_SC_CNIC-KI_TMT40.raw	TMT129N	1	1	NT=Orbitrap Eclipse;AC=MS:1003029	NT=Data-dependent acquisition;AC=PRIDE:0000627	NT=Trypsin;AC=MS:1001251	TMT131	not applicable	TMT40	NT=collision-induced dissociation;AC=MS:1000133	NT=beam-type collision-induced dissociation;AC=MS:1000422	not available	375m/z-1500m/z	not available	not available	not applicable	NT=TMT6plex;AC=UNIMOD:737;MT=fixed;PP=Any N-term	NT=TMT6plex;AC=UNIMOD:737;MT=fixed;TA=K;PP=Anywhere	NT=Oxidation;AC=UNIMOD:35;MT=variable;TA=M;PP=Anywhere	NT=Acetyl;AC=UNIMOD:1;MT=variable;PP=Protein N-term	v3.0.0	ms-proteomics v1.1.0	vertebrates v1.1.0	single-cell v1.0.0
PXD064518_TMT40_TMT129C	Mus musculus	heart	cardiac muscle cell	not available	cell	single cell	male	not available	adult	not available	not available	not pooled	PXD064518_TMT40_TMT129C	1	manual picking	not available	one cardiomyocyte; channel-to-genotype assignment unavailable	20221019_Ec_01_SC_CNIC-KI_TMT40	proteomic profiling by mass spectrometry	20221019_Ec_01_SC_CNIC-KI_TMT40.raw	ftp://ftp.pride.ebi.ac.uk/pride/data/archive/2026/04/PXD064518/20221019_Ec_01_SC_CNIC-KI_TMT40.raw	TMT129C	1	1	NT=Orbitrap Eclipse;AC=MS:1003029	NT=Data-dependent acquisition;AC=PRIDE:0000627	NT=Trypsin;AC=MS:1001251	TMT131	not applicable	TMT40	NT=collision-induced dissociation;AC=MS:1000133	NT=beam-type collision-induced dissociation;AC=MS:1000422	not available	375m/z-1500m/z	not available	not available	not applicable	NT=TMT6plex;AC=UNIMOD:737;MT=fixed;PP=Any N-term	NT=TMT6plex;AC=UNIMOD:737;MT=fixed;TA=K;PP=Anywhere	NT=Oxidation;AC=UNIMOD:35;MT=variable;TA=M;PP=Anywhere	NT=Acetyl;AC=UNIMOD:1;MT=variable;PP=Protein N-term	v3.0.0	ms-proteomics v1.1.0	vertebrates v1.1.0	single-cell v1.0.0
PXD064518_TMT40_TMT130C	Mus musculus	heart	cardiac muscle cell	not available	cell	single cell	male	not available	adult	not available	not available	not pooled	PXD064518_TMT40_TMT130C	1	manual picking	not available	one cardiomyocyte; channel-to-genotype assignment unavailable	20221019_Ec_01_SC_CNIC-KI_TMT40	proteomic profiling by mass spectrometry	20221019_Ec_01_SC_CNIC-KI_TMT40.raw	ftp://ftp.pride.ebi.ac.uk/pride/data/archive/2026/04/PXD064518/20221019_Ec_01_SC_CNIC-KI_TMT40.raw	TMT130C	1	1	NT=Orbitrap Eclipse;AC=MS:1003029	NT=Data-dependent acquisition;AC=PRIDE:0000627	NT=Trypsin;AC=MS:1001251	TMT131	not applicable	TMT40	NT=collision-induced dissociation;AC=MS:1000133	NT=beam-type collision-induced dissociation;AC=MS:1000422	not available	375m/z-1500m/z	not available	not available	not applicable	NT=TMT6plex;AC=UNIMOD:737;MT=fixed;PP=Any N-term	NT=TMT6plex;AC=UNIMOD:737;MT=fixed;TA=K;PP=Anywhere	NT=Oxidation;AC=UNIMOD:35;MT=variable;TA=M;PP=Anywhere	NT=Acetyl;AC=UNIMOD:1;MT=variable;PP=Protein N-term	v3.0.0	ms-proteomics v1.1.0	vertebrates v1.1.0	single-cell v1.0.0
PXD064518_TMT40_TMT131	Mus musculus	heart	cardiac muscle cell	not available	cell	carrier	male	not available	adult	not available	pooled	pooled	not applicable	200	not available	mixed control and Myc-overexpressing cardiomyocytes	100 control plus 100 Myc-overexpressing cardiomyocytes	20221019_Ec_01_SC_CNIC-KI_TMT40	proteomic profiling by mass spectrometry	20221019_Ec_01_SC_CNIC-KI_TMT40.raw	ftp://ftp.pride.ebi.ac.uk/pride/data/archive/2026/04/PXD064518/20221019_Ec_01_SC_CNIC-KI_TMT40.raw	TMT131	1	1	NT=Orbitrap Eclipse;AC=MS:1003029	NT=Data-dependent acquisition;AC=PRIDE:0000627	NT=Trypsin;AC=MS:1001251	TMT131	not applicable	TMT40	NT=collision-induced dissociation;AC=MS:1000133	NT=beam-type collision-induced dissociation;AC=MS:1000422	not available	375m/z-1500m/z	not available	not available	not applicable	NT=TMT6plex;AC=UNIMOD:737;MT=fixed;PP=Any N-term	NT=TMT6plex;AC=UNIMOD:737;MT=fixed;TA=K;PP=Anywhere	NT=Oxidation;AC=UNIMOD:35;MT=variable;TA=M;PP=Anywhere	NT=Acetyl;AC=UNIMOD:1;MT=variable;PP=Protein N-term	v3.0.0	ms-proteomics v1.1.0	vertebrates v1.1.0	single-cell v1.0.0
PXD064518_TMT41_TMT126	Mus musculus	heart	cardiac muscle cell	not available	cell	single cell	male	not available	adult	not available	not available	not pooled	PXD064518_TMT41_TMT126	1	manual picking	not available	one cardiomyocyte; channel-to-genotype assignment unavailable	20221019_Ec_01_SC_CNIC-KI_TMT41	proteomic profiling by mass spectrometry	20221019_Ec_01_SC_CNIC-KI_TMT41.raw	ftp://ftp.pride.ebi.ac.uk/pride/data/archive/2026/04/PXD064518/20221019_Ec_01_SC_CNIC-KI_TMT41.raw	TMT126	1	1	NT=Orbitrap Eclipse;AC=MS:1003029	NT=Data-dependent acquisition;AC=PRIDE:0000627	NT=Trypsin;AC=MS:1001251	TMT131	not applicable	TMT41	NT=collision-induced dissociation;AC=MS:1000133	NT=beam-type collision-induced dissociation;AC=MS:1000422	not available	375m/z-1500m/z	not available	not available	not applicable	NT=TMT6plex;AC=UNIMOD:737;MT=fixed;PP=Any N-term	NT=TMT6plex;AC=UNIMOD:737;MT=fixed;TA=K;PP=Anywhere	NT=Oxidation;AC=UNIMOD:35;MT=variable;TA=M;PP=Anywhere	NT=Acetyl;AC=UNIMOD:1;MT=variable;PP=Protein N-term	v3.0.0	ms-proteomics v1.1.0	vertebrates v1.1.0	single-cell v1.0.0
PXD064518_TMT41_TMT127N	Mus musculus	heart	cardiac muscle cell	not available	cell	single cell	male	not available	adult	not available	not available	not pooled	PXD064518_TMT41_TMT127N	1	manual picking	not available	one cardiomyocyte; channel-to-genotype assignment unavailable	20221019_Ec_01_SC_CNIC-KI_TMT41	proteomic profiling by mass spectrometry	20221019_Ec_01_SC_CNIC-KI_TMT41.raw	ftp://ftp.pride.ebi.ac.uk/pride/data/archive/2026/04/PXD064518/20221019_Ec_01_SC_CNIC-KI_TMT41.raw	TMT127N	1	1	NT=Orbitrap Eclipse;AC=MS:1003029	NT=Data-dependent acquisition;AC=PRIDE:0000627	NT=Trypsin;AC=MS:1001251	TMT131	not applicable	TMT41	NT=collision-induced dissociation;AC=MS:1000133	NT=beam-type collision-induced dissociation;AC=MS:1000422	not available	375m/z-1500m/z	not available	not available	not applicable	NT=TMT6plex;AC=UNIMOD:737;MT=fixed;PP=Any N-term	NT=TMT6plex;AC=UNIMOD:737;MT=fixed;TA=K;PP=Anywhere	NT=Oxidation;AC=UNIMOD:35;MT=variable;TA=M;PP=Anywhere	NT=Acetyl;AC=UNIMOD:1;MT=variable;PP=Protein N-term	v3.0.0	ms-proteomics v1.1.0	vertebrates v1.1.0	single-cell v1.0.0
PXD064518_TMT41_TMT127C	Mus musculus	heart	cardiac muscle cell	not available	cell	single cell	male	not available	adult	not available	not available	not pooled	PXD064518_TMT41_TMT127C	1	manual picking	not available	one cardiomyocyte; channel-to-genotype assignment unavailable	20221019_Ec_01_SC_CNIC-KI_TMT41	proteomic profiling by mass spectrometry	20221019_Ec_01_SC_CNIC-KI_TMT41.raw	ftp://ftp.pride.ebi.ac.uk/pride/data/archive/2026/04/PXD064518/20221019_Ec_01_SC_CNIC-KI_TMT41.raw	TMT127C	1	1	NT=Orbitrap Eclipse;AC=MS:1003029	NT=Data-dependent acquisition;AC=PRIDE:0000627	NT=Trypsin;AC=MS:1001251	TMT131	not applicable	TMT41	NT=collision-induced dissociation;AC=MS:1000133	NT=beam-type collision-induced dissociation;AC=MS:1000422	not available	375m/z-1500m/z	not available	not available	not applicable	NT=TMT6plex;AC=UNIMOD:737;MT=fixed;PP=Any N-term	NT=TMT6plex;AC=UNIMOD:737;MT=fixed;TA=K;PP=Anywhere	NT=Oxidation;AC=UNIMOD:35;MT=variable;TA=M;PP=Anywhere	NT=Acetyl;AC=UNIMOD:1;MT=variable;PP=Protein N-term	v3.0.0	ms-proteomics v1.1.0	vertebrates v1.1.0	single-cell v1.0.0
PXD064518_TMT41_TMT128N	Mus musculus	heart	cardiac muscle cell	not available	cell	single cell	male	not available	adult	not available	not available	not pooled	PXD064518_TMT41_TMT128N	1	manual picking	not available	one cardiomyocyte; channel-to-genotype assignment unavailable	20221019_Ec_01_SC_CNIC-KI_TMT41	proteomic profiling by mass spectrometry	20221019_Ec_01_SC_CNIC-KI_TMT41.raw	ftp://ftp.pride.ebi.ac.uk/pride/data/archive/2026/04/PXD064518/20221019_Ec_01_SC_CNIC-KI_TMT41.raw	TMT128N	1	1	NT=Orbitrap Eclipse;AC=MS:1003029	NT=Data-dependent acquisition;AC=PRIDE:0000627	NT=Trypsin;AC=MS:1001251	TMT131	not applicable	TMT41	NT=collision-induced dissociation;AC=MS:1000133	NT=beam-type collision-induced dissociation;AC=MS:1000422	not available	375m/z-1500m/z	not available	not available	not applicable	NT=TMT6plex;AC=UNIMOD:737;MT=fixed;PP=Any N-term	NT=TMT6plex;AC=UNIMOD:737;MT=fixed;TA=K;PP=Anywhere	NT=Oxidation;AC=UNIMOD:35;MT=variable;TA=M;PP=Anywhere	NT=Acetyl;AC=UNIMOD:1;MT=variable;PP=Protein N-term	v3.0.0	ms-proteomics v1.1.0	vertebrates v1.1.0	single-cell v1.0.0
PXD064518_TMT41_TMT128C	Mus musculus	heart	cardiac muscle cell	not available	cell	single cell	male	not available	adult	not available	not available	not pooled	PXD064518_TMT41_TMT128C	1	manual picking	not available	one cardiomyocyte; channel-to-genotype assignment unavailable	20221019_Ec_01_SC_CNIC-KI_TMT41	proteomic profiling by mass spectrometry	20221019_Ec_01_SC_CNIC-KI_TMT41.raw	ftp://ftp.pride.ebi.ac.uk/pride/data/archive/2026/04/PXD064518/20221019_Ec_01_SC_CNIC-KI_TMT41.raw	TMT128C	1	1	NT=Orbitrap Eclipse;AC=MS:1003029	NT=Data-dependent acquisition;AC=PRIDE:0000627	NT=Trypsin;AC=MS:1001251	TMT131	not applicable	TMT41	NT=collision-induced dissociation;AC=MS:1000133	NT=beam-type collision-induced dissociation;AC=MS:1000422	not available	375m/z-1500m/z	not available	not available	not applicable	NT=TMT6plex;AC=UNIMOD:737;MT=fixed;PP=Any N-term	NT=TMT6plex;AC=UNIMOD:737;MT=fixed;TA=K;PP=Anywhere	NT=Oxidation;AC=UNIMOD:35;MT=variable;TA=M;PP=Anywhere	NT=Acetyl;AC=UNIMOD:1;MT=variable;PP=Protein N-term	v3.0.0	ms-proteomics v1.1.0	vertebrates v1.1.0	single-cell v1.0.0
PXD064518_TMT41_TMT129N	Mus musculus	heart	cardiac muscle cell	not available	cell	single cell	male	not available	adult	not available	not available	not pooled	PXD064518_TMT41_TMT129N	1	manual picking	not available	one cardiomyocyte; channel-to-genotype assignment unavailable	20221019_Ec_01_SC_CNIC-KI_TMT41	proteomic profiling by mass spectrometry	20221019_Ec_01_SC_CNIC-KI_TMT41.raw	ftp://ftp.pride.ebi.ac.uk/pride/data/archive/2026/04/PXD064518/20221019_Ec_01_SC_CNIC-KI_TMT41.raw	TMT129N	1	1	NT=Orbitrap Eclipse;AC=MS:1003029	NT=Data-dependent acquisition;AC=PRIDE:0000627	NT=Trypsin;AC=MS:1001251	TMT131	not applicable	TMT41	NT=collision-induced dissociation;AC=MS:1000133	NT=beam-type collision-induced dissociation;AC=MS:1000422	not available	375m/z-1500m/z	not available	not available	not applicable	NT=TMT6plex;AC=UNIMOD:737;MT=fixed;PP=Any N-term	NT=TMT6plex;AC=UNIMOD:737;MT=fixed;TA=K;PP=Anywhere	NT=Oxidation;AC=UNIMOD:35;MT=variable;TA=M;PP=Anywhere	NT=Acetyl;AC=UNIMOD:1;MT=variable;PP=Protein N-term	v3.0.0	ms-proteomics v1.1.0	vertebrates v1.1.0	single-cell v1.0.0
PXD064518_TMT41_TMT129C	Mus musculus	heart	cardiac muscle cell	not available	cell	single cell	male	not available	adult	not available	not available	not pooled	PXD064518_TMT41_TMT129C	1	manual picking	not available	one cardiomyocyte; channel-to-genotype assignment unavailable	20221019_Ec_01_SC_CNIC-KI_TMT41	proteomic profiling by mass spectrometry	20221019_Ec_01_SC_CNIC-KI_TMT41.raw	ftp://ftp.pride.ebi.ac.uk/pride/data/archive/2026/04/PXD064518/20221019_Ec_01_SC_CNIC-KI_TMT41.raw	TMT129C	1	1	NT=Orbitrap Eclipse;AC=MS:1003029	NT=Data-dependent acquisition;AC=PRIDE:0000627	NT=Trypsin;AC=MS:1001251	TMT131	not applicable	TMT41	NT=collision-induced dissociation;AC=MS:1000133	NT=beam-type collision-induced dissociation;AC=MS:1000422	not available	375m/z-1500m/z	not available	not available	not applicable	NT=TMT6plex;AC=UNIMOD:737;MT=fixed;PP=Any N-term	NT=TMT6plex;AC=UNIMOD:737;MT=fixed;TA=K;PP=Anywhere	NT=Oxidation;AC=UNIMOD:35;MT=variable;TA=M;PP=Anywhere	NT=Acetyl;AC=UNIMOD:1;MT=variable;PP=Protein N-term	v3.0.0	ms-proteomics v1.1.0	vertebrates v1.1.0	single-cell v1.0.0
PXD064518_TMT41_TMT130C	Mus musculus	heart	cardiac muscle cell	not available	cell	single cell	male	not available	adult	not available	not available	not pooled	PXD064518_TMT41_TMT130C	1	manual picking	not available	one cardiomyocyte; channel-to-genotype assignment unavailable	20221019_Ec_01_SC_CNIC-KI_TMT41	proteomic profiling by mass spectrometry	20221019_Ec_01_SC_CNIC-KI_TMT41.raw	ftp://ftp.pride.ebi.ac.uk/pride/data/archive/2026/04/PXD064518/20221019_Ec_01_SC_CNIC-KI_TMT41.raw	TMT130C	1	1	NT=Orbitrap Eclipse;AC=MS:1003029	NT=Data-dependent acquisition;AC=PRIDE:0000627	NT=Trypsin;AC=MS:1001251	TMT131	not applicable	TMT41	NT=collision-induced dissociation;AC=MS:1000133	NT=beam-type collision-induced dissociation;AC=MS:1000422	not available	375m/z-1500m/z	not available	not available	not applicable	NT=TMT6plex;AC=UNIMOD:737;MT=fixed;PP=Any N-term	NT=TMT6plex;AC=UNIMOD:737;MT=fixed;TA=K;PP=Anywhere	NT=Oxidation;AC=UNIMOD:35;MT=variable;TA=M;PP=Anywhere	NT=Acetyl;AC=UNIMOD:1;MT=variable;PP=Protein N-term	v3.0.0	ms-proteomics v1.1.0	vertebrates v1.1.0	single-cell v1.0.0
PXD064518_TMT41_TMT131	Mus musculus	heart	cardiac muscle cell	not available	cell	carrier	male	not available	adult	not available	pooled	pooled	not applicable	200	not available	mixed control and Myc-overexpressing cardiomyocytes	100 control plus 100 Myc-overexpressing cardiomyocytes	20221019_Ec_01_SC_CNIC-KI_TMT41	proteomic profiling by mass spectrometry	20221019_Ec_01_SC_CNIC-KI_TMT41.raw	ftp://ftp.pride.ebi.ac.uk/pride/data/archive/2026/04/PXD064518/20221019_Ec_01_SC_CNIC-KI_TMT41.raw	TMT131	1	1	NT=Orbitrap Eclipse;AC=MS:1003029	NT=Data-dependent acquisition;AC=PRIDE:0000627	NT=Trypsin;AC=MS:1001251	TMT131	not applicable	TMT41	NT=collision-induced dissociation;AC=MS:1000133	NT=beam-type collision-induced dissociation;AC=MS:1000422	not available	375m/z-1500m/z	not available	not available	not applicable	NT=TMT6plex;AC=UNIMOD:737;MT=fixed;PP=Any N-term	NT=TMT6plex;AC=UNIMOD:737;MT=fixed;TA=K;PP=Anywhere	NT=Oxidation;AC=UNIMOD:35;MT=variable;TA=M;PP=Anywhere	NT=Acetyl;AC=UNIMOD:1;MT=variable;PP=Protein N-term	v3.0.0	ms-proteomics v1.1.0	vertebrates v1.1.0	single-cell v1.0.0
PXD064518_TMT42_TMT126	Mus musculus	heart	cardiac muscle cell	not available	cell	single cell	male	not available	adult	not available	not available	not pooled	PXD064518_TMT42_TMT126	1	manual picking	not available	one cardiomyocyte; channel-to-genotype assignment unavailable	20221019_Ec_01_SC_CNIC-KI_TMT42	proteomic profiling by mass spectrometry	20221019_Ec_01_SC_CNIC-KI_TMT42.raw	ftp://ftp.pride.ebi.ac.uk/pride/data/archive/2026/04/PXD064518/20221019_Ec_01_SC_CNIC-KI_TMT42.raw	TMT126	1	1	NT=Orbitrap Eclipse;AC=MS:1003029	NT=Data-dependent acquisition;AC=PRIDE:0000627	NT=Trypsin;AC=MS:1001251	TMT131	not applicable	TMT42	NT=collision-induced dissociation;AC=MS:1000133	NT=beam-type collision-induced dissociation;AC=MS:1000422	not available	375m/z-1500m/z	not available	not available	not applicable	NT=TMT6plex;AC=UNIMOD:737;MT=fixed;PP=Any N-term	NT=TMT6plex;AC=UNIMOD:737;MT=fixed;TA=K;PP=Anywhere	NT=Oxidation;AC=UNIMOD:35;MT=variable;TA=M;PP=Anywhere	NT=Acetyl;AC=UNIMOD:1;MT=variable;PP=Protein N-term	v3.0.0	ms-proteomics v1.1.0	vertebrates v1.1.0	single-cell v1.0.0
PXD064518_TMT42_TMT127N	Mus musculus	heart	cardiac muscle cell	not available	cell	single cell	male	not available	adult	not available	not available	not pooled	PXD064518_TMT42_TMT127N	1	manual picking	not available	one cardiomyocyte; channel-to-genotype assignment unavailable	20221019_Ec_01_SC_CNIC-KI_TMT42	proteomic profiling by mass spectrometry	20221019_Ec_01_SC_CNIC-KI_TMT42.raw	ftp://ftp.pride.ebi.ac.uk/pride/data/archive/2026/04/PXD064518/20221019_Ec_01_SC_CNIC-KI_TMT42.raw	TMT127N	1	1	NT=Orbitrap Eclipse;AC=MS:1003029	NT=Data-dependent acquisition;AC=PRIDE:0000627	NT=Trypsin;AC=MS:1001251	TMT131	not applicable	TMT42	NT=collision-induced dissociation;AC=MS:1000133	NT=beam-type collision-induced dissociation;AC=MS:1000422	not available	375m/z-1500m/z	not available	not available	not applicable	NT=TMT6plex;AC=UNIMOD:737;MT=fixed;PP=Any N-term	NT=TMT6plex;AC=UNIMOD:737;MT=fixed;TA=K;PP=Anywhere	NT=Oxidation;AC=UNIMOD:35;MT=variable;TA=M;PP=Anywhere	NT=Acetyl;AC=UNIMOD:1;MT=variable;PP=Protein N-term	v3.0.0	ms-proteomics v1.1.0	vertebrates v1.1.0	single-cell v1.0.0
PXD064518_TMT42_TMT127C	Mus musculus	heart	cardiac muscle cell	not available	cell	single cell	male	not available	adult	not available	not available	not pooled	PXD064518_TMT42_TMT127C	1	manual picking	not available	one cardiomyocyte; channel-to-genotype assignment unavailable	20221019_Ec_01_SC_CNIC-KI_TMT42	proteomic profiling by mass spectrometry	20221019_Ec_01_SC_CNIC-KI_TMT42.raw	ftp://ftp.pride.ebi.ac.uk/pride/data/archive/2026/04/PXD064518/20221019_Ec_01_SC_CNIC-KI_TMT42.raw	TMT127C	1	1	NT=Orbitrap Eclipse;AC=MS:1003029	NT=Data-dependent acquisition;AC=PRIDE:0000627	NT=Trypsin;AC=MS:1001251	TMT131	not applicable	TMT42	NT=collision-induced dissociation;AC=MS:1000133	NT=beam-type collision-induced dissociation;AC=MS:1000422	not available	375m/z-1500m/z	not available	not available	not applicable	NT=TMT6plex;AC=UNIMOD:737;MT=fixed;PP=Any N-term	NT=TMT6plex;AC=UNIMOD:737;MT=fixed;TA=K;PP=Anywhere	NT=Oxidation;AC=UNIMOD:35;MT=variable;TA=M;PP=Anywhere	NT=Acetyl;AC=UNIMOD:1;MT=variable;PP=Protein N-term	v3.0.0	ms-proteomics v1.1.0	vertebrates v1.1.0	single-cell v1.0.0
PXD064518_TMT42_TMT128N	Mus musculus	heart	cardiac muscle cell	not available	cell	single cell	male	not available	adult	not available	not available	not pooled	PXD064518_TMT42_TMT128N	1	manual picking	not available	one cardiomyocyte; channel-to-genotype assignment unavailable	20221019_Ec_01_SC_CNIC-KI_TMT42	proteomic profiling by mass spectrometry	20221019_Ec_01_SC_CNIC-KI_TMT42.raw	ftp://ftp.pride.ebi.ac.uk/pride/data/archive/2026/04/PXD064518/20221019_Ec_01_SC_CNIC-KI_TMT42.raw	TMT128N	1	1	NT=Orbitrap Eclipse;AC=MS:1003029	NT=Data-dependent acquisition;AC=PRIDE:0000627	NT=Trypsin;AC=MS:1001251	TMT131	not applicable	TMT42	NT=collision-induced dissociation;AC=MS:1000133	NT=beam-type collision-induced dissociation;AC=MS:1000422	not available	375m/z-1500m/z	not available	not available	not applicable	NT=TMT6plex;AC=UNIMOD:737;MT=fixed;PP=Any N-term	NT=TMT6plex;AC=UNIMOD:737;MT=fixed;TA=K;PP=Anywhere	NT=Oxidation;AC=UNIMOD:35;MT=variable;TA=M;PP=Anywhere	NT=Acetyl;AC=UNIMOD:1;MT=variable;PP=Protein N-term	v3.0.0	ms-proteomics v1.1.0	vertebrates v1.1.0	single-cell v1.0.0
PXD064518_TMT42_TMT128C	Mus musculus	heart	cardiac muscle cell	not available	cell	single cell	male	not available	adult	not available	not available	not pooled	PXD064518_TMT42_TMT128C	1	manual picking	not available	one cardiomyocyte; channel-to-genotype assignment unavailable	20221019_Ec_01_SC_CNIC-KI_TMT42	proteomic profiling by mass spectrometry	20221019_Ec_01_SC_CNIC-KI_TMT42.raw	ftp://ftp.pride.ebi.ac.uk/pride/data/archive/2026/04/PXD064518/20221019_Ec_01_SC_CNIC-KI_TMT42.raw	TMT128C	1	1	NT=Orbitrap Eclipse;AC=MS:1003029	NT=Data-dependent acquisition;AC=PRIDE:0000627	NT=Trypsin;AC=MS:1001251	TMT131	not applicable	TMT42	NT=collision-induced dissociation;AC=MS:1000133	NT=beam-type collision-induced dissociation;AC=MS:1000422	not available	375m/z-1500m/z	not available	not available	not applicable	NT=TMT6plex;AC=UNIMOD:737;MT=fixed;PP=Any N-term	NT=TMT6plex;AC=UNIMOD:737;MT=fixed;TA=K;PP=Anywhere	NT=Oxidation;AC=UNIMOD:35;MT=variable;TA=M;PP=Anywhere	NT=Acetyl;AC=UNIMOD:1;MT=variable;PP=Protein N-term	v3.0.0	ms-proteomics v1.1.0	vertebrates v1.1.0	single-cell v1.0.0
PXD064518_TMT42_TMT129N	Mus musculus	heart	cardiac muscle cell	not available	cell	single cell	male	not available	adult	not available	not available	not pooled	PXD064518_TMT42_TMT129N	1	manual picking	not available	one cardiomyocyte; channel-to-genotype assignment unavailable	20221019_Ec_01_SC_CNIC-KI_TMT42	proteomic profiling by mass spectrometry	20221019_Ec_01_SC_CNIC-KI_TMT42.raw	ftp://ftp.pride.ebi.ac.uk/pride/data/archive/2026/04/PXD064518/20221019_Ec_01_SC_CNIC-KI_TMT42.raw	TMT129N	1	1	NT=Orbitrap Eclipse;AC=MS:1003029	NT=Data-dependent acquisition;AC=PRIDE:0000627	NT=Trypsin;AC=MS:1001251	TMT131	not applicable	TMT42	NT=collision-induced dissociation;AC=MS:1000133	NT=beam-type collision-induced dissociation;AC=MS:1000422	not available	375m/z-1500m/z	not available	not available	not applicable	NT=TMT6plex;AC=UNIMOD:737;MT=fixed;PP=Any N-term	NT=TMT6plex;AC=UNIMOD:737;MT=fixed;TA=K;PP=Anywhere	NT=Oxidation;AC=UNIMOD:35;MT=variable;TA=M;PP=Anywhere	NT=Acetyl;AC=UNIMOD:1;MT=variable;PP=Protein N-term	v3.0.0	ms-proteomics v1.1.0	vertebrates v1.1.0	single-cell v1.0.0
PXD064518_TMT42_TMT129C	Mus musculus	heart	cardiac muscle cell	not available	cell	single cell	male	not available	adult	not available	not available	not pooled	PXD064518_TMT42_TMT129C	1	manual picking	not available	one cardiomyocyte; channel-to-genotype assignment unavailable	20221019_Ec_01_SC_CNIC-KI_TMT42	proteomic profiling by mass spectrometry	20221019_Ec_01_SC_CNIC-KI_TMT42.raw	ftp://ftp.pride.ebi.ac.uk/pride/data/archive/2026/04/PXD064518/20221019_Ec_01_SC_CNIC-KI_TMT42.raw	TMT129C	1	1	NT=Orbitrap Eclipse;AC=MS:1003029	NT=Data-dependent acquisition;AC=PRIDE:0000627	NT=Trypsin;AC=MS:1001251	TMT131	not applicable	TMT42	NT=collision-induced dissociation;AC=MS:1000133	NT=beam-type collision-induced dissociation;AC=MS:1000422	not available	375m/z-1500m/z	not available	not available	not applicable	NT=TMT6plex;AC=UNIMOD:737;MT=fixed;PP=Any N-term	NT=TMT6plex;AC=UNIMOD:737;MT=fixed;TA=K;PP=Anywhere	NT=Oxidation;AC=UNIMOD:35;MT=variable;TA=M;PP=Anywhere	NT=Acetyl;AC=UNIMOD:1;MT=variable;PP=Protein N-term	v3.0.0	ms-proteomics v1.1.0	vertebrates v1.1.0	single-cell v1.0.0
PXD064518_TMT42_TMT130C	Mus musculus	heart	cardiac muscle cell	not available	cell	single cell	male	not available	adult	not available	not available	not pooled	PXD064518_TMT42_TMT130C	1	manual picking	not available	one cardiomyocyte; channel-to-genotype assignment unavailable	20221019_Ec_01_SC_CNIC-KI_TMT42	proteomic profiling by mass spectrometry	20221019_Ec_01_SC_CNIC-KI_TMT42.raw	ftp://ftp.pride.ebi.ac.uk/pride/data/archive/2026/04/PXD064518/20221019_Ec_01_SC_CNIC-KI_TMT42.raw	TMT130C	1	1	NT=Orbitrap Eclipse;AC=MS:1003029	NT=Data-dependent acquisition;AC=PRIDE:0000627	NT=Trypsin;AC=MS:1001251	TMT131	not applicable	TMT42	NT=collision-induced dissociation;AC=MS:1000133	NT=beam-type collision-induced dissociation;AC=MS:1000422	not available	375m/z-1500m/z	not available	not available	not applicable	NT=TMT6plex;AC=UNIMOD:737;MT=fixed;PP=Any N-term	NT=TMT6plex;AC=UNIMOD:737;MT=fixed;TA=K;PP=Anywhere	NT=Oxidation;AC=UNIMOD:35;MT=variable;TA=M;PP=Anywhere	NT=Acetyl;AC=UNIMOD:1;MT=variable;PP=Protein N-term	v3.0.0	ms-proteomics v1.1.0	vertebrates v1.1.0	single-cell v1.0.0
PXD064518_TMT42_TMT131	Mus musculus	heart	cardiac muscle cell	not available	cell	carrier	male	not available	adult	not available	pooled	pooled	not applicable	200	not available	mixed control and Myc-overexpressing cardiomyocytes	100 control plus 100 Myc-overexpressing cardiomyocytes	20221019_Ec_01_SC_CNIC-KI_TMT42	proteomic profiling by mass spectrometry	20221019_Ec_01_SC_CNIC-KI_TMT42.raw	ftp://ftp.pride.ebi.ac.uk/pride/data/archive/2026/04/PXD064518/20221019_Ec_01_SC_CNIC-KI_TMT42.raw	TMT131	1	1	NT=Orbitrap Eclipse;AC=MS:1003029	NT=Data-dependent acquisition;AC=PRIDE:0000627	NT=Trypsin;AC=MS:1001251	TMT131	not applicable	TMT42	NT=collision-induced dissociation;AC=MS:1000133	NT=beam-type collision-induced dissociation;AC=MS:1000422	not available	375m/z-1500m/z	not available	not available	not applicable	NT=TMT6plex;AC=UNIMOD:737;MT=fixed;PP=Any N-term	NT=TMT6plex;AC=UNIMOD:737;MT=fixed;TA=K;PP=Anywhere	NT=Oxidation;AC=UNIMOD:35;MT=variable;TA=M;PP=Anywhere	NT=Acetyl;AC=UNIMOD:1;MT=variable;PP=Protein N-term	v3.0.0	ms-proteomics v1.1.0	vertebrates v1.1.0	single-cell v1.0.0
PXD064518_TMT43_TMT126	Mus musculus	heart	cardiac muscle cell	not available	cell	single cell	male	not available	adult	not available	not available	not pooled	PXD064518_TMT43_TMT126	1	manual picking	not available	one cardiomyocyte; channel-to-genotype assignment unavailable	20221019_Ec_01_SC_CNIC-KI_TMT43	proteomic profiling by mass spectrometry	20221019_Ec_01_SC_CNIC-KI_TMT43.raw	ftp://ftp.pride.ebi.ac.uk/pride/data/archive/2026/04/PXD064518/20221019_Ec_01_SC_CNIC-KI_TMT43.raw	TMT126	1	1	NT=Orbitrap Eclipse;AC=MS:1003029	NT=Data-dependent acquisition;AC=PRIDE:0000627	NT=Trypsin;AC=MS:1001251	TMT131	not applicable	TMT43	NT=collision-induced dissociation;AC=MS:1000133	NT=beam-type collision-induced dissociation;AC=MS:1000422	not available	375m/z-1500m/z	not available	not available	not applicable	NT=TMT6plex;AC=UNIMOD:737;MT=fixed;PP=Any N-term	NT=TMT6plex;AC=UNIMOD:737;MT=fixed;TA=K;PP=Anywhere	NT=Oxidation;AC=UNIMOD:35;MT=variable;TA=M;PP=Anywhere	NT=Acetyl;AC=UNIMOD:1;MT=variable;PP=Protein N-term	v3.0.0	ms-proteomics v1.1.0	vertebrates v1.1.0	single-cell v1.0.0
PXD064518_TMT43_TMT127N	Mus musculus	heart	cardiac muscle cell	not available	cell	single cell	male	not available	adult	not available	not available	not pooled	PXD064518_TMT43_TMT127N	1	manual picking	not available	one cardiomyocyte; channel-to-genotype assignment unavailable	20221019_Ec_01_SC_CNIC-KI_TMT43	proteomic profiling by mass spectrometry	20221019_Ec_01_SC_CNIC-KI_TMT43.raw	ftp://ftp.pride.ebi.ac.uk/pride/data/archive/2026/04/PXD064518/20221019_Ec_01_SC_CNIC-KI_TMT43.raw	TMT127N	1	1	NT=Orbitrap Eclipse;AC=MS:1003029	NT=Data-dependent acquisition;AC=PRIDE:0000627	NT=Trypsin;AC=MS:1001251	TMT131	not applicable	TMT43	NT=collision-induced dissociation;AC=MS:1000133	NT=beam-type collision-induced dissociation;AC=MS:1000422	not available	375m/z-1500m/z	not available	not available	not applicable	NT=TMT6plex;AC=UNIMOD:737;MT=fixed;PP=Any N-term	NT=TMT6plex;AC=UNIMOD:737;MT=fixed;TA=K;PP=Anywhere	NT=Oxidation;AC=UNIMOD:35;MT=variable;TA=M;PP=Anywhere	NT=Acetyl;AC=UNIMOD:1;MT=variable;PP=Protein N-term	v3.0.0	ms-proteomics v1.1.0	vertebrates v1.1.0	single-cell v1.0.0
PXD064518_TMT43_TMT127C	Mus musculus	heart	cardiac muscle cell	not available	cell	single cell	male	not available	adult	not available	not available	not pooled	PXD064518_TMT43_TMT127C	1	manual picking	not available	one cardiomyocyte; channel-to-genotype assignment unavailable	20221019_Ec_01_SC_CNIC-KI_TMT43	proteomic profiling by mass spectrometry	20221019_Ec_01_SC_CNIC-KI_TMT43.raw	ftp://ftp.pride.ebi.ac.uk/pride/data/archive/2026/04/PXD064518/20221019_Ec_01_SC_CNIC-KI_TMT43.raw	TMT127C	1	1	NT=Orbitrap Eclipse;AC=MS:1003029	NT=Data-dependent acquisition;AC=PRIDE:0000627	NT=Trypsin;AC=MS:1001251	TMT131	not applicable	TMT43	NT=collision-induced dissociation;AC=MS:1000133	NT=beam-type collision-induced dissociation;AC=MS:1000422	not available	375m/z-1500m/z	not available	not available	not applicable	NT=TMT6plex;AC=UNIMOD:737;MT=fixed;PP=Any N-term	NT=TMT6plex;AC=UNIMOD:737;MT=fixed;TA=K;PP=Anywhere	NT=Oxidation;AC=UNIMOD:35;MT=variable;TA=M;PP=Anywhere	NT=Acetyl;AC=UNIMOD:1;MT=variable;PP=Protein N-term	v3.0.0	ms-proteomics v1.1.0	vertebrates v1.1.0	single-cell v1.0.0
PXD064518_TMT43_TMT128N	Mus musculus	heart	cardiac muscle cell	not available	cell	single cell	male	not available	adult	not available	not available	not pooled	PXD064518_TMT43_TMT128N	1	manual picking	not available	one cardiomyocyte; channel-to-genotype assignment unavailable	20221019_Ec_01_SC_CNIC-KI_TMT43	proteomic profiling by mass spectrometry	20221019_Ec_01_SC_CNIC-KI_TMT43.raw	ftp://ftp.pride.ebi.ac.uk/pride/data/archive/2026/04/PXD064518/20221019_Ec_01_SC_CNIC-KI_TMT43.raw	TMT128N	1	1	NT=Orbitrap Eclipse;AC=MS:1003029	NT=Data-dependent acquisition;AC=PRIDE:0000627	NT=Trypsin;AC=MS:1001251	TMT131	not applicable	TMT43	NT=collision-induced dissociation;AC=MS:1000133	NT=beam-type collision-induced dissociation;AC=MS:1000422	not available	375m/z-1500m/z	not available	not available	not applicable	NT=TMT6plex;AC=UNIMOD:737;MT=fixed;PP=Any N-term	NT=TMT6plex;AC=UNIMOD:737;MT=fixed;TA=K;PP=Anywhere	NT=Oxidation;AC=UNIMOD:35;MT=variable;TA=M;PP=Anywhere	NT=Acetyl;AC=UNIMOD:1;MT=variable;PP=Protein N-term	v3.0.0	ms-proteomics v1.1.0	vertebrates v1.1.0	single-cell v1.0.0
PXD064518_TMT43_TMT128C	Mus musculus	heart	cardiac muscle cell	not available	cell	single cell	male	not available	adult	not available	not available	not pooled	PXD064518_TMT43_TMT128C	1	manual picking	not available	one cardiomyocyte; channel-to-genotype assignment unavailable	20221019_Ec_01_SC_CNIC-KI_TMT43	proteomic profiling by mass spectrometry	20221019_Ec_01_SC_CNIC-KI_TMT43.raw	ftp://ftp.pride.ebi.ac.uk/pride/data/archive/2026/04/PXD064518/20221019_Ec_01_SC_CNIC-KI_TMT43.raw	TMT128C	1	1	NT=Orbitrap Eclipse;AC=MS:1003029	NT=Data-dependent acquisition;AC=PRIDE:0000627	NT=Trypsin;AC=MS:1001251	TMT131	not applicable	TMT43	NT=collision-induced dissociation;AC=MS:1000133	NT=beam-type collision-induced dissociation;AC=MS:1000422	not available	375m/z-1500m/z	not available	not available	not applicable	NT=TMT6plex;AC=UNIMOD:737;MT=fixed;PP=Any N-term	NT=TMT6plex;AC=UNIMOD:737;MT=fixed;TA=K;PP=Anywhere	NT=Oxidation;AC=UNIMOD:35;MT=variable;TA=M;PP=Anywhere	NT=Acetyl;AC=UNIMOD:1;MT=variable;PP=Protein N-term	v3.0.0	ms-proteomics v1.1.0	vertebrates v1.1.0	single-cell v1.0.0
PXD064518_TMT43_TMT129N	Mus musculus	heart	cardiac muscle cell	not available	cell	single cell	male	not available	adult	not available	not available	not pooled	PXD064518_TMT43_TMT129N	1	manual picking	not available	one cardiomyocyte; channel-to-genotype assignment unavailable	20221019_Ec_01_SC_CNIC-KI_TMT43	proteomic profiling by mass spectrometry	20221019_Ec_01_SC_CNIC-KI_TMT43.raw	ftp://ftp.pride.ebi.ac.uk/pride/data/archive/2026/04/PXD064518/20221019_Ec_01_SC_CNIC-KI_TMT43.raw	TMT129N	1	1	NT=Orbitrap Eclipse;AC=MS:1003029	NT=Data-dependent acquisition;AC=PRIDE:0000627	NT=Trypsin;AC=MS:1001251	TMT131	not applicable	TMT43	NT=collision-induced dissociation;AC=MS:1000133	NT=beam-type collision-induced dissociation;AC=MS:1000422	not available	375m/z-1500m/z	not available	not available	not applicable	NT=TMT6plex;AC=UNIMOD:737;MT=fixed;PP=Any N-term	NT=TMT6plex;AC=UNIMOD:737;MT=fixed;TA=K;PP=Anywhere	NT=Oxidation;AC=UNIMOD:35;MT=variable;TA=M;PP=Anywhere	NT=Acetyl;AC=UNIMOD:1;MT=variable;PP=Protein N-term	v3.0.0	ms-proteomics v1.1.0	vertebrates v1.1.0	single-cell v1.0.0
PXD064518_TMT43_TMT129C	Mus musculus	heart	cardiac muscle cell	not available	cell	single cell	male	not available	adult	not available	not available	not pooled	PXD064518_TMT43_TMT129C	1	manual picking	not available	one cardiomyocyte; channel-to-genotype assignment unavailable	20221019_Ec_01_SC_CNIC-KI_TMT43	proteomic profiling by mass spectrometry	20221019_Ec_01_SC_CNIC-KI_TMT43.raw	ftp://ftp.pride.ebi.ac.uk/pride/data/archive/2026/04/PXD064518/20221019_Ec_01_SC_CNIC-KI_TMT43.raw	TMT129C	1	1	NT=Orbitrap Eclipse;AC=MS:1003029	NT=Data-dependent acquisition;AC=PRIDE:0000627	NT=Trypsin;AC=MS:1001251	TMT131	not applicable	TMT43	NT=collision-induced dissociation;AC=MS:1000133	NT=beam-type collision-induced dissociation;AC=MS:1000422	not available	375m/z-1500m/z	not available	not available	not applicable	NT=TMT6plex;AC=UNIMOD:737;MT=fixed;PP=Any N-term	NT=TMT6plex;AC=UNIMOD:737;MT=fixed;TA=K;PP=Anywhere	NT=Oxidation;AC=UNIMOD:35;MT=variable;TA=M;PP=Anywhere	NT=Acetyl;AC=UNIMOD:1;MT=variable;PP=Protein N-term	v3.0.0	ms-proteomics v1.1.0	vertebrates v1.1.0	single-cell v1.0.0
PXD064518_TMT43_TMT130C	Mus musculus	heart	cardiac muscle cell	not available	cell	single cell	male	not available	adult	not available	not available	not pooled	PXD064518_TMT43_TMT130C	1	manual picking	not available	one cardiomyocyte; channel-to-genotype assignment unavailable	20221019_Ec_01_SC_CNIC-KI_TMT43	proteomic profiling by mass spectrometry	20221019_Ec_01_SC_CNIC-KI_TMT43.raw	ftp://ftp.pride.ebi.ac.uk/pride/data/archive/2026/04/PXD064518/20221019_Ec_01_SC_CNIC-KI_TMT43.raw	TMT130C	1	1	NT=Orbitrap Eclipse;AC=MS:1003029	NT=Data-dependent acquisition;AC=PRIDE:0000627	NT=Trypsin;AC=MS:1001251	TMT131	not applicable	TMT43	NT=collision-induced dissociation;AC=MS:1000133	NT=beam-type collision-induced dissociation;AC=MS:1000422	not available	375m/z-1500m/z	not available	not available	not applicable	NT=TMT6plex;AC=UNIMOD:737;MT=fixed;PP=Any N-term	NT=TMT6plex;AC=UNIMOD:737;MT=fixed;TA=K;PP=Anywhere	NT=Oxidation;AC=UNIMOD:35;MT=variable;TA=M;PP=Anywhere	NT=Acetyl;AC=UNIMOD:1;MT=variable;PP=Protein N-term	v3.0.0	ms-proteomics v1.1.0	vertebrates v1.1.0	single-cell v1.0.0
PXD064518_TMT43_TMT131	Mus musculus	heart	cardiac muscle cell	not available	cell	carrier	male	not available	adult	not available	pooled	pooled	not applicable	200	not available	mixed control and Myc-overexpressing cardiomyocytes	100 control plus 100 Myc-overexpressing cardiomyocytes	20221019_Ec_01_SC_CNIC-KI_TMT43	proteomic profiling by mass spectrometry	20221019_Ec_01_SC_CNIC-KI_TMT43.raw	ftp://ftp.pride.ebi.ac.uk/pride/data/archive/2026/04/PXD064518/20221019_Ec_01_SC_CNIC-KI_TMT43.raw	TMT131	1	1	NT=Orbitrap Eclipse;AC=MS:1003029	NT=Data-dependent acquisition;AC=PRIDE:0000627	NT=Trypsin;AC=MS:1001251	TMT131	not applicable	TMT43	NT=collision-induced dissociation;AC=MS:1000133	NT=beam-type collision-induced dissociation;AC=MS:1000422	not available	375m/z-1500m/z	not available	not available	not applicable	NT=TMT6plex;AC=UNIMOD:737;MT=fixed;PP=Any N-term	NT=TMT6plex;AC=UNIMOD:737;MT=fixed;TA=K;PP=Anywhere	NT=Oxidation;AC=UNIMOD:35;MT=variable;TA=M;PP=Anywhere	NT=Acetyl;AC=UNIMOD:1;MT=variable;PP=Protein N-term	v3.0.0	ms-proteomics v1.1.0	vertebrates v1.1.0	single-cell v1.0.0
PXD064518_TMT44_TMT126	Mus musculus	heart	cardiac muscle cell	not available	cell	single cell	male	not available	adult	not available	not available	not pooled	PXD064518_TMT44_TMT126	1	manual picking	not available	one cardiomyocyte; channel-to-genotype assignment unavailable	20221019_Ec_01_SC_CNIC-KI_TMT44	proteomic profiling by mass spectrometry	20221019_Ec_01_SC_CNIC-KI_TMT44.raw	ftp://ftp.pride.ebi.ac.uk/pride/data/archive/2026/04/PXD064518/20221019_Ec_01_SC_CNIC-KI_TMT44.raw	TMT126	1	1	NT=Orbitrap Eclipse;AC=MS:1003029	NT=Data-dependent acquisition;AC=PRIDE:0000627	NT=Trypsin;AC=MS:1001251	TMT131	not applicable	TMT44	NT=collision-induced dissociation;AC=MS:1000133	NT=beam-type collision-induced dissociation;AC=MS:1000422	not available	375m/z-1500m/z	not available	not available	not applicable	NT=TMT6plex;AC=UNIMOD:737;MT=fixed;PP=Any N-term	NT=TMT6plex;AC=UNIMOD:737;MT=fixed;TA=K;PP=Anywhere	NT=Oxidation;AC=UNIMOD:35;MT=variable;TA=M;PP=Anywhere	NT=Acetyl;AC=UNIMOD:1;MT=variable;PP=Protein N-term	v3.0.0	ms-proteomics v1.1.0	vertebrates v1.1.0	single-cell v1.0.0
PXD064518_TMT44_TMT127N	Mus musculus	heart	cardiac muscle cell	not available	cell	single cell	male	not available	adult	not available	not available	not pooled	PXD064518_TMT44_TMT127N	1	manual picking	not available	one cardiomyocyte; channel-to-genotype assignment unavailable	20221019_Ec_01_SC_CNIC-KI_TMT44	proteomic profiling by mass spectrometry	20221019_Ec_01_SC_CNIC-KI_TMT44.raw	ftp://ftp.pride.ebi.ac.uk/pride/data/archive/2026/04/PXD064518/20221019_Ec_01_SC_CNIC-KI_TMT44.raw	TMT127N	1	1	NT=Orbitrap Eclipse;AC=MS:1003029	NT=Data-dependent acquisition;AC=PRIDE:0000627	NT=Trypsin;AC=MS:1001251	TMT131	not applicable	TMT44	NT=collision-induced dissociation;AC=MS:1000133	NT=beam-type collision-induced dissociation;AC=MS:1000422	not available	375m/z-1500m/z	not available	not available	not applicable	NT=TMT6plex;AC=UNIMOD:737;MT=fixed;PP=Any N-term	NT=TMT6plex;AC=UNIMOD:737;MT=fixed;TA=K;PP=Anywhere	NT=Oxidation;AC=UNIMOD:35;MT=variable;TA=M;PP=Anywhere	NT=Acetyl;AC=UNIMOD:1;MT=variable;PP=Protein N-term	v3.0.0	ms-proteomics v1.1.0	vertebrates v1.1.0	single-cell v1.0.0
PXD064518_TMT44_TMT127C	Mus musculus	heart	cardiac muscle cell	not available	cell	single cell	male	not available	adult	not available	not available	not pooled	PXD064518_TMT44_TMT127C	1	manual picking	not available	one cardiomyocyte; channel-to-genotype assignment unavailable	20221019_Ec_01_SC_CNIC-KI_TMT44	proteomic profiling by mass spectrometry	20221019_Ec_01_SC_CNIC-KI_TMT44.raw	ftp://ftp.pride.ebi.ac.uk/pride/data/archive/2026/04/PXD064518/20221019_Ec_01_SC_CNIC-KI_TMT44.raw	TMT127C	1	1	NT=Orbitrap Eclipse;AC=MS:1003029	NT=Data-dependent acquisition;AC=PRIDE:0000627	NT=Trypsin;AC=MS:1001251	TMT131	not applicable	TMT44	NT=collision-induced dissociation;AC=MS:1000133	NT=beam-type collision-induced dissociation;AC=MS:1000422	not available	375m/z-1500m/z	not available	not available	not applicable	NT=TMT6plex;AC=UNIMOD:737;MT=fixed;PP=Any N-term	NT=TMT6plex;AC=UNIMOD:737;MT=fixed;TA=K;PP=Anywhere	NT=Oxidation;AC=UNIMOD:35;MT=variable;TA=M;PP=Anywhere	NT=Acetyl;AC=UNIMOD:1;MT=variable;PP=Protein N-term	v3.0.0	ms-proteomics v1.1.0	vertebrates v1.1.0	single-cell v1.0.0
PXD064518_TMT44_TMT128N	Mus musculus	heart	cardiac muscle cell	not available	cell	single cell	male	not available	adult	not available	not available	not pooled	PXD064518_TMT44_TMT128N	1	manual picking	not available	one cardiomyocyte; channel-to-genotype assignment unavailable	20221019_Ec_01_SC_CNIC-KI_TMT44	proteomic profiling by mass spectrometry	20221019_Ec_01_SC_CNIC-KI_TMT44.raw	ftp://ftp.pride.ebi.ac.uk/pride/data/archive/2026/04/PXD064518/20221019_Ec_01_SC_CNIC-KI_TMT44.raw	TMT128N	1	1	NT=Orbitrap Eclipse;AC=MS:1003029	NT=Data-dependent acquisition;AC=PRIDE:0000627	NT=Trypsin;AC=MS:1001251	TMT131	not applicable	TMT44	NT=collision-induced dissociation;AC=MS:1000133	NT=beam-type collision-induced dissociation;AC=MS:1000422	not available	375m/z-1500m/z	not available	not available	not applicable	NT=TMT6plex;AC=UNIMOD:737;MT=fixed;PP=Any N-term	NT=TMT6plex;AC=UNIMOD:737;MT=fixed;TA=K;PP=Anywhere	NT=Oxidation;AC=UNIMOD:35;MT=variable;TA=M;PP=Anywhere	NT=Acetyl;AC=UNIMOD:1;MT=variable;PP=Protein N-term	v3.0.0	ms-proteomics v1.1.0	vertebrates v1.1.0	single-cell v1.0.0
PXD064518_TMT44_TMT128C	Mus musculus	heart	cardiac muscle cell	not available	cell	single cell	male	not available	adult	not available	not available	not pooled	PXD064518_TMT44_TMT128C	1	manual picking	not available	one cardiomyocyte; channel-to-genotype assignment unavailable	20221019_Ec_01_SC_CNIC-KI_TMT44	proteomic profiling by mass spectrometry	20221019_Ec_01_SC_CNIC-KI_TMT44.raw	ftp://ftp.pride.ebi.ac.uk/pride/data/archive/2026/04/PXD064518/20221019_Ec_01_SC_CNIC-KI_TMT44.raw	TMT128C	1	1	NT=Orbitrap Eclipse;AC=MS:1003029	NT=Data-dependent acquisition;AC=PRIDE:0000627	NT=Trypsin;AC=MS:1001251	TMT131	not applicable	TMT44	NT=collision-induced dissociation;AC=MS:1000133	NT=beam-type collision-induced dissociation;AC=MS:1000422	not available	375m/z-1500m/z	not available	not available	not applicable	NT=TMT6plex;AC=UNIMOD:737;MT=fixed;PP=Any N-term	NT=TMT6plex;AC=UNIMOD:737;MT=fixed;TA=K;PP=Anywhere	NT=Oxidation;AC=UNIMOD:35;MT=variable;TA=M;PP=Anywhere	NT=Acetyl;AC=UNIMOD:1;MT=variable;PP=Protein N-term	v3.0.0	ms-proteomics v1.1.0	vertebrates v1.1.0	single-cell v1.0.0
PXD064518_TMT44_TMT129N	Mus musculus	heart	cardiac muscle cell	not available	cell	single cell	male	not available	adult	not available	not available	not pooled	PXD064518_TMT44_TMT129N	1	manual picking	not available	one cardiomyocyte; channel-to-genotype assignment unavailable	20221019_Ec_01_SC_CNIC-KI_TMT44	proteomic profiling by mass spectrometry	20221019_Ec_01_SC_CNIC-KI_TMT44.raw	ftp://ftp.pride.ebi.ac.uk/pride/data/archive/2026/04/PXD064518/20221019_Ec_01_SC_CNIC-KI_TMT44.raw	TMT129N	1	1	NT=Orbitrap Eclipse;AC=MS:1003029	NT=Data-dependent acquisition;AC=PRIDE:0000627	NT=Trypsin;AC=MS:1001251	TMT131	not applicable	TMT44	NT=collision-induced dissociation;AC=MS:1000133	NT=beam-type collision-induced dissociation;AC=MS:1000422	not available	375m/z-1500m/z	not available	not available	not applicable	NT=TMT6plex;AC=UNIMOD:737;MT=fixed;PP=Any N-term	NT=TMT6plex;AC=UNIMOD:737;MT=fixed;TA=K;PP=Anywhere	NT=Oxidation;AC=UNIMOD:35;MT=variable;TA=M;PP=Anywhere	NT=Acetyl;AC=UNIMOD:1;MT=variable;PP=Protein N-term	v3.0.0	ms-proteomics v1.1.0	vertebrates v1.1.0	single-cell v1.0.0
PXD064518_TMT44_TMT129C	Mus musculus	heart	cardiac muscle cell	not available	cell	single cell	male	not available	adult	not available	not available	not pooled	PXD064518_TMT44_TMT129C	1	manual picking	not available	one cardiomyocyte; channel-to-genotype assignment unavailable	20221019_Ec_01_SC_CNIC-KI_TMT44	proteomic profiling by mass spectrometry	20221019_Ec_01_SC_CNIC-KI_TMT44.raw	ftp://ftp.pride.ebi.ac.uk/pride/data/archive/2026/04/PXD064518/20221019_Ec_01_SC_CNIC-KI_TMT44.raw	TMT129C	1	1	NT=Orbitrap Eclipse;AC=MS:1003029	NT=Data-dependent acquisition;AC=PRIDE:0000627	NT=Trypsin;AC=MS:1001251	TMT131	not applicable	TMT44	NT=collision-induced dissociation;AC=MS:1000133	NT=beam-type collision-induced dissociation;AC=MS:1000422	not available	375m/z-1500m/z	not available	not available	not applicable	NT=TMT6plex;AC=UNIMOD:737;MT=fixed;PP=Any N-term	NT=TMT6plex;AC=UNIMOD:737;MT=fixed;TA=K;PP=Anywhere	NT=Oxidation;AC=UNIMOD:35;MT=variable;TA=M;PP=Anywhere	NT=Acetyl;AC=UNIMOD:1;MT=variable;PP=Protein N-term	v3.0.0	ms-proteomics v1.1.0	vertebrates v1.1.0	single-cell v1.0.0
PXD064518_TMT44_TMT130C	Mus musculus	heart	cardiac muscle cell	not available	cell	single cell	male	not available	adult	not available	not available	not pooled	PXD064518_TMT44_TMT130C	1	manual picking	not available	one cardiomyocyte; channel-to-genotype assignment unavailable	20221019_Ec_01_SC_CNIC-KI_TMT44	proteomic profiling by mass spectrometry	20221019_Ec_01_SC_CNIC-KI_TMT44.raw	ftp://ftp.pride.ebi.ac.uk/pride/data/archive/2026/04/PXD064518/20221019_Ec_01_SC_CNIC-KI_TMT44.raw	TMT130C	1	1	NT=Orbitrap Eclipse;AC=MS:1003029	NT=Data-dependent acquisition;AC=PRIDE:0000627	NT=Trypsin;AC=MS:1001251	TMT131	not applicable	TMT44	NT=collision-induced dissociation;AC=MS:1000133	NT=beam-type collision-induced dissociation;AC=MS:1000422	not available	375m/z-1500m/z	not available	not available	not applicable	NT=TMT6plex;AC=UNIMOD:737;MT=fixed;PP=Any N-term	NT=TMT6plex;AC=UNIMOD:737;MT=fixed;TA=K;PP=Anywhere	NT=Oxidation;AC=UNIMOD:35;MT=variable;TA=M;PP=Anywhere	NT=Acetyl;AC=UNIMOD:1;MT=variable;PP=Protein N-term	v3.0.0	ms-proteomics v1.1.0	vertebrates v1.1.0	single-cell v1.0.0
PXD064518_TMT44_TMT131	Mus musculus	heart	cardiac muscle cell	not available	cell	carrier	male	not available	adult	not available	pooled	pooled	not applicable	200	not available	mixed control and Myc-overexpressing cardiomyocytes	100 control plus 100 Myc-overexpressing cardiomyocytes	20221019_Ec_01_SC_CNIC-KI_TMT44	proteomic profiling by mass spectrometry	20221019_Ec_01_SC_CNIC-KI_TMT44.raw	ftp://ftp.pride.ebi.ac.uk/pride/data/archive/2026/04/PXD064518/20221019_Ec_01_SC_CNIC-KI_TMT44.raw	TMT131	1	1	NT=Orbitrap Eclipse;AC=MS:1003029	NT=Data-dependent acquisition;AC=PRIDE:0000627	NT=Trypsin;AC=MS:1001251	TMT131	not applicable	TMT44	NT=collision-induced dissociation;AC=MS:1000133	NT=beam-type collision-induced dissociation;AC=MS:1000422	not available	375m/z-1500m/z	not available	not available	not applicable	NT=TMT6plex;AC=UNIMOD:737;MT=fixed;PP=Any N-term	NT=TMT6plex;AC=UNIMOD:737;MT=fixed;TA=K;PP=Anywhere	NT=Oxidation;AC=UNIMOD:35;MT=variable;TA=M;PP=Anywhere	NT=Acetyl;AC=UNIMOD:1;MT=variable;PP=Protein N-term	v3.0.0	ms-proteomics v1.1.0	vertebrates v1.1.0	single-cell v1.0.0
PXD064518_TMT45_TMT126	Mus musculus	heart	cardiac muscle cell	not available	cell	single cell	male	not available	adult	not available	not available	not pooled	PXD064518_TMT45_TMT126	1	manual picking	not available	one cardiomyocyte; channel-to-genotype assignment unavailable	20221019_Ec_01_SC_CNIC-KI_TMT45	proteomic profiling by mass spectrometry	20221019_Ec_01_SC_CNIC-KI_TMT45.raw	ftp://ftp.pride.ebi.ac.uk/pride/data/archive/2026/04/PXD064518/20221019_Ec_01_SC_CNIC-KI_TMT45.raw	TMT126	1	1	NT=Orbitrap Eclipse;AC=MS:1003029	NT=Data-dependent acquisition;AC=PRIDE:0000627	NT=Trypsin;AC=MS:1001251	TMT131	not applicable	TMT45	NT=collision-induced dissociation;AC=MS:1000133	NT=beam-type collision-induced dissociation;AC=MS:1000422	not available	375m/z-1500m/z	not available	not available	not applicable	NT=TMT6plex;AC=UNIMOD:737;MT=fixed;PP=Any N-term	NT=TMT6plex;AC=UNIMOD:737;MT=fixed;TA=K;PP=Anywhere	NT=Oxidation;AC=UNIMOD:35;MT=variable;TA=M;PP=Anywhere	NT=Acetyl;AC=UNIMOD:1;MT=variable;PP=Protein N-term	v3.0.0	ms-proteomics v1.1.0	vertebrates v1.1.0	single-cell v1.0.0
PXD064518_TMT45_TMT127N	Mus musculus	heart	cardiac muscle cell	not available	cell	single cell	male	not available	adult	not available	not available	not pooled	PXD064518_TMT45_TMT127N	1	manual picking	not available	one cardiomyocyte; channel-to-genotype assignment unavailable	20221019_Ec_01_SC_CNIC-KI_TMT45	proteomic profiling by mass spectrometry	20221019_Ec_01_SC_CNIC-KI_TMT45.raw	ftp://ftp.pride.ebi.ac.uk/pride/data/archive/2026/04/PXD064518/20221019_Ec_01_SC_CNIC-KI_TMT45.raw	TMT127N	1	1	NT=Orbitrap Eclipse;AC=MS:1003029	NT=Data-dependent acquisition;AC=PRIDE:0000627	NT=Trypsin;AC=MS:1001251	TMT131	not applicable	TMT45	NT=collision-induced dissociation;AC=MS:1000133	NT=beam-type collision-induced dissociation;AC=MS:1000422	not available	375m/z-1500m/z	not available	not available	not applicable	NT=TMT6plex;AC=UNIMOD:737;MT=fixed;PP=Any N-term	NT=TMT6plex;AC=UNIMOD:737;MT=fixed;TA=K;PP=Anywhere	NT=Oxidation;AC=UNIMOD:35;MT=variable;TA=M;PP=Anywhere	NT=Acetyl;AC=UNIMOD:1;MT=variable;PP=Protein N-term	v3.0.0	ms-proteomics v1.1.0	vertebrates v1.1.0	single-cell v1.0.0
PXD064518_TMT45_TMT127C	Mus musculus	heart	cardiac muscle cell	not available	cell	single cell	male	not available	adult	not available	not available	not pooled	PXD064518_TMT45_TMT127C	1	manual picking	not available	one cardiomyocyte; channel-to-genotype assignment unavailable	20221019_Ec_01_SC_CNIC-KI_TMT45	proteomic profiling by mass spectrometry	20221019_Ec_01_SC_CNIC-KI_TMT45.raw	ftp://ftp.pride.ebi.ac.uk/pride/data/archive/2026/04/PXD064518/20221019_Ec_01_SC_CNIC-KI_TMT45.raw	TMT127C	1	1	NT=Orbitrap Eclipse;AC=MS:1003029	NT=Data-dependent acquisition;AC=PRIDE:0000627	NT=Trypsin;AC=MS:1001251	TMT131	not applicable	TMT45	NT=collision-induced dissociation;AC=MS:1000133	NT=beam-type collision-induced dissociation;AC=MS:1000422	not available	375m/z-1500m/z	not available	not available	not applicable	NT=TMT6plex;AC=UNIMOD:737;MT=fixed;PP=Any N-term	NT=TMT6plex;AC=UNIMOD:737;MT=fixed;TA=K;PP=Anywhere	NT=Oxidation;AC=UNIMOD:35;MT=variable;TA=M;PP=Anywhere	NT=Acetyl;AC=UNIMOD:1;MT=variable;PP=Protein N-term	v3.0.0	ms-proteomics v1.1.0	vertebrates v1.1.0	single-cell v1.0.0
PXD064518_TMT45_TMT128N	Mus musculus	heart	cardiac muscle cell	not available	cell	single cell	male	not available	adult	not available	not available	not pooled	PXD064518_TMT45_TMT128N	1	manual picking	not available	one cardiomyocyte; channel-to-genotype assignment unavailable	20221019_Ec_01_SC_CNIC-KI_TMT45	proteomic profiling by mass spectrometry	20221019_Ec_01_SC_CNIC-KI_TMT45.raw	ftp://ftp.pride.ebi.ac.uk/pride/data/archive/2026/04/PXD064518/20221019_Ec_01_SC_CNIC-KI_TMT45.raw	TMT128N	1	1	NT=Orbitrap Eclipse;AC=MS:1003029	NT=Data-dependent acquisition;AC=PRIDE:0000627	NT=Trypsin;AC=MS:1001251	TMT131	not applicable	TMT45	NT=collision-induced dissociation;AC=MS:1000133	NT=beam-type collision-induced dissociation;AC=MS:1000422	not available	375m/z-1500m/z	not available	not available	not applicable	NT=TMT6plex;AC=UNIMOD:737;MT=fixed;PP=Any N-term	NT=TMT6plex;AC=UNIMOD:737;MT=fixed;TA=K;PP=Anywhere	NT=Oxidation;AC=UNIMOD:35;MT=variable;TA=M;PP=Anywhere	NT=Acetyl;AC=UNIMOD:1;MT=variable;PP=Protein N-term	v3.0.0	ms-proteomics v1.1.0	vertebrates v1.1.0	single-cell v1.0.0
PXD064518_TMT45_TMT128C	Mus musculus	heart	cardiac muscle cell	not available	cell	single cell	male	not available	adult	not available	not available	not pooled	PXD064518_TMT45_TMT128C	1	manual picking	not available	one cardiomyocyte; channel-to-genotype assignment unavailable	20221019_Ec_01_SC_CNIC-KI_TMT45	proteomic profiling by mass spectrometry	20221019_Ec_01_SC_CNIC-KI_TMT45.raw	ftp://ftp.pride.ebi.ac.uk/pride/data/archive/2026/04/PXD064518/20221019_Ec_01_SC_CNIC-KI_TMT45.raw	TMT128C	1	1	NT=Orbitrap Eclipse;AC=MS:1003029	NT=Data-dependent acquisition;AC=PRIDE:0000627	NT=Trypsin;AC=MS:1001251	TMT131	not applicable	TMT45	NT=collision-induced dissociation;AC=MS:1000133	NT=beam-type collision-induced dissociation;AC=MS:1000422	not available	375m/z-1500m/z	not available	not available	not applicable	NT=TMT6plex;AC=UNIMOD:737;MT=fixed;PP=Any N-term	NT=TMT6plex;AC=UNIMOD:737;MT=fixed;TA=K;PP=Anywhere	NT=Oxidation;AC=UNIMOD:35;MT=variable;TA=M;PP=Anywhere	NT=Acetyl;AC=UNIMOD:1;MT=variable;PP=Protein N-term	v3.0.0	ms-proteomics v1.1.0	vertebrates v1.1.0	single-cell v1.0.0
PXD064518_TMT45_TMT129N	Mus musculus	heart	cardiac muscle cell	not available	cell	single cell	male	not available	adult	not available	not available	not pooled	PXD064518_TMT45_TMT129N	1	manual picking	not available	one cardiomyocyte; channel-to-genotype assignment unavailable	20221019_Ec_01_SC_CNIC-KI_TMT45	proteomic profiling by mass spectrometry	20221019_Ec_01_SC_CNIC-KI_TMT45.raw	ftp://ftp.pride.ebi.ac.uk/pride/data/archive/2026/04/PXD064518/20221019_Ec_01_SC_CNIC-KI_TMT45.raw	TMT129N	1	1	NT=Orbitrap Eclipse;AC=MS:1003029	NT=Data-dependent acquisition;AC=PRIDE:0000627	NT=Trypsin;AC=MS:1001251	TMT131	not applicable	TMT45	NT=collision-induced dissociation;AC=MS:1000133	NT=beam-type collision-induced dissociation;AC=MS:1000422	not available	375m/z-1500m/z	not available	not available	not applicable	NT=TMT6plex;AC=UNIMOD:737;MT=fixed;PP=Any N-term	NT=TMT6plex;AC=UNIMOD:737;MT=fixed;TA=K;PP=Anywhere	NT=Oxidation;AC=UNIMOD:35;MT=variable;TA=M;PP=Anywhere	NT=Acetyl;AC=UNIMOD:1;MT=variable;PP=Protein N-term	v3.0.0	ms-proteomics v1.1.0	vertebrates v1.1.0	single-cell v1.0.0
PXD064518_TMT45_TMT129C	Mus musculus	heart	cardiac muscle cell	not available	cell	single cell	male	not available	adult	not available	not available	not pooled	PXD064518_TMT45_TMT129C	1	manual picking	not available	one cardiomyocyte; channel-to-genotype assignment unavailable	20221019_Ec_01_SC_CNIC-KI_TMT45	proteomic profiling by mass spectrometry	20221019_Ec_01_SC_CNIC-KI_TMT45.raw	ftp://ftp.pride.ebi.ac.uk/pride/data/archive/2026/04/PXD064518/20221019_Ec_01_SC_CNIC-KI_TMT45.raw	TMT129C	1	1	NT=Orbitrap Eclipse;AC=MS:1003029	NT=Data-dependent acquisition;AC=PRIDE:0000627	NT=Trypsin;AC=MS:1001251	TMT131	not applicable	TMT45	NT=collision-induced dissociation;AC=MS:1000133	NT=beam-type collision-induced dissociation;AC=MS:1000422	not available	375m/z-1500m/z	not available	not available	not applicable	NT=TMT6plex;AC=UNIMOD:737;MT=fixed;PP=Any N-term	NT=TMT6plex;AC=UNIMOD:737;MT=fixed;TA=K;PP=Anywhere	NT=Oxidation;AC=UNIMOD:35;MT=variable;TA=M;PP=Anywhere	NT=Acetyl;AC=UNIMOD:1;MT=variable;PP=Protein N-term	v3.0.0	ms-proteomics v1.1.0	vertebrates v1.1.0	single-cell v1.0.0
PXD064518_TMT45_TMT130C	Mus musculus	heart	cardiac muscle cell	not available	cell	single cell	male	not available	adult	not available	not available	not pooled	PXD064518_TMT45_TMT130C	1	manual picking	not available	one cardiomyocyte; channel-to-genotype assignment unavailable	20221019_Ec_01_SC_CNIC-KI_TMT45	proteomic profiling by mass spectrometry	20221019_Ec_01_SC_CNIC-KI_TMT45.raw	ftp://ftp.pride.ebi.ac.uk/pride/data/archive/2026/04/PXD064518/20221019_Ec_01_SC_CNIC-KI_TMT45.raw	TMT130C	1	1	NT=Orbitrap Eclipse;AC=MS:1003029	NT=Data-dependent acquisition;AC=PRIDE:0000627	NT=Trypsin;AC=MS:1001251	TMT131	not applicable	TMT45	NT=collision-induced dissociation;AC=MS:1000133	NT=beam-type collision-induced dissociation;AC=MS:1000422	not available	375m/z-1500m/z	not available	not available	not applicable	NT=TMT6plex;AC=UNIMOD:737;MT=fixed;PP=Any N-term	NT=TMT6plex;AC=UNIMOD:737;MT=fixed;TA=K;PP=Anywhere	NT=Oxidation;AC=UNIMOD:35;MT=variable;TA=M;PP=Anywhere	NT=Acetyl;AC=UNIMOD:1;MT=variable;PP=Protein N-term	v3.0.0	ms-proteomics v1.1.0	vertebrates v1.1.0	single-cell v1.0.0
PXD064518_TMT45_TMT131	Mus musculus	heart	cardiac muscle cell	not available	cell	carrier	male	not available	adult	not available	pooled	pooled	not applicable	200	not available	mixed control and Myc-overexpressing cardiomyocytes	100 control plus 100 Myc-overexpressing cardiomyocytes	20221019_Ec_01_SC_CNIC-KI_TMT45	proteomic profiling by mass spectrometry	20221019_Ec_01_SC_CNIC-KI_TMT45.raw	ftp://ftp.pride.ebi.ac.uk/pride/data/archive/2026/04/PXD064518/20221019_Ec_01_SC_CNIC-KI_TMT45.raw	TMT131	1	1	NT=Orbitrap Eclipse;AC=MS:1003029	NT=Data-dependent acquisition;AC=PRIDE:0000627	NT=Trypsin;AC=MS:1001251	TMT131	not applicable	TMT45	NT=collision-induced dissociation;AC=MS:1000133	NT=beam-type collision-induced dissociation;AC=MS:1000422	not available	375m/z-1500m/z	not available	not available	not applicable	NT=TMT6plex;AC=UNIMOD:737;MT=fixed;PP=Any N-term	NT=TMT6plex;AC=UNIMOD:737;MT=fixed;TA=K;PP=Anywhere	NT=Oxidation;AC=UNIMOD:35;MT=variable;TA=M;PP=Anywhere	NT=Acetyl;AC=UNIMOD:1;MT=variable;PP=Protein N-term	v3.0.0	ms-proteomics v1.1.0	vertebrates v1.1.0	single-cell v1.0.0
PXD064518_TMT46_TMT126	Mus musculus	heart	cardiac muscle cell	not available	cell	single cell	male	not available	adult	not available	not available	not pooled	PXD064518_TMT46_TMT126	1	manual picking	not available	one cardiomyocyte; channel-to-genotype assignment unavailable	20221019_Ec_01_SC_CNIC-KI_TMT46	proteomic profiling by mass spectrometry	20221019_Ec_01_SC_CNIC-KI_TMT46.raw	ftp://ftp.pride.ebi.ac.uk/pride/data/archive/2026/04/PXD064518/20221019_Ec_01_SC_CNIC-KI_TMT46.raw	TMT126	1	1	NT=Orbitrap Eclipse;AC=MS:1003029	NT=Data-dependent acquisition;AC=PRIDE:0000627	NT=Trypsin;AC=MS:1001251	TMT131	not applicable	TMT46	NT=collision-induced dissociation;AC=MS:1000133	NT=beam-type collision-induced dissociation;AC=MS:1000422	not available	375m/z-1500m/z	not available	not available	not applicable	NT=TMT6plex;AC=UNIMOD:737;MT=fixed;PP=Any N-term	NT=TMT6plex;AC=UNIMOD:737;MT=fixed;TA=K;PP=Anywhere	NT=Oxidation;AC=UNIMOD:35;MT=variable;TA=M;PP=Anywhere	NT=Acetyl;AC=UNIMOD:1;MT=variable;PP=Protein N-term	v3.0.0	ms-proteomics v1.1.0	vertebrates v1.1.0	single-cell v1.0.0
PXD064518_TMT46_TMT127N	Mus musculus	heart	cardiac muscle cell	not available	cell	single cell	male	not available	adult	not available	not available	not pooled	PXD064518_TMT46_TMT127N	1	manual picking	not available	one cardiomyocyte; channel-to-genotype assignment unavailable	20221019_Ec_01_SC_CNIC-KI_TMT46	proteomic profiling by mass spectrometry	20221019_Ec_01_SC_CNIC-KI_TMT46.raw	ftp://ftp.pride.ebi.ac.uk/pride/data/archive/2026/04/PXD064518/20221019_Ec_01_SC_CNIC-KI_TMT46.raw	TMT127N	1	1	NT=Orbitrap Eclipse;AC=MS:1003029	NT=Data-dependent acquisition;AC=PRIDE:0000627	NT=Trypsin;AC=MS:1001251	TMT131	not applicable	TMT46	NT=collision-induced dissociation;AC=MS:1000133	NT=beam-type collision-induced dissociation;AC=MS:1000422	not available	375m/z-1500m/z	not available	not available	not applicable	NT=TMT6plex;AC=UNIMOD:737;MT=fixed;PP=Any N-term	NT=TMT6plex;AC=UNIMOD:737;MT=fixed;TA=K;PP=Anywhere	NT=Oxidation;AC=UNIMOD:35;MT=variable;TA=M;PP=Anywhere	NT=Acetyl;AC=UNIMOD:1;MT=variable;PP=Protein N-term	v3.0.0	ms-proteomics v1.1.0	vertebrates v1.1.0	single-cell v1.0.0
PXD064518_TMT46_TMT127C	Mus musculus	heart	cardiac muscle cell	not available	cell	single cell	male	not available	adult	not available	not available	not pooled	PXD064518_TMT46_TMT127C	1	manual picking	not available	one cardiomyocyte; channel-to-genotype assignment unavailable	20221019_Ec_01_SC_CNIC-KI_TMT46	proteomic profiling by mass spectrometry	20221019_Ec_01_SC_CNIC-KI_TMT46.raw	ftp://ftp.pride.ebi.ac.uk/pride/data/archive/2026/04/PXD064518/20221019_Ec_01_SC_CNIC-KI_TMT46.raw	TMT127C	1	1	NT=Orbitrap Eclipse;AC=MS:1003029	NT=Data-dependent acquisition;AC=PRIDE:0000627	NT=Trypsin;AC=MS:1001251	TMT131	not applicable	TMT46	NT=collision-induced dissociation;AC=MS:1000133	NT=beam-type collision-induced dissociation;AC=MS:1000422	not available	375m/z-1500m/z	not available	not available	not applicable	NT=TMT6plex;AC=UNIMOD:737;MT=fixed;PP=Any N-term	NT=TMT6plex;AC=UNIMOD:737;MT=fixed;TA=K;PP=Anywhere	NT=Oxidation;AC=UNIMOD:35;MT=variable;TA=M;PP=Anywhere	NT=Acetyl;AC=UNIMOD:1;MT=variable;PP=Protein N-term	v3.0.0	ms-proteomics v1.1.0	vertebrates v1.1.0	single-cell v1.0.0
PXD064518_TMT46_TMT128N	Mus musculus	heart	cardiac muscle cell	not available	cell	single cell	male	not available	adult	not available	not available	not pooled	PXD064518_TMT46_TMT128N	1	manual picking	not available	one cardiomyocyte; channel-to-genotype assignment unavailable	20221019_Ec_01_SC_CNIC-KI_TMT46	proteomic profiling by mass spectrometry	20221019_Ec_01_SC_CNIC-KI_TMT46.raw	ftp://ftp.pride.ebi.ac.uk/pride/data/archive/2026/04/PXD064518/20221019_Ec_01_SC_CNIC-KI_TMT46.raw	TMT128N	1	1	NT=Orbitrap Eclipse;AC=MS:1003029	NT=Data-dependent acquisition;AC=PRIDE:0000627	NT=Trypsin;AC=MS:1001251	TMT131	not applicable	TMT46	NT=collision-induced dissociation;AC=MS:1000133	NT=beam-type collision-induced dissociation;AC=MS:1000422	not available	375m/z-1500m/z	not available	not available	not applicable	NT=TMT6plex;AC=UNIMOD:737;MT=fixed;PP=Any N-term	NT=TMT6plex;AC=UNIMOD:737;MT=fixed;TA=K;PP=Anywhere	NT=Oxidation;AC=UNIMOD:35;MT=variable;TA=M;PP=Anywhere	NT=Acetyl;AC=UNIMOD:1;MT=variable;PP=Protein N-term	v3.0.0	ms-proteomics v1.1.0	vertebrates v1.1.0	single-cell v1.0.0
PXD064518_TMT46_TMT128C	Mus musculus	heart	cardiac muscle cell	not available	cell	single cell	male	not available	adult	not available	not available	not pooled	PXD064518_TMT46_TMT128C	1	manual picking	not available	one cardiomyocyte; channel-to-genotype assignment unavailable	20221019_Ec_01_SC_CNIC-KI_TMT46	proteomic profiling by mass spectrometry	20221019_Ec_01_SC_CNIC-KI_TMT46.raw	ftp://ftp.pride.ebi.ac.uk/pride/data/archive/2026/04/PXD064518/20221019_Ec_01_SC_CNIC-KI_TMT46.raw	TMT128C	1	1	NT=Orbitrap Eclipse;AC=MS:1003029	NT=Data-dependent acquisition;AC=PRIDE:0000627	NT=Trypsin;AC=MS:1001251	TMT131	not applicable	TMT46	NT=collision-induced dissociation;AC=MS:1000133	NT=beam-type collision-induced dissociation;AC=MS:1000422	not available	375m/z-1500m/z	not available	not available	not applicable	NT=TMT6plex;AC=UNIMOD:737;MT=fixed;PP=Any N-term	NT=TMT6plex;AC=UNIMOD:737;MT=fixed;TA=K;PP=Anywhere	NT=Oxidation;AC=UNIMOD:35;MT=variable;TA=M;PP=Anywhere	NT=Acetyl;AC=UNIMOD:1;MT=variable;PP=Protein N-term	v3.0.0	ms-proteomics v1.1.0	vertebrates v1.1.0	single-cell v1.0.0
PXD064518_TMT46_TMT129N	Mus musculus	heart	cardiac muscle cell	not available	cell	single cell	male	not available	adult	not available	not available	not pooled	PXD064518_TMT46_TMT129N	1	manual picking	not available	one cardiomyocyte; channel-to-genotype assignment unavailable	20221019_Ec_01_SC_CNIC-KI_TMT46	proteomic profiling by mass spectrometry	20221019_Ec_01_SC_CNIC-KI_TMT46.raw	ftp://ftp.pride.ebi.ac.uk/pride/data/archive/2026/04/PXD064518/20221019_Ec_01_SC_CNIC-KI_TMT46.raw	TMT129N	1	1	NT=Orbitrap Eclipse;AC=MS:1003029	NT=Data-dependent acquisition;AC=PRIDE:0000627	NT=Trypsin;AC=MS:1001251	TMT131	not applicable	TMT46	NT=collision-induced dissociation;AC=MS:1000133	NT=beam-type collision-induced dissociation;AC=MS:1000422	not available	375m/z-1500m/z	not available	not available	not applicable	NT=TMT6plex;AC=UNIMOD:737;MT=fixed;PP=Any N-term	NT=TMT6plex;AC=UNIMOD:737;MT=fixed;TA=K;PP=Anywhere	NT=Oxidation;AC=UNIMOD:35;MT=variable;TA=M;PP=Anywhere	NT=Acetyl;AC=UNIMOD:1;MT=variable;PP=Protein N-term	v3.0.0	ms-proteomics v1.1.0	vertebrates v1.1.0	single-cell v1.0.0
PXD064518_TMT46_TMT129C	Mus musculus	heart	cardiac muscle cell	not available	cell	single cell	male	not available	adult	not available	not available	not pooled	PXD064518_TMT46_TMT129C	1	manual picking	not available	one cardiomyocyte; channel-to-genotype assignment unavailable	20221019_Ec_01_SC_CNIC-KI_TMT46	proteomic profiling by mass spectrometry	20221019_Ec_01_SC_CNIC-KI_TMT46.raw	ftp://ftp.pride.ebi.ac.uk/pride/data/archive/2026/04/PXD064518/20221019_Ec_01_SC_CNIC-KI_TMT46.raw	TMT129C	1	1	NT=Orbitrap Eclipse;AC=MS:1003029	NT=Data-dependent acquisition;AC=PRIDE:0000627	NT=Trypsin;AC=MS:1001251	TMT131	not applicable	TMT46	NT=collision-induced dissociation;AC=MS:1000133	NT=beam-type collision-induced dissociation;AC=MS:1000422	not available	375m/z-1500m/z	not available	not available	not applicable	NT=TMT6plex;AC=UNIMOD:737;MT=fixed;PP=Any N-term	NT=TMT6plex;AC=UNIMOD:737;MT=fixed;TA=K;PP=Anywhere	NT=Oxidation;AC=UNIMOD:35;MT=variable;TA=M;PP=Anywhere	NT=Acetyl;AC=UNIMOD:1;MT=variable;PP=Protein N-term	v3.0.0	ms-proteomics v1.1.0	vertebrates v1.1.0	single-cell v1.0.0
PXD064518_TMT46_TMT130C	Mus musculus	heart	cardiac muscle cell	not available	cell	single cell	male	not available	adult	not available	not available	not pooled	PXD064518_TMT46_TMT130C	1	manual picking	not available	one cardiomyocyte; channel-to-genotype assignment unavailable	20221019_Ec_01_SC_CNIC-KI_TMT46	proteomic profiling by mass spectrometry	20221019_Ec_01_SC_CNIC-KI_TMT46.raw	ftp://ftp.pride.ebi.ac.uk/pride/data/archive/2026/04/PXD064518/20221019_Ec_01_SC_CNIC-KI_TMT46.raw	TMT130C	1	1	NT=Orbitrap Eclipse;AC=MS:1003029	NT=Data-dependent acquisition;AC=PRIDE:0000627	NT=Trypsin;AC=MS:1001251	TMT131	not applicable	TMT46	NT=collision-induced dissociation;AC=MS:1000133	NT=beam-type collision-induced dissociation;AC=MS:1000422	not available	375m/z-1500m/z	not available	not available	not applicable	NT=TMT6plex;AC=UNIMOD:737;MT=fixed;PP=Any N-term	NT=TMT6plex;AC=UNIMOD:737;MT=fixed;TA=K;PP=Anywhere	NT=Oxidation;AC=UNIMOD:35;MT=variable;TA=M;PP=Anywhere	NT=Acetyl;AC=UNIMOD:1;MT=variable;PP=Protein N-term	v3.0.0	ms-proteomics v1.1.0	vertebrates v1.1.0	single-cell v1.0.0
PXD064518_TMT46_TMT131	Mus musculus	heart	cardiac muscle cell	not available	cell	carrier	male	not available	adult	not available	pooled	pooled	not applicable	200	not available	mixed control and Myc-overexpressing cardiomyocytes	100 control plus 100 Myc-overexpressing cardiomyocytes	20221019_Ec_01_SC_CNIC-KI_TMT46	proteomic profiling by mass spectrometry	20221019_Ec_01_SC_CNIC-KI_TMT46.raw	ftp://ftp.pride.ebi.ac.uk/pride/data/archive/2026/04/PXD064518/20221019_Ec_01_SC_CNIC-KI_TMT46.raw	TMT131	1	1	NT=Orbitrap Eclipse;AC=MS:1003029	NT=Data-dependent acquisition;AC=PRIDE:0000627	NT=Trypsin;AC=MS:1001251	TMT131	not applicable	TMT46	NT=collision-induced dissociation;AC=MS:1000133	NT=beam-type collision-induced dissociation;AC=MS:1000422	not available	375m/z-1500m/z	not available	not available	not applicable	NT=TMT6plex;AC=UNIMOD:737;MT=fixed;PP=Any N-term	NT=TMT6plex;AC=UNIMOD:737;MT=fixed;TA=K;PP=Anywhere	NT=Oxidation;AC=UNIMOD:35;MT=variable;TA=M;PP=Anywhere	NT=Acetyl;AC=UNIMOD:1;MT=variable;PP=Protein N-term	v3.0.0	ms-proteomics v1.1.0	vertebrates v1.1.0	single-cell v1.0.0
PXD064518_TMT47_TMT126	Mus musculus	heart	cardiac muscle cell	not available	cell	single cell	male	not available	adult	not available	not available	not pooled	PXD064518_TMT47_TMT126	1	manual picking	not available	one cardiomyocyte; channel-to-genotype assignment unavailable	20221019_Ec_01_SC_CNIC-KI_TMT47	proteomic profiling by mass spectrometry	20221019_Ec_01_SC_CNIC-KI_TMT47.raw	ftp://ftp.pride.ebi.ac.uk/pride/data/archive/2026/04/PXD064518/20221019_Ec_01_SC_CNIC-KI_TMT47.raw	TMT126	1	1	NT=Orbitrap Eclipse;AC=MS:1003029	NT=Data-dependent acquisition;AC=PRIDE:0000627	NT=Trypsin;AC=MS:1001251	TMT131	not applicable	TMT47	NT=collision-induced dissociation;AC=MS:1000133	NT=beam-type collision-induced dissociation;AC=MS:1000422	not available	375m/z-1500m/z	not available	not available	not applicable	NT=TMT6plex;AC=UNIMOD:737;MT=fixed;PP=Any N-term	NT=TMT6plex;AC=UNIMOD:737;MT=fixed;TA=K;PP=Anywhere	NT=Oxidation;AC=UNIMOD:35;MT=variable;TA=M;PP=Anywhere	NT=Acetyl;AC=UNIMOD:1;MT=variable;PP=Protein N-term	v3.0.0	ms-proteomics v1.1.0	vertebrates v1.1.0	single-cell v1.0.0
PXD064518_TMT47_TMT127N	Mus musculus	heart	cardiac muscle cell	not available	cell	single cell	male	not available	adult	not available	not available	not pooled	PXD064518_TMT47_TMT127N	1	manual picking	not available	one cardiomyocyte; channel-to-genotype assignment unavailable	20221019_Ec_01_SC_CNIC-KI_TMT47	proteomic profiling by mass spectrometry	20221019_Ec_01_SC_CNIC-KI_TMT47.raw	ftp://ftp.pride.ebi.ac.uk/pride/data/archive/2026/04/PXD064518/20221019_Ec_01_SC_CNIC-KI_TMT47.raw	TMT127N	1	1	NT=Orbitrap Eclipse;AC=MS:1003029	NT=Data-dependent acquisition;AC=PRIDE:0000627	NT=Trypsin;AC=MS:1001251	TMT131	not applicable	TMT47	NT=collision-induced dissociation;AC=MS:1000133	NT=beam-type collision-induced dissociation;AC=MS:1000422	not available	375m/z-1500m/z	not available	not available	not applicable	NT=TMT6plex;AC=UNIMOD:737;MT=fixed;PP=Any N-term	NT=TMT6plex;AC=UNIMOD:737;MT=fixed;TA=K;PP=Anywhere	NT=Oxidation;AC=UNIMOD:35;MT=variable;TA=M;PP=Anywhere	NT=Acetyl;AC=UNIMOD:1;MT=variable;PP=Protein N-term	v3.0.0	ms-proteomics v1.1.0	vertebrates v1.1.0	single-cell v1.0.0
PXD064518_TMT47_TMT127C	Mus musculus	heart	cardiac muscle cell	not available	cell	single cell	male	not available	adult	not available	not available	not pooled	PXD064518_TMT47_TMT127C	1	manual picking	not available	one cardiomyocyte; channel-to-genotype assignment unavailable	20221019_Ec_01_SC_CNIC-KI_TMT47	proteomic profiling by mass spectrometry	20221019_Ec_01_SC_CNIC-KI_TMT47.raw	ftp://ftp.pride.ebi.ac.uk/pride/data/archive/2026/04/PXD064518/20221019_Ec_01_SC_CNIC-KI_TMT47.raw	TMT127C	1	1	NT=Orbitrap Eclipse;AC=MS:1003029	NT=Data-dependent acquisition;AC=PRIDE:0000627	NT=Trypsin;AC=MS:1001251	TMT131	not applicable	TMT47	NT=collision-induced dissociation;AC=MS:1000133	NT=beam-type collision-induced dissociation;AC=MS:1000422	not available	375m/z-1500m/z	not available	not available	not applicable	NT=TMT6plex;AC=UNIMOD:737;MT=fixed;PP=Any N-term	NT=TMT6plex;AC=UNIMOD:737;MT=fixed;TA=K;PP=Anywhere	NT=Oxidation;AC=UNIMOD:35;MT=variable;TA=M;PP=Anywhere	NT=Acetyl;AC=UNIMOD:1;MT=variable;PP=Protein N-term	v3.0.0	ms-proteomics v1.1.0	vertebrates v1.1.0	single-cell v1.0.0
PXD064518_TMT47_TMT128N	Mus musculus	heart	cardiac muscle cell	not available	cell	single cell	male	not available	adult	not available	not available	not pooled	PXD064518_TMT47_TMT128N	1	manual picking	not available	one cardiomyocyte; channel-to-genotype assignment unavailable	20221019_Ec_01_SC_CNIC-KI_TMT47	proteomic profiling by mass spectrometry	20221019_Ec_01_SC_CNIC-KI_TMT47.raw	ftp://ftp.pride.ebi.ac.uk/pride/data/archive/2026/04/PXD064518/20221019_Ec_01_SC_CNIC-KI_TMT47.raw	TMT128N	1	1	NT=Orbitrap Eclipse;AC=MS:1003029	NT=Data-dependent acquisition;AC=PRIDE:0000627	NT=Trypsin;AC=MS:1001251	TMT131	not applicable	TMT47	NT=collision-induced dissociation;AC=MS:1000133	NT=beam-type collision-induced dissociation;AC=MS:1000422	not available	375m/z-1500m/z	not available	not available	not applicable	NT=TMT6plex;AC=UNIMOD:737;MT=fixed;PP=Any N-term	NT=TMT6plex;AC=UNIMOD:737;MT=fixed;TA=K;PP=Anywhere	NT=Oxidation;AC=UNIMOD:35;MT=variable;TA=M;PP=Anywhere	NT=Acetyl;AC=UNIMOD:1;MT=variable;PP=Protein N-term	v3.0.0	ms-proteomics v1.1.0	vertebrates v1.1.0	single-cell v1.0.0
PXD064518_TMT47_TMT128C	Mus musculus	heart	cardiac muscle cell	not available	cell	single cell	male	not available	adult	not available	not available	not pooled	PXD064518_TMT47_TMT128C	1	manual picking	not available	one cardiomyocyte; channel-to-genotype assignment unavailable	20221019_Ec_01_SC_CNIC-KI_TMT47	proteomic profiling by mass spectrometry	20221019_Ec_01_SC_CNIC-KI_TMT47.raw	ftp://ftp.pride.ebi.ac.uk/pride/data/archive/2026/04/PXD064518/20221019_Ec_01_SC_CNIC-KI_TMT47.raw	TMT128C	1	1	NT=Orbitrap Eclipse;AC=MS:1003029	NT=Data-dependent acquisition;AC=PRIDE:0000627	NT=Trypsin;AC=MS:1001251	TMT131	not applicable	TMT47	NT=collision-induced dissociation;AC=MS:1000133	NT=beam-type collision-induced dissociation;AC=MS:1000422	not available	375m/z-1500m/z	not available	not available	not applicable	NT=TMT6plex;AC=UNIMOD:737;MT=fixed;PP=Any N-term	NT=TMT6plex;AC=UNIMOD:737;MT=fixed;TA=K;PP=Anywhere	NT=Oxidation;AC=UNIMOD:35;MT=variable;TA=M;PP=Anywhere	NT=Acetyl;AC=UNIMOD:1;MT=variable;PP=Protein N-term	v3.0.0	ms-proteomics v1.1.0	vertebrates v1.1.0	single-cell v1.0.0
PXD064518_TMT47_TMT129N	Mus musculus	heart	cardiac muscle cell	not available	cell	single cell	male	not available	adult	not available	not available	not pooled	PXD064518_TMT47_TMT129N	1	manual picking	not available	one cardiomyocyte; channel-to-genotype assignment unavailable	20221019_Ec_01_SC_CNIC-KI_TMT47	proteomic profiling by mass spectrometry	20221019_Ec_01_SC_CNIC-KI_TMT47.raw	ftp://ftp.pride.ebi.ac.uk/pride/data/archive/2026/04/PXD064518/20221019_Ec_01_SC_CNIC-KI_TMT47.raw	TMT129N	1	1	NT=Orbitrap Eclipse;AC=MS:1003029	NT=Data-dependent acquisition;AC=PRIDE:0000627	NT=Trypsin;AC=MS:1001251	TMT131	not applicable	TMT47	NT=collision-induced dissociation;AC=MS:1000133	NT=beam-type collision-induced dissociation;AC=MS:1000422	not available	375m/z-1500m/z	not available	not available	not applicable	NT=TMT6plex;AC=UNIMOD:737;MT=fixed;PP=Any N-term	NT=TMT6plex;AC=UNIMOD:737;MT=fixed;TA=K;PP=Anywhere	NT=Oxidation;AC=UNIMOD:35;MT=variable;TA=M;PP=Anywhere	NT=Acetyl;AC=UNIMOD:1;MT=variable;PP=Protein N-term	v3.0.0	ms-proteomics v1.1.0	vertebrates v1.1.0	single-cell v1.0.0
PXD064518_TMT47_TMT129C	Mus musculus	heart	cardiac muscle cell	not available	cell	single cell	male	not available	adult	not available	not available	not pooled	PXD064518_TMT47_TMT129C	1	manual picking	not available	one cardiomyocyte; channel-to-genotype assignment unavailable	20221019_Ec_01_SC_CNIC-KI_TMT47	proteomic profiling by mass spectrometry	20221019_Ec_01_SC_CNIC-KI_TMT47.raw	ftp://ftp.pride.ebi.ac.uk/pride/data/archive/2026/04/PXD064518/20221019_Ec_01_SC_CNIC-KI_TMT47.raw	TMT129C	1	1	NT=Orbitrap Eclipse;AC=MS:1003029	NT=Data-dependent acquisition;AC=PRIDE:0000627	NT=Trypsin;AC=MS:1001251	TMT131	not applicable	TMT47	NT=collision-induced dissociation;AC=MS:1000133	NT=beam-type collision-induced dissociation;AC=MS:1000422	not available	375m/z-1500m/z	not available	not available	not applicable	NT=TMT6plex;AC=UNIMOD:737;MT=fixed;PP=Any N-term	NT=TMT6plex;AC=UNIMOD:737;MT=fixed;TA=K;PP=Anywhere	NT=Oxidation;AC=UNIMOD:35;MT=variable;TA=M;PP=Anywhere	NT=Acetyl;AC=UNIMOD:1;MT=variable;PP=Protein N-term	v3.0.0	ms-proteomics v1.1.0	vertebrates v1.1.0	single-cell v1.0.0
PXD064518_TMT47_TMT130C	Mus musculus	heart	cardiac muscle cell	not available	cell	single cell	male	not available	adult	not available	not available	not pooled	PXD064518_TMT47_TMT130C	1	manual picking	not available	one cardiomyocyte; channel-to-genotype assignment unavailable	20221019_Ec_01_SC_CNIC-KI_TMT47	proteomic profiling by mass spectrometry	20221019_Ec_01_SC_CNIC-KI_TMT47.raw	ftp://ftp.pride.ebi.ac.uk/pride/data/archive/2026/04/PXD064518/20221019_Ec_01_SC_CNIC-KI_TMT47.raw	TMT130C	1	1	NT=Orbitrap Eclipse;AC=MS:1003029	NT=Data-dependent acquisition;AC=PRIDE:0000627	NT=Trypsin;AC=MS:1001251	TMT131	not applicable	TMT47	NT=collision-induced dissociation;AC=MS:1000133	NT=beam-type collision-induced dissociation;AC=MS:1000422	not available	375m/z-1500m/z	not available	not available	not applicable	NT=TMT6plex;AC=UNIMOD:737;MT=fixed;PP=Any N-term	NT=TMT6plex;AC=UNIMOD:737;MT=fixed;TA=K;PP=Anywhere	NT=Oxidation;AC=UNIMOD:35;MT=variable;TA=M;PP=Anywhere	NT=Acetyl;AC=UNIMOD:1;MT=variable;PP=Protein N-term	v3.0.0	ms-proteomics v1.1.0	vertebrates v1.1.0	single-cell v1.0.0
PXD064518_TMT47_TMT131	Mus musculus	heart	cardiac muscle cell	not available	cell	carrier	male	not available	adult	not available	pooled	pooled	not applicable	200	not available	mixed control and Myc-overexpressing cardiomyocytes	100 control plus 100 Myc-overexpressing cardiomyocytes	20221019_Ec_01_SC_CNIC-KI_TMT47	proteomic profiling by mass spectrometry	20221019_Ec_01_SC_CNIC-KI_TMT47.raw	ftp://ftp.pride.ebi.ac.uk/pride/data/archive/2026/04/PXD064518/20221019_Ec_01_SC_CNIC-KI_TMT47.raw	TMT131	1	1	NT=Orbitrap Eclipse;AC=MS:1003029	NT=Data-dependent acquisition;AC=PRIDE:0000627	NT=Trypsin;AC=MS:1001251	TMT131	not applicable	TMT47	NT=collision-induced dissociation;AC=MS:1000133	NT=beam-type collision-induced dissociation;AC=MS:1000422	not available	375m/z-1500m/z	not available	not available	not applicable	NT=TMT6plex;AC=UNIMOD:737;MT=fixed;PP=Any N-term	NT=TMT6plex;AC=UNIMOD:737;MT=fixed;TA=K;PP=Anywhere	NT=Oxidation;AC=UNIMOD:35;MT=variable;TA=M;PP=Anywhere	NT=Acetyl;AC=UNIMOD:1;MT=variable;PP=Protein N-term	v3.0.0	ms-proteomics v1.1.0	vertebrates v1.1.0	single-cell v1.0.0
PXD064518_TMT48_TMT126	Mus musculus	heart	cardiac muscle cell	not available	cell	single cell	male	not available	adult	not available	not available	not pooled	PXD064518_TMT48_TMT126	1	manual picking	not available	one cardiomyocyte; channel-to-genotype assignment unavailable	20221019_Ec_01_SC_CNIC-KI_TMT48	proteomic profiling by mass spectrometry	20221019_Ec_01_SC_CNIC-KI_TMT48.raw	ftp://ftp.pride.ebi.ac.uk/pride/data/archive/2026/04/PXD064518/20221019_Ec_01_SC_CNIC-KI_TMT48.raw	TMT126	1	1	NT=Orbitrap Eclipse;AC=MS:1003029	NT=Data-dependent acquisition;AC=PRIDE:0000627	NT=Trypsin;AC=MS:1001251	TMT131	not applicable	TMT48	NT=collision-induced dissociation;AC=MS:1000133	NT=beam-type collision-induced dissociation;AC=MS:1000422	not available	375m/z-1500m/z	not available	not available	not applicable	NT=TMT6plex;AC=UNIMOD:737;MT=fixed;PP=Any N-term	NT=TMT6plex;AC=UNIMOD:737;MT=fixed;TA=K;PP=Anywhere	NT=Oxidation;AC=UNIMOD:35;MT=variable;TA=M;PP=Anywhere	NT=Acetyl;AC=UNIMOD:1;MT=variable;PP=Protein N-term	v3.0.0	ms-proteomics v1.1.0	vertebrates v1.1.0	single-cell v1.0.0
PXD064518_TMT48_TMT127N	Mus musculus	heart	cardiac muscle cell	not available	cell	single cell	male	not available	adult	not available	not available	not pooled	PXD064518_TMT48_TMT127N	1	manual picking	not available	one cardiomyocyte; channel-to-genotype assignment unavailable	20221019_Ec_01_SC_CNIC-KI_TMT48	proteomic profiling by mass spectrometry	20221019_Ec_01_SC_CNIC-KI_TMT48.raw	ftp://ftp.pride.ebi.ac.uk/pride/data/archive/2026/04/PXD064518/20221019_Ec_01_SC_CNIC-KI_TMT48.raw	TMT127N	1	1	NT=Orbitrap Eclipse;AC=MS:1003029	NT=Data-dependent acquisition;AC=PRIDE:0000627	NT=Trypsin;AC=MS:1001251	TMT131	not applicable	TMT48	NT=collision-induced dissociation;AC=MS:1000133	NT=beam-type collision-induced dissociation;AC=MS:1000422	not available	375m/z-1500m/z	not available	not available	not applicable	NT=TMT6plex;AC=UNIMOD:737;MT=fixed;PP=Any N-term	NT=TMT6plex;AC=UNIMOD:737;MT=fixed;TA=K;PP=Anywhere	NT=Oxidation;AC=UNIMOD:35;MT=variable;TA=M;PP=Anywhere	NT=Acetyl;AC=UNIMOD:1;MT=variable;PP=Protein N-term	v3.0.0	ms-proteomics v1.1.0	vertebrates v1.1.0	single-cell v1.0.0
PXD064518_TMT48_TMT127C	Mus musculus	heart	cardiac muscle cell	not available	cell	single cell	male	not available	adult	not available	not available	not pooled	PXD064518_TMT48_TMT127C	1	manual picking	not available	one cardiomyocyte; channel-to-genotype assignment unavailable	20221019_Ec_01_SC_CNIC-KI_TMT48	proteomic profiling by mass spectrometry	20221019_Ec_01_SC_CNIC-KI_TMT48.raw	ftp://ftp.pride.ebi.ac.uk/pride/data/archive/2026/04/PXD064518/20221019_Ec_01_SC_CNIC-KI_TMT48.raw	TMT127C	1	1	NT=Orbitrap Eclipse;AC=MS:1003029	NT=Data-dependent acquisition;AC=PRIDE:0000627	NT=Trypsin;AC=MS:1001251	TMT131	not applicable	TMT48	NT=collision-induced dissociation;AC=MS:1000133	NT=beam-type collision-induced dissociation;AC=MS:1000422	not available	375m/z-1500m/z	not available	not available	not applicable	NT=TMT6plex;AC=UNIMOD:737;MT=fixed;PP=Any N-term	NT=TMT6plex;AC=UNIMOD:737;MT=fixed;TA=K;PP=Anywhere	NT=Oxidation;AC=UNIMOD:35;MT=variable;TA=M;PP=Anywhere	NT=Acetyl;AC=UNIMOD:1;MT=variable;PP=Protein N-term	v3.0.0	ms-proteomics v1.1.0	vertebrates v1.1.0	single-cell v1.0.0
PXD064518_TMT48_TMT128N	Mus musculus	heart	cardiac muscle cell	not available	cell	single cell	male	not available	adult	not available	not available	not pooled	PXD064518_TMT48_TMT128N	1	manual picking	not available	one cardiomyocyte; channel-to-genotype assignment unavailable	20221019_Ec_01_SC_CNIC-KI_TMT48	proteomic profiling by mass spectrometry	20221019_Ec_01_SC_CNIC-KI_TMT48.raw	ftp://ftp.pride.ebi.ac.uk/pride/data/archive/2026/04/PXD064518/20221019_Ec_01_SC_CNIC-KI_TMT48.raw	TMT128N	1	1	NT=Orbitrap Eclipse;AC=MS:1003029	NT=Data-dependent acquisition;AC=PRIDE:0000627	NT=Trypsin;AC=MS:1001251	TMT131	not applicable	TMT48	NT=collision-induced dissociation;AC=MS:1000133	NT=beam-type collision-induced dissociation;AC=MS:1000422	not available	375m/z-1500m/z	not available	not available	not applicable	NT=TMT6plex;AC=UNIMOD:737;MT=fixed;PP=Any N-term	NT=TMT6plex;AC=UNIMOD:737;MT=fixed;TA=K;PP=Anywhere	NT=Oxidation;AC=UNIMOD:35;MT=variable;TA=M;PP=Anywhere	NT=Acetyl;AC=UNIMOD:1;MT=variable;PP=Protein N-term	v3.0.0	ms-proteomics v1.1.0	vertebrates v1.1.0	single-cell v1.0.0
PXD064518_TMT48_TMT128C	Mus musculus	heart	cardiac muscle cell	not available	cell	single cell	male	not available	adult	not available	not available	not pooled	PXD064518_TMT48_TMT128C	1	manual picking	not available	one cardiomyocyte; channel-to-genotype assignment unavailable	20221019_Ec_01_SC_CNIC-KI_TMT48	proteomic profiling by mass spectrometry	20221019_Ec_01_SC_CNIC-KI_TMT48.raw	ftp://ftp.pride.ebi.ac.uk/pride/data/archive/2026/04/PXD064518/20221019_Ec_01_SC_CNIC-KI_TMT48.raw	TMT128C	1	1	NT=Orbitrap Eclipse;AC=MS:1003029	NT=Data-dependent acquisition;AC=PRIDE:0000627	NT=Trypsin;AC=MS:1001251	TMT131	not applicable	TMT48	NT=collision-induced dissociation;AC=MS:1000133	NT=beam-type collision-induced dissociation;AC=MS:1000422	not available	375m/z-1500m/z	not available	not available	not applicable	NT=TMT6plex;AC=UNIMOD:737;MT=fixed;PP=Any N-term	NT=TMT6plex;AC=UNIMOD:737;MT=fixed;TA=K;PP=Anywhere	NT=Oxidation;AC=UNIMOD:35;MT=variable;TA=M;PP=Anywhere	NT=Acetyl;AC=UNIMOD:1;MT=variable;PP=Protein N-term	v3.0.0	ms-proteomics v1.1.0	vertebrates v1.1.0	single-cell v1.0.0
PXD064518_TMT48_TMT129N	Mus musculus	heart	cardiac muscle cell	not available	cell	single cell	male	not available	adult	not available	not available	not pooled	PXD064518_TMT48_TMT129N	1	manual picking	not available	one cardiomyocyte; channel-to-genotype assignment unavailable	20221019_Ec_01_SC_CNIC-KI_TMT48	proteomic profiling by mass spectrometry	20221019_Ec_01_SC_CNIC-KI_TMT48.raw	ftp://ftp.pride.ebi.ac.uk/pride/data/archive/2026/04/PXD064518/20221019_Ec_01_SC_CNIC-KI_TMT48.raw	TMT129N	1	1	NT=Orbitrap Eclipse;AC=MS:1003029	NT=Data-dependent acquisition;AC=PRIDE:0000627	NT=Trypsin;AC=MS:1001251	TMT131	not applicable	TMT48	NT=collision-induced dissociation;AC=MS:1000133	NT=beam-type collision-induced dissociation;AC=MS:1000422	not available	375m/z-1500m/z	not available	not available	not applicable	NT=TMT6plex;AC=UNIMOD:737;MT=fixed;PP=Any N-term	NT=TMT6plex;AC=UNIMOD:737;MT=fixed;TA=K;PP=Anywhere	NT=Oxidation;AC=UNIMOD:35;MT=variable;TA=M;PP=Anywhere	NT=Acetyl;AC=UNIMOD:1;MT=variable;PP=Protein N-term	v3.0.0	ms-proteomics v1.1.0	vertebrates v1.1.0	single-cell v1.0.0
PXD064518_TMT48_TMT129C	Mus musculus	heart	cardiac muscle cell	not available	cell	single cell	male	not available	adult	not available	not available	not pooled	PXD064518_TMT48_TMT129C	1	manual picking	not available	one cardiomyocyte; channel-to-genotype assignment unavailable	20221019_Ec_01_SC_CNIC-KI_TMT48	proteomic profiling by mass spectrometry	20221019_Ec_01_SC_CNIC-KI_TMT48.raw	ftp://ftp.pride.ebi.ac.uk/pride/data/archive/2026/04/PXD064518/20221019_Ec_01_SC_CNIC-KI_TMT48.raw	TMT129C	1	1	NT=Orbitrap Eclipse;AC=MS:1003029	NT=Data-dependent acquisition;AC=PRIDE:0000627	NT=Trypsin;AC=MS:1001251	TMT131	not applicable	TMT48	NT=collision-induced dissociation;AC=MS:1000133	NT=beam-type collision-induced dissociation;AC=MS:1000422	not available	375m/z-1500m/z	not available	not available	not applicable	NT=TMT6plex;AC=UNIMOD:737;MT=fixed;PP=Any N-term	NT=TMT6plex;AC=UNIMOD:737;MT=fixed;TA=K;PP=Anywhere	NT=Oxidation;AC=UNIMOD:35;MT=variable;TA=M;PP=Anywhere	NT=Acetyl;AC=UNIMOD:1;MT=variable;PP=Protein N-term	v3.0.0	ms-proteomics v1.1.0	vertebrates v1.1.0	single-cell v1.0.0
PXD064518_TMT48_TMT130C	Mus musculus	heart	cardiac muscle cell	not available	cell	single cell	male	not available	adult	not available	not available	not pooled	PXD064518_TMT48_TMT130C	1	manual picking	not available	one cardiomyocyte; channel-to-genotype assignment unavailable	20221019_Ec_01_SC_CNIC-KI_TMT48	proteomic profiling by mass spectrometry	20221019_Ec_01_SC_CNIC-KI_TMT48.raw	ftp://ftp.pride.ebi.ac.uk/pride/data/archive/2026/04/PXD064518/20221019_Ec_01_SC_CNIC-KI_TMT48.raw	TMT130C	1	1	NT=Orbitrap Eclipse;AC=MS:1003029	NT=Data-dependent acquisition;AC=PRIDE:0000627	NT=Trypsin;AC=MS:1001251	TMT131	not applicable	TMT48	NT=collision-induced dissociation;AC=MS:1000133	NT=beam-type collision-induced dissociation;AC=MS:1000422	not available	375m/z-1500m/z	not available	not available	not applicable	NT=TMT6plex;AC=UNIMOD:737;MT=fixed;PP=Any N-term	NT=TMT6plex;AC=UNIMOD:737;MT=fixed;TA=K;PP=Anywhere	NT=Oxidation;AC=UNIMOD:35;MT=variable;TA=M;PP=Anywhere	NT=Acetyl;AC=UNIMOD:1;MT=variable;PP=Protein N-term	v3.0.0	ms-proteomics v1.1.0	vertebrates v1.1.0	single-cell v1.0.0
PXD064518_TMT48_TMT131	Mus musculus	heart	cardiac muscle cell	not available	cell	carrier	male	not available	adult	not available	pooled	pooled	not applicable	200	not available	mixed control and Myc-overexpressing cardiomyocytes	100 control plus 100 Myc-overexpressing cardiomyocytes	20221019_Ec_01_SC_CNIC-KI_TMT48	proteomic profiling by mass spectrometry	20221019_Ec_01_SC_CNIC-KI_TMT48.raw	ftp://ftp.pride.ebi.ac.uk/pride/data/archive/2026/04/PXD064518/20221019_Ec_01_SC_CNIC-KI_TMT48.raw	TMT131	1	1	NT=Orbitrap Eclipse;AC=MS:1003029	NT=Data-dependent acquisition;AC=PRIDE:0000627	NT=Trypsin;AC=MS:1001251	TMT131	not applicable	TMT48	NT=collision-induced dissociation;AC=MS:1000133	NT=beam-type collision-induced dissociation;AC=MS:1000422	not available	375m/z-1500m/z	not available	not available	not applicable	NT=TMT6plex;AC=UNIMOD:737;MT=fixed;PP=Any N-term	NT=TMT6plex;AC=UNIMOD:737;MT=fixed;TA=K;PP=Anywhere	NT=Oxidation;AC=UNIMOD:35;MT=variable;TA=M;PP=Anywhere	NT=Acetyl;AC=UNIMOD:1;MT=variable;PP=Protein N-term	v3.0.0	ms-proteomics v1.1.0	vertebrates v1.1.0	single-cell v1.0.0
PXD064518_TMT49_TMT126	Mus musculus	heart	cardiac muscle cell	not available	cell	single cell	male	not available	adult	not available	not available	not pooled	PXD064518_TMT49_TMT126	1	manual picking	not available	one cardiomyocyte; channel-to-genotype assignment unavailable	20221019_Ec_01_SC_CNIC-KI_TMT49	proteomic profiling by mass spectrometry	20221019_Ec_01_SC_CNIC-KI_TMT49.raw	ftp://ftp.pride.ebi.ac.uk/pride/data/archive/2026/04/PXD064518/20221019_Ec_01_SC_CNIC-KI_TMT49.raw	TMT126	1	1	NT=Orbitrap Eclipse;AC=MS:1003029	NT=Data-dependent acquisition;AC=PRIDE:0000627	NT=Trypsin;AC=MS:1001251	TMT131	not applicable	TMT49	NT=collision-induced dissociation;AC=MS:1000133	NT=beam-type collision-induced dissociation;AC=MS:1000422	not available	375m/z-1500m/z	not available	not available	not applicable	NT=TMT6plex;AC=UNIMOD:737;MT=fixed;PP=Any N-term	NT=TMT6plex;AC=UNIMOD:737;MT=fixed;TA=K;PP=Anywhere	NT=Oxidation;AC=UNIMOD:35;MT=variable;TA=M;PP=Anywhere	NT=Acetyl;AC=UNIMOD:1;MT=variable;PP=Protein N-term	v3.0.0	ms-proteomics v1.1.0	vertebrates v1.1.0	single-cell v1.0.0
PXD064518_TMT49_TMT127N	Mus musculus	heart	cardiac muscle cell	not available	cell	single cell	male	not available	adult	not available	not available	not pooled	PXD064518_TMT49_TMT127N	1	manual picking	not available	one cardiomyocyte; channel-to-genotype assignment unavailable	20221019_Ec_01_SC_CNIC-KI_TMT49	proteomic profiling by mass spectrometry	20221019_Ec_01_SC_CNIC-KI_TMT49.raw	ftp://ftp.pride.ebi.ac.uk/pride/data/archive/2026/04/PXD064518/20221019_Ec_01_SC_CNIC-KI_TMT49.raw	TMT127N	1	1	NT=Orbitrap Eclipse;AC=MS:1003029	NT=Data-dependent acquisition;AC=PRIDE:0000627	NT=Trypsin;AC=MS:1001251	TMT131	not applicable	TMT49	NT=collision-induced dissociation;AC=MS:1000133	NT=beam-type collision-induced dissociation;AC=MS:1000422	not available	375m/z-1500m/z	not available	not available	not applicable	NT=TMT6plex;AC=UNIMOD:737;MT=fixed;PP=Any N-term	NT=TMT6plex;AC=UNIMOD:737;MT=fixed;TA=K;PP=Anywhere	NT=Oxidation;AC=UNIMOD:35;MT=variable;TA=M;PP=Anywhere	NT=Acetyl;AC=UNIMOD:1;MT=variable;PP=Protein N-term	v3.0.0	ms-proteomics v1.1.0	vertebrates v1.1.0	single-cell v1.0.0
PXD064518_TMT49_TMT127C	Mus musculus	heart	cardiac muscle cell	not available	cell	single cell	male	not available	adult	not available	not available	not pooled	PXD064518_TMT49_TMT127C	1	manual picking	not available	one cardiomyocyte; channel-to-genotype assignment unavailable	20221019_Ec_01_SC_CNIC-KI_TMT49	proteomic profiling by mass spectrometry	20221019_Ec_01_SC_CNIC-KI_TMT49.raw	ftp://ftp.pride.ebi.ac.uk/pride/data/archive/2026/04/PXD064518/20221019_Ec_01_SC_CNIC-KI_TMT49.raw	TMT127C	1	1	NT=Orbitrap Eclipse;AC=MS:1003029	NT=Data-dependent acquisition;AC=PRIDE:0000627	NT=Trypsin;AC=MS:1001251	TMT131	not applicable	TMT49	NT=collision-induced dissociation;AC=MS:1000133	NT=beam-type collision-induced dissociation;AC=MS:1000422	not available	375m/z-1500m/z	not available	not available	not applicable	NT=TMT6plex;AC=UNIMOD:737;MT=fixed;PP=Any N-term	NT=TMT6plex;AC=UNIMOD:737;MT=fixed;TA=K;PP=Anywhere	NT=Oxidation;AC=UNIMOD:35;MT=variable;TA=M;PP=Anywhere	NT=Acetyl;AC=UNIMOD:1;MT=variable;PP=Protein N-term	v3.0.0	ms-proteomics v1.1.0	vertebrates v1.1.0	single-cell v1.0.0
PXD064518_TMT49_TMT128N	Mus musculus	heart	cardiac muscle cell	not available	cell	single cell	male	not available	adult	not available	not available	not pooled	PXD064518_TMT49_TMT128N	1	manual picking	not available	one cardiomyocyte; channel-to-genotype assignment unavailable	20221019_Ec_01_SC_CNIC-KI_TMT49	proteomic profiling by mass spectrometry	20221019_Ec_01_SC_CNIC-KI_TMT49.raw	ftp://ftp.pride.ebi.ac.uk/pride/data/archive/2026/04/PXD064518/20221019_Ec_01_SC_CNIC-KI_TMT49.raw	TMT128N	1	1	NT=Orbitrap Eclipse;AC=MS:1003029	NT=Data-dependent acquisition;AC=PRIDE:0000627	NT=Trypsin;AC=MS:1001251	TMT131	not applicable	TMT49	NT=collision-induced dissociation;AC=MS:1000133	NT=beam-type collision-induced dissociation;AC=MS:1000422	not available	375m/z-1500m/z	not available	not available	not applicable	NT=TMT6plex;AC=UNIMOD:737;MT=fixed;PP=Any N-term	NT=TMT6plex;AC=UNIMOD:737;MT=fixed;TA=K;PP=Anywhere	NT=Oxidation;AC=UNIMOD:35;MT=variable;TA=M;PP=Anywhere	NT=Acetyl;AC=UNIMOD:1;MT=variable;PP=Protein N-term	v3.0.0	ms-proteomics v1.1.0	vertebrates v1.1.0	single-cell v1.0.0
PXD064518_TMT49_TMT128C	Mus musculus	heart	cardiac muscle cell	not available	cell	single cell	male	not available	adult	not available	not available	not pooled	PXD064518_TMT49_TMT128C	1	manual picking	not available	one cardiomyocyte; channel-to-genotype assignment unavailable	20221019_Ec_01_SC_CNIC-KI_TMT49	proteomic profiling by mass spectrometry	20221019_Ec_01_SC_CNIC-KI_TMT49.raw	ftp://ftp.pride.ebi.ac.uk/pride/data/archive/2026/04/PXD064518/20221019_Ec_01_SC_CNIC-KI_TMT49.raw	TMT128C	1	1	NT=Orbitrap Eclipse;AC=MS:1003029	NT=Data-dependent acquisition;AC=PRIDE:0000627	NT=Trypsin;AC=MS:1001251	TMT131	not applicable	TMT49	NT=collision-induced dissociation;AC=MS:1000133	NT=beam-type collision-induced dissociation;AC=MS:1000422	not available	375m/z-1500m/z	not available	not available	not applicable	NT=TMT6plex;AC=UNIMOD:737;MT=fixed;PP=Any N-term	NT=TMT6plex;AC=UNIMOD:737;MT=fixed;TA=K;PP=Anywhere	NT=Oxidation;AC=UNIMOD:35;MT=variable;TA=M;PP=Anywhere	NT=Acetyl;AC=UNIMOD:1;MT=variable;PP=Protein N-term	v3.0.0	ms-proteomics v1.1.0	vertebrates v1.1.0	single-cell v1.0.0
PXD064518_TMT49_TMT129N	Mus musculus	heart	cardiac muscle cell	not available	cell	single cell	male	not available	adult	not available	not available	not pooled	PXD064518_TMT49_TMT129N	1	manual picking	not available	one cardiomyocyte; channel-to-genotype assignment unavailable	20221019_Ec_01_SC_CNIC-KI_TMT49	proteomic profiling by mass spectrometry	20221019_Ec_01_SC_CNIC-KI_TMT49.raw	ftp://ftp.pride.ebi.ac.uk/pride/data/archive/2026/04/PXD064518/20221019_Ec_01_SC_CNIC-KI_TMT49.raw	TMT129N	1	1	NT=Orbitrap Eclipse;AC=MS:1003029	NT=Data-dependent acquisition;AC=PRIDE:0000627	NT=Trypsin;AC=MS:1001251	TMT131	not applicable	TMT49	NT=collision-induced dissociation;AC=MS:1000133	NT=beam-type collision-induced dissociation;AC=MS:1000422	not available	375m/z-1500m/z	not available	not available	not applicable	NT=TMT6plex;AC=UNIMOD:737;MT=fixed;PP=Any N-term	NT=TMT6plex;AC=UNIMOD:737;MT=fixed;TA=K;PP=Anywhere	NT=Oxidation;AC=UNIMOD:35;MT=variable;TA=M;PP=Anywhere	NT=Acetyl;AC=UNIMOD:1;MT=variable;PP=Protein N-term	v3.0.0	ms-proteomics v1.1.0	vertebrates v1.1.0	single-cell v1.0.0
PXD064518_TMT49_TMT129C	Mus musculus	heart	cardiac muscle cell	not available	cell	single cell	male	not available	adult	not available	not available	not pooled	PXD064518_TMT49_TMT129C	1	manual picking	not available	one cardiomyocyte; channel-to-genotype assignment unavailable	20221019_Ec_01_SC_CNIC-KI_TMT49	proteomic profiling by mass spectrometry	20221019_Ec_01_SC_CNIC-KI_TMT49.raw	ftp://ftp.pride.ebi.ac.uk/pride/data/archive/2026/04/PXD064518/20221019_Ec_01_SC_CNIC-KI_TMT49.raw	TMT129C	1	1	NT=Orbitrap Eclipse;AC=MS:1003029	NT=Data-dependent acquisition;AC=PRIDE:0000627	NT=Trypsin;AC=MS:1001251	TMT131	not applicable	TMT49	NT=collision-induced dissociation;AC=MS:1000133	NT=beam-type collision-induced dissociation;AC=MS:1000422	not available	375m/z-1500m/z	not available	not available	not applicable	NT=TMT6plex;AC=UNIMOD:737;MT=fixed;PP=Any N-term	NT=TMT6plex;AC=UNIMOD:737;MT=fixed;TA=K;PP=Anywhere	NT=Oxidation;AC=UNIMOD:35;MT=variable;TA=M;PP=Anywhere	NT=Acetyl;AC=UNIMOD:1;MT=variable;PP=Protein N-term	v3.0.0	ms-proteomics v1.1.0	vertebrates v1.1.0	single-cell v1.0.0
PXD064518_TMT49_TMT130C	Mus musculus	heart	cardiac muscle cell	not available	cell	single cell	male	not available	adult	not available	not available	not pooled	PXD064518_TMT49_TMT130C	1	manual picking	not available	one cardiomyocyte; channel-to-genotype assignment unavailable	20221019_Ec_01_SC_CNIC-KI_TMT49	proteomic profiling by mass spectrometry	20221019_Ec_01_SC_CNIC-KI_TMT49.raw	ftp://ftp.pride.ebi.ac.uk/pride/data/archive/2026/04/PXD064518/20221019_Ec_01_SC_CNIC-KI_TMT49.raw	TMT130C	1	1	NT=Orbitrap Eclipse;AC=MS:1003029	NT=Data-dependent acquisition;AC=PRIDE:0000627	NT=Trypsin;AC=MS:1001251	TMT131	not applicable	TMT49	NT=collision-induced dissociation;AC=MS:1000133	NT=beam-type collision-induced dissociation;AC=MS:1000422	not available	375m/z-1500m/z	not available	not available	not applicable	NT=TMT6plex;AC=UNIMOD:737;MT=fixed;PP=Any N-term	NT=TMT6plex;AC=UNIMOD:737;MT=fixed;TA=K;PP=Anywhere	NT=Oxidation;AC=UNIMOD:35;MT=variable;TA=M;PP=Anywhere	NT=Acetyl;AC=UNIMOD:1;MT=variable;PP=Protein N-term	v3.0.0	ms-proteomics v1.1.0	vertebrates v1.1.0	single-cell v1.0.0
PXD064518_TMT49_TMT131	Mus musculus	heart	cardiac muscle cell	not available	cell	carrier	male	not available	adult	not available	pooled	pooled	not applicable	200	not available	mixed control and Myc-overexpressing cardiomyocytes	100 control plus 100 Myc-overexpressing cardiomyocytes	20221019_Ec_01_SC_CNIC-KI_TMT49	proteomic profiling by mass spectrometry	20221019_Ec_01_SC_CNIC-KI_TMT49.raw	ftp://ftp.pride.ebi.ac.uk/pride/data/archive/2026/04/PXD064518/20221019_Ec_01_SC_CNIC-KI_TMT49.raw	TMT131	1	1	NT=Orbitrap Eclipse;AC=MS:1003029	NT=Data-dependent acquisition;AC=PRIDE:0000627	NT=Trypsin;AC=MS:1001251	TMT131	not applicable	TMT49	NT=collision-induced dissociation;AC=MS:1000133	NT=beam-type collision-induced dissociation;AC=MS:1000422	not available	375m/z-1500m/z	not available	not available	not applicable	NT=TMT6plex;AC=UNIMOD:737;MT=fixed;PP=Any N-term	NT=TMT6plex;AC=UNIMOD:737;MT=fixed;TA=K;PP=Anywhere	NT=Oxidation;AC=UNIMOD:35;MT=variable;TA=M;PP=Anywhere	NT=Acetyl;AC=UNIMOD:1;MT=variable;PP=Protein N-term	v3.0.0	ms-proteomics v1.1.0	vertebrates v1.1.0	single-cell v1.0.0
PXD064518_TMT5_TMT126	Mus musculus	heart	cardiac muscle cell	not available	cell	single cell	male	not available	adult	not available	not available	not pooled	PXD064518_TMT5_TMT126	1	manual picking	not available	one cardiomyocyte; channel-to-genotype assignment unavailable	20221019_Ec_01_SC_CNIC-KI_TMT5	proteomic profiling by mass spectrometry	20221019_Ec_01_SC_CNIC-KI_TMT5.raw	ftp://ftp.pride.ebi.ac.uk/pride/data/archive/2026/04/PXD064518/20221019_Ec_01_SC_CNIC-KI_TMT5.raw	TMT126	1	1	NT=Orbitrap Eclipse;AC=MS:1003029	NT=Data-dependent acquisition;AC=PRIDE:0000627	NT=Trypsin;AC=MS:1001251	TMT131	not applicable	TMT5	NT=collision-induced dissociation;AC=MS:1000133	NT=beam-type collision-induced dissociation;AC=MS:1000422	not available	375m/z-1500m/z	not available	not available	not applicable	NT=TMT6plex;AC=UNIMOD:737;MT=fixed;PP=Any N-term	NT=TMT6plex;AC=UNIMOD:737;MT=fixed;TA=K;PP=Anywhere	NT=Oxidation;AC=UNIMOD:35;MT=variable;TA=M;PP=Anywhere	NT=Acetyl;AC=UNIMOD:1;MT=variable;PP=Protein N-term	v3.0.0	ms-proteomics v1.1.0	vertebrates v1.1.0	single-cell v1.0.0
PXD064518_TMT5_TMT127N	Mus musculus	heart	cardiac muscle cell	not available	cell	single cell	male	not available	adult	not available	not available	not pooled	PXD064518_TMT5_TMT127N	1	manual picking	not available	one cardiomyocyte; channel-to-genotype assignment unavailable	20221019_Ec_01_SC_CNIC-KI_TMT5	proteomic profiling by mass spectrometry	20221019_Ec_01_SC_CNIC-KI_TMT5.raw	ftp://ftp.pride.ebi.ac.uk/pride/data/archive/2026/04/PXD064518/20221019_Ec_01_SC_CNIC-KI_TMT5.raw	TMT127N	1	1	NT=Orbitrap Eclipse;AC=MS:1003029	NT=Data-dependent acquisition;AC=PRIDE:0000627	NT=Trypsin;AC=MS:1001251	TMT131	not applicable	TMT5	NT=collision-induced dissociation;AC=MS:1000133	NT=beam-type collision-induced dissociation;AC=MS:1000422	not available	375m/z-1500m/z	not available	not available	not applicable	NT=TMT6plex;AC=UNIMOD:737;MT=fixed;PP=Any N-term	NT=TMT6plex;AC=UNIMOD:737;MT=fixed;TA=K;PP=Anywhere	NT=Oxidation;AC=UNIMOD:35;MT=variable;TA=M;PP=Anywhere	NT=Acetyl;AC=UNIMOD:1;MT=variable;PP=Protein N-term	v3.0.0	ms-proteomics v1.1.0	vertebrates v1.1.0	single-cell v1.0.0
PXD064518_TMT5_TMT127C	Mus musculus	heart	cardiac muscle cell	not available	cell	single cell	male	not available	adult	not available	not available	not pooled	PXD064518_TMT5_TMT127C	1	manual picking	not available	one cardiomyocyte; channel-to-genotype assignment unavailable	20221019_Ec_01_SC_CNIC-KI_TMT5	proteomic profiling by mass spectrometry	20221019_Ec_01_SC_CNIC-KI_TMT5.raw	ftp://ftp.pride.ebi.ac.uk/pride/data/archive/2026/04/PXD064518/20221019_Ec_01_SC_CNIC-KI_TMT5.raw	TMT127C	1	1	NT=Orbitrap Eclipse;AC=MS:1003029	NT=Data-dependent acquisition;AC=PRIDE:0000627	NT=Trypsin;AC=MS:1001251	TMT131	not applicable	TMT5	NT=collision-induced dissociation;AC=MS:1000133	NT=beam-type collision-induced dissociation;AC=MS:1000422	not available	375m/z-1500m/z	not available	not available	not applicable	NT=TMT6plex;AC=UNIMOD:737;MT=fixed;PP=Any N-term	NT=TMT6plex;AC=UNIMOD:737;MT=fixed;TA=K;PP=Anywhere	NT=Oxidation;AC=UNIMOD:35;MT=variable;TA=M;PP=Anywhere	NT=Acetyl;AC=UNIMOD:1;MT=variable;PP=Protein N-term	v3.0.0	ms-proteomics v1.1.0	vertebrates v1.1.0	single-cell v1.0.0
PXD064518_TMT5_TMT128N	Mus musculus	heart	cardiac muscle cell	not available	cell	single cell	male	not available	adult	not available	not available	not pooled	PXD064518_TMT5_TMT128N	1	manual picking	not available	one cardiomyocyte; channel-to-genotype assignment unavailable	20221019_Ec_01_SC_CNIC-KI_TMT5	proteomic profiling by mass spectrometry	20221019_Ec_01_SC_CNIC-KI_TMT5.raw	ftp://ftp.pride.ebi.ac.uk/pride/data/archive/2026/04/PXD064518/20221019_Ec_01_SC_CNIC-KI_TMT5.raw	TMT128N	1	1	NT=Orbitrap Eclipse;AC=MS:1003029	NT=Data-dependent acquisition;AC=PRIDE:0000627	NT=Trypsin;AC=MS:1001251	TMT131	not applicable	TMT5	NT=collision-induced dissociation;AC=MS:1000133	NT=beam-type collision-induced dissociation;AC=MS:1000422	not available	375m/z-1500m/z	not available	not available	not applicable	NT=TMT6plex;AC=UNIMOD:737;MT=fixed;PP=Any N-term	NT=TMT6plex;AC=UNIMOD:737;MT=fixed;TA=K;PP=Anywhere	NT=Oxidation;AC=UNIMOD:35;MT=variable;TA=M;PP=Anywhere	NT=Acetyl;AC=UNIMOD:1;MT=variable;PP=Protein N-term	v3.0.0	ms-proteomics v1.1.0	vertebrates v1.1.0	single-cell v1.0.0
PXD064518_TMT5_TMT128C	Mus musculus	heart	cardiac muscle cell	not available	cell	single cell	male	not available	adult	not available	not available	not pooled	PXD064518_TMT5_TMT128C	1	manual picking	not available	one cardiomyocyte; channel-to-genotype assignment unavailable	20221019_Ec_01_SC_CNIC-KI_TMT5	proteomic profiling by mass spectrometry	20221019_Ec_01_SC_CNIC-KI_TMT5.raw	ftp://ftp.pride.ebi.ac.uk/pride/data/archive/2026/04/PXD064518/20221019_Ec_01_SC_CNIC-KI_TMT5.raw	TMT128C	1	1	NT=Orbitrap Eclipse;AC=MS:1003029	NT=Data-dependent acquisition;AC=PRIDE:0000627	NT=Trypsin;AC=MS:1001251	TMT131	not applicable	TMT5	NT=collision-induced dissociation;AC=MS:1000133	NT=beam-type collision-induced dissociation;AC=MS:1000422	not available	375m/z-1500m/z	not available	not available	not applicable	NT=TMT6plex;AC=UNIMOD:737;MT=fixed;PP=Any N-term	NT=TMT6plex;AC=UNIMOD:737;MT=fixed;TA=K;PP=Anywhere	NT=Oxidation;AC=UNIMOD:35;MT=variable;TA=M;PP=Anywhere	NT=Acetyl;AC=UNIMOD:1;MT=variable;PP=Protein N-term	v3.0.0	ms-proteomics v1.1.0	vertebrates v1.1.0	single-cell v1.0.0
PXD064518_TMT5_TMT129N	Mus musculus	heart	cardiac muscle cell	not available	cell	single cell	male	not available	adult	not available	not available	not pooled	PXD064518_TMT5_TMT129N	1	manual picking	not available	one cardiomyocyte; channel-to-genotype assignment unavailable	20221019_Ec_01_SC_CNIC-KI_TMT5	proteomic profiling by mass spectrometry	20221019_Ec_01_SC_CNIC-KI_TMT5.raw	ftp://ftp.pride.ebi.ac.uk/pride/data/archive/2026/04/PXD064518/20221019_Ec_01_SC_CNIC-KI_TMT5.raw	TMT129N	1	1	NT=Orbitrap Eclipse;AC=MS:1003029	NT=Data-dependent acquisition;AC=PRIDE:0000627	NT=Trypsin;AC=MS:1001251	TMT131	not applicable	TMT5	NT=collision-induced dissociation;AC=MS:1000133	NT=beam-type collision-induced dissociation;AC=MS:1000422	not available	375m/z-1500m/z	not available	not available	not applicable	NT=TMT6plex;AC=UNIMOD:737;MT=fixed;PP=Any N-term	NT=TMT6plex;AC=UNIMOD:737;MT=fixed;TA=K;PP=Anywhere	NT=Oxidation;AC=UNIMOD:35;MT=variable;TA=M;PP=Anywhere	NT=Acetyl;AC=UNIMOD:1;MT=variable;PP=Protein N-term	v3.0.0	ms-proteomics v1.1.0	vertebrates v1.1.0	single-cell v1.0.0
PXD064518_TMT5_TMT129C	Mus musculus	heart	cardiac muscle cell	not available	cell	single cell	male	not available	adult	not available	not available	not pooled	PXD064518_TMT5_TMT129C	1	manual picking	not available	one cardiomyocyte; channel-to-genotype assignment unavailable	20221019_Ec_01_SC_CNIC-KI_TMT5	proteomic profiling by mass spectrometry	20221019_Ec_01_SC_CNIC-KI_TMT5.raw	ftp://ftp.pride.ebi.ac.uk/pride/data/archive/2026/04/PXD064518/20221019_Ec_01_SC_CNIC-KI_TMT5.raw	TMT129C	1	1	NT=Orbitrap Eclipse;AC=MS:1003029	NT=Data-dependent acquisition;AC=PRIDE:0000627	NT=Trypsin;AC=MS:1001251	TMT131	not applicable	TMT5	NT=collision-induced dissociation;AC=MS:1000133	NT=beam-type collision-induced dissociation;AC=MS:1000422	not available	375m/z-1500m/z	not available	not available	not applicable	NT=TMT6plex;AC=UNIMOD:737;MT=fixed;PP=Any N-term	NT=TMT6plex;AC=UNIMOD:737;MT=fixed;TA=K;PP=Anywhere	NT=Oxidation;AC=UNIMOD:35;MT=variable;TA=M;PP=Anywhere	NT=Acetyl;AC=UNIMOD:1;MT=variable;PP=Protein N-term	v3.0.0	ms-proteomics v1.1.0	vertebrates v1.1.0	single-cell v1.0.0
PXD064518_TMT5_TMT130C	Mus musculus	heart	cardiac muscle cell	not available	cell	single cell	male	not available	adult	not available	not available	not pooled	PXD064518_TMT5_TMT130C	1	manual picking	not available	one cardiomyocyte; channel-to-genotype assignment unavailable	20221019_Ec_01_SC_CNIC-KI_TMT5	proteomic profiling by mass spectrometry	20221019_Ec_01_SC_CNIC-KI_TMT5.raw	ftp://ftp.pride.ebi.ac.uk/pride/data/archive/2026/04/PXD064518/20221019_Ec_01_SC_CNIC-KI_TMT5.raw	TMT130C	1	1	NT=Orbitrap Eclipse;AC=MS:1003029	NT=Data-dependent acquisition;AC=PRIDE:0000627	NT=Trypsin;AC=MS:1001251	TMT131	not applicable	TMT5	NT=collision-induced dissociation;AC=MS:1000133	NT=beam-type collision-induced dissociation;AC=MS:1000422	not available	375m/z-1500m/z	not available	not available	not applicable	NT=TMT6plex;AC=UNIMOD:737;MT=fixed;PP=Any N-term	NT=TMT6plex;AC=UNIMOD:737;MT=fixed;TA=K;PP=Anywhere	NT=Oxidation;AC=UNIMOD:35;MT=variable;TA=M;PP=Anywhere	NT=Acetyl;AC=UNIMOD:1;MT=variable;PP=Protein N-term	v3.0.0	ms-proteomics v1.1.0	vertebrates v1.1.0	single-cell v1.0.0
PXD064518_TMT5_TMT131	Mus musculus	heart	cardiac muscle cell	not available	cell	carrier	male	not available	adult	not available	pooled	pooled	not applicable	200	not available	mixed control and Myc-overexpressing cardiomyocytes	100 control plus 100 Myc-overexpressing cardiomyocytes	20221019_Ec_01_SC_CNIC-KI_TMT5	proteomic profiling by mass spectrometry	20221019_Ec_01_SC_CNIC-KI_TMT5.raw	ftp://ftp.pride.ebi.ac.uk/pride/data/archive/2026/04/PXD064518/20221019_Ec_01_SC_CNIC-KI_TMT5.raw	TMT131	1	1	NT=Orbitrap Eclipse;AC=MS:1003029	NT=Data-dependent acquisition;AC=PRIDE:0000627	NT=Trypsin;AC=MS:1001251	TMT131	not applicable	TMT5	NT=collision-induced dissociation;AC=MS:1000133	NT=beam-type collision-induced dissociation;AC=MS:1000422	not available	375m/z-1500m/z	not available	not available	not applicable	NT=TMT6plex;AC=UNIMOD:737;MT=fixed;PP=Any N-term	NT=TMT6plex;AC=UNIMOD:737;MT=fixed;TA=K;PP=Anywhere	NT=Oxidation;AC=UNIMOD:35;MT=variable;TA=M;PP=Anywhere	NT=Acetyl;AC=UNIMOD:1;MT=variable;PP=Protein N-term	v3.0.0	ms-proteomics v1.1.0	vertebrates v1.1.0	single-cell v1.0.0
PXD064518_TMT50_TMT126	Mus musculus	heart	cardiac muscle cell	not available	cell	single cell	male	not available	adult	not available	not available	not pooled	PXD064518_TMT50_TMT126	1	manual picking	not available	one cardiomyocyte; channel-to-genotype assignment unavailable	20221019_Ec_01_SC_CNIC-KI_TMT50	proteomic profiling by mass spectrometry	20221019_Ec_01_SC_CNIC-KI_TMT50.raw	ftp://ftp.pride.ebi.ac.uk/pride/data/archive/2026/04/PXD064518/20221019_Ec_01_SC_CNIC-KI_TMT50.raw	TMT126	1	1	NT=Orbitrap Eclipse;AC=MS:1003029	NT=Data-dependent acquisition;AC=PRIDE:0000627	NT=Trypsin;AC=MS:1001251	TMT131	not applicable	TMT50	NT=collision-induced dissociation;AC=MS:1000133	NT=beam-type collision-induced dissociation;AC=MS:1000422	not available	375m/z-1500m/z	not available	not available	not applicable	NT=TMT6plex;AC=UNIMOD:737;MT=fixed;PP=Any N-term	NT=TMT6plex;AC=UNIMOD:737;MT=fixed;TA=K;PP=Anywhere	NT=Oxidation;AC=UNIMOD:35;MT=variable;TA=M;PP=Anywhere	NT=Acetyl;AC=UNIMOD:1;MT=variable;PP=Protein N-term	v3.0.0	ms-proteomics v1.1.0	vertebrates v1.1.0	single-cell v1.0.0
PXD064518_TMT50_TMT127N	Mus musculus	heart	cardiac muscle cell	not available	cell	single cell	male	not available	adult	not available	not available	not pooled	PXD064518_TMT50_TMT127N	1	manual picking	not available	one cardiomyocyte; channel-to-genotype assignment unavailable	20221019_Ec_01_SC_CNIC-KI_TMT50	proteomic profiling by mass spectrometry	20221019_Ec_01_SC_CNIC-KI_TMT50.raw	ftp://ftp.pride.ebi.ac.uk/pride/data/archive/2026/04/PXD064518/20221019_Ec_01_SC_CNIC-KI_TMT50.raw	TMT127N	1	1	NT=Orbitrap Eclipse;AC=MS:1003029	NT=Data-dependent acquisition;AC=PRIDE:0000627	NT=Trypsin;AC=MS:1001251	TMT131	not applicable	TMT50	NT=collision-induced dissociation;AC=MS:1000133	NT=beam-type collision-induced dissociation;AC=MS:1000422	not available	375m/z-1500m/z	not available	not available	not applicable	NT=TMT6plex;AC=UNIMOD:737;MT=fixed;PP=Any N-term	NT=TMT6plex;AC=UNIMOD:737;MT=fixed;TA=K;PP=Anywhere	NT=Oxidation;AC=UNIMOD:35;MT=variable;TA=M;PP=Anywhere	NT=Acetyl;AC=UNIMOD:1;MT=variable;PP=Protein N-term	v3.0.0	ms-proteomics v1.1.0	vertebrates v1.1.0	single-cell v1.0.0
PXD064518_TMT50_TMT127C	Mus musculus	heart	cardiac muscle cell	not available	cell	single cell	male	not available	adult	not available	not available	not pooled	PXD064518_TMT50_TMT127C	1	manual picking	not available	one cardiomyocyte; channel-to-genotype assignment unavailable	20221019_Ec_01_SC_CNIC-KI_TMT50	proteomic profiling by mass spectrometry	20221019_Ec_01_SC_CNIC-KI_TMT50.raw	ftp://ftp.pride.ebi.ac.uk/pride/data/archive/2026/04/PXD064518/20221019_Ec_01_SC_CNIC-KI_TMT50.raw	TMT127C	1	1	NT=Orbitrap Eclipse;AC=MS:1003029	NT=Data-dependent acquisition;AC=PRIDE:0000627	NT=Trypsin;AC=MS:1001251	TMT131	not applicable	TMT50	NT=collision-induced dissociation;AC=MS:1000133	NT=beam-type collision-induced dissociation;AC=MS:1000422	not available	375m/z-1500m/z	not available	not available	not applicable	NT=TMT6plex;AC=UNIMOD:737;MT=fixed;PP=Any N-term	NT=TMT6plex;AC=UNIMOD:737;MT=fixed;TA=K;PP=Anywhere	NT=Oxidation;AC=UNIMOD:35;MT=variable;TA=M;PP=Anywhere	NT=Acetyl;AC=UNIMOD:1;MT=variable;PP=Protein N-term	v3.0.0	ms-proteomics v1.1.0	vertebrates v1.1.0	single-cell v1.0.0
PXD064518_TMT50_TMT128N	Mus musculus	heart	cardiac muscle cell	not available	cell	single cell	male	not available	adult	not available	not available	not pooled	PXD064518_TMT50_TMT128N	1	manual picking	not available	one cardiomyocyte; channel-to-genotype assignment unavailable	20221019_Ec_01_SC_CNIC-KI_TMT50	proteomic profiling by mass spectrometry	20221019_Ec_01_SC_CNIC-KI_TMT50.raw	ftp://ftp.pride.ebi.ac.uk/pride/data/archive/2026/04/PXD064518/20221019_Ec_01_SC_CNIC-KI_TMT50.raw	TMT128N	1	1	NT=Orbitrap Eclipse;AC=MS:1003029	NT=Data-dependent acquisition;AC=PRIDE:0000627	NT=Trypsin;AC=MS:1001251	TMT131	not applicable	TMT50	NT=collision-induced dissociation;AC=MS:1000133	NT=beam-type collision-induced dissociation;AC=MS:1000422	not available	375m/z-1500m/z	not available	not available	not applicable	NT=TMT6plex;AC=UNIMOD:737;MT=fixed;PP=Any N-term	NT=TMT6plex;AC=UNIMOD:737;MT=fixed;TA=K;PP=Anywhere	NT=Oxidation;AC=UNIMOD:35;MT=variable;TA=M;PP=Anywhere	NT=Acetyl;AC=UNIMOD:1;MT=variable;PP=Protein N-term	v3.0.0	ms-proteomics v1.1.0	vertebrates v1.1.0	single-cell v1.0.0
PXD064518_TMT50_TMT128C	Mus musculus	heart	cardiac muscle cell	not available	cell	single cell	male	not available	adult	not available	not available	not pooled	PXD064518_TMT50_TMT128C	1	manual picking	not available	one cardiomyocyte; channel-to-genotype assignment unavailable	20221019_Ec_01_SC_CNIC-KI_TMT50	proteomic profiling by mass spectrometry	20221019_Ec_01_SC_CNIC-KI_TMT50.raw	ftp://ftp.pride.ebi.ac.uk/pride/data/archive/2026/04/PXD064518/20221019_Ec_01_SC_CNIC-KI_TMT50.raw	TMT128C	1	1	NT=Orbitrap Eclipse;AC=MS:1003029	NT=Data-dependent acquisition;AC=PRIDE:0000627	NT=Trypsin;AC=MS:1001251	TMT131	not applicable	TMT50	NT=collision-induced dissociation;AC=MS:1000133	NT=beam-type collision-induced dissociation;AC=MS:1000422	not available	375m/z-1500m/z	not available	not available	not applicable	NT=TMT6plex;AC=UNIMOD:737;MT=fixed;PP=Any N-term	NT=TMT6plex;AC=UNIMOD:737;MT=fixed;TA=K;PP=Anywhere	NT=Oxidation;AC=UNIMOD:35;MT=variable;TA=M;PP=Anywhere	NT=Acetyl;AC=UNIMOD:1;MT=variable;PP=Protein N-term	v3.0.0	ms-proteomics v1.1.0	vertebrates v1.1.0	single-cell v1.0.0
PXD064518_TMT50_TMT129N	Mus musculus	heart	cardiac muscle cell	not available	cell	single cell	male	not available	adult	not available	not available	not pooled	PXD064518_TMT50_TMT129N	1	manual picking	not available	one cardiomyocyte; channel-to-genotype assignment unavailable	20221019_Ec_01_SC_CNIC-KI_TMT50	proteomic profiling by mass spectrometry	20221019_Ec_01_SC_CNIC-KI_TMT50.raw	ftp://ftp.pride.ebi.ac.uk/pride/data/archive/2026/04/PXD064518/20221019_Ec_01_SC_CNIC-KI_TMT50.raw	TMT129N	1	1	NT=Orbitrap Eclipse;AC=MS:1003029	NT=Data-dependent acquisition;AC=PRIDE:0000627	NT=Trypsin;AC=MS:1001251	TMT131	not applicable	TMT50	NT=collision-induced dissociation;AC=MS:1000133	NT=beam-type collision-induced dissociation;AC=MS:1000422	not available	375m/z-1500m/z	not available	not available	not applicable	NT=TMT6plex;AC=UNIMOD:737;MT=fixed;PP=Any N-term	NT=TMT6plex;AC=UNIMOD:737;MT=fixed;TA=K;PP=Anywhere	NT=Oxidation;AC=UNIMOD:35;MT=variable;TA=M;PP=Anywhere	NT=Acetyl;AC=UNIMOD:1;MT=variable;PP=Protein N-term	v3.0.0	ms-proteomics v1.1.0	vertebrates v1.1.0	single-cell v1.0.0
PXD064518_TMT50_TMT129C	Mus musculus	heart	cardiac muscle cell	not available	cell	single cell	male	not available	adult	not available	not available	not pooled	PXD064518_TMT50_TMT129C	1	manual picking	not available	one cardiomyocyte; channel-to-genotype assignment unavailable	20221019_Ec_01_SC_CNIC-KI_TMT50	proteomic profiling by mass spectrometry	20221019_Ec_01_SC_CNIC-KI_TMT50.raw	ftp://ftp.pride.ebi.ac.uk/pride/data/archive/2026/04/PXD064518/20221019_Ec_01_SC_CNIC-KI_TMT50.raw	TMT129C	1	1	NT=Orbitrap Eclipse;AC=MS:1003029	NT=Data-dependent acquisition;AC=PRIDE:0000627	NT=Trypsin;AC=MS:1001251	TMT131	not applicable	TMT50	NT=collision-induced dissociation;AC=MS:1000133	NT=beam-type collision-induced dissociation;AC=MS:1000422	not available	375m/z-1500m/z	not available	not available	not applicable	NT=TMT6plex;AC=UNIMOD:737;MT=fixed;PP=Any N-term	NT=TMT6plex;AC=UNIMOD:737;MT=fixed;TA=K;PP=Anywhere	NT=Oxidation;AC=UNIMOD:35;MT=variable;TA=M;PP=Anywhere	NT=Acetyl;AC=UNIMOD:1;MT=variable;PP=Protein N-term	v3.0.0	ms-proteomics v1.1.0	vertebrates v1.1.0	single-cell v1.0.0
PXD064518_TMT50_TMT130C	Mus musculus	heart	cardiac muscle cell	not available	cell	single cell	male	not available	adult	not available	not available	not pooled	PXD064518_TMT50_TMT130C	1	manual picking	not available	one cardiomyocyte; channel-to-genotype assignment unavailable	20221019_Ec_01_SC_CNIC-KI_TMT50	proteomic profiling by mass spectrometry	20221019_Ec_01_SC_CNIC-KI_TMT50.raw	ftp://ftp.pride.ebi.ac.uk/pride/data/archive/2026/04/PXD064518/20221019_Ec_01_SC_CNIC-KI_TMT50.raw	TMT130C	1	1	NT=Orbitrap Eclipse;AC=MS:1003029	NT=Data-dependent acquisition;AC=PRIDE:0000627	NT=Trypsin;AC=MS:1001251	TMT131	not applicable	TMT50	NT=collision-induced dissociation;AC=MS:1000133	NT=beam-type collision-induced dissociation;AC=MS:1000422	not available	375m/z-1500m/z	not available	not available	not applicable	NT=TMT6plex;AC=UNIMOD:737;MT=fixed;PP=Any N-term	NT=TMT6plex;AC=UNIMOD:737;MT=fixed;TA=K;PP=Anywhere	NT=Oxidation;AC=UNIMOD:35;MT=variable;TA=M;PP=Anywhere	NT=Acetyl;AC=UNIMOD:1;MT=variable;PP=Protein N-term	v3.0.0	ms-proteomics v1.1.0	vertebrates v1.1.0	single-cell v1.0.0
PXD064518_TMT50_TMT131	Mus musculus	heart	cardiac muscle cell	not available	cell	carrier	male	not available	adult	not available	pooled	pooled	not applicable	200	not available	mixed control and Myc-overexpressing cardiomyocytes	100 control plus 100 Myc-overexpressing cardiomyocytes	20221019_Ec_01_SC_CNIC-KI_TMT50	proteomic profiling by mass spectrometry	20221019_Ec_01_SC_CNIC-KI_TMT50.raw	ftp://ftp.pride.ebi.ac.uk/pride/data/archive/2026/04/PXD064518/20221019_Ec_01_SC_CNIC-KI_TMT50.raw	TMT131	1	1	NT=Orbitrap Eclipse;AC=MS:1003029	NT=Data-dependent acquisition;AC=PRIDE:0000627	NT=Trypsin;AC=MS:1001251	TMT131	not applicable	TMT50	NT=collision-induced dissociation;AC=MS:1000133	NT=beam-type collision-induced dissociation;AC=MS:1000422	not available	375m/z-1500m/z	not available	not available	not applicable	NT=TMT6plex;AC=UNIMOD:737;MT=fixed;PP=Any N-term	NT=TMT6plex;AC=UNIMOD:737;MT=fixed;TA=K;PP=Anywhere	NT=Oxidation;AC=UNIMOD:35;MT=variable;TA=M;PP=Anywhere	NT=Acetyl;AC=UNIMOD:1;MT=variable;PP=Protein N-term	v3.0.0	ms-proteomics v1.1.0	vertebrates v1.1.0	single-cell v1.0.0
PXD064518_TMT51_TMT126	Mus musculus	heart	cardiac muscle cell	not available	cell	single cell	male	not available	adult	not available	not available	not pooled	PXD064518_TMT51_TMT126	1	manual picking	not available	one cardiomyocyte; channel-to-genotype assignment unavailable	20221019_Ec_01_SC_CNIC-KI_TMT51	proteomic profiling by mass spectrometry	20221019_Ec_01_SC_CNIC-KI_TMT51.raw	ftp://ftp.pride.ebi.ac.uk/pride/data/archive/2026/04/PXD064518/20221019_Ec_01_SC_CNIC-KI_TMT51.raw	TMT126	1	1	NT=Orbitrap Eclipse;AC=MS:1003029	NT=Data-dependent acquisition;AC=PRIDE:0000627	NT=Trypsin;AC=MS:1001251	TMT131	not applicable	TMT51	NT=collision-induced dissociation;AC=MS:1000133	NT=beam-type collision-induced dissociation;AC=MS:1000422	not available	375m/z-1500m/z	not available	not available	not applicable	NT=TMT6plex;AC=UNIMOD:737;MT=fixed;PP=Any N-term	NT=TMT6plex;AC=UNIMOD:737;MT=fixed;TA=K;PP=Anywhere	NT=Oxidation;AC=UNIMOD:35;MT=variable;TA=M;PP=Anywhere	NT=Acetyl;AC=UNIMOD:1;MT=variable;PP=Protein N-term	v3.0.0	ms-proteomics v1.1.0	vertebrates v1.1.0	single-cell v1.0.0
PXD064518_TMT51_TMT127N	Mus musculus	heart	cardiac muscle cell	not available	cell	single cell	male	not available	adult	not available	not available	not pooled	PXD064518_TMT51_TMT127N	1	manual picking	not available	one cardiomyocyte; channel-to-genotype assignment unavailable	20221019_Ec_01_SC_CNIC-KI_TMT51	proteomic profiling by mass spectrometry	20221019_Ec_01_SC_CNIC-KI_TMT51.raw	ftp://ftp.pride.ebi.ac.uk/pride/data/archive/2026/04/PXD064518/20221019_Ec_01_SC_CNIC-KI_TMT51.raw	TMT127N	1	1	NT=Orbitrap Eclipse;AC=MS:1003029	NT=Data-dependent acquisition;AC=PRIDE:0000627	NT=Trypsin;AC=MS:1001251	TMT131	not applicable	TMT51	NT=collision-induced dissociation;AC=MS:1000133	NT=beam-type collision-induced dissociation;AC=MS:1000422	not available	375m/z-1500m/z	not available	not available	not applicable	NT=TMT6plex;AC=UNIMOD:737;MT=fixed;PP=Any N-term	NT=TMT6plex;AC=UNIMOD:737;MT=fixed;TA=K;PP=Anywhere	NT=Oxidation;AC=UNIMOD:35;MT=variable;TA=M;PP=Anywhere	NT=Acetyl;AC=UNIMOD:1;MT=variable;PP=Protein N-term	v3.0.0	ms-proteomics v1.1.0	vertebrates v1.1.0	single-cell v1.0.0
PXD064518_TMT51_TMT127C	Mus musculus	heart	cardiac muscle cell	not available	cell	single cell	male	not available	adult	not available	not available	not pooled	PXD064518_TMT51_TMT127C	1	manual picking	not available	one cardiomyocyte; channel-to-genotype assignment unavailable	20221019_Ec_01_SC_CNIC-KI_TMT51	proteomic profiling by mass spectrometry	20221019_Ec_01_SC_CNIC-KI_TMT51.raw	ftp://ftp.pride.ebi.ac.uk/pride/data/archive/2026/04/PXD064518/20221019_Ec_01_SC_CNIC-KI_TMT51.raw	TMT127C	1	1	NT=Orbitrap Eclipse;AC=MS:1003029	NT=Data-dependent acquisition;AC=PRIDE:0000627	NT=Trypsin;AC=MS:1001251	TMT131	not applicable	TMT51	NT=collision-induced dissociation;AC=MS:1000133	NT=beam-type collision-induced dissociation;AC=MS:1000422	not available	375m/z-1500m/z	not available	not available	not applicable	NT=TMT6plex;AC=UNIMOD:737;MT=fixed;PP=Any N-term	NT=TMT6plex;AC=UNIMOD:737;MT=fixed;TA=K;PP=Anywhere	NT=Oxidation;AC=UNIMOD:35;MT=variable;TA=M;PP=Anywhere	NT=Acetyl;AC=UNIMOD:1;MT=variable;PP=Protein N-term	v3.0.0	ms-proteomics v1.1.0	vertebrates v1.1.0	single-cell v1.0.0
PXD064518_TMT51_TMT128N	Mus musculus	heart	cardiac muscle cell	not available	cell	single cell	male	not available	adult	not available	not available	not pooled	PXD064518_TMT51_TMT128N	1	manual picking	not available	one cardiomyocyte; channel-to-genotype assignment unavailable	20221019_Ec_01_SC_CNIC-KI_TMT51	proteomic profiling by mass spectrometry	20221019_Ec_01_SC_CNIC-KI_TMT51.raw	ftp://ftp.pride.ebi.ac.uk/pride/data/archive/2026/04/PXD064518/20221019_Ec_01_SC_CNIC-KI_TMT51.raw	TMT128N	1	1	NT=Orbitrap Eclipse;AC=MS:1003029	NT=Data-dependent acquisition;AC=PRIDE:0000627	NT=Trypsin;AC=MS:1001251	TMT131	not applicable	TMT51	NT=collision-induced dissociation;AC=MS:1000133	NT=beam-type collision-induced dissociation;AC=MS:1000422	not available	375m/z-1500m/z	not available	not available	not applicable	NT=TMT6plex;AC=UNIMOD:737;MT=fixed;PP=Any N-term	NT=TMT6plex;AC=UNIMOD:737;MT=fixed;TA=K;PP=Anywhere	NT=Oxidation;AC=UNIMOD:35;MT=variable;TA=M;PP=Anywhere	NT=Acetyl;AC=UNIMOD:1;MT=variable;PP=Protein N-term	v3.0.0	ms-proteomics v1.1.0	vertebrates v1.1.0	single-cell v1.0.0
PXD064518_TMT51_TMT128C	Mus musculus	heart	cardiac muscle cell	not available	cell	single cell	male	not available	adult	not available	not available	not pooled	PXD064518_TMT51_TMT128C	1	manual picking	not available	one cardiomyocyte; channel-to-genotype assignment unavailable	20221019_Ec_01_SC_CNIC-KI_TMT51	proteomic profiling by mass spectrometry	20221019_Ec_01_SC_CNIC-KI_TMT51.raw	ftp://ftp.pride.ebi.ac.uk/pride/data/archive/2026/04/PXD064518/20221019_Ec_01_SC_CNIC-KI_TMT51.raw	TMT128C	1	1	NT=Orbitrap Eclipse;AC=MS:1003029	NT=Data-dependent acquisition;AC=PRIDE:0000627	NT=Trypsin;AC=MS:1001251	TMT131	not applicable	TMT51	NT=collision-induced dissociation;AC=MS:1000133	NT=beam-type collision-induced dissociation;AC=MS:1000422	not available	375m/z-1500m/z	not available	not available	not applicable	NT=TMT6plex;AC=UNIMOD:737;MT=fixed;PP=Any N-term	NT=TMT6plex;AC=UNIMOD:737;MT=fixed;TA=K;PP=Anywhere	NT=Oxidation;AC=UNIMOD:35;MT=variable;TA=M;PP=Anywhere	NT=Acetyl;AC=UNIMOD:1;MT=variable;PP=Protein N-term	v3.0.0	ms-proteomics v1.1.0	vertebrates v1.1.0	single-cell v1.0.0
PXD064518_TMT51_TMT129N	Mus musculus	heart	cardiac muscle cell	not available	cell	single cell	male	not available	adult	not available	not available	not pooled	PXD064518_TMT51_TMT129N	1	manual picking	not available	one cardiomyocyte; channel-to-genotype assignment unavailable	20221019_Ec_01_SC_CNIC-KI_TMT51	proteomic profiling by mass spectrometry	20221019_Ec_01_SC_CNIC-KI_TMT51.raw	ftp://ftp.pride.ebi.ac.uk/pride/data/archive/2026/04/PXD064518/20221019_Ec_01_SC_CNIC-KI_TMT51.raw	TMT129N	1	1	NT=Orbitrap Eclipse;AC=MS:1003029	NT=Data-dependent acquisition;AC=PRIDE:0000627	NT=Trypsin;AC=MS:1001251	TMT131	not applicable	TMT51	NT=collision-induced dissociation;AC=MS:1000133	NT=beam-type collision-induced dissociation;AC=MS:1000422	not available	375m/z-1500m/z	not available	not available	not applicable	NT=TMT6plex;AC=UNIMOD:737;MT=fixed;PP=Any N-term	NT=TMT6plex;AC=UNIMOD:737;MT=fixed;TA=K;PP=Anywhere	NT=Oxidation;AC=UNIMOD:35;MT=variable;TA=M;PP=Anywhere	NT=Acetyl;AC=UNIMOD:1;MT=variable;PP=Protein N-term	v3.0.0	ms-proteomics v1.1.0	vertebrates v1.1.0	single-cell v1.0.0
PXD064518_TMT51_TMT129C	Mus musculus	heart	cardiac muscle cell	not available	cell	single cell	male	not available	adult	not available	not available	not pooled	PXD064518_TMT51_TMT129C	1	manual picking	not available	one cardiomyocyte; channel-to-genotype assignment unavailable	20221019_Ec_01_SC_CNIC-KI_TMT51	proteomic profiling by mass spectrometry	20221019_Ec_01_SC_CNIC-KI_TMT51.raw	ftp://ftp.pride.ebi.ac.uk/pride/data/archive/2026/04/PXD064518/20221019_Ec_01_SC_CNIC-KI_TMT51.raw	TMT129C	1	1	NT=Orbitrap Eclipse;AC=MS:1003029	NT=Data-dependent acquisition;AC=PRIDE:0000627	NT=Trypsin;AC=MS:1001251	TMT131	not applicable	TMT51	NT=collision-induced dissociation;AC=MS:1000133	NT=beam-type collision-induced dissociation;AC=MS:1000422	not available	375m/z-1500m/z	not available	not available	not applicable	NT=TMT6plex;AC=UNIMOD:737;MT=fixed;PP=Any N-term	NT=TMT6plex;AC=UNIMOD:737;MT=fixed;TA=K;PP=Anywhere	NT=Oxidation;AC=UNIMOD:35;MT=variable;TA=M;PP=Anywhere	NT=Acetyl;AC=UNIMOD:1;MT=variable;PP=Protein N-term	v3.0.0	ms-proteomics v1.1.0	vertebrates v1.1.0	single-cell v1.0.0
PXD064518_TMT51_TMT130C	Mus musculus	heart	cardiac muscle cell	not available	cell	single cell	male	not available	adult	not available	not available	not pooled	PXD064518_TMT51_TMT130C	1	manual picking	not available	one cardiomyocyte; channel-to-genotype assignment unavailable	20221019_Ec_01_SC_CNIC-KI_TMT51	proteomic profiling by mass spectrometry	20221019_Ec_01_SC_CNIC-KI_TMT51.raw	ftp://ftp.pride.ebi.ac.uk/pride/data/archive/2026/04/PXD064518/20221019_Ec_01_SC_CNIC-KI_TMT51.raw	TMT130C	1	1	NT=Orbitrap Eclipse;AC=MS:1003029	NT=Data-dependent acquisition;AC=PRIDE:0000627	NT=Trypsin;AC=MS:1001251	TMT131	not applicable	TMT51	NT=collision-induced dissociation;AC=MS:1000133	NT=beam-type collision-induced dissociation;AC=MS:1000422	not available	375m/z-1500m/z	not available	not available	not applicable	NT=TMT6plex;AC=UNIMOD:737;MT=fixed;PP=Any N-term	NT=TMT6plex;AC=UNIMOD:737;MT=fixed;TA=K;PP=Anywhere	NT=Oxidation;AC=UNIMOD:35;MT=variable;TA=M;PP=Anywhere	NT=Acetyl;AC=UNIMOD:1;MT=variable;PP=Protein N-term	v3.0.0	ms-proteomics v1.1.0	vertebrates v1.1.0	single-cell v1.0.0
PXD064518_TMT51_TMT131	Mus musculus	heart	cardiac muscle cell	not available	cell	carrier	male	not available	adult	not available	pooled	pooled	not applicable	200	not available	mixed control and Myc-overexpressing cardiomyocytes	100 control plus 100 Myc-overexpressing cardiomyocytes	20221019_Ec_01_SC_CNIC-KI_TMT51	proteomic profiling by mass spectrometry	20221019_Ec_01_SC_CNIC-KI_TMT51.raw	ftp://ftp.pride.ebi.ac.uk/pride/data/archive/2026/04/PXD064518/20221019_Ec_01_SC_CNIC-KI_TMT51.raw	TMT131	1	1	NT=Orbitrap Eclipse;AC=MS:1003029	NT=Data-dependent acquisition;AC=PRIDE:0000627	NT=Trypsin;AC=MS:1001251	TMT131	not applicable	TMT51	NT=collision-induced dissociation;AC=MS:1000133	NT=beam-type collision-induced dissociation;AC=MS:1000422	not available	375m/z-1500m/z	not available	not available	not applicable	NT=TMT6plex;AC=UNIMOD:737;MT=fixed;PP=Any N-term	NT=TMT6plex;AC=UNIMOD:737;MT=fixed;TA=K;PP=Anywhere	NT=Oxidation;AC=UNIMOD:35;MT=variable;TA=M;PP=Anywhere	NT=Acetyl;AC=UNIMOD:1;MT=variable;PP=Protein N-term	v3.0.0	ms-proteomics v1.1.0	vertebrates v1.1.0	single-cell v1.0.0
PXD064518_TMT52_TMT126	Mus musculus	heart	cardiac muscle cell	not available	cell	single cell	male	not available	adult	not available	not available	not pooled	PXD064518_TMT52_TMT126	1	manual picking	not available	one cardiomyocyte; channel-to-genotype assignment unavailable	20221019_Ec_01_SC_CNIC-KI_TMT52	proteomic profiling by mass spectrometry	20221019_Ec_01_SC_CNIC-KI_TMT52.raw	ftp://ftp.pride.ebi.ac.uk/pride/data/archive/2026/04/PXD064518/20221019_Ec_01_SC_CNIC-KI_TMT52.raw	TMT126	1	1	NT=Orbitrap Eclipse;AC=MS:1003029	NT=Data-dependent acquisition;AC=PRIDE:0000627	NT=Trypsin;AC=MS:1001251	TMT131	not applicable	TMT52	NT=collision-induced dissociation;AC=MS:1000133	NT=beam-type collision-induced dissociation;AC=MS:1000422	not available	375m/z-1500m/z	not available	not available	not applicable	NT=TMT6plex;AC=UNIMOD:737;MT=fixed;PP=Any N-term	NT=TMT6plex;AC=UNIMOD:737;MT=fixed;TA=K;PP=Anywhere	NT=Oxidation;AC=UNIMOD:35;MT=variable;TA=M;PP=Anywhere	NT=Acetyl;AC=UNIMOD:1;MT=variable;PP=Protein N-term	v3.0.0	ms-proteomics v1.1.0	vertebrates v1.1.0	single-cell v1.0.0
PXD064518_TMT52_TMT127N	Mus musculus	heart	cardiac muscle cell	not available	cell	single cell	male	not available	adult	not available	not available	not pooled	PXD064518_TMT52_TMT127N	1	manual picking	not available	one cardiomyocyte; channel-to-genotype assignment unavailable	20221019_Ec_01_SC_CNIC-KI_TMT52	proteomic profiling by mass spectrometry	20221019_Ec_01_SC_CNIC-KI_TMT52.raw	ftp://ftp.pride.ebi.ac.uk/pride/data/archive/2026/04/PXD064518/20221019_Ec_01_SC_CNIC-KI_TMT52.raw	TMT127N	1	1	NT=Orbitrap Eclipse;AC=MS:1003029	NT=Data-dependent acquisition;AC=PRIDE:0000627	NT=Trypsin;AC=MS:1001251	TMT131	not applicable	TMT52	NT=collision-induced dissociation;AC=MS:1000133	NT=beam-type collision-induced dissociation;AC=MS:1000422	not available	375m/z-1500m/z	not available	not available	not applicable	NT=TMT6plex;AC=UNIMOD:737;MT=fixed;PP=Any N-term	NT=TMT6plex;AC=UNIMOD:737;MT=fixed;TA=K;PP=Anywhere	NT=Oxidation;AC=UNIMOD:35;MT=variable;TA=M;PP=Anywhere	NT=Acetyl;AC=UNIMOD:1;MT=variable;PP=Protein N-term	v3.0.0	ms-proteomics v1.1.0	vertebrates v1.1.0	single-cell v1.0.0
PXD064518_TMT52_TMT127C	Mus musculus	heart	cardiac muscle cell	not available	cell	single cell	male	not available	adult	not available	not available	not pooled	PXD064518_TMT52_TMT127C	1	manual picking	not available	one cardiomyocyte; channel-to-genotype assignment unavailable	20221019_Ec_01_SC_CNIC-KI_TMT52	proteomic profiling by mass spectrometry	20221019_Ec_01_SC_CNIC-KI_TMT52.raw	ftp://ftp.pride.ebi.ac.uk/pride/data/archive/2026/04/PXD064518/20221019_Ec_01_SC_CNIC-KI_TMT52.raw	TMT127C	1	1	NT=Orbitrap Eclipse;AC=MS:1003029	NT=Data-dependent acquisition;AC=PRIDE:0000627	NT=Trypsin;AC=MS:1001251	TMT131	not applicable	TMT52	NT=collision-induced dissociation;AC=MS:1000133	NT=beam-type collision-induced dissociation;AC=MS:1000422	not available	375m/z-1500m/z	not available	not available	not applicable	NT=TMT6plex;AC=UNIMOD:737;MT=fixed;PP=Any N-term	NT=TMT6plex;AC=UNIMOD:737;MT=fixed;TA=K;PP=Anywhere	NT=Oxidation;AC=UNIMOD:35;MT=variable;TA=M;PP=Anywhere	NT=Acetyl;AC=UNIMOD:1;MT=variable;PP=Protein N-term	v3.0.0	ms-proteomics v1.1.0	vertebrates v1.1.0	single-cell v1.0.0
PXD064518_TMT52_TMT128N	Mus musculus	heart	cardiac muscle cell	not available	cell	single cell	male	not available	adult	not available	not available	not pooled	PXD064518_TMT52_TMT128N	1	manual picking	not available	one cardiomyocyte; channel-to-genotype assignment unavailable	20221019_Ec_01_SC_CNIC-KI_TMT52	proteomic profiling by mass spectrometry	20221019_Ec_01_SC_CNIC-KI_TMT52.raw	ftp://ftp.pride.ebi.ac.uk/pride/data/archive/2026/04/PXD064518/20221019_Ec_01_SC_CNIC-KI_TMT52.raw	TMT128N	1	1	NT=Orbitrap Eclipse;AC=MS:1003029	NT=Data-dependent acquisition;AC=PRIDE:0000627	NT=Trypsin;AC=MS:1001251	TMT131	not applicable	TMT52	NT=collision-induced dissociation;AC=MS:1000133	NT=beam-type collision-induced dissociation;AC=MS:1000422	not available	375m/z-1500m/z	not available	not available	not applicable	NT=TMT6plex;AC=UNIMOD:737;MT=fixed;PP=Any N-term	NT=TMT6plex;AC=UNIMOD:737;MT=fixed;TA=K;PP=Anywhere	NT=Oxidation;AC=UNIMOD:35;MT=variable;TA=M;PP=Anywhere	NT=Acetyl;AC=UNIMOD:1;MT=variable;PP=Protein N-term	v3.0.0	ms-proteomics v1.1.0	vertebrates v1.1.0	single-cell v1.0.0
PXD064518_TMT52_TMT128C	Mus musculus	heart	cardiac muscle cell	not available	cell	single cell	male	not available	adult	not available	not available	not pooled	PXD064518_TMT52_TMT128C	1	manual picking	not available	one cardiomyocyte; channel-to-genotype assignment unavailable	20221019_Ec_01_SC_CNIC-KI_TMT52	proteomic profiling by mass spectrometry	20221019_Ec_01_SC_CNIC-KI_TMT52.raw	ftp://ftp.pride.ebi.ac.uk/pride/data/archive/2026/04/PXD064518/20221019_Ec_01_SC_CNIC-KI_TMT52.raw	TMT128C	1	1	NT=Orbitrap Eclipse;AC=MS:1003029	NT=Data-dependent acquisition;AC=PRIDE:0000627	NT=Trypsin;AC=MS:1001251	TMT131	not applicable	TMT52	NT=collision-induced dissociation;AC=MS:1000133	NT=beam-type collision-induced dissociation;AC=MS:1000422	not available	375m/z-1500m/z	not available	not available	not applicable	NT=TMT6plex;AC=UNIMOD:737;MT=fixed;PP=Any N-term	NT=TMT6plex;AC=UNIMOD:737;MT=fixed;TA=K;PP=Anywhere	NT=Oxidation;AC=UNIMOD:35;MT=variable;TA=M;PP=Anywhere	NT=Acetyl;AC=UNIMOD:1;MT=variable;PP=Protein N-term	v3.0.0	ms-proteomics v1.1.0	vertebrates v1.1.0	single-cell v1.0.0
PXD064518_TMT52_TMT129N	Mus musculus	heart	cardiac muscle cell	not available	cell	single cell	male	not available	adult	not available	not available	not pooled	PXD064518_TMT52_TMT129N	1	manual picking	not available	one cardiomyocyte; channel-to-genotype assignment unavailable	20221019_Ec_01_SC_CNIC-KI_TMT52	proteomic profiling by mass spectrometry	20221019_Ec_01_SC_CNIC-KI_TMT52.raw	ftp://ftp.pride.ebi.ac.uk/pride/data/archive/2026/04/PXD064518/20221019_Ec_01_SC_CNIC-KI_TMT52.raw	TMT129N	1	1	NT=Orbitrap Eclipse;AC=MS:1003029	NT=Data-dependent acquisition;AC=PRIDE:0000627	NT=Trypsin;AC=MS:1001251	TMT131	not applicable	TMT52	NT=collision-induced dissociation;AC=MS:1000133	NT=beam-type collision-induced dissociation;AC=MS:1000422	not available	375m/z-1500m/z	not available	not available	not applicable	NT=TMT6plex;AC=UNIMOD:737;MT=fixed;PP=Any N-term	NT=TMT6plex;AC=UNIMOD:737;MT=fixed;TA=K;PP=Anywhere	NT=Oxidation;AC=UNIMOD:35;MT=variable;TA=M;PP=Anywhere	NT=Acetyl;AC=UNIMOD:1;MT=variable;PP=Protein N-term	v3.0.0	ms-proteomics v1.1.0	vertebrates v1.1.0	single-cell v1.0.0
PXD064518_TMT52_TMT129C	Mus musculus	heart	cardiac muscle cell	not available	cell	single cell	male	not available	adult	not available	not available	not pooled	PXD064518_TMT52_TMT129C	1	manual picking	not available	one cardiomyocyte; channel-to-genotype assignment unavailable	20221019_Ec_01_SC_CNIC-KI_TMT52	proteomic profiling by mass spectrometry	20221019_Ec_01_SC_CNIC-KI_TMT52.raw	ftp://ftp.pride.ebi.ac.uk/pride/data/archive/2026/04/PXD064518/20221019_Ec_01_SC_CNIC-KI_TMT52.raw	TMT129C	1	1	NT=Orbitrap Eclipse;AC=MS:1003029	NT=Data-dependent acquisition;AC=PRIDE:0000627	NT=Trypsin;AC=MS:1001251	TMT131	not applicable	TMT52	NT=collision-induced dissociation;AC=MS:1000133	NT=beam-type collision-induced dissociation;AC=MS:1000422	not available	375m/z-1500m/z	not available	not available	not applicable	NT=TMT6plex;AC=UNIMOD:737;MT=fixed;PP=Any N-term	NT=TMT6plex;AC=UNIMOD:737;MT=fixed;TA=K;PP=Anywhere	NT=Oxidation;AC=UNIMOD:35;MT=variable;TA=M;PP=Anywhere	NT=Acetyl;AC=UNIMOD:1;MT=variable;PP=Protein N-term	v3.0.0	ms-proteomics v1.1.0	vertebrates v1.1.0	single-cell v1.0.0
PXD064518_TMT52_TMT130C	Mus musculus	heart	cardiac muscle cell	not available	cell	single cell	male	not available	adult	not available	not available	not pooled	PXD064518_TMT52_TMT130C	1	manual picking	not available	one cardiomyocyte; channel-to-genotype assignment unavailable	20221019_Ec_01_SC_CNIC-KI_TMT52	proteomic profiling by mass spectrometry	20221019_Ec_01_SC_CNIC-KI_TMT52.raw	ftp://ftp.pride.ebi.ac.uk/pride/data/archive/2026/04/PXD064518/20221019_Ec_01_SC_CNIC-KI_TMT52.raw	TMT130C	1	1	NT=Orbitrap Eclipse;AC=MS:1003029	NT=Data-dependent acquisition;AC=PRIDE:0000627	NT=Trypsin;AC=MS:1001251	TMT131	not applicable	TMT52	NT=collision-induced dissociation;AC=MS:1000133	NT=beam-type collision-induced dissociation;AC=MS:1000422	not available	375m/z-1500m/z	not available	not available	not applicable	NT=TMT6plex;AC=UNIMOD:737;MT=fixed;PP=Any N-term	NT=TMT6plex;AC=UNIMOD:737;MT=fixed;TA=K;PP=Anywhere	NT=Oxidation;AC=UNIMOD:35;MT=variable;TA=M;PP=Anywhere	NT=Acetyl;AC=UNIMOD:1;MT=variable;PP=Protein N-term	v3.0.0	ms-proteomics v1.1.0	vertebrates v1.1.0	single-cell v1.0.0
PXD064518_TMT52_TMT131	Mus musculus	heart	cardiac muscle cell	not available	cell	carrier	male	not available	adult	not available	pooled	pooled	not applicable	200	not available	mixed control and Myc-overexpressing cardiomyocytes	100 control plus 100 Myc-overexpressing cardiomyocytes	20221019_Ec_01_SC_CNIC-KI_TMT52	proteomic profiling by mass spectrometry	20221019_Ec_01_SC_CNIC-KI_TMT52.raw	ftp://ftp.pride.ebi.ac.uk/pride/data/archive/2026/04/PXD064518/20221019_Ec_01_SC_CNIC-KI_TMT52.raw	TMT131	1	1	NT=Orbitrap Eclipse;AC=MS:1003029	NT=Data-dependent acquisition;AC=PRIDE:0000627	NT=Trypsin;AC=MS:1001251	TMT131	not applicable	TMT52	NT=collision-induced dissociation;AC=MS:1000133	NT=beam-type collision-induced dissociation;AC=MS:1000422	not available	375m/z-1500m/z	not available	not available	not applicable	NT=TMT6plex;AC=UNIMOD:737;MT=fixed;PP=Any N-term	NT=TMT6plex;AC=UNIMOD:737;MT=fixed;TA=K;PP=Anywhere	NT=Oxidation;AC=UNIMOD:35;MT=variable;TA=M;PP=Anywhere	NT=Acetyl;AC=UNIMOD:1;MT=variable;PP=Protein N-term	v3.0.0	ms-proteomics v1.1.0	vertebrates v1.1.0	single-cell v1.0.0
PXD064518_TMT53_TMT126	Mus musculus	heart	cardiac muscle cell	not available	cell	single cell	male	not available	adult	not available	not available	not pooled	PXD064518_TMT53_TMT126	1	manual picking	not available	one cardiomyocyte; channel-to-genotype assignment unavailable	20221019_Ec_01_SC_CNIC-KI_TMT53	proteomic profiling by mass spectrometry	20221019_Ec_01_SC_CNIC-KI_TMT53.raw	ftp://ftp.pride.ebi.ac.uk/pride/data/archive/2026/04/PXD064518/20221019_Ec_01_SC_CNIC-KI_TMT53.raw	TMT126	1	1	NT=Orbitrap Eclipse;AC=MS:1003029	NT=Data-dependent acquisition;AC=PRIDE:0000627	NT=Trypsin;AC=MS:1001251	TMT131	not applicable	TMT53	NT=collision-induced dissociation;AC=MS:1000133	NT=beam-type collision-induced dissociation;AC=MS:1000422	not available	375m/z-1500m/z	not available	not available	not applicable	NT=TMT6plex;AC=UNIMOD:737;MT=fixed;PP=Any N-term	NT=TMT6plex;AC=UNIMOD:737;MT=fixed;TA=K;PP=Anywhere	NT=Oxidation;AC=UNIMOD:35;MT=variable;TA=M;PP=Anywhere	NT=Acetyl;AC=UNIMOD:1;MT=variable;PP=Protein N-term	v3.0.0	ms-proteomics v1.1.0	vertebrates v1.1.0	single-cell v1.0.0
PXD064518_TMT53_TMT127N	Mus musculus	heart	cardiac muscle cell	not available	cell	single cell	male	not available	adult	not available	not available	not pooled	PXD064518_TMT53_TMT127N	1	manual picking	not available	one cardiomyocyte; channel-to-genotype assignment unavailable	20221019_Ec_01_SC_CNIC-KI_TMT53	proteomic profiling by mass spectrometry	20221019_Ec_01_SC_CNIC-KI_TMT53.raw	ftp://ftp.pride.ebi.ac.uk/pride/data/archive/2026/04/PXD064518/20221019_Ec_01_SC_CNIC-KI_TMT53.raw	TMT127N	1	1	NT=Orbitrap Eclipse;AC=MS:1003029	NT=Data-dependent acquisition;AC=PRIDE:0000627	NT=Trypsin;AC=MS:1001251	TMT131	not applicable	TMT53	NT=collision-induced dissociation;AC=MS:1000133	NT=beam-type collision-induced dissociation;AC=MS:1000422	not available	375m/z-1500m/z	not available	not available	not applicable	NT=TMT6plex;AC=UNIMOD:737;MT=fixed;PP=Any N-term	NT=TMT6plex;AC=UNIMOD:737;MT=fixed;TA=K;PP=Anywhere	NT=Oxidation;AC=UNIMOD:35;MT=variable;TA=M;PP=Anywhere	NT=Acetyl;AC=UNIMOD:1;MT=variable;PP=Protein N-term	v3.0.0	ms-proteomics v1.1.0	vertebrates v1.1.0	single-cell v1.0.0
PXD064518_TMT53_TMT127C	Mus musculus	heart	cardiac muscle cell	not available	cell	single cell	male	not available	adult	not available	not available	not pooled	PXD064518_TMT53_TMT127C	1	manual picking	not available	one cardiomyocyte; channel-to-genotype assignment unavailable	20221019_Ec_01_SC_CNIC-KI_TMT53	proteomic profiling by mass spectrometry	20221019_Ec_01_SC_CNIC-KI_TMT53.raw	ftp://ftp.pride.ebi.ac.uk/pride/data/archive/2026/04/PXD064518/20221019_Ec_01_SC_CNIC-KI_TMT53.raw	TMT127C	1	1	NT=Orbitrap Eclipse;AC=MS:1003029	NT=Data-dependent acquisition;AC=PRIDE:0000627	NT=Trypsin;AC=MS:1001251	TMT131	not applicable	TMT53	NT=collision-induced dissociation;AC=MS:1000133	NT=beam-type collision-induced dissociation;AC=MS:1000422	not available	375m/z-1500m/z	not available	not available	not applicable	NT=TMT6plex;AC=UNIMOD:737;MT=fixed;PP=Any N-term	NT=TMT6plex;AC=UNIMOD:737;MT=fixed;TA=K;PP=Anywhere	NT=Oxidation;AC=UNIMOD:35;MT=variable;TA=M;PP=Anywhere	NT=Acetyl;AC=UNIMOD:1;MT=variable;PP=Protein N-term	v3.0.0	ms-proteomics v1.1.0	vertebrates v1.1.0	single-cell v1.0.0
PXD064518_TMT53_TMT128N	Mus musculus	heart	cardiac muscle cell	not available	cell	single cell	male	not available	adult	not available	not available	not pooled	PXD064518_TMT53_TMT128N	1	manual picking	not available	one cardiomyocyte; channel-to-genotype assignment unavailable	20221019_Ec_01_SC_CNIC-KI_TMT53	proteomic profiling by mass spectrometry	20221019_Ec_01_SC_CNIC-KI_TMT53.raw	ftp://ftp.pride.ebi.ac.uk/pride/data/archive/2026/04/PXD064518/20221019_Ec_01_SC_CNIC-KI_TMT53.raw	TMT128N	1	1	NT=Orbitrap Eclipse;AC=MS:1003029	NT=Data-dependent acquisition;AC=PRIDE:0000627	NT=Trypsin;AC=MS:1001251	TMT131	not applicable	TMT53	NT=collision-induced dissociation;AC=MS:1000133	NT=beam-type collision-induced dissociation;AC=MS:1000422	not available	375m/z-1500m/z	not available	not available	not applicable	NT=TMT6plex;AC=UNIMOD:737;MT=fixed;PP=Any N-term	NT=TMT6plex;AC=UNIMOD:737;MT=fixed;TA=K;PP=Anywhere	NT=Oxidation;AC=UNIMOD:35;MT=variable;TA=M;PP=Anywhere	NT=Acetyl;AC=UNIMOD:1;MT=variable;PP=Protein N-term	v3.0.0	ms-proteomics v1.1.0	vertebrates v1.1.0	single-cell v1.0.0
PXD064518_TMT53_TMT128C	Mus musculus	heart	cardiac muscle cell	not available	cell	single cell	male	not available	adult	not available	not available	not pooled	PXD064518_TMT53_TMT128C	1	manual picking	not available	one cardiomyocyte; channel-to-genotype assignment unavailable	20221019_Ec_01_SC_CNIC-KI_TMT53	proteomic profiling by mass spectrometry	20221019_Ec_01_SC_CNIC-KI_TMT53.raw	ftp://ftp.pride.ebi.ac.uk/pride/data/archive/2026/04/PXD064518/20221019_Ec_01_SC_CNIC-KI_TMT53.raw	TMT128C	1	1	NT=Orbitrap Eclipse;AC=MS:1003029	NT=Data-dependent acquisition;AC=PRIDE:0000627	NT=Trypsin;AC=MS:1001251	TMT131	not applicable	TMT53	NT=collision-induced dissociation;AC=MS:1000133	NT=beam-type collision-induced dissociation;AC=MS:1000422	not available	375m/z-1500m/z	not available	not available	not applicable	NT=TMT6plex;AC=UNIMOD:737;MT=fixed;PP=Any N-term	NT=TMT6plex;AC=UNIMOD:737;MT=fixed;TA=K;PP=Anywhere	NT=Oxidation;AC=UNIMOD:35;MT=variable;TA=M;PP=Anywhere	NT=Acetyl;AC=UNIMOD:1;MT=variable;PP=Protein N-term	v3.0.0	ms-proteomics v1.1.0	vertebrates v1.1.0	single-cell v1.0.0
PXD064518_TMT53_TMT129N	Mus musculus	heart	cardiac muscle cell	not available	cell	single cell	male	not available	adult	not available	not available	not pooled	PXD064518_TMT53_TMT129N	1	manual picking	not available	one cardiomyocyte; channel-to-genotype assignment unavailable	20221019_Ec_01_SC_CNIC-KI_TMT53	proteomic profiling by mass spectrometry	20221019_Ec_01_SC_CNIC-KI_TMT53.raw	ftp://ftp.pride.ebi.ac.uk/pride/data/archive/2026/04/PXD064518/20221019_Ec_01_SC_CNIC-KI_TMT53.raw	TMT129N	1	1	NT=Orbitrap Eclipse;AC=MS:1003029	NT=Data-dependent acquisition;AC=PRIDE:0000627	NT=Trypsin;AC=MS:1001251	TMT131	not applicable	TMT53	NT=collision-induced dissociation;AC=MS:1000133	NT=beam-type collision-induced dissociation;AC=MS:1000422	not available	375m/z-1500m/z	not available	not available	not applicable	NT=TMT6plex;AC=UNIMOD:737;MT=fixed;PP=Any N-term	NT=TMT6plex;AC=UNIMOD:737;MT=fixed;TA=K;PP=Anywhere	NT=Oxidation;AC=UNIMOD:35;MT=variable;TA=M;PP=Anywhere	NT=Acetyl;AC=UNIMOD:1;MT=variable;PP=Protein N-term	v3.0.0	ms-proteomics v1.1.0	vertebrates v1.1.0	single-cell v1.0.0
PXD064518_TMT53_TMT129C	Mus musculus	heart	cardiac muscle cell	not available	cell	single cell	male	not available	adult	not available	not available	not pooled	PXD064518_TMT53_TMT129C	1	manual picking	not available	one cardiomyocyte; channel-to-genotype assignment unavailable	20221019_Ec_01_SC_CNIC-KI_TMT53	proteomic profiling by mass spectrometry	20221019_Ec_01_SC_CNIC-KI_TMT53.raw	ftp://ftp.pride.ebi.ac.uk/pride/data/archive/2026/04/PXD064518/20221019_Ec_01_SC_CNIC-KI_TMT53.raw	TMT129C	1	1	NT=Orbitrap Eclipse;AC=MS:1003029	NT=Data-dependent acquisition;AC=PRIDE:0000627	NT=Trypsin;AC=MS:1001251	TMT131	not applicable	TMT53	NT=collision-induced dissociation;AC=MS:1000133	NT=beam-type collision-induced dissociation;AC=MS:1000422	not available	375m/z-1500m/z	not available	not available	not applicable	NT=TMT6plex;AC=UNIMOD:737;MT=fixed;PP=Any N-term	NT=TMT6plex;AC=UNIMOD:737;MT=fixed;TA=K;PP=Anywhere	NT=Oxidation;AC=UNIMOD:35;MT=variable;TA=M;PP=Anywhere	NT=Acetyl;AC=UNIMOD:1;MT=variable;PP=Protein N-term	v3.0.0	ms-proteomics v1.1.0	vertebrates v1.1.0	single-cell v1.0.0
PXD064518_TMT53_TMT130C	Mus musculus	heart	cardiac muscle cell	not available	cell	single cell	male	not available	adult	not available	not available	not pooled	PXD064518_TMT53_TMT130C	1	manual picking	not available	one cardiomyocyte; channel-to-genotype assignment unavailable	20221019_Ec_01_SC_CNIC-KI_TMT53	proteomic profiling by mass spectrometry	20221019_Ec_01_SC_CNIC-KI_TMT53.raw	ftp://ftp.pride.ebi.ac.uk/pride/data/archive/2026/04/PXD064518/20221019_Ec_01_SC_CNIC-KI_TMT53.raw	TMT130C	1	1	NT=Orbitrap Eclipse;AC=MS:1003029	NT=Data-dependent acquisition;AC=PRIDE:0000627	NT=Trypsin;AC=MS:1001251	TMT131	not applicable	TMT53	NT=collision-induced dissociation;AC=MS:1000133	NT=beam-type collision-induced dissociation;AC=MS:1000422	not available	375m/z-1500m/z	not available	not available	not applicable	NT=TMT6plex;AC=UNIMOD:737;MT=fixed;PP=Any N-term	NT=TMT6plex;AC=UNIMOD:737;MT=fixed;TA=K;PP=Anywhere	NT=Oxidation;AC=UNIMOD:35;MT=variable;TA=M;PP=Anywhere	NT=Acetyl;AC=UNIMOD:1;MT=variable;PP=Protein N-term	v3.0.0	ms-proteomics v1.1.0	vertebrates v1.1.0	single-cell v1.0.0
PXD064518_TMT53_TMT131	Mus musculus	heart	cardiac muscle cell	not available	cell	carrier	male	not available	adult	not available	pooled	pooled	not applicable	200	not available	mixed control and Myc-overexpressing cardiomyocytes	100 control plus 100 Myc-overexpressing cardiomyocytes	20221019_Ec_01_SC_CNIC-KI_TMT53	proteomic profiling by mass spectrometry	20221019_Ec_01_SC_CNIC-KI_TMT53.raw	ftp://ftp.pride.ebi.ac.uk/pride/data/archive/2026/04/PXD064518/20221019_Ec_01_SC_CNIC-KI_TMT53.raw	TMT131	1	1	NT=Orbitrap Eclipse;AC=MS:1003029	NT=Data-dependent acquisition;AC=PRIDE:0000627	NT=Trypsin;AC=MS:1001251	TMT131	not applicable	TMT53	NT=collision-induced dissociation;AC=MS:1000133	NT=beam-type collision-induced dissociation;AC=MS:1000422	not available	375m/z-1500m/z	not available	not available	not applicable	NT=TMT6plex;AC=UNIMOD:737;MT=fixed;PP=Any N-term	NT=TMT6plex;AC=UNIMOD:737;MT=fixed;TA=K;PP=Anywhere	NT=Oxidation;AC=UNIMOD:35;MT=variable;TA=M;PP=Anywhere	NT=Acetyl;AC=UNIMOD:1;MT=variable;PP=Protein N-term	v3.0.0	ms-proteomics v1.1.0	vertebrates v1.1.0	single-cell v1.0.0
PXD064518_TMT54_TMT126	Mus musculus	heart	cardiac muscle cell	not available	cell	single cell	male	not available	adult	not available	not available	not pooled	PXD064518_TMT54_TMT126	1	manual picking	not available	one cardiomyocyte; channel-to-genotype assignment unavailable	20221019_Ec_01_SC_CNIC-KI_TMT54	proteomic profiling by mass spectrometry	20221019_Ec_01_SC_CNIC-KI_TMT54.raw	ftp://ftp.pride.ebi.ac.uk/pride/data/archive/2026/04/PXD064518/20221019_Ec_01_SC_CNIC-KI_TMT54.raw	TMT126	1	1	NT=Orbitrap Eclipse;AC=MS:1003029	NT=Data-dependent acquisition;AC=PRIDE:0000627	NT=Trypsin;AC=MS:1001251	TMT131	not applicable	TMT54	NT=collision-induced dissociation;AC=MS:1000133	NT=beam-type collision-induced dissociation;AC=MS:1000422	not available	375m/z-1500m/z	not available	not available	not applicable	NT=TMT6plex;AC=UNIMOD:737;MT=fixed;PP=Any N-term	NT=TMT6plex;AC=UNIMOD:737;MT=fixed;TA=K;PP=Anywhere	NT=Oxidation;AC=UNIMOD:35;MT=variable;TA=M;PP=Anywhere	NT=Acetyl;AC=UNIMOD:1;MT=variable;PP=Protein N-term	v3.0.0	ms-proteomics v1.1.0	vertebrates v1.1.0	single-cell v1.0.0
PXD064518_TMT54_TMT127N	Mus musculus	heart	cardiac muscle cell	not available	cell	single cell	male	not available	adult	not available	not available	not pooled	PXD064518_TMT54_TMT127N	1	manual picking	not available	one cardiomyocyte; channel-to-genotype assignment unavailable	20221019_Ec_01_SC_CNIC-KI_TMT54	proteomic profiling by mass spectrometry	20221019_Ec_01_SC_CNIC-KI_TMT54.raw	ftp://ftp.pride.ebi.ac.uk/pride/data/archive/2026/04/PXD064518/20221019_Ec_01_SC_CNIC-KI_TMT54.raw	TMT127N	1	1	NT=Orbitrap Eclipse;AC=MS:1003029	NT=Data-dependent acquisition;AC=PRIDE:0000627	NT=Trypsin;AC=MS:1001251	TMT131	not applicable	TMT54	NT=collision-induced dissociation;AC=MS:1000133	NT=beam-type collision-induced dissociation;AC=MS:1000422	not available	375m/z-1500m/z	not available	not available	not applicable	NT=TMT6plex;AC=UNIMOD:737;MT=fixed;PP=Any N-term	NT=TMT6plex;AC=UNIMOD:737;MT=fixed;TA=K;PP=Anywhere	NT=Oxidation;AC=UNIMOD:35;MT=variable;TA=M;PP=Anywhere	NT=Acetyl;AC=UNIMOD:1;MT=variable;PP=Protein N-term	v3.0.0	ms-proteomics v1.1.0	vertebrates v1.1.0	single-cell v1.0.0
PXD064518_TMT54_TMT127C	Mus musculus	heart	cardiac muscle cell	not available	cell	single cell	male	not available	adult	not available	not available	not pooled	PXD064518_TMT54_TMT127C	1	manual picking	not available	one cardiomyocyte; channel-to-genotype assignment unavailable	20221019_Ec_01_SC_CNIC-KI_TMT54	proteomic profiling by mass spectrometry	20221019_Ec_01_SC_CNIC-KI_TMT54.raw	ftp://ftp.pride.ebi.ac.uk/pride/data/archive/2026/04/PXD064518/20221019_Ec_01_SC_CNIC-KI_TMT54.raw	TMT127C	1	1	NT=Orbitrap Eclipse;AC=MS:1003029	NT=Data-dependent acquisition;AC=PRIDE:0000627	NT=Trypsin;AC=MS:1001251	TMT131	not applicable	TMT54	NT=collision-induced dissociation;AC=MS:1000133	NT=beam-type collision-induced dissociation;AC=MS:1000422	not available	375m/z-1500m/z	not available	not available	not applicable	NT=TMT6plex;AC=UNIMOD:737;MT=fixed;PP=Any N-term	NT=TMT6plex;AC=UNIMOD:737;MT=fixed;TA=K;PP=Anywhere	NT=Oxidation;AC=UNIMOD:35;MT=variable;TA=M;PP=Anywhere	NT=Acetyl;AC=UNIMOD:1;MT=variable;PP=Protein N-term	v3.0.0	ms-proteomics v1.1.0	vertebrates v1.1.0	single-cell v1.0.0
PXD064518_TMT54_TMT128N	Mus musculus	heart	cardiac muscle cell	not available	cell	single cell	male	not available	adult	not available	not available	not pooled	PXD064518_TMT54_TMT128N	1	manual picking	not available	one cardiomyocyte; channel-to-genotype assignment unavailable	20221019_Ec_01_SC_CNIC-KI_TMT54	proteomic profiling by mass spectrometry	20221019_Ec_01_SC_CNIC-KI_TMT54.raw	ftp://ftp.pride.ebi.ac.uk/pride/data/archive/2026/04/PXD064518/20221019_Ec_01_SC_CNIC-KI_TMT54.raw	TMT128N	1	1	NT=Orbitrap Eclipse;AC=MS:1003029	NT=Data-dependent acquisition;AC=PRIDE:0000627	NT=Trypsin;AC=MS:1001251	TMT131	not applicable	TMT54	NT=collision-induced dissociation;AC=MS:1000133	NT=beam-type collision-induced dissociation;AC=MS:1000422	not available	375m/z-1500m/z	not available	not available	not applicable	NT=TMT6plex;AC=UNIMOD:737;MT=fixed;PP=Any N-term	NT=TMT6plex;AC=UNIMOD:737;MT=fixed;TA=K;PP=Anywhere	NT=Oxidation;AC=UNIMOD:35;MT=variable;TA=M;PP=Anywhere	NT=Acetyl;AC=UNIMOD:1;MT=variable;PP=Protein N-term	v3.0.0	ms-proteomics v1.1.0	vertebrates v1.1.0	single-cell v1.0.0
PXD064518_TMT54_TMT128C	Mus musculus	heart	cardiac muscle cell	not available	cell	single cell	male	not available	adult	not available	not available	not pooled	PXD064518_TMT54_TMT128C	1	manual picking	not available	one cardiomyocyte; channel-to-genotype assignment unavailable	20221019_Ec_01_SC_CNIC-KI_TMT54	proteomic profiling by mass spectrometry	20221019_Ec_01_SC_CNIC-KI_TMT54.raw	ftp://ftp.pride.ebi.ac.uk/pride/data/archive/2026/04/PXD064518/20221019_Ec_01_SC_CNIC-KI_TMT54.raw	TMT128C	1	1	NT=Orbitrap Eclipse;AC=MS:1003029	NT=Data-dependent acquisition;AC=PRIDE:0000627	NT=Trypsin;AC=MS:1001251	TMT131	not applicable	TMT54	NT=collision-induced dissociation;AC=MS:1000133	NT=beam-type collision-induced dissociation;AC=MS:1000422	not available	375m/z-1500m/z	not available	not available	not applicable	NT=TMT6plex;AC=UNIMOD:737;MT=fixed;PP=Any N-term	NT=TMT6plex;AC=UNIMOD:737;MT=fixed;TA=K;PP=Anywhere	NT=Oxidation;AC=UNIMOD:35;MT=variable;TA=M;PP=Anywhere	NT=Acetyl;AC=UNIMOD:1;MT=variable;PP=Protein N-term	v3.0.0	ms-proteomics v1.1.0	vertebrates v1.1.0	single-cell v1.0.0
PXD064518_TMT54_TMT129N	Mus musculus	heart	cardiac muscle cell	not available	cell	single cell	male	not available	adult	not available	not available	not pooled	PXD064518_TMT54_TMT129N	1	manual picking	not available	one cardiomyocyte; channel-to-genotype assignment unavailable	20221019_Ec_01_SC_CNIC-KI_TMT54	proteomic profiling by mass spectrometry	20221019_Ec_01_SC_CNIC-KI_TMT54.raw	ftp://ftp.pride.ebi.ac.uk/pride/data/archive/2026/04/PXD064518/20221019_Ec_01_SC_CNIC-KI_TMT54.raw	TMT129N	1	1	NT=Orbitrap Eclipse;AC=MS:1003029	NT=Data-dependent acquisition;AC=PRIDE:0000627	NT=Trypsin;AC=MS:1001251	TMT131	not applicable	TMT54	NT=collision-induced dissociation;AC=MS:1000133	NT=beam-type collision-induced dissociation;AC=MS:1000422	not available	375m/z-1500m/z	not available	not available	not applicable	NT=TMT6plex;AC=UNIMOD:737;MT=fixed;PP=Any N-term	NT=TMT6plex;AC=UNIMOD:737;MT=fixed;TA=K;PP=Anywhere	NT=Oxidation;AC=UNIMOD:35;MT=variable;TA=M;PP=Anywhere	NT=Acetyl;AC=UNIMOD:1;MT=variable;PP=Protein N-term	v3.0.0	ms-proteomics v1.1.0	vertebrates v1.1.0	single-cell v1.0.0
PXD064518_TMT54_TMT129C	Mus musculus	heart	cardiac muscle cell	not available	cell	single cell	male	not available	adult	not available	not available	not pooled	PXD064518_TMT54_TMT129C	1	manual picking	not available	one cardiomyocyte; channel-to-genotype assignment unavailable	20221019_Ec_01_SC_CNIC-KI_TMT54	proteomic profiling by mass spectrometry	20221019_Ec_01_SC_CNIC-KI_TMT54.raw	ftp://ftp.pride.ebi.ac.uk/pride/data/archive/2026/04/PXD064518/20221019_Ec_01_SC_CNIC-KI_TMT54.raw	TMT129C	1	1	NT=Orbitrap Eclipse;AC=MS:1003029	NT=Data-dependent acquisition;AC=PRIDE:0000627	NT=Trypsin;AC=MS:1001251	TMT131	not applicable	TMT54	NT=collision-induced dissociation;AC=MS:1000133	NT=beam-type collision-induced dissociation;AC=MS:1000422	not available	375m/z-1500m/z	not available	not available	not applicable	NT=TMT6plex;AC=UNIMOD:737;MT=fixed;PP=Any N-term	NT=TMT6plex;AC=UNIMOD:737;MT=fixed;TA=K;PP=Anywhere	NT=Oxidation;AC=UNIMOD:35;MT=variable;TA=M;PP=Anywhere	NT=Acetyl;AC=UNIMOD:1;MT=variable;PP=Protein N-term	v3.0.0	ms-proteomics v1.1.0	vertebrates v1.1.0	single-cell v1.0.0
PXD064518_TMT54_TMT130C	Mus musculus	heart	cardiac muscle cell	not available	cell	single cell	male	not available	adult	not available	not available	not pooled	PXD064518_TMT54_TMT130C	1	manual picking	not available	one cardiomyocyte; channel-to-genotype assignment unavailable	20221019_Ec_01_SC_CNIC-KI_TMT54	proteomic profiling by mass spectrometry	20221019_Ec_01_SC_CNIC-KI_TMT54.raw	ftp://ftp.pride.ebi.ac.uk/pride/data/archive/2026/04/PXD064518/20221019_Ec_01_SC_CNIC-KI_TMT54.raw	TMT130C	1	1	NT=Orbitrap Eclipse;AC=MS:1003029	NT=Data-dependent acquisition;AC=PRIDE:0000627	NT=Trypsin;AC=MS:1001251	TMT131	not applicable	TMT54	NT=collision-induced dissociation;AC=MS:1000133	NT=beam-type collision-induced dissociation;AC=MS:1000422	not available	375m/z-1500m/z	not available	not available	not applicable	NT=TMT6plex;AC=UNIMOD:737;MT=fixed;PP=Any N-term	NT=TMT6plex;AC=UNIMOD:737;MT=fixed;TA=K;PP=Anywhere	NT=Oxidation;AC=UNIMOD:35;MT=variable;TA=M;PP=Anywhere	NT=Acetyl;AC=UNIMOD:1;MT=variable;PP=Protein N-term	v3.0.0	ms-proteomics v1.1.0	vertebrates v1.1.0	single-cell v1.0.0
PXD064518_TMT54_TMT131	Mus musculus	heart	cardiac muscle cell	not available	cell	carrier	male	not available	adult	not available	pooled	pooled	not applicable	200	not available	mixed control and Myc-overexpressing cardiomyocytes	100 control plus 100 Myc-overexpressing cardiomyocytes	20221019_Ec_01_SC_CNIC-KI_TMT54	proteomic profiling by mass spectrometry	20221019_Ec_01_SC_CNIC-KI_TMT54.raw	ftp://ftp.pride.ebi.ac.uk/pride/data/archive/2026/04/PXD064518/20221019_Ec_01_SC_CNIC-KI_TMT54.raw	TMT131	1	1	NT=Orbitrap Eclipse;AC=MS:1003029	NT=Data-dependent acquisition;AC=PRIDE:0000627	NT=Trypsin;AC=MS:1001251	TMT131	not applicable	TMT54	NT=collision-induced dissociation;AC=MS:1000133	NT=beam-type collision-induced dissociation;AC=MS:1000422	not available	375m/z-1500m/z	not available	not available	not applicable	NT=TMT6plex;AC=UNIMOD:737;MT=fixed;PP=Any N-term	NT=TMT6plex;AC=UNIMOD:737;MT=fixed;TA=K;PP=Anywhere	NT=Oxidation;AC=UNIMOD:35;MT=variable;TA=M;PP=Anywhere	NT=Acetyl;AC=UNIMOD:1;MT=variable;PP=Protein N-term	v3.0.0	ms-proteomics v1.1.0	vertebrates v1.1.0	single-cell v1.0.0
PXD064518_TMT55_TMT126	Mus musculus	heart	cardiac muscle cell	not available	cell	single cell	male	not available	adult	not available	not available	not pooled	PXD064518_TMT55_TMT126	1	manual picking	not available	one cardiomyocyte; channel-to-genotype assignment unavailable	20221019_Ec_01_SC_CNIC-KI_TMT55	proteomic profiling by mass spectrometry	20221019_Ec_01_SC_CNIC-KI_TMT55.raw	ftp://ftp.pride.ebi.ac.uk/pride/data/archive/2026/04/PXD064518/20221019_Ec_01_SC_CNIC-KI_TMT55.raw	TMT126	1	1	NT=Orbitrap Eclipse;AC=MS:1003029	NT=Data-dependent acquisition;AC=PRIDE:0000627	NT=Trypsin;AC=MS:1001251	TMT131	not applicable	TMT55	NT=collision-induced dissociation;AC=MS:1000133	NT=beam-type collision-induced dissociation;AC=MS:1000422	not available	375m/z-1500m/z	not available	not available	not applicable	NT=TMT6plex;AC=UNIMOD:737;MT=fixed;PP=Any N-term	NT=TMT6plex;AC=UNIMOD:737;MT=fixed;TA=K;PP=Anywhere	NT=Oxidation;AC=UNIMOD:35;MT=variable;TA=M;PP=Anywhere	NT=Acetyl;AC=UNIMOD:1;MT=variable;PP=Protein N-term	v3.0.0	ms-proteomics v1.1.0	vertebrates v1.1.0	single-cell v1.0.0
PXD064518_TMT55_TMT127N	Mus musculus	heart	cardiac muscle cell	not available	cell	single cell	male	not available	adult	not available	not available	not pooled	PXD064518_TMT55_TMT127N	1	manual picking	not available	one cardiomyocyte; channel-to-genotype assignment unavailable	20221019_Ec_01_SC_CNIC-KI_TMT55	proteomic profiling by mass spectrometry	20221019_Ec_01_SC_CNIC-KI_TMT55.raw	ftp://ftp.pride.ebi.ac.uk/pride/data/archive/2026/04/PXD064518/20221019_Ec_01_SC_CNIC-KI_TMT55.raw	TMT127N	1	1	NT=Orbitrap Eclipse;AC=MS:1003029	NT=Data-dependent acquisition;AC=PRIDE:0000627	NT=Trypsin;AC=MS:1001251	TMT131	not applicable	TMT55	NT=collision-induced dissociation;AC=MS:1000133	NT=beam-type collision-induced dissociation;AC=MS:1000422	not available	375m/z-1500m/z	not available	not available	not applicable	NT=TMT6plex;AC=UNIMOD:737;MT=fixed;PP=Any N-term	NT=TMT6plex;AC=UNIMOD:737;MT=fixed;TA=K;PP=Anywhere	NT=Oxidation;AC=UNIMOD:35;MT=variable;TA=M;PP=Anywhere	NT=Acetyl;AC=UNIMOD:1;MT=variable;PP=Protein N-term	v3.0.0	ms-proteomics v1.1.0	vertebrates v1.1.0	single-cell v1.0.0
PXD064518_TMT55_TMT127C	Mus musculus	heart	cardiac muscle cell	not available	cell	single cell	male	not available	adult	not available	not available	not pooled	PXD064518_TMT55_TMT127C	1	manual picking	not available	one cardiomyocyte; channel-to-genotype assignment unavailable	20221019_Ec_01_SC_CNIC-KI_TMT55	proteomic profiling by mass spectrometry	20221019_Ec_01_SC_CNIC-KI_TMT55.raw	ftp://ftp.pride.ebi.ac.uk/pride/data/archive/2026/04/PXD064518/20221019_Ec_01_SC_CNIC-KI_TMT55.raw	TMT127C	1	1	NT=Orbitrap Eclipse;AC=MS:1003029	NT=Data-dependent acquisition;AC=PRIDE:0000627	NT=Trypsin;AC=MS:1001251	TMT131	not applicable	TMT55	NT=collision-induced dissociation;AC=MS:1000133	NT=beam-type collision-induced dissociation;AC=MS:1000422	not available	375m/z-1500m/z	not available	not available	not applicable	NT=TMT6plex;AC=UNIMOD:737;MT=fixed;PP=Any N-term	NT=TMT6plex;AC=UNIMOD:737;MT=fixed;TA=K;PP=Anywhere	NT=Oxidation;AC=UNIMOD:35;MT=variable;TA=M;PP=Anywhere	NT=Acetyl;AC=UNIMOD:1;MT=variable;PP=Protein N-term	v3.0.0	ms-proteomics v1.1.0	vertebrates v1.1.0	single-cell v1.0.0
PXD064518_TMT55_TMT128N	Mus musculus	heart	cardiac muscle cell	not available	cell	single cell	male	not available	adult	not available	not available	not pooled	PXD064518_TMT55_TMT128N	1	manual picking	not available	one cardiomyocyte; channel-to-genotype assignment unavailable	20221019_Ec_01_SC_CNIC-KI_TMT55	proteomic profiling by mass spectrometry	20221019_Ec_01_SC_CNIC-KI_TMT55.raw	ftp://ftp.pride.ebi.ac.uk/pride/data/archive/2026/04/PXD064518/20221019_Ec_01_SC_CNIC-KI_TMT55.raw	TMT128N	1	1	NT=Orbitrap Eclipse;AC=MS:1003029	NT=Data-dependent acquisition;AC=PRIDE:0000627	NT=Trypsin;AC=MS:1001251	TMT131	not applicable	TMT55	NT=collision-induced dissociation;AC=MS:1000133	NT=beam-type collision-induced dissociation;AC=MS:1000422	not available	375m/z-1500m/z	not available	not available	not applicable	NT=TMT6plex;AC=UNIMOD:737;MT=fixed;PP=Any N-term	NT=TMT6plex;AC=UNIMOD:737;MT=fixed;TA=K;PP=Anywhere	NT=Oxidation;AC=UNIMOD:35;MT=variable;TA=M;PP=Anywhere	NT=Acetyl;AC=UNIMOD:1;MT=variable;PP=Protein N-term	v3.0.0	ms-proteomics v1.1.0	vertebrates v1.1.0	single-cell v1.0.0
PXD064518_TMT55_TMT128C	Mus musculus	heart	cardiac muscle cell	not available	cell	single cell	male	not available	adult	not available	not available	not pooled	PXD064518_TMT55_TMT128C	1	manual picking	not available	one cardiomyocyte; channel-to-genotype assignment unavailable	20221019_Ec_01_SC_CNIC-KI_TMT55	proteomic profiling by mass spectrometry	20221019_Ec_01_SC_CNIC-KI_TMT55.raw	ftp://ftp.pride.ebi.ac.uk/pride/data/archive/2026/04/PXD064518/20221019_Ec_01_SC_CNIC-KI_TMT55.raw	TMT128C	1	1	NT=Orbitrap Eclipse;AC=MS:1003029	NT=Data-dependent acquisition;AC=PRIDE:0000627	NT=Trypsin;AC=MS:1001251	TMT131	not applicable	TMT55	NT=collision-induced dissociation;AC=MS:1000133	NT=beam-type collision-induced dissociation;AC=MS:1000422	not available	375m/z-1500m/z	not available	not available	not applicable	NT=TMT6plex;AC=UNIMOD:737;MT=fixed;PP=Any N-term	NT=TMT6plex;AC=UNIMOD:737;MT=fixed;TA=K;PP=Anywhere	NT=Oxidation;AC=UNIMOD:35;MT=variable;TA=M;PP=Anywhere	NT=Acetyl;AC=UNIMOD:1;MT=variable;PP=Protein N-term	v3.0.0	ms-proteomics v1.1.0	vertebrates v1.1.0	single-cell v1.0.0
PXD064518_TMT55_TMT129N	Mus musculus	heart	cardiac muscle cell	not available	cell	single cell	male	not available	adult	not available	not available	not pooled	PXD064518_TMT55_TMT129N	1	manual picking	not available	one cardiomyocyte; channel-to-genotype assignment unavailable	20221019_Ec_01_SC_CNIC-KI_TMT55	proteomic profiling by mass spectrometry	20221019_Ec_01_SC_CNIC-KI_TMT55.raw	ftp://ftp.pride.ebi.ac.uk/pride/data/archive/2026/04/PXD064518/20221019_Ec_01_SC_CNIC-KI_TMT55.raw	TMT129N	1	1	NT=Orbitrap Eclipse;AC=MS:1003029	NT=Data-dependent acquisition;AC=PRIDE:0000627	NT=Trypsin;AC=MS:1001251	TMT131	not applicable	TMT55	NT=collision-induced dissociation;AC=MS:1000133	NT=beam-type collision-induced dissociation;AC=MS:1000422	not available	375m/z-1500m/z	not available	not available	not applicable	NT=TMT6plex;AC=UNIMOD:737;MT=fixed;PP=Any N-term	NT=TMT6plex;AC=UNIMOD:737;MT=fixed;TA=K;PP=Anywhere	NT=Oxidation;AC=UNIMOD:35;MT=variable;TA=M;PP=Anywhere	NT=Acetyl;AC=UNIMOD:1;MT=variable;PP=Protein N-term	v3.0.0	ms-proteomics v1.1.0	vertebrates v1.1.0	single-cell v1.0.0
PXD064518_TMT55_TMT129C	Mus musculus	heart	cardiac muscle cell	not available	cell	single cell	male	not available	adult	not available	not available	not pooled	PXD064518_TMT55_TMT129C	1	manual picking	not available	one cardiomyocyte; channel-to-genotype assignment unavailable	20221019_Ec_01_SC_CNIC-KI_TMT55	proteomic profiling by mass spectrometry	20221019_Ec_01_SC_CNIC-KI_TMT55.raw	ftp://ftp.pride.ebi.ac.uk/pride/data/archive/2026/04/PXD064518/20221019_Ec_01_SC_CNIC-KI_TMT55.raw	TMT129C	1	1	NT=Orbitrap Eclipse;AC=MS:1003029	NT=Data-dependent acquisition;AC=PRIDE:0000627	NT=Trypsin;AC=MS:1001251	TMT131	not applicable	TMT55	NT=collision-induced dissociation;AC=MS:1000133	NT=beam-type collision-induced dissociation;AC=MS:1000422	not available	375m/z-1500m/z	not available	not available	not applicable	NT=TMT6plex;AC=UNIMOD:737;MT=fixed;PP=Any N-term	NT=TMT6plex;AC=UNIMOD:737;MT=fixed;TA=K;PP=Anywhere	NT=Oxidation;AC=UNIMOD:35;MT=variable;TA=M;PP=Anywhere	NT=Acetyl;AC=UNIMOD:1;MT=variable;PP=Protein N-term	v3.0.0	ms-proteomics v1.1.0	vertebrates v1.1.0	single-cell v1.0.0
PXD064518_TMT55_TMT130C	Mus musculus	heart	cardiac muscle cell	not available	cell	single cell	male	not available	adult	not available	not available	not pooled	PXD064518_TMT55_TMT130C	1	manual picking	not available	one cardiomyocyte; channel-to-genotype assignment unavailable	20221019_Ec_01_SC_CNIC-KI_TMT55	proteomic profiling by mass spectrometry	20221019_Ec_01_SC_CNIC-KI_TMT55.raw	ftp://ftp.pride.ebi.ac.uk/pride/data/archive/2026/04/PXD064518/20221019_Ec_01_SC_CNIC-KI_TMT55.raw	TMT130C	1	1	NT=Orbitrap Eclipse;AC=MS:1003029	NT=Data-dependent acquisition;AC=PRIDE:0000627	NT=Trypsin;AC=MS:1001251	TMT131	not applicable	TMT55	NT=collision-induced dissociation;AC=MS:1000133	NT=beam-type collision-induced dissociation;AC=MS:1000422	not available	375m/z-1500m/z	not available	not available	not applicable	NT=TMT6plex;AC=UNIMOD:737;MT=fixed;PP=Any N-term	NT=TMT6plex;AC=UNIMOD:737;MT=fixed;TA=K;PP=Anywhere	NT=Oxidation;AC=UNIMOD:35;MT=variable;TA=M;PP=Anywhere	NT=Acetyl;AC=UNIMOD:1;MT=variable;PP=Protein N-term	v3.0.0	ms-proteomics v1.1.0	vertebrates v1.1.0	single-cell v1.0.0
PXD064518_TMT55_TMT131	Mus musculus	heart	cardiac muscle cell	not available	cell	carrier	male	not available	adult	not available	pooled	pooled	not applicable	200	not available	mixed control and Myc-overexpressing cardiomyocytes	100 control plus 100 Myc-overexpressing cardiomyocytes	20221019_Ec_01_SC_CNIC-KI_TMT55	proteomic profiling by mass spectrometry	20221019_Ec_01_SC_CNIC-KI_TMT55.raw	ftp://ftp.pride.ebi.ac.uk/pride/data/archive/2026/04/PXD064518/20221019_Ec_01_SC_CNIC-KI_TMT55.raw	TMT131	1	1	NT=Orbitrap Eclipse;AC=MS:1003029	NT=Data-dependent acquisition;AC=PRIDE:0000627	NT=Trypsin;AC=MS:1001251	TMT131	not applicable	TMT55	NT=collision-induced dissociation;AC=MS:1000133	NT=beam-type collision-induced dissociation;AC=MS:1000422	not available	375m/z-1500m/z	not available	not available	not applicable	NT=TMT6plex;AC=UNIMOD:737;MT=fixed;PP=Any N-term	NT=TMT6plex;AC=UNIMOD:737;MT=fixed;TA=K;PP=Anywhere	NT=Oxidation;AC=UNIMOD:35;MT=variable;TA=M;PP=Anywhere	NT=Acetyl;AC=UNIMOD:1;MT=variable;PP=Protein N-term	v3.0.0	ms-proteomics v1.1.0	vertebrates v1.1.0	single-cell v1.0.0
PXD064518_TMT56_TMT126	Mus musculus	heart	cardiac muscle cell	not available	cell	single cell	male	not available	adult	not available	not available	not pooled	PXD064518_TMT56_TMT126	1	manual picking	not available	one cardiomyocyte; channel-to-genotype assignment unavailable	20221019_Ec_01_SC_CNIC-KI_TMT56	proteomic profiling by mass spectrometry	20221019_Ec_01_SC_CNIC-KI_TMT56.raw	ftp://ftp.pride.ebi.ac.uk/pride/data/archive/2026/04/PXD064518/20221019_Ec_01_SC_CNIC-KI_TMT56.raw	TMT126	1	1	NT=Orbitrap Eclipse;AC=MS:1003029	NT=Data-dependent acquisition;AC=PRIDE:0000627	NT=Trypsin;AC=MS:1001251	TMT131	not applicable	TMT56	NT=collision-induced dissociation;AC=MS:1000133	NT=beam-type collision-induced dissociation;AC=MS:1000422	not available	375m/z-1500m/z	not available	not available	not applicable	NT=TMT6plex;AC=UNIMOD:737;MT=fixed;PP=Any N-term	NT=TMT6plex;AC=UNIMOD:737;MT=fixed;TA=K;PP=Anywhere	NT=Oxidation;AC=UNIMOD:35;MT=variable;TA=M;PP=Anywhere	NT=Acetyl;AC=UNIMOD:1;MT=variable;PP=Protein N-term	v3.0.0	ms-proteomics v1.1.0	vertebrates v1.1.0	single-cell v1.0.0
PXD064518_TMT56_TMT127N	Mus musculus	heart	cardiac muscle cell	not available	cell	single cell	male	not available	adult	not available	not available	not pooled	PXD064518_TMT56_TMT127N	1	manual picking	not available	one cardiomyocyte; channel-to-genotype assignment unavailable	20221019_Ec_01_SC_CNIC-KI_TMT56	proteomic profiling by mass spectrometry	20221019_Ec_01_SC_CNIC-KI_TMT56.raw	ftp://ftp.pride.ebi.ac.uk/pride/data/archive/2026/04/PXD064518/20221019_Ec_01_SC_CNIC-KI_TMT56.raw	TMT127N	1	1	NT=Orbitrap Eclipse;AC=MS:1003029	NT=Data-dependent acquisition;AC=PRIDE:0000627	NT=Trypsin;AC=MS:1001251	TMT131	not applicable	TMT56	NT=collision-induced dissociation;AC=MS:1000133	NT=beam-type collision-induced dissociation;AC=MS:1000422	not available	375m/z-1500m/z	not available	not available	not applicable	NT=TMT6plex;AC=UNIMOD:737;MT=fixed;PP=Any N-term	NT=TMT6plex;AC=UNIMOD:737;MT=fixed;TA=K;PP=Anywhere	NT=Oxidation;AC=UNIMOD:35;MT=variable;TA=M;PP=Anywhere	NT=Acetyl;AC=UNIMOD:1;MT=variable;PP=Protein N-term	v3.0.0	ms-proteomics v1.1.0	vertebrates v1.1.0	single-cell v1.0.0
PXD064518_TMT56_TMT127C	Mus musculus	heart	cardiac muscle cell	not available	cell	single cell	male	not available	adult	not available	not available	not pooled	PXD064518_TMT56_TMT127C	1	manual picking	not available	one cardiomyocyte; channel-to-genotype assignment unavailable	20221019_Ec_01_SC_CNIC-KI_TMT56	proteomic profiling by mass spectrometry	20221019_Ec_01_SC_CNIC-KI_TMT56.raw	ftp://ftp.pride.ebi.ac.uk/pride/data/archive/2026/04/PXD064518/20221019_Ec_01_SC_CNIC-KI_TMT56.raw	TMT127C	1	1	NT=Orbitrap Eclipse;AC=MS:1003029	NT=Data-dependent acquisition;AC=PRIDE:0000627	NT=Trypsin;AC=MS:1001251	TMT131	not applicable	TMT56	NT=collision-induced dissociation;AC=MS:1000133	NT=beam-type collision-induced dissociation;AC=MS:1000422	not available	375m/z-1500m/z	not available	not available	not applicable	NT=TMT6plex;AC=UNIMOD:737;MT=fixed;PP=Any N-term	NT=TMT6plex;AC=UNIMOD:737;MT=fixed;TA=K;PP=Anywhere	NT=Oxidation;AC=UNIMOD:35;MT=variable;TA=M;PP=Anywhere	NT=Acetyl;AC=UNIMOD:1;MT=variable;PP=Protein N-term	v3.0.0	ms-proteomics v1.1.0	vertebrates v1.1.0	single-cell v1.0.0
PXD064518_TMT56_TMT128N	Mus musculus	heart	cardiac muscle cell	not available	cell	single cell	male	not available	adult	not available	not available	not pooled	PXD064518_TMT56_TMT128N	1	manual picking	not available	one cardiomyocyte; channel-to-genotype assignment unavailable	20221019_Ec_01_SC_CNIC-KI_TMT56	proteomic profiling by mass spectrometry	20221019_Ec_01_SC_CNIC-KI_TMT56.raw	ftp://ftp.pride.ebi.ac.uk/pride/data/archive/2026/04/PXD064518/20221019_Ec_01_SC_CNIC-KI_TMT56.raw	TMT128N	1	1	NT=Orbitrap Eclipse;AC=MS:1003029	NT=Data-dependent acquisition;AC=PRIDE:0000627	NT=Trypsin;AC=MS:1001251	TMT131	not applicable	TMT56	NT=collision-induced dissociation;AC=MS:1000133	NT=beam-type collision-induced dissociation;AC=MS:1000422	not available	375m/z-1500m/z	not available	not available	not applicable	NT=TMT6plex;AC=UNIMOD:737;MT=fixed;PP=Any N-term	NT=TMT6plex;AC=UNIMOD:737;MT=fixed;TA=K;PP=Anywhere	NT=Oxidation;AC=UNIMOD:35;MT=variable;TA=M;PP=Anywhere	NT=Acetyl;AC=UNIMOD:1;MT=variable;PP=Protein N-term	v3.0.0	ms-proteomics v1.1.0	vertebrates v1.1.0	single-cell v1.0.0
PXD064518_TMT56_TMT128C	Mus musculus	heart	cardiac muscle cell	not available	cell	single cell	male	not available	adult	not available	not available	not pooled	PXD064518_TMT56_TMT128C	1	manual picking	not available	one cardiomyocyte; channel-to-genotype assignment unavailable	20221019_Ec_01_SC_CNIC-KI_TMT56	proteomic profiling by mass spectrometry	20221019_Ec_01_SC_CNIC-KI_TMT56.raw	ftp://ftp.pride.ebi.ac.uk/pride/data/archive/2026/04/PXD064518/20221019_Ec_01_SC_CNIC-KI_TMT56.raw	TMT128C	1	1	NT=Orbitrap Eclipse;AC=MS:1003029	NT=Data-dependent acquisition;AC=PRIDE:0000627	NT=Trypsin;AC=MS:1001251	TMT131	not applicable	TMT56	NT=collision-induced dissociation;AC=MS:1000133	NT=beam-type collision-induced dissociation;AC=MS:1000422	not available	375m/z-1500m/z	not available	not available	not applicable	NT=TMT6plex;AC=UNIMOD:737;MT=fixed;PP=Any N-term	NT=TMT6plex;AC=UNIMOD:737;MT=fixed;TA=K;PP=Anywhere	NT=Oxidation;AC=UNIMOD:35;MT=variable;TA=M;PP=Anywhere	NT=Acetyl;AC=UNIMOD:1;MT=variable;PP=Protein N-term	v3.0.0	ms-proteomics v1.1.0	vertebrates v1.1.0	single-cell v1.0.0
PXD064518_TMT56_TMT129N	Mus musculus	heart	cardiac muscle cell	not available	cell	single cell	male	not available	adult	not available	not available	not pooled	PXD064518_TMT56_TMT129N	1	manual picking	not available	one cardiomyocyte; channel-to-genotype assignment unavailable	20221019_Ec_01_SC_CNIC-KI_TMT56	proteomic profiling by mass spectrometry	20221019_Ec_01_SC_CNIC-KI_TMT56.raw	ftp://ftp.pride.ebi.ac.uk/pride/data/archive/2026/04/PXD064518/20221019_Ec_01_SC_CNIC-KI_TMT56.raw	TMT129N	1	1	NT=Orbitrap Eclipse;AC=MS:1003029	NT=Data-dependent acquisition;AC=PRIDE:0000627	NT=Trypsin;AC=MS:1001251	TMT131	not applicable	TMT56	NT=collision-induced dissociation;AC=MS:1000133	NT=beam-type collision-induced dissociation;AC=MS:1000422	not available	375m/z-1500m/z	not available	not available	not applicable	NT=TMT6plex;AC=UNIMOD:737;MT=fixed;PP=Any N-term	NT=TMT6plex;AC=UNIMOD:737;MT=fixed;TA=K;PP=Anywhere	NT=Oxidation;AC=UNIMOD:35;MT=variable;TA=M;PP=Anywhere	NT=Acetyl;AC=UNIMOD:1;MT=variable;PP=Protein N-term	v3.0.0	ms-proteomics v1.1.0	vertebrates v1.1.0	single-cell v1.0.0
PXD064518_TMT56_TMT129C	Mus musculus	heart	cardiac muscle cell	not available	cell	single cell	male	not available	adult	not available	not available	not pooled	PXD064518_TMT56_TMT129C	1	manual picking	not available	one cardiomyocyte; channel-to-genotype assignment unavailable	20221019_Ec_01_SC_CNIC-KI_TMT56	proteomic profiling by mass spectrometry	20221019_Ec_01_SC_CNIC-KI_TMT56.raw	ftp://ftp.pride.ebi.ac.uk/pride/data/archive/2026/04/PXD064518/20221019_Ec_01_SC_CNIC-KI_TMT56.raw	TMT129C	1	1	NT=Orbitrap Eclipse;AC=MS:1003029	NT=Data-dependent acquisition;AC=PRIDE:0000627	NT=Trypsin;AC=MS:1001251	TMT131	not applicable	TMT56	NT=collision-induced dissociation;AC=MS:1000133	NT=beam-type collision-induced dissociation;AC=MS:1000422	not available	375m/z-1500m/z	not available	not available	not applicable	NT=TMT6plex;AC=UNIMOD:737;MT=fixed;PP=Any N-term	NT=TMT6plex;AC=UNIMOD:737;MT=fixed;TA=K;PP=Anywhere	NT=Oxidation;AC=UNIMOD:35;MT=variable;TA=M;PP=Anywhere	NT=Acetyl;AC=UNIMOD:1;MT=variable;PP=Protein N-term	v3.0.0	ms-proteomics v1.1.0	vertebrates v1.1.0	single-cell v1.0.0
PXD064518_TMT56_TMT130C	Mus musculus	heart	cardiac muscle cell	not available	cell	single cell	male	not available	adult	not available	not available	not pooled	PXD064518_TMT56_TMT130C	1	manual picking	not available	one cardiomyocyte; channel-to-genotype assignment unavailable	20221019_Ec_01_SC_CNIC-KI_TMT56	proteomic profiling by mass spectrometry	20221019_Ec_01_SC_CNIC-KI_TMT56.raw	ftp://ftp.pride.ebi.ac.uk/pride/data/archive/2026/04/PXD064518/20221019_Ec_01_SC_CNIC-KI_TMT56.raw	TMT130C	1	1	NT=Orbitrap Eclipse;AC=MS:1003029	NT=Data-dependent acquisition;AC=PRIDE:0000627	NT=Trypsin;AC=MS:1001251	TMT131	not applicable	TMT56	NT=collision-induced dissociation;AC=MS:1000133	NT=beam-type collision-induced dissociation;AC=MS:1000422	not available	375m/z-1500m/z	not available	not available	not applicable	NT=TMT6plex;AC=UNIMOD:737;MT=fixed;PP=Any N-term	NT=TMT6plex;AC=UNIMOD:737;MT=fixed;TA=K;PP=Anywhere	NT=Oxidation;AC=UNIMOD:35;MT=variable;TA=M;PP=Anywhere	NT=Acetyl;AC=UNIMOD:1;MT=variable;PP=Protein N-term	v3.0.0	ms-proteomics v1.1.0	vertebrates v1.1.0	single-cell v1.0.0
PXD064518_TMT56_TMT131	Mus musculus	heart	cardiac muscle cell	not available	cell	carrier	male	not available	adult	not available	pooled	pooled	not applicable	200	not available	mixed control and Myc-overexpressing cardiomyocytes	100 control plus 100 Myc-overexpressing cardiomyocytes	20221019_Ec_01_SC_CNIC-KI_TMT56	proteomic profiling by mass spectrometry	20221019_Ec_01_SC_CNIC-KI_TMT56.raw	ftp://ftp.pride.ebi.ac.uk/pride/data/archive/2026/04/PXD064518/20221019_Ec_01_SC_CNIC-KI_TMT56.raw	TMT131	1	1	NT=Orbitrap Eclipse;AC=MS:1003029	NT=Data-dependent acquisition;AC=PRIDE:0000627	NT=Trypsin;AC=MS:1001251	TMT131	not applicable	TMT56	NT=collision-induced dissociation;AC=MS:1000133	NT=beam-type collision-induced dissociation;AC=MS:1000422	not available	375m/z-1500m/z	not available	not available	not applicable	NT=TMT6plex;AC=UNIMOD:737;MT=fixed;PP=Any N-term	NT=TMT6plex;AC=UNIMOD:737;MT=fixed;TA=K;PP=Anywhere	NT=Oxidation;AC=UNIMOD:35;MT=variable;TA=M;PP=Anywhere	NT=Acetyl;AC=UNIMOD:1;MT=variable;PP=Protein N-term	v3.0.0	ms-proteomics v1.1.0	vertebrates v1.1.0	single-cell v1.0.0
PXD064518_TMT57_TMT126	Mus musculus	heart	cardiac muscle cell	not available	cell	single cell	male	not available	adult	not available	not available	not pooled	PXD064518_TMT57_TMT126	1	manual picking	not available	one cardiomyocyte; channel-to-genotype assignment unavailable	20221019_Ec_01_SC_CNIC-KI_TMT57	proteomic profiling by mass spectrometry	20221019_Ec_01_SC_CNIC-KI_TMT57.raw	ftp://ftp.pride.ebi.ac.uk/pride/data/archive/2026/04/PXD064518/20221019_Ec_01_SC_CNIC-KI_TMT57.raw	TMT126	1	1	NT=Orbitrap Eclipse;AC=MS:1003029	NT=Data-dependent acquisition;AC=PRIDE:0000627	NT=Trypsin;AC=MS:1001251	TMT131	not applicable	TMT57	NT=collision-induced dissociation;AC=MS:1000133	NT=beam-type collision-induced dissociation;AC=MS:1000422	not available	375m/z-1500m/z	not available	not available	not applicable	NT=TMT6plex;AC=UNIMOD:737;MT=fixed;PP=Any N-term	NT=TMT6plex;AC=UNIMOD:737;MT=fixed;TA=K;PP=Anywhere	NT=Oxidation;AC=UNIMOD:35;MT=variable;TA=M;PP=Anywhere	NT=Acetyl;AC=UNIMOD:1;MT=variable;PP=Protein N-term	v3.0.0	ms-proteomics v1.1.0	vertebrates v1.1.0	single-cell v1.0.0
PXD064518_TMT57_TMT127N	Mus musculus	heart	cardiac muscle cell	not available	cell	single cell	male	not available	adult	not available	not available	not pooled	PXD064518_TMT57_TMT127N	1	manual picking	not available	one cardiomyocyte; channel-to-genotype assignment unavailable	20221019_Ec_01_SC_CNIC-KI_TMT57	proteomic profiling by mass spectrometry	20221019_Ec_01_SC_CNIC-KI_TMT57.raw	ftp://ftp.pride.ebi.ac.uk/pride/data/archive/2026/04/PXD064518/20221019_Ec_01_SC_CNIC-KI_TMT57.raw	TMT127N	1	1	NT=Orbitrap Eclipse;AC=MS:1003029	NT=Data-dependent acquisition;AC=PRIDE:0000627	NT=Trypsin;AC=MS:1001251	TMT131	not applicable	TMT57	NT=collision-induced dissociation;AC=MS:1000133	NT=beam-type collision-induced dissociation;AC=MS:1000422	not available	375m/z-1500m/z	not available	not available	not applicable	NT=TMT6plex;AC=UNIMOD:737;MT=fixed;PP=Any N-term	NT=TMT6plex;AC=UNIMOD:737;MT=fixed;TA=K;PP=Anywhere	NT=Oxidation;AC=UNIMOD:35;MT=variable;TA=M;PP=Anywhere	NT=Acetyl;AC=UNIMOD:1;MT=variable;PP=Protein N-term	v3.0.0	ms-proteomics v1.1.0	vertebrates v1.1.0	single-cell v1.0.0
PXD064518_TMT57_TMT127C	Mus musculus	heart	cardiac muscle cell	not available	cell	single cell	male	not available	adult	not available	not available	not pooled	PXD064518_TMT57_TMT127C	1	manual picking	not available	one cardiomyocyte; channel-to-genotype assignment unavailable	20221019_Ec_01_SC_CNIC-KI_TMT57	proteomic profiling by mass spectrometry	20221019_Ec_01_SC_CNIC-KI_TMT57.raw	ftp://ftp.pride.ebi.ac.uk/pride/data/archive/2026/04/PXD064518/20221019_Ec_01_SC_CNIC-KI_TMT57.raw	TMT127C	1	1	NT=Orbitrap Eclipse;AC=MS:1003029	NT=Data-dependent acquisition;AC=PRIDE:0000627	NT=Trypsin;AC=MS:1001251	TMT131	not applicable	TMT57	NT=collision-induced dissociation;AC=MS:1000133	NT=beam-type collision-induced dissociation;AC=MS:1000422	not available	375m/z-1500m/z	not available	not available	not applicable	NT=TMT6plex;AC=UNIMOD:737;MT=fixed;PP=Any N-term	NT=TMT6plex;AC=UNIMOD:737;MT=fixed;TA=K;PP=Anywhere	NT=Oxidation;AC=UNIMOD:35;MT=variable;TA=M;PP=Anywhere	NT=Acetyl;AC=UNIMOD:1;MT=variable;PP=Protein N-term	v3.0.0	ms-proteomics v1.1.0	vertebrates v1.1.0	single-cell v1.0.0
PXD064518_TMT57_TMT128N	Mus musculus	heart	cardiac muscle cell	not available	cell	single cell	male	not available	adult	not available	not available	not pooled	PXD064518_TMT57_TMT128N	1	manual picking	not available	one cardiomyocyte; channel-to-genotype assignment unavailable	20221019_Ec_01_SC_CNIC-KI_TMT57	proteomic profiling by mass spectrometry	20221019_Ec_01_SC_CNIC-KI_TMT57.raw	ftp://ftp.pride.ebi.ac.uk/pride/data/archive/2026/04/PXD064518/20221019_Ec_01_SC_CNIC-KI_TMT57.raw	TMT128N	1	1	NT=Orbitrap Eclipse;AC=MS:1003029	NT=Data-dependent acquisition;AC=PRIDE:0000627	NT=Trypsin;AC=MS:1001251	TMT131	not applicable	TMT57	NT=collision-induced dissociation;AC=MS:1000133	NT=beam-type collision-induced dissociation;AC=MS:1000422	not available	375m/z-1500m/z	not available	not available	not applicable	NT=TMT6plex;AC=UNIMOD:737;MT=fixed;PP=Any N-term	NT=TMT6plex;AC=UNIMOD:737;MT=fixed;TA=K;PP=Anywhere	NT=Oxidation;AC=UNIMOD:35;MT=variable;TA=M;PP=Anywhere	NT=Acetyl;AC=UNIMOD:1;MT=variable;PP=Protein N-term	v3.0.0	ms-proteomics v1.1.0	vertebrates v1.1.0	single-cell v1.0.0
PXD064518_TMT57_TMT128C	Mus musculus	heart	cardiac muscle cell	not available	cell	single cell	male	not available	adult	not available	not available	not pooled	PXD064518_TMT57_TMT128C	1	manual picking	not available	one cardiomyocyte; channel-to-genotype assignment unavailable	20221019_Ec_01_SC_CNIC-KI_TMT57	proteomic profiling by mass spectrometry	20221019_Ec_01_SC_CNIC-KI_TMT57.raw	ftp://ftp.pride.ebi.ac.uk/pride/data/archive/2026/04/PXD064518/20221019_Ec_01_SC_CNIC-KI_TMT57.raw	TMT128C	1	1	NT=Orbitrap Eclipse;AC=MS:1003029	NT=Data-dependent acquisition;AC=PRIDE:0000627	NT=Trypsin;AC=MS:1001251	TMT131	not applicable	TMT57	NT=collision-induced dissociation;AC=MS:1000133	NT=beam-type collision-induced dissociation;AC=MS:1000422	not available	375m/z-1500m/z	not available	not available	not applicable	NT=TMT6plex;AC=UNIMOD:737;MT=fixed;PP=Any N-term	NT=TMT6plex;AC=UNIMOD:737;MT=fixed;TA=K;PP=Anywhere	NT=Oxidation;AC=UNIMOD:35;MT=variable;TA=M;PP=Anywhere	NT=Acetyl;AC=UNIMOD:1;MT=variable;PP=Protein N-term	v3.0.0	ms-proteomics v1.1.0	vertebrates v1.1.0	single-cell v1.0.0
PXD064518_TMT57_TMT129N	Mus musculus	heart	cardiac muscle cell	not available	cell	single cell	male	not available	adult	not available	not available	not pooled	PXD064518_TMT57_TMT129N	1	manual picking	not available	one cardiomyocyte; channel-to-genotype assignment unavailable	20221019_Ec_01_SC_CNIC-KI_TMT57	proteomic profiling by mass spectrometry	20221019_Ec_01_SC_CNIC-KI_TMT57.raw	ftp://ftp.pride.ebi.ac.uk/pride/data/archive/2026/04/PXD064518/20221019_Ec_01_SC_CNIC-KI_TMT57.raw	TMT129N	1	1	NT=Orbitrap Eclipse;AC=MS:1003029	NT=Data-dependent acquisition;AC=PRIDE:0000627	NT=Trypsin;AC=MS:1001251	TMT131	not applicable	TMT57	NT=collision-induced dissociation;AC=MS:1000133	NT=beam-type collision-induced dissociation;AC=MS:1000422	not available	375m/z-1500m/z	not available	not available	not applicable	NT=TMT6plex;AC=UNIMOD:737;MT=fixed;PP=Any N-term	NT=TMT6plex;AC=UNIMOD:737;MT=fixed;TA=K;PP=Anywhere	NT=Oxidation;AC=UNIMOD:35;MT=variable;TA=M;PP=Anywhere	NT=Acetyl;AC=UNIMOD:1;MT=variable;PP=Protein N-term	v3.0.0	ms-proteomics v1.1.0	vertebrates v1.1.0	single-cell v1.0.0
PXD064518_TMT57_TMT129C	Mus musculus	heart	cardiac muscle cell	not available	cell	single cell	male	not available	adult	not available	not available	not pooled	PXD064518_TMT57_TMT129C	1	manual picking	not available	one cardiomyocyte; channel-to-genotype assignment unavailable	20221019_Ec_01_SC_CNIC-KI_TMT57	proteomic profiling by mass spectrometry	20221019_Ec_01_SC_CNIC-KI_TMT57.raw	ftp://ftp.pride.ebi.ac.uk/pride/data/archive/2026/04/PXD064518/20221019_Ec_01_SC_CNIC-KI_TMT57.raw	TMT129C	1	1	NT=Orbitrap Eclipse;AC=MS:1003029	NT=Data-dependent acquisition;AC=PRIDE:0000627	NT=Trypsin;AC=MS:1001251	TMT131	not applicable	TMT57	NT=collision-induced dissociation;AC=MS:1000133	NT=beam-type collision-induced dissociation;AC=MS:1000422	not available	375m/z-1500m/z	not available	not available	not applicable	NT=TMT6plex;AC=UNIMOD:737;MT=fixed;PP=Any N-term	NT=TMT6plex;AC=UNIMOD:737;MT=fixed;TA=K;PP=Anywhere	NT=Oxidation;AC=UNIMOD:35;MT=variable;TA=M;PP=Anywhere	NT=Acetyl;AC=UNIMOD:1;MT=variable;PP=Protein N-term	v3.0.0	ms-proteomics v1.1.0	vertebrates v1.1.0	single-cell v1.0.0
PXD064518_TMT57_TMT130C	Mus musculus	heart	cardiac muscle cell	not available	cell	single cell	male	not available	adult	not available	not available	not pooled	PXD064518_TMT57_TMT130C	1	manual picking	not available	one cardiomyocyte; channel-to-genotype assignment unavailable	20221019_Ec_01_SC_CNIC-KI_TMT57	proteomic profiling by mass spectrometry	20221019_Ec_01_SC_CNIC-KI_TMT57.raw	ftp://ftp.pride.ebi.ac.uk/pride/data/archive/2026/04/PXD064518/20221019_Ec_01_SC_CNIC-KI_TMT57.raw	TMT130C	1	1	NT=Orbitrap Eclipse;AC=MS:1003029	NT=Data-dependent acquisition;AC=PRIDE:0000627	NT=Trypsin;AC=MS:1001251	TMT131	not applicable	TMT57	NT=collision-induced dissociation;AC=MS:1000133	NT=beam-type collision-induced dissociation;AC=MS:1000422	not available	375m/z-1500m/z	not available	not available	not applicable	NT=TMT6plex;AC=UNIMOD:737;MT=fixed;PP=Any N-term	NT=TMT6plex;AC=UNIMOD:737;MT=fixed;TA=K;PP=Anywhere	NT=Oxidation;AC=UNIMOD:35;MT=variable;TA=M;PP=Anywhere	NT=Acetyl;AC=UNIMOD:1;MT=variable;PP=Protein N-term	v3.0.0	ms-proteomics v1.1.0	vertebrates v1.1.0	single-cell v1.0.0
PXD064518_TMT57_TMT131	Mus musculus	heart	cardiac muscle cell	not available	cell	carrier	male	not available	adult	not available	pooled	pooled	not applicable	200	not available	mixed control and Myc-overexpressing cardiomyocytes	100 control plus 100 Myc-overexpressing cardiomyocytes	20221019_Ec_01_SC_CNIC-KI_TMT57	proteomic profiling by mass spectrometry	20221019_Ec_01_SC_CNIC-KI_TMT57.raw	ftp://ftp.pride.ebi.ac.uk/pride/data/archive/2026/04/PXD064518/20221019_Ec_01_SC_CNIC-KI_TMT57.raw	TMT131	1	1	NT=Orbitrap Eclipse;AC=MS:1003029	NT=Data-dependent acquisition;AC=PRIDE:0000627	NT=Trypsin;AC=MS:1001251	TMT131	not applicable	TMT57	NT=collision-induced dissociation;AC=MS:1000133	NT=beam-type collision-induced dissociation;AC=MS:1000422	not available	375m/z-1500m/z	not available	not available	not applicable	NT=TMT6plex;AC=UNIMOD:737;MT=fixed;PP=Any N-term	NT=TMT6plex;AC=UNIMOD:737;MT=fixed;TA=K;PP=Anywhere	NT=Oxidation;AC=UNIMOD:35;MT=variable;TA=M;PP=Anywhere	NT=Acetyl;AC=UNIMOD:1;MT=variable;PP=Protein N-term	v3.0.0	ms-proteomics v1.1.0	vertebrates v1.1.0	single-cell v1.0.0
PXD064518_TMT58_TMT126	Mus musculus	heart	cardiac muscle cell	not available	cell	single cell	male	not available	adult	not available	not available	not pooled	PXD064518_TMT58_TMT126	1	manual picking	not available	one cardiomyocyte; channel-to-genotype assignment unavailable	20221019_Ec_01_SC_CNIC-KI_TMT58	proteomic profiling by mass spectrometry	20221019_Ec_01_SC_CNIC-KI_TMT58.raw	ftp://ftp.pride.ebi.ac.uk/pride/data/archive/2026/04/PXD064518/20221019_Ec_01_SC_CNIC-KI_TMT58.raw	TMT126	1	1	NT=Orbitrap Eclipse;AC=MS:1003029	NT=Data-dependent acquisition;AC=PRIDE:0000627	NT=Trypsin;AC=MS:1001251	TMT131	not applicable	TMT58	NT=collision-induced dissociation;AC=MS:1000133	NT=beam-type collision-induced dissociation;AC=MS:1000422	not available	375m/z-1500m/z	not available	not available	not applicable	NT=TMT6plex;AC=UNIMOD:737;MT=fixed;PP=Any N-term	NT=TMT6plex;AC=UNIMOD:737;MT=fixed;TA=K;PP=Anywhere	NT=Oxidation;AC=UNIMOD:35;MT=variable;TA=M;PP=Anywhere	NT=Acetyl;AC=UNIMOD:1;MT=variable;PP=Protein N-term	v3.0.0	ms-proteomics v1.1.0	vertebrates v1.1.0	single-cell v1.0.0
PXD064518_TMT58_TMT127N	Mus musculus	heart	cardiac muscle cell	not available	cell	single cell	male	not available	adult	not available	not available	not pooled	PXD064518_TMT58_TMT127N	1	manual picking	not available	one cardiomyocyte; channel-to-genotype assignment unavailable	20221019_Ec_01_SC_CNIC-KI_TMT58	proteomic profiling by mass spectrometry	20221019_Ec_01_SC_CNIC-KI_TMT58.raw	ftp://ftp.pride.ebi.ac.uk/pride/data/archive/2026/04/PXD064518/20221019_Ec_01_SC_CNIC-KI_TMT58.raw	TMT127N	1	1	NT=Orbitrap Eclipse;AC=MS:1003029	NT=Data-dependent acquisition;AC=PRIDE:0000627	NT=Trypsin;AC=MS:1001251	TMT131	not applicable	TMT58	NT=collision-induced dissociation;AC=MS:1000133	NT=beam-type collision-induced dissociation;AC=MS:1000422	not available	375m/z-1500m/z	not available	not available	not applicable	NT=TMT6plex;AC=UNIMOD:737;MT=fixed;PP=Any N-term	NT=TMT6plex;AC=UNIMOD:737;MT=fixed;TA=K;PP=Anywhere	NT=Oxidation;AC=UNIMOD:35;MT=variable;TA=M;PP=Anywhere	NT=Acetyl;AC=UNIMOD:1;MT=variable;PP=Protein N-term	v3.0.0	ms-proteomics v1.1.0	vertebrates v1.1.0	single-cell v1.0.0
PXD064518_TMT58_TMT127C	Mus musculus	heart	cardiac muscle cell	not available	cell	single cell	male	not available	adult	not available	not available	not pooled	PXD064518_TMT58_TMT127C	1	manual picking	not available	one cardiomyocyte; channel-to-genotype assignment unavailable	20221019_Ec_01_SC_CNIC-KI_TMT58	proteomic profiling by mass spectrometry	20221019_Ec_01_SC_CNIC-KI_TMT58.raw	ftp://ftp.pride.ebi.ac.uk/pride/data/archive/2026/04/PXD064518/20221019_Ec_01_SC_CNIC-KI_TMT58.raw	TMT127C	1	1	NT=Orbitrap Eclipse;AC=MS:1003029	NT=Data-dependent acquisition;AC=PRIDE:0000627	NT=Trypsin;AC=MS:1001251	TMT131	not applicable	TMT58	NT=collision-induced dissociation;AC=MS:1000133	NT=beam-type collision-induced dissociation;AC=MS:1000422	not available	375m/z-1500m/z	not available	not available	not applicable	NT=TMT6plex;AC=UNIMOD:737;MT=fixed;PP=Any N-term	NT=TMT6plex;AC=UNIMOD:737;MT=fixed;TA=K;PP=Anywhere	NT=Oxidation;AC=UNIMOD:35;MT=variable;TA=M;PP=Anywhere	NT=Acetyl;AC=UNIMOD:1;MT=variable;PP=Protein N-term	v3.0.0	ms-proteomics v1.1.0	vertebrates v1.1.0	single-cell v1.0.0
PXD064518_TMT58_TMT128N	Mus musculus	heart	cardiac muscle cell	not available	cell	single cell	male	not available	adult	not available	not available	not pooled	PXD064518_TMT58_TMT128N	1	manual picking	not available	one cardiomyocyte; channel-to-genotype assignment unavailable	20221019_Ec_01_SC_CNIC-KI_TMT58	proteomic profiling by mass spectrometry	20221019_Ec_01_SC_CNIC-KI_TMT58.raw	ftp://ftp.pride.ebi.ac.uk/pride/data/archive/2026/04/PXD064518/20221019_Ec_01_SC_CNIC-KI_TMT58.raw	TMT128N	1	1	NT=Orbitrap Eclipse;AC=MS:1003029	NT=Data-dependent acquisition;AC=PRIDE:0000627	NT=Trypsin;AC=MS:1001251	TMT131	not applicable	TMT58	NT=collision-induced dissociation;AC=MS:1000133	NT=beam-type collision-induced dissociation;AC=MS:1000422	not available	375m/z-1500m/z	not available	not available	not applicable	NT=TMT6plex;AC=UNIMOD:737;MT=fixed;PP=Any N-term	NT=TMT6plex;AC=UNIMOD:737;MT=fixed;TA=K;PP=Anywhere	NT=Oxidation;AC=UNIMOD:35;MT=variable;TA=M;PP=Anywhere	NT=Acetyl;AC=UNIMOD:1;MT=variable;PP=Protein N-term	v3.0.0	ms-proteomics v1.1.0	vertebrates v1.1.0	single-cell v1.0.0
PXD064518_TMT58_TMT128C	Mus musculus	heart	cardiac muscle cell	not available	cell	single cell	male	not available	adult	not available	not available	not pooled	PXD064518_TMT58_TMT128C	1	manual picking	not available	one cardiomyocyte; channel-to-genotype assignment unavailable	20221019_Ec_01_SC_CNIC-KI_TMT58	proteomic profiling by mass spectrometry	20221019_Ec_01_SC_CNIC-KI_TMT58.raw	ftp://ftp.pride.ebi.ac.uk/pride/data/archive/2026/04/PXD064518/20221019_Ec_01_SC_CNIC-KI_TMT58.raw	TMT128C	1	1	NT=Orbitrap Eclipse;AC=MS:1003029	NT=Data-dependent acquisition;AC=PRIDE:0000627	NT=Trypsin;AC=MS:1001251	TMT131	not applicable	TMT58	NT=collision-induced dissociation;AC=MS:1000133	NT=beam-type collision-induced dissociation;AC=MS:1000422	not available	375m/z-1500m/z	not available	not available	not applicable	NT=TMT6plex;AC=UNIMOD:737;MT=fixed;PP=Any N-term	NT=TMT6plex;AC=UNIMOD:737;MT=fixed;TA=K;PP=Anywhere	NT=Oxidation;AC=UNIMOD:35;MT=variable;TA=M;PP=Anywhere	NT=Acetyl;AC=UNIMOD:1;MT=variable;PP=Protein N-term	v3.0.0	ms-proteomics v1.1.0	vertebrates v1.1.0	single-cell v1.0.0
PXD064518_TMT58_TMT129N	Mus musculus	heart	cardiac muscle cell	not available	cell	single cell	male	not available	adult	not available	not available	not pooled	PXD064518_TMT58_TMT129N	1	manual picking	not available	one cardiomyocyte; channel-to-genotype assignment unavailable	20221019_Ec_01_SC_CNIC-KI_TMT58	proteomic profiling by mass spectrometry	20221019_Ec_01_SC_CNIC-KI_TMT58.raw	ftp://ftp.pride.ebi.ac.uk/pride/data/archive/2026/04/PXD064518/20221019_Ec_01_SC_CNIC-KI_TMT58.raw	TMT129N	1	1	NT=Orbitrap Eclipse;AC=MS:1003029	NT=Data-dependent acquisition;AC=PRIDE:0000627	NT=Trypsin;AC=MS:1001251	TMT131	not applicable	TMT58	NT=collision-induced dissociation;AC=MS:1000133	NT=beam-type collision-induced dissociation;AC=MS:1000422	not available	375m/z-1500m/z	not available	not available	not applicable	NT=TMT6plex;AC=UNIMOD:737;MT=fixed;PP=Any N-term	NT=TMT6plex;AC=UNIMOD:737;MT=fixed;TA=K;PP=Anywhere	NT=Oxidation;AC=UNIMOD:35;MT=variable;TA=M;PP=Anywhere	NT=Acetyl;AC=UNIMOD:1;MT=variable;PP=Protein N-term	v3.0.0	ms-proteomics v1.1.0	vertebrates v1.1.0	single-cell v1.0.0
PXD064518_TMT58_TMT129C	Mus musculus	heart	cardiac muscle cell	not available	cell	single cell	male	not available	adult	not available	not available	not pooled	PXD064518_TMT58_TMT129C	1	manual picking	not available	one cardiomyocyte; channel-to-genotype assignment unavailable	20221019_Ec_01_SC_CNIC-KI_TMT58	proteomic profiling by mass spectrometry	20221019_Ec_01_SC_CNIC-KI_TMT58.raw	ftp://ftp.pride.ebi.ac.uk/pride/data/archive/2026/04/PXD064518/20221019_Ec_01_SC_CNIC-KI_TMT58.raw	TMT129C	1	1	NT=Orbitrap Eclipse;AC=MS:1003029	NT=Data-dependent acquisition;AC=PRIDE:0000627	NT=Trypsin;AC=MS:1001251	TMT131	not applicable	TMT58	NT=collision-induced dissociation;AC=MS:1000133	NT=beam-type collision-induced dissociation;AC=MS:1000422	not available	375m/z-1500m/z	not available	not available	not applicable	NT=TMT6plex;AC=UNIMOD:737;MT=fixed;PP=Any N-term	NT=TMT6plex;AC=UNIMOD:737;MT=fixed;TA=K;PP=Anywhere	NT=Oxidation;AC=UNIMOD:35;MT=variable;TA=M;PP=Anywhere	NT=Acetyl;AC=UNIMOD:1;MT=variable;PP=Protein N-term	v3.0.0	ms-proteomics v1.1.0	vertebrates v1.1.0	single-cell v1.0.0
PXD064518_TMT58_TMT130C	Mus musculus	heart	cardiac muscle cell	not available	cell	single cell	male	not available	adult	not available	not available	not pooled	PXD064518_TMT58_TMT130C	1	manual picking	not available	one cardiomyocyte; channel-to-genotype assignment unavailable	20221019_Ec_01_SC_CNIC-KI_TMT58	proteomic profiling by mass spectrometry	20221019_Ec_01_SC_CNIC-KI_TMT58.raw	ftp://ftp.pride.ebi.ac.uk/pride/data/archive/2026/04/PXD064518/20221019_Ec_01_SC_CNIC-KI_TMT58.raw	TMT130C	1	1	NT=Orbitrap Eclipse;AC=MS:1003029	NT=Data-dependent acquisition;AC=PRIDE:0000627	NT=Trypsin;AC=MS:1001251	TMT131	not applicable	TMT58	NT=collision-induced dissociation;AC=MS:1000133	NT=beam-type collision-induced dissociation;AC=MS:1000422	not available	375m/z-1500m/z	not available	not available	not applicable	NT=TMT6plex;AC=UNIMOD:737;MT=fixed;PP=Any N-term	NT=TMT6plex;AC=UNIMOD:737;MT=fixed;TA=K;PP=Anywhere	NT=Oxidation;AC=UNIMOD:35;MT=variable;TA=M;PP=Anywhere	NT=Acetyl;AC=UNIMOD:1;MT=variable;PP=Protein N-term	v3.0.0	ms-proteomics v1.1.0	vertebrates v1.1.0	single-cell v1.0.0
PXD064518_TMT58_TMT131	Mus musculus	heart	cardiac muscle cell	not available	cell	carrier	male	not available	adult	not available	pooled	pooled	not applicable	200	not available	mixed control and Myc-overexpressing cardiomyocytes	100 control plus 100 Myc-overexpressing cardiomyocytes	20221019_Ec_01_SC_CNIC-KI_TMT58	proteomic profiling by mass spectrometry	20221019_Ec_01_SC_CNIC-KI_TMT58.raw	ftp://ftp.pride.ebi.ac.uk/pride/data/archive/2026/04/PXD064518/20221019_Ec_01_SC_CNIC-KI_TMT58.raw	TMT131	1	1	NT=Orbitrap Eclipse;AC=MS:1003029	NT=Data-dependent acquisition;AC=PRIDE:0000627	NT=Trypsin;AC=MS:1001251	TMT131	not applicable	TMT58	NT=collision-induced dissociation;AC=MS:1000133	NT=beam-type collision-induced dissociation;AC=MS:1000422	not available	375m/z-1500m/z	not available	not available	not applicable	NT=TMT6plex;AC=UNIMOD:737;MT=fixed;PP=Any N-term	NT=TMT6plex;AC=UNIMOD:737;MT=fixed;TA=K;PP=Anywhere	NT=Oxidation;AC=UNIMOD:35;MT=variable;TA=M;PP=Anywhere	NT=Acetyl;AC=UNIMOD:1;MT=variable;PP=Protein N-term	v3.0.0	ms-proteomics v1.1.0	vertebrates v1.1.0	single-cell v1.0.0
PXD064518_TMT59_TMT126	Mus musculus	heart	cardiac muscle cell	not available	cell	single cell	male	not available	adult	not available	not available	not pooled	PXD064518_TMT59_TMT126	1	manual picking	not available	one cardiomyocyte; channel-to-genotype assignment unavailable	20221019_Ec_01_SC_CNIC-KI_TMT59	proteomic profiling by mass spectrometry	20221019_Ec_01_SC_CNIC-KI_TMT59.raw	ftp://ftp.pride.ebi.ac.uk/pride/data/archive/2026/04/PXD064518/20221019_Ec_01_SC_CNIC-KI_TMT59.raw	TMT126	1	1	NT=Orbitrap Eclipse;AC=MS:1003029	NT=Data-dependent acquisition;AC=PRIDE:0000627	NT=Trypsin;AC=MS:1001251	TMT131	not applicable	TMT59	NT=collision-induced dissociation;AC=MS:1000133	NT=beam-type collision-induced dissociation;AC=MS:1000422	not available	375m/z-1500m/z	not available	not available	not applicable	NT=TMT6plex;AC=UNIMOD:737;MT=fixed;PP=Any N-term	NT=TMT6plex;AC=UNIMOD:737;MT=fixed;TA=K;PP=Anywhere	NT=Oxidation;AC=UNIMOD:35;MT=variable;TA=M;PP=Anywhere	NT=Acetyl;AC=UNIMOD:1;MT=variable;PP=Protein N-term	v3.0.0	ms-proteomics v1.1.0	vertebrates v1.1.0	single-cell v1.0.0
PXD064518_TMT59_TMT127N	Mus musculus	heart	cardiac muscle cell	not available	cell	single cell	male	not available	adult	not available	not available	not pooled	PXD064518_TMT59_TMT127N	1	manual picking	not available	one cardiomyocyte; channel-to-genotype assignment unavailable	20221019_Ec_01_SC_CNIC-KI_TMT59	proteomic profiling by mass spectrometry	20221019_Ec_01_SC_CNIC-KI_TMT59.raw	ftp://ftp.pride.ebi.ac.uk/pride/data/archive/2026/04/PXD064518/20221019_Ec_01_SC_CNIC-KI_TMT59.raw	TMT127N	1	1	NT=Orbitrap Eclipse;AC=MS:1003029	NT=Data-dependent acquisition;AC=PRIDE:0000627	NT=Trypsin;AC=MS:1001251	TMT131	not applicable	TMT59	NT=collision-induced dissociation;AC=MS:1000133	NT=beam-type collision-induced dissociation;AC=MS:1000422	not available	375m/z-1500m/z	not available	not available	not applicable	NT=TMT6plex;AC=UNIMOD:737;MT=fixed;PP=Any N-term	NT=TMT6plex;AC=UNIMOD:737;MT=fixed;TA=K;PP=Anywhere	NT=Oxidation;AC=UNIMOD:35;MT=variable;TA=M;PP=Anywhere	NT=Acetyl;AC=UNIMOD:1;MT=variable;PP=Protein N-term	v3.0.0	ms-proteomics v1.1.0	vertebrates v1.1.0	single-cell v1.0.0
PXD064518_TMT59_TMT127C	Mus musculus	heart	cardiac muscle cell	not available	cell	single cell	male	not available	adult	not available	not available	not pooled	PXD064518_TMT59_TMT127C	1	manual picking	not available	one cardiomyocyte; channel-to-genotype assignment unavailable	20221019_Ec_01_SC_CNIC-KI_TMT59	proteomic profiling by mass spectrometry	20221019_Ec_01_SC_CNIC-KI_TMT59.raw	ftp://ftp.pride.ebi.ac.uk/pride/data/archive/2026/04/PXD064518/20221019_Ec_01_SC_CNIC-KI_TMT59.raw	TMT127C	1	1	NT=Orbitrap Eclipse;AC=MS:1003029	NT=Data-dependent acquisition;AC=PRIDE:0000627	NT=Trypsin;AC=MS:1001251	TMT131	not applicable	TMT59	NT=collision-induced dissociation;AC=MS:1000133	NT=beam-type collision-induced dissociation;AC=MS:1000422	not available	375m/z-1500m/z	not available	not available	not applicable	NT=TMT6plex;AC=UNIMOD:737;MT=fixed;PP=Any N-term	NT=TMT6plex;AC=UNIMOD:737;MT=fixed;TA=K;PP=Anywhere	NT=Oxidation;AC=UNIMOD:35;MT=variable;TA=M;PP=Anywhere	NT=Acetyl;AC=UNIMOD:1;MT=variable;PP=Protein N-term	v3.0.0	ms-proteomics v1.1.0	vertebrates v1.1.0	single-cell v1.0.0
PXD064518_TMT59_TMT128N	Mus musculus	heart	cardiac muscle cell	not available	cell	single cell	male	not available	adult	not available	not available	not pooled	PXD064518_TMT59_TMT128N	1	manual picking	not available	one cardiomyocyte; channel-to-genotype assignment unavailable	20221019_Ec_01_SC_CNIC-KI_TMT59	proteomic profiling by mass spectrometry	20221019_Ec_01_SC_CNIC-KI_TMT59.raw	ftp://ftp.pride.ebi.ac.uk/pride/data/archive/2026/04/PXD064518/20221019_Ec_01_SC_CNIC-KI_TMT59.raw	TMT128N	1	1	NT=Orbitrap Eclipse;AC=MS:1003029	NT=Data-dependent acquisition;AC=PRIDE:0000627	NT=Trypsin;AC=MS:1001251	TMT131	not applicable	TMT59	NT=collision-induced dissociation;AC=MS:1000133	NT=beam-type collision-induced dissociation;AC=MS:1000422	not available	375m/z-1500m/z	not available	not available	not applicable	NT=TMT6plex;AC=UNIMOD:737;MT=fixed;PP=Any N-term	NT=TMT6plex;AC=UNIMOD:737;MT=fixed;TA=K;PP=Anywhere	NT=Oxidation;AC=UNIMOD:35;MT=variable;TA=M;PP=Anywhere	NT=Acetyl;AC=UNIMOD:1;MT=variable;PP=Protein N-term	v3.0.0	ms-proteomics v1.1.0	vertebrates v1.1.0	single-cell v1.0.0
PXD064518_TMT59_TMT128C	Mus musculus	heart	cardiac muscle cell	not available	cell	single cell	male	not available	adult	not available	not available	not pooled	PXD064518_TMT59_TMT128C	1	manual picking	not available	one cardiomyocyte; channel-to-genotype assignment unavailable	20221019_Ec_01_SC_CNIC-KI_TMT59	proteomic profiling by mass spectrometry	20221019_Ec_01_SC_CNIC-KI_TMT59.raw	ftp://ftp.pride.ebi.ac.uk/pride/data/archive/2026/04/PXD064518/20221019_Ec_01_SC_CNIC-KI_TMT59.raw	TMT128C	1	1	NT=Orbitrap Eclipse;AC=MS:1003029	NT=Data-dependent acquisition;AC=PRIDE:0000627	NT=Trypsin;AC=MS:1001251	TMT131	not applicable	TMT59	NT=collision-induced dissociation;AC=MS:1000133	NT=beam-type collision-induced dissociation;AC=MS:1000422	not available	375m/z-1500m/z	not available	not available	not applicable	NT=TMT6plex;AC=UNIMOD:737;MT=fixed;PP=Any N-term	NT=TMT6plex;AC=UNIMOD:737;MT=fixed;TA=K;PP=Anywhere	NT=Oxidation;AC=UNIMOD:35;MT=variable;TA=M;PP=Anywhere	NT=Acetyl;AC=UNIMOD:1;MT=variable;PP=Protein N-term	v3.0.0	ms-proteomics v1.1.0	vertebrates v1.1.0	single-cell v1.0.0
PXD064518_TMT59_TMT129N	Mus musculus	heart	cardiac muscle cell	not available	cell	single cell	male	not available	adult	not available	not available	not pooled	PXD064518_TMT59_TMT129N	1	manual picking	not available	one cardiomyocyte; channel-to-genotype assignment unavailable	20221019_Ec_01_SC_CNIC-KI_TMT59	proteomic profiling by mass spectrometry	20221019_Ec_01_SC_CNIC-KI_TMT59.raw	ftp://ftp.pride.ebi.ac.uk/pride/data/archive/2026/04/PXD064518/20221019_Ec_01_SC_CNIC-KI_TMT59.raw	TMT129N	1	1	NT=Orbitrap Eclipse;AC=MS:1003029	NT=Data-dependent acquisition;AC=PRIDE:0000627	NT=Trypsin;AC=MS:1001251	TMT131	not applicable	TMT59	NT=collision-induced dissociation;AC=MS:1000133	NT=beam-type collision-induced dissociation;AC=MS:1000422	not available	375m/z-1500m/z	not available	not available	not applicable	NT=TMT6plex;AC=UNIMOD:737;MT=fixed;PP=Any N-term	NT=TMT6plex;AC=UNIMOD:737;MT=fixed;TA=K;PP=Anywhere	NT=Oxidation;AC=UNIMOD:35;MT=variable;TA=M;PP=Anywhere	NT=Acetyl;AC=UNIMOD:1;MT=variable;PP=Protein N-term	v3.0.0	ms-proteomics v1.1.0	vertebrates v1.1.0	single-cell v1.0.0
PXD064518_TMT59_TMT129C	Mus musculus	heart	cardiac muscle cell	not available	cell	single cell	male	not available	adult	not available	not available	not pooled	PXD064518_TMT59_TMT129C	1	manual picking	not available	one cardiomyocyte; channel-to-genotype assignment unavailable	20221019_Ec_01_SC_CNIC-KI_TMT59	proteomic profiling by mass spectrometry	20221019_Ec_01_SC_CNIC-KI_TMT59.raw	ftp://ftp.pride.ebi.ac.uk/pride/data/archive/2026/04/PXD064518/20221019_Ec_01_SC_CNIC-KI_TMT59.raw	TMT129C	1	1	NT=Orbitrap Eclipse;AC=MS:1003029	NT=Data-dependent acquisition;AC=PRIDE:0000627	NT=Trypsin;AC=MS:1001251	TMT131	not applicable	TMT59	NT=collision-induced dissociation;AC=MS:1000133	NT=beam-type collision-induced dissociation;AC=MS:1000422	not available	375m/z-1500m/z	not available	not available	not applicable	NT=TMT6plex;AC=UNIMOD:737;MT=fixed;PP=Any N-term	NT=TMT6plex;AC=UNIMOD:737;MT=fixed;TA=K;PP=Anywhere	NT=Oxidation;AC=UNIMOD:35;MT=variable;TA=M;PP=Anywhere	NT=Acetyl;AC=UNIMOD:1;MT=variable;PP=Protein N-term	v3.0.0	ms-proteomics v1.1.0	vertebrates v1.1.0	single-cell v1.0.0
PXD064518_TMT59_TMT130C	Mus musculus	heart	cardiac muscle cell	not available	cell	single cell	male	not available	adult	not available	not available	not pooled	PXD064518_TMT59_TMT130C	1	manual picking	not available	one cardiomyocyte; channel-to-genotype assignment unavailable	20221019_Ec_01_SC_CNIC-KI_TMT59	proteomic profiling by mass spectrometry	20221019_Ec_01_SC_CNIC-KI_TMT59.raw	ftp://ftp.pride.ebi.ac.uk/pride/data/archive/2026/04/PXD064518/20221019_Ec_01_SC_CNIC-KI_TMT59.raw	TMT130C	1	1	NT=Orbitrap Eclipse;AC=MS:1003029	NT=Data-dependent acquisition;AC=PRIDE:0000627	NT=Trypsin;AC=MS:1001251	TMT131	not applicable	TMT59	NT=collision-induced dissociation;AC=MS:1000133	NT=beam-type collision-induced dissociation;AC=MS:1000422	not available	375m/z-1500m/z	not available	not available	not applicable	NT=TMT6plex;AC=UNIMOD:737;MT=fixed;PP=Any N-term	NT=TMT6plex;AC=UNIMOD:737;MT=fixed;TA=K;PP=Anywhere	NT=Oxidation;AC=UNIMOD:35;MT=variable;TA=M;PP=Anywhere	NT=Acetyl;AC=UNIMOD:1;MT=variable;PP=Protein N-term	v3.0.0	ms-proteomics v1.1.0	vertebrates v1.1.0	single-cell v1.0.0
PXD064518_TMT59_TMT131	Mus musculus	heart	cardiac muscle cell	not available	cell	carrier	male	not available	adult	not available	pooled	pooled	not applicable	200	not available	mixed control and Myc-overexpressing cardiomyocytes	100 control plus 100 Myc-overexpressing cardiomyocytes	20221019_Ec_01_SC_CNIC-KI_TMT59	proteomic profiling by mass spectrometry	20221019_Ec_01_SC_CNIC-KI_TMT59.raw	ftp://ftp.pride.ebi.ac.uk/pride/data/archive/2026/04/PXD064518/20221019_Ec_01_SC_CNIC-KI_TMT59.raw	TMT131	1	1	NT=Orbitrap Eclipse;AC=MS:1003029	NT=Data-dependent acquisition;AC=PRIDE:0000627	NT=Trypsin;AC=MS:1001251	TMT131	not applicable	TMT59	NT=collision-induced dissociation;AC=MS:1000133	NT=beam-type collision-induced dissociation;AC=MS:1000422	not available	375m/z-1500m/z	not available	not available	not applicable	NT=TMT6plex;AC=UNIMOD:737;MT=fixed;PP=Any N-term	NT=TMT6plex;AC=UNIMOD:737;MT=fixed;TA=K;PP=Anywhere	NT=Oxidation;AC=UNIMOD:35;MT=variable;TA=M;PP=Anywhere	NT=Acetyl;AC=UNIMOD:1;MT=variable;PP=Protein N-term	v3.0.0	ms-proteomics v1.1.0	vertebrates v1.1.0	single-cell v1.0.0
PXD064518_TMT6_TMT126	Mus musculus	heart	cardiac muscle cell	not available	cell	single cell	male	not available	adult	not available	not available	not pooled	PXD064518_TMT6_TMT126	1	manual picking	not available	one cardiomyocyte; channel-to-genotype assignment unavailable	20221019_Ec_01_SC_CNIC-KI_TMT6	proteomic profiling by mass spectrometry	20221019_Ec_01_SC_CNIC-KI_TMT6.raw	ftp://ftp.pride.ebi.ac.uk/pride/data/archive/2026/04/PXD064518/20221019_Ec_01_SC_CNIC-KI_TMT6.raw	TMT126	1	1	NT=Orbitrap Eclipse;AC=MS:1003029	NT=Data-dependent acquisition;AC=PRIDE:0000627	NT=Trypsin;AC=MS:1001251	TMT131	not applicable	TMT6	NT=collision-induced dissociation;AC=MS:1000133	NT=beam-type collision-induced dissociation;AC=MS:1000422	not available	375m/z-1500m/z	not available	not available	not applicable	NT=TMT6plex;AC=UNIMOD:737;MT=fixed;PP=Any N-term	NT=TMT6plex;AC=UNIMOD:737;MT=fixed;TA=K;PP=Anywhere	NT=Oxidation;AC=UNIMOD:35;MT=variable;TA=M;PP=Anywhere	NT=Acetyl;AC=UNIMOD:1;MT=variable;PP=Protein N-term	v3.0.0	ms-proteomics v1.1.0	vertebrates v1.1.0	single-cell v1.0.0
PXD064518_TMT6_TMT127N	Mus musculus	heart	cardiac muscle cell	not available	cell	single cell	male	not available	adult	not available	not available	not pooled	PXD064518_TMT6_TMT127N	1	manual picking	not available	one cardiomyocyte; channel-to-genotype assignment unavailable	20221019_Ec_01_SC_CNIC-KI_TMT6	proteomic profiling by mass spectrometry	20221019_Ec_01_SC_CNIC-KI_TMT6.raw	ftp://ftp.pride.ebi.ac.uk/pride/data/archive/2026/04/PXD064518/20221019_Ec_01_SC_CNIC-KI_TMT6.raw	TMT127N	1	1	NT=Orbitrap Eclipse;AC=MS:1003029	NT=Data-dependent acquisition;AC=PRIDE:0000627	NT=Trypsin;AC=MS:1001251	TMT131	not applicable	TMT6	NT=collision-induced dissociation;AC=MS:1000133	NT=beam-type collision-induced dissociation;AC=MS:1000422	not available	375m/z-1500m/z	not available	not available	not applicable	NT=TMT6plex;AC=UNIMOD:737;MT=fixed;PP=Any N-term	NT=TMT6plex;AC=UNIMOD:737;MT=fixed;TA=K;PP=Anywhere	NT=Oxidation;AC=UNIMOD:35;MT=variable;TA=M;PP=Anywhere	NT=Acetyl;AC=UNIMOD:1;MT=variable;PP=Protein N-term	v3.0.0	ms-proteomics v1.1.0	vertebrates v1.1.0	single-cell v1.0.0
PXD064518_TMT6_TMT127C	Mus musculus	heart	cardiac muscle cell	not available	cell	single cell	male	not available	adult	not available	not available	not pooled	PXD064518_TMT6_TMT127C	1	manual picking	not available	one cardiomyocyte; channel-to-genotype assignment unavailable	20221019_Ec_01_SC_CNIC-KI_TMT6	proteomic profiling by mass spectrometry	20221019_Ec_01_SC_CNIC-KI_TMT6.raw	ftp://ftp.pride.ebi.ac.uk/pride/data/archive/2026/04/PXD064518/20221019_Ec_01_SC_CNIC-KI_TMT6.raw	TMT127C	1	1	NT=Orbitrap Eclipse;AC=MS:1003029	NT=Data-dependent acquisition;AC=PRIDE:0000627	NT=Trypsin;AC=MS:1001251	TMT131	not applicable	TMT6	NT=collision-induced dissociation;AC=MS:1000133	NT=beam-type collision-induced dissociation;AC=MS:1000422	not available	375m/z-1500m/z	not available	not available	not applicable	NT=TMT6plex;AC=UNIMOD:737;MT=fixed;PP=Any N-term	NT=TMT6plex;AC=UNIMOD:737;MT=fixed;TA=K;PP=Anywhere	NT=Oxidation;AC=UNIMOD:35;MT=variable;TA=M;PP=Anywhere	NT=Acetyl;AC=UNIMOD:1;MT=variable;PP=Protein N-term	v3.0.0	ms-proteomics v1.1.0	vertebrates v1.1.0	single-cell v1.0.0
PXD064518_TMT6_TMT128N	Mus musculus	heart	cardiac muscle cell	not available	cell	single cell	male	not available	adult	not available	not available	not pooled	PXD064518_TMT6_TMT128N	1	manual picking	not available	one cardiomyocyte; channel-to-genotype assignment unavailable	20221019_Ec_01_SC_CNIC-KI_TMT6	proteomic profiling by mass spectrometry	20221019_Ec_01_SC_CNIC-KI_TMT6.raw	ftp://ftp.pride.ebi.ac.uk/pride/data/archive/2026/04/PXD064518/20221019_Ec_01_SC_CNIC-KI_TMT6.raw	TMT128N	1	1	NT=Orbitrap Eclipse;AC=MS:1003029	NT=Data-dependent acquisition;AC=PRIDE:0000627	NT=Trypsin;AC=MS:1001251	TMT131	not applicable	TMT6	NT=collision-induced dissociation;AC=MS:1000133	NT=beam-type collision-induced dissociation;AC=MS:1000422	not available	375m/z-1500m/z	not available	not available	not applicable	NT=TMT6plex;AC=UNIMOD:737;MT=fixed;PP=Any N-term	NT=TMT6plex;AC=UNIMOD:737;MT=fixed;TA=K;PP=Anywhere	NT=Oxidation;AC=UNIMOD:35;MT=variable;TA=M;PP=Anywhere	NT=Acetyl;AC=UNIMOD:1;MT=variable;PP=Protein N-term	v3.0.0	ms-proteomics v1.1.0	vertebrates v1.1.0	single-cell v1.0.0
PXD064518_TMT6_TMT128C	Mus musculus	heart	cardiac muscle cell	not available	cell	single cell	male	not available	adult	not available	not available	not pooled	PXD064518_TMT6_TMT128C	1	manual picking	not available	one cardiomyocyte; channel-to-genotype assignment unavailable	20221019_Ec_01_SC_CNIC-KI_TMT6	proteomic profiling by mass spectrometry	20221019_Ec_01_SC_CNIC-KI_TMT6.raw	ftp://ftp.pride.ebi.ac.uk/pride/data/archive/2026/04/PXD064518/20221019_Ec_01_SC_CNIC-KI_TMT6.raw	TMT128C	1	1	NT=Orbitrap Eclipse;AC=MS:1003029	NT=Data-dependent acquisition;AC=PRIDE:0000627	NT=Trypsin;AC=MS:1001251	TMT131	not applicable	TMT6	NT=collision-induced dissociation;AC=MS:1000133	NT=beam-type collision-induced dissociation;AC=MS:1000422	not available	375m/z-1500m/z	not available	not available	not applicable	NT=TMT6plex;AC=UNIMOD:737;MT=fixed;PP=Any N-term	NT=TMT6plex;AC=UNIMOD:737;MT=fixed;TA=K;PP=Anywhere	NT=Oxidation;AC=UNIMOD:35;MT=variable;TA=M;PP=Anywhere	NT=Acetyl;AC=UNIMOD:1;MT=variable;PP=Protein N-term	v3.0.0	ms-proteomics v1.1.0	vertebrates v1.1.0	single-cell v1.0.0
PXD064518_TMT6_TMT129N	Mus musculus	heart	cardiac muscle cell	not available	cell	single cell	male	not available	adult	not available	not available	not pooled	PXD064518_TMT6_TMT129N	1	manual picking	not available	one cardiomyocyte; channel-to-genotype assignment unavailable	20221019_Ec_01_SC_CNIC-KI_TMT6	proteomic profiling by mass spectrometry	20221019_Ec_01_SC_CNIC-KI_TMT6.raw	ftp://ftp.pride.ebi.ac.uk/pride/data/archive/2026/04/PXD064518/20221019_Ec_01_SC_CNIC-KI_TMT6.raw	TMT129N	1	1	NT=Orbitrap Eclipse;AC=MS:1003029	NT=Data-dependent acquisition;AC=PRIDE:0000627	NT=Trypsin;AC=MS:1001251	TMT131	not applicable	TMT6	NT=collision-induced dissociation;AC=MS:1000133	NT=beam-type collision-induced dissociation;AC=MS:1000422	not available	375m/z-1500m/z	not available	not available	not applicable	NT=TMT6plex;AC=UNIMOD:737;MT=fixed;PP=Any N-term	NT=TMT6plex;AC=UNIMOD:737;MT=fixed;TA=K;PP=Anywhere	NT=Oxidation;AC=UNIMOD:35;MT=variable;TA=M;PP=Anywhere	NT=Acetyl;AC=UNIMOD:1;MT=variable;PP=Protein N-term	v3.0.0	ms-proteomics v1.1.0	vertebrates v1.1.0	single-cell v1.0.0
PXD064518_TMT6_TMT129C	Mus musculus	heart	cardiac muscle cell	not available	cell	single cell	male	not available	adult	not available	not available	not pooled	PXD064518_TMT6_TMT129C	1	manual picking	not available	one cardiomyocyte; channel-to-genotype assignment unavailable	20221019_Ec_01_SC_CNIC-KI_TMT6	proteomic profiling by mass spectrometry	20221019_Ec_01_SC_CNIC-KI_TMT6.raw	ftp://ftp.pride.ebi.ac.uk/pride/data/archive/2026/04/PXD064518/20221019_Ec_01_SC_CNIC-KI_TMT6.raw	TMT129C	1	1	NT=Orbitrap Eclipse;AC=MS:1003029	NT=Data-dependent acquisition;AC=PRIDE:0000627	NT=Trypsin;AC=MS:1001251	TMT131	not applicable	TMT6	NT=collision-induced dissociation;AC=MS:1000133	NT=beam-type collision-induced dissociation;AC=MS:1000422	not available	375m/z-1500m/z	not available	not available	not applicable	NT=TMT6plex;AC=UNIMOD:737;MT=fixed;PP=Any N-term	NT=TMT6plex;AC=UNIMOD:737;MT=fixed;TA=K;PP=Anywhere	NT=Oxidation;AC=UNIMOD:35;MT=variable;TA=M;PP=Anywhere	NT=Acetyl;AC=UNIMOD:1;MT=variable;PP=Protein N-term	v3.0.0	ms-proteomics v1.1.0	vertebrates v1.1.0	single-cell v1.0.0
PXD064518_TMT6_TMT130C	Mus musculus	heart	cardiac muscle cell	not available	cell	single cell	male	not available	adult	not available	not available	not pooled	PXD064518_TMT6_TMT130C	1	manual picking	not available	one cardiomyocyte; channel-to-genotype assignment unavailable	20221019_Ec_01_SC_CNIC-KI_TMT6	proteomic profiling by mass spectrometry	20221019_Ec_01_SC_CNIC-KI_TMT6.raw	ftp://ftp.pride.ebi.ac.uk/pride/data/archive/2026/04/PXD064518/20221019_Ec_01_SC_CNIC-KI_TMT6.raw	TMT130C	1	1	NT=Orbitrap Eclipse;AC=MS:1003029	NT=Data-dependent acquisition;AC=PRIDE:0000627	NT=Trypsin;AC=MS:1001251	TMT131	not applicable	TMT6	NT=collision-induced dissociation;AC=MS:1000133	NT=beam-type collision-induced dissociation;AC=MS:1000422	not available	375m/z-1500m/z	not available	not available	not applicable	NT=TMT6plex;AC=UNIMOD:737;MT=fixed;PP=Any N-term	NT=TMT6plex;AC=UNIMOD:737;MT=fixed;TA=K;PP=Anywhere	NT=Oxidation;AC=UNIMOD:35;MT=variable;TA=M;PP=Anywhere	NT=Acetyl;AC=UNIMOD:1;MT=variable;PP=Protein N-term	v3.0.0	ms-proteomics v1.1.0	vertebrates v1.1.0	single-cell v1.0.0
PXD064518_TMT6_TMT131	Mus musculus	heart	cardiac muscle cell	not available	cell	carrier	male	not available	adult	not available	pooled	pooled	not applicable	200	not available	mixed control and Myc-overexpressing cardiomyocytes	100 control plus 100 Myc-overexpressing cardiomyocytes	20221019_Ec_01_SC_CNIC-KI_TMT6	proteomic profiling by mass spectrometry	20221019_Ec_01_SC_CNIC-KI_TMT6.raw	ftp://ftp.pride.ebi.ac.uk/pride/data/archive/2026/04/PXD064518/20221019_Ec_01_SC_CNIC-KI_TMT6.raw	TMT131	1	1	NT=Orbitrap Eclipse;AC=MS:1003029	NT=Data-dependent acquisition;AC=PRIDE:0000627	NT=Trypsin;AC=MS:1001251	TMT131	not applicable	TMT6	NT=collision-induced dissociation;AC=MS:1000133	NT=beam-type collision-induced dissociation;AC=MS:1000422	not available	375m/z-1500m/z	not available	not available	not applicable	NT=TMT6plex;AC=UNIMOD:737;MT=fixed;PP=Any N-term	NT=TMT6plex;AC=UNIMOD:737;MT=fixed;TA=K;PP=Anywhere	NT=Oxidation;AC=UNIMOD:35;MT=variable;TA=M;PP=Anywhere	NT=Acetyl;AC=UNIMOD:1;MT=variable;PP=Protein N-term	v3.0.0	ms-proteomics v1.1.0	vertebrates v1.1.0	single-cell v1.0.0
PXD064518_TMT60_TMT126	Mus musculus	heart	cardiac muscle cell	not available	cell	single cell	male	not available	adult	not available	not available	not pooled	PXD064518_TMT60_TMT126	1	manual picking	not available	one cardiomyocyte; channel-to-genotype assignment unavailable	20221019_Ec_01_SC_CNIC-KI_TMT60	proteomic profiling by mass spectrometry	20221019_Ec_01_SC_CNIC-KI_TMT60.raw	ftp://ftp.pride.ebi.ac.uk/pride/data/archive/2026/04/PXD064518/20221019_Ec_01_SC_CNIC-KI_TMT60.raw	TMT126	1	1	NT=Orbitrap Eclipse;AC=MS:1003029	NT=Data-dependent acquisition;AC=PRIDE:0000627	NT=Trypsin;AC=MS:1001251	TMT131	not applicable	TMT60	NT=collision-induced dissociation;AC=MS:1000133	NT=beam-type collision-induced dissociation;AC=MS:1000422	not available	375m/z-1500m/z	not available	not available	not applicable	NT=TMT6plex;AC=UNIMOD:737;MT=fixed;PP=Any N-term	NT=TMT6plex;AC=UNIMOD:737;MT=fixed;TA=K;PP=Anywhere	NT=Oxidation;AC=UNIMOD:35;MT=variable;TA=M;PP=Anywhere	NT=Acetyl;AC=UNIMOD:1;MT=variable;PP=Protein N-term	v3.0.0	ms-proteomics v1.1.0	vertebrates v1.1.0	single-cell v1.0.0
PXD064518_TMT60_TMT127N	Mus musculus	heart	cardiac muscle cell	not available	cell	single cell	male	not available	adult	not available	not available	not pooled	PXD064518_TMT60_TMT127N	1	manual picking	not available	one cardiomyocyte; channel-to-genotype assignment unavailable	20221019_Ec_01_SC_CNIC-KI_TMT60	proteomic profiling by mass spectrometry	20221019_Ec_01_SC_CNIC-KI_TMT60.raw	ftp://ftp.pride.ebi.ac.uk/pride/data/archive/2026/04/PXD064518/20221019_Ec_01_SC_CNIC-KI_TMT60.raw	TMT127N	1	1	NT=Orbitrap Eclipse;AC=MS:1003029	NT=Data-dependent acquisition;AC=PRIDE:0000627	NT=Trypsin;AC=MS:1001251	TMT131	not applicable	TMT60	NT=collision-induced dissociation;AC=MS:1000133	NT=beam-type collision-induced dissociation;AC=MS:1000422	not available	375m/z-1500m/z	not available	not available	not applicable	NT=TMT6plex;AC=UNIMOD:737;MT=fixed;PP=Any N-term	NT=TMT6plex;AC=UNIMOD:737;MT=fixed;TA=K;PP=Anywhere	NT=Oxidation;AC=UNIMOD:35;MT=variable;TA=M;PP=Anywhere	NT=Acetyl;AC=UNIMOD:1;MT=variable;PP=Protein N-term	v3.0.0	ms-proteomics v1.1.0	vertebrates v1.1.0	single-cell v1.0.0
PXD064518_TMT60_TMT127C	Mus musculus	heart	cardiac muscle cell	not available	cell	single cell	male	not available	adult	not available	not available	not pooled	PXD064518_TMT60_TMT127C	1	manual picking	not available	one cardiomyocyte; channel-to-genotype assignment unavailable	20221019_Ec_01_SC_CNIC-KI_TMT60	proteomic profiling by mass spectrometry	20221019_Ec_01_SC_CNIC-KI_TMT60.raw	ftp://ftp.pride.ebi.ac.uk/pride/data/archive/2026/04/PXD064518/20221019_Ec_01_SC_CNIC-KI_TMT60.raw	TMT127C	1	1	NT=Orbitrap Eclipse;AC=MS:1003029	NT=Data-dependent acquisition;AC=PRIDE:0000627	NT=Trypsin;AC=MS:1001251	TMT131	not applicable	TMT60	NT=collision-induced dissociation;AC=MS:1000133	NT=beam-type collision-induced dissociation;AC=MS:1000422	not available	375m/z-1500m/z	not available	not available	not applicable	NT=TMT6plex;AC=UNIMOD:737;MT=fixed;PP=Any N-term	NT=TMT6plex;AC=UNIMOD:737;MT=fixed;TA=K;PP=Anywhere	NT=Oxidation;AC=UNIMOD:35;MT=variable;TA=M;PP=Anywhere	NT=Acetyl;AC=UNIMOD:1;MT=variable;PP=Protein N-term	v3.0.0	ms-proteomics v1.1.0	vertebrates v1.1.0	single-cell v1.0.0
PXD064518_TMT60_TMT128N	Mus musculus	heart	cardiac muscle cell	not available	cell	single cell	male	not available	adult	not available	not available	not pooled	PXD064518_TMT60_TMT128N	1	manual picking	not available	one cardiomyocyte; channel-to-genotype assignment unavailable	20221019_Ec_01_SC_CNIC-KI_TMT60	proteomic profiling by mass spectrometry	20221019_Ec_01_SC_CNIC-KI_TMT60.raw	ftp://ftp.pride.ebi.ac.uk/pride/data/archive/2026/04/PXD064518/20221019_Ec_01_SC_CNIC-KI_TMT60.raw	TMT128N	1	1	NT=Orbitrap Eclipse;AC=MS:1003029	NT=Data-dependent acquisition;AC=PRIDE:0000627	NT=Trypsin;AC=MS:1001251	TMT131	not applicable	TMT60	NT=collision-induced dissociation;AC=MS:1000133	NT=beam-type collision-induced dissociation;AC=MS:1000422	not available	375m/z-1500m/z	not available	not available	not applicable	NT=TMT6plex;AC=UNIMOD:737;MT=fixed;PP=Any N-term	NT=TMT6plex;AC=UNIMOD:737;MT=fixed;TA=K;PP=Anywhere	NT=Oxidation;AC=UNIMOD:35;MT=variable;TA=M;PP=Anywhere	NT=Acetyl;AC=UNIMOD:1;MT=variable;PP=Protein N-term	v3.0.0	ms-proteomics v1.1.0	vertebrates v1.1.0	single-cell v1.0.0
PXD064518_TMT60_TMT128C	Mus musculus	heart	cardiac muscle cell	not available	cell	single cell	male	not available	adult	not available	not available	not pooled	PXD064518_TMT60_TMT128C	1	manual picking	not available	one cardiomyocyte; channel-to-genotype assignment unavailable	20221019_Ec_01_SC_CNIC-KI_TMT60	proteomic profiling by mass spectrometry	20221019_Ec_01_SC_CNIC-KI_TMT60.raw	ftp://ftp.pride.ebi.ac.uk/pride/data/archive/2026/04/PXD064518/20221019_Ec_01_SC_CNIC-KI_TMT60.raw	TMT128C	1	1	NT=Orbitrap Eclipse;AC=MS:1003029	NT=Data-dependent acquisition;AC=PRIDE:0000627	NT=Trypsin;AC=MS:1001251	TMT131	not applicable	TMT60	NT=collision-induced dissociation;AC=MS:1000133	NT=beam-type collision-induced dissociation;AC=MS:1000422	not available	375m/z-1500m/z	not available	not available	not applicable	NT=TMT6plex;AC=UNIMOD:737;MT=fixed;PP=Any N-term	NT=TMT6plex;AC=UNIMOD:737;MT=fixed;TA=K;PP=Anywhere	NT=Oxidation;AC=UNIMOD:35;MT=variable;TA=M;PP=Anywhere	NT=Acetyl;AC=UNIMOD:1;MT=variable;PP=Protein N-term	v3.0.0	ms-proteomics v1.1.0	vertebrates v1.1.0	single-cell v1.0.0
PXD064518_TMT60_TMT129N	Mus musculus	heart	cardiac muscle cell	not available	cell	single cell	male	not available	adult	not available	not available	not pooled	PXD064518_TMT60_TMT129N	1	manual picking	not available	one cardiomyocyte; channel-to-genotype assignment unavailable	20221019_Ec_01_SC_CNIC-KI_TMT60	proteomic profiling by mass spectrometry	20221019_Ec_01_SC_CNIC-KI_TMT60.raw	ftp://ftp.pride.ebi.ac.uk/pride/data/archive/2026/04/PXD064518/20221019_Ec_01_SC_CNIC-KI_TMT60.raw	TMT129N	1	1	NT=Orbitrap Eclipse;AC=MS:1003029	NT=Data-dependent acquisition;AC=PRIDE:0000627	NT=Trypsin;AC=MS:1001251	TMT131	not applicable	TMT60	NT=collision-induced dissociation;AC=MS:1000133	NT=beam-type collision-induced dissociation;AC=MS:1000422	not available	375m/z-1500m/z	not available	not available	not applicable	NT=TMT6plex;AC=UNIMOD:737;MT=fixed;PP=Any N-term	NT=TMT6plex;AC=UNIMOD:737;MT=fixed;TA=K;PP=Anywhere	NT=Oxidation;AC=UNIMOD:35;MT=variable;TA=M;PP=Anywhere	NT=Acetyl;AC=UNIMOD:1;MT=variable;PP=Protein N-term	v3.0.0	ms-proteomics v1.1.0	vertebrates v1.1.0	single-cell v1.0.0
PXD064518_TMT60_TMT129C	Mus musculus	heart	cardiac muscle cell	not available	cell	single cell	male	not available	adult	not available	not available	not pooled	PXD064518_TMT60_TMT129C	1	manual picking	not available	one cardiomyocyte; channel-to-genotype assignment unavailable	20221019_Ec_01_SC_CNIC-KI_TMT60	proteomic profiling by mass spectrometry	20221019_Ec_01_SC_CNIC-KI_TMT60.raw	ftp://ftp.pride.ebi.ac.uk/pride/data/archive/2026/04/PXD064518/20221019_Ec_01_SC_CNIC-KI_TMT60.raw	TMT129C	1	1	NT=Orbitrap Eclipse;AC=MS:1003029	NT=Data-dependent acquisition;AC=PRIDE:0000627	NT=Trypsin;AC=MS:1001251	TMT131	not applicable	TMT60	NT=collision-induced dissociation;AC=MS:1000133	NT=beam-type collision-induced dissociation;AC=MS:1000422	not available	375m/z-1500m/z	not available	not available	not applicable	NT=TMT6plex;AC=UNIMOD:737;MT=fixed;PP=Any N-term	NT=TMT6plex;AC=UNIMOD:737;MT=fixed;TA=K;PP=Anywhere	NT=Oxidation;AC=UNIMOD:35;MT=variable;TA=M;PP=Anywhere	NT=Acetyl;AC=UNIMOD:1;MT=variable;PP=Protein N-term	v3.0.0	ms-proteomics v1.1.0	vertebrates v1.1.0	single-cell v1.0.0
PXD064518_TMT60_TMT130C	Mus musculus	heart	cardiac muscle cell	not available	cell	single cell	male	not available	adult	not available	not available	not pooled	PXD064518_TMT60_TMT130C	1	manual picking	not available	one cardiomyocyte; channel-to-genotype assignment unavailable	20221019_Ec_01_SC_CNIC-KI_TMT60	proteomic profiling by mass spectrometry	20221019_Ec_01_SC_CNIC-KI_TMT60.raw	ftp://ftp.pride.ebi.ac.uk/pride/data/archive/2026/04/PXD064518/20221019_Ec_01_SC_CNIC-KI_TMT60.raw	TMT130C	1	1	NT=Orbitrap Eclipse;AC=MS:1003029	NT=Data-dependent acquisition;AC=PRIDE:0000627	NT=Trypsin;AC=MS:1001251	TMT131	not applicable	TMT60	NT=collision-induced dissociation;AC=MS:1000133	NT=beam-type collision-induced dissociation;AC=MS:1000422	not available	375m/z-1500m/z	not available	not available	not applicable	NT=TMT6plex;AC=UNIMOD:737;MT=fixed;PP=Any N-term	NT=TMT6plex;AC=UNIMOD:737;MT=fixed;TA=K;PP=Anywhere	NT=Oxidation;AC=UNIMOD:35;MT=variable;TA=M;PP=Anywhere	NT=Acetyl;AC=UNIMOD:1;MT=variable;PP=Protein N-term	v3.0.0	ms-proteomics v1.1.0	vertebrates v1.1.0	single-cell v1.0.0
PXD064518_TMT60_TMT131	Mus musculus	heart	cardiac muscle cell	not available	cell	carrier	male	not available	adult	not available	pooled	pooled	not applicable	200	not available	mixed control and Myc-overexpressing cardiomyocytes	100 control plus 100 Myc-overexpressing cardiomyocytes	20221019_Ec_01_SC_CNIC-KI_TMT60	proteomic profiling by mass spectrometry	20221019_Ec_01_SC_CNIC-KI_TMT60.raw	ftp://ftp.pride.ebi.ac.uk/pride/data/archive/2026/04/PXD064518/20221019_Ec_01_SC_CNIC-KI_TMT60.raw	TMT131	1	1	NT=Orbitrap Eclipse;AC=MS:1003029	NT=Data-dependent acquisition;AC=PRIDE:0000627	NT=Trypsin;AC=MS:1001251	TMT131	not applicable	TMT60	NT=collision-induced dissociation;AC=MS:1000133	NT=beam-type collision-induced dissociation;AC=MS:1000422	not available	375m/z-1500m/z	not available	not available	not applicable	NT=TMT6plex;AC=UNIMOD:737;MT=fixed;PP=Any N-term	NT=TMT6plex;AC=UNIMOD:737;MT=fixed;TA=K;PP=Anywhere	NT=Oxidation;AC=UNIMOD:35;MT=variable;TA=M;PP=Anywhere	NT=Acetyl;AC=UNIMOD:1;MT=variable;PP=Protein N-term	v3.0.0	ms-proteomics v1.1.0	vertebrates v1.1.0	single-cell v1.0.0
PXD064518_TMT61_TMT126	Mus musculus	heart	cardiac muscle cell	not available	cell	single cell	male	not available	adult	not available	not available	not pooled	PXD064518_TMT61_TMT126	1	manual picking	not available	one cardiomyocyte; channel-to-genotype assignment unavailable	20221019_Ec_01_SC_CNIC-KI_TMT61	proteomic profiling by mass spectrometry	20221019_Ec_01_SC_CNIC-KI_TMT61.raw	ftp://ftp.pride.ebi.ac.uk/pride/data/archive/2026/04/PXD064518/20221019_Ec_01_SC_CNIC-KI_TMT61.raw	TMT126	1	1	NT=Orbitrap Eclipse;AC=MS:1003029	NT=Data-dependent acquisition;AC=PRIDE:0000627	NT=Trypsin;AC=MS:1001251	TMT131	not applicable	TMT61	NT=collision-induced dissociation;AC=MS:1000133	NT=beam-type collision-induced dissociation;AC=MS:1000422	not available	375m/z-1500m/z	not available	not available	not applicable	NT=TMT6plex;AC=UNIMOD:737;MT=fixed;PP=Any N-term	NT=TMT6plex;AC=UNIMOD:737;MT=fixed;TA=K;PP=Anywhere	NT=Oxidation;AC=UNIMOD:35;MT=variable;TA=M;PP=Anywhere	NT=Acetyl;AC=UNIMOD:1;MT=variable;PP=Protein N-term	v3.0.0	ms-proteomics v1.1.0	vertebrates v1.1.0	single-cell v1.0.0
PXD064518_TMT61_TMT127N	Mus musculus	heart	cardiac muscle cell	not available	cell	single cell	male	not available	adult	not available	not available	not pooled	PXD064518_TMT61_TMT127N	1	manual picking	not available	one cardiomyocyte; channel-to-genotype assignment unavailable	20221019_Ec_01_SC_CNIC-KI_TMT61	proteomic profiling by mass spectrometry	20221019_Ec_01_SC_CNIC-KI_TMT61.raw	ftp://ftp.pride.ebi.ac.uk/pride/data/archive/2026/04/PXD064518/20221019_Ec_01_SC_CNIC-KI_TMT61.raw	TMT127N	1	1	NT=Orbitrap Eclipse;AC=MS:1003029	NT=Data-dependent acquisition;AC=PRIDE:0000627	NT=Trypsin;AC=MS:1001251	TMT131	not applicable	TMT61	NT=collision-induced dissociation;AC=MS:1000133	NT=beam-type collision-induced dissociation;AC=MS:1000422	not available	375m/z-1500m/z	not available	not available	not applicable	NT=TMT6plex;AC=UNIMOD:737;MT=fixed;PP=Any N-term	NT=TMT6plex;AC=UNIMOD:737;MT=fixed;TA=K;PP=Anywhere	NT=Oxidation;AC=UNIMOD:35;MT=variable;TA=M;PP=Anywhere	NT=Acetyl;AC=UNIMOD:1;MT=variable;PP=Protein N-term	v3.0.0	ms-proteomics v1.1.0	vertebrates v1.1.0	single-cell v1.0.0
PXD064518_TMT61_TMT127C	Mus musculus	heart	cardiac muscle cell	not available	cell	single cell	male	not available	adult	not available	not available	not pooled	PXD064518_TMT61_TMT127C	1	manual picking	not available	one cardiomyocyte; channel-to-genotype assignment unavailable	20221019_Ec_01_SC_CNIC-KI_TMT61	proteomic profiling by mass spectrometry	20221019_Ec_01_SC_CNIC-KI_TMT61.raw	ftp://ftp.pride.ebi.ac.uk/pride/data/archive/2026/04/PXD064518/20221019_Ec_01_SC_CNIC-KI_TMT61.raw	TMT127C	1	1	NT=Orbitrap Eclipse;AC=MS:1003029	NT=Data-dependent acquisition;AC=PRIDE:0000627	NT=Trypsin;AC=MS:1001251	TMT131	not applicable	TMT61	NT=collision-induced dissociation;AC=MS:1000133	NT=beam-type collision-induced dissociation;AC=MS:1000422	not available	375m/z-1500m/z	not available	not available	not applicable	NT=TMT6plex;AC=UNIMOD:737;MT=fixed;PP=Any N-term	NT=TMT6plex;AC=UNIMOD:737;MT=fixed;TA=K;PP=Anywhere	NT=Oxidation;AC=UNIMOD:35;MT=variable;TA=M;PP=Anywhere	NT=Acetyl;AC=UNIMOD:1;MT=variable;PP=Protein N-term	v3.0.0	ms-proteomics v1.1.0	vertebrates v1.1.0	single-cell v1.0.0
PXD064518_TMT61_TMT128N	Mus musculus	heart	cardiac muscle cell	not available	cell	single cell	male	not available	adult	not available	not available	not pooled	PXD064518_TMT61_TMT128N	1	manual picking	not available	one cardiomyocyte; channel-to-genotype assignment unavailable	20221019_Ec_01_SC_CNIC-KI_TMT61	proteomic profiling by mass spectrometry	20221019_Ec_01_SC_CNIC-KI_TMT61.raw	ftp://ftp.pride.ebi.ac.uk/pride/data/archive/2026/04/PXD064518/20221019_Ec_01_SC_CNIC-KI_TMT61.raw	TMT128N	1	1	NT=Orbitrap Eclipse;AC=MS:1003029	NT=Data-dependent acquisition;AC=PRIDE:0000627	NT=Trypsin;AC=MS:1001251	TMT131	not applicable	TMT61	NT=collision-induced dissociation;AC=MS:1000133	NT=beam-type collision-induced dissociation;AC=MS:1000422	not available	375m/z-1500m/z	not available	not available	not applicable	NT=TMT6plex;AC=UNIMOD:737;MT=fixed;PP=Any N-term	NT=TMT6plex;AC=UNIMOD:737;MT=fixed;TA=K;PP=Anywhere	NT=Oxidation;AC=UNIMOD:35;MT=variable;TA=M;PP=Anywhere	NT=Acetyl;AC=UNIMOD:1;MT=variable;PP=Protein N-term	v3.0.0	ms-proteomics v1.1.0	vertebrates v1.1.0	single-cell v1.0.0
PXD064518_TMT61_TMT128C	Mus musculus	heart	cardiac muscle cell	not available	cell	single cell	male	not available	adult	not available	not available	not pooled	PXD064518_TMT61_TMT128C	1	manual picking	not available	one cardiomyocyte; channel-to-genotype assignment unavailable	20221019_Ec_01_SC_CNIC-KI_TMT61	proteomic profiling by mass spectrometry	20221019_Ec_01_SC_CNIC-KI_TMT61.raw	ftp://ftp.pride.ebi.ac.uk/pride/data/archive/2026/04/PXD064518/20221019_Ec_01_SC_CNIC-KI_TMT61.raw	TMT128C	1	1	NT=Orbitrap Eclipse;AC=MS:1003029	NT=Data-dependent acquisition;AC=PRIDE:0000627	NT=Trypsin;AC=MS:1001251	TMT131	not applicable	TMT61	NT=collision-induced dissociation;AC=MS:1000133	NT=beam-type collision-induced dissociation;AC=MS:1000422	not available	375m/z-1500m/z	not available	not available	not applicable	NT=TMT6plex;AC=UNIMOD:737;MT=fixed;PP=Any N-term	NT=TMT6plex;AC=UNIMOD:737;MT=fixed;TA=K;PP=Anywhere	NT=Oxidation;AC=UNIMOD:35;MT=variable;TA=M;PP=Anywhere	NT=Acetyl;AC=UNIMOD:1;MT=variable;PP=Protein N-term	v3.0.0	ms-proteomics v1.1.0	vertebrates v1.1.0	single-cell v1.0.0
PXD064518_TMT61_TMT129N	Mus musculus	heart	cardiac muscle cell	not available	cell	single cell	male	not available	adult	not available	not available	not pooled	PXD064518_TMT61_TMT129N	1	manual picking	not available	one cardiomyocyte; channel-to-genotype assignment unavailable	20221019_Ec_01_SC_CNIC-KI_TMT61	proteomic profiling by mass spectrometry	20221019_Ec_01_SC_CNIC-KI_TMT61.raw	ftp://ftp.pride.ebi.ac.uk/pride/data/archive/2026/04/PXD064518/20221019_Ec_01_SC_CNIC-KI_TMT61.raw	TMT129N	1	1	NT=Orbitrap Eclipse;AC=MS:1003029	NT=Data-dependent acquisition;AC=PRIDE:0000627	NT=Trypsin;AC=MS:1001251	TMT131	not applicable	TMT61	NT=collision-induced dissociation;AC=MS:1000133	NT=beam-type collision-induced dissociation;AC=MS:1000422	not available	375m/z-1500m/z	not available	not available	not applicable	NT=TMT6plex;AC=UNIMOD:737;MT=fixed;PP=Any N-term	NT=TMT6plex;AC=UNIMOD:737;MT=fixed;TA=K;PP=Anywhere	NT=Oxidation;AC=UNIMOD:35;MT=variable;TA=M;PP=Anywhere	NT=Acetyl;AC=UNIMOD:1;MT=variable;PP=Protein N-term	v3.0.0	ms-proteomics v1.1.0	vertebrates v1.1.0	single-cell v1.0.0
PXD064518_TMT61_TMT129C	Mus musculus	heart	cardiac muscle cell	not available	cell	single cell	male	not available	adult	not available	not available	not pooled	PXD064518_TMT61_TMT129C	1	manual picking	not available	one cardiomyocyte; channel-to-genotype assignment unavailable	20221019_Ec_01_SC_CNIC-KI_TMT61	proteomic profiling by mass spectrometry	20221019_Ec_01_SC_CNIC-KI_TMT61.raw	ftp://ftp.pride.ebi.ac.uk/pride/data/archive/2026/04/PXD064518/20221019_Ec_01_SC_CNIC-KI_TMT61.raw	TMT129C	1	1	NT=Orbitrap Eclipse;AC=MS:1003029	NT=Data-dependent acquisition;AC=PRIDE:0000627	NT=Trypsin;AC=MS:1001251	TMT131	not applicable	TMT61	NT=collision-induced dissociation;AC=MS:1000133	NT=beam-type collision-induced dissociation;AC=MS:1000422	not available	375m/z-1500m/z	not available	not available	not applicable	NT=TMT6plex;AC=UNIMOD:737;MT=fixed;PP=Any N-term	NT=TMT6plex;AC=UNIMOD:737;MT=fixed;TA=K;PP=Anywhere	NT=Oxidation;AC=UNIMOD:35;MT=variable;TA=M;PP=Anywhere	NT=Acetyl;AC=UNIMOD:1;MT=variable;PP=Protein N-term	v3.0.0	ms-proteomics v1.1.0	vertebrates v1.1.0	single-cell v1.0.0
PXD064518_TMT61_TMT130C	Mus musculus	heart	cardiac muscle cell	not available	cell	single cell	male	not available	adult	not available	not available	not pooled	PXD064518_TMT61_TMT130C	1	manual picking	not available	one cardiomyocyte; channel-to-genotype assignment unavailable	20221019_Ec_01_SC_CNIC-KI_TMT61	proteomic profiling by mass spectrometry	20221019_Ec_01_SC_CNIC-KI_TMT61.raw	ftp://ftp.pride.ebi.ac.uk/pride/data/archive/2026/04/PXD064518/20221019_Ec_01_SC_CNIC-KI_TMT61.raw	TMT130C	1	1	NT=Orbitrap Eclipse;AC=MS:1003029	NT=Data-dependent acquisition;AC=PRIDE:0000627	NT=Trypsin;AC=MS:1001251	TMT131	not applicable	TMT61	NT=collision-induced dissociation;AC=MS:1000133	NT=beam-type collision-induced dissociation;AC=MS:1000422	not available	375m/z-1500m/z	not available	not available	not applicable	NT=TMT6plex;AC=UNIMOD:737;MT=fixed;PP=Any N-term	NT=TMT6plex;AC=UNIMOD:737;MT=fixed;TA=K;PP=Anywhere	NT=Oxidation;AC=UNIMOD:35;MT=variable;TA=M;PP=Anywhere	NT=Acetyl;AC=UNIMOD:1;MT=variable;PP=Protein N-term	v3.0.0	ms-proteomics v1.1.0	vertebrates v1.1.0	single-cell v1.0.0
PXD064518_TMT61_TMT131	Mus musculus	heart	cardiac muscle cell	not available	cell	carrier	male	not available	adult	not available	pooled	pooled	not applicable	200	not available	mixed control and Myc-overexpressing cardiomyocytes	100 control plus 100 Myc-overexpressing cardiomyocytes	20221019_Ec_01_SC_CNIC-KI_TMT61	proteomic profiling by mass spectrometry	20221019_Ec_01_SC_CNIC-KI_TMT61.raw	ftp://ftp.pride.ebi.ac.uk/pride/data/archive/2026/04/PXD064518/20221019_Ec_01_SC_CNIC-KI_TMT61.raw	TMT131	1	1	NT=Orbitrap Eclipse;AC=MS:1003029	NT=Data-dependent acquisition;AC=PRIDE:0000627	NT=Trypsin;AC=MS:1001251	TMT131	not applicable	TMT61	NT=collision-induced dissociation;AC=MS:1000133	NT=beam-type collision-induced dissociation;AC=MS:1000422	not available	375m/z-1500m/z	not available	not available	not applicable	NT=TMT6plex;AC=UNIMOD:737;MT=fixed;PP=Any N-term	NT=TMT6plex;AC=UNIMOD:737;MT=fixed;TA=K;PP=Anywhere	NT=Oxidation;AC=UNIMOD:35;MT=variable;TA=M;PP=Anywhere	NT=Acetyl;AC=UNIMOD:1;MT=variable;PP=Protein N-term	v3.0.0	ms-proteomics v1.1.0	vertebrates v1.1.0	single-cell v1.0.0
PXD064518_TMT62_TMT126	Mus musculus	heart	cardiac muscle cell	not available	cell	single cell	male	not available	adult	not available	not available	not pooled	PXD064518_TMT62_TMT126	1	manual picking	not available	one cardiomyocyte; channel-to-genotype assignment unavailable	20221019_Ec_01_SC_CNIC-KI_TMT62	proteomic profiling by mass spectrometry	20221019_Ec_01_SC_CNIC-KI_TMT62.raw	ftp://ftp.pride.ebi.ac.uk/pride/data/archive/2026/04/PXD064518/20221019_Ec_01_SC_CNIC-KI_TMT62.raw	TMT126	1	1	NT=Orbitrap Eclipse;AC=MS:1003029	NT=Data-dependent acquisition;AC=PRIDE:0000627	NT=Trypsin;AC=MS:1001251	TMT131	not applicable	TMT62	NT=collision-induced dissociation;AC=MS:1000133	NT=beam-type collision-induced dissociation;AC=MS:1000422	not available	375m/z-1500m/z	not available	not available	not applicable	NT=TMT6plex;AC=UNIMOD:737;MT=fixed;PP=Any N-term	NT=TMT6plex;AC=UNIMOD:737;MT=fixed;TA=K;PP=Anywhere	NT=Oxidation;AC=UNIMOD:35;MT=variable;TA=M;PP=Anywhere	NT=Acetyl;AC=UNIMOD:1;MT=variable;PP=Protein N-term	v3.0.0	ms-proteomics v1.1.0	vertebrates v1.1.0	single-cell v1.0.0
PXD064518_TMT62_TMT127N	Mus musculus	heart	cardiac muscle cell	not available	cell	single cell	male	not available	adult	not available	not available	not pooled	PXD064518_TMT62_TMT127N	1	manual picking	not available	one cardiomyocyte; channel-to-genotype assignment unavailable	20221019_Ec_01_SC_CNIC-KI_TMT62	proteomic profiling by mass spectrometry	20221019_Ec_01_SC_CNIC-KI_TMT62.raw	ftp://ftp.pride.ebi.ac.uk/pride/data/archive/2026/04/PXD064518/20221019_Ec_01_SC_CNIC-KI_TMT62.raw	TMT127N	1	1	NT=Orbitrap Eclipse;AC=MS:1003029	NT=Data-dependent acquisition;AC=PRIDE:0000627	NT=Trypsin;AC=MS:1001251	TMT131	not applicable	TMT62	NT=collision-induced dissociation;AC=MS:1000133	NT=beam-type collision-induced dissociation;AC=MS:1000422	not available	375m/z-1500m/z	not available	not available	not applicable	NT=TMT6plex;AC=UNIMOD:737;MT=fixed;PP=Any N-term	NT=TMT6plex;AC=UNIMOD:737;MT=fixed;TA=K;PP=Anywhere	NT=Oxidation;AC=UNIMOD:35;MT=variable;TA=M;PP=Anywhere	NT=Acetyl;AC=UNIMOD:1;MT=variable;PP=Protein N-term	v3.0.0	ms-proteomics v1.1.0	vertebrates v1.1.0	single-cell v1.0.0
PXD064518_TMT62_TMT127C	Mus musculus	heart	cardiac muscle cell	not available	cell	single cell	male	not available	adult	not available	not available	not pooled	PXD064518_TMT62_TMT127C	1	manual picking	not available	one cardiomyocyte; channel-to-genotype assignment unavailable	20221019_Ec_01_SC_CNIC-KI_TMT62	proteomic profiling by mass spectrometry	20221019_Ec_01_SC_CNIC-KI_TMT62.raw	ftp://ftp.pride.ebi.ac.uk/pride/data/archive/2026/04/PXD064518/20221019_Ec_01_SC_CNIC-KI_TMT62.raw	TMT127C	1	1	NT=Orbitrap Eclipse;AC=MS:1003029	NT=Data-dependent acquisition;AC=PRIDE:0000627	NT=Trypsin;AC=MS:1001251	TMT131	not applicable	TMT62	NT=collision-induced dissociation;AC=MS:1000133	NT=beam-type collision-induced dissociation;AC=MS:1000422	not available	375m/z-1500m/z	not available	not available	not applicable	NT=TMT6plex;AC=UNIMOD:737;MT=fixed;PP=Any N-term	NT=TMT6plex;AC=UNIMOD:737;MT=fixed;TA=K;PP=Anywhere	NT=Oxidation;AC=UNIMOD:35;MT=variable;TA=M;PP=Anywhere	NT=Acetyl;AC=UNIMOD:1;MT=variable;PP=Protein N-term	v3.0.0	ms-proteomics v1.1.0	vertebrates v1.1.0	single-cell v1.0.0
PXD064518_TMT62_TMT128N	Mus musculus	heart	cardiac muscle cell	not available	cell	single cell	male	not available	adult	not available	not available	not pooled	PXD064518_TMT62_TMT128N	1	manual picking	not available	one cardiomyocyte; channel-to-genotype assignment unavailable	20221019_Ec_01_SC_CNIC-KI_TMT62	proteomic profiling by mass spectrometry	20221019_Ec_01_SC_CNIC-KI_TMT62.raw	ftp://ftp.pride.ebi.ac.uk/pride/data/archive/2026/04/PXD064518/20221019_Ec_01_SC_CNIC-KI_TMT62.raw	TMT128N	1	1	NT=Orbitrap Eclipse;AC=MS:1003029	NT=Data-dependent acquisition;AC=PRIDE:0000627	NT=Trypsin;AC=MS:1001251	TMT131	not applicable	TMT62	NT=collision-induced dissociation;AC=MS:1000133	NT=beam-type collision-induced dissociation;AC=MS:1000422	not available	375m/z-1500m/z	not available	not available	not applicable	NT=TMT6plex;AC=UNIMOD:737;MT=fixed;PP=Any N-term	NT=TMT6plex;AC=UNIMOD:737;MT=fixed;TA=K;PP=Anywhere	NT=Oxidation;AC=UNIMOD:35;MT=variable;TA=M;PP=Anywhere	NT=Acetyl;AC=UNIMOD:1;MT=variable;PP=Protein N-term	v3.0.0	ms-proteomics v1.1.0	vertebrates v1.1.0	single-cell v1.0.0
PXD064518_TMT62_TMT128C	Mus musculus	heart	cardiac muscle cell	not available	cell	single cell	male	not available	adult	not available	not available	not pooled	PXD064518_TMT62_TMT128C	1	manual picking	not available	one cardiomyocyte; channel-to-genotype assignment unavailable	20221019_Ec_01_SC_CNIC-KI_TMT62	proteomic profiling by mass spectrometry	20221019_Ec_01_SC_CNIC-KI_TMT62.raw	ftp://ftp.pride.ebi.ac.uk/pride/data/archive/2026/04/PXD064518/20221019_Ec_01_SC_CNIC-KI_TMT62.raw	TMT128C	1	1	NT=Orbitrap Eclipse;AC=MS:1003029	NT=Data-dependent acquisition;AC=PRIDE:0000627	NT=Trypsin;AC=MS:1001251	TMT131	not applicable	TMT62	NT=collision-induced dissociation;AC=MS:1000133	NT=beam-type collision-induced dissociation;AC=MS:1000422	not available	375m/z-1500m/z	not available	not available	not applicable	NT=TMT6plex;AC=UNIMOD:737;MT=fixed;PP=Any N-term	NT=TMT6plex;AC=UNIMOD:737;MT=fixed;TA=K;PP=Anywhere	NT=Oxidation;AC=UNIMOD:35;MT=variable;TA=M;PP=Anywhere	NT=Acetyl;AC=UNIMOD:1;MT=variable;PP=Protein N-term	v3.0.0	ms-proteomics v1.1.0	vertebrates v1.1.0	single-cell v1.0.0
PXD064518_TMT62_TMT129N	Mus musculus	heart	cardiac muscle cell	not available	cell	single cell	male	not available	adult	not available	not available	not pooled	PXD064518_TMT62_TMT129N	1	manual picking	not available	one cardiomyocyte; channel-to-genotype assignment unavailable	20221019_Ec_01_SC_CNIC-KI_TMT62	proteomic profiling by mass spectrometry	20221019_Ec_01_SC_CNIC-KI_TMT62.raw	ftp://ftp.pride.ebi.ac.uk/pride/data/archive/2026/04/PXD064518/20221019_Ec_01_SC_CNIC-KI_TMT62.raw	TMT129N	1	1	NT=Orbitrap Eclipse;AC=MS:1003029	NT=Data-dependent acquisition;AC=PRIDE:0000627	NT=Trypsin;AC=MS:1001251	TMT131	not applicable	TMT62	NT=collision-induced dissociation;AC=MS:1000133	NT=beam-type collision-induced dissociation;AC=MS:1000422	not available	375m/z-1500m/z	not available	not available	not applicable	NT=TMT6plex;AC=UNIMOD:737;MT=fixed;PP=Any N-term	NT=TMT6plex;AC=UNIMOD:737;MT=fixed;TA=K;PP=Anywhere	NT=Oxidation;AC=UNIMOD:35;MT=variable;TA=M;PP=Anywhere	NT=Acetyl;AC=UNIMOD:1;MT=variable;PP=Protein N-term	v3.0.0	ms-proteomics v1.1.0	vertebrates v1.1.0	single-cell v1.0.0
PXD064518_TMT62_TMT129C	Mus musculus	heart	cardiac muscle cell	not available	cell	single cell	male	not available	adult	not available	not available	not pooled	PXD064518_TMT62_TMT129C	1	manual picking	not available	one cardiomyocyte; channel-to-genotype assignment unavailable	20221019_Ec_01_SC_CNIC-KI_TMT62	proteomic profiling by mass spectrometry	20221019_Ec_01_SC_CNIC-KI_TMT62.raw	ftp://ftp.pride.ebi.ac.uk/pride/data/archive/2026/04/PXD064518/20221019_Ec_01_SC_CNIC-KI_TMT62.raw	TMT129C	1	1	NT=Orbitrap Eclipse;AC=MS:1003029	NT=Data-dependent acquisition;AC=PRIDE:0000627	NT=Trypsin;AC=MS:1001251	TMT131	not applicable	TMT62	NT=collision-induced dissociation;AC=MS:1000133	NT=beam-type collision-induced dissociation;AC=MS:1000422	not available	375m/z-1500m/z	not available	not available	not applicable	NT=TMT6plex;AC=UNIMOD:737;MT=fixed;PP=Any N-term	NT=TMT6plex;AC=UNIMOD:737;MT=fixed;TA=K;PP=Anywhere	NT=Oxidation;AC=UNIMOD:35;MT=variable;TA=M;PP=Anywhere	NT=Acetyl;AC=UNIMOD:1;MT=variable;PP=Protein N-term	v3.0.0	ms-proteomics v1.1.0	vertebrates v1.1.0	single-cell v1.0.0
PXD064518_TMT62_TMT130C	Mus musculus	heart	cardiac muscle cell	not available	cell	single cell	male	not available	adult	not available	not available	not pooled	PXD064518_TMT62_TMT130C	1	manual picking	not available	one cardiomyocyte; channel-to-genotype assignment unavailable	20221019_Ec_01_SC_CNIC-KI_TMT62	proteomic profiling by mass spectrometry	20221019_Ec_01_SC_CNIC-KI_TMT62.raw	ftp://ftp.pride.ebi.ac.uk/pride/data/archive/2026/04/PXD064518/20221019_Ec_01_SC_CNIC-KI_TMT62.raw	TMT130C	1	1	NT=Orbitrap Eclipse;AC=MS:1003029	NT=Data-dependent acquisition;AC=PRIDE:0000627	NT=Trypsin;AC=MS:1001251	TMT131	not applicable	TMT62	NT=collision-induced dissociation;AC=MS:1000133	NT=beam-type collision-induced dissociation;AC=MS:1000422	not available	375m/z-1500m/z	not available	not available	not applicable	NT=TMT6plex;AC=UNIMOD:737;MT=fixed;PP=Any N-term	NT=TMT6plex;AC=UNIMOD:737;MT=fixed;TA=K;PP=Anywhere	NT=Oxidation;AC=UNIMOD:35;MT=variable;TA=M;PP=Anywhere	NT=Acetyl;AC=UNIMOD:1;MT=variable;PP=Protein N-term	v3.0.0	ms-proteomics v1.1.0	vertebrates v1.1.0	single-cell v1.0.0
PXD064518_TMT62_TMT131	Mus musculus	heart	cardiac muscle cell	not available	cell	carrier	male	not available	adult	not available	pooled	pooled	not applicable	200	not available	mixed control and Myc-overexpressing cardiomyocytes	100 control plus 100 Myc-overexpressing cardiomyocytes	20221019_Ec_01_SC_CNIC-KI_TMT62	proteomic profiling by mass spectrometry	20221019_Ec_01_SC_CNIC-KI_TMT62.raw	ftp://ftp.pride.ebi.ac.uk/pride/data/archive/2026/04/PXD064518/20221019_Ec_01_SC_CNIC-KI_TMT62.raw	TMT131	1	1	NT=Orbitrap Eclipse;AC=MS:1003029	NT=Data-dependent acquisition;AC=PRIDE:0000627	NT=Trypsin;AC=MS:1001251	TMT131	not applicable	TMT62	NT=collision-induced dissociation;AC=MS:1000133	NT=beam-type collision-induced dissociation;AC=MS:1000422	not available	375m/z-1500m/z	not available	not available	not applicable	NT=TMT6plex;AC=UNIMOD:737;MT=fixed;PP=Any N-term	NT=TMT6plex;AC=UNIMOD:737;MT=fixed;TA=K;PP=Anywhere	NT=Oxidation;AC=UNIMOD:35;MT=variable;TA=M;PP=Anywhere	NT=Acetyl;AC=UNIMOD:1;MT=variable;PP=Protein N-term	v3.0.0	ms-proteomics v1.1.0	vertebrates v1.1.0	single-cell v1.0.0
PXD064518_TMT63_TMT126	Mus musculus	heart	cardiac muscle cell	not available	cell	single cell	male	not available	adult	not available	not available	not pooled	PXD064518_TMT63_TMT126	1	manual picking	not available	one cardiomyocyte; channel-to-genotype assignment unavailable	20221019_Ec_01_SC_CNIC-KI_TMT63	proteomic profiling by mass spectrometry	20221019_Ec_01_SC_CNIC-KI_TMT63.raw	ftp://ftp.pride.ebi.ac.uk/pride/data/archive/2026/04/PXD064518/20221019_Ec_01_SC_CNIC-KI_TMT63.raw	TMT126	1	1	NT=Orbitrap Eclipse;AC=MS:1003029	NT=Data-dependent acquisition;AC=PRIDE:0000627	NT=Trypsin;AC=MS:1001251	TMT131	not applicable	TMT63	NT=collision-induced dissociation;AC=MS:1000133	NT=beam-type collision-induced dissociation;AC=MS:1000422	not available	375m/z-1500m/z	not available	not available	not applicable	NT=TMT6plex;AC=UNIMOD:737;MT=fixed;PP=Any N-term	NT=TMT6plex;AC=UNIMOD:737;MT=fixed;TA=K;PP=Anywhere	NT=Oxidation;AC=UNIMOD:35;MT=variable;TA=M;PP=Anywhere	NT=Acetyl;AC=UNIMOD:1;MT=variable;PP=Protein N-term	v3.0.0	ms-proteomics v1.1.0	vertebrates v1.1.0	single-cell v1.0.0
PXD064518_TMT63_TMT127N	Mus musculus	heart	cardiac muscle cell	not available	cell	single cell	male	not available	adult	not available	not available	not pooled	PXD064518_TMT63_TMT127N	1	manual picking	not available	one cardiomyocyte; channel-to-genotype assignment unavailable	20221019_Ec_01_SC_CNIC-KI_TMT63	proteomic profiling by mass spectrometry	20221019_Ec_01_SC_CNIC-KI_TMT63.raw	ftp://ftp.pride.ebi.ac.uk/pride/data/archive/2026/04/PXD064518/20221019_Ec_01_SC_CNIC-KI_TMT63.raw	TMT127N	1	1	NT=Orbitrap Eclipse;AC=MS:1003029	NT=Data-dependent acquisition;AC=PRIDE:0000627	NT=Trypsin;AC=MS:1001251	TMT131	not applicable	TMT63	NT=collision-induced dissociation;AC=MS:1000133	NT=beam-type collision-induced dissociation;AC=MS:1000422	not available	375m/z-1500m/z	not available	not available	not applicable	NT=TMT6plex;AC=UNIMOD:737;MT=fixed;PP=Any N-term	NT=TMT6plex;AC=UNIMOD:737;MT=fixed;TA=K;PP=Anywhere	NT=Oxidation;AC=UNIMOD:35;MT=variable;TA=M;PP=Anywhere	NT=Acetyl;AC=UNIMOD:1;MT=variable;PP=Protein N-term	v3.0.0	ms-proteomics v1.1.0	vertebrates v1.1.0	single-cell v1.0.0
PXD064518_TMT63_TMT127C	Mus musculus	heart	cardiac muscle cell	not available	cell	single cell	male	not available	adult	not available	not available	not pooled	PXD064518_TMT63_TMT127C	1	manual picking	not available	one cardiomyocyte; channel-to-genotype assignment unavailable	20221019_Ec_01_SC_CNIC-KI_TMT63	proteomic profiling by mass spectrometry	20221019_Ec_01_SC_CNIC-KI_TMT63.raw	ftp://ftp.pride.ebi.ac.uk/pride/data/archive/2026/04/PXD064518/20221019_Ec_01_SC_CNIC-KI_TMT63.raw	TMT127C	1	1	NT=Orbitrap Eclipse;AC=MS:1003029	NT=Data-dependent acquisition;AC=PRIDE:0000627	NT=Trypsin;AC=MS:1001251	TMT131	not applicable	TMT63	NT=collision-induced dissociation;AC=MS:1000133	NT=beam-type collision-induced dissociation;AC=MS:1000422	not available	375m/z-1500m/z	not available	not available	not applicable	NT=TMT6plex;AC=UNIMOD:737;MT=fixed;PP=Any N-term	NT=TMT6plex;AC=UNIMOD:737;MT=fixed;TA=K;PP=Anywhere	NT=Oxidation;AC=UNIMOD:35;MT=variable;TA=M;PP=Anywhere	NT=Acetyl;AC=UNIMOD:1;MT=variable;PP=Protein N-term	v3.0.0	ms-proteomics v1.1.0	vertebrates v1.1.0	single-cell v1.0.0
PXD064518_TMT63_TMT128N	Mus musculus	heart	cardiac muscle cell	not available	cell	single cell	male	not available	adult	not available	not available	not pooled	PXD064518_TMT63_TMT128N	1	manual picking	not available	one cardiomyocyte; channel-to-genotype assignment unavailable	20221019_Ec_01_SC_CNIC-KI_TMT63	proteomic profiling by mass spectrometry	20221019_Ec_01_SC_CNIC-KI_TMT63.raw	ftp://ftp.pride.ebi.ac.uk/pride/data/archive/2026/04/PXD064518/20221019_Ec_01_SC_CNIC-KI_TMT63.raw	TMT128N	1	1	NT=Orbitrap Eclipse;AC=MS:1003029	NT=Data-dependent acquisition;AC=PRIDE:0000627	NT=Trypsin;AC=MS:1001251	TMT131	not applicable	TMT63	NT=collision-induced dissociation;AC=MS:1000133	NT=beam-type collision-induced dissociation;AC=MS:1000422	not available	375m/z-1500m/z	not available	not available	not applicable	NT=TMT6plex;AC=UNIMOD:737;MT=fixed;PP=Any N-term	NT=TMT6plex;AC=UNIMOD:737;MT=fixed;TA=K;PP=Anywhere	NT=Oxidation;AC=UNIMOD:35;MT=variable;TA=M;PP=Anywhere	NT=Acetyl;AC=UNIMOD:1;MT=variable;PP=Protein N-term	v3.0.0	ms-proteomics v1.1.0	vertebrates v1.1.0	single-cell v1.0.0
PXD064518_TMT63_TMT128C	Mus musculus	heart	cardiac muscle cell	not available	cell	single cell	male	not available	adult	not available	not available	not pooled	PXD064518_TMT63_TMT128C	1	manual picking	not available	one cardiomyocyte; channel-to-genotype assignment unavailable	20221019_Ec_01_SC_CNIC-KI_TMT63	proteomic profiling by mass spectrometry	20221019_Ec_01_SC_CNIC-KI_TMT63.raw	ftp://ftp.pride.ebi.ac.uk/pride/data/archive/2026/04/PXD064518/20221019_Ec_01_SC_CNIC-KI_TMT63.raw	TMT128C	1	1	NT=Orbitrap Eclipse;AC=MS:1003029	NT=Data-dependent acquisition;AC=PRIDE:0000627	NT=Trypsin;AC=MS:1001251	TMT131	not applicable	TMT63	NT=collision-induced dissociation;AC=MS:1000133	NT=beam-type collision-induced dissociation;AC=MS:1000422	not available	375m/z-1500m/z	not available	not available	not applicable	NT=TMT6plex;AC=UNIMOD:737;MT=fixed;PP=Any N-term	NT=TMT6plex;AC=UNIMOD:737;MT=fixed;TA=K;PP=Anywhere	NT=Oxidation;AC=UNIMOD:35;MT=variable;TA=M;PP=Anywhere	NT=Acetyl;AC=UNIMOD:1;MT=variable;PP=Protein N-term	v3.0.0	ms-proteomics v1.1.0	vertebrates v1.1.0	single-cell v1.0.0
PXD064518_TMT63_TMT129N	Mus musculus	heart	cardiac muscle cell	not available	cell	single cell	male	not available	adult	not available	not available	not pooled	PXD064518_TMT63_TMT129N	1	manual picking	not available	one cardiomyocyte; channel-to-genotype assignment unavailable	20221019_Ec_01_SC_CNIC-KI_TMT63	proteomic profiling by mass spectrometry	20221019_Ec_01_SC_CNIC-KI_TMT63.raw	ftp://ftp.pride.ebi.ac.uk/pride/data/archive/2026/04/PXD064518/20221019_Ec_01_SC_CNIC-KI_TMT63.raw	TMT129N	1	1	NT=Orbitrap Eclipse;AC=MS:1003029	NT=Data-dependent acquisition;AC=PRIDE:0000627	NT=Trypsin;AC=MS:1001251	TMT131	not applicable	TMT63	NT=collision-induced dissociation;AC=MS:1000133	NT=beam-type collision-induced dissociation;AC=MS:1000422	not available	375m/z-1500m/z	not available	not available	not applicable	NT=TMT6plex;AC=UNIMOD:737;MT=fixed;PP=Any N-term	NT=TMT6plex;AC=UNIMOD:737;MT=fixed;TA=K;PP=Anywhere	NT=Oxidation;AC=UNIMOD:35;MT=variable;TA=M;PP=Anywhere	NT=Acetyl;AC=UNIMOD:1;MT=variable;PP=Protein N-term	v3.0.0	ms-proteomics v1.1.0	vertebrates v1.1.0	single-cell v1.0.0
PXD064518_TMT63_TMT129C	Mus musculus	heart	cardiac muscle cell	not available	cell	single cell	male	not available	adult	not available	not available	not pooled	PXD064518_TMT63_TMT129C	1	manual picking	not available	one cardiomyocyte; channel-to-genotype assignment unavailable	20221019_Ec_01_SC_CNIC-KI_TMT63	proteomic profiling by mass spectrometry	20221019_Ec_01_SC_CNIC-KI_TMT63.raw	ftp://ftp.pride.ebi.ac.uk/pride/data/archive/2026/04/PXD064518/20221019_Ec_01_SC_CNIC-KI_TMT63.raw	TMT129C	1	1	NT=Orbitrap Eclipse;AC=MS:1003029	NT=Data-dependent acquisition;AC=PRIDE:0000627	NT=Trypsin;AC=MS:1001251	TMT131	not applicable	TMT63	NT=collision-induced dissociation;AC=MS:1000133	NT=beam-type collision-induced dissociation;AC=MS:1000422	not available	375m/z-1500m/z	not available	not available	not applicable	NT=TMT6plex;AC=UNIMOD:737;MT=fixed;PP=Any N-term	NT=TMT6plex;AC=UNIMOD:737;MT=fixed;TA=K;PP=Anywhere	NT=Oxidation;AC=UNIMOD:35;MT=variable;TA=M;PP=Anywhere	NT=Acetyl;AC=UNIMOD:1;MT=variable;PP=Protein N-term	v3.0.0	ms-proteomics v1.1.0	vertebrates v1.1.0	single-cell v1.0.0
PXD064518_TMT63_TMT130C	Mus musculus	heart	cardiac muscle cell	not available	cell	single cell	male	not available	adult	not available	not available	not pooled	PXD064518_TMT63_TMT130C	1	manual picking	not available	one cardiomyocyte; channel-to-genotype assignment unavailable	20221019_Ec_01_SC_CNIC-KI_TMT63	proteomic profiling by mass spectrometry	20221019_Ec_01_SC_CNIC-KI_TMT63.raw	ftp://ftp.pride.ebi.ac.uk/pride/data/archive/2026/04/PXD064518/20221019_Ec_01_SC_CNIC-KI_TMT63.raw	TMT130C	1	1	NT=Orbitrap Eclipse;AC=MS:1003029	NT=Data-dependent acquisition;AC=PRIDE:0000627	NT=Trypsin;AC=MS:1001251	TMT131	not applicable	TMT63	NT=collision-induced dissociation;AC=MS:1000133	NT=beam-type collision-induced dissociation;AC=MS:1000422	not available	375m/z-1500m/z	not available	not available	not applicable	NT=TMT6plex;AC=UNIMOD:737;MT=fixed;PP=Any N-term	NT=TMT6plex;AC=UNIMOD:737;MT=fixed;TA=K;PP=Anywhere	NT=Oxidation;AC=UNIMOD:35;MT=variable;TA=M;PP=Anywhere	NT=Acetyl;AC=UNIMOD:1;MT=variable;PP=Protein N-term	v3.0.0	ms-proteomics v1.1.0	vertebrates v1.1.0	single-cell v1.0.0
PXD064518_TMT63_TMT131	Mus musculus	heart	cardiac muscle cell	not available	cell	carrier	male	not available	adult	not available	pooled	pooled	not applicable	200	not available	mixed control and Myc-overexpressing cardiomyocytes	100 control plus 100 Myc-overexpressing cardiomyocytes	20221019_Ec_01_SC_CNIC-KI_TMT63	proteomic profiling by mass spectrometry	20221019_Ec_01_SC_CNIC-KI_TMT63.raw	ftp://ftp.pride.ebi.ac.uk/pride/data/archive/2026/04/PXD064518/20221019_Ec_01_SC_CNIC-KI_TMT63.raw	TMT131	1	1	NT=Orbitrap Eclipse;AC=MS:1003029	NT=Data-dependent acquisition;AC=PRIDE:0000627	NT=Trypsin;AC=MS:1001251	TMT131	not applicable	TMT63	NT=collision-induced dissociation;AC=MS:1000133	NT=beam-type collision-induced dissociation;AC=MS:1000422	not available	375m/z-1500m/z	not available	not available	not applicable	NT=TMT6plex;AC=UNIMOD:737;MT=fixed;PP=Any N-term	NT=TMT6plex;AC=UNIMOD:737;MT=fixed;TA=K;PP=Anywhere	NT=Oxidation;AC=UNIMOD:35;MT=variable;TA=M;PP=Anywhere	NT=Acetyl;AC=UNIMOD:1;MT=variable;PP=Protein N-term	v3.0.0	ms-proteomics v1.1.0	vertebrates v1.1.0	single-cell v1.0.0
PXD064518_TMT64_TMT126	Mus musculus	heart	cardiac muscle cell	not available	cell	single cell	male	not available	adult	not available	not available	not pooled	PXD064518_TMT64_TMT126	1	manual picking	not available	one cardiomyocyte; channel-to-genotype assignment unavailable	20221019_Ec_01_SC_CNIC-KI_TMT64	proteomic profiling by mass spectrometry	20221019_Ec_01_SC_CNIC-KI_TMT64.raw	ftp://ftp.pride.ebi.ac.uk/pride/data/archive/2026/04/PXD064518/20221019_Ec_01_SC_CNIC-KI_TMT64.raw	TMT126	1	1	NT=Orbitrap Eclipse;AC=MS:1003029	NT=Data-dependent acquisition;AC=PRIDE:0000627	NT=Trypsin;AC=MS:1001251	TMT131	not applicable	TMT64	NT=collision-induced dissociation;AC=MS:1000133	NT=beam-type collision-induced dissociation;AC=MS:1000422	not available	375m/z-1500m/z	not available	not available	not applicable	NT=TMT6plex;AC=UNIMOD:737;MT=fixed;PP=Any N-term	NT=TMT6plex;AC=UNIMOD:737;MT=fixed;TA=K;PP=Anywhere	NT=Oxidation;AC=UNIMOD:35;MT=variable;TA=M;PP=Anywhere	NT=Acetyl;AC=UNIMOD:1;MT=variable;PP=Protein N-term	v3.0.0	ms-proteomics v1.1.0	vertebrates v1.1.0	single-cell v1.0.0
PXD064518_TMT64_TMT127N	Mus musculus	heart	cardiac muscle cell	not available	cell	single cell	male	not available	adult	not available	not available	not pooled	PXD064518_TMT64_TMT127N	1	manual picking	not available	one cardiomyocyte; channel-to-genotype assignment unavailable	20221019_Ec_01_SC_CNIC-KI_TMT64	proteomic profiling by mass spectrometry	20221019_Ec_01_SC_CNIC-KI_TMT64.raw	ftp://ftp.pride.ebi.ac.uk/pride/data/archive/2026/04/PXD064518/20221019_Ec_01_SC_CNIC-KI_TMT64.raw	TMT127N	1	1	NT=Orbitrap Eclipse;AC=MS:1003029	NT=Data-dependent acquisition;AC=PRIDE:0000627	NT=Trypsin;AC=MS:1001251	TMT131	not applicable	TMT64	NT=collision-induced dissociation;AC=MS:1000133	NT=beam-type collision-induced dissociation;AC=MS:1000422	not available	375m/z-1500m/z	not available	not available	not applicable	NT=TMT6plex;AC=UNIMOD:737;MT=fixed;PP=Any N-term	NT=TMT6plex;AC=UNIMOD:737;MT=fixed;TA=K;PP=Anywhere	NT=Oxidation;AC=UNIMOD:35;MT=variable;TA=M;PP=Anywhere	NT=Acetyl;AC=UNIMOD:1;MT=variable;PP=Protein N-term	v3.0.0	ms-proteomics v1.1.0	vertebrates v1.1.0	single-cell v1.0.0
PXD064518_TMT64_TMT127C	Mus musculus	heart	cardiac muscle cell	not available	cell	single cell	male	not available	adult	not available	not available	not pooled	PXD064518_TMT64_TMT127C	1	manual picking	not available	one cardiomyocyte; channel-to-genotype assignment unavailable	20221019_Ec_01_SC_CNIC-KI_TMT64	proteomic profiling by mass spectrometry	20221019_Ec_01_SC_CNIC-KI_TMT64.raw	ftp://ftp.pride.ebi.ac.uk/pride/data/archive/2026/04/PXD064518/20221019_Ec_01_SC_CNIC-KI_TMT64.raw	TMT127C	1	1	NT=Orbitrap Eclipse;AC=MS:1003029	NT=Data-dependent acquisition;AC=PRIDE:0000627	NT=Trypsin;AC=MS:1001251	TMT131	not applicable	TMT64	NT=collision-induced dissociation;AC=MS:1000133	NT=beam-type collision-induced dissociation;AC=MS:1000422	not available	375m/z-1500m/z	not available	not available	not applicable	NT=TMT6plex;AC=UNIMOD:737;MT=fixed;PP=Any N-term	NT=TMT6plex;AC=UNIMOD:737;MT=fixed;TA=K;PP=Anywhere	NT=Oxidation;AC=UNIMOD:35;MT=variable;TA=M;PP=Anywhere	NT=Acetyl;AC=UNIMOD:1;MT=variable;PP=Protein N-term	v3.0.0	ms-proteomics v1.1.0	vertebrates v1.1.0	single-cell v1.0.0
PXD064518_TMT64_TMT128N	Mus musculus	heart	cardiac muscle cell	not available	cell	single cell	male	not available	adult	not available	not available	not pooled	PXD064518_TMT64_TMT128N	1	manual picking	not available	one cardiomyocyte; channel-to-genotype assignment unavailable	20221019_Ec_01_SC_CNIC-KI_TMT64	proteomic profiling by mass spectrometry	20221019_Ec_01_SC_CNIC-KI_TMT64.raw	ftp://ftp.pride.ebi.ac.uk/pride/data/archive/2026/04/PXD064518/20221019_Ec_01_SC_CNIC-KI_TMT64.raw	TMT128N	1	1	NT=Orbitrap Eclipse;AC=MS:1003029	NT=Data-dependent acquisition;AC=PRIDE:0000627	NT=Trypsin;AC=MS:1001251	TMT131	not applicable	TMT64	NT=collision-induced dissociation;AC=MS:1000133	NT=beam-type collision-induced dissociation;AC=MS:1000422	not available	375m/z-1500m/z	not available	not available	not applicable	NT=TMT6plex;AC=UNIMOD:737;MT=fixed;PP=Any N-term	NT=TMT6plex;AC=UNIMOD:737;MT=fixed;TA=K;PP=Anywhere	NT=Oxidation;AC=UNIMOD:35;MT=variable;TA=M;PP=Anywhere	NT=Acetyl;AC=UNIMOD:1;MT=variable;PP=Protein N-term	v3.0.0	ms-proteomics v1.1.0	vertebrates v1.1.0	single-cell v1.0.0
PXD064518_TMT64_TMT128C	Mus musculus	heart	cardiac muscle cell	not available	cell	single cell	male	not available	adult	not available	not available	not pooled	PXD064518_TMT64_TMT128C	1	manual picking	not available	one cardiomyocyte; channel-to-genotype assignment unavailable	20221019_Ec_01_SC_CNIC-KI_TMT64	proteomic profiling by mass spectrometry	20221019_Ec_01_SC_CNIC-KI_TMT64.raw	ftp://ftp.pride.ebi.ac.uk/pride/data/archive/2026/04/PXD064518/20221019_Ec_01_SC_CNIC-KI_TMT64.raw	TMT128C	1	1	NT=Orbitrap Eclipse;AC=MS:1003029	NT=Data-dependent acquisition;AC=PRIDE:0000627	NT=Trypsin;AC=MS:1001251	TMT131	not applicable	TMT64	NT=collision-induced dissociation;AC=MS:1000133	NT=beam-type collision-induced dissociation;AC=MS:1000422	not available	375m/z-1500m/z	not available	not available	not applicable	NT=TMT6plex;AC=UNIMOD:737;MT=fixed;PP=Any N-term	NT=TMT6plex;AC=UNIMOD:737;MT=fixed;TA=K;PP=Anywhere	NT=Oxidation;AC=UNIMOD:35;MT=variable;TA=M;PP=Anywhere	NT=Acetyl;AC=UNIMOD:1;MT=variable;PP=Protein N-term	v3.0.0	ms-proteomics v1.1.0	vertebrates v1.1.0	single-cell v1.0.0
PXD064518_TMT64_TMT129N	Mus musculus	heart	cardiac muscle cell	not available	cell	single cell	male	not available	adult	not available	not available	not pooled	PXD064518_TMT64_TMT129N	1	manual picking	not available	one cardiomyocyte; channel-to-genotype assignment unavailable	20221019_Ec_01_SC_CNIC-KI_TMT64	proteomic profiling by mass spectrometry	20221019_Ec_01_SC_CNIC-KI_TMT64.raw	ftp://ftp.pride.ebi.ac.uk/pride/data/archive/2026/04/PXD064518/20221019_Ec_01_SC_CNIC-KI_TMT64.raw	TMT129N	1	1	NT=Orbitrap Eclipse;AC=MS:1003029	NT=Data-dependent acquisition;AC=PRIDE:0000627	NT=Trypsin;AC=MS:1001251	TMT131	not applicable	TMT64	NT=collision-induced dissociation;AC=MS:1000133	NT=beam-type collision-induced dissociation;AC=MS:1000422	not available	375m/z-1500m/z	not available	not available	not applicable	NT=TMT6plex;AC=UNIMOD:737;MT=fixed;PP=Any N-term	NT=TMT6plex;AC=UNIMOD:737;MT=fixed;TA=K;PP=Anywhere	NT=Oxidation;AC=UNIMOD:35;MT=variable;TA=M;PP=Anywhere	NT=Acetyl;AC=UNIMOD:1;MT=variable;PP=Protein N-term	v3.0.0	ms-proteomics v1.1.0	vertebrates v1.1.0	single-cell v1.0.0
PXD064518_TMT64_TMT129C	Mus musculus	heart	cardiac muscle cell	not available	cell	single cell	male	not available	adult	not available	not available	not pooled	PXD064518_TMT64_TMT129C	1	manual picking	not available	one cardiomyocyte; channel-to-genotype assignment unavailable	20221019_Ec_01_SC_CNIC-KI_TMT64	proteomic profiling by mass spectrometry	20221019_Ec_01_SC_CNIC-KI_TMT64.raw	ftp://ftp.pride.ebi.ac.uk/pride/data/archive/2026/04/PXD064518/20221019_Ec_01_SC_CNIC-KI_TMT64.raw	TMT129C	1	1	NT=Orbitrap Eclipse;AC=MS:1003029	NT=Data-dependent acquisition;AC=PRIDE:0000627	NT=Trypsin;AC=MS:1001251	TMT131	not applicable	TMT64	NT=collision-induced dissociation;AC=MS:1000133	NT=beam-type collision-induced dissociation;AC=MS:1000422	not available	375m/z-1500m/z	not available	not available	not applicable	NT=TMT6plex;AC=UNIMOD:737;MT=fixed;PP=Any N-term	NT=TMT6plex;AC=UNIMOD:737;MT=fixed;TA=K;PP=Anywhere	NT=Oxidation;AC=UNIMOD:35;MT=variable;TA=M;PP=Anywhere	NT=Acetyl;AC=UNIMOD:1;MT=variable;PP=Protein N-term	v3.0.0	ms-proteomics v1.1.0	vertebrates v1.1.0	single-cell v1.0.0
PXD064518_TMT64_TMT130C	Mus musculus	heart	cardiac muscle cell	not available	cell	single cell	male	not available	adult	not available	not available	not pooled	PXD064518_TMT64_TMT130C	1	manual picking	not available	one cardiomyocyte; channel-to-genotype assignment unavailable	20221019_Ec_01_SC_CNIC-KI_TMT64	proteomic profiling by mass spectrometry	20221019_Ec_01_SC_CNIC-KI_TMT64.raw	ftp://ftp.pride.ebi.ac.uk/pride/data/archive/2026/04/PXD064518/20221019_Ec_01_SC_CNIC-KI_TMT64.raw	TMT130C	1	1	NT=Orbitrap Eclipse;AC=MS:1003029	NT=Data-dependent acquisition;AC=PRIDE:0000627	NT=Trypsin;AC=MS:1001251	TMT131	not applicable	TMT64	NT=collision-induced dissociation;AC=MS:1000133	NT=beam-type collision-induced dissociation;AC=MS:1000422	not available	375m/z-1500m/z	not available	not available	not applicable	NT=TMT6plex;AC=UNIMOD:737;MT=fixed;PP=Any N-term	NT=TMT6plex;AC=UNIMOD:737;MT=fixed;TA=K;PP=Anywhere	NT=Oxidation;AC=UNIMOD:35;MT=variable;TA=M;PP=Anywhere	NT=Acetyl;AC=UNIMOD:1;MT=variable;PP=Protein N-term	v3.0.0	ms-proteomics v1.1.0	vertebrates v1.1.0	single-cell v1.0.0
PXD064518_TMT64_TMT131	Mus musculus	heart	cardiac muscle cell	not available	cell	carrier	male	not available	adult	not available	pooled	pooled	not applicable	200	not available	mixed control and Myc-overexpressing cardiomyocytes	100 control plus 100 Myc-overexpressing cardiomyocytes	20221019_Ec_01_SC_CNIC-KI_TMT64	proteomic profiling by mass spectrometry	20221019_Ec_01_SC_CNIC-KI_TMT64.raw	ftp://ftp.pride.ebi.ac.uk/pride/data/archive/2026/04/PXD064518/20221019_Ec_01_SC_CNIC-KI_TMT64.raw	TMT131	1	1	NT=Orbitrap Eclipse;AC=MS:1003029	NT=Data-dependent acquisition;AC=PRIDE:0000627	NT=Trypsin;AC=MS:1001251	TMT131	not applicable	TMT64	NT=collision-induced dissociation;AC=MS:1000133	NT=beam-type collision-induced dissociation;AC=MS:1000422	not available	375m/z-1500m/z	not available	not available	not applicable	NT=TMT6plex;AC=UNIMOD:737;MT=fixed;PP=Any N-term	NT=TMT6plex;AC=UNIMOD:737;MT=fixed;TA=K;PP=Anywhere	NT=Oxidation;AC=UNIMOD:35;MT=variable;TA=M;PP=Anywhere	NT=Acetyl;AC=UNIMOD:1;MT=variable;PP=Protein N-term	v3.0.0	ms-proteomics v1.1.0	vertebrates v1.1.0	single-cell v1.0.0
PXD064518_TMT65_TMT126	Mus musculus	heart	cardiac muscle cell	not available	cell	single cell	male	not available	adult	not available	not available	not pooled	PXD064518_TMT65_TMT126	1	manual picking	not available	one cardiomyocyte; channel-to-genotype assignment unavailable	20221019_Ec_01_SC_CNIC-KI_TMT65	proteomic profiling by mass spectrometry	20221019_Ec_01_SC_CNIC-KI_TMT65.raw	ftp://ftp.pride.ebi.ac.uk/pride/data/archive/2026/04/PXD064518/20221019_Ec_01_SC_CNIC-KI_TMT65.raw	TMT126	1	1	NT=Orbitrap Eclipse;AC=MS:1003029	NT=Data-dependent acquisition;AC=PRIDE:0000627	NT=Trypsin;AC=MS:1001251	TMT131	not applicable	TMT65	NT=collision-induced dissociation;AC=MS:1000133	NT=beam-type collision-induced dissociation;AC=MS:1000422	not available	375m/z-1500m/z	not available	not available	not applicable	NT=TMT6plex;AC=UNIMOD:737;MT=fixed;PP=Any N-term	NT=TMT6plex;AC=UNIMOD:737;MT=fixed;TA=K;PP=Anywhere	NT=Oxidation;AC=UNIMOD:35;MT=variable;TA=M;PP=Anywhere	NT=Acetyl;AC=UNIMOD:1;MT=variable;PP=Protein N-term	v3.0.0	ms-proteomics v1.1.0	vertebrates v1.1.0	single-cell v1.0.0
PXD064518_TMT65_TMT127N	Mus musculus	heart	cardiac muscle cell	not available	cell	single cell	male	not available	adult	not available	not available	not pooled	PXD064518_TMT65_TMT127N	1	manual picking	not available	one cardiomyocyte; channel-to-genotype assignment unavailable	20221019_Ec_01_SC_CNIC-KI_TMT65	proteomic profiling by mass spectrometry	20221019_Ec_01_SC_CNIC-KI_TMT65.raw	ftp://ftp.pride.ebi.ac.uk/pride/data/archive/2026/04/PXD064518/20221019_Ec_01_SC_CNIC-KI_TMT65.raw	TMT127N	1	1	NT=Orbitrap Eclipse;AC=MS:1003029	NT=Data-dependent acquisition;AC=PRIDE:0000627	NT=Trypsin;AC=MS:1001251	TMT131	not applicable	TMT65	NT=collision-induced dissociation;AC=MS:1000133	NT=beam-type collision-induced dissociation;AC=MS:1000422	not available	375m/z-1500m/z	not available	not available	not applicable	NT=TMT6plex;AC=UNIMOD:737;MT=fixed;PP=Any N-term	NT=TMT6plex;AC=UNIMOD:737;MT=fixed;TA=K;PP=Anywhere	NT=Oxidation;AC=UNIMOD:35;MT=variable;TA=M;PP=Anywhere	NT=Acetyl;AC=UNIMOD:1;MT=variable;PP=Protein N-term	v3.0.0	ms-proteomics v1.1.0	vertebrates v1.1.0	single-cell v1.0.0
PXD064518_TMT65_TMT127C	Mus musculus	heart	cardiac muscle cell	not available	cell	single cell	male	not available	adult	not available	not available	not pooled	PXD064518_TMT65_TMT127C	1	manual picking	not available	one cardiomyocyte; channel-to-genotype assignment unavailable	20221019_Ec_01_SC_CNIC-KI_TMT65	proteomic profiling by mass spectrometry	20221019_Ec_01_SC_CNIC-KI_TMT65.raw	ftp://ftp.pride.ebi.ac.uk/pride/data/archive/2026/04/PXD064518/20221019_Ec_01_SC_CNIC-KI_TMT65.raw	TMT127C	1	1	NT=Orbitrap Eclipse;AC=MS:1003029	NT=Data-dependent acquisition;AC=PRIDE:0000627	NT=Trypsin;AC=MS:1001251	TMT131	not applicable	TMT65	NT=collision-induced dissociation;AC=MS:1000133	NT=beam-type collision-induced dissociation;AC=MS:1000422	not available	375m/z-1500m/z	not available	not available	not applicable	NT=TMT6plex;AC=UNIMOD:737;MT=fixed;PP=Any N-term	NT=TMT6plex;AC=UNIMOD:737;MT=fixed;TA=K;PP=Anywhere	NT=Oxidation;AC=UNIMOD:35;MT=variable;TA=M;PP=Anywhere	NT=Acetyl;AC=UNIMOD:1;MT=variable;PP=Protein N-term	v3.0.0	ms-proteomics v1.1.0	vertebrates v1.1.0	single-cell v1.0.0
PXD064518_TMT65_TMT128N	Mus musculus	heart	cardiac muscle cell	not available	cell	single cell	male	not available	adult	not available	not available	not pooled	PXD064518_TMT65_TMT128N	1	manual picking	not available	one cardiomyocyte; channel-to-genotype assignment unavailable	20221019_Ec_01_SC_CNIC-KI_TMT65	proteomic profiling by mass spectrometry	20221019_Ec_01_SC_CNIC-KI_TMT65.raw	ftp://ftp.pride.ebi.ac.uk/pride/data/archive/2026/04/PXD064518/20221019_Ec_01_SC_CNIC-KI_TMT65.raw	TMT128N	1	1	NT=Orbitrap Eclipse;AC=MS:1003029	NT=Data-dependent acquisition;AC=PRIDE:0000627	NT=Trypsin;AC=MS:1001251	TMT131	not applicable	TMT65	NT=collision-induced dissociation;AC=MS:1000133	NT=beam-type collision-induced dissociation;AC=MS:1000422	not available	375m/z-1500m/z	not available	not available	not applicable	NT=TMT6plex;AC=UNIMOD:737;MT=fixed;PP=Any N-term	NT=TMT6plex;AC=UNIMOD:737;MT=fixed;TA=K;PP=Anywhere	NT=Oxidation;AC=UNIMOD:35;MT=variable;TA=M;PP=Anywhere	NT=Acetyl;AC=UNIMOD:1;MT=variable;PP=Protein N-term	v3.0.0	ms-proteomics v1.1.0	vertebrates v1.1.0	single-cell v1.0.0
PXD064518_TMT65_TMT128C	Mus musculus	heart	cardiac muscle cell	not available	cell	single cell	male	not available	adult	not available	not available	not pooled	PXD064518_TMT65_TMT128C	1	manual picking	not available	one cardiomyocyte; channel-to-genotype assignment unavailable	20221019_Ec_01_SC_CNIC-KI_TMT65	proteomic profiling by mass spectrometry	20221019_Ec_01_SC_CNIC-KI_TMT65.raw	ftp://ftp.pride.ebi.ac.uk/pride/data/archive/2026/04/PXD064518/20221019_Ec_01_SC_CNIC-KI_TMT65.raw	TMT128C	1	1	NT=Orbitrap Eclipse;AC=MS:1003029	NT=Data-dependent acquisition;AC=PRIDE:0000627	NT=Trypsin;AC=MS:1001251	TMT131	not applicable	TMT65	NT=collision-induced dissociation;AC=MS:1000133	NT=beam-type collision-induced dissociation;AC=MS:1000422	not available	375m/z-1500m/z	not available	not available	not applicable	NT=TMT6plex;AC=UNIMOD:737;MT=fixed;PP=Any N-term	NT=TMT6plex;AC=UNIMOD:737;MT=fixed;TA=K;PP=Anywhere	NT=Oxidation;AC=UNIMOD:35;MT=variable;TA=M;PP=Anywhere	NT=Acetyl;AC=UNIMOD:1;MT=variable;PP=Protein N-term	v3.0.0	ms-proteomics v1.1.0	vertebrates v1.1.0	single-cell v1.0.0
PXD064518_TMT65_TMT129N	Mus musculus	heart	cardiac muscle cell	not available	cell	single cell	male	not available	adult	not available	not available	not pooled	PXD064518_TMT65_TMT129N	1	manual picking	not available	one cardiomyocyte; channel-to-genotype assignment unavailable	20221019_Ec_01_SC_CNIC-KI_TMT65	proteomic profiling by mass spectrometry	20221019_Ec_01_SC_CNIC-KI_TMT65.raw	ftp://ftp.pride.ebi.ac.uk/pride/data/archive/2026/04/PXD064518/20221019_Ec_01_SC_CNIC-KI_TMT65.raw	TMT129N	1	1	NT=Orbitrap Eclipse;AC=MS:1003029	NT=Data-dependent acquisition;AC=PRIDE:0000627	NT=Trypsin;AC=MS:1001251	TMT131	not applicable	TMT65	NT=collision-induced dissociation;AC=MS:1000133	NT=beam-type collision-induced dissociation;AC=MS:1000422	not available	375m/z-1500m/z	not available	not available	not applicable	NT=TMT6plex;AC=UNIMOD:737;MT=fixed;PP=Any N-term	NT=TMT6plex;AC=UNIMOD:737;MT=fixed;TA=K;PP=Anywhere	NT=Oxidation;AC=UNIMOD:35;MT=variable;TA=M;PP=Anywhere	NT=Acetyl;AC=UNIMOD:1;MT=variable;PP=Protein N-term	v3.0.0	ms-proteomics v1.1.0	vertebrates v1.1.0	single-cell v1.0.0
PXD064518_TMT65_TMT129C	Mus musculus	heart	cardiac muscle cell	not available	cell	single cell	male	not available	adult	not available	not available	not pooled	PXD064518_TMT65_TMT129C	1	manual picking	not available	one cardiomyocyte; channel-to-genotype assignment unavailable	20221019_Ec_01_SC_CNIC-KI_TMT65	proteomic profiling by mass spectrometry	20221019_Ec_01_SC_CNIC-KI_TMT65.raw	ftp://ftp.pride.ebi.ac.uk/pride/data/archive/2026/04/PXD064518/20221019_Ec_01_SC_CNIC-KI_TMT65.raw	TMT129C	1	1	NT=Orbitrap Eclipse;AC=MS:1003029	NT=Data-dependent acquisition;AC=PRIDE:0000627	NT=Trypsin;AC=MS:1001251	TMT131	not applicable	TMT65	NT=collision-induced dissociation;AC=MS:1000133	NT=beam-type collision-induced dissociation;AC=MS:1000422	not available	375m/z-1500m/z	not available	not available	not applicable	NT=TMT6plex;AC=UNIMOD:737;MT=fixed;PP=Any N-term	NT=TMT6plex;AC=UNIMOD:737;MT=fixed;TA=K;PP=Anywhere	NT=Oxidation;AC=UNIMOD:35;MT=variable;TA=M;PP=Anywhere	NT=Acetyl;AC=UNIMOD:1;MT=variable;PP=Protein N-term	v3.0.0	ms-proteomics v1.1.0	vertebrates v1.1.0	single-cell v1.0.0
PXD064518_TMT65_TMT130C	Mus musculus	heart	cardiac muscle cell	not available	cell	single cell	male	not available	adult	not available	not available	not pooled	PXD064518_TMT65_TMT130C	1	manual picking	not available	one cardiomyocyte; channel-to-genotype assignment unavailable	20221019_Ec_01_SC_CNIC-KI_TMT65	proteomic profiling by mass spectrometry	20221019_Ec_01_SC_CNIC-KI_TMT65.raw	ftp://ftp.pride.ebi.ac.uk/pride/data/archive/2026/04/PXD064518/20221019_Ec_01_SC_CNIC-KI_TMT65.raw	TMT130C	1	1	NT=Orbitrap Eclipse;AC=MS:1003029	NT=Data-dependent acquisition;AC=PRIDE:0000627	NT=Trypsin;AC=MS:1001251	TMT131	not applicable	TMT65	NT=collision-induced dissociation;AC=MS:1000133	NT=beam-type collision-induced dissociation;AC=MS:1000422	not available	375m/z-1500m/z	not available	not available	not applicable	NT=TMT6plex;AC=UNIMOD:737;MT=fixed;PP=Any N-term	NT=TMT6plex;AC=UNIMOD:737;MT=fixed;TA=K;PP=Anywhere	NT=Oxidation;AC=UNIMOD:35;MT=variable;TA=M;PP=Anywhere	NT=Acetyl;AC=UNIMOD:1;MT=variable;PP=Protein N-term	v3.0.0	ms-proteomics v1.1.0	vertebrates v1.1.0	single-cell v1.0.0
PXD064518_TMT65_TMT131	Mus musculus	heart	cardiac muscle cell	not available	cell	carrier	male	not available	adult	not available	pooled	pooled	not applicable	200	not available	mixed control and Myc-overexpressing cardiomyocytes	100 control plus 100 Myc-overexpressing cardiomyocytes	20221019_Ec_01_SC_CNIC-KI_TMT65	proteomic profiling by mass spectrometry	20221019_Ec_01_SC_CNIC-KI_TMT65.raw	ftp://ftp.pride.ebi.ac.uk/pride/data/archive/2026/04/PXD064518/20221019_Ec_01_SC_CNIC-KI_TMT65.raw	TMT131	1	1	NT=Orbitrap Eclipse;AC=MS:1003029	NT=Data-dependent acquisition;AC=PRIDE:0000627	NT=Trypsin;AC=MS:1001251	TMT131	not applicable	TMT65	NT=collision-induced dissociation;AC=MS:1000133	NT=beam-type collision-induced dissociation;AC=MS:1000422	not available	375m/z-1500m/z	not available	not available	not applicable	NT=TMT6plex;AC=UNIMOD:737;MT=fixed;PP=Any N-term	NT=TMT6plex;AC=UNIMOD:737;MT=fixed;TA=K;PP=Anywhere	NT=Oxidation;AC=UNIMOD:35;MT=variable;TA=M;PP=Anywhere	NT=Acetyl;AC=UNIMOD:1;MT=variable;PP=Protein N-term	v3.0.0	ms-proteomics v1.1.0	vertebrates v1.1.0	single-cell v1.0.0
PXD064518_TMT67_TMT126	Mus musculus	heart	cardiac muscle cell	not available	cell	single cell	male	not available	adult	not available	not available	not pooled	PXD064518_TMT67_TMT126	1	manual picking	not available	one cardiomyocyte; channel-to-genotype assignment unavailable	20221019_Ec_01_SC_CNIC-KI_TMT67	proteomic profiling by mass spectrometry	20221019_Ec_01_SC_CNIC-KI_TMT67.raw	ftp://ftp.pride.ebi.ac.uk/pride/data/archive/2026/04/PXD064518/20221019_Ec_01_SC_CNIC-KI_TMT67.raw	TMT126	1	1	NT=Orbitrap Eclipse;AC=MS:1003029	NT=Data-dependent acquisition;AC=PRIDE:0000627	NT=Trypsin;AC=MS:1001251	TMT131	not applicable	TMT67	NT=collision-induced dissociation;AC=MS:1000133	NT=beam-type collision-induced dissociation;AC=MS:1000422	not available	375m/z-1500m/z	not available	not available	not applicable	NT=TMT6plex;AC=UNIMOD:737;MT=fixed;PP=Any N-term	NT=TMT6plex;AC=UNIMOD:737;MT=fixed;TA=K;PP=Anywhere	NT=Oxidation;AC=UNIMOD:35;MT=variable;TA=M;PP=Anywhere	NT=Acetyl;AC=UNIMOD:1;MT=variable;PP=Protein N-term	v3.0.0	ms-proteomics v1.1.0	vertebrates v1.1.0	single-cell v1.0.0
PXD064518_TMT67_TMT127N	Mus musculus	heart	cardiac muscle cell	not available	cell	single cell	male	not available	adult	not available	not available	not pooled	PXD064518_TMT67_TMT127N	1	manual picking	not available	one cardiomyocyte; channel-to-genotype assignment unavailable	20221019_Ec_01_SC_CNIC-KI_TMT67	proteomic profiling by mass spectrometry	20221019_Ec_01_SC_CNIC-KI_TMT67.raw	ftp://ftp.pride.ebi.ac.uk/pride/data/archive/2026/04/PXD064518/20221019_Ec_01_SC_CNIC-KI_TMT67.raw	TMT127N	1	1	NT=Orbitrap Eclipse;AC=MS:1003029	NT=Data-dependent acquisition;AC=PRIDE:0000627	NT=Trypsin;AC=MS:1001251	TMT131	not applicable	TMT67	NT=collision-induced dissociation;AC=MS:1000133	NT=beam-type collision-induced dissociation;AC=MS:1000422	not available	375m/z-1500m/z	not available	not available	not applicable	NT=TMT6plex;AC=UNIMOD:737;MT=fixed;PP=Any N-term	NT=TMT6plex;AC=UNIMOD:737;MT=fixed;TA=K;PP=Anywhere	NT=Oxidation;AC=UNIMOD:35;MT=variable;TA=M;PP=Anywhere	NT=Acetyl;AC=UNIMOD:1;MT=variable;PP=Protein N-term	v3.0.0	ms-proteomics v1.1.0	vertebrates v1.1.0	single-cell v1.0.0
PXD064518_TMT67_TMT127C	Mus musculus	heart	cardiac muscle cell	not available	cell	single cell	male	not available	adult	not available	not available	not pooled	PXD064518_TMT67_TMT127C	1	manual picking	not available	one cardiomyocyte; channel-to-genotype assignment unavailable	20221019_Ec_01_SC_CNIC-KI_TMT67	proteomic profiling by mass spectrometry	20221019_Ec_01_SC_CNIC-KI_TMT67.raw	ftp://ftp.pride.ebi.ac.uk/pride/data/archive/2026/04/PXD064518/20221019_Ec_01_SC_CNIC-KI_TMT67.raw	TMT127C	1	1	NT=Orbitrap Eclipse;AC=MS:1003029	NT=Data-dependent acquisition;AC=PRIDE:0000627	NT=Trypsin;AC=MS:1001251	TMT131	not applicable	TMT67	NT=collision-induced dissociation;AC=MS:1000133	NT=beam-type collision-induced dissociation;AC=MS:1000422	not available	375m/z-1500m/z	not available	not available	not applicable	NT=TMT6plex;AC=UNIMOD:737;MT=fixed;PP=Any N-term	NT=TMT6plex;AC=UNIMOD:737;MT=fixed;TA=K;PP=Anywhere	NT=Oxidation;AC=UNIMOD:35;MT=variable;TA=M;PP=Anywhere	NT=Acetyl;AC=UNIMOD:1;MT=variable;PP=Protein N-term	v3.0.0	ms-proteomics v1.1.0	vertebrates v1.1.0	single-cell v1.0.0
PXD064518_TMT67_TMT128N	Mus musculus	heart	cardiac muscle cell	not available	cell	single cell	male	not available	adult	not available	not available	not pooled	PXD064518_TMT67_TMT128N	1	manual picking	not available	one cardiomyocyte; channel-to-genotype assignment unavailable	20221019_Ec_01_SC_CNIC-KI_TMT67	proteomic profiling by mass spectrometry	20221019_Ec_01_SC_CNIC-KI_TMT67.raw	ftp://ftp.pride.ebi.ac.uk/pride/data/archive/2026/04/PXD064518/20221019_Ec_01_SC_CNIC-KI_TMT67.raw	TMT128N	1	1	NT=Orbitrap Eclipse;AC=MS:1003029	NT=Data-dependent acquisition;AC=PRIDE:0000627	NT=Trypsin;AC=MS:1001251	TMT131	not applicable	TMT67	NT=collision-induced dissociation;AC=MS:1000133	NT=beam-type collision-induced dissociation;AC=MS:1000422	not available	375m/z-1500m/z	not available	not available	not applicable	NT=TMT6plex;AC=UNIMOD:737;MT=fixed;PP=Any N-term	NT=TMT6plex;AC=UNIMOD:737;MT=fixed;TA=K;PP=Anywhere	NT=Oxidation;AC=UNIMOD:35;MT=variable;TA=M;PP=Anywhere	NT=Acetyl;AC=UNIMOD:1;MT=variable;PP=Protein N-term	v3.0.0	ms-proteomics v1.1.0	vertebrates v1.1.0	single-cell v1.0.0
PXD064518_TMT67_TMT128C	Mus musculus	heart	cardiac muscle cell	not available	cell	single cell	male	not available	adult	not available	not available	not pooled	PXD064518_TMT67_TMT128C	1	manual picking	not available	one cardiomyocyte; channel-to-genotype assignment unavailable	20221019_Ec_01_SC_CNIC-KI_TMT67	proteomic profiling by mass spectrometry	20221019_Ec_01_SC_CNIC-KI_TMT67.raw	ftp://ftp.pride.ebi.ac.uk/pride/data/archive/2026/04/PXD064518/20221019_Ec_01_SC_CNIC-KI_TMT67.raw	TMT128C	1	1	NT=Orbitrap Eclipse;AC=MS:1003029	NT=Data-dependent acquisition;AC=PRIDE:0000627	NT=Trypsin;AC=MS:1001251	TMT131	not applicable	TMT67	NT=collision-induced dissociation;AC=MS:1000133	NT=beam-type collision-induced dissociation;AC=MS:1000422	not available	375m/z-1500m/z	not available	not available	not applicable	NT=TMT6plex;AC=UNIMOD:737;MT=fixed;PP=Any N-term	NT=TMT6plex;AC=UNIMOD:737;MT=fixed;TA=K;PP=Anywhere	NT=Oxidation;AC=UNIMOD:35;MT=variable;TA=M;PP=Anywhere	NT=Acetyl;AC=UNIMOD:1;MT=variable;PP=Protein N-term	v3.0.0	ms-proteomics v1.1.0	vertebrates v1.1.0	single-cell v1.0.0
PXD064518_TMT67_TMT129N	Mus musculus	heart	cardiac muscle cell	not available	cell	single cell	male	not available	adult	not available	not available	not pooled	PXD064518_TMT67_TMT129N	1	manual picking	not available	one cardiomyocyte; channel-to-genotype assignment unavailable	20221019_Ec_01_SC_CNIC-KI_TMT67	proteomic profiling by mass spectrometry	20221019_Ec_01_SC_CNIC-KI_TMT67.raw	ftp://ftp.pride.ebi.ac.uk/pride/data/archive/2026/04/PXD064518/20221019_Ec_01_SC_CNIC-KI_TMT67.raw	TMT129N	1	1	NT=Orbitrap Eclipse;AC=MS:1003029	NT=Data-dependent acquisition;AC=PRIDE:0000627	NT=Trypsin;AC=MS:1001251	TMT131	not applicable	TMT67	NT=collision-induced dissociation;AC=MS:1000133	NT=beam-type collision-induced dissociation;AC=MS:1000422	not available	375m/z-1500m/z	not available	not available	not applicable	NT=TMT6plex;AC=UNIMOD:737;MT=fixed;PP=Any N-term	NT=TMT6plex;AC=UNIMOD:737;MT=fixed;TA=K;PP=Anywhere	NT=Oxidation;AC=UNIMOD:35;MT=variable;TA=M;PP=Anywhere	NT=Acetyl;AC=UNIMOD:1;MT=variable;PP=Protein N-term	v3.0.0	ms-proteomics v1.1.0	vertebrates v1.1.0	single-cell v1.0.0
PXD064518_TMT67_TMT129C	Mus musculus	heart	cardiac muscle cell	not available	cell	single cell	male	not available	adult	not available	not available	not pooled	PXD064518_TMT67_TMT129C	1	manual picking	not available	one cardiomyocyte; channel-to-genotype assignment unavailable	20221019_Ec_01_SC_CNIC-KI_TMT67	proteomic profiling by mass spectrometry	20221019_Ec_01_SC_CNIC-KI_TMT67.raw	ftp://ftp.pride.ebi.ac.uk/pride/data/archive/2026/04/PXD064518/20221019_Ec_01_SC_CNIC-KI_TMT67.raw	TMT129C	1	1	NT=Orbitrap Eclipse;AC=MS:1003029	NT=Data-dependent acquisition;AC=PRIDE:0000627	NT=Trypsin;AC=MS:1001251	TMT131	not applicable	TMT67	NT=collision-induced dissociation;AC=MS:1000133	NT=beam-type collision-induced dissociation;AC=MS:1000422	not available	375m/z-1500m/z	not available	not available	not applicable	NT=TMT6plex;AC=UNIMOD:737;MT=fixed;PP=Any N-term	NT=TMT6plex;AC=UNIMOD:737;MT=fixed;TA=K;PP=Anywhere	NT=Oxidation;AC=UNIMOD:35;MT=variable;TA=M;PP=Anywhere	NT=Acetyl;AC=UNIMOD:1;MT=variable;PP=Protein N-term	v3.0.0	ms-proteomics v1.1.0	vertebrates v1.1.0	single-cell v1.0.0
PXD064518_TMT67_TMT130C	Mus musculus	heart	cardiac muscle cell	not available	cell	single cell	male	not available	adult	not available	not available	not pooled	PXD064518_TMT67_TMT130C	1	manual picking	not available	one cardiomyocyte; channel-to-genotype assignment unavailable	20221019_Ec_01_SC_CNIC-KI_TMT67	proteomic profiling by mass spectrometry	20221019_Ec_01_SC_CNIC-KI_TMT67.raw	ftp://ftp.pride.ebi.ac.uk/pride/data/archive/2026/04/PXD064518/20221019_Ec_01_SC_CNIC-KI_TMT67.raw	TMT130C	1	1	NT=Orbitrap Eclipse;AC=MS:1003029	NT=Data-dependent acquisition;AC=PRIDE:0000627	NT=Trypsin;AC=MS:1001251	TMT131	not applicable	TMT67	NT=collision-induced dissociation;AC=MS:1000133	NT=beam-type collision-induced dissociation;AC=MS:1000422	not available	375m/z-1500m/z	not available	not available	not applicable	NT=TMT6plex;AC=UNIMOD:737;MT=fixed;PP=Any N-term	NT=TMT6plex;AC=UNIMOD:737;MT=fixed;TA=K;PP=Anywhere	NT=Oxidation;AC=UNIMOD:35;MT=variable;TA=M;PP=Anywhere	NT=Acetyl;AC=UNIMOD:1;MT=variable;PP=Protein N-term	v3.0.0	ms-proteomics v1.1.0	vertebrates v1.1.0	single-cell v1.0.0
PXD064518_TMT67_TMT131	Mus musculus	heart	cardiac muscle cell	not available	cell	carrier	male	not available	adult	not available	pooled	pooled	not applicable	200	not available	mixed control and Myc-overexpressing cardiomyocytes	100 control plus 100 Myc-overexpressing cardiomyocytes	20221019_Ec_01_SC_CNIC-KI_TMT67	proteomic profiling by mass spectrometry	20221019_Ec_01_SC_CNIC-KI_TMT67.raw	ftp://ftp.pride.ebi.ac.uk/pride/data/archive/2026/04/PXD064518/20221019_Ec_01_SC_CNIC-KI_TMT67.raw	TMT131	1	1	NT=Orbitrap Eclipse;AC=MS:1003029	NT=Data-dependent acquisition;AC=PRIDE:0000627	NT=Trypsin;AC=MS:1001251	TMT131	not applicable	TMT67	NT=collision-induced dissociation;AC=MS:1000133	NT=beam-type collision-induced dissociation;AC=MS:1000422	not available	375m/z-1500m/z	not available	not available	not applicable	NT=TMT6plex;AC=UNIMOD:737;MT=fixed;PP=Any N-term	NT=TMT6plex;AC=UNIMOD:737;MT=fixed;TA=K;PP=Anywhere	NT=Oxidation;AC=UNIMOD:35;MT=variable;TA=M;PP=Anywhere	NT=Acetyl;AC=UNIMOD:1;MT=variable;PP=Protein N-term	v3.0.0	ms-proteomics v1.1.0	vertebrates v1.1.0	single-cell v1.0.0
PXD064518_TMT68_TMT126	Mus musculus	heart	cardiac muscle cell	not available	cell	single cell	male	not available	adult	not available	not available	not pooled	PXD064518_TMT68_TMT126	1	manual picking	not available	one cardiomyocyte; channel-to-genotype assignment unavailable	20221019_Ec_01_SC_CNIC-KI_TMT68	proteomic profiling by mass spectrometry	20221019_Ec_01_SC_CNIC-KI_TMT68.raw	ftp://ftp.pride.ebi.ac.uk/pride/data/archive/2026/04/PXD064518/20221019_Ec_01_SC_CNIC-KI_TMT68.raw	TMT126	1	1	NT=Orbitrap Eclipse;AC=MS:1003029	NT=Data-dependent acquisition;AC=PRIDE:0000627	NT=Trypsin;AC=MS:1001251	TMT131	not applicable	TMT68	NT=collision-induced dissociation;AC=MS:1000133	NT=beam-type collision-induced dissociation;AC=MS:1000422	not available	375m/z-1500m/z	not available	not available	not applicable	NT=TMT6plex;AC=UNIMOD:737;MT=fixed;PP=Any N-term	NT=TMT6plex;AC=UNIMOD:737;MT=fixed;TA=K;PP=Anywhere	NT=Oxidation;AC=UNIMOD:35;MT=variable;TA=M;PP=Anywhere	NT=Acetyl;AC=UNIMOD:1;MT=variable;PP=Protein N-term	v3.0.0	ms-proteomics v1.1.0	vertebrates v1.1.0	single-cell v1.0.0
PXD064518_TMT68_TMT127N	Mus musculus	heart	cardiac muscle cell	not available	cell	single cell	male	not available	adult	not available	not available	not pooled	PXD064518_TMT68_TMT127N	1	manual picking	not available	one cardiomyocyte; channel-to-genotype assignment unavailable	20221019_Ec_01_SC_CNIC-KI_TMT68	proteomic profiling by mass spectrometry	20221019_Ec_01_SC_CNIC-KI_TMT68.raw	ftp://ftp.pride.ebi.ac.uk/pride/data/archive/2026/04/PXD064518/20221019_Ec_01_SC_CNIC-KI_TMT68.raw	TMT127N	1	1	NT=Orbitrap Eclipse;AC=MS:1003029	NT=Data-dependent acquisition;AC=PRIDE:0000627	NT=Trypsin;AC=MS:1001251	TMT131	not applicable	TMT68	NT=collision-induced dissociation;AC=MS:1000133	NT=beam-type collision-induced dissociation;AC=MS:1000422	not available	375m/z-1500m/z	not available	not available	not applicable	NT=TMT6plex;AC=UNIMOD:737;MT=fixed;PP=Any N-term	NT=TMT6plex;AC=UNIMOD:737;MT=fixed;TA=K;PP=Anywhere	NT=Oxidation;AC=UNIMOD:35;MT=variable;TA=M;PP=Anywhere	NT=Acetyl;AC=UNIMOD:1;MT=variable;PP=Protein N-term	v3.0.0	ms-proteomics v1.1.0	vertebrates v1.1.0	single-cell v1.0.0
PXD064518_TMT68_TMT127C	Mus musculus	heart	cardiac muscle cell	not available	cell	single cell	male	not available	adult	not available	not available	not pooled	PXD064518_TMT68_TMT127C	1	manual picking	not available	one cardiomyocyte; channel-to-genotype assignment unavailable	20221019_Ec_01_SC_CNIC-KI_TMT68	proteomic profiling by mass spectrometry	20221019_Ec_01_SC_CNIC-KI_TMT68.raw	ftp://ftp.pride.ebi.ac.uk/pride/data/archive/2026/04/PXD064518/20221019_Ec_01_SC_CNIC-KI_TMT68.raw	TMT127C	1	1	NT=Orbitrap Eclipse;AC=MS:1003029	NT=Data-dependent acquisition;AC=PRIDE:0000627	NT=Trypsin;AC=MS:1001251	TMT131	not applicable	TMT68	NT=collision-induced dissociation;AC=MS:1000133	NT=beam-type collision-induced dissociation;AC=MS:1000422	not available	375m/z-1500m/z	not available	not available	not applicable	NT=TMT6plex;AC=UNIMOD:737;MT=fixed;PP=Any N-term	NT=TMT6plex;AC=UNIMOD:737;MT=fixed;TA=K;PP=Anywhere	NT=Oxidation;AC=UNIMOD:35;MT=variable;TA=M;PP=Anywhere	NT=Acetyl;AC=UNIMOD:1;MT=variable;PP=Protein N-term	v3.0.0	ms-proteomics v1.1.0	vertebrates v1.1.0	single-cell v1.0.0
PXD064518_TMT68_TMT128N	Mus musculus	heart	cardiac muscle cell	not available	cell	single cell	male	not available	adult	not available	not available	not pooled	PXD064518_TMT68_TMT128N	1	manual picking	not available	one cardiomyocyte; channel-to-genotype assignment unavailable	20221019_Ec_01_SC_CNIC-KI_TMT68	proteomic profiling by mass spectrometry	20221019_Ec_01_SC_CNIC-KI_TMT68.raw	ftp://ftp.pride.ebi.ac.uk/pride/data/archive/2026/04/PXD064518/20221019_Ec_01_SC_CNIC-KI_TMT68.raw	TMT128N	1	1	NT=Orbitrap Eclipse;AC=MS:1003029	NT=Data-dependent acquisition;AC=PRIDE:0000627	NT=Trypsin;AC=MS:1001251	TMT131	not applicable	TMT68	NT=collision-induced dissociation;AC=MS:1000133	NT=beam-type collision-induced dissociation;AC=MS:1000422	not available	375m/z-1500m/z	not available	not available	not applicable	NT=TMT6plex;AC=UNIMOD:737;MT=fixed;PP=Any N-term	NT=TMT6plex;AC=UNIMOD:737;MT=fixed;TA=K;PP=Anywhere	NT=Oxidation;AC=UNIMOD:35;MT=variable;TA=M;PP=Anywhere	NT=Acetyl;AC=UNIMOD:1;MT=variable;PP=Protein N-term	v3.0.0	ms-proteomics v1.1.0	vertebrates v1.1.0	single-cell v1.0.0
PXD064518_TMT68_TMT128C	Mus musculus	heart	cardiac muscle cell	not available	cell	single cell	male	not available	adult	not available	not available	not pooled	PXD064518_TMT68_TMT128C	1	manual picking	not available	one cardiomyocyte; channel-to-genotype assignment unavailable	20221019_Ec_01_SC_CNIC-KI_TMT68	proteomic profiling by mass spectrometry	20221019_Ec_01_SC_CNIC-KI_TMT68.raw	ftp://ftp.pride.ebi.ac.uk/pride/data/archive/2026/04/PXD064518/20221019_Ec_01_SC_CNIC-KI_TMT68.raw	TMT128C	1	1	NT=Orbitrap Eclipse;AC=MS:1003029	NT=Data-dependent acquisition;AC=PRIDE:0000627	NT=Trypsin;AC=MS:1001251	TMT131	not applicable	TMT68	NT=collision-induced dissociation;AC=MS:1000133	NT=beam-type collision-induced dissociation;AC=MS:1000422	not available	375m/z-1500m/z	not available	not available	not applicable	NT=TMT6plex;AC=UNIMOD:737;MT=fixed;PP=Any N-term	NT=TMT6plex;AC=UNIMOD:737;MT=fixed;TA=K;PP=Anywhere	NT=Oxidation;AC=UNIMOD:35;MT=variable;TA=M;PP=Anywhere	NT=Acetyl;AC=UNIMOD:1;MT=variable;PP=Protein N-term	v3.0.0	ms-proteomics v1.1.0	vertebrates v1.1.0	single-cell v1.0.0
PXD064518_TMT68_TMT129N	Mus musculus	heart	cardiac muscle cell	not available	cell	single cell	male	not available	adult	not available	not available	not pooled	PXD064518_TMT68_TMT129N	1	manual picking	not available	one cardiomyocyte; channel-to-genotype assignment unavailable	20221019_Ec_01_SC_CNIC-KI_TMT68	proteomic profiling by mass spectrometry	20221019_Ec_01_SC_CNIC-KI_TMT68.raw	ftp://ftp.pride.ebi.ac.uk/pride/data/archive/2026/04/PXD064518/20221019_Ec_01_SC_CNIC-KI_TMT68.raw	TMT129N	1	1	NT=Orbitrap Eclipse;AC=MS:1003029	NT=Data-dependent acquisition;AC=PRIDE:0000627	NT=Trypsin;AC=MS:1001251	TMT131	not applicable	TMT68	NT=collision-induced dissociation;AC=MS:1000133	NT=beam-type collision-induced dissociation;AC=MS:1000422	not available	375m/z-1500m/z	not available	not available	not applicable	NT=TMT6plex;AC=UNIMOD:737;MT=fixed;PP=Any N-term	NT=TMT6plex;AC=UNIMOD:737;MT=fixed;TA=K;PP=Anywhere	NT=Oxidation;AC=UNIMOD:35;MT=variable;TA=M;PP=Anywhere	NT=Acetyl;AC=UNIMOD:1;MT=variable;PP=Protein N-term	v3.0.0	ms-proteomics v1.1.0	vertebrates v1.1.0	single-cell v1.0.0
PXD064518_TMT68_TMT129C	Mus musculus	heart	cardiac muscle cell	not available	cell	single cell	male	not available	adult	not available	not available	not pooled	PXD064518_TMT68_TMT129C	1	manual picking	not available	one cardiomyocyte; channel-to-genotype assignment unavailable	20221019_Ec_01_SC_CNIC-KI_TMT68	proteomic profiling by mass spectrometry	20221019_Ec_01_SC_CNIC-KI_TMT68.raw	ftp://ftp.pride.ebi.ac.uk/pride/data/archive/2026/04/PXD064518/20221019_Ec_01_SC_CNIC-KI_TMT68.raw	TMT129C	1	1	NT=Orbitrap Eclipse;AC=MS:1003029	NT=Data-dependent acquisition;AC=PRIDE:0000627	NT=Trypsin;AC=MS:1001251	TMT131	not applicable	TMT68	NT=collision-induced dissociation;AC=MS:1000133	NT=beam-type collision-induced dissociation;AC=MS:1000422	not available	375m/z-1500m/z	not available	not available	not applicable	NT=TMT6plex;AC=UNIMOD:737;MT=fixed;PP=Any N-term	NT=TMT6plex;AC=UNIMOD:737;MT=fixed;TA=K;PP=Anywhere	NT=Oxidation;AC=UNIMOD:35;MT=variable;TA=M;PP=Anywhere	NT=Acetyl;AC=UNIMOD:1;MT=variable;PP=Protein N-term	v3.0.0	ms-proteomics v1.1.0	vertebrates v1.1.0	single-cell v1.0.0
PXD064518_TMT68_TMT130C	Mus musculus	heart	cardiac muscle cell	not available	cell	single cell	male	not available	adult	not available	not available	not pooled	PXD064518_TMT68_TMT130C	1	manual picking	not available	one cardiomyocyte; channel-to-genotype assignment unavailable	20221019_Ec_01_SC_CNIC-KI_TMT68	proteomic profiling by mass spectrometry	20221019_Ec_01_SC_CNIC-KI_TMT68.raw	ftp://ftp.pride.ebi.ac.uk/pride/data/archive/2026/04/PXD064518/20221019_Ec_01_SC_CNIC-KI_TMT68.raw	TMT130C	1	1	NT=Orbitrap Eclipse;AC=MS:1003029	NT=Data-dependent acquisition;AC=PRIDE:0000627	NT=Trypsin;AC=MS:1001251	TMT131	not applicable	TMT68	NT=collision-induced dissociation;AC=MS:1000133	NT=beam-type collision-induced dissociation;AC=MS:1000422	not available	375m/z-1500m/z	not available	not available	not applicable	NT=TMT6plex;AC=UNIMOD:737;MT=fixed;PP=Any N-term	NT=TMT6plex;AC=UNIMOD:737;MT=fixed;TA=K;PP=Anywhere	NT=Oxidation;AC=UNIMOD:35;MT=variable;TA=M;PP=Anywhere	NT=Acetyl;AC=UNIMOD:1;MT=variable;PP=Protein N-term	v3.0.0	ms-proteomics v1.1.0	vertebrates v1.1.0	single-cell v1.0.0
PXD064518_TMT68_TMT131	Mus musculus	heart	cardiac muscle cell	not available	cell	carrier	male	not available	adult	not available	pooled	pooled	not applicable	200	not available	mixed control and Myc-overexpressing cardiomyocytes	100 control plus 100 Myc-overexpressing cardiomyocytes	20221019_Ec_01_SC_CNIC-KI_TMT68	proteomic profiling by mass spectrometry	20221019_Ec_01_SC_CNIC-KI_TMT68.raw	ftp://ftp.pride.ebi.ac.uk/pride/data/archive/2026/04/PXD064518/20221019_Ec_01_SC_CNIC-KI_TMT68.raw	TMT131	1	1	NT=Orbitrap Eclipse;AC=MS:1003029	NT=Data-dependent acquisition;AC=PRIDE:0000627	NT=Trypsin;AC=MS:1001251	TMT131	not applicable	TMT68	NT=collision-induced dissociation;AC=MS:1000133	NT=beam-type collision-induced dissociation;AC=MS:1000422	not available	375m/z-1500m/z	not available	not available	not applicable	NT=TMT6plex;AC=UNIMOD:737;MT=fixed;PP=Any N-term	NT=TMT6plex;AC=UNIMOD:737;MT=fixed;TA=K;PP=Anywhere	NT=Oxidation;AC=UNIMOD:35;MT=variable;TA=M;PP=Anywhere	NT=Acetyl;AC=UNIMOD:1;MT=variable;PP=Protein N-term	v3.0.0	ms-proteomics v1.1.0	vertebrates v1.1.0	single-cell v1.0.0
PXD064518_TMT69_TMT126	Mus musculus	heart	cardiac muscle cell	not available	cell	single cell	male	not available	adult	not available	not available	not pooled	PXD064518_TMT69_TMT126	1	manual picking	not available	one cardiomyocyte; channel-to-genotype assignment unavailable	20221019_Ec_01_SC_CNIC-KI_TMT69	proteomic profiling by mass spectrometry	20221019_Ec_01_SC_CNIC-KI_TMT69.raw	ftp://ftp.pride.ebi.ac.uk/pride/data/archive/2026/04/PXD064518/20221019_Ec_01_SC_CNIC-KI_TMT69.raw	TMT126	1	1	NT=Orbitrap Eclipse;AC=MS:1003029	NT=Data-dependent acquisition;AC=PRIDE:0000627	NT=Trypsin;AC=MS:1001251	TMT131	not applicable	TMT69	NT=collision-induced dissociation;AC=MS:1000133	NT=beam-type collision-induced dissociation;AC=MS:1000422	not available	375m/z-1500m/z	not available	not available	not applicable	NT=TMT6plex;AC=UNIMOD:737;MT=fixed;PP=Any N-term	NT=TMT6plex;AC=UNIMOD:737;MT=fixed;TA=K;PP=Anywhere	NT=Oxidation;AC=UNIMOD:35;MT=variable;TA=M;PP=Anywhere	NT=Acetyl;AC=UNIMOD:1;MT=variable;PP=Protein N-term	v3.0.0	ms-proteomics v1.1.0	vertebrates v1.1.0	single-cell v1.0.0
PXD064518_TMT69_TMT127N	Mus musculus	heart	cardiac muscle cell	not available	cell	single cell	male	not available	adult	not available	not available	not pooled	PXD064518_TMT69_TMT127N	1	manual picking	not available	one cardiomyocyte; channel-to-genotype assignment unavailable	20221019_Ec_01_SC_CNIC-KI_TMT69	proteomic profiling by mass spectrometry	20221019_Ec_01_SC_CNIC-KI_TMT69.raw	ftp://ftp.pride.ebi.ac.uk/pride/data/archive/2026/04/PXD064518/20221019_Ec_01_SC_CNIC-KI_TMT69.raw	TMT127N	1	1	NT=Orbitrap Eclipse;AC=MS:1003029	NT=Data-dependent acquisition;AC=PRIDE:0000627	NT=Trypsin;AC=MS:1001251	TMT131	not applicable	TMT69	NT=collision-induced dissociation;AC=MS:1000133	NT=beam-type collision-induced dissociation;AC=MS:1000422	not available	375m/z-1500m/z	not available	not available	not applicable	NT=TMT6plex;AC=UNIMOD:737;MT=fixed;PP=Any N-term	NT=TMT6plex;AC=UNIMOD:737;MT=fixed;TA=K;PP=Anywhere	NT=Oxidation;AC=UNIMOD:35;MT=variable;TA=M;PP=Anywhere	NT=Acetyl;AC=UNIMOD:1;MT=variable;PP=Protein N-term	v3.0.0	ms-proteomics v1.1.0	vertebrates v1.1.0	single-cell v1.0.0
PXD064518_TMT69_TMT127C	Mus musculus	heart	cardiac muscle cell	not available	cell	single cell	male	not available	adult	not available	not available	not pooled	PXD064518_TMT69_TMT127C	1	manual picking	not available	one cardiomyocyte; channel-to-genotype assignment unavailable	20221019_Ec_01_SC_CNIC-KI_TMT69	proteomic profiling by mass spectrometry	20221019_Ec_01_SC_CNIC-KI_TMT69.raw	ftp://ftp.pride.ebi.ac.uk/pride/data/archive/2026/04/PXD064518/20221019_Ec_01_SC_CNIC-KI_TMT69.raw	TMT127C	1	1	NT=Orbitrap Eclipse;AC=MS:1003029	NT=Data-dependent acquisition;AC=PRIDE:0000627	NT=Trypsin;AC=MS:1001251	TMT131	not applicable	TMT69	NT=collision-induced dissociation;AC=MS:1000133	NT=beam-type collision-induced dissociation;AC=MS:1000422	not available	375m/z-1500m/z	not available	not available	not applicable	NT=TMT6plex;AC=UNIMOD:737;MT=fixed;PP=Any N-term	NT=TMT6plex;AC=UNIMOD:737;MT=fixed;TA=K;PP=Anywhere	NT=Oxidation;AC=UNIMOD:35;MT=variable;TA=M;PP=Anywhere	NT=Acetyl;AC=UNIMOD:1;MT=variable;PP=Protein N-term	v3.0.0	ms-proteomics v1.1.0	vertebrates v1.1.0	single-cell v1.0.0
PXD064518_TMT69_TMT128N	Mus musculus	heart	cardiac muscle cell	not available	cell	single cell	male	not available	adult	not available	not available	not pooled	PXD064518_TMT69_TMT128N	1	manual picking	not available	one cardiomyocyte; channel-to-genotype assignment unavailable	20221019_Ec_01_SC_CNIC-KI_TMT69	proteomic profiling by mass spectrometry	20221019_Ec_01_SC_CNIC-KI_TMT69.raw	ftp://ftp.pride.ebi.ac.uk/pride/data/archive/2026/04/PXD064518/20221019_Ec_01_SC_CNIC-KI_TMT69.raw	TMT128N	1	1	NT=Orbitrap Eclipse;AC=MS:1003029	NT=Data-dependent acquisition;AC=PRIDE:0000627	NT=Trypsin;AC=MS:1001251	TMT131	not applicable	TMT69	NT=collision-induced dissociation;AC=MS:1000133	NT=beam-type collision-induced dissociation;AC=MS:1000422	not available	375m/z-1500m/z	not available	not available	not applicable	NT=TMT6plex;AC=UNIMOD:737;MT=fixed;PP=Any N-term	NT=TMT6plex;AC=UNIMOD:737;MT=fixed;TA=K;PP=Anywhere	NT=Oxidation;AC=UNIMOD:35;MT=variable;TA=M;PP=Anywhere	NT=Acetyl;AC=UNIMOD:1;MT=variable;PP=Protein N-term	v3.0.0	ms-proteomics v1.1.0	vertebrates v1.1.0	single-cell v1.0.0
PXD064518_TMT69_TMT128C	Mus musculus	heart	cardiac muscle cell	not available	cell	single cell	male	not available	adult	not available	not available	not pooled	PXD064518_TMT69_TMT128C	1	manual picking	not available	one cardiomyocyte; channel-to-genotype assignment unavailable	20221019_Ec_01_SC_CNIC-KI_TMT69	proteomic profiling by mass spectrometry	20221019_Ec_01_SC_CNIC-KI_TMT69.raw	ftp://ftp.pride.ebi.ac.uk/pride/data/archive/2026/04/PXD064518/20221019_Ec_01_SC_CNIC-KI_TMT69.raw	TMT128C	1	1	NT=Orbitrap Eclipse;AC=MS:1003029	NT=Data-dependent acquisition;AC=PRIDE:0000627	NT=Trypsin;AC=MS:1001251	TMT131	not applicable	TMT69	NT=collision-induced dissociation;AC=MS:1000133	NT=beam-type collision-induced dissociation;AC=MS:1000422	not available	375m/z-1500m/z	not available	not available	not applicable	NT=TMT6plex;AC=UNIMOD:737;MT=fixed;PP=Any N-term	NT=TMT6plex;AC=UNIMOD:737;MT=fixed;TA=K;PP=Anywhere	NT=Oxidation;AC=UNIMOD:35;MT=variable;TA=M;PP=Anywhere	NT=Acetyl;AC=UNIMOD:1;MT=variable;PP=Protein N-term	v3.0.0	ms-proteomics v1.1.0	vertebrates v1.1.0	single-cell v1.0.0
PXD064518_TMT69_TMT129N	Mus musculus	heart	cardiac muscle cell	not available	cell	single cell	male	not available	adult	not available	not available	not pooled	PXD064518_TMT69_TMT129N	1	manual picking	not available	one cardiomyocyte; channel-to-genotype assignment unavailable	20221019_Ec_01_SC_CNIC-KI_TMT69	proteomic profiling by mass spectrometry	20221019_Ec_01_SC_CNIC-KI_TMT69.raw	ftp://ftp.pride.ebi.ac.uk/pride/data/archive/2026/04/PXD064518/20221019_Ec_01_SC_CNIC-KI_TMT69.raw	TMT129N	1	1	NT=Orbitrap Eclipse;AC=MS:1003029	NT=Data-dependent acquisition;AC=PRIDE:0000627	NT=Trypsin;AC=MS:1001251	TMT131	not applicable	TMT69	NT=collision-induced dissociation;AC=MS:1000133	NT=beam-type collision-induced dissociation;AC=MS:1000422	not available	375m/z-1500m/z	not available	not available	not applicable	NT=TMT6plex;AC=UNIMOD:737;MT=fixed;PP=Any N-term	NT=TMT6plex;AC=UNIMOD:737;MT=fixed;TA=K;PP=Anywhere	NT=Oxidation;AC=UNIMOD:35;MT=variable;TA=M;PP=Anywhere	NT=Acetyl;AC=UNIMOD:1;MT=variable;PP=Protein N-term	v3.0.0	ms-proteomics v1.1.0	vertebrates v1.1.0	single-cell v1.0.0
PXD064518_TMT69_TMT129C	Mus musculus	heart	cardiac muscle cell	not available	cell	single cell	male	not available	adult	not available	not available	not pooled	PXD064518_TMT69_TMT129C	1	manual picking	not available	one cardiomyocyte; channel-to-genotype assignment unavailable	20221019_Ec_01_SC_CNIC-KI_TMT69	proteomic profiling by mass spectrometry	20221019_Ec_01_SC_CNIC-KI_TMT69.raw	ftp://ftp.pride.ebi.ac.uk/pride/data/archive/2026/04/PXD064518/20221019_Ec_01_SC_CNIC-KI_TMT69.raw	TMT129C	1	1	NT=Orbitrap Eclipse;AC=MS:1003029	NT=Data-dependent acquisition;AC=PRIDE:0000627	NT=Trypsin;AC=MS:1001251	TMT131	not applicable	TMT69	NT=collision-induced dissociation;AC=MS:1000133	NT=beam-type collision-induced dissociation;AC=MS:1000422	not available	375m/z-1500m/z	not available	not available	not applicable	NT=TMT6plex;AC=UNIMOD:737;MT=fixed;PP=Any N-term	NT=TMT6plex;AC=UNIMOD:737;MT=fixed;TA=K;PP=Anywhere	NT=Oxidation;AC=UNIMOD:35;MT=variable;TA=M;PP=Anywhere	NT=Acetyl;AC=UNIMOD:1;MT=variable;PP=Protein N-term	v3.0.0	ms-proteomics v1.1.0	vertebrates v1.1.0	single-cell v1.0.0
PXD064518_TMT69_TMT130C	Mus musculus	heart	cardiac muscle cell	not available	cell	single cell	male	not available	adult	not available	not available	not pooled	PXD064518_TMT69_TMT130C	1	manual picking	not available	one cardiomyocyte; channel-to-genotype assignment unavailable	20221019_Ec_01_SC_CNIC-KI_TMT69	proteomic profiling by mass spectrometry	20221019_Ec_01_SC_CNIC-KI_TMT69.raw	ftp://ftp.pride.ebi.ac.uk/pride/data/archive/2026/04/PXD064518/20221019_Ec_01_SC_CNIC-KI_TMT69.raw	TMT130C	1	1	NT=Orbitrap Eclipse;AC=MS:1003029	NT=Data-dependent acquisition;AC=PRIDE:0000627	NT=Trypsin;AC=MS:1001251	TMT131	not applicable	TMT69	NT=collision-induced dissociation;AC=MS:1000133	NT=beam-type collision-induced dissociation;AC=MS:1000422	not available	375m/z-1500m/z	not available	not available	not applicable	NT=TMT6plex;AC=UNIMOD:737;MT=fixed;PP=Any N-term	NT=TMT6plex;AC=UNIMOD:737;MT=fixed;TA=K;PP=Anywhere	NT=Oxidation;AC=UNIMOD:35;MT=variable;TA=M;PP=Anywhere	NT=Acetyl;AC=UNIMOD:1;MT=variable;PP=Protein N-term	v3.0.0	ms-proteomics v1.1.0	vertebrates v1.1.0	single-cell v1.0.0
PXD064518_TMT69_TMT131	Mus musculus	heart	cardiac muscle cell	not available	cell	carrier	male	not available	adult	not available	pooled	pooled	not applicable	200	not available	mixed control and Myc-overexpressing cardiomyocytes	100 control plus 100 Myc-overexpressing cardiomyocytes	20221019_Ec_01_SC_CNIC-KI_TMT69	proteomic profiling by mass spectrometry	20221019_Ec_01_SC_CNIC-KI_TMT69.raw	ftp://ftp.pride.ebi.ac.uk/pride/data/archive/2026/04/PXD064518/20221019_Ec_01_SC_CNIC-KI_TMT69.raw	TMT131	1	1	NT=Orbitrap Eclipse;AC=MS:1003029	NT=Data-dependent acquisition;AC=PRIDE:0000627	NT=Trypsin;AC=MS:1001251	TMT131	not applicable	TMT69	NT=collision-induced dissociation;AC=MS:1000133	NT=beam-type collision-induced dissociation;AC=MS:1000422	not available	375m/z-1500m/z	not available	not available	not applicable	NT=TMT6plex;AC=UNIMOD:737;MT=fixed;PP=Any N-term	NT=TMT6plex;AC=UNIMOD:737;MT=fixed;TA=K;PP=Anywhere	NT=Oxidation;AC=UNIMOD:35;MT=variable;TA=M;PP=Anywhere	NT=Acetyl;AC=UNIMOD:1;MT=variable;PP=Protein N-term	v3.0.0	ms-proteomics v1.1.0	vertebrates v1.1.0	single-cell v1.0.0
PXD064518_TMT7_TMT126	Mus musculus	heart	cardiac muscle cell	not available	cell	single cell	male	not available	adult	not available	not available	not pooled	PXD064518_TMT7_TMT126	1	manual picking	not available	one cardiomyocyte; channel-to-genotype assignment unavailable	20221019_Ec_01_SC_CNIC-KI_TMT7	proteomic profiling by mass spectrometry	20221019_Ec_01_SC_CNIC-KI_TMT7.raw	ftp://ftp.pride.ebi.ac.uk/pride/data/archive/2026/04/PXD064518/20221019_Ec_01_SC_CNIC-KI_TMT7.raw	TMT126	1	1	NT=Orbitrap Eclipse;AC=MS:1003029	NT=Data-dependent acquisition;AC=PRIDE:0000627	NT=Trypsin;AC=MS:1001251	TMT131	not applicable	TMT7	NT=collision-induced dissociation;AC=MS:1000133	NT=beam-type collision-induced dissociation;AC=MS:1000422	not available	375m/z-1500m/z	not available	not available	not applicable	NT=TMT6plex;AC=UNIMOD:737;MT=fixed;PP=Any N-term	NT=TMT6plex;AC=UNIMOD:737;MT=fixed;TA=K;PP=Anywhere	NT=Oxidation;AC=UNIMOD:35;MT=variable;TA=M;PP=Anywhere	NT=Acetyl;AC=UNIMOD:1;MT=variable;PP=Protein N-term	v3.0.0	ms-proteomics v1.1.0	vertebrates v1.1.0	single-cell v1.0.0
PXD064518_TMT7_TMT127N	Mus musculus	heart	cardiac muscle cell	not available	cell	single cell	male	not available	adult	not available	not available	not pooled	PXD064518_TMT7_TMT127N	1	manual picking	not available	one cardiomyocyte; channel-to-genotype assignment unavailable	20221019_Ec_01_SC_CNIC-KI_TMT7	proteomic profiling by mass spectrometry	20221019_Ec_01_SC_CNIC-KI_TMT7.raw	ftp://ftp.pride.ebi.ac.uk/pride/data/archive/2026/04/PXD064518/20221019_Ec_01_SC_CNIC-KI_TMT7.raw	TMT127N	1	1	NT=Orbitrap Eclipse;AC=MS:1003029	NT=Data-dependent acquisition;AC=PRIDE:0000627	NT=Trypsin;AC=MS:1001251	TMT131	not applicable	TMT7	NT=collision-induced dissociation;AC=MS:1000133	NT=beam-type collision-induced dissociation;AC=MS:1000422	not available	375m/z-1500m/z	not available	not available	not applicable	NT=TMT6plex;AC=UNIMOD:737;MT=fixed;PP=Any N-term	NT=TMT6plex;AC=UNIMOD:737;MT=fixed;TA=K;PP=Anywhere	NT=Oxidation;AC=UNIMOD:35;MT=variable;TA=M;PP=Anywhere	NT=Acetyl;AC=UNIMOD:1;MT=variable;PP=Protein N-term	v3.0.0	ms-proteomics v1.1.0	vertebrates v1.1.0	single-cell v1.0.0
PXD064518_TMT7_TMT127C	Mus musculus	heart	cardiac muscle cell	not available	cell	single cell	male	not available	adult	not available	not available	not pooled	PXD064518_TMT7_TMT127C	1	manual picking	not available	one cardiomyocyte; channel-to-genotype assignment unavailable	20221019_Ec_01_SC_CNIC-KI_TMT7	proteomic profiling by mass spectrometry	20221019_Ec_01_SC_CNIC-KI_TMT7.raw	ftp://ftp.pride.ebi.ac.uk/pride/data/archive/2026/04/PXD064518/20221019_Ec_01_SC_CNIC-KI_TMT7.raw	TMT127C	1	1	NT=Orbitrap Eclipse;AC=MS:1003029	NT=Data-dependent acquisition;AC=PRIDE:0000627	NT=Trypsin;AC=MS:1001251	TMT131	not applicable	TMT7	NT=collision-induced dissociation;AC=MS:1000133	NT=beam-type collision-induced dissociation;AC=MS:1000422	not available	375m/z-1500m/z	not available	not available	not applicable	NT=TMT6plex;AC=UNIMOD:737;MT=fixed;PP=Any N-term	NT=TMT6plex;AC=UNIMOD:737;MT=fixed;TA=K;PP=Anywhere	NT=Oxidation;AC=UNIMOD:35;MT=variable;TA=M;PP=Anywhere	NT=Acetyl;AC=UNIMOD:1;MT=variable;PP=Protein N-term	v3.0.0	ms-proteomics v1.1.0	vertebrates v1.1.0	single-cell v1.0.0
PXD064518_TMT7_TMT128N	Mus musculus	heart	cardiac muscle cell	not available	cell	single cell	male	not available	adult	not available	not available	not pooled	PXD064518_TMT7_TMT128N	1	manual picking	not available	one cardiomyocyte; channel-to-genotype assignment unavailable	20221019_Ec_01_SC_CNIC-KI_TMT7	proteomic profiling by mass spectrometry	20221019_Ec_01_SC_CNIC-KI_TMT7.raw	ftp://ftp.pride.ebi.ac.uk/pride/data/archive/2026/04/PXD064518/20221019_Ec_01_SC_CNIC-KI_TMT7.raw	TMT128N	1	1	NT=Orbitrap Eclipse;AC=MS:1003029	NT=Data-dependent acquisition;AC=PRIDE:0000627	NT=Trypsin;AC=MS:1001251	TMT131	not applicable	TMT7	NT=collision-induced dissociation;AC=MS:1000133	NT=beam-type collision-induced dissociation;AC=MS:1000422	not available	375m/z-1500m/z	not available	not available	not applicable	NT=TMT6plex;AC=UNIMOD:737;MT=fixed;PP=Any N-term	NT=TMT6plex;AC=UNIMOD:737;MT=fixed;TA=K;PP=Anywhere	NT=Oxidation;AC=UNIMOD:35;MT=variable;TA=M;PP=Anywhere	NT=Acetyl;AC=UNIMOD:1;MT=variable;PP=Protein N-term	v3.0.0	ms-proteomics v1.1.0	vertebrates v1.1.0	single-cell v1.0.0
PXD064518_TMT7_TMT128C	Mus musculus	heart	cardiac muscle cell	not available	cell	single cell	male	not available	adult	not available	not available	not pooled	PXD064518_TMT7_TMT128C	1	manual picking	not available	one cardiomyocyte; channel-to-genotype assignment unavailable	20221019_Ec_01_SC_CNIC-KI_TMT7	proteomic profiling by mass spectrometry	20221019_Ec_01_SC_CNIC-KI_TMT7.raw	ftp://ftp.pride.ebi.ac.uk/pride/data/archive/2026/04/PXD064518/20221019_Ec_01_SC_CNIC-KI_TMT7.raw	TMT128C	1	1	NT=Orbitrap Eclipse;AC=MS:1003029	NT=Data-dependent acquisition;AC=PRIDE:0000627	NT=Trypsin;AC=MS:1001251	TMT131	not applicable	TMT7	NT=collision-induced dissociation;AC=MS:1000133	NT=beam-type collision-induced dissociation;AC=MS:1000422	not available	375m/z-1500m/z	not available	not available	not applicable	NT=TMT6plex;AC=UNIMOD:737;MT=fixed;PP=Any N-term	NT=TMT6plex;AC=UNIMOD:737;MT=fixed;TA=K;PP=Anywhere	NT=Oxidation;AC=UNIMOD:35;MT=variable;TA=M;PP=Anywhere	NT=Acetyl;AC=UNIMOD:1;MT=variable;PP=Protein N-term	v3.0.0	ms-proteomics v1.1.0	vertebrates v1.1.0	single-cell v1.0.0
PXD064518_TMT7_TMT129N	Mus musculus	heart	cardiac muscle cell	not available	cell	single cell	male	not available	adult	not available	not available	not pooled	PXD064518_TMT7_TMT129N	1	manual picking	not available	one cardiomyocyte; channel-to-genotype assignment unavailable	20221019_Ec_01_SC_CNIC-KI_TMT7	proteomic profiling by mass spectrometry	20221019_Ec_01_SC_CNIC-KI_TMT7.raw	ftp://ftp.pride.ebi.ac.uk/pride/data/archive/2026/04/PXD064518/20221019_Ec_01_SC_CNIC-KI_TMT7.raw	TMT129N	1	1	NT=Orbitrap Eclipse;AC=MS:1003029	NT=Data-dependent acquisition;AC=PRIDE:0000627	NT=Trypsin;AC=MS:1001251	TMT131	not applicable	TMT7	NT=collision-induced dissociation;AC=MS:1000133	NT=beam-type collision-induced dissociation;AC=MS:1000422	not available	375m/z-1500m/z	not available	not available	not applicable	NT=TMT6plex;AC=UNIMOD:737;MT=fixed;PP=Any N-term	NT=TMT6plex;AC=UNIMOD:737;MT=fixed;TA=K;PP=Anywhere	NT=Oxidation;AC=UNIMOD:35;MT=variable;TA=M;PP=Anywhere	NT=Acetyl;AC=UNIMOD:1;MT=variable;PP=Protein N-term	v3.0.0	ms-proteomics v1.1.0	vertebrates v1.1.0	single-cell v1.0.0
PXD064518_TMT7_TMT129C	Mus musculus	heart	cardiac muscle cell	not available	cell	single cell	male	not available	adult	not available	not available	not pooled	PXD064518_TMT7_TMT129C	1	manual picking	not available	one cardiomyocyte; channel-to-genotype assignment unavailable	20221019_Ec_01_SC_CNIC-KI_TMT7	proteomic profiling by mass spectrometry	20221019_Ec_01_SC_CNIC-KI_TMT7.raw	ftp://ftp.pride.ebi.ac.uk/pride/data/archive/2026/04/PXD064518/20221019_Ec_01_SC_CNIC-KI_TMT7.raw	TMT129C	1	1	NT=Orbitrap Eclipse;AC=MS:1003029	NT=Data-dependent acquisition;AC=PRIDE:0000627	NT=Trypsin;AC=MS:1001251	TMT131	not applicable	TMT7	NT=collision-induced dissociation;AC=MS:1000133	NT=beam-type collision-induced dissociation;AC=MS:1000422	not available	375m/z-1500m/z	not available	not available	not applicable	NT=TMT6plex;AC=UNIMOD:737;MT=fixed;PP=Any N-term	NT=TMT6plex;AC=UNIMOD:737;MT=fixed;TA=K;PP=Anywhere	NT=Oxidation;AC=UNIMOD:35;MT=variable;TA=M;PP=Anywhere	NT=Acetyl;AC=UNIMOD:1;MT=variable;PP=Protein N-term	v3.0.0	ms-proteomics v1.1.0	vertebrates v1.1.0	single-cell v1.0.0
PXD064518_TMT7_TMT130C	Mus musculus	heart	cardiac muscle cell	not available	cell	single cell	male	not available	adult	not available	not available	not pooled	PXD064518_TMT7_TMT130C	1	manual picking	not available	one cardiomyocyte; channel-to-genotype assignment unavailable	20221019_Ec_01_SC_CNIC-KI_TMT7	proteomic profiling by mass spectrometry	20221019_Ec_01_SC_CNIC-KI_TMT7.raw	ftp://ftp.pride.ebi.ac.uk/pride/data/archive/2026/04/PXD064518/20221019_Ec_01_SC_CNIC-KI_TMT7.raw	TMT130C	1	1	NT=Orbitrap Eclipse;AC=MS:1003029	NT=Data-dependent acquisition;AC=PRIDE:0000627	NT=Trypsin;AC=MS:1001251	TMT131	not applicable	TMT7	NT=collision-induced dissociation;AC=MS:1000133	NT=beam-type collision-induced dissociation;AC=MS:1000422	not available	375m/z-1500m/z	not available	not available	not applicable	NT=TMT6plex;AC=UNIMOD:737;MT=fixed;PP=Any N-term	NT=TMT6plex;AC=UNIMOD:737;MT=fixed;TA=K;PP=Anywhere	NT=Oxidation;AC=UNIMOD:35;MT=variable;TA=M;PP=Anywhere	NT=Acetyl;AC=UNIMOD:1;MT=variable;PP=Protein N-term	v3.0.0	ms-proteomics v1.1.0	vertebrates v1.1.0	single-cell v1.0.0
PXD064518_TMT7_TMT131	Mus musculus	heart	cardiac muscle cell	not available	cell	carrier	male	not available	adult	not available	pooled	pooled	not applicable	200	not available	mixed control and Myc-overexpressing cardiomyocytes	100 control plus 100 Myc-overexpressing cardiomyocytes	20221019_Ec_01_SC_CNIC-KI_TMT7	proteomic profiling by mass spectrometry	20221019_Ec_01_SC_CNIC-KI_TMT7.raw	ftp://ftp.pride.ebi.ac.uk/pride/data/archive/2026/04/PXD064518/20221019_Ec_01_SC_CNIC-KI_TMT7.raw	TMT131	1	1	NT=Orbitrap Eclipse;AC=MS:1003029	NT=Data-dependent acquisition;AC=PRIDE:0000627	NT=Trypsin;AC=MS:1001251	TMT131	not applicable	TMT7	NT=collision-induced dissociation;AC=MS:1000133	NT=beam-type collision-induced dissociation;AC=MS:1000422	not available	375m/z-1500m/z	not available	not available	not applicable	NT=TMT6plex;AC=UNIMOD:737;MT=fixed;PP=Any N-term	NT=TMT6plex;AC=UNIMOD:737;MT=fixed;TA=K;PP=Anywhere	NT=Oxidation;AC=UNIMOD:35;MT=variable;TA=M;PP=Anywhere	NT=Acetyl;AC=UNIMOD:1;MT=variable;PP=Protein N-term	v3.0.0	ms-proteomics v1.1.0	vertebrates v1.1.0	single-cell v1.0.0
PXD064518_TMT70A_TMT126	Mus musculus	heart	cardiac muscle cell	not available	cell	single cell	male	not available	adult	not available	not available	not pooled	PXD064518_TMT70A_TMT126	1	manual picking	not available	one cardiomyocyte; channel-to-genotype assignment unavailable	20221019_Ec_01_SC_CNIC-KI_TMT70A	proteomic profiling by mass spectrometry	20221019_Ec_01_SC_CNIC-KI_TMT70A.raw	ftp://ftp.pride.ebi.ac.uk/pride/data/archive/2026/04/PXD064518/20221019_Ec_01_SC_CNIC-KI_TMT70A.raw	TMT126	1	1	NT=Orbitrap Eclipse;AC=MS:1003029	NT=Data-dependent acquisition;AC=PRIDE:0000627	NT=Trypsin;AC=MS:1001251	TMT131	not applicable	TMT70A	NT=collision-induced dissociation;AC=MS:1000133	NT=beam-type collision-induced dissociation;AC=MS:1000422	not available	375m/z-1500m/z	not available	not available	not applicable	NT=TMT6plex;AC=UNIMOD:737;MT=fixed;PP=Any N-term	NT=TMT6plex;AC=UNIMOD:737;MT=fixed;TA=K;PP=Anywhere	NT=Oxidation;AC=UNIMOD:35;MT=variable;TA=M;PP=Anywhere	NT=Acetyl;AC=UNIMOD:1;MT=variable;PP=Protein N-term	v3.0.0	ms-proteomics v1.1.0	vertebrates v1.1.0	single-cell v1.0.0
PXD064518_TMT70A_TMT127N	Mus musculus	heart	cardiac muscle cell	not available	cell	single cell	male	not available	adult	not available	not available	not pooled	PXD064518_TMT70A_TMT127N	1	manual picking	not available	one cardiomyocyte; channel-to-genotype assignment unavailable	20221019_Ec_01_SC_CNIC-KI_TMT70A	proteomic profiling by mass spectrometry	20221019_Ec_01_SC_CNIC-KI_TMT70A.raw	ftp://ftp.pride.ebi.ac.uk/pride/data/archive/2026/04/PXD064518/20221019_Ec_01_SC_CNIC-KI_TMT70A.raw	TMT127N	1	1	NT=Orbitrap Eclipse;AC=MS:1003029	NT=Data-dependent acquisition;AC=PRIDE:0000627	NT=Trypsin;AC=MS:1001251	TMT131	not applicable	TMT70A	NT=collision-induced dissociation;AC=MS:1000133	NT=beam-type collision-induced dissociation;AC=MS:1000422	not available	375m/z-1500m/z	not available	not available	not applicable	NT=TMT6plex;AC=UNIMOD:737;MT=fixed;PP=Any N-term	NT=TMT6plex;AC=UNIMOD:737;MT=fixed;TA=K;PP=Anywhere	NT=Oxidation;AC=UNIMOD:35;MT=variable;TA=M;PP=Anywhere	NT=Acetyl;AC=UNIMOD:1;MT=variable;PP=Protein N-term	v3.0.0	ms-proteomics v1.1.0	vertebrates v1.1.0	single-cell v1.0.0
PXD064518_TMT70A_TMT127C	Mus musculus	heart	cardiac muscle cell	not available	cell	single cell	male	not available	adult	not available	not available	not pooled	PXD064518_TMT70A_TMT127C	1	manual picking	not available	one cardiomyocyte; channel-to-genotype assignment unavailable	20221019_Ec_01_SC_CNIC-KI_TMT70A	proteomic profiling by mass spectrometry	20221019_Ec_01_SC_CNIC-KI_TMT70A.raw	ftp://ftp.pride.ebi.ac.uk/pride/data/archive/2026/04/PXD064518/20221019_Ec_01_SC_CNIC-KI_TMT70A.raw	TMT127C	1	1	NT=Orbitrap Eclipse;AC=MS:1003029	NT=Data-dependent acquisition;AC=PRIDE:0000627	NT=Trypsin;AC=MS:1001251	TMT131	not applicable	TMT70A	NT=collision-induced dissociation;AC=MS:1000133	NT=beam-type collision-induced dissociation;AC=MS:1000422	not available	375m/z-1500m/z	not available	not available	not applicable	NT=TMT6plex;AC=UNIMOD:737;MT=fixed;PP=Any N-term	NT=TMT6plex;AC=UNIMOD:737;MT=fixed;TA=K;PP=Anywhere	NT=Oxidation;AC=UNIMOD:35;MT=variable;TA=M;PP=Anywhere	NT=Acetyl;AC=UNIMOD:1;MT=variable;PP=Protein N-term	v3.0.0	ms-proteomics v1.1.0	vertebrates v1.1.0	single-cell v1.0.0
PXD064518_TMT70A_TMT128N	Mus musculus	heart	cardiac muscle cell	not available	cell	single cell	male	not available	adult	not available	not available	not pooled	PXD064518_TMT70A_TMT128N	1	manual picking	not available	one cardiomyocyte; channel-to-genotype assignment unavailable	20221019_Ec_01_SC_CNIC-KI_TMT70A	proteomic profiling by mass spectrometry	20221019_Ec_01_SC_CNIC-KI_TMT70A.raw	ftp://ftp.pride.ebi.ac.uk/pride/data/archive/2026/04/PXD064518/20221019_Ec_01_SC_CNIC-KI_TMT70A.raw	TMT128N	1	1	NT=Orbitrap Eclipse;AC=MS:1003029	NT=Data-dependent acquisition;AC=PRIDE:0000627	NT=Trypsin;AC=MS:1001251	TMT131	not applicable	TMT70A	NT=collision-induced dissociation;AC=MS:1000133	NT=beam-type collision-induced dissociation;AC=MS:1000422	not available	375m/z-1500m/z	not available	not available	not applicable	NT=TMT6plex;AC=UNIMOD:737;MT=fixed;PP=Any N-term	NT=TMT6plex;AC=UNIMOD:737;MT=fixed;TA=K;PP=Anywhere	NT=Oxidation;AC=UNIMOD:35;MT=variable;TA=M;PP=Anywhere	NT=Acetyl;AC=UNIMOD:1;MT=variable;PP=Protein N-term	v3.0.0	ms-proteomics v1.1.0	vertebrates v1.1.0	single-cell v1.0.0
PXD064518_TMT70A_TMT128C	Mus musculus	heart	cardiac muscle cell	not available	cell	single cell	male	not available	adult	not available	not available	not pooled	PXD064518_TMT70A_TMT128C	1	manual picking	not available	one cardiomyocyte; channel-to-genotype assignment unavailable	20221019_Ec_01_SC_CNIC-KI_TMT70A	proteomic profiling by mass spectrometry	20221019_Ec_01_SC_CNIC-KI_TMT70A.raw	ftp://ftp.pride.ebi.ac.uk/pride/data/archive/2026/04/PXD064518/20221019_Ec_01_SC_CNIC-KI_TMT70A.raw	TMT128C	1	1	NT=Orbitrap Eclipse;AC=MS:1003029	NT=Data-dependent acquisition;AC=PRIDE:0000627	NT=Trypsin;AC=MS:1001251	TMT131	not applicable	TMT70A	NT=collision-induced dissociation;AC=MS:1000133	NT=beam-type collision-induced dissociation;AC=MS:1000422	not available	375m/z-1500m/z	not available	not available	not applicable	NT=TMT6plex;AC=UNIMOD:737;MT=fixed;PP=Any N-term	NT=TMT6plex;AC=UNIMOD:737;MT=fixed;TA=K;PP=Anywhere	NT=Oxidation;AC=UNIMOD:35;MT=variable;TA=M;PP=Anywhere	NT=Acetyl;AC=UNIMOD:1;MT=variable;PP=Protein N-term	v3.0.0	ms-proteomics v1.1.0	vertebrates v1.1.0	single-cell v1.0.0
PXD064518_TMT70A_TMT129N	Mus musculus	heart	cardiac muscle cell	not available	cell	single cell	male	not available	adult	not available	not available	not pooled	PXD064518_TMT70A_TMT129N	1	manual picking	not available	one cardiomyocyte; channel-to-genotype assignment unavailable	20221019_Ec_01_SC_CNIC-KI_TMT70A	proteomic profiling by mass spectrometry	20221019_Ec_01_SC_CNIC-KI_TMT70A.raw	ftp://ftp.pride.ebi.ac.uk/pride/data/archive/2026/04/PXD064518/20221019_Ec_01_SC_CNIC-KI_TMT70A.raw	TMT129N	1	1	NT=Orbitrap Eclipse;AC=MS:1003029	NT=Data-dependent acquisition;AC=PRIDE:0000627	NT=Trypsin;AC=MS:1001251	TMT131	not applicable	TMT70A	NT=collision-induced dissociation;AC=MS:1000133	NT=beam-type collision-induced dissociation;AC=MS:1000422	not available	375m/z-1500m/z	not available	not available	not applicable	NT=TMT6plex;AC=UNIMOD:737;MT=fixed;PP=Any N-term	NT=TMT6plex;AC=UNIMOD:737;MT=fixed;TA=K;PP=Anywhere	NT=Oxidation;AC=UNIMOD:35;MT=variable;TA=M;PP=Anywhere	NT=Acetyl;AC=UNIMOD:1;MT=variable;PP=Protein N-term	v3.0.0	ms-proteomics v1.1.0	vertebrates v1.1.0	single-cell v1.0.0
PXD064518_TMT70A_TMT129C	Mus musculus	heart	cardiac muscle cell	not available	cell	single cell	male	not available	adult	not available	not available	not pooled	PXD064518_TMT70A_TMT129C	1	manual picking	not available	one cardiomyocyte; channel-to-genotype assignment unavailable	20221019_Ec_01_SC_CNIC-KI_TMT70A	proteomic profiling by mass spectrometry	20221019_Ec_01_SC_CNIC-KI_TMT70A.raw	ftp://ftp.pride.ebi.ac.uk/pride/data/archive/2026/04/PXD064518/20221019_Ec_01_SC_CNIC-KI_TMT70A.raw	TMT129C	1	1	NT=Orbitrap Eclipse;AC=MS:1003029	NT=Data-dependent acquisition;AC=PRIDE:0000627	NT=Trypsin;AC=MS:1001251	TMT131	not applicable	TMT70A	NT=collision-induced dissociation;AC=MS:1000133	NT=beam-type collision-induced dissociation;AC=MS:1000422	not available	375m/z-1500m/z	not available	not available	not applicable	NT=TMT6plex;AC=UNIMOD:737;MT=fixed;PP=Any N-term	NT=TMT6plex;AC=UNIMOD:737;MT=fixed;TA=K;PP=Anywhere	NT=Oxidation;AC=UNIMOD:35;MT=variable;TA=M;PP=Anywhere	NT=Acetyl;AC=UNIMOD:1;MT=variable;PP=Protein N-term	v3.0.0	ms-proteomics v1.1.0	vertebrates v1.1.0	single-cell v1.0.0
PXD064518_TMT70A_TMT130C	Mus musculus	heart	cardiac muscle cell	not available	cell	single cell	male	not available	adult	not available	not available	not pooled	PXD064518_TMT70A_TMT130C	1	manual picking	not available	one cardiomyocyte; channel-to-genotype assignment unavailable	20221019_Ec_01_SC_CNIC-KI_TMT70A	proteomic profiling by mass spectrometry	20221019_Ec_01_SC_CNIC-KI_TMT70A.raw	ftp://ftp.pride.ebi.ac.uk/pride/data/archive/2026/04/PXD064518/20221019_Ec_01_SC_CNIC-KI_TMT70A.raw	TMT130C	1	1	NT=Orbitrap Eclipse;AC=MS:1003029	NT=Data-dependent acquisition;AC=PRIDE:0000627	NT=Trypsin;AC=MS:1001251	TMT131	not applicable	TMT70A	NT=collision-induced dissociation;AC=MS:1000133	NT=beam-type collision-induced dissociation;AC=MS:1000422	not available	375m/z-1500m/z	not available	not available	not applicable	NT=TMT6plex;AC=UNIMOD:737;MT=fixed;PP=Any N-term	NT=TMT6plex;AC=UNIMOD:737;MT=fixed;TA=K;PP=Anywhere	NT=Oxidation;AC=UNIMOD:35;MT=variable;TA=M;PP=Anywhere	NT=Acetyl;AC=UNIMOD:1;MT=variable;PP=Protein N-term	v3.0.0	ms-proteomics v1.1.0	vertebrates v1.1.0	single-cell v1.0.0
PXD064518_TMT70A_TMT131	Mus musculus	heart	cardiac muscle cell	not available	cell	carrier	male	not available	adult	not available	pooled	pooled	not applicable	200	not available	mixed control and Myc-overexpressing cardiomyocytes	100 control plus 100 Myc-overexpressing cardiomyocytes	20221019_Ec_01_SC_CNIC-KI_TMT70A	proteomic profiling by mass spectrometry	20221019_Ec_01_SC_CNIC-KI_TMT70A.raw	ftp://ftp.pride.ebi.ac.uk/pride/data/archive/2026/04/PXD064518/20221019_Ec_01_SC_CNIC-KI_TMT70A.raw	TMT131	1	1	NT=Orbitrap Eclipse;AC=MS:1003029	NT=Data-dependent acquisition;AC=PRIDE:0000627	NT=Trypsin;AC=MS:1001251	TMT131	not applicable	TMT70A	NT=collision-induced dissociation;AC=MS:1000133	NT=beam-type collision-induced dissociation;AC=MS:1000422	not available	375m/z-1500m/z	not available	not available	not applicable	NT=TMT6plex;AC=UNIMOD:737;MT=fixed;PP=Any N-term	NT=TMT6plex;AC=UNIMOD:737;MT=fixed;TA=K;PP=Anywhere	NT=Oxidation;AC=UNIMOD:35;MT=variable;TA=M;PP=Anywhere	NT=Acetyl;AC=UNIMOD:1;MT=variable;PP=Protein N-term	v3.0.0	ms-proteomics v1.1.0	vertebrates v1.1.0	single-cell v1.0.0
PXD064518_TMT70B_TMT126	Mus musculus	heart	cardiac muscle cell	not available	cell	single cell	male	not available	adult	not available	not available	not pooled	PXD064518_TMT70B_TMT126	1	manual picking	not available	one cardiomyocyte; channel-to-genotype assignment unavailable	20221019_Ec_01_SC_CNIC-KI_TMT70B	proteomic profiling by mass spectrometry	20221019_Ec_01_SC_CNIC-KI_TMT70B.raw	ftp://ftp.pride.ebi.ac.uk/pride/data/archive/2026/04/PXD064518/20221019_Ec_01_SC_CNIC-KI_TMT70B.raw	TMT126	1	1	NT=Orbitrap Eclipse;AC=MS:1003029	NT=Data-dependent acquisition;AC=PRIDE:0000627	NT=Trypsin;AC=MS:1001251	TMT131	not applicable	TMT70B	NT=collision-induced dissociation;AC=MS:1000133	NT=beam-type collision-induced dissociation;AC=MS:1000422	not available	375m/z-1500m/z	not available	not available	not applicable	NT=TMT6plex;AC=UNIMOD:737;MT=fixed;PP=Any N-term	NT=TMT6plex;AC=UNIMOD:737;MT=fixed;TA=K;PP=Anywhere	NT=Oxidation;AC=UNIMOD:35;MT=variable;TA=M;PP=Anywhere	NT=Acetyl;AC=UNIMOD:1;MT=variable;PP=Protein N-term	v3.0.0	ms-proteomics v1.1.0	vertebrates v1.1.0	single-cell v1.0.0
PXD064518_TMT70B_TMT127N	Mus musculus	heart	cardiac muscle cell	not available	cell	single cell	male	not available	adult	not available	not available	not pooled	PXD064518_TMT70B_TMT127N	1	manual picking	not available	one cardiomyocyte; channel-to-genotype assignment unavailable	20221019_Ec_01_SC_CNIC-KI_TMT70B	proteomic profiling by mass spectrometry	20221019_Ec_01_SC_CNIC-KI_TMT70B.raw	ftp://ftp.pride.ebi.ac.uk/pride/data/archive/2026/04/PXD064518/20221019_Ec_01_SC_CNIC-KI_TMT70B.raw	TMT127N	1	1	NT=Orbitrap Eclipse;AC=MS:1003029	NT=Data-dependent acquisition;AC=PRIDE:0000627	NT=Trypsin;AC=MS:1001251	TMT131	not applicable	TMT70B	NT=collision-induced dissociation;AC=MS:1000133	NT=beam-type collision-induced dissociation;AC=MS:1000422	not available	375m/z-1500m/z	not available	not available	not applicable	NT=TMT6plex;AC=UNIMOD:737;MT=fixed;PP=Any N-term	NT=TMT6plex;AC=UNIMOD:737;MT=fixed;TA=K;PP=Anywhere	NT=Oxidation;AC=UNIMOD:35;MT=variable;TA=M;PP=Anywhere	NT=Acetyl;AC=UNIMOD:1;MT=variable;PP=Protein N-term	v3.0.0	ms-proteomics v1.1.0	vertebrates v1.1.0	single-cell v1.0.0
PXD064518_TMT70B_TMT127C	Mus musculus	heart	cardiac muscle cell	not available	cell	single cell	male	not available	adult	not available	not available	not pooled	PXD064518_TMT70B_TMT127C	1	manual picking	not available	one cardiomyocyte; channel-to-genotype assignment unavailable	20221019_Ec_01_SC_CNIC-KI_TMT70B	proteomic profiling by mass spectrometry	20221019_Ec_01_SC_CNIC-KI_TMT70B.raw	ftp://ftp.pride.ebi.ac.uk/pride/data/archive/2026/04/PXD064518/20221019_Ec_01_SC_CNIC-KI_TMT70B.raw	TMT127C	1	1	NT=Orbitrap Eclipse;AC=MS:1003029	NT=Data-dependent acquisition;AC=PRIDE:0000627	NT=Trypsin;AC=MS:1001251	TMT131	not applicable	TMT70B	NT=collision-induced dissociation;AC=MS:1000133	NT=beam-type collision-induced dissociation;AC=MS:1000422	not available	375m/z-1500m/z	not available	not available	not applicable	NT=TMT6plex;AC=UNIMOD:737;MT=fixed;PP=Any N-term	NT=TMT6plex;AC=UNIMOD:737;MT=fixed;TA=K;PP=Anywhere	NT=Oxidation;AC=UNIMOD:35;MT=variable;TA=M;PP=Anywhere	NT=Acetyl;AC=UNIMOD:1;MT=variable;PP=Protein N-term	v3.0.0	ms-proteomics v1.1.0	vertebrates v1.1.0	single-cell v1.0.0
PXD064518_TMT70B_TMT128N	Mus musculus	heart	cardiac muscle cell	not available	cell	single cell	male	not available	adult	not available	not available	not pooled	PXD064518_TMT70B_TMT128N	1	manual picking	not available	one cardiomyocyte; channel-to-genotype assignment unavailable	20221019_Ec_01_SC_CNIC-KI_TMT70B	proteomic profiling by mass spectrometry	20221019_Ec_01_SC_CNIC-KI_TMT70B.raw	ftp://ftp.pride.ebi.ac.uk/pride/data/archive/2026/04/PXD064518/20221019_Ec_01_SC_CNIC-KI_TMT70B.raw	TMT128N	1	1	NT=Orbitrap Eclipse;AC=MS:1003029	NT=Data-dependent acquisition;AC=PRIDE:0000627	NT=Trypsin;AC=MS:1001251	TMT131	not applicable	TMT70B	NT=collision-induced dissociation;AC=MS:1000133	NT=beam-type collision-induced dissociation;AC=MS:1000422	not available	375m/z-1500m/z	not available	not available	not applicable	NT=TMT6plex;AC=UNIMOD:737;MT=fixed;PP=Any N-term	NT=TMT6plex;AC=UNIMOD:737;MT=fixed;TA=K;PP=Anywhere	NT=Oxidation;AC=UNIMOD:35;MT=variable;TA=M;PP=Anywhere	NT=Acetyl;AC=UNIMOD:1;MT=variable;PP=Protein N-term	v3.0.0	ms-proteomics v1.1.0	vertebrates v1.1.0	single-cell v1.0.0
PXD064518_TMT70B_TMT128C	Mus musculus	heart	cardiac muscle cell	not available	cell	single cell	male	not available	adult	not available	not available	not pooled	PXD064518_TMT70B_TMT128C	1	manual picking	not available	one cardiomyocyte; channel-to-genotype assignment unavailable	20221019_Ec_01_SC_CNIC-KI_TMT70B	proteomic profiling by mass spectrometry	20221019_Ec_01_SC_CNIC-KI_TMT70B.raw	ftp://ftp.pride.ebi.ac.uk/pride/data/archive/2026/04/PXD064518/20221019_Ec_01_SC_CNIC-KI_TMT70B.raw	TMT128C	1	1	NT=Orbitrap Eclipse;AC=MS:1003029	NT=Data-dependent acquisition;AC=PRIDE:0000627	NT=Trypsin;AC=MS:1001251	TMT131	not applicable	TMT70B	NT=collision-induced dissociation;AC=MS:1000133	NT=beam-type collision-induced dissociation;AC=MS:1000422	not available	375m/z-1500m/z	not available	not available	not applicable	NT=TMT6plex;AC=UNIMOD:737;MT=fixed;PP=Any N-term	NT=TMT6plex;AC=UNIMOD:737;MT=fixed;TA=K;PP=Anywhere	NT=Oxidation;AC=UNIMOD:35;MT=variable;TA=M;PP=Anywhere	NT=Acetyl;AC=UNIMOD:1;MT=variable;PP=Protein N-term	v3.0.0	ms-proteomics v1.1.0	vertebrates v1.1.0	single-cell v1.0.0
PXD064518_TMT70B_TMT129N	Mus musculus	heart	cardiac muscle cell	not available	cell	single cell	male	not available	adult	not available	not available	not pooled	PXD064518_TMT70B_TMT129N	1	manual picking	not available	one cardiomyocyte; channel-to-genotype assignment unavailable	20221019_Ec_01_SC_CNIC-KI_TMT70B	proteomic profiling by mass spectrometry	20221019_Ec_01_SC_CNIC-KI_TMT70B.raw	ftp://ftp.pride.ebi.ac.uk/pride/data/archive/2026/04/PXD064518/20221019_Ec_01_SC_CNIC-KI_TMT70B.raw	TMT129N	1	1	NT=Orbitrap Eclipse;AC=MS:1003029	NT=Data-dependent acquisition;AC=PRIDE:0000627	NT=Trypsin;AC=MS:1001251	TMT131	not applicable	TMT70B	NT=collision-induced dissociation;AC=MS:1000133	NT=beam-type collision-induced dissociation;AC=MS:1000422	not available	375m/z-1500m/z	not available	not available	not applicable	NT=TMT6plex;AC=UNIMOD:737;MT=fixed;PP=Any N-term	NT=TMT6plex;AC=UNIMOD:737;MT=fixed;TA=K;PP=Anywhere	NT=Oxidation;AC=UNIMOD:35;MT=variable;TA=M;PP=Anywhere	NT=Acetyl;AC=UNIMOD:1;MT=variable;PP=Protein N-term	v3.0.0	ms-proteomics v1.1.0	vertebrates v1.1.0	single-cell v1.0.0
PXD064518_TMT70B_TMT129C	Mus musculus	heart	cardiac muscle cell	not available	cell	single cell	male	not available	adult	not available	not available	not pooled	PXD064518_TMT70B_TMT129C	1	manual picking	not available	one cardiomyocyte; channel-to-genotype assignment unavailable	20221019_Ec_01_SC_CNIC-KI_TMT70B	proteomic profiling by mass spectrometry	20221019_Ec_01_SC_CNIC-KI_TMT70B.raw	ftp://ftp.pride.ebi.ac.uk/pride/data/archive/2026/04/PXD064518/20221019_Ec_01_SC_CNIC-KI_TMT70B.raw	TMT129C	1	1	NT=Orbitrap Eclipse;AC=MS:1003029	NT=Data-dependent acquisition;AC=PRIDE:0000627	NT=Trypsin;AC=MS:1001251	TMT131	not applicable	TMT70B	NT=collision-induced dissociation;AC=MS:1000133	NT=beam-type collision-induced dissociation;AC=MS:1000422	not available	375m/z-1500m/z	not available	not available	not applicable	NT=TMT6plex;AC=UNIMOD:737;MT=fixed;PP=Any N-term	NT=TMT6plex;AC=UNIMOD:737;MT=fixed;TA=K;PP=Anywhere	NT=Oxidation;AC=UNIMOD:35;MT=variable;TA=M;PP=Anywhere	NT=Acetyl;AC=UNIMOD:1;MT=variable;PP=Protein N-term	v3.0.0	ms-proteomics v1.1.0	vertebrates v1.1.0	single-cell v1.0.0
PXD064518_TMT70B_TMT130C	Mus musculus	heart	cardiac muscle cell	not available	cell	single cell	male	not available	adult	not available	not available	not pooled	PXD064518_TMT70B_TMT130C	1	manual picking	not available	one cardiomyocyte; channel-to-genotype assignment unavailable	20221019_Ec_01_SC_CNIC-KI_TMT70B	proteomic profiling by mass spectrometry	20221019_Ec_01_SC_CNIC-KI_TMT70B.raw	ftp://ftp.pride.ebi.ac.uk/pride/data/archive/2026/04/PXD064518/20221019_Ec_01_SC_CNIC-KI_TMT70B.raw	TMT130C	1	1	NT=Orbitrap Eclipse;AC=MS:1003029	NT=Data-dependent acquisition;AC=PRIDE:0000627	NT=Trypsin;AC=MS:1001251	TMT131	not applicable	TMT70B	NT=collision-induced dissociation;AC=MS:1000133	NT=beam-type collision-induced dissociation;AC=MS:1000422	not available	375m/z-1500m/z	not available	not available	not applicable	NT=TMT6plex;AC=UNIMOD:737;MT=fixed;PP=Any N-term	NT=TMT6plex;AC=UNIMOD:737;MT=fixed;TA=K;PP=Anywhere	NT=Oxidation;AC=UNIMOD:35;MT=variable;TA=M;PP=Anywhere	NT=Acetyl;AC=UNIMOD:1;MT=variable;PP=Protein N-term	v3.0.0	ms-proteomics v1.1.0	vertebrates v1.1.0	single-cell v1.0.0
PXD064518_TMT70B_TMT131	Mus musculus	heart	cardiac muscle cell	not available	cell	carrier	male	not available	adult	not available	pooled	pooled	not applicable	200	not available	mixed control and Myc-overexpressing cardiomyocytes	100 control plus 100 Myc-overexpressing cardiomyocytes	20221019_Ec_01_SC_CNIC-KI_TMT70B	proteomic profiling by mass spectrometry	20221019_Ec_01_SC_CNIC-KI_TMT70B.raw	ftp://ftp.pride.ebi.ac.uk/pride/data/archive/2026/04/PXD064518/20221019_Ec_01_SC_CNIC-KI_TMT70B.raw	TMT131	1	1	NT=Orbitrap Eclipse;AC=MS:1003029	NT=Data-dependent acquisition;AC=PRIDE:0000627	NT=Trypsin;AC=MS:1001251	TMT131	not applicable	TMT70B	NT=collision-induced dissociation;AC=MS:1000133	NT=beam-type collision-induced dissociation;AC=MS:1000422	not available	375m/z-1500m/z	not available	not available	not applicable	NT=TMT6plex;AC=UNIMOD:737;MT=fixed;PP=Any N-term	NT=TMT6plex;AC=UNIMOD:737;MT=fixed;TA=K;PP=Anywhere	NT=Oxidation;AC=UNIMOD:35;MT=variable;TA=M;PP=Anywhere	NT=Acetyl;AC=UNIMOD:1;MT=variable;PP=Protein N-term	v3.0.0	ms-proteomics v1.1.0	vertebrates v1.1.0	single-cell v1.0.0
PXD064518_TMT71_TMT126	Mus musculus	heart	cardiac muscle cell	not available	cell	single cell	male	not available	adult	not available	not available	not pooled	PXD064518_TMT71_TMT126	1	manual picking	not available	one cardiomyocyte; channel-to-genotype assignment unavailable	20221019_Ec_01_SC_CNIC-KI_TMT71	proteomic profiling by mass spectrometry	20221019_Ec_01_SC_CNIC-KI_TMT71.raw	ftp://ftp.pride.ebi.ac.uk/pride/data/archive/2026/04/PXD064518/20221019_Ec_01_SC_CNIC-KI_TMT71.raw	TMT126	1	1	NT=Orbitrap Eclipse;AC=MS:1003029	NT=Data-dependent acquisition;AC=PRIDE:0000627	NT=Trypsin;AC=MS:1001251	TMT131	not applicable	TMT71	NT=collision-induced dissociation;AC=MS:1000133	NT=beam-type collision-induced dissociation;AC=MS:1000422	not available	375m/z-1500m/z	not available	not available	not applicable	NT=TMT6plex;AC=UNIMOD:737;MT=fixed;PP=Any N-term	NT=TMT6plex;AC=UNIMOD:737;MT=fixed;TA=K;PP=Anywhere	NT=Oxidation;AC=UNIMOD:35;MT=variable;TA=M;PP=Anywhere	NT=Acetyl;AC=UNIMOD:1;MT=variable;PP=Protein N-term	v3.0.0	ms-proteomics v1.1.0	vertebrates v1.1.0	single-cell v1.0.0
PXD064518_TMT71_TMT127N	Mus musculus	heart	cardiac muscle cell	not available	cell	single cell	male	not available	adult	not available	not available	not pooled	PXD064518_TMT71_TMT127N	1	manual picking	not available	one cardiomyocyte; channel-to-genotype assignment unavailable	20221019_Ec_01_SC_CNIC-KI_TMT71	proteomic profiling by mass spectrometry	20221019_Ec_01_SC_CNIC-KI_TMT71.raw	ftp://ftp.pride.ebi.ac.uk/pride/data/archive/2026/04/PXD064518/20221019_Ec_01_SC_CNIC-KI_TMT71.raw	TMT127N	1	1	NT=Orbitrap Eclipse;AC=MS:1003029	NT=Data-dependent acquisition;AC=PRIDE:0000627	NT=Trypsin;AC=MS:1001251	TMT131	not applicable	TMT71	NT=collision-induced dissociation;AC=MS:1000133	NT=beam-type collision-induced dissociation;AC=MS:1000422	not available	375m/z-1500m/z	not available	not available	not applicable	NT=TMT6plex;AC=UNIMOD:737;MT=fixed;PP=Any N-term	NT=TMT6plex;AC=UNIMOD:737;MT=fixed;TA=K;PP=Anywhere	NT=Oxidation;AC=UNIMOD:35;MT=variable;TA=M;PP=Anywhere	NT=Acetyl;AC=UNIMOD:1;MT=variable;PP=Protein N-term	v3.0.0	ms-proteomics v1.1.0	vertebrates v1.1.0	single-cell v1.0.0
PXD064518_TMT71_TMT127C	Mus musculus	heart	cardiac muscle cell	not available	cell	single cell	male	not available	adult	not available	not available	not pooled	PXD064518_TMT71_TMT127C	1	manual picking	not available	one cardiomyocyte; channel-to-genotype assignment unavailable	20221019_Ec_01_SC_CNIC-KI_TMT71	proteomic profiling by mass spectrometry	20221019_Ec_01_SC_CNIC-KI_TMT71.raw	ftp://ftp.pride.ebi.ac.uk/pride/data/archive/2026/04/PXD064518/20221019_Ec_01_SC_CNIC-KI_TMT71.raw	TMT127C	1	1	NT=Orbitrap Eclipse;AC=MS:1003029	NT=Data-dependent acquisition;AC=PRIDE:0000627	NT=Trypsin;AC=MS:1001251	TMT131	not applicable	TMT71	NT=collision-induced dissociation;AC=MS:1000133	NT=beam-type collision-induced dissociation;AC=MS:1000422	not available	375m/z-1500m/z	not available	not available	not applicable	NT=TMT6plex;AC=UNIMOD:737;MT=fixed;PP=Any N-term	NT=TMT6plex;AC=UNIMOD:737;MT=fixed;TA=K;PP=Anywhere	NT=Oxidation;AC=UNIMOD:35;MT=variable;TA=M;PP=Anywhere	NT=Acetyl;AC=UNIMOD:1;MT=variable;PP=Protein N-term	v3.0.0	ms-proteomics v1.1.0	vertebrates v1.1.0	single-cell v1.0.0
PXD064518_TMT71_TMT128N	Mus musculus	heart	cardiac muscle cell	not available	cell	single cell	male	not available	adult	not available	not available	not pooled	PXD064518_TMT71_TMT128N	1	manual picking	not available	one cardiomyocyte; channel-to-genotype assignment unavailable	20221019_Ec_01_SC_CNIC-KI_TMT71	proteomic profiling by mass spectrometry	20221019_Ec_01_SC_CNIC-KI_TMT71.raw	ftp://ftp.pride.ebi.ac.uk/pride/data/archive/2026/04/PXD064518/20221019_Ec_01_SC_CNIC-KI_TMT71.raw	TMT128N	1	1	NT=Orbitrap Eclipse;AC=MS:1003029	NT=Data-dependent acquisition;AC=PRIDE:0000627	NT=Trypsin;AC=MS:1001251	TMT131	not applicable	TMT71	NT=collision-induced dissociation;AC=MS:1000133	NT=beam-type collision-induced dissociation;AC=MS:1000422	not available	375m/z-1500m/z	not available	not available	not applicable	NT=TMT6plex;AC=UNIMOD:737;MT=fixed;PP=Any N-term	NT=TMT6plex;AC=UNIMOD:737;MT=fixed;TA=K;PP=Anywhere	NT=Oxidation;AC=UNIMOD:35;MT=variable;TA=M;PP=Anywhere	NT=Acetyl;AC=UNIMOD:1;MT=variable;PP=Protein N-term	v3.0.0	ms-proteomics v1.1.0	vertebrates v1.1.0	single-cell v1.0.0
PXD064518_TMT71_TMT128C	Mus musculus	heart	cardiac muscle cell	not available	cell	single cell	male	not available	adult	not available	not available	not pooled	PXD064518_TMT71_TMT128C	1	manual picking	not available	one cardiomyocyte; channel-to-genotype assignment unavailable	20221019_Ec_01_SC_CNIC-KI_TMT71	proteomic profiling by mass spectrometry	20221019_Ec_01_SC_CNIC-KI_TMT71.raw	ftp://ftp.pride.ebi.ac.uk/pride/data/archive/2026/04/PXD064518/20221019_Ec_01_SC_CNIC-KI_TMT71.raw	TMT128C	1	1	NT=Orbitrap Eclipse;AC=MS:1003029	NT=Data-dependent acquisition;AC=PRIDE:0000627	NT=Trypsin;AC=MS:1001251	TMT131	not applicable	TMT71	NT=collision-induced dissociation;AC=MS:1000133	NT=beam-type collision-induced dissociation;AC=MS:1000422	not available	375m/z-1500m/z	not available	not available	not applicable	NT=TMT6plex;AC=UNIMOD:737;MT=fixed;PP=Any N-term	NT=TMT6plex;AC=UNIMOD:737;MT=fixed;TA=K;PP=Anywhere	NT=Oxidation;AC=UNIMOD:35;MT=variable;TA=M;PP=Anywhere	NT=Acetyl;AC=UNIMOD:1;MT=variable;PP=Protein N-term	v3.0.0	ms-proteomics v1.1.0	vertebrates v1.1.0	single-cell v1.0.0
PXD064518_TMT71_TMT129N	Mus musculus	heart	cardiac muscle cell	not available	cell	single cell	male	not available	adult	not available	not available	not pooled	PXD064518_TMT71_TMT129N	1	manual picking	not available	one cardiomyocyte; channel-to-genotype assignment unavailable	20221019_Ec_01_SC_CNIC-KI_TMT71	proteomic profiling by mass spectrometry	20221019_Ec_01_SC_CNIC-KI_TMT71.raw	ftp://ftp.pride.ebi.ac.uk/pride/data/archive/2026/04/PXD064518/20221019_Ec_01_SC_CNIC-KI_TMT71.raw	TMT129N	1	1	NT=Orbitrap Eclipse;AC=MS:1003029	NT=Data-dependent acquisition;AC=PRIDE:0000627	NT=Trypsin;AC=MS:1001251	TMT131	not applicable	TMT71	NT=collision-induced dissociation;AC=MS:1000133	NT=beam-type collision-induced dissociation;AC=MS:1000422	not available	375m/z-1500m/z	not available	not available	not applicable	NT=TMT6plex;AC=UNIMOD:737;MT=fixed;PP=Any N-term	NT=TMT6plex;AC=UNIMOD:737;MT=fixed;TA=K;PP=Anywhere	NT=Oxidation;AC=UNIMOD:35;MT=variable;TA=M;PP=Anywhere	NT=Acetyl;AC=UNIMOD:1;MT=variable;PP=Protein N-term	v3.0.0	ms-proteomics v1.1.0	vertebrates v1.1.0	single-cell v1.0.0
PXD064518_TMT71_TMT129C	Mus musculus	heart	cardiac muscle cell	not available	cell	single cell	male	not available	adult	not available	not available	not pooled	PXD064518_TMT71_TMT129C	1	manual picking	not available	one cardiomyocyte; channel-to-genotype assignment unavailable	20221019_Ec_01_SC_CNIC-KI_TMT71	proteomic profiling by mass spectrometry	20221019_Ec_01_SC_CNIC-KI_TMT71.raw	ftp://ftp.pride.ebi.ac.uk/pride/data/archive/2026/04/PXD064518/20221019_Ec_01_SC_CNIC-KI_TMT71.raw	TMT129C	1	1	NT=Orbitrap Eclipse;AC=MS:1003029	NT=Data-dependent acquisition;AC=PRIDE:0000627	NT=Trypsin;AC=MS:1001251	TMT131	not applicable	TMT71	NT=collision-induced dissociation;AC=MS:1000133	NT=beam-type collision-induced dissociation;AC=MS:1000422	not available	375m/z-1500m/z	not available	not available	not applicable	NT=TMT6plex;AC=UNIMOD:737;MT=fixed;PP=Any N-term	NT=TMT6plex;AC=UNIMOD:737;MT=fixed;TA=K;PP=Anywhere	NT=Oxidation;AC=UNIMOD:35;MT=variable;TA=M;PP=Anywhere	NT=Acetyl;AC=UNIMOD:1;MT=variable;PP=Protein N-term	v3.0.0	ms-proteomics v1.1.0	vertebrates v1.1.0	single-cell v1.0.0
PXD064518_TMT71_TMT130C	Mus musculus	heart	cardiac muscle cell	not available	cell	single cell	male	not available	adult	not available	not available	not pooled	PXD064518_TMT71_TMT130C	1	manual picking	not available	one cardiomyocyte; channel-to-genotype assignment unavailable	20221019_Ec_01_SC_CNIC-KI_TMT71	proteomic profiling by mass spectrometry	20221019_Ec_01_SC_CNIC-KI_TMT71.raw	ftp://ftp.pride.ebi.ac.uk/pride/data/archive/2026/04/PXD064518/20221019_Ec_01_SC_CNIC-KI_TMT71.raw	TMT130C	1	1	NT=Orbitrap Eclipse;AC=MS:1003029	NT=Data-dependent acquisition;AC=PRIDE:0000627	NT=Trypsin;AC=MS:1001251	TMT131	not applicable	TMT71	NT=collision-induced dissociation;AC=MS:1000133	NT=beam-type collision-induced dissociation;AC=MS:1000422	not available	375m/z-1500m/z	not available	not available	not applicable	NT=TMT6plex;AC=UNIMOD:737;MT=fixed;PP=Any N-term	NT=TMT6plex;AC=UNIMOD:737;MT=fixed;TA=K;PP=Anywhere	NT=Oxidation;AC=UNIMOD:35;MT=variable;TA=M;PP=Anywhere	NT=Acetyl;AC=UNIMOD:1;MT=variable;PP=Protein N-term	v3.0.0	ms-proteomics v1.1.0	vertebrates v1.1.0	single-cell v1.0.0
PXD064518_TMT71_TMT131	Mus musculus	heart	cardiac muscle cell	not available	cell	carrier	male	not available	adult	not available	pooled	pooled	not applicable	200	not available	mixed control and Myc-overexpressing cardiomyocytes	100 control plus 100 Myc-overexpressing cardiomyocytes	20221019_Ec_01_SC_CNIC-KI_TMT71	proteomic profiling by mass spectrometry	20221019_Ec_01_SC_CNIC-KI_TMT71.raw	ftp://ftp.pride.ebi.ac.uk/pride/data/archive/2026/04/PXD064518/20221019_Ec_01_SC_CNIC-KI_TMT71.raw	TMT131	1	1	NT=Orbitrap Eclipse;AC=MS:1003029	NT=Data-dependent acquisition;AC=PRIDE:0000627	NT=Trypsin;AC=MS:1001251	TMT131	not applicable	TMT71	NT=collision-induced dissociation;AC=MS:1000133	NT=beam-type collision-induced dissociation;AC=MS:1000422	not available	375m/z-1500m/z	not available	not available	not applicable	NT=TMT6plex;AC=UNIMOD:737;MT=fixed;PP=Any N-term	NT=TMT6plex;AC=UNIMOD:737;MT=fixed;TA=K;PP=Anywhere	NT=Oxidation;AC=UNIMOD:35;MT=variable;TA=M;PP=Anywhere	NT=Acetyl;AC=UNIMOD:1;MT=variable;PP=Protein N-term	v3.0.0	ms-proteomics v1.1.0	vertebrates v1.1.0	single-cell v1.0.0
PXD064518_TMT72_TMT126	Mus musculus	heart	cardiac muscle cell	not available	cell	single cell	male	not available	adult	not available	not available	not pooled	PXD064518_TMT72_TMT126	1	manual picking	not available	one cardiomyocyte; channel-to-genotype assignment unavailable	20221019_Ec_01_SC_CNIC-KI_TMT72	proteomic profiling by mass spectrometry	20221019_Ec_01_SC_CNIC-KI_TMT72.raw	ftp://ftp.pride.ebi.ac.uk/pride/data/archive/2026/04/PXD064518/20221019_Ec_01_SC_CNIC-KI_TMT72.raw	TMT126	1	1	NT=Orbitrap Eclipse;AC=MS:1003029	NT=Data-dependent acquisition;AC=PRIDE:0000627	NT=Trypsin;AC=MS:1001251	TMT131	not applicable	TMT72	NT=collision-induced dissociation;AC=MS:1000133	NT=beam-type collision-induced dissociation;AC=MS:1000422	not available	375m/z-1500m/z	not available	not available	not applicable	NT=TMT6plex;AC=UNIMOD:737;MT=fixed;PP=Any N-term	NT=TMT6plex;AC=UNIMOD:737;MT=fixed;TA=K;PP=Anywhere	NT=Oxidation;AC=UNIMOD:35;MT=variable;TA=M;PP=Anywhere	NT=Acetyl;AC=UNIMOD:1;MT=variable;PP=Protein N-term	v3.0.0	ms-proteomics v1.1.0	vertebrates v1.1.0	single-cell v1.0.0
PXD064518_TMT72_TMT127N	Mus musculus	heart	cardiac muscle cell	not available	cell	single cell	male	not available	adult	not available	not available	not pooled	PXD064518_TMT72_TMT127N	1	manual picking	not available	one cardiomyocyte; channel-to-genotype assignment unavailable	20221019_Ec_01_SC_CNIC-KI_TMT72	proteomic profiling by mass spectrometry	20221019_Ec_01_SC_CNIC-KI_TMT72.raw	ftp://ftp.pride.ebi.ac.uk/pride/data/archive/2026/04/PXD064518/20221019_Ec_01_SC_CNIC-KI_TMT72.raw	TMT127N	1	1	NT=Orbitrap Eclipse;AC=MS:1003029	NT=Data-dependent acquisition;AC=PRIDE:0000627	NT=Trypsin;AC=MS:1001251	TMT131	not applicable	TMT72	NT=collision-induced dissociation;AC=MS:1000133	NT=beam-type collision-induced dissociation;AC=MS:1000422	not available	375m/z-1500m/z	not available	not available	not applicable	NT=TMT6plex;AC=UNIMOD:737;MT=fixed;PP=Any N-term	NT=TMT6plex;AC=UNIMOD:737;MT=fixed;TA=K;PP=Anywhere	NT=Oxidation;AC=UNIMOD:35;MT=variable;TA=M;PP=Anywhere	NT=Acetyl;AC=UNIMOD:1;MT=variable;PP=Protein N-term	v3.0.0	ms-proteomics v1.1.0	vertebrates v1.1.0	single-cell v1.0.0
PXD064518_TMT72_TMT127C	Mus musculus	heart	cardiac muscle cell	not available	cell	single cell	male	not available	adult	not available	not available	not pooled	PXD064518_TMT72_TMT127C	1	manual picking	not available	one cardiomyocyte; channel-to-genotype assignment unavailable	20221019_Ec_01_SC_CNIC-KI_TMT72	proteomic profiling by mass spectrometry	20221019_Ec_01_SC_CNIC-KI_TMT72.raw	ftp://ftp.pride.ebi.ac.uk/pride/data/archive/2026/04/PXD064518/20221019_Ec_01_SC_CNIC-KI_TMT72.raw	TMT127C	1	1	NT=Orbitrap Eclipse;AC=MS:1003029	NT=Data-dependent acquisition;AC=PRIDE:0000627	NT=Trypsin;AC=MS:1001251	TMT131	not applicable	TMT72	NT=collision-induced dissociation;AC=MS:1000133	NT=beam-type collision-induced dissociation;AC=MS:1000422	not available	375m/z-1500m/z	not available	not available	not applicable	NT=TMT6plex;AC=UNIMOD:737;MT=fixed;PP=Any N-term	NT=TMT6plex;AC=UNIMOD:737;MT=fixed;TA=K;PP=Anywhere	NT=Oxidation;AC=UNIMOD:35;MT=variable;TA=M;PP=Anywhere	NT=Acetyl;AC=UNIMOD:1;MT=variable;PP=Protein N-term	v3.0.0	ms-proteomics v1.1.0	vertebrates v1.1.0	single-cell v1.0.0
PXD064518_TMT72_TMT128N	Mus musculus	heart	cardiac muscle cell	not available	cell	single cell	male	not available	adult	not available	not available	not pooled	PXD064518_TMT72_TMT128N	1	manual picking	not available	one cardiomyocyte; channel-to-genotype assignment unavailable	20221019_Ec_01_SC_CNIC-KI_TMT72	proteomic profiling by mass spectrometry	20221019_Ec_01_SC_CNIC-KI_TMT72.raw	ftp://ftp.pride.ebi.ac.uk/pride/data/archive/2026/04/PXD064518/20221019_Ec_01_SC_CNIC-KI_TMT72.raw	TMT128N	1	1	NT=Orbitrap Eclipse;AC=MS:1003029	NT=Data-dependent acquisition;AC=PRIDE:0000627	NT=Trypsin;AC=MS:1001251	TMT131	not applicable	TMT72	NT=collision-induced dissociation;AC=MS:1000133	NT=beam-type collision-induced dissociation;AC=MS:1000422	not available	375m/z-1500m/z	not available	not available	not applicable	NT=TMT6plex;AC=UNIMOD:737;MT=fixed;PP=Any N-term	NT=TMT6plex;AC=UNIMOD:737;MT=fixed;TA=K;PP=Anywhere	NT=Oxidation;AC=UNIMOD:35;MT=variable;TA=M;PP=Anywhere	NT=Acetyl;AC=UNIMOD:1;MT=variable;PP=Protein N-term	v3.0.0	ms-proteomics v1.1.0	vertebrates v1.1.0	single-cell v1.0.0
PXD064518_TMT72_TMT128C	Mus musculus	heart	cardiac muscle cell	not available	cell	single cell	male	not available	adult	not available	not available	not pooled	PXD064518_TMT72_TMT128C	1	manual picking	not available	one cardiomyocyte; channel-to-genotype assignment unavailable	20221019_Ec_01_SC_CNIC-KI_TMT72	proteomic profiling by mass spectrometry	20221019_Ec_01_SC_CNIC-KI_TMT72.raw	ftp://ftp.pride.ebi.ac.uk/pride/data/archive/2026/04/PXD064518/20221019_Ec_01_SC_CNIC-KI_TMT72.raw	TMT128C	1	1	NT=Orbitrap Eclipse;AC=MS:1003029	NT=Data-dependent acquisition;AC=PRIDE:0000627	NT=Trypsin;AC=MS:1001251	TMT131	not applicable	TMT72	NT=collision-induced dissociation;AC=MS:1000133	NT=beam-type collision-induced dissociation;AC=MS:1000422	not available	375m/z-1500m/z	not available	not available	not applicable	NT=TMT6plex;AC=UNIMOD:737;MT=fixed;PP=Any N-term	NT=TMT6plex;AC=UNIMOD:737;MT=fixed;TA=K;PP=Anywhere	NT=Oxidation;AC=UNIMOD:35;MT=variable;TA=M;PP=Anywhere	NT=Acetyl;AC=UNIMOD:1;MT=variable;PP=Protein N-term	v3.0.0	ms-proteomics v1.1.0	vertebrates v1.1.0	single-cell v1.0.0
PXD064518_TMT72_TMT129N	Mus musculus	heart	cardiac muscle cell	not available	cell	single cell	male	not available	adult	not available	not available	not pooled	PXD064518_TMT72_TMT129N	1	manual picking	not available	one cardiomyocyte; channel-to-genotype assignment unavailable	20221019_Ec_01_SC_CNIC-KI_TMT72	proteomic profiling by mass spectrometry	20221019_Ec_01_SC_CNIC-KI_TMT72.raw	ftp://ftp.pride.ebi.ac.uk/pride/data/archive/2026/04/PXD064518/20221019_Ec_01_SC_CNIC-KI_TMT72.raw	TMT129N	1	1	NT=Orbitrap Eclipse;AC=MS:1003029	NT=Data-dependent acquisition;AC=PRIDE:0000627	NT=Trypsin;AC=MS:1001251	TMT131	not applicable	TMT72	NT=collision-induced dissociation;AC=MS:1000133	NT=beam-type collision-induced dissociation;AC=MS:1000422	not available	375m/z-1500m/z	not available	not available	not applicable	NT=TMT6plex;AC=UNIMOD:737;MT=fixed;PP=Any N-term	NT=TMT6plex;AC=UNIMOD:737;MT=fixed;TA=K;PP=Anywhere	NT=Oxidation;AC=UNIMOD:35;MT=variable;TA=M;PP=Anywhere	NT=Acetyl;AC=UNIMOD:1;MT=variable;PP=Protein N-term	v3.0.0	ms-proteomics v1.1.0	vertebrates v1.1.0	single-cell v1.0.0
PXD064518_TMT72_TMT129C	Mus musculus	heart	cardiac muscle cell	not available	cell	single cell	male	not available	adult	not available	not available	not pooled	PXD064518_TMT72_TMT129C	1	manual picking	not available	one cardiomyocyte; channel-to-genotype assignment unavailable	20221019_Ec_01_SC_CNIC-KI_TMT72	proteomic profiling by mass spectrometry	20221019_Ec_01_SC_CNIC-KI_TMT72.raw	ftp://ftp.pride.ebi.ac.uk/pride/data/archive/2026/04/PXD064518/20221019_Ec_01_SC_CNIC-KI_TMT72.raw	TMT129C	1	1	NT=Orbitrap Eclipse;AC=MS:1003029	NT=Data-dependent acquisition;AC=PRIDE:0000627	NT=Trypsin;AC=MS:1001251	TMT131	not applicable	TMT72	NT=collision-induced dissociation;AC=MS:1000133	NT=beam-type collision-induced dissociation;AC=MS:1000422	not available	375m/z-1500m/z	not available	not available	not applicable	NT=TMT6plex;AC=UNIMOD:737;MT=fixed;PP=Any N-term	NT=TMT6plex;AC=UNIMOD:737;MT=fixed;TA=K;PP=Anywhere	NT=Oxidation;AC=UNIMOD:35;MT=variable;TA=M;PP=Anywhere	NT=Acetyl;AC=UNIMOD:1;MT=variable;PP=Protein N-term	v3.0.0	ms-proteomics v1.1.0	vertebrates v1.1.0	single-cell v1.0.0
PXD064518_TMT72_TMT130C	Mus musculus	heart	cardiac muscle cell	not available	cell	single cell	male	not available	adult	not available	not available	not pooled	PXD064518_TMT72_TMT130C	1	manual picking	not available	one cardiomyocyte; channel-to-genotype assignment unavailable	20221019_Ec_01_SC_CNIC-KI_TMT72	proteomic profiling by mass spectrometry	20221019_Ec_01_SC_CNIC-KI_TMT72.raw	ftp://ftp.pride.ebi.ac.uk/pride/data/archive/2026/04/PXD064518/20221019_Ec_01_SC_CNIC-KI_TMT72.raw	TMT130C	1	1	NT=Orbitrap Eclipse;AC=MS:1003029	NT=Data-dependent acquisition;AC=PRIDE:0000627	NT=Trypsin;AC=MS:1001251	TMT131	not applicable	TMT72	NT=collision-induced dissociation;AC=MS:1000133	NT=beam-type collision-induced dissociation;AC=MS:1000422	not available	375m/z-1500m/z	not available	not available	not applicable	NT=TMT6plex;AC=UNIMOD:737;MT=fixed;PP=Any N-term	NT=TMT6plex;AC=UNIMOD:737;MT=fixed;TA=K;PP=Anywhere	NT=Oxidation;AC=UNIMOD:35;MT=variable;TA=M;PP=Anywhere	NT=Acetyl;AC=UNIMOD:1;MT=variable;PP=Protein N-term	v3.0.0	ms-proteomics v1.1.0	vertebrates v1.1.0	single-cell v1.0.0
PXD064518_TMT72_TMT131	Mus musculus	heart	cardiac muscle cell	not available	cell	carrier	male	not available	adult	not available	pooled	pooled	not applicable	200	not available	mixed control and Myc-overexpressing cardiomyocytes	100 control plus 100 Myc-overexpressing cardiomyocytes	20221019_Ec_01_SC_CNIC-KI_TMT72	proteomic profiling by mass spectrometry	20221019_Ec_01_SC_CNIC-KI_TMT72.raw	ftp://ftp.pride.ebi.ac.uk/pride/data/archive/2026/04/PXD064518/20221019_Ec_01_SC_CNIC-KI_TMT72.raw	TMT131	1	1	NT=Orbitrap Eclipse;AC=MS:1003029	NT=Data-dependent acquisition;AC=PRIDE:0000627	NT=Trypsin;AC=MS:1001251	TMT131	not applicable	TMT72	NT=collision-induced dissociation;AC=MS:1000133	NT=beam-type collision-induced dissociation;AC=MS:1000422	not available	375m/z-1500m/z	not available	not available	not applicable	NT=TMT6plex;AC=UNIMOD:737;MT=fixed;PP=Any N-term	NT=TMT6plex;AC=UNIMOD:737;MT=fixed;TA=K;PP=Anywhere	NT=Oxidation;AC=UNIMOD:35;MT=variable;TA=M;PP=Anywhere	NT=Acetyl;AC=UNIMOD:1;MT=variable;PP=Protein N-term	v3.0.0	ms-proteomics v1.1.0	vertebrates v1.1.0	single-cell v1.0.0
PXD064518_TMT73_TMT126	Mus musculus	heart	cardiac muscle cell	not available	cell	single cell	male	not available	adult	not available	not available	not pooled	PXD064518_TMT73_TMT126	1	manual picking	not available	one cardiomyocyte; channel-to-genotype assignment unavailable	20221019_Ec_01_SC_CNIC-KI_TMT73	proteomic profiling by mass spectrometry	20221019_Ec_01_SC_CNIC-KI_TMT73.raw	ftp://ftp.pride.ebi.ac.uk/pride/data/archive/2026/04/PXD064518/20221019_Ec_01_SC_CNIC-KI_TMT73.raw	TMT126	1	1	NT=Orbitrap Eclipse;AC=MS:1003029	NT=Data-dependent acquisition;AC=PRIDE:0000627	NT=Trypsin;AC=MS:1001251	TMT131	not applicable	TMT73	NT=collision-induced dissociation;AC=MS:1000133	NT=beam-type collision-induced dissociation;AC=MS:1000422	not available	375m/z-1500m/z	not available	not available	not applicable	NT=TMT6plex;AC=UNIMOD:737;MT=fixed;PP=Any N-term	NT=TMT6plex;AC=UNIMOD:737;MT=fixed;TA=K;PP=Anywhere	NT=Oxidation;AC=UNIMOD:35;MT=variable;TA=M;PP=Anywhere	NT=Acetyl;AC=UNIMOD:1;MT=variable;PP=Protein N-term	v3.0.0	ms-proteomics v1.1.0	vertebrates v1.1.0	single-cell v1.0.0
PXD064518_TMT73_TMT127N	Mus musculus	heart	cardiac muscle cell	not available	cell	single cell	male	not available	adult	not available	not available	not pooled	PXD064518_TMT73_TMT127N	1	manual picking	not available	one cardiomyocyte; channel-to-genotype assignment unavailable	20221019_Ec_01_SC_CNIC-KI_TMT73	proteomic profiling by mass spectrometry	20221019_Ec_01_SC_CNIC-KI_TMT73.raw	ftp://ftp.pride.ebi.ac.uk/pride/data/archive/2026/04/PXD064518/20221019_Ec_01_SC_CNIC-KI_TMT73.raw	TMT127N	1	1	NT=Orbitrap Eclipse;AC=MS:1003029	NT=Data-dependent acquisition;AC=PRIDE:0000627	NT=Trypsin;AC=MS:1001251	TMT131	not applicable	TMT73	NT=collision-induced dissociation;AC=MS:1000133	NT=beam-type collision-induced dissociation;AC=MS:1000422	not available	375m/z-1500m/z	not available	not available	not applicable	NT=TMT6plex;AC=UNIMOD:737;MT=fixed;PP=Any N-term	NT=TMT6plex;AC=UNIMOD:737;MT=fixed;TA=K;PP=Anywhere	NT=Oxidation;AC=UNIMOD:35;MT=variable;TA=M;PP=Anywhere	NT=Acetyl;AC=UNIMOD:1;MT=variable;PP=Protein N-term	v3.0.0	ms-proteomics v1.1.0	vertebrates v1.1.0	single-cell v1.0.0
PXD064518_TMT73_TMT127C	Mus musculus	heart	cardiac muscle cell	not available	cell	single cell	male	not available	adult	not available	not available	not pooled	PXD064518_TMT73_TMT127C	1	manual picking	not available	one cardiomyocyte; channel-to-genotype assignment unavailable	20221019_Ec_01_SC_CNIC-KI_TMT73	proteomic profiling by mass spectrometry	20221019_Ec_01_SC_CNIC-KI_TMT73.raw	ftp://ftp.pride.ebi.ac.uk/pride/data/archive/2026/04/PXD064518/20221019_Ec_01_SC_CNIC-KI_TMT73.raw	TMT127C	1	1	NT=Orbitrap Eclipse;AC=MS:1003029	NT=Data-dependent acquisition;AC=PRIDE:0000627	NT=Trypsin;AC=MS:1001251	TMT131	not applicable	TMT73	NT=collision-induced dissociation;AC=MS:1000133	NT=beam-type collision-induced dissociation;AC=MS:1000422	not available	375m/z-1500m/z	not available	not available	not applicable	NT=TMT6plex;AC=UNIMOD:737;MT=fixed;PP=Any N-term	NT=TMT6plex;AC=UNIMOD:737;MT=fixed;TA=K;PP=Anywhere	NT=Oxidation;AC=UNIMOD:35;MT=variable;TA=M;PP=Anywhere	NT=Acetyl;AC=UNIMOD:1;MT=variable;PP=Protein N-term	v3.0.0	ms-proteomics v1.1.0	vertebrates v1.1.0	single-cell v1.0.0
PXD064518_TMT73_TMT128N	Mus musculus	heart	cardiac muscle cell	not available	cell	single cell	male	not available	adult	not available	not available	not pooled	PXD064518_TMT73_TMT128N	1	manual picking	not available	one cardiomyocyte; channel-to-genotype assignment unavailable	20221019_Ec_01_SC_CNIC-KI_TMT73	proteomic profiling by mass spectrometry	20221019_Ec_01_SC_CNIC-KI_TMT73.raw	ftp://ftp.pride.ebi.ac.uk/pride/data/archive/2026/04/PXD064518/20221019_Ec_01_SC_CNIC-KI_TMT73.raw	TMT128N	1	1	NT=Orbitrap Eclipse;AC=MS:1003029	NT=Data-dependent acquisition;AC=PRIDE:0000627	NT=Trypsin;AC=MS:1001251	TMT131	not applicable	TMT73	NT=collision-induced dissociation;AC=MS:1000133	NT=beam-type collision-induced dissociation;AC=MS:1000422	not available	375m/z-1500m/z	not available	not available	not applicable	NT=TMT6plex;AC=UNIMOD:737;MT=fixed;PP=Any N-term	NT=TMT6plex;AC=UNIMOD:737;MT=fixed;TA=K;PP=Anywhere	NT=Oxidation;AC=UNIMOD:35;MT=variable;TA=M;PP=Anywhere	NT=Acetyl;AC=UNIMOD:1;MT=variable;PP=Protein N-term	v3.0.0	ms-proteomics v1.1.0	vertebrates v1.1.0	single-cell v1.0.0
PXD064518_TMT73_TMT128C	Mus musculus	heart	cardiac muscle cell	not available	cell	single cell	male	not available	adult	not available	not available	not pooled	PXD064518_TMT73_TMT128C	1	manual picking	not available	one cardiomyocyte; channel-to-genotype assignment unavailable	20221019_Ec_01_SC_CNIC-KI_TMT73	proteomic profiling by mass spectrometry	20221019_Ec_01_SC_CNIC-KI_TMT73.raw	ftp://ftp.pride.ebi.ac.uk/pride/data/archive/2026/04/PXD064518/20221019_Ec_01_SC_CNIC-KI_TMT73.raw	TMT128C	1	1	NT=Orbitrap Eclipse;AC=MS:1003029	NT=Data-dependent acquisition;AC=PRIDE:0000627	NT=Trypsin;AC=MS:1001251	TMT131	not applicable	TMT73	NT=collision-induced dissociation;AC=MS:1000133	NT=beam-type collision-induced dissociation;AC=MS:1000422	not available	375m/z-1500m/z	not available	not available	not applicable	NT=TMT6plex;AC=UNIMOD:737;MT=fixed;PP=Any N-term	NT=TMT6plex;AC=UNIMOD:737;MT=fixed;TA=K;PP=Anywhere	NT=Oxidation;AC=UNIMOD:35;MT=variable;TA=M;PP=Anywhere	NT=Acetyl;AC=UNIMOD:1;MT=variable;PP=Protein N-term	v3.0.0	ms-proteomics v1.1.0	vertebrates v1.1.0	single-cell v1.0.0
PXD064518_TMT73_TMT129N	Mus musculus	heart	cardiac muscle cell	not available	cell	single cell	male	not available	adult	not available	not available	not pooled	PXD064518_TMT73_TMT129N	1	manual picking	not available	one cardiomyocyte; channel-to-genotype assignment unavailable	20221019_Ec_01_SC_CNIC-KI_TMT73	proteomic profiling by mass spectrometry	20221019_Ec_01_SC_CNIC-KI_TMT73.raw	ftp://ftp.pride.ebi.ac.uk/pride/data/archive/2026/04/PXD064518/20221019_Ec_01_SC_CNIC-KI_TMT73.raw	TMT129N	1	1	NT=Orbitrap Eclipse;AC=MS:1003029	NT=Data-dependent acquisition;AC=PRIDE:0000627	NT=Trypsin;AC=MS:1001251	TMT131	not applicable	TMT73	NT=collision-induced dissociation;AC=MS:1000133	NT=beam-type collision-induced dissociation;AC=MS:1000422	not available	375m/z-1500m/z	not available	not available	not applicable	NT=TMT6plex;AC=UNIMOD:737;MT=fixed;PP=Any N-term	NT=TMT6plex;AC=UNIMOD:737;MT=fixed;TA=K;PP=Anywhere	NT=Oxidation;AC=UNIMOD:35;MT=variable;TA=M;PP=Anywhere	NT=Acetyl;AC=UNIMOD:1;MT=variable;PP=Protein N-term	v3.0.0	ms-proteomics v1.1.0	vertebrates v1.1.0	single-cell v1.0.0
PXD064518_TMT73_TMT129C	Mus musculus	heart	cardiac muscle cell	not available	cell	single cell	male	not available	adult	not available	not available	not pooled	PXD064518_TMT73_TMT129C	1	manual picking	not available	one cardiomyocyte; channel-to-genotype assignment unavailable	20221019_Ec_01_SC_CNIC-KI_TMT73	proteomic profiling by mass spectrometry	20221019_Ec_01_SC_CNIC-KI_TMT73.raw	ftp://ftp.pride.ebi.ac.uk/pride/data/archive/2026/04/PXD064518/20221019_Ec_01_SC_CNIC-KI_TMT73.raw	TMT129C	1	1	NT=Orbitrap Eclipse;AC=MS:1003029	NT=Data-dependent acquisition;AC=PRIDE:0000627	NT=Trypsin;AC=MS:1001251	TMT131	not applicable	TMT73	NT=collision-induced dissociation;AC=MS:1000133	NT=beam-type collision-induced dissociation;AC=MS:1000422	not available	375m/z-1500m/z	not available	not available	not applicable	NT=TMT6plex;AC=UNIMOD:737;MT=fixed;PP=Any N-term	NT=TMT6plex;AC=UNIMOD:737;MT=fixed;TA=K;PP=Anywhere	NT=Oxidation;AC=UNIMOD:35;MT=variable;TA=M;PP=Anywhere	NT=Acetyl;AC=UNIMOD:1;MT=variable;PP=Protein N-term	v3.0.0	ms-proteomics v1.1.0	vertebrates v1.1.0	single-cell v1.0.0
PXD064518_TMT73_TMT130C	Mus musculus	heart	cardiac muscle cell	not available	cell	single cell	male	not available	adult	not available	not available	not pooled	PXD064518_TMT73_TMT130C	1	manual picking	not available	one cardiomyocyte; channel-to-genotype assignment unavailable	20221019_Ec_01_SC_CNIC-KI_TMT73	proteomic profiling by mass spectrometry	20221019_Ec_01_SC_CNIC-KI_TMT73.raw	ftp://ftp.pride.ebi.ac.uk/pride/data/archive/2026/04/PXD064518/20221019_Ec_01_SC_CNIC-KI_TMT73.raw	TMT130C	1	1	NT=Orbitrap Eclipse;AC=MS:1003029	NT=Data-dependent acquisition;AC=PRIDE:0000627	NT=Trypsin;AC=MS:1001251	TMT131	not applicable	TMT73	NT=collision-induced dissociation;AC=MS:1000133	NT=beam-type collision-induced dissociation;AC=MS:1000422	not available	375m/z-1500m/z	not available	not available	not applicable	NT=TMT6plex;AC=UNIMOD:737;MT=fixed;PP=Any N-term	NT=TMT6plex;AC=UNIMOD:737;MT=fixed;TA=K;PP=Anywhere	NT=Oxidation;AC=UNIMOD:35;MT=variable;TA=M;PP=Anywhere	NT=Acetyl;AC=UNIMOD:1;MT=variable;PP=Protein N-term	v3.0.0	ms-proteomics v1.1.0	vertebrates v1.1.0	single-cell v1.0.0
PXD064518_TMT73_TMT131	Mus musculus	heart	cardiac muscle cell	not available	cell	carrier	male	not available	adult	not available	pooled	pooled	not applicable	200	not available	mixed control and Myc-overexpressing cardiomyocytes	100 control plus 100 Myc-overexpressing cardiomyocytes	20221019_Ec_01_SC_CNIC-KI_TMT73	proteomic profiling by mass spectrometry	20221019_Ec_01_SC_CNIC-KI_TMT73.raw	ftp://ftp.pride.ebi.ac.uk/pride/data/archive/2026/04/PXD064518/20221019_Ec_01_SC_CNIC-KI_TMT73.raw	TMT131	1	1	NT=Orbitrap Eclipse;AC=MS:1003029	NT=Data-dependent acquisition;AC=PRIDE:0000627	NT=Trypsin;AC=MS:1001251	TMT131	not applicable	TMT73	NT=collision-induced dissociation;AC=MS:1000133	NT=beam-type collision-induced dissociation;AC=MS:1000422	not available	375m/z-1500m/z	not available	not available	not applicable	NT=TMT6plex;AC=UNIMOD:737;MT=fixed;PP=Any N-term	NT=TMT6plex;AC=UNIMOD:737;MT=fixed;TA=K;PP=Anywhere	NT=Oxidation;AC=UNIMOD:35;MT=variable;TA=M;PP=Anywhere	NT=Acetyl;AC=UNIMOD:1;MT=variable;PP=Protein N-term	v3.0.0	ms-proteomics v1.1.0	vertebrates v1.1.0	single-cell v1.0.0
PXD064518_TMT74_TMT126	Mus musculus	heart	cardiac muscle cell	not available	cell	single cell	male	not available	adult	not available	not available	not pooled	PXD064518_TMT74_TMT126	1	manual picking	not available	one cardiomyocyte; channel-to-genotype assignment unavailable	20221019_Ec_01_SC_CNIC-KI_TMT74	proteomic profiling by mass spectrometry	20221019_Ec_01_SC_CNIC-KI_TMT74.raw	ftp://ftp.pride.ebi.ac.uk/pride/data/archive/2026/04/PXD064518/20221019_Ec_01_SC_CNIC-KI_TMT74.raw	TMT126	1	1	NT=Orbitrap Eclipse;AC=MS:1003029	NT=Data-dependent acquisition;AC=PRIDE:0000627	NT=Trypsin;AC=MS:1001251	TMT131	not applicable	TMT74	NT=collision-induced dissociation;AC=MS:1000133	NT=beam-type collision-induced dissociation;AC=MS:1000422	not available	375m/z-1500m/z	not available	not available	not applicable	NT=TMT6plex;AC=UNIMOD:737;MT=fixed;PP=Any N-term	NT=TMT6plex;AC=UNIMOD:737;MT=fixed;TA=K;PP=Anywhere	NT=Oxidation;AC=UNIMOD:35;MT=variable;TA=M;PP=Anywhere	NT=Acetyl;AC=UNIMOD:1;MT=variable;PP=Protein N-term	v3.0.0	ms-proteomics v1.1.0	vertebrates v1.1.0	single-cell v1.0.0
PXD064518_TMT74_TMT127N	Mus musculus	heart	cardiac muscle cell	not available	cell	single cell	male	not available	adult	not available	not available	not pooled	PXD064518_TMT74_TMT127N	1	manual picking	not available	one cardiomyocyte; channel-to-genotype assignment unavailable	20221019_Ec_01_SC_CNIC-KI_TMT74	proteomic profiling by mass spectrometry	20221019_Ec_01_SC_CNIC-KI_TMT74.raw	ftp://ftp.pride.ebi.ac.uk/pride/data/archive/2026/04/PXD064518/20221019_Ec_01_SC_CNIC-KI_TMT74.raw	TMT127N	1	1	NT=Orbitrap Eclipse;AC=MS:1003029	NT=Data-dependent acquisition;AC=PRIDE:0000627	NT=Trypsin;AC=MS:1001251	TMT131	not applicable	TMT74	NT=collision-induced dissociation;AC=MS:1000133	NT=beam-type collision-induced dissociation;AC=MS:1000422	not available	375m/z-1500m/z	not available	not available	not applicable	NT=TMT6plex;AC=UNIMOD:737;MT=fixed;PP=Any N-term	NT=TMT6plex;AC=UNIMOD:737;MT=fixed;TA=K;PP=Anywhere	NT=Oxidation;AC=UNIMOD:35;MT=variable;TA=M;PP=Anywhere	NT=Acetyl;AC=UNIMOD:1;MT=variable;PP=Protein N-term	v3.0.0	ms-proteomics v1.1.0	vertebrates v1.1.0	single-cell v1.0.0
PXD064518_TMT74_TMT127C	Mus musculus	heart	cardiac muscle cell	not available	cell	single cell	male	not available	adult	not available	not available	not pooled	PXD064518_TMT74_TMT127C	1	manual picking	not available	one cardiomyocyte; channel-to-genotype assignment unavailable	20221019_Ec_01_SC_CNIC-KI_TMT74	proteomic profiling by mass spectrometry	20221019_Ec_01_SC_CNIC-KI_TMT74.raw	ftp://ftp.pride.ebi.ac.uk/pride/data/archive/2026/04/PXD064518/20221019_Ec_01_SC_CNIC-KI_TMT74.raw	TMT127C	1	1	NT=Orbitrap Eclipse;AC=MS:1003029	NT=Data-dependent acquisition;AC=PRIDE:0000627	NT=Trypsin;AC=MS:1001251	TMT131	not applicable	TMT74	NT=collision-induced dissociation;AC=MS:1000133	NT=beam-type collision-induced dissociation;AC=MS:1000422	not available	375m/z-1500m/z	not available	not available	not applicable	NT=TMT6plex;AC=UNIMOD:737;MT=fixed;PP=Any N-term	NT=TMT6plex;AC=UNIMOD:737;MT=fixed;TA=K;PP=Anywhere	NT=Oxidation;AC=UNIMOD:35;MT=variable;TA=M;PP=Anywhere	NT=Acetyl;AC=UNIMOD:1;MT=variable;PP=Protein N-term	v3.0.0	ms-proteomics v1.1.0	vertebrates v1.1.0	single-cell v1.0.0
PXD064518_TMT74_TMT128N	Mus musculus	heart	cardiac muscle cell	not available	cell	single cell	male	not available	adult	not available	not available	not pooled	PXD064518_TMT74_TMT128N	1	manual picking	not available	one cardiomyocyte; channel-to-genotype assignment unavailable	20221019_Ec_01_SC_CNIC-KI_TMT74	proteomic profiling by mass spectrometry	20221019_Ec_01_SC_CNIC-KI_TMT74.raw	ftp://ftp.pride.ebi.ac.uk/pride/data/archive/2026/04/PXD064518/20221019_Ec_01_SC_CNIC-KI_TMT74.raw	TMT128N	1	1	NT=Orbitrap Eclipse;AC=MS:1003029	NT=Data-dependent acquisition;AC=PRIDE:0000627	NT=Trypsin;AC=MS:1001251	TMT131	not applicable	TMT74	NT=collision-induced dissociation;AC=MS:1000133	NT=beam-type collision-induced dissociation;AC=MS:1000422	not available	375m/z-1500m/z	not available	not available	not applicable	NT=TMT6plex;AC=UNIMOD:737;MT=fixed;PP=Any N-term	NT=TMT6plex;AC=UNIMOD:737;MT=fixed;TA=K;PP=Anywhere	NT=Oxidation;AC=UNIMOD:35;MT=variable;TA=M;PP=Anywhere	NT=Acetyl;AC=UNIMOD:1;MT=variable;PP=Protein N-term	v3.0.0	ms-proteomics v1.1.0	vertebrates v1.1.0	single-cell v1.0.0
PXD064518_TMT74_TMT128C	Mus musculus	heart	cardiac muscle cell	not available	cell	single cell	male	not available	adult	not available	not available	not pooled	PXD064518_TMT74_TMT128C	1	manual picking	not available	one cardiomyocyte; channel-to-genotype assignment unavailable	20221019_Ec_01_SC_CNIC-KI_TMT74	proteomic profiling by mass spectrometry	20221019_Ec_01_SC_CNIC-KI_TMT74.raw	ftp://ftp.pride.ebi.ac.uk/pride/data/archive/2026/04/PXD064518/20221019_Ec_01_SC_CNIC-KI_TMT74.raw	TMT128C	1	1	NT=Orbitrap Eclipse;AC=MS:1003029	NT=Data-dependent acquisition;AC=PRIDE:0000627	NT=Trypsin;AC=MS:1001251	TMT131	not applicable	TMT74	NT=collision-induced dissociation;AC=MS:1000133	NT=beam-type collision-induced dissociation;AC=MS:1000422	not available	375m/z-1500m/z	not available	not available	not applicable	NT=TMT6plex;AC=UNIMOD:737;MT=fixed;PP=Any N-term	NT=TMT6plex;AC=UNIMOD:737;MT=fixed;TA=K;PP=Anywhere	NT=Oxidation;AC=UNIMOD:35;MT=variable;TA=M;PP=Anywhere	NT=Acetyl;AC=UNIMOD:1;MT=variable;PP=Protein N-term	v3.0.0	ms-proteomics v1.1.0	vertebrates v1.1.0	single-cell v1.0.0
PXD064518_TMT74_TMT129N	Mus musculus	heart	cardiac muscle cell	not available	cell	single cell	male	not available	adult	not available	not available	not pooled	PXD064518_TMT74_TMT129N	1	manual picking	not available	one cardiomyocyte; channel-to-genotype assignment unavailable	20221019_Ec_01_SC_CNIC-KI_TMT74	proteomic profiling by mass spectrometry	20221019_Ec_01_SC_CNIC-KI_TMT74.raw	ftp://ftp.pride.ebi.ac.uk/pride/data/archive/2026/04/PXD064518/20221019_Ec_01_SC_CNIC-KI_TMT74.raw	TMT129N	1	1	NT=Orbitrap Eclipse;AC=MS:1003029	NT=Data-dependent acquisition;AC=PRIDE:0000627	NT=Trypsin;AC=MS:1001251	TMT131	not applicable	TMT74	NT=collision-induced dissociation;AC=MS:1000133	NT=beam-type collision-induced dissociation;AC=MS:1000422	not available	375m/z-1500m/z	not available	not available	not applicable	NT=TMT6plex;AC=UNIMOD:737;MT=fixed;PP=Any N-term	NT=TMT6plex;AC=UNIMOD:737;MT=fixed;TA=K;PP=Anywhere	NT=Oxidation;AC=UNIMOD:35;MT=variable;TA=M;PP=Anywhere	NT=Acetyl;AC=UNIMOD:1;MT=variable;PP=Protein N-term	v3.0.0	ms-proteomics v1.1.0	vertebrates v1.1.0	single-cell v1.0.0
PXD064518_TMT74_TMT129C	Mus musculus	heart	cardiac muscle cell	not available	cell	single cell	male	not available	adult	not available	not available	not pooled	PXD064518_TMT74_TMT129C	1	manual picking	not available	one cardiomyocyte; channel-to-genotype assignment unavailable	20221019_Ec_01_SC_CNIC-KI_TMT74	proteomic profiling by mass spectrometry	20221019_Ec_01_SC_CNIC-KI_TMT74.raw	ftp://ftp.pride.ebi.ac.uk/pride/data/archive/2026/04/PXD064518/20221019_Ec_01_SC_CNIC-KI_TMT74.raw	TMT129C	1	1	NT=Orbitrap Eclipse;AC=MS:1003029	NT=Data-dependent acquisition;AC=PRIDE:0000627	NT=Trypsin;AC=MS:1001251	TMT131	not applicable	TMT74	NT=collision-induced dissociation;AC=MS:1000133	NT=beam-type collision-induced dissociation;AC=MS:1000422	not available	375m/z-1500m/z	not available	not available	not applicable	NT=TMT6plex;AC=UNIMOD:737;MT=fixed;PP=Any N-term	NT=TMT6plex;AC=UNIMOD:737;MT=fixed;TA=K;PP=Anywhere	NT=Oxidation;AC=UNIMOD:35;MT=variable;TA=M;PP=Anywhere	NT=Acetyl;AC=UNIMOD:1;MT=variable;PP=Protein N-term	v3.0.0	ms-proteomics v1.1.0	vertebrates v1.1.0	single-cell v1.0.0
PXD064518_TMT74_TMT130C	Mus musculus	heart	cardiac muscle cell	not available	cell	single cell	male	not available	adult	not available	not available	not pooled	PXD064518_TMT74_TMT130C	1	manual picking	not available	one cardiomyocyte; channel-to-genotype assignment unavailable	20221019_Ec_01_SC_CNIC-KI_TMT74	proteomic profiling by mass spectrometry	20221019_Ec_01_SC_CNIC-KI_TMT74.raw	ftp://ftp.pride.ebi.ac.uk/pride/data/archive/2026/04/PXD064518/20221019_Ec_01_SC_CNIC-KI_TMT74.raw	TMT130C	1	1	NT=Orbitrap Eclipse;AC=MS:1003029	NT=Data-dependent acquisition;AC=PRIDE:0000627	NT=Trypsin;AC=MS:1001251	TMT131	not applicable	TMT74	NT=collision-induced dissociation;AC=MS:1000133	NT=beam-type collision-induced dissociation;AC=MS:1000422	not available	375m/z-1500m/z	not available	not available	not applicable	NT=TMT6plex;AC=UNIMOD:737;MT=fixed;PP=Any N-term	NT=TMT6plex;AC=UNIMOD:737;MT=fixed;TA=K;PP=Anywhere	NT=Oxidation;AC=UNIMOD:35;MT=variable;TA=M;PP=Anywhere	NT=Acetyl;AC=UNIMOD:1;MT=variable;PP=Protein N-term	v3.0.0	ms-proteomics v1.1.0	vertebrates v1.1.0	single-cell v1.0.0
PXD064518_TMT74_TMT131	Mus musculus	heart	cardiac muscle cell	not available	cell	carrier	male	not available	adult	not available	pooled	pooled	not applicable	200	not available	mixed control and Myc-overexpressing cardiomyocytes	100 control plus 100 Myc-overexpressing cardiomyocytes	20221019_Ec_01_SC_CNIC-KI_TMT74	proteomic profiling by mass spectrometry	20221019_Ec_01_SC_CNIC-KI_TMT74.raw	ftp://ftp.pride.ebi.ac.uk/pride/data/archive/2026/04/PXD064518/20221019_Ec_01_SC_CNIC-KI_TMT74.raw	TMT131	1	1	NT=Orbitrap Eclipse;AC=MS:1003029	NT=Data-dependent acquisition;AC=PRIDE:0000627	NT=Trypsin;AC=MS:1001251	TMT131	not applicable	TMT74	NT=collision-induced dissociation;AC=MS:1000133	NT=beam-type collision-induced dissociation;AC=MS:1000422	not available	375m/z-1500m/z	not available	not available	not applicable	NT=TMT6plex;AC=UNIMOD:737;MT=fixed;PP=Any N-term	NT=TMT6plex;AC=UNIMOD:737;MT=fixed;TA=K;PP=Anywhere	NT=Oxidation;AC=UNIMOD:35;MT=variable;TA=M;PP=Anywhere	NT=Acetyl;AC=UNIMOD:1;MT=variable;PP=Protein N-term	v3.0.0	ms-proteomics v1.1.0	vertebrates v1.1.0	single-cell v1.0.0
PXD064518_TMT75_TMT126	Mus musculus	heart	cardiac muscle cell	not available	cell	single cell	male	not available	adult	not available	not available	not pooled	PXD064518_TMT75_TMT126	1	manual picking	not available	one cardiomyocyte; channel-to-genotype assignment unavailable	20221019_Ec_01_SC_CNIC-KI_TMT75	proteomic profiling by mass spectrometry	20221019_Ec_01_SC_CNIC-KI_TMT75.raw	ftp://ftp.pride.ebi.ac.uk/pride/data/archive/2026/04/PXD064518/20221019_Ec_01_SC_CNIC-KI_TMT75.raw	TMT126	1	1	NT=Orbitrap Eclipse;AC=MS:1003029	NT=Data-dependent acquisition;AC=PRIDE:0000627	NT=Trypsin;AC=MS:1001251	TMT131	not applicable	TMT75	NT=collision-induced dissociation;AC=MS:1000133	NT=beam-type collision-induced dissociation;AC=MS:1000422	not available	375m/z-1500m/z	not available	not available	not applicable	NT=TMT6plex;AC=UNIMOD:737;MT=fixed;PP=Any N-term	NT=TMT6plex;AC=UNIMOD:737;MT=fixed;TA=K;PP=Anywhere	NT=Oxidation;AC=UNIMOD:35;MT=variable;TA=M;PP=Anywhere	NT=Acetyl;AC=UNIMOD:1;MT=variable;PP=Protein N-term	v3.0.0	ms-proteomics v1.1.0	vertebrates v1.1.0	single-cell v1.0.0
PXD064518_TMT75_TMT127N	Mus musculus	heart	cardiac muscle cell	not available	cell	single cell	male	not available	adult	not available	not available	not pooled	PXD064518_TMT75_TMT127N	1	manual picking	not available	one cardiomyocyte; channel-to-genotype assignment unavailable	20221019_Ec_01_SC_CNIC-KI_TMT75	proteomic profiling by mass spectrometry	20221019_Ec_01_SC_CNIC-KI_TMT75.raw	ftp://ftp.pride.ebi.ac.uk/pride/data/archive/2026/04/PXD064518/20221019_Ec_01_SC_CNIC-KI_TMT75.raw	TMT127N	1	1	NT=Orbitrap Eclipse;AC=MS:1003029	NT=Data-dependent acquisition;AC=PRIDE:0000627	NT=Trypsin;AC=MS:1001251	TMT131	not applicable	TMT75	NT=collision-induced dissociation;AC=MS:1000133	NT=beam-type collision-induced dissociation;AC=MS:1000422	not available	375m/z-1500m/z	not available	not available	not applicable	NT=TMT6plex;AC=UNIMOD:737;MT=fixed;PP=Any N-term	NT=TMT6plex;AC=UNIMOD:737;MT=fixed;TA=K;PP=Anywhere	NT=Oxidation;AC=UNIMOD:35;MT=variable;TA=M;PP=Anywhere	NT=Acetyl;AC=UNIMOD:1;MT=variable;PP=Protein N-term	v3.0.0	ms-proteomics v1.1.0	vertebrates v1.1.0	single-cell v1.0.0
PXD064518_TMT75_TMT127C	Mus musculus	heart	cardiac muscle cell	not available	cell	single cell	male	not available	adult	not available	not available	not pooled	PXD064518_TMT75_TMT127C	1	manual picking	not available	one cardiomyocyte; channel-to-genotype assignment unavailable	20221019_Ec_01_SC_CNIC-KI_TMT75	proteomic profiling by mass spectrometry	20221019_Ec_01_SC_CNIC-KI_TMT75.raw	ftp://ftp.pride.ebi.ac.uk/pride/data/archive/2026/04/PXD064518/20221019_Ec_01_SC_CNIC-KI_TMT75.raw	TMT127C	1	1	NT=Orbitrap Eclipse;AC=MS:1003029	NT=Data-dependent acquisition;AC=PRIDE:0000627	NT=Trypsin;AC=MS:1001251	TMT131	not applicable	TMT75	NT=collision-induced dissociation;AC=MS:1000133	NT=beam-type collision-induced dissociation;AC=MS:1000422	not available	375m/z-1500m/z	not available	not available	not applicable	NT=TMT6plex;AC=UNIMOD:737;MT=fixed;PP=Any N-term	NT=TMT6plex;AC=UNIMOD:737;MT=fixed;TA=K;PP=Anywhere	NT=Oxidation;AC=UNIMOD:35;MT=variable;TA=M;PP=Anywhere	NT=Acetyl;AC=UNIMOD:1;MT=variable;PP=Protein N-term	v3.0.0	ms-proteomics v1.1.0	vertebrates v1.1.0	single-cell v1.0.0
PXD064518_TMT75_TMT128N	Mus musculus	heart	cardiac muscle cell	not available	cell	single cell	male	not available	adult	not available	not available	not pooled	PXD064518_TMT75_TMT128N	1	manual picking	not available	one cardiomyocyte; channel-to-genotype assignment unavailable	20221019_Ec_01_SC_CNIC-KI_TMT75	proteomic profiling by mass spectrometry	20221019_Ec_01_SC_CNIC-KI_TMT75.raw	ftp://ftp.pride.ebi.ac.uk/pride/data/archive/2026/04/PXD064518/20221019_Ec_01_SC_CNIC-KI_TMT75.raw	TMT128N	1	1	NT=Orbitrap Eclipse;AC=MS:1003029	NT=Data-dependent acquisition;AC=PRIDE:0000627	NT=Trypsin;AC=MS:1001251	TMT131	not applicable	TMT75	NT=collision-induced dissociation;AC=MS:1000133	NT=beam-type collision-induced dissociation;AC=MS:1000422	not available	375m/z-1500m/z	not available	not available	not applicable	NT=TMT6plex;AC=UNIMOD:737;MT=fixed;PP=Any N-term	NT=TMT6plex;AC=UNIMOD:737;MT=fixed;TA=K;PP=Anywhere	NT=Oxidation;AC=UNIMOD:35;MT=variable;TA=M;PP=Anywhere	NT=Acetyl;AC=UNIMOD:1;MT=variable;PP=Protein N-term	v3.0.0	ms-proteomics v1.1.0	vertebrates v1.1.0	single-cell v1.0.0
PXD064518_TMT75_TMT128C	Mus musculus	heart	cardiac muscle cell	not available	cell	single cell	male	not available	adult	not available	not available	not pooled	PXD064518_TMT75_TMT128C	1	manual picking	not available	one cardiomyocyte; channel-to-genotype assignment unavailable	20221019_Ec_01_SC_CNIC-KI_TMT75	proteomic profiling by mass spectrometry	20221019_Ec_01_SC_CNIC-KI_TMT75.raw	ftp://ftp.pride.ebi.ac.uk/pride/data/archive/2026/04/PXD064518/20221019_Ec_01_SC_CNIC-KI_TMT75.raw	TMT128C	1	1	NT=Orbitrap Eclipse;AC=MS:1003029	NT=Data-dependent acquisition;AC=PRIDE:0000627	NT=Trypsin;AC=MS:1001251	TMT131	not applicable	TMT75	NT=collision-induced dissociation;AC=MS:1000133	NT=beam-type collision-induced dissociation;AC=MS:1000422	not available	375m/z-1500m/z	not available	not available	not applicable	NT=TMT6plex;AC=UNIMOD:737;MT=fixed;PP=Any N-term	NT=TMT6plex;AC=UNIMOD:737;MT=fixed;TA=K;PP=Anywhere	NT=Oxidation;AC=UNIMOD:35;MT=variable;TA=M;PP=Anywhere	NT=Acetyl;AC=UNIMOD:1;MT=variable;PP=Protein N-term	v3.0.0	ms-proteomics v1.1.0	vertebrates v1.1.0	single-cell v1.0.0
PXD064518_TMT75_TMT129N	Mus musculus	heart	cardiac muscle cell	not available	cell	single cell	male	not available	adult	not available	not available	not pooled	PXD064518_TMT75_TMT129N	1	manual picking	not available	one cardiomyocyte; channel-to-genotype assignment unavailable	20221019_Ec_01_SC_CNIC-KI_TMT75	proteomic profiling by mass spectrometry	20221019_Ec_01_SC_CNIC-KI_TMT75.raw	ftp://ftp.pride.ebi.ac.uk/pride/data/archive/2026/04/PXD064518/20221019_Ec_01_SC_CNIC-KI_TMT75.raw	TMT129N	1	1	NT=Orbitrap Eclipse;AC=MS:1003029	NT=Data-dependent acquisition;AC=PRIDE:0000627	NT=Trypsin;AC=MS:1001251	TMT131	not applicable	TMT75	NT=collision-induced dissociation;AC=MS:1000133	NT=beam-type collision-induced dissociation;AC=MS:1000422	not available	375m/z-1500m/z	not available	not available	not applicable	NT=TMT6plex;AC=UNIMOD:737;MT=fixed;PP=Any N-term	NT=TMT6plex;AC=UNIMOD:737;MT=fixed;TA=K;PP=Anywhere	NT=Oxidation;AC=UNIMOD:35;MT=variable;TA=M;PP=Anywhere	NT=Acetyl;AC=UNIMOD:1;MT=variable;PP=Protein N-term	v3.0.0	ms-proteomics v1.1.0	vertebrates v1.1.0	single-cell v1.0.0
PXD064518_TMT75_TMT129C	Mus musculus	heart	cardiac muscle cell	not available	cell	single cell	male	not available	adult	not available	not available	not pooled	PXD064518_TMT75_TMT129C	1	manual picking	not available	one cardiomyocyte; channel-to-genotype assignment unavailable	20221019_Ec_01_SC_CNIC-KI_TMT75	proteomic profiling by mass spectrometry	20221019_Ec_01_SC_CNIC-KI_TMT75.raw	ftp://ftp.pride.ebi.ac.uk/pride/data/archive/2026/04/PXD064518/20221019_Ec_01_SC_CNIC-KI_TMT75.raw	TMT129C	1	1	NT=Orbitrap Eclipse;AC=MS:1003029	NT=Data-dependent acquisition;AC=PRIDE:0000627	NT=Trypsin;AC=MS:1001251	TMT131	not applicable	TMT75	NT=collision-induced dissociation;AC=MS:1000133	NT=beam-type collision-induced dissociation;AC=MS:1000422	not available	375m/z-1500m/z	not available	not available	not applicable	NT=TMT6plex;AC=UNIMOD:737;MT=fixed;PP=Any N-term	NT=TMT6plex;AC=UNIMOD:737;MT=fixed;TA=K;PP=Anywhere	NT=Oxidation;AC=UNIMOD:35;MT=variable;TA=M;PP=Anywhere	NT=Acetyl;AC=UNIMOD:1;MT=variable;PP=Protein N-term	v3.0.0	ms-proteomics v1.1.0	vertebrates v1.1.0	single-cell v1.0.0
PXD064518_TMT75_TMT130C	Mus musculus	heart	cardiac muscle cell	not available	cell	single cell	male	not available	adult	not available	not available	not pooled	PXD064518_TMT75_TMT130C	1	manual picking	not available	one cardiomyocyte; channel-to-genotype assignment unavailable	20221019_Ec_01_SC_CNIC-KI_TMT75	proteomic profiling by mass spectrometry	20221019_Ec_01_SC_CNIC-KI_TMT75.raw	ftp://ftp.pride.ebi.ac.uk/pride/data/archive/2026/04/PXD064518/20221019_Ec_01_SC_CNIC-KI_TMT75.raw	TMT130C	1	1	NT=Orbitrap Eclipse;AC=MS:1003029	NT=Data-dependent acquisition;AC=PRIDE:0000627	NT=Trypsin;AC=MS:1001251	TMT131	not applicable	TMT75	NT=collision-induced dissociation;AC=MS:1000133	NT=beam-type collision-induced dissociation;AC=MS:1000422	not available	375m/z-1500m/z	not available	not available	not applicable	NT=TMT6plex;AC=UNIMOD:737;MT=fixed;PP=Any N-term	NT=TMT6plex;AC=UNIMOD:737;MT=fixed;TA=K;PP=Anywhere	NT=Oxidation;AC=UNIMOD:35;MT=variable;TA=M;PP=Anywhere	NT=Acetyl;AC=UNIMOD:1;MT=variable;PP=Protein N-term	v3.0.0	ms-proteomics v1.1.0	vertebrates v1.1.0	single-cell v1.0.0
PXD064518_TMT75_TMT131	Mus musculus	heart	cardiac muscle cell	not available	cell	carrier	male	not available	adult	not available	pooled	pooled	not applicable	200	not available	mixed control and Myc-overexpressing cardiomyocytes	100 control plus 100 Myc-overexpressing cardiomyocytes	20221019_Ec_01_SC_CNIC-KI_TMT75	proteomic profiling by mass spectrometry	20221019_Ec_01_SC_CNIC-KI_TMT75.raw	ftp://ftp.pride.ebi.ac.uk/pride/data/archive/2026/04/PXD064518/20221019_Ec_01_SC_CNIC-KI_TMT75.raw	TMT131	1	1	NT=Orbitrap Eclipse;AC=MS:1003029	NT=Data-dependent acquisition;AC=PRIDE:0000627	NT=Trypsin;AC=MS:1001251	TMT131	not applicable	TMT75	NT=collision-induced dissociation;AC=MS:1000133	NT=beam-type collision-induced dissociation;AC=MS:1000422	not available	375m/z-1500m/z	not available	not available	not applicable	NT=TMT6plex;AC=UNIMOD:737;MT=fixed;PP=Any N-term	NT=TMT6plex;AC=UNIMOD:737;MT=fixed;TA=K;PP=Anywhere	NT=Oxidation;AC=UNIMOD:35;MT=variable;TA=M;PP=Anywhere	NT=Acetyl;AC=UNIMOD:1;MT=variable;PP=Protein N-term	v3.0.0	ms-proteomics v1.1.0	vertebrates v1.1.0	single-cell v1.0.0
PXD064518_TMT76_TMT126	Mus musculus	heart	cardiac muscle cell	not available	cell	single cell	male	not available	adult	not available	not available	not pooled	PXD064518_TMT76_TMT126	1	manual picking	not available	one cardiomyocyte; channel-to-genotype assignment unavailable	20221019_Ec_01_SC_CNIC-KI_TMT76	proteomic profiling by mass spectrometry	20221019_Ec_01_SC_CNIC-KI_TMT76.raw	ftp://ftp.pride.ebi.ac.uk/pride/data/archive/2026/04/PXD064518/20221019_Ec_01_SC_CNIC-KI_TMT76.raw	TMT126	1	1	NT=Orbitrap Eclipse;AC=MS:1003029	NT=Data-dependent acquisition;AC=PRIDE:0000627	NT=Trypsin;AC=MS:1001251	TMT131	not applicable	TMT76	NT=collision-induced dissociation;AC=MS:1000133	NT=beam-type collision-induced dissociation;AC=MS:1000422	not available	375m/z-1500m/z	not available	not available	not applicable	NT=TMT6plex;AC=UNIMOD:737;MT=fixed;PP=Any N-term	NT=TMT6plex;AC=UNIMOD:737;MT=fixed;TA=K;PP=Anywhere	NT=Oxidation;AC=UNIMOD:35;MT=variable;TA=M;PP=Anywhere	NT=Acetyl;AC=UNIMOD:1;MT=variable;PP=Protein N-term	v3.0.0	ms-proteomics v1.1.0	vertebrates v1.1.0	single-cell v1.0.0
PXD064518_TMT76_TMT127N	Mus musculus	heart	cardiac muscle cell	not available	cell	single cell	male	not available	adult	not available	not available	not pooled	PXD064518_TMT76_TMT127N	1	manual picking	not available	one cardiomyocyte; channel-to-genotype assignment unavailable	20221019_Ec_01_SC_CNIC-KI_TMT76	proteomic profiling by mass spectrometry	20221019_Ec_01_SC_CNIC-KI_TMT76.raw	ftp://ftp.pride.ebi.ac.uk/pride/data/archive/2026/04/PXD064518/20221019_Ec_01_SC_CNIC-KI_TMT76.raw	TMT127N	1	1	NT=Orbitrap Eclipse;AC=MS:1003029	NT=Data-dependent acquisition;AC=PRIDE:0000627	NT=Trypsin;AC=MS:1001251	TMT131	not applicable	TMT76	NT=collision-induced dissociation;AC=MS:1000133	NT=beam-type collision-induced dissociation;AC=MS:1000422	not available	375m/z-1500m/z	not available	not available	not applicable	NT=TMT6plex;AC=UNIMOD:737;MT=fixed;PP=Any N-term	NT=TMT6plex;AC=UNIMOD:737;MT=fixed;TA=K;PP=Anywhere	NT=Oxidation;AC=UNIMOD:35;MT=variable;TA=M;PP=Anywhere	NT=Acetyl;AC=UNIMOD:1;MT=variable;PP=Protein N-term	v3.0.0	ms-proteomics v1.1.0	vertebrates v1.1.0	single-cell v1.0.0
PXD064518_TMT76_TMT127C	Mus musculus	heart	cardiac muscle cell	not available	cell	single cell	male	not available	adult	not available	not available	not pooled	PXD064518_TMT76_TMT127C	1	manual picking	not available	one cardiomyocyte; channel-to-genotype assignment unavailable	20221019_Ec_01_SC_CNIC-KI_TMT76	proteomic profiling by mass spectrometry	20221019_Ec_01_SC_CNIC-KI_TMT76.raw	ftp://ftp.pride.ebi.ac.uk/pride/data/archive/2026/04/PXD064518/20221019_Ec_01_SC_CNIC-KI_TMT76.raw	TMT127C	1	1	NT=Orbitrap Eclipse;AC=MS:1003029	NT=Data-dependent acquisition;AC=PRIDE:0000627	NT=Trypsin;AC=MS:1001251	TMT131	not applicable	TMT76	NT=collision-induced dissociation;AC=MS:1000133	NT=beam-type collision-induced dissociation;AC=MS:1000422	not available	375m/z-1500m/z	not available	not available	not applicable	NT=TMT6plex;AC=UNIMOD:737;MT=fixed;PP=Any N-term	NT=TMT6plex;AC=UNIMOD:737;MT=fixed;TA=K;PP=Anywhere	NT=Oxidation;AC=UNIMOD:35;MT=variable;TA=M;PP=Anywhere	NT=Acetyl;AC=UNIMOD:1;MT=variable;PP=Protein N-term	v3.0.0	ms-proteomics v1.1.0	vertebrates v1.1.0	single-cell v1.0.0
PXD064518_TMT76_TMT128N	Mus musculus	heart	cardiac muscle cell	not available	cell	single cell	male	not available	adult	not available	not available	not pooled	PXD064518_TMT76_TMT128N	1	manual picking	not available	one cardiomyocyte; channel-to-genotype assignment unavailable	20221019_Ec_01_SC_CNIC-KI_TMT76	proteomic profiling by mass spectrometry	20221019_Ec_01_SC_CNIC-KI_TMT76.raw	ftp://ftp.pride.ebi.ac.uk/pride/data/archive/2026/04/PXD064518/20221019_Ec_01_SC_CNIC-KI_TMT76.raw	TMT128N	1	1	NT=Orbitrap Eclipse;AC=MS:1003029	NT=Data-dependent acquisition;AC=PRIDE:0000627	NT=Trypsin;AC=MS:1001251	TMT131	not applicable	TMT76	NT=collision-induced dissociation;AC=MS:1000133	NT=beam-type collision-induced dissociation;AC=MS:1000422	not available	375m/z-1500m/z	not available	not available	not applicable	NT=TMT6plex;AC=UNIMOD:737;MT=fixed;PP=Any N-term	NT=TMT6plex;AC=UNIMOD:737;MT=fixed;TA=K;PP=Anywhere	NT=Oxidation;AC=UNIMOD:35;MT=variable;TA=M;PP=Anywhere	NT=Acetyl;AC=UNIMOD:1;MT=variable;PP=Protein N-term	v3.0.0	ms-proteomics v1.1.0	vertebrates v1.1.0	single-cell v1.0.0
PXD064518_TMT76_TMT128C	Mus musculus	heart	cardiac muscle cell	not available	cell	single cell	male	not available	adult	not available	not available	not pooled	PXD064518_TMT76_TMT128C	1	manual picking	not available	one cardiomyocyte; channel-to-genotype assignment unavailable	20221019_Ec_01_SC_CNIC-KI_TMT76	proteomic profiling by mass spectrometry	20221019_Ec_01_SC_CNIC-KI_TMT76.raw	ftp://ftp.pride.ebi.ac.uk/pride/data/archive/2026/04/PXD064518/20221019_Ec_01_SC_CNIC-KI_TMT76.raw	TMT128C	1	1	NT=Orbitrap Eclipse;AC=MS:1003029	NT=Data-dependent acquisition;AC=PRIDE:0000627	NT=Trypsin;AC=MS:1001251	TMT131	not applicable	TMT76	NT=collision-induced dissociation;AC=MS:1000133	NT=beam-type collision-induced dissociation;AC=MS:1000422	not available	375m/z-1500m/z	not available	not available	not applicable	NT=TMT6plex;AC=UNIMOD:737;MT=fixed;PP=Any N-term	NT=TMT6plex;AC=UNIMOD:737;MT=fixed;TA=K;PP=Anywhere	NT=Oxidation;AC=UNIMOD:35;MT=variable;TA=M;PP=Anywhere	NT=Acetyl;AC=UNIMOD:1;MT=variable;PP=Protein N-term	v3.0.0	ms-proteomics v1.1.0	vertebrates v1.1.0	single-cell v1.0.0
PXD064518_TMT76_TMT129N	Mus musculus	heart	cardiac muscle cell	not available	cell	single cell	male	not available	adult	not available	not available	not pooled	PXD064518_TMT76_TMT129N	1	manual picking	not available	one cardiomyocyte; channel-to-genotype assignment unavailable	20221019_Ec_01_SC_CNIC-KI_TMT76	proteomic profiling by mass spectrometry	20221019_Ec_01_SC_CNIC-KI_TMT76.raw	ftp://ftp.pride.ebi.ac.uk/pride/data/archive/2026/04/PXD064518/20221019_Ec_01_SC_CNIC-KI_TMT76.raw	TMT129N	1	1	NT=Orbitrap Eclipse;AC=MS:1003029	NT=Data-dependent acquisition;AC=PRIDE:0000627	NT=Trypsin;AC=MS:1001251	TMT131	not applicable	TMT76	NT=collision-induced dissociation;AC=MS:1000133	NT=beam-type collision-induced dissociation;AC=MS:1000422	not available	375m/z-1500m/z	not available	not available	not applicable	NT=TMT6plex;AC=UNIMOD:737;MT=fixed;PP=Any N-term	NT=TMT6plex;AC=UNIMOD:737;MT=fixed;TA=K;PP=Anywhere	NT=Oxidation;AC=UNIMOD:35;MT=variable;TA=M;PP=Anywhere	NT=Acetyl;AC=UNIMOD:1;MT=variable;PP=Protein N-term	v3.0.0	ms-proteomics v1.1.0	vertebrates v1.1.0	single-cell v1.0.0
PXD064518_TMT76_TMT129C	Mus musculus	heart	cardiac muscle cell	not available	cell	single cell	male	not available	adult	not available	not available	not pooled	PXD064518_TMT76_TMT129C	1	manual picking	not available	one cardiomyocyte; channel-to-genotype assignment unavailable	20221019_Ec_01_SC_CNIC-KI_TMT76	proteomic profiling by mass spectrometry	20221019_Ec_01_SC_CNIC-KI_TMT76.raw	ftp://ftp.pride.ebi.ac.uk/pride/data/archive/2026/04/PXD064518/20221019_Ec_01_SC_CNIC-KI_TMT76.raw	TMT129C	1	1	NT=Orbitrap Eclipse;AC=MS:1003029	NT=Data-dependent acquisition;AC=PRIDE:0000627	NT=Trypsin;AC=MS:1001251	TMT131	not applicable	TMT76	NT=collision-induced dissociation;AC=MS:1000133	NT=beam-type collision-induced dissociation;AC=MS:1000422	not available	375m/z-1500m/z	not available	not available	not applicable	NT=TMT6plex;AC=UNIMOD:737;MT=fixed;PP=Any N-term	NT=TMT6plex;AC=UNIMOD:737;MT=fixed;TA=K;PP=Anywhere	NT=Oxidation;AC=UNIMOD:35;MT=variable;TA=M;PP=Anywhere	NT=Acetyl;AC=UNIMOD:1;MT=variable;PP=Protein N-term	v3.0.0	ms-proteomics v1.1.0	vertebrates v1.1.0	single-cell v1.0.0
PXD064518_TMT76_TMT130C	Mus musculus	heart	cardiac muscle cell	not available	cell	single cell	male	not available	adult	not available	not available	not pooled	PXD064518_TMT76_TMT130C	1	manual picking	not available	one cardiomyocyte; channel-to-genotype assignment unavailable	20221019_Ec_01_SC_CNIC-KI_TMT76	proteomic profiling by mass spectrometry	20221019_Ec_01_SC_CNIC-KI_TMT76.raw	ftp://ftp.pride.ebi.ac.uk/pride/data/archive/2026/04/PXD064518/20221019_Ec_01_SC_CNIC-KI_TMT76.raw	TMT130C	1	1	NT=Orbitrap Eclipse;AC=MS:1003029	NT=Data-dependent acquisition;AC=PRIDE:0000627	NT=Trypsin;AC=MS:1001251	TMT131	not applicable	TMT76	NT=collision-induced dissociation;AC=MS:1000133	NT=beam-type collision-induced dissociation;AC=MS:1000422	not available	375m/z-1500m/z	not available	not available	not applicable	NT=TMT6plex;AC=UNIMOD:737;MT=fixed;PP=Any N-term	NT=TMT6plex;AC=UNIMOD:737;MT=fixed;TA=K;PP=Anywhere	NT=Oxidation;AC=UNIMOD:35;MT=variable;TA=M;PP=Anywhere	NT=Acetyl;AC=UNIMOD:1;MT=variable;PP=Protein N-term	v3.0.0	ms-proteomics v1.1.0	vertebrates v1.1.0	single-cell v1.0.0
PXD064518_TMT76_TMT131	Mus musculus	heart	cardiac muscle cell	not available	cell	carrier	male	not available	adult	not available	pooled	pooled	not applicable	200	not available	mixed control and Myc-overexpressing cardiomyocytes	100 control plus 100 Myc-overexpressing cardiomyocytes	20221019_Ec_01_SC_CNIC-KI_TMT76	proteomic profiling by mass spectrometry	20221019_Ec_01_SC_CNIC-KI_TMT76.raw	ftp://ftp.pride.ebi.ac.uk/pride/data/archive/2026/04/PXD064518/20221019_Ec_01_SC_CNIC-KI_TMT76.raw	TMT131	1	1	NT=Orbitrap Eclipse;AC=MS:1003029	NT=Data-dependent acquisition;AC=PRIDE:0000627	NT=Trypsin;AC=MS:1001251	TMT131	not applicable	TMT76	NT=collision-induced dissociation;AC=MS:1000133	NT=beam-type collision-induced dissociation;AC=MS:1000422	not available	375m/z-1500m/z	not available	not available	not applicable	NT=TMT6plex;AC=UNIMOD:737;MT=fixed;PP=Any N-term	NT=TMT6plex;AC=UNIMOD:737;MT=fixed;TA=K;PP=Anywhere	NT=Oxidation;AC=UNIMOD:35;MT=variable;TA=M;PP=Anywhere	NT=Acetyl;AC=UNIMOD:1;MT=variable;PP=Protein N-term	v3.0.0	ms-proteomics v1.1.0	vertebrates v1.1.0	single-cell v1.0.0
PXD064518_TMT77_TMT126	Mus musculus	heart	cardiac muscle cell	not available	cell	single cell	male	not available	adult	not available	not available	not pooled	PXD064518_TMT77_TMT126	1	manual picking	not available	one cardiomyocyte; channel-to-genotype assignment unavailable	20221019_Ec_01_SC_CNIC-KI_TMT77	proteomic profiling by mass spectrometry	20221019_Ec_01_SC_CNIC-KI_TMT77.raw	ftp://ftp.pride.ebi.ac.uk/pride/data/archive/2026/04/PXD064518/20221019_Ec_01_SC_CNIC-KI_TMT77.raw	TMT126	1	1	NT=Orbitrap Eclipse;AC=MS:1003029	NT=Data-dependent acquisition;AC=PRIDE:0000627	NT=Trypsin;AC=MS:1001251	TMT131	not applicable	TMT77	NT=collision-induced dissociation;AC=MS:1000133	NT=beam-type collision-induced dissociation;AC=MS:1000422	not available	375m/z-1500m/z	not available	not available	not applicable	NT=TMT6plex;AC=UNIMOD:737;MT=fixed;PP=Any N-term	NT=TMT6plex;AC=UNIMOD:737;MT=fixed;TA=K;PP=Anywhere	NT=Oxidation;AC=UNIMOD:35;MT=variable;TA=M;PP=Anywhere	NT=Acetyl;AC=UNIMOD:1;MT=variable;PP=Protein N-term	v3.0.0	ms-proteomics v1.1.0	vertebrates v1.1.0	single-cell v1.0.0
PXD064518_TMT77_TMT127N	Mus musculus	heart	cardiac muscle cell	not available	cell	single cell	male	not available	adult	not available	not available	not pooled	PXD064518_TMT77_TMT127N	1	manual picking	not available	one cardiomyocyte; channel-to-genotype assignment unavailable	20221019_Ec_01_SC_CNIC-KI_TMT77	proteomic profiling by mass spectrometry	20221019_Ec_01_SC_CNIC-KI_TMT77.raw	ftp://ftp.pride.ebi.ac.uk/pride/data/archive/2026/04/PXD064518/20221019_Ec_01_SC_CNIC-KI_TMT77.raw	TMT127N	1	1	NT=Orbitrap Eclipse;AC=MS:1003029	NT=Data-dependent acquisition;AC=PRIDE:0000627	NT=Trypsin;AC=MS:1001251	TMT131	not applicable	TMT77	NT=collision-induced dissociation;AC=MS:1000133	NT=beam-type collision-induced dissociation;AC=MS:1000422	not available	375m/z-1500m/z	not available	not available	not applicable	NT=TMT6plex;AC=UNIMOD:737;MT=fixed;PP=Any N-term	NT=TMT6plex;AC=UNIMOD:737;MT=fixed;TA=K;PP=Anywhere	NT=Oxidation;AC=UNIMOD:35;MT=variable;TA=M;PP=Anywhere	NT=Acetyl;AC=UNIMOD:1;MT=variable;PP=Protein N-term	v3.0.0	ms-proteomics v1.1.0	vertebrates v1.1.0	single-cell v1.0.0
PXD064518_TMT77_TMT127C	Mus musculus	heart	cardiac muscle cell	not available	cell	single cell	male	not available	adult	not available	not available	not pooled	PXD064518_TMT77_TMT127C	1	manual picking	not available	one cardiomyocyte; channel-to-genotype assignment unavailable	20221019_Ec_01_SC_CNIC-KI_TMT77	proteomic profiling by mass spectrometry	20221019_Ec_01_SC_CNIC-KI_TMT77.raw	ftp://ftp.pride.ebi.ac.uk/pride/data/archive/2026/04/PXD064518/20221019_Ec_01_SC_CNIC-KI_TMT77.raw	TMT127C	1	1	NT=Orbitrap Eclipse;AC=MS:1003029	NT=Data-dependent acquisition;AC=PRIDE:0000627	NT=Trypsin;AC=MS:1001251	TMT131	not applicable	TMT77	NT=collision-induced dissociation;AC=MS:1000133	NT=beam-type collision-induced dissociation;AC=MS:1000422	not available	375m/z-1500m/z	not available	not available	not applicable	NT=TMT6plex;AC=UNIMOD:737;MT=fixed;PP=Any N-term	NT=TMT6plex;AC=UNIMOD:737;MT=fixed;TA=K;PP=Anywhere	NT=Oxidation;AC=UNIMOD:35;MT=variable;TA=M;PP=Anywhere	NT=Acetyl;AC=UNIMOD:1;MT=variable;PP=Protein N-term	v3.0.0	ms-proteomics v1.1.0	vertebrates v1.1.0	single-cell v1.0.0
PXD064518_TMT77_TMT128N	Mus musculus	heart	cardiac muscle cell	not available	cell	single cell	male	not available	adult	not available	not available	not pooled	PXD064518_TMT77_TMT128N	1	manual picking	not available	one cardiomyocyte; channel-to-genotype assignment unavailable	20221019_Ec_01_SC_CNIC-KI_TMT77	proteomic profiling by mass spectrometry	20221019_Ec_01_SC_CNIC-KI_TMT77.raw	ftp://ftp.pride.ebi.ac.uk/pride/data/archive/2026/04/PXD064518/20221019_Ec_01_SC_CNIC-KI_TMT77.raw	TMT128N	1	1	NT=Orbitrap Eclipse;AC=MS:1003029	NT=Data-dependent acquisition;AC=PRIDE:0000627	NT=Trypsin;AC=MS:1001251	TMT131	not applicable	TMT77	NT=collision-induced dissociation;AC=MS:1000133	NT=beam-type collision-induced dissociation;AC=MS:1000422	not available	375m/z-1500m/z	not available	not available	not applicable	NT=TMT6plex;AC=UNIMOD:737;MT=fixed;PP=Any N-term	NT=TMT6plex;AC=UNIMOD:737;MT=fixed;TA=K;PP=Anywhere	NT=Oxidation;AC=UNIMOD:35;MT=variable;TA=M;PP=Anywhere	NT=Acetyl;AC=UNIMOD:1;MT=variable;PP=Protein N-term	v3.0.0	ms-proteomics v1.1.0	vertebrates v1.1.0	single-cell v1.0.0
PXD064518_TMT77_TMT128C	Mus musculus	heart	cardiac muscle cell	not available	cell	single cell	male	not available	adult	not available	not available	not pooled	PXD064518_TMT77_TMT128C	1	manual picking	not available	one cardiomyocyte; channel-to-genotype assignment unavailable	20221019_Ec_01_SC_CNIC-KI_TMT77	proteomic profiling by mass spectrometry	20221019_Ec_01_SC_CNIC-KI_TMT77.raw	ftp://ftp.pride.ebi.ac.uk/pride/data/archive/2026/04/PXD064518/20221019_Ec_01_SC_CNIC-KI_TMT77.raw	TMT128C	1	1	NT=Orbitrap Eclipse;AC=MS:1003029	NT=Data-dependent acquisition;AC=PRIDE:0000627	NT=Trypsin;AC=MS:1001251	TMT131	not applicable	TMT77	NT=collision-induced dissociation;AC=MS:1000133	NT=beam-type collision-induced dissociation;AC=MS:1000422	not available	375m/z-1500m/z	not available	not available	not applicable	NT=TMT6plex;AC=UNIMOD:737;MT=fixed;PP=Any N-term	NT=TMT6plex;AC=UNIMOD:737;MT=fixed;TA=K;PP=Anywhere	NT=Oxidation;AC=UNIMOD:35;MT=variable;TA=M;PP=Anywhere	NT=Acetyl;AC=UNIMOD:1;MT=variable;PP=Protein N-term	v3.0.0	ms-proteomics v1.1.0	vertebrates v1.1.0	single-cell v1.0.0
PXD064518_TMT77_TMT129N	Mus musculus	heart	cardiac muscle cell	not available	cell	single cell	male	not available	adult	not available	not available	not pooled	PXD064518_TMT77_TMT129N	1	manual picking	not available	one cardiomyocyte; channel-to-genotype assignment unavailable	20221019_Ec_01_SC_CNIC-KI_TMT77	proteomic profiling by mass spectrometry	20221019_Ec_01_SC_CNIC-KI_TMT77.raw	ftp://ftp.pride.ebi.ac.uk/pride/data/archive/2026/04/PXD064518/20221019_Ec_01_SC_CNIC-KI_TMT77.raw	TMT129N	1	1	NT=Orbitrap Eclipse;AC=MS:1003029	NT=Data-dependent acquisition;AC=PRIDE:0000627	NT=Trypsin;AC=MS:1001251	TMT131	not applicable	TMT77	NT=collision-induced dissociation;AC=MS:1000133	NT=beam-type collision-induced dissociation;AC=MS:1000422	not available	375m/z-1500m/z	not available	not available	not applicable	NT=TMT6plex;AC=UNIMOD:737;MT=fixed;PP=Any N-term	NT=TMT6plex;AC=UNIMOD:737;MT=fixed;TA=K;PP=Anywhere	NT=Oxidation;AC=UNIMOD:35;MT=variable;TA=M;PP=Anywhere	NT=Acetyl;AC=UNIMOD:1;MT=variable;PP=Protein N-term	v3.0.0	ms-proteomics v1.1.0	vertebrates v1.1.0	single-cell v1.0.0
PXD064518_TMT77_TMT129C	Mus musculus	heart	cardiac muscle cell	not available	cell	single cell	male	not available	adult	not available	not available	not pooled	PXD064518_TMT77_TMT129C	1	manual picking	not available	one cardiomyocyte; channel-to-genotype assignment unavailable	20221019_Ec_01_SC_CNIC-KI_TMT77	proteomic profiling by mass spectrometry	20221019_Ec_01_SC_CNIC-KI_TMT77.raw	ftp://ftp.pride.ebi.ac.uk/pride/data/archive/2026/04/PXD064518/20221019_Ec_01_SC_CNIC-KI_TMT77.raw	TMT129C	1	1	NT=Orbitrap Eclipse;AC=MS:1003029	NT=Data-dependent acquisition;AC=PRIDE:0000627	NT=Trypsin;AC=MS:1001251	TMT131	not applicable	TMT77	NT=collision-induced dissociation;AC=MS:1000133	NT=beam-type collision-induced dissociation;AC=MS:1000422	not available	375m/z-1500m/z	not available	not available	not applicable	NT=TMT6plex;AC=UNIMOD:737;MT=fixed;PP=Any N-term	NT=TMT6plex;AC=UNIMOD:737;MT=fixed;TA=K;PP=Anywhere	NT=Oxidation;AC=UNIMOD:35;MT=variable;TA=M;PP=Anywhere	NT=Acetyl;AC=UNIMOD:1;MT=variable;PP=Protein N-term	v3.0.0	ms-proteomics v1.1.0	vertebrates v1.1.0	single-cell v1.0.0
PXD064518_TMT77_TMT130C	Mus musculus	heart	cardiac muscle cell	not available	cell	single cell	male	not available	adult	not available	not available	not pooled	PXD064518_TMT77_TMT130C	1	manual picking	not available	one cardiomyocyte; channel-to-genotype assignment unavailable	20221019_Ec_01_SC_CNIC-KI_TMT77	proteomic profiling by mass spectrometry	20221019_Ec_01_SC_CNIC-KI_TMT77.raw	ftp://ftp.pride.ebi.ac.uk/pride/data/archive/2026/04/PXD064518/20221019_Ec_01_SC_CNIC-KI_TMT77.raw	TMT130C	1	1	NT=Orbitrap Eclipse;AC=MS:1003029	NT=Data-dependent acquisition;AC=PRIDE:0000627	NT=Trypsin;AC=MS:1001251	TMT131	not applicable	TMT77	NT=collision-induced dissociation;AC=MS:1000133	NT=beam-type collision-induced dissociation;AC=MS:1000422	not available	375m/z-1500m/z	not available	not available	not applicable	NT=TMT6plex;AC=UNIMOD:737;MT=fixed;PP=Any N-term	NT=TMT6plex;AC=UNIMOD:737;MT=fixed;TA=K;PP=Anywhere	NT=Oxidation;AC=UNIMOD:35;MT=variable;TA=M;PP=Anywhere	NT=Acetyl;AC=UNIMOD:1;MT=variable;PP=Protein N-term	v3.0.0	ms-proteomics v1.1.0	vertebrates v1.1.0	single-cell v1.0.0
PXD064518_TMT77_TMT131	Mus musculus	heart	cardiac muscle cell	not available	cell	carrier	male	not available	adult	not available	pooled	pooled	not applicable	200	not available	mixed control and Myc-overexpressing cardiomyocytes	100 control plus 100 Myc-overexpressing cardiomyocytes	20221019_Ec_01_SC_CNIC-KI_TMT77	proteomic profiling by mass spectrometry	20221019_Ec_01_SC_CNIC-KI_TMT77.raw	ftp://ftp.pride.ebi.ac.uk/pride/data/archive/2026/04/PXD064518/20221019_Ec_01_SC_CNIC-KI_TMT77.raw	TMT131	1	1	NT=Orbitrap Eclipse;AC=MS:1003029	NT=Data-dependent acquisition;AC=PRIDE:0000627	NT=Trypsin;AC=MS:1001251	TMT131	not applicable	TMT77	NT=collision-induced dissociation;AC=MS:1000133	NT=beam-type collision-induced dissociation;AC=MS:1000422	not available	375m/z-1500m/z	not available	not available	not applicable	NT=TMT6plex;AC=UNIMOD:737;MT=fixed;PP=Any N-term	NT=TMT6plex;AC=UNIMOD:737;MT=fixed;TA=K;PP=Anywhere	NT=Oxidation;AC=UNIMOD:35;MT=variable;TA=M;PP=Anywhere	NT=Acetyl;AC=UNIMOD:1;MT=variable;PP=Protein N-term	v3.0.0	ms-proteomics v1.1.0	vertebrates v1.1.0	single-cell v1.0.0
PXD064518_TMT78_TMT126	Mus musculus	heart	cardiac muscle cell	not available	cell	single cell	male	not available	adult	not available	not available	not pooled	PXD064518_TMT78_TMT126	1	manual picking	not available	one cardiomyocyte; channel-to-genotype assignment unavailable	20221019_Ec_01_SC_CNIC-KI_TMT78	proteomic profiling by mass spectrometry	20221019_Ec_01_SC_CNIC-KI_TMT78.raw	ftp://ftp.pride.ebi.ac.uk/pride/data/archive/2026/04/PXD064518/20221019_Ec_01_SC_CNIC-KI_TMT78.raw	TMT126	1	1	NT=Orbitrap Eclipse;AC=MS:1003029	NT=Data-dependent acquisition;AC=PRIDE:0000627	NT=Trypsin;AC=MS:1001251	TMT131	not applicable	TMT78	NT=collision-induced dissociation;AC=MS:1000133	NT=beam-type collision-induced dissociation;AC=MS:1000422	not available	375m/z-1500m/z	not available	not available	not applicable	NT=TMT6plex;AC=UNIMOD:737;MT=fixed;PP=Any N-term	NT=TMT6plex;AC=UNIMOD:737;MT=fixed;TA=K;PP=Anywhere	NT=Oxidation;AC=UNIMOD:35;MT=variable;TA=M;PP=Anywhere	NT=Acetyl;AC=UNIMOD:1;MT=variable;PP=Protein N-term	v3.0.0	ms-proteomics v1.1.0	vertebrates v1.1.0	single-cell v1.0.0
PXD064518_TMT78_TMT127N	Mus musculus	heart	cardiac muscle cell	not available	cell	single cell	male	not available	adult	not available	not available	not pooled	PXD064518_TMT78_TMT127N	1	manual picking	not available	one cardiomyocyte; channel-to-genotype assignment unavailable	20221019_Ec_01_SC_CNIC-KI_TMT78	proteomic profiling by mass spectrometry	20221019_Ec_01_SC_CNIC-KI_TMT78.raw	ftp://ftp.pride.ebi.ac.uk/pride/data/archive/2026/04/PXD064518/20221019_Ec_01_SC_CNIC-KI_TMT78.raw	TMT127N	1	1	NT=Orbitrap Eclipse;AC=MS:1003029	NT=Data-dependent acquisition;AC=PRIDE:0000627	NT=Trypsin;AC=MS:1001251	TMT131	not applicable	TMT78	NT=collision-induced dissociation;AC=MS:1000133	NT=beam-type collision-induced dissociation;AC=MS:1000422	not available	375m/z-1500m/z	not available	not available	not applicable	NT=TMT6plex;AC=UNIMOD:737;MT=fixed;PP=Any N-term	NT=TMT6plex;AC=UNIMOD:737;MT=fixed;TA=K;PP=Anywhere	NT=Oxidation;AC=UNIMOD:35;MT=variable;TA=M;PP=Anywhere	NT=Acetyl;AC=UNIMOD:1;MT=variable;PP=Protein N-term	v3.0.0	ms-proteomics v1.1.0	vertebrates v1.1.0	single-cell v1.0.0
PXD064518_TMT78_TMT127C	Mus musculus	heart	cardiac muscle cell	not available	cell	single cell	male	not available	adult	not available	not available	not pooled	PXD064518_TMT78_TMT127C	1	manual picking	not available	one cardiomyocyte; channel-to-genotype assignment unavailable	20221019_Ec_01_SC_CNIC-KI_TMT78	proteomic profiling by mass spectrometry	20221019_Ec_01_SC_CNIC-KI_TMT78.raw	ftp://ftp.pride.ebi.ac.uk/pride/data/archive/2026/04/PXD064518/20221019_Ec_01_SC_CNIC-KI_TMT78.raw	TMT127C	1	1	NT=Orbitrap Eclipse;AC=MS:1003029	NT=Data-dependent acquisition;AC=PRIDE:0000627	NT=Trypsin;AC=MS:1001251	TMT131	not applicable	TMT78	NT=collision-induced dissociation;AC=MS:1000133	NT=beam-type collision-induced dissociation;AC=MS:1000422	not available	375m/z-1500m/z	not available	not available	not applicable	NT=TMT6plex;AC=UNIMOD:737;MT=fixed;PP=Any N-term	NT=TMT6plex;AC=UNIMOD:737;MT=fixed;TA=K;PP=Anywhere	NT=Oxidation;AC=UNIMOD:35;MT=variable;TA=M;PP=Anywhere	NT=Acetyl;AC=UNIMOD:1;MT=variable;PP=Protein N-term	v3.0.0	ms-proteomics v1.1.0	vertebrates v1.1.0	single-cell v1.0.0
PXD064518_TMT78_TMT128N	Mus musculus	heart	cardiac muscle cell	not available	cell	single cell	male	not available	adult	not available	not available	not pooled	PXD064518_TMT78_TMT128N	1	manual picking	not available	one cardiomyocyte; channel-to-genotype assignment unavailable	20221019_Ec_01_SC_CNIC-KI_TMT78	proteomic profiling by mass spectrometry	20221019_Ec_01_SC_CNIC-KI_TMT78.raw	ftp://ftp.pride.ebi.ac.uk/pride/data/archive/2026/04/PXD064518/20221019_Ec_01_SC_CNIC-KI_TMT78.raw	TMT128N	1	1	NT=Orbitrap Eclipse;AC=MS:1003029	NT=Data-dependent acquisition;AC=PRIDE:0000627	NT=Trypsin;AC=MS:1001251	TMT131	not applicable	TMT78	NT=collision-induced dissociation;AC=MS:1000133	NT=beam-type collision-induced dissociation;AC=MS:1000422	not available	375m/z-1500m/z	not available	not available	not applicable	NT=TMT6plex;AC=UNIMOD:737;MT=fixed;PP=Any N-term	NT=TMT6plex;AC=UNIMOD:737;MT=fixed;TA=K;PP=Anywhere	NT=Oxidation;AC=UNIMOD:35;MT=variable;TA=M;PP=Anywhere	NT=Acetyl;AC=UNIMOD:1;MT=variable;PP=Protein N-term	v3.0.0	ms-proteomics v1.1.0	vertebrates v1.1.0	single-cell v1.0.0
PXD064518_TMT78_TMT128C	Mus musculus	heart	cardiac muscle cell	not available	cell	single cell	male	not available	adult	not available	not available	not pooled	PXD064518_TMT78_TMT128C	1	manual picking	not available	one cardiomyocyte; channel-to-genotype assignment unavailable	20221019_Ec_01_SC_CNIC-KI_TMT78	proteomic profiling by mass spectrometry	20221019_Ec_01_SC_CNIC-KI_TMT78.raw	ftp://ftp.pride.ebi.ac.uk/pride/data/archive/2026/04/PXD064518/20221019_Ec_01_SC_CNIC-KI_TMT78.raw	TMT128C	1	1	NT=Orbitrap Eclipse;AC=MS:1003029	NT=Data-dependent acquisition;AC=PRIDE:0000627	NT=Trypsin;AC=MS:1001251	TMT131	not applicable	TMT78	NT=collision-induced dissociation;AC=MS:1000133	NT=beam-type collision-induced dissociation;AC=MS:1000422	not available	375m/z-1500m/z	not available	not available	not applicable	NT=TMT6plex;AC=UNIMOD:737;MT=fixed;PP=Any N-term	NT=TMT6plex;AC=UNIMOD:737;MT=fixed;TA=K;PP=Anywhere	NT=Oxidation;AC=UNIMOD:35;MT=variable;TA=M;PP=Anywhere	NT=Acetyl;AC=UNIMOD:1;MT=variable;PP=Protein N-term	v3.0.0	ms-proteomics v1.1.0	vertebrates v1.1.0	single-cell v1.0.0
PXD064518_TMT78_TMT129N	Mus musculus	heart	cardiac muscle cell	not available	cell	single cell	male	not available	adult	not available	not available	not pooled	PXD064518_TMT78_TMT129N	1	manual picking	not available	one cardiomyocyte; channel-to-genotype assignment unavailable	20221019_Ec_01_SC_CNIC-KI_TMT78	proteomic profiling by mass spectrometry	20221019_Ec_01_SC_CNIC-KI_TMT78.raw	ftp://ftp.pride.ebi.ac.uk/pride/data/archive/2026/04/PXD064518/20221019_Ec_01_SC_CNIC-KI_TMT78.raw	TMT129N	1	1	NT=Orbitrap Eclipse;AC=MS:1003029	NT=Data-dependent acquisition;AC=PRIDE:0000627	NT=Trypsin;AC=MS:1001251	TMT131	not applicable	TMT78	NT=collision-induced dissociation;AC=MS:1000133	NT=beam-type collision-induced dissociation;AC=MS:1000422	not available	375m/z-1500m/z	not available	not available	not applicable	NT=TMT6plex;AC=UNIMOD:737;MT=fixed;PP=Any N-term	NT=TMT6plex;AC=UNIMOD:737;MT=fixed;TA=K;PP=Anywhere	NT=Oxidation;AC=UNIMOD:35;MT=variable;TA=M;PP=Anywhere	NT=Acetyl;AC=UNIMOD:1;MT=variable;PP=Protein N-term	v3.0.0	ms-proteomics v1.1.0	vertebrates v1.1.0	single-cell v1.0.0
PXD064518_TMT78_TMT129C	Mus musculus	heart	cardiac muscle cell	not available	cell	single cell	male	not available	adult	not available	not available	not pooled	PXD064518_TMT78_TMT129C	1	manual picking	not available	one cardiomyocyte; channel-to-genotype assignment unavailable	20221019_Ec_01_SC_CNIC-KI_TMT78	proteomic profiling by mass spectrometry	20221019_Ec_01_SC_CNIC-KI_TMT78.raw	ftp://ftp.pride.ebi.ac.uk/pride/data/archive/2026/04/PXD064518/20221019_Ec_01_SC_CNIC-KI_TMT78.raw	TMT129C	1	1	NT=Orbitrap Eclipse;AC=MS:1003029	NT=Data-dependent acquisition;AC=PRIDE:0000627	NT=Trypsin;AC=MS:1001251	TMT131	not applicable	TMT78	NT=collision-induced dissociation;AC=MS:1000133	NT=beam-type collision-induced dissociation;AC=MS:1000422	not available	375m/z-1500m/z	not available	not available	not applicable	NT=TMT6plex;AC=UNIMOD:737;MT=fixed;PP=Any N-term	NT=TMT6plex;AC=UNIMOD:737;MT=fixed;TA=K;PP=Anywhere	NT=Oxidation;AC=UNIMOD:35;MT=variable;TA=M;PP=Anywhere	NT=Acetyl;AC=UNIMOD:1;MT=variable;PP=Protein N-term	v3.0.0	ms-proteomics v1.1.0	vertebrates v1.1.0	single-cell v1.0.0
PXD064518_TMT78_TMT130C	Mus musculus	heart	cardiac muscle cell	not available	cell	single cell	male	not available	adult	not available	not available	not pooled	PXD064518_TMT78_TMT130C	1	manual picking	not available	one cardiomyocyte; channel-to-genotype assignment unavailable	20221019_Ec_01_SC_CNIC-KI_TMT78	proteomic profiling by mass spectrometry	20221019_Ec_01_SC_CNIC-KI_TMT78.raw	ftp://ftp.pride.ebi.ac.uk/pride/data/archive/2026/04/PXD064518/20221019_Ec_01_SC_CNIC-KI_TMT78.raw	TMT130C	1	1	NT=Orbitrap Eclipse;AC=MS:1003029	NT=Data-dependent acquisition;AC=PRIDE:0000627	NT=Trypsin;AC=MS:1001251	TMT131	not applicable	TMT78	NT=collision-induced dissociation;AC=MS:1000133	NT=beam-type collision-induced dissociation;AC=MS:1000422	not available	375m/z-1500m/z	not available	not available	not applicable	NT=TMT6plex;AC=UNIMOD:737;MT=fixed;PP=Any N-term	NT=TMT6plex;AC=UNIMOD:737;MT=fixed;TA=K;PP=Anywhere	NT=Oxidation;AC=UNIMOD:35;MT=variable;TA=M;PP=Anywhere	NT=Acetyl;AC=UNIMOD:1;MT=variable;PP=Protein N-term	v3.0.0	ms-proteomics v1.1.0	vertebrates v1.1.0	single-cell v1.0.0
PXD064518_TMT78_TMT131	Mus musculus	heart	cardiac muscle cell	not available	cell	carrier	male	not available	adult	not available	pooled	pooled	not applicable	200	not available	mixed control and Myc-overexpressing cardiomyocytes	100 control plus 100 Myc-overexpressing cardiomyocytes	20221019_Ec_01_SC_CNIC-KI_TMT78	proteomic profiling by mass spectrometry	20221019_Ec_01_SC_CNIC-KI_TMT78.raw	ftp://ftp.pride.ebi.ac.uk/pride/data/archive/2026/04/PXD064518/20221019_Ec_01_SC_CNIC-KI_TMT78.raw	TMT131	1	1	NT=Orbitrap Eclipse;AC=MS:1003029	NT=Data-dependent acquisition;AC=PRIDE:0000627	NT=Trypsin;AC=MS:1001251	TMT131	not applicable	TMT78	NT=collision-induced dissociation;AC=MS:1000133	NT=beam-type collision-induced dissociation;AC=MS:1000422	not available	375m/z-1500m/z	not available	not available	not applicable	NT=TMT6plex;AC=UNIMOD:737;MT=fixed;PP=Any N-term	NT=TMT6plex;AC=UNIMOD:737;MT=fixed;TA=K;PP=Anywhere	NT=Oxidation;AC=UNIMOD:35;MT=variable;TA=M;PP=Anywhere	NT=Acetyl;AC=UNIMOD:1;MT=variable;PP=Protein N-term	v3.0.0	ms-proteomics v1.1.0	vertebrates v1.1.0	single-cell v1.0.0
PXD064518_TMT79_TMT126	Mus musculus	heart	cardiac muscle cell	not available	cell	single cell	male	not available	adult	not available	not available	not pooled	PXD064518_TMT79_TMT126	1	manual picking	not available	one cardiomyocyte; channel-to-genotype assignment unavailable	20221019_Ec_01_SC_CNIC-KI_TMT79	proteomic profiling by mass spectrometry	20221019_Ec_01_SC_CNIC-KI_TMT79.raw	ftp://ftp.pride.ebi.ac.uk/pride/data/archive/2026/04/PXD064518/20221019_Ec_01_SC_CNIC-KI_TMT79.raw	TMT126	1	1	NT=Orbitrap Eclipse;AC=MS:1003029	NT=Data-dependent acquisition;AC=PRIDE:0000627	NT=Trypsin;AC=MS:1001251	TMT131	not applicable	TMT79	NT=collision-induced dissociation;AC=MS:1000133	NT=beam-type collision-induced dissociation;AC=MS:1000422	not available	375m/z-1500m/z	not available	not available	not applicable	NT=TMT6plex;AC=UNIMOD:737;MT=fixed;PP=Any N-term	NT=TMT6plex;AC=UNIMOD:737;MT=fixed;TA=K;PP=Anywhere	NT=Oxidation;AC=UNIMOD:35;MT=variable;TA=M;PP=Anywhere	NT=Acetyl;AC=UNIMOD:1;MT=variable;PP=Protein N-term	v3.0.0	ms-proteomics v1.1.0	vertebrates v1.1.0	single-cell v1.0.0
PXD064518_TMT79_TMT127N	Mus musculus	heart	cardiac muscle cell	not available	cell	single cell	male	not available	adult	not available	not available	not pooled	PXD064518_TMT79_TMT127N	1	manual picking	not available	one cardiomyocyte; channel-to-genotype assignment unavailable	20221019_Ec_01_SC_CNIC-KI_TMT79	proteomic profiling by mass spectrometry	20221019_Ec_01_SC_CNIC-KI_TMT79.raw	ftp://ftp.pride.ebi.ac.uk/pride/data/archive/2026/04/PXD064518/20221019_Ec_01_SC_CNIC-KI_TMT79.raw	TMT127N	1	1	NT=Orbitrap Eclipse;AC=MS:1003029	NT=Data-dependent acquisition;AC=PRIDE:0000627	NT=Trypsin;AC=MS:1001251	TMT131	not applicable	TMT79	NT=collision-induced dissociation;AC=MS:1000133	NT=beam-type collision-induced dissociation;AC=MS:1000422	not available	375m/z-1500m/z	not available	not available	not applicable	NT=TMT6plex;AC=UNIMOD:737;MT=fixed;PP=Any N-term	NT=TMT6plex;AC=UNIMOD:737;MT=fixed;TA=K;PP=Anywhere	NT=Oxidation;AC=UNIMOD:35;MT=variable;TA=M;PP=Anywhere	NT=Acetyl;AC=UNIMOD:1;MT=variable;PP=Protein N-term	v3.0.0	ms-proteomics v1.1.0	vertebrates v1.1.0	single-cell v1.0.0
PXD064518_TMT79_TMT127C	Mus musculus	heart	cardiac muscle cell	not available	cell	single cell	male	not available	adult	not available	not available	not pooled	PXD064518_TMT79_TMT127C	1	manual picking	not available	one cardiomyocyte; channel-to-genotype assignment unavailable	20221019_Ec_01_SC_CNIC-KI_TMT79	proteomic profiling by mass spectrometry	20221019_Ec_01_SC_CNIC-KI_TMT79.raw	ftp://ftp.pride.ebi.ac.uk/pride/data/archive/2026/04/PXD064518/20221019_Ec_01_SC_CNIC-KI_TMT79.raw	TMT127C	1	1	NT=Orbitrap Eclipse;AC=MS:1003029	NT=Data-dependent acquisition;AC=PRIDE:0000627	NT=Trypsin;AC=MS:1001251	TMT131	not applicable	TMT79	NT=collision-induced dissociation;AC=MS:1000133	NT=beam-type collision-induced dissociation;AC=MS:1000422	not available	375m/z-1500m/z	not available	not available	not applicable	NT=TMT6plex;AC=UNIMOD:737;MT=fixed;PP=Any N-term	NT=TMT6plex;AC=UNIMOD:737;MT=fixed;TA=K;PP=Anywhere	NT=Oxidation;AC=UNIMOD:35;MT=variable;TA=M;PP=Anywhere	NT=Acetyl;AC=UNIMOD:1;MT=variable;PP=Protein N-term	v3.0.0	ms-proteomics v1.1.0	vertebrates v1.1.0	single-cell v1.0.0
PXD064518_TMT79_TMT128N	Mus musculus	heart	cardiac muscle cell	not available	cell	single cell	male	not available	adult	not available	not available	not pooled	PXD064518_TMT79_TMT128N	1	manual picking	not available	one cardiomyocyte; channel-to-genotype assignment unavailable	20221019_Ec_01_SC_CNIC-KI_TMT79	proteomic profiling by mass spectrometry	20221019_Ec_01_SC_CNIC-KI_TMT79.raw	ftp://ftp.pride.ebi.ac.uk/pride/data/archive/2026/04/PXD064518/20221019_Ec_01_SC_CNIC-KI_TMT79.raw	TMT128N	1	1	NT=Orbitrap Eclipse;AC=MS:1003029	NT=Data-dependent acquisition;AC=PRIDE:0000627	NT=Trypsin;AC=MS:1001251	TMT131	not applicable	TMT79	NT=collision-induced dissociation;AC=MS:1000133	NT=beam-type collision-induced dissociation;AC=MS:1000422	not available	375m/z-1500m/z	not available	not available	not applicable	NT=TMT6plex;AC=UNIMOD:737;MT=fixed;PP=Any N-term	NT=TMT6plex;AC=UNIMOD:737;MT=fixed;TA=K;PP=Anywhere	NT=Oxidation;AC=UNIMOD:35;MT=variable;TA=M;PP=Anywhere	NT=Acetyl;AC=UNIMOD:1;MT=variable;PP=Protein N-term	v3.0.0	ms-proteomics v1.1.0	vertebrates v1.1.0	single-cell v1.0.0
PXD064518_TMT79_TMT128C	Mus musculus	heart	cardiac muscle cell	not available	cell	single cell	male	not available	adult	not available	not available	not pooled	PXD064518_TMT79_TMT128C	1	manual picking	not available	one cardiomyocyte; channel-to-genotype assignment unavailable	20221019_Ec_01_SC_CNIC-KI_TMT79	proteomic profiling by mass spectrometry	20221019_Ec_01_SC_CNIC-KI_TMT79.raw	ftp://ftp.pride.ebi.ac.uk/pride/data/archive/2026/04/PXD064518/20221019_Ec_01_SC_CNIC-KI_TMT79.raw	TMT128C	1	1	NT=Orbitrap Eclipse;AC=MS:1003029	NT=Data-dependent acquisition;AC=PRIDE:0000627	NT=Trypsin;AC=MS:1001251	TMT131	not applicable	TMT79	NT=collision-induced dissociation;AC=MS:1000133	NT=beam-type collision-induced dissociation;AC=MS:1000422	not available	375m/z-1500m/z	not available	not available	not applicable	NT=TMT6plex;AC=UNIMOD:737;MT=fixed;PP=Any N-term	NT=TMT6plex;AC=UNIMOD:737;MT=fixed;TA=K;PP=Anywhere	NT=Oxidation;AC=UNIMOD:35;MT=variable;TA=M;PP=Anywhere	NT=Acetyl;AC=UNIMOD:1;MT=variable;PP=Protein N-term	v3.0.0	ms-proteomics v1.1.0	vertebrates v1.1.0	single-cell v1.0.0
PXD064518_TMT79_TMT129N	Mus musculus	heart	cardiac muscle cell	not available	cell	single cell	male	not available	adult	not available	not available	not pooled	PXD064518_TMT79_TMT129N	1	manual picking	not available	one cardiomyocyte; channel-to-genotype assignment unavailable	20221019_Ec_01_SC_CNIC-KI_TMT79	proteomic profiling by mass spectrometry	20221019_Ec_01_SC_CNIC-KI_TMT79.raw	ftp://ftp.pride.ebi.ac.uk/pride/data/archive/2026/04/PXD064518/20221019_Ec_01_SC_CNIC-KI_TMT79.raw	TMT129N	1	1	NT=Orbitrap Eclipse;AC=MS:1003029	NT=Data-dependent acquisition;AC=PRIDE:0000627	NT=Trypsin;AC=MS:1001251	TMT131	not applicable	TMT79	NT=collision-induced dissociation;AC=MS:1000133	NT=beam-type collision-induced dissociation;AC=MS:1000422	not available	375m/z-1500m/z	not available	not available	not applicable	NT=TMT6plex;AC=UNIMOD:737;MT=fixed;PP=Any N-term	NT=TMT6plex;AC=UNIMOD:737;MT=fixed;TA=K;PP=Anywhere	NT=Oxidation;AC=UNIMOD:35;MT=variable;TA=M;PP=Anywhere	NT=Acetyl;AC=UNIMOD:1;MT=variable;PP=Protein N-term	v3.0.0	ms-proteomics v1.1.0	vertebrates v1.1.0	single-cell v1.0.0
PXD064518_TMT79_TMT129C	Mus musculus	heart	cardiac muscle cell	not available	cell	single cell	male	not available	adult	not available	not available	not pooled	PXD064518_TMT79_TMT129C	1	manual picking	not available	one cardiomyocyte; channel-to-genotype assignment unavailable	20221019_Ec_01_SC_CNIC-KI_TMT79	proteomic profiling by mass spectrometry	20221019_Ec_01_SC_CNIC-KI_TMT79.raw	ftp://ftp.pride.ebi.ac.uk/pride/data/archive/2026/04/PXD064518/20221019_Ec_01_SC_CNIC-KI_TMT79.raw	TMT129C	1	1	NT=Orbitrap Eclipse;AC=MS:1003029	NT=Data-dependent acquisition;AC=PRIDE:0000627	NT=Trypsin;AC=MS:1001251	TMT131	not applicable	TMT79	NT=collision-induced dissociation;AC=MS:1000133	NT=beam-type collision-induced dissociation;AC=MS:1000422	not available	375m/z-1500m/z	not available	not available	not applicable	NT=TMT6plex;AC=UNIMOD:737;MT=fixed;PP=Any N-term	NT=TMT6plex;AC=UNIMOD:737;MT=fixed;TA=K;PP=Anywhere	NT=Oxidation;AC=UNIMOD:35;MT=variable;TA=M;PP=Anywhere	NT=Acetyl;AC=UNIMOD:1;MT=variable;PP=Protein N-term	v3.0.0	ms-proteomics v1.1.0	vertebrates v1.1.0	single-cell v1.0.0
PXD064518_TMT79_TMT130C	Mus musculus	heart	cardiac muscle cell	not available	cell	single cell	male	not available	adult	not available	not available	not pooled	PXD064518_TMT79_TMT130C	1	manual picking	not available	one cardiomyocyte; channel-to-genotype assignment unavailable	20221019_Ec_01_SC_CNIC-KI_TMT79	proteomic profiling by mass spectrometry	20221019_Ec_01_SC_CNIC-KI_TMT79.raw	ftp://ftp.pride.ebi.ac.uk/pride/data/archive/2026/04/PXD064518/20221019_Ec_01_SC_CNIC-KI_TMT79.raw	TMT130C	1	1	NT=Orbitrap Eclipse;AC=MS:1003029	NT=Data-dependent acquisition;AC=PRIDE:0000627	NT=Trypsin;AC=MS:1001251	TMT131	not applicable	TMT79	NT=collision-induced dissociation;AC=MS:1000133	NT=beam-type collision-induced dissociation;AC=MS:1000422	not available	375m/z-1500m/z	not available	not available	not applicable	NT=TMT6plex;AC=UNIMOD:737;MT=fixed;PP=Any N-term	NT=TMT6plex;AC=UNIMOD:737;MT=fixed;TA=K;PP=Anywhere	NT=Oxidation;AC=UNIMOD:35;MT=variable;TA=M;PP=Anywhere	NT=Acetyl;AC=UNIMOD:1;MT=variable;PP=Protein N-term	v3.0.0	ms-proteomics v1.1.0	vertebrates v1.1.0	single-cell v1.0.0
PXD064518_TMT79_TMT131	Mus musculus	heart	cardiac muscle cell	not available	cell	carrier	male	not available	adult	not available	pooled	pooled	not applicable	200	not available	mixed control and Myc-overexpressing cardiomyocytes	100 control plus 100 Myc-overexpressing cardiomyocytes	20221019_Ec_01_SC_CNIC-KI_TMT79	proteomic profiling by mass spectrometry	20221019_Ec_01_SC_CNIC-KI_TMT79.raw	ftp://ftp.pride.ebi.ac.uk/pride/data/archive/2026/04/PXD064518/20221019_Ec_01_SC_CNIC-KI_TMT79.raw	TMT131	1	1	NT=Orbitrap Eclipse;AC=MS:1003029	NT=Data-dependent acquisition;AC=PRIDE:0000627	NT=Trypsin;AC=MS:1001251	TMT131	not applicable	TMT79	NT=collision-induced dissociation;AC=MS:1000133	NT=beam-type collision-induced dissociation;AC=MS:1000422	not available	375m/z-1500m/z	not available	not available	not applicable	NT=TMT6plex;AC=UNIMOD:737;MT=fixed;PP=Any N-term	NT=TMT6plex;AC=UNIMOD:737;MT=fixed;TA=K;PP=Anywhere	NT=Oxidation;AC=UNIMOD:35;MT=variable;TA=M;PP=Anywhere	NT=Acetyl;AC=UNIMOD:1;MT=variable;PP=Protein N-term	v3.0.0	ms-proteomics v1.1.0	vertebrates v1.1.0	single-cell v1.0.0
PXD064518_TMT8_TMT126	Mus musculus	heart	cardiac muscle cell	not available	cell	single cell	male	not available	adult	not available	not available	not pooled	PXD064518_TMT8_TMT126	1	manual picking	not available	one cardiomyocyte; channel-to-genotype assignment unavailable	20221019_Ec_01_SC_CNIC-KI_TMT8	proteomic profiling by mass spectrometry	20221019_Ec_01_SC_CNIC-KI_TMT8.raw	ftp://ftp.pride.ebi.ac.uk/pride/data/archive/2026/04/PXD064518/20221019_Ec_01_SC_CNIC-KI_TMT8.raw	TMT126	1	1	NT=Orbitrap Eclipse;AC=MS:1003029	NT=Data-dependent acquisition;AC=PRIDE:0000627	NT=Trypsin;AC=MS:1001251	TMT131	not applicable	TMT8	NT=collision-induced dissociation;AC=MS:1000133	NT=beam-type collision-induced dissociation;AC=MS:1000422	not available	375m/z-1500m/z	not available	not available	not applicable	NT=TMT6plex;AC=UNIMOD:737;MT=fixed;PP=Any N-term	NT=TMT6plex;AC=UNIMOD:737;MT=fixed;TA=K;PP=Anywhere	NT=Oxidation;AC=UNIMOD:35;MT=variable;TA=M;PP=Anywhere	NT=Acetyl;AC=UNIMOD:1;MT=variable;PP=Protein N-term	v3.0.0	ms-proteomics v1.1.0	vertebrates v1.1.0	single-cell v1.0.0
PXD064518_TMT8_TMT127N	Mus musculus	heart	cardiac muscle cell	not available	cell	single cell	male	not available	adult	not available	not available	not pooled	PXD064518_TMT8_TMT127N	1	manual picking	not available	one cardiomyocyte; channel-to-genotype assignment unavailable	20221019_Ec_01_SC_CNIC-KI_TMT8	proteomic profiling by mass spectrometry	20221019_Ec_01_SC_CNIC-KI_TMT8.raw	ftp://ftp.pride.ebi.ac.uk/pride/data/archive/2026/04/PXD064518/20221019_Ec_01_SC_CNIC-KI_TMT8.raw	TMT127N	1	1	NT=Orbitrap Eclipse;AC=MS:1003029	NT=Data-dependent acquisition;AC=PRIDE:0000627	NT=Trypsin;AC=MS:1001251	TMT131	not applicable	TMT8	NT=collision-induced dissociation;AC=MS:1000133	NT=beam-type collision-induced dissociation;AC=MS:1000422	not available	375m/z-1500m/z	not available	not available	not applicable	NT=TMT6plex;AC=UNIMOD:737;MT=fixed;PP=Any N-term	NT=TMT6plex;AC=UNIMOD:737;MT=fixed;TA=K;PP=Anywhere	NT=Oxidation;AC=UNIMOD:35;MT=variable;TA=M;PP=Anywhere	NT=Acetyl;AC=UNIMOD:1;MT=variable;PP=Protein N-term	v3.0.0	ms-proteomics v1.1.0	vertebrates v1.1.0	single-cell v1.0.0
PXD064518_TMT8_TMT127C	Mus musculus	heart	cardiac muscle cell	not available	cell	single cell	male	not available	adult	not available	not available	not pooled	PXD064518_TMT8_TMT127C	1	manual picking	not available	one cardiomyocyte; channel-to-genotype assignment unavailable	20221019_Ec_01_SC_CNIC-KI_TMT8	proteomic profiling by mass spectrometry	20221019_Ec_01_SC_CNIC-KI_TMT8.raw	ftp://ftp.pride.ebi.ac.uk/pride/data/archive/2026/04/PXD064518/20221019_Ec_01_SC_CNIC-KI_TMT8.raw	TMT127C	1	1	NT=Orbitrap Eclipse;AC=MS:1003029	NT=Data-dependent acquisition;AC=PRIDE:0000627	NT=Trypsin;AC=MS:1001251	TMT131	not applicable	TMT8	NT=collision-induced dissociation;AC=MS:1000133	NT=beam-type collision-induced dissociation;AC=MS:1000422	not available	375m/z-1500m/z	not available	not available	not applicable	NT=TMT6plex;AC=UNIMOD:737;MT=fixed;PP=Any N-term	NT=TMT6plex;AC=UNIMOD:737;MT=fixed;TA=K;PP=Anywhere	NT=Oxidation;AC=UNIMOD:35;MT=variable;TA=M;PP=Anywhere	NT=Acetyl;AC=UNIMOD:1;MT=variable;PP=Protein N-term	v3.0.0	ms-proteomics v1.1.0	vertebrates v1.1.0	single-cell v1.0.0
PXD064518_TMT8_TMT128N	Mus musculus	heart	cardiac muscle cell	not available	cell	single cell	male	not available	adult	not available	not available	not pooled	PXD064518_TMT8_TMT128N	1	manual picking	not available	one cardiomyocyte; channel-to-genotype assignment unavailable	20221019_Ec_01_SC_CNIC-KI_TMT8	proteomic profiling by mass spectrometry	20221019_Ec_01_SC_CNIC-KI_TMT8.raw	ftp://ftp.pride.ebi.ac.uk/pride/data/archive/2026/04/PXD064518/20221019_Ec_01_SC_CNIC-KI_TMT8.raw	TMT128N	1	1	NT=Orbitrap Eclipse;AC=MS:1003029	NT=Data-dependent acquisition;AC=PRIDE:0000627	NT=Trypsin;AC=MS:1001251	TMT131	not applicable	TMT8	NT=collision-induced dissociation;AC=MS:1000133	NT=beam-type collision-induced dissociation;AC=MS:1000422	not available	375m/z-1500m/z	not available	not available	not applicable	NT=TMT6plex;AC=UNIMOD:737;MT=fixed;PP=Any N-term	NT=TMT6plex;AC=UNIMOD:737;MT=fixed;TA=K;PP=Anywhere	NT=Oxidation;AC=UNIMOD:35;MT=variable;TA=M;PP=Anywhere	NT=Acetyl;AC=UNIMOD:1;MT=variable;PP=Protein N-term	v3.0.0	ms-proteomics v1.1.0	vertebrates v1.1.0	single-cell v1.0.0
PXD064518_TMT8_TMT128C	Mus musculus	heart	cardiac muscle cell	not available	cell	single cell	male	not available	adult	not available	not available	not pooled	PXD064518_TMT8_TMT128C	1	manual picking	not available	one cardiomyocyte; channel-to-genotype assignment unavailable	20221019_Ec_01_SC_CNIC-KI_TMT8	proteomic profiling by mass spectrometry	20221019_Ec_01_SC_CNIC-KI_TMT8.raw	ftp://ftp.pride.ebi.ac.uk/pride/data/archive/2026/04/PXD064518/20221019_Ec_01_SC_CNIC-KI_TMT8.raw	TMT128C	1	1	NT=Orbitrap Eclipse;AC=MS:1003029	NT=Data-dependent acquisition;AC=PRIDE:0000627	NT=Trypsin;AC=MS:1001251	TMT131	not applicable	TMT8	NT=collision-induced dissociation;AC=MS:1000133	NT=beam-type collision-induced dissociation;AC=MS:1000422	not available	375m/z-1500m/z	not available	not available	not applicable	NT=TMT6plex;AC=UNIMOD:737;MT=fixed;PP=Any N-term	NT=TMT6plex;AC=UNIMOD:737;MT=fixed;TA=K;PP=Anywhere	NT=Oxidation;AC=UNIMOD:35;MT=variable;TA=M;PP=Anywhere	NT=Acetyl;AC=UNIMOD:1;MT=variable;PP=Protein N-term	v3.0.0	ms-proteomics v1.1.0	vertebrates v1.1.0	single-cell v1.0.0
PXD064518_TMT8_TMT129N	Mus musculus	heart	cardiac muscle cell	not available	cell	single cell	male	not available	adult	not available	not available	not pooled	PXD064518_TMT8_TMT129N	1	manual picking	not available	one cardiomyocyte; channel-to-genotype assignment unavailable	20221019_Ec_01_SC_CNIC-KI_TMT8	proteomic profiling by mass spectrometry	20221019_Ec_01_SC_CNIC-KI_TMT8.raw	ftp://ftp.pride.ebi.ac.uk/pride/data/archive/2026/04/PXD064518/20221019_Ec_01_SC_CNIC-KI_TMT8.raw	TMT129N	1	1	NT=Orbitrap Eclipse;AC=MS:1003029	NT=Data-dependent acquisition;AC=PRIDE:0000627	NT=Trypsin;AC=MS:1001251	TMT131	not applicable	TMT8	NT=collision-induced dissociation;AC=MS:1000133	NT=beam-type collision-induced dissociation;AC=MS:1000422	not available	375m/z-1500m/z	not available	not available	not applicable	NT=TMT6plex;AC=UNIMOD:737;MT=fixed;PP=Any N-term	NT=TMT6plex;AC=UNIMOD:737;MT=fixed;TA=K;PP=Anywhere	NT=Oxidation;AC=UNIMOD:35;MT=variable;TA=M;PP=Anywhere	NT=Acetyl;AC=UNIMOD:1;MT=variable;PP=Protein N-term	v3.0.0	ms-proteomics v1.1.0	vertebrates v1.1.0	single-cell v1.0.0
PXD064518_TMT8_TMT129C	Mus musculus	heart	cardiac muscle cell	not available	cell	single cell	male	not available	adult	not available	not available	not pooled	PXD064518_TMT8_TMT129C	1	manual picking	not available	one cardiomyocyte; channel-to-genotype assignment unavailable	20221019_Ec_01_SC_CNIC-KI_TMT8	proteomic profiling by mass spectrometry	20221019_Ec_01_SC_CNIC-KI_TMT8.raw	ftp://ftp.pride.ebi.ac.uk/pride/data/archive/2026/04/PXD064518/20221019_Ec_01_SC_CNIC-KI_TMT8.raw	TMT129C	1	1	NT=Orbitrap Eclipse;AC=MS:1003029	NT=Data-dependent acquisition;AC=PRIDE:0000627	NT=Trypsin;AC=MS:1001251	TMT131	not applicable	TMT8	NT=collision-induced dissociation;AC=MS:1000133	NT=beam-type collision-induced dissociation;AC=MS:1000422	not available	375m/z-1500m/z	not available	not available	not applicable	NT=TMT6plex;AC=UNIMOD:737;MT=fixed;PP=Any N-term	NT=TMT6plex;AC=UNIMOD:737;MT=fixed;TA=K;PP=Anywhere	NT=Oxidation;AC=UNIMOD:35;MT=variable;TA=M;PP=Anywhere	NT=Acetyl;AC=UNIMOD:1;MT=variable;PP=Protein N-term	v3.0.0	ms-proteomics v1.1.0	vertebrates v1.1.0	single-cell v1.0.0
PXD064518_TMT8_TMT130C	Mus musculus	heart	cardiac muscle cell	not available	cell	single cell	male	not available	adult	not available	not available	not pooled	PXD064518_TMT8_TMT130C	1	manual picking	not available	one cardiomyocyte; channel-to-genotype assignment unavailable	20221019_Ec_01_SC_CNIC-KI_TMT8	proteomic profiling by mass spectrometry	20221019_Ec_01_SC_CNIC-KI_TMT8.raw	ftp://ftp.pride.ebi.ac.uk/pride/data/archive/2026/04/PXD064518/20221019_Ec_01_SC_CNIC-KI_TMT8.raw	TMT130C	1	1	NT=Orbitrap Eclipse;AC=MS:1003029	NT=Data-dependent acquisition;AC=PRIDE:0000627	NT=Trypsin;AC=MS:1001251	TMT131	not applicable	TMT8	NT=collision-induced dissociation;AC=MS:1000133	NT=beam-type collision-induced dissociation;AC=MS:1000422	not available	375m/z-1500m/z	not available	not available	not applicable	NT=TMT6plex;AC=UNIMOD:737;MT=fixed;PP=Any N-term	NT=TMT6plex;AC=UNIMOD:737;MT=fixed;TA=K;PP=Anywhere	NT=Oxidation;AC=UNIMOD:35;MT=variable;TA=M;PP=Anywhere	NT=Acetyl;AC=UNIMOD:1;MT=variable;PP=Protein N-term	v3.0.0	ms-proteomics v1.1.0	vertebrates v1.1.0	single-cell v1.0.0
PXD064518_TMT8_TMT131	Mus musculus	heart	cardiac muscle cell	not available	cell	carrier	male	not available	adult	not available	pooled	pooled	not applicable	200	not available	mixed control and Myc-overexpressing cardiomyocytes	100 control plus 100 Myc-overexpressing cardiomyocytes	20221019_Ec_01_SC_CNIC-KI_TMT8	proteomic profiling by mass spectrometry	20221019_Ec_01_SC_CNIC-KI_TMT8.raw	ftp://ftp.pride.ebi.ac.uk/pride/data/archive/2026/04/PXD064518/20221019_Ec_01_SC_CNIC-KI_TMT8.raw	TMT131	1	1	NT=Orbitrap Eclipse;AC=MS:1003029	NT=Data-dependent acquisition;AC=PRIDE:0000627	NT=Trypsin;AC=MS:1001251	TMT131	not applicable	TMT8	NT=collision-induced dissociation;AC=MS:1000133	NT=beam-type collision-induced dissociation;AC=MS:1000422	not available	375m/z-1500m/z	not available	not available	not applicable	NT=TMT6plex;AC=UNIMOD:737;MT=fixed;PP=Any N-term	NT=TMT6plex;AC=UNIMOD:737;MT=fixed;TA=K;PP=Anywhere	NT=Oxidation;AC=UNIMOD:35;MT=variable;TA=M;PP=Anywhere	NT=Acetyl;AC=UNIMOD:1;MT=variable;PP=Protein N-term	v3.0.0	ms-proteomics v1.1.0	vertebrates v1.1.0	single-cell v1.0.0
PXD064518_TMT80_TMT126	Mus musculus	heart	cardiac muscle cell	not available	cell	single cell	male	not available	adult	not available	not available	not pooled	PXD064518_TMT80_TMT126	1	manual picking	not available	one cardiomyocyte; channel-to-genotype assignment unavailable	20221019_Ec_01_SC_CNIC-KI_TMT80	proteomic profiling by mass spectrometry	20221019_Ec_01_SC_CNIC-KI_TMT80.raw	ftp://ftp.pride.ebi.ac.uk/pride/data/archive/2026/04/PXD064518/20221019_Ec_01_SC_CNIC-KI_TMT80.raw	TMT126	1	1	NT=Orbitrap Eclipse;AC=MS:1003029	NT=Data-dependent acquisition;AC=PRIDE:0000627	NT=Trypsin;AC=MS:1001251	TMT131	not applicable	TMT80	NT=collision-induced dissociation;AC=MS:1000133	NT=beam-type collision-induced dissociation;AC=MS:1000422	not available	375m/z-1500m/z	not available	not available	not applicable	NT=TMT6plex;AC=UNIMOD:737;MT=fixed;PP=Any N-term	NT=TMT6plex;AC=UNIMOD:737;MT=fixed;TA=K;PP=Anywhere	NT=Oxidation;AC=UNIMOD:35;MT=variable;TA=M;PP=Anywhere	NT=Acetyl;AC=UNIMOD:1;MT=variable;PP=Protein N-term	v3.0.0	ms-proteomics v1.1.0	vertebrates v1.1.0	single-cell v1.0.0
PXD064518_TMT80_TMT127N	Mus musculus	heart	cardiac muscle cell	not available	cell	single cell	male	not available	adult	not available	not available	not pooled	PXD064518_TMT80_TMT127N	1	manual picking	not available	one cardiomyocyte; channel-to-genotype assignment unavailable	20221019_Ec_01_SC_CNIC-KI_TMT80	proteomic profiling by mass spectrometry	20221019_Ec_01_SC_CNIC-KI_TMT80.raw	ftp://ftp.pride.ebi.ac.uk/pride/data/archive/2026/04/PXD064518/20221019_Ec_01_SC_CNIC-KI_TMT80.raw	TMT127N	1	1	NT=Orbitrap Eclipse;AC=MS:1003029	NT=Data-dependent acquisition;AC=PRIDE:0000627	NT=Trypsin;AC=MS:1001251	TMT131	not applicable	TMT80	NT=collision-induced dissociation;AC=MS:1000133	NT=beam-type collision-induced dissociation;AC=MS:1000422	not available	375m/z-1500m/z	not available	not available	not applicable	NT=TMT6plex;AC=UNIMOD:737;MT=fixed;PP=Any N-term	NT=TMT6plex;AC=UNIMOD:737;MT=fixed;TA=K;PP=Anywhere	NT=Oxidation;AC=UNIMOD:35;MT=variable;TA=M;PP=Anywhere	NT=Acetyl;AC=UNIMOD:1;MT=variable;PP=Protein N-term	v3.0.0	ms-proteomics v1.1.0	vertebrates v1.1.0	single-cell v1.0.0
PXD064518_TMT80_TMT127C	Mus musculus	heart	cardiac muscle cell	not available	cell	single cell	male	not available	adult	not available	not available	not pooled	PXD064518_TMT80_TMT127C	1	manual picking	not available	one cardiomyocyte; channel-to-genotype assignment unavailable	20221019_Ec_01_SC_CNIC-KI_TMT80	proteomic profiling by mass spectrometry	20221019_Ec_01_SC_CNIC-KI_TMT80.raw	ftp://ftp.pride.ebi.ac.uk/pride/data/archive/2026/04/PXD064518/20221019_Ec_01_SC_CNIC-KI_TMT80.raw	TMT127C	1	1	NT=Orbitrap Eclipse;AC=MS:1003029	NT=Data-dependent acquisition;AC=PRIDE:0000627	NT=Trypsin;AC=MS:1001251	TMT131	not applicable	TMT80	NT=collision-induced dissociation;AC=MS:1000133	NT=beam-type collision-induced dissociation;AC=MS:1000422	not available	375m/z-1500m/z	not available	not available	not applicable	NT=TMT6plex;AC=UNIMOD:737;MT=fixed;PP=Any N-term	NT=TMT6plex;AC=UNIMOD:737;MT=fixed;TA=K;PP=Anywhere	NT=Oxidation;AC=UNIMOD:35;MT=variable;TA=M;PP=Anywhere	NT=Acetyl;AC=UNIMOD:1;MT=variable;PP=Protein N-term	v3.0.0	ms-proteomics v1.1.0	vertebrates v1.1.0	single-cell v1.0.0
PXD064518_TMT80_TMT128N	Mus musculus	heart	cardiac muscle cell	not available	cell	single cell	male	not available	adult	not available	not available	not pooled	PXD064518_TMT80_TMT128N	1	manual picking	not available	one cardiomyocyte; channel-to-genotype assignment unavailable	20221019_Ec_01_SC_CNIC-KI_TMT80	proteomic profiling by mass spectrometry	20221019_Ec_01_SC_CNIC-KI_TMT80.raw	ftp://ftp.pride.ebi.ac.uk/pride/data/archive/2026/04/PXD064518/20221019_Ec_01_SC_CNIC-KI_TMT80.raw	TMT128N	1	1	NT=Orbitrap Eclipse;AC=MS:1003029	NT=Data-dependent acquisition;AC=PRIDE:0000627	NT=Trypsin;AC=MS:1001251	TMT131	not applicable	TMT80	NT=collision-induced dissociation;AC=MS:1000133	NT=beam-type collision-induced dissociation;AC=MS:1000422	not available	375m/z-1500m/z	not available	not available	not applicable	NT=TMT6plex;AC=UNIMOD:737;MT=fixed;PP=Any N-term	NT=TMT6plex;AC=UNIMOD:737;MT=fixed;TA=K;PP=Anywhere	NT=Oxidation;AC=UNIMOD:35;MT=variable;TA=M;PP=Anywhere	NT=Acetyl;AC=UNIMOD:1;MT=variable;PP=Protein N-term	v3.0.0	ms-proteomics v1.1.0	vertebrates v1.1.0	single-cell v1.0.0
PXD064518_TMT80_TMT128C	Mus musculus	heart	cardiac muscle cell	not available	cell	single cell	male	not available	adult	not available	not available	not pooled	PXD064518_TMT80_TMT128C	1	manual picking	not available	one cardiomyocyte; channel-to-genotype assignment unavailable	20221019_Ec_01_SC_CNIC-KI_TMT80	proteomic profiling by mass spectrometry	20221019_Ec_01_SC_CNIC-KI_TMT80.raw	ftp://ftp.pride.ebi.ac.uk/pride/data/archive/2026/04/PXD064518/20221019_Ec_01_SC_CNIC-KI_TMT80.raw	TMT128C	1	1	NT=Orbitrap Eclipse;AC=MS:1003029	NT=Data-dependent acquisition;AC=PRIDE:0000627	NT=Trypsin;AC=MS:1001251	TMT131	not applicable	TMT80	NT=collision-induced dissociation;AC=MS:1000133	NT=beam-type collision-induced dissociation;AC=MS:1000422	not available	375m/z-1500m/z	not available	not available	not applicable	NT=TMT6plex;AC=UNIMOD:737;MT=fixed;PP=Any N-term	NT=TMT6plex;AC=UNIMOD:737;MT=fixed;TA=K;PP=Anywhere	NT=Oxidation;AC=UNIMOD:35;MT=variable;TA=M;PP=Anywhere	NT=Acetyl;AC=UNIMOD:1;MT=variable;PP=Protein N-term	v3.0.0	ms-proteomics v1.1.0	vertebrates v1.1.0	single-cell v1.0.0
PXD064518_TMT80_TMT129N	Mus musculus	heart	cardiac muscle cell	not available	cell	single cell	male	not available	adult	not available	not available	not pooled	PXD064518_TMT80_TMT129N	1	manual picking	not available	one cardiomyocyte; channel-to-genotype assignment unavailable	20221019_Ec_01_SC_CNIC-KI_TMT80	proteomic profiling by mass spectrometry	20221019_Ec_01_SC_CNIC-KI_TMT80.raw	ftp://ftp.pride.ebi.ac.uk/pride/data/archive/2026/04/PXD064518/20221019_Ec_01_SC_CNIC-KI_TMT80.raw	TMT129N	1	1	NT=Orbitrap Eclipse;AC=MS:1003029	NT=Data-dependent acquisition;AC=PRIDE:0000627	NT=Trypsin;AC=MS:1001251	TMT131	not applicable	TMT80	NT=collision-induced dissociation;AC=MS:1000133	NT=beam-type collision-induced dissociation;AC=MS:1000422	not available	375m/z-1500m/z	not available	not available	not applicable	NT=TMT6plex;AC=UNIMOD:737;MT=fixed;PP=Any N-term	NT=TMT6plex;AC=UNIMOD:737;MT=fixed;TA=K;PP=Anywhere	NT=Oxidation;AC=UNIMOD:35;MT=variable;TA=M;PP=Anywhere	NT=Acetyl;AC=UNIMOD:1;MT=variable;PP=Protein N-term	v3.0.0	ms-proteomics v1.1.0	vertebrates v1.1.0	single-cell v1.0.0
PXD064518_TMT80_TMT129C	Mus musculus	heart	cardiac muscle cell	not available	cell	single cell	male	not available	adult	not available	not available	not pooled	PXD064518_TMT80_TMT129C	1	manual picking	not available	one cardiomyocyte; channel-to-genotype assignment unavailable	20221019_Ec_01_SC_CNIC-KI_TMT80	proteomic profiling by mass spectrometry	20221019_Ec_01_SC_CNIC-KI_TMT80.raw	ftp://ftp.pride.ebi.ac.uk/pride/data/archive/2026/04/PXD064518/20221019_Ec_01_SC_CNIC-KI_TMT80.raw	TMT129C	1	1	NT=Orbitrap Eclipse;AC=MS:1003029	NT=Data-dependent acquisition;AC=PRIDE:0000627	NT=Trypsin;AC=MS:1001251	TMT131	not applicable	TMT80	NT=collision-induced dissociation;AC=MS:1000133	NT=beam-type collision-induced dissociation;AC=MS:1000422	not available	375m/z-1500m/z	not available	not available	not applicable	NT=TMT6plex;AC=UNIMOD:737;MT=fixed;PP=Any N-term	NT=TMT6plex;AC=UNIMOD:737;MT=fixed;TA=K;PP=Anywhere	NT=Oxidation;AC=UNIMOD:35;MT=variable;TA=M;PP=Anywhere	NT=Acetyl;AC=UNIMOD:1;MT=variable;PP=Protein N-term	v3.0.0	ms-proteomics v1.1.0	vertebrates v1.1.0	single-cell v1.0.0
PXD064518_TMT80_TMT130C	Mus musculus	heart	cardiac muscle cell	not available	cell	single cell	male	not available	adult	not available	not available	not pooled	PXD064518_TMT80_TMT130C	1	manual picking	not available	one cardiomyocyte; channel-to-genotype assignment unavailable	20221019_Ec_01_SC_CNIC-KI_TMT80	proteomic profiling by mass spectrometry	20221019_Ec_01_SC_CNIC-KI_TMT80.raw	ftp://ftp.pride.ebi.ac.uk/pride/data/archive/2026/04/PXD064518/20221019_Ec_01_SC_CNIC-KI_TMT80.raw	TMT130C	1	1	NT=Orbitrap Eclipse;AC=MS:1003029	NT=Data-dependent acquisition;AC=PRIDE:0000627	NT=Trypsin;AC=MS:1001251	TMT131	not applicable	TMT80	NT=collision-induced dissociation;AC=MS:1000133	NT=beam-type collision-induced dissociation;AC=MS:1000422	not available	375m/z-1500m/z	not available	not available	not applicable	NT=TMT6plex;AC=UNIMOD:737;MT=fixed;PP=Any N-term	NT=TMT6plex;AC=UNIMOD:737;MT=fixed;TA=K;PP=Anywhere	NT=Oxidation;AC=UNIMOD:35;MT=variable;TA=M;PP=Anywhere	NT=Acetyl;AC=UNIMOD:1;MT=variable;PP=Protein N-term	v3.0.0	ms-proteomics v1.1.0	vertebrates v1.1.0	single-cell v1.0.0
PXD064518_TMT80_TMT131	Mus musculus	heart	cardiac muscle cell	not available	cell	carrier	male	not available	adult	not available	pooled	pooled	not applicable	200	not available	mixed control and Myc-overexpressing cardiomyocytes	100 control plus 100 Myc-overexpressing cardiomyocytes	20221019_Ec_01_SC_CNIC-KI_TMT80	proteomic profiling by mass spectrometry	20221019_Ec_01_SC_CNIC-KI_TMT80.raw	ftp://ftp.pride.ebi.ac.uk/pride/data/archive/2026/04/PXD064518/20221019_Ec_01_SC_CNIC-KI_TMT80.raw	TMT131	1	1	NT=Orbitrap Eclipse;AC=MS:1003029	NT=Data-dependent acquisition;AC=PRIDE:0000627	NT=Trypsin;AC=MS:1001251	TMT131	not applicable	TMT80	NT=collision-induced dissociation;AC=MS:1000133	NT=beam-type collision-induced dissociation;AC=MS:1000422	not available	375m/z-1500m/z	not available	not available	not applicable	NT=TMT6plex;AC=UNIMOD:737;MT=fixed;PP=Any N-term	NT=TMT6plex;AC=UNIMOD:737;MT=fixed;TA=K;PP=Anywhere	NT=Oxidation;AC=UNIMOD:35;MT=variable;TA=M;PP=Anywhere	NT=Acetyl;AC=UNIMOD:1;MT=variable;PP=Protein N-term	v3.0.0	ms-proteomics v1.1.0	vertebrates v1.1.0	single-cell v1.0.0
PXD064518_TMT81_TMT126	Mus musculus	heart	cardiac muscle cell	not available	cell	single cell	male	not available	adult	not available	not available	not pooled	PXD064518_TMT81_TMT126	1	manual picking	not available	one cardiomyocyte; channel-to-genotype assignment unavailable	20221019_Ec_01_SC_CNIC-KI_TMT81	proteomic profiling by mass spectrometry	20221019_Ec_01_SC_CNIC-KI_TMT81.raw	ftp://ftp.pride.ebi.ac.uk/pride/data/archive/2026/04/PXD064518/20221019_Ec_01_SC_CNIC-KI_TMT81.raw	TMT126	1	1	NT=Orbitrap Eclipse;AC=MS:1003029	NT=Data-dependent acquisition;AC=PRIDE:0000627	NT=Trypsin;AC=MS:1001251	TMT131	not applicable	TMT81	NT=collision-induced dissociation;AC=MS:1000133	NT=beam-type collision-induced dissociation;AC=MS:1000422	not available	375m/z-1500m/z	not available	not available	not applicable	NT=TMT6plex;AC=UNIMOD:737;MT=fixed;PP=Any N-term	NT=TMT6plex;AC=UNIMOD:737;MT=fixed;TA=K;PP=Anywhere	NT=Oxidation;AC=UNIMOD:35;MT=variable;TA=M;PP=Anywhere	NT=Acetyl;AC=UNIMOD:1;MT=variable;PP=Protein N-term	v3.0.0	ms-proteomics v1.1.0	vertebrates v1.1.0	single-cell v1.0.0
PXD064518_TMT81_TMT127N	Mus musculus	heart	cardiac muscle cell	not available	cell	single cell	male	not available	adult	not available	not available	not pooled	PXD064518_TMT81_TMT127N	1	manual picking	not available	one cardiomyocyte; channel-to-genotype assignment unavailable	20221019_Ec_01_SC_CNIC-KI_TMT81	proteomic profiling by mass spectrometry	20221019_Ec_01_SC_CNIC-KI_TMT81.raw	ftp://ftp.pride.ebi.ac.uk/pride/data/archive/2026/04/PXD064518/20221019_Ec_01_SC_CNIC-KI_TMT81.raw	TMT127N	1	1	NT=Orbitrap Eclipse;AC=MS:1003029	NT=Data-dependent acquisition;AC=PRIDE:0000627	NT=Trypsin;AC=MS:1001251	TMT131	not applicable	TMT81	NT=collision-induced dissociation;AC=MS:1000133	NT=beam-type collision-induced dissociation;AC=MS:1000422	not available	375m/z-1500m/z	not available	not available	not applicable	NT=TMT6plex;AC=UNIMOD:737;MT=fixed;PP=Any N-term	NT=TMT6plex;AC=UNIMOD:737;MT=fixed;TA=K;PP=Anywhere	NT=Oxidation;AC=UNIMOD:35;MT=variable;TA=M;PP=Anywhere	NT=Acetyl;AC=UNIMOD:1;MT=variable;PP=Protein N-term	v3.0.0	ms-proteomics v1.1.0	vertebrates v1.1.0	single-cell v1.0.0
PXD064518_TMT81_TMT127C	Mus musculus	heart	cardiac muscle cell	not available	cell	single cell	male	not available	adult	not available	not available	not pooled	PXD064518_TMT81_TMT127C	1	manual picking	not available	one cardiomyocyte; channel-to-genotype assignment unavailable	20221019_Ec_01_SC_CNIC-KI_TMT81	proteomic profiling by mass spectrometry	20221019_Ec_01_SC_CNIC-KI_TMT81.raw	ftp://ftp.pride.ebi.ac.uk/pride/data/archive/2026/04/PXD064518/20221019_Ec_01_SC_CNIC-KI_TMT81.raw	TMT127C	1	1	NT=Orbitrap Eclipse;AC=MS:1003029	NT=Data-dependent acquisition;AC=PRIDE:0000627	NT=Trypsin;AC=MS:1001251	TMT131	not applicable	TMT81	NT=collision-induced dissociation;AC=MS:1000133	NT=beam-type collision-induced dissociation;AC=MS:1000422	not available	375m/z-1500m/z	not available	not available	not applicable	NT=TMT6plex;AC=UNIMOD:737;MT=fixed;PP=Any N-term	NT=TMT6plex;AC=UNIMOD:737;MT=fixed;TA=K;PP=Anywhere	NT=Oxidation;AC=UNIMOD:35;MT=variable;TA=M;PP=Anywhere	NT=Acetyl;AC=UNIMOD:1;MT=variable;PP=Protein N-term	v3.0.0	ms-proteomics v1.1.0	vertebrates v1.1.0	single-cell v1.0.0
PXD064518_TMT81_TMT128N	Mus musculus	heart	cardiac muscle cell	not available	cell	single cell	male	not available	adult	not available	not available	not pooled	PXD064518_TMT81_TMT128N	1	manual picking	not available	one cardiomyocyte; channel-to-genotype assignment unavailable	20221019_Ec_01_SC_CNIC-KI_TMT81	proteomic profiling by mass spectrometry	20221019_Ec_01_SC_CNIC-KI_TMT81.raw	ftp://ftp.pride.ebi.ac.uk/pride/data/archive/2026/04/PXD064518/20221019_Ec_01_SC_CNIC-KI_TMT81.raw	TMT128N	1	1	NT=Orbitrap Eclipse;AC=MS:1003029	NT=Data-dependent acquisition;AC=PRIDE:0000627	NT=Trypsin;AC=MS:1001251	TMT131	not applicable	TMT81	NT=collision-induced dissociation;AC=MS:1000133	NT=beam-type collision-induced dissociation;AC=MS:1000422	not available	375m/z-1500m/z	not available	not available	not applicable	NT=TMT6plex;AC=UNIMOD:737;MT=fixed;PP=Any N-term	NT=TMT6plex;AC=UNIMOD:737;MT=fixed;TA=K;PP=Anywhere	NT=Oxidation;AC=UNIMOD:35;MT=variable;TA=M;PP=Anywhere	NT=Acetyl;AC=UNIMOD:1;MT=variable;PP=Protein N-term	v3.0.0	ms-proteomics v1.1.0	vertebrates v1.1.0	single-cell v1.0.0
PXD064518_TMT81_TMT128C	Mus musculus	heart	cardiac muscle cell	not available	cell	single cell	male	not available	adult	not available	not available	not pooled	PXD064518_TMT81_TMT128C	1	manual picking	not available	one cardiomyocyte; channel-to-genotype assignment unavailable	20221019_Ec_01_SC_CNIC-KI_TMT81	proteomic profiling by mass spectrometry	20221019_Ec_01_SC_CNIC-KI_TMT81.raw	ftp://ftp.pride.ebi.ac.uk/pride/data/archive/2026/04/PXD064518/20221019_Ec_01_SC_CNIC-KI_TMT81.raw	TMT128C	1	1	NT=Orbitrap Eclipse;AC=MS:1003029	NT=Data-dependent acquisition;AC=PRIDE:0000627	NT=Trypsin;AC=MS:1001251	TMT131	not applicable	TMT81	NT=collision-induced dissociation;AC=MS:1000133	NT=beam-type collision-induced dissociation;AC=MS:1000422	not available	375m/z-1500m/z	not available	not available	not applicable	NT=TMT6plex;AC=UNIMOD:737;MT=fixed;PP=Any N-term	NT=TMT6plex;AC=UNIMOD:737;MT=fixed;TA=K;PP=Anywhere	NT=Oxidation;AC=UNIMOD:35;MT=variable;TA=M;PP=Anywhere	NT=Acetyl;AC=UNIMOD:1;MT=variable;PP=Protein N-term	v3.0.0	ms-proteomics v1.1.0	vertebrates v1.1.0	single-cell v1.0.0
PXD064518_TMT81_TMT129N	Mus musculus	heart	cardiac muscle cell	not available	cell	single cell	male	not available	adult	not available	not available	not pooled	PXD064518_TMT81_TMT129N	1	manual picking	not available	one cardiomyocyte; channel-to-genotype assignment unavailable	20221019_Ec_01_SC_CNIC-KI_TMT81	proteomic profiling by mass spectrometry	20221019_Ec_01_SC_CNIC-KI_TMT81.raw	ftp://ftp.pride.ebi.ac.uk/pride/data/archive/2026/04/PXD064518/20221019_Ec_01_SC_CNIC-KI_TMT81.raw	TMT129N	1	1	NT=Orbitrap Eclipse;AC=MS:1003029	NT=Data-dependent acquisition;AC=PRIDE:0000627	NT=Trypsin;AC=MS:1001251	TMT131	not applicable	TMT81	NT=collision-induced dissociation;AC=MS:1000133	NT=beam-type collision-induced dissociation;AC=MS:1000422	not available	375m/z-1500m/z	not available	not available	not applicable	NT=TMT6plex;AC=UNIMOD:737;MT=fixed;PP=Any N-term	NT=TMT6plex;AC=UNIMOD:737;MT=fixed;TA=K;PP=Anywhere	NT=Oxidation;AC=UNIMOD:35;MT=variable;TA=M;PP=Anywhere	NT=Acetyl;AC=UNIMOD:1;MT=variable;PP=Protein N-term	v3.0.0	ms-proteomics v1.1.0	vertebrates v1.1.0	single-cell v1.0.0
PXD064518_TMT81_TMT129C	Mus musculus	heart	cardiac muscle cell	not available	cell	single cell	male	not available	adult	not available	not available	not pooled	PXD064518_TMT81_TMT129C	1	manual picking	not available	one cardiomyocyte; channel-to-genotype assignment unavailable	20221019_Ec_01_SC_CNIC-KI_TMT81	proteomic profiling by mass spectrometry	20221019_Ec_01_SC_CNIC-KI_TMT81.raw	ftp://ftp.pride.ebi.ac.uk/pride/data/archive/2026/04/PXD064518/20221019_Ec_01_SC_CNIC-KI_TMT81.raw	TMT129C	1	1	NT=Orbitrap Eclipse;AC=MS:1003029	NT=Data-dependent acquisition;AC=PRIDE:0000627	NT=Trypsin;AC=MS:1001251	TMT131	not applicable	TMT81	NT=collision-induced dissociation;AC=MS:1000133	NT=beam-type collision-induced dissociation;AC=MS:1000422	not available	375m/z-1500m/z	not available	not available	not applicable	NT=TMT6plex;AC=UNIMOD:737;MT=fixed;PP=Any N-term	NT=TMT6plex;AC=UNIMOD:737;MT=fixed;TA=K;PP=Anywhere	NT=Oxidation;AC=UNIMOD:35;MT=variable;TA=M;PP=Anywhere	NT=Acetyl;AC=UNIMOD:1;MT=variable;PP=Protein N-term	v3.0.0	ms-proteomics v1.1.0	vertebrates v1.1.0	single-cell v1.0.0
PXD064518_TMT81_TMT130C	Mus musculus	heart	cardiac muscle cell	not available	cell	single cell	male	not available	adult	not available	not available	not pooled	PXD064518_TMT81_TMT130C	1	manual picking	not available	one cardiomyocyte; channel-to-genotype assignment unavailable	20221019_Ec_01_SC_CNIC-KI_TMT81	proteomic profiling by mass spectrometry	20221019_Ec_01_SC_CNIC-KI_TMT81.raw	ftp://ftp.pride.ebi.ac.uk/pride/data/archive/2026/04/PXD064518/20221019_Ec_01_SC_CNIC-KI_TMT81.raw	TMT130C	1	1	NT=Orbitrap Eclipse;AC=MS:1003029	NT=Data-dependent acquisition;AC=PRIDE:0000627	NT=Trypsin;AC=MS:1001251	TMT131	not applicable	TMT81	NT=collision-induced dissociation;AC=MS:1000133	NT=beam-type collision-induced dissociation;AC=MS:1000422	not available	375m/z-1500m/z	not available	not available	not applicable	NT=TMT6plex;AC=UNIMOD:737;MT=fixed;PP=Any N-term	NT=TMT6plex;AC=UNIMOD:737;MT=fixed;TA=K;PP=Anywhere	NT=Oxidation;AC=UNIMOD:35;MT=variable;TA=M;PP=Anywhere	NT=Acetyl;AC=UNIMOD:1;MT=variable;PP=Protein N-term	v3.0.0	ms-proteomics v1.1.0	vertebrates v1.1.0	single-cell v1.0.0
PXD064518_TMT81_TMT131	Mus musculus	heart	cardiac muscle cell	not available	cell	carrier	male	not available	adult	not available	pooled	pooled	not applicable	200	not available	mixed control and Myc-overexpressing cardiomyocytes	100 control plus 100 Myc-overexpressing cardiomyocytes	20221019_Ec_01_SC_CNIC-KI_TMT81	proteomic profiling by mass spectrometry	20221019_Ec_01_SC_CNIC-KI_TMT81.raw	ftp://ftp.pride.ebi.ac.uk/pride/data/archive/2026/04/PXD064518/20221019_Ec_01_SC_CNIC-KI_TMT81.raw	TMT131	1	1	NT=Orbitrap Eclipse;AC=MS:1003029	NT=Data-dependent acquisition;AC=PRIDE:0000627	NT=Trypsin;AC=MS:1001251	TMT131	not applicable	TMT81	NT=collision-induced dissociation;AC=MS:1000133	NT=beam-type collision-induced dissociation;AC=MS:1000422	not available	375m/z-1500m/z	not available	not available	not applicable	NT=TMT6plex;AC=UNIMOD:737;MT=fixed;PP=Any N-term	NT=TMT6plex;AC=UNIMOD:737;MT=fixed;TA=K;PP=Anywhere	NT=Oxidation;AC=UNIMOD:35;MT=variable;TA=M;PP=Anywhere	NT=Acetyl;AC=UNIMOD:1;MT=variable;PP=Protein N-term	v3.0.0	ms-proteomics v1.1.0	vertebrates v1.1.0	single-cell v1.0.0
PXD064518_TMT82_TMT126	Mus musculus	heart	cardiac muscle cell	not available	cell	single cell	male	not available	adult	not available	not available	not pooled	PXD064518_TMT82_TMT126	1	manual picking	not available	one cardiomyocyte; channel-to-genotype assignment unavailable	20221019_Ec_01_SC_CNIC-KI_TMT82	proteomic profiling by mass spectrometry	20221019_Ec_01_SC_CNIC-KI_TMT82.raw	ftp://ftp.pride.ebi.ac.uk/pride/data/archive/2026/04/PXD064518/20221019_Ec_01_SC_CNIC-KI_TMT82.raw	TMT126	1	1	NT=Orbitrap Eclipse;AC=MS:1003029	NT=Data-dependent acquisition;AC=PRIDE:0000627	NT=Trypsin;AC=MS:1001251	TMT131	not applicable	TMT82	NT=collision-induced dissociation;AC=MS:1000133	NT=beam-type collision-induced dissociation;AC=MS:1000422	not available	375m/z-1500m/z	not available	not available	not applicable	NT=TMT6plex;AC=UNIMOD:737;MT=fixed;PP=Any N-term	NT=TMT6plex;AC=UNIMOD:737;MT=fixed;TA=K;PP=Anywhere	NT=Oxidation;AC=UNIMOD:35;MT=variable;TA=M;PP=Anywhere	NT=Acetyl;AC=UNIMOD:1;MT=variable;PP=Protein N-term	v3.0.0	ms-proteomics v1.1.0	vertebrates v1.1.0	single-cell v1.0.0
PXD064518_TMT82_TMT127N	Mus musculus	heart	cardiac muscle cell	not available	cell	single cell	male	not available	adult	not available	not available	not pooled	PXD064518_TMT82_TMT127N	1	manual picking	not available	one cardiomyocyte; channel-to-genotype assignment unavailable	20221019_Ec_01_SC_CNIC-KI_TMT82	proteomic profiling by mass spectrometry	20221019_Ec_01_SC_CNIC-KI_TMT82.raw	ftp://ftp.pride.ebi.ac.uk/pride/data/archive/2026/04/PXD064518/20221019_Ec_01_SC_CNIC-KI_TMT82.raw	TMT127N	1	1	NT=Orbitrap Eclipse;AC=MS:1003029	NT=Data-dependent acquisition;AC=PRIDE:0000627	NT=Trypsin;AC=MS:1001251	TMT131	not applicable	TMT82	NT=collision-induced dissociation;AC=MS:1000133	NT=beam-type collision-induced dissociation;AC=MS:1000422	not available	375m/z-1500m/z	not available	not available	not applicable	NT=TMT6plex;AC=UNIMOD:737;MT=fixed;PP=Any N-term	NT=TMT6plex;AC=UNIMOD:737;MT=fixed;TA=K;PP=Anywhere	NT=Oxidation;AC=UNIMOD:35;MT=variable;TA=M;PP=Anywhere	NT=Acetyl;AC=UNIMOD:1;MT=variable;PP=Protein N-term	v3.0.0	ms-proteomics v1.1.0	vertebrates v1.1.0	single-cell v1.0.0
PXD064518_TMT82_TMT127C	Mus musculus	heart	cardiac muscle cell	not available	cell	single cell	male	not available	adult	not available	not available	not pooled	PXD064518_TMT82_TMT127C	1	manual picking	not available	one cardiomyocyte; channel-to-genotype assignment unavailable	20221019_Ec_01_SC_CNIC-KI_TMT82	proteomic profiling by mass spectrometry	20221019_Ec_01_SC_CNIC-KI_TMT82.raw	ftp://ftp.pride.ebi.ac.uk/pride/data/archive/2026/04/PXD064518/20221019_Ec_01_SC_CNIC-KI_TMT82.raw	TMT127C	1	1	NT=Orbitrap Eclipse;AC=MS:1003029	NT=Data-dependent acquisition;AC=PRIDE:0000627	NT=Trypsin;AC=MS:1001251	TMT131	not applicable	TMT82	NT=collision-induced dissociation;AC=MS:1000133	NT=beam-type collision-induced dissociation;AC=MS:1000422	not available	375m/z-1500m/z	not available	not available	not applicable	NT=TMT6plex;AC=UNIMOD:737;MT=fixed;PP=Any N-term	NT=TMT6plex;AC=UNIMOD:737;MT=fixed;TA=K;PP=Anywhere	NT=Oxidation;AC=UNIMOD:35;MT=variable;TA=M;PP=Anywhere	NT=Acetyl;AC=UNIMOD:1;MT=variable;PP=Protein N-term	v3.0.0	ms-proteomics v1.1.0	vertebrates v1.1.0	single-cell v1.0.0
PXD064518_TMT82_TMT128N	Mus musculus	heart	cardiac muscle cell	not available	cell	single cell	male	not available	adult	not available	not available	not pooled	PXD064518_TMT82_TMT128N	1	manual picking	not available	one cardiomyocyte; channel-to-genotype assignment unavailable	20221019_Ec_01_SC_CNIC-KI_TMT82	proteomic profiling by mass spectrometry	20221019_Ec_01_SC_CNIC-KI_TMT82.raw	ftp://ftp.pride.ebi.ac.uk/pride/data/archive/2026/04/PXD064518/20221019_Ec_01_SC_CNIC-KI_TMT82.raw	TMT128N	1	1	NT=Orbitrap Eclipse;AC=MS:1003029	NT=Data-dependent acquisition;AC=PRIDE:0000627	NT=Trypsin;AC=MS:1001251	TMT131	not applicable	TMT82	NT=collision-induced dissociation;AC=MS:1000133	NT=beam-type collision-induced dissociation;AC=MS:1000422	not available	375m/z-1500m/z	not available	not available	not applicable	NT=TMT6plex;AC=UNIMOD:737;MT=fixed;PP=Any N-term	NT=TMT6plex;AC=UNIMOD:737;MT=fixed;TA=K;PP=Anywhere	NT=Oxidation;AC=UNIMOD:35;MT=variable;TA=M;PP=Anywhere	NT=Acetyl;AC=UNIMOD:1;MT=variable;PP=Protein N-term	v3.0.0	ms-proteomics v1.1.0	vertebrates v1.1.0	single-cell v1.0.0
PXD064518_TMT82_TMT128C	Mus musculus	heart	cardiac muscle cell	not available	cell	single cell	male	not available	adult	not available	not available	not pooled	PXD064518_TMT82_TMT128C	1	manual picking	not available	one cardiomyocyte; channel-to-genotype assignment unavailable	20221019_Ec_01_SC_CNIC-KI_TMT82	proteomic profiling by mass spectrometry	20221019_Ec_01_SC_CNIC-KI_TMT82.raw	ftp://ftp.pride.ebi.ac.uk/pride/data/archive/2026/04/PXD064518/20221019_Ec_01_SC_CNIC-KI_TMT82.raw	TMT128C	1	1	NT=Orbitrap Eclipse;AC=MS:1003029	NT=Data-dependent acquisition;AC=PRIDE:0000627	NT=Trypsin;AC=MS:1001251	TMT131	not applicable	TMT82	NT=collision-induced dissociation;AC=MS:1000133	NT=beam-type collision-induced dissociation;AC=MS:1000422	not available	375m/z-1500m/z	not available	not available	not applicable	NT=TMT6plex;AC=UNIMOD:737;MT=fixed;PP=Any N-term	NT=TMT6plex;AC=UNIMOD:737;MT=fixed;TA=K;PP=Anywhere	NT=Oxidation;AC=UNIMOD:35;MT=variable;TA=M;PP=Anywhere	NT=Acetyl;AC=UNIMOD:1;MT=variable;PP=Protein N-term	v3.0.0	ms-proteomics v1.1.0	vertebrates v1.1.0	single-cell v1.0.0
PXD064518_TMT82_TMT129N	Mus musculus	heart	cardiac muscle cell	not available	cell	single cell	male	not available	adult	not available	not available	not pooled	PXD064518_TMT82_TMT129N	1	manual picking	not available	one cardiomyocyte; channel-to-genotype assignment unavailable	20221019_Ec_01_SC_CNIC-KI_TMT82	proteomic profiling by mass spectrometry	20221019_Ec_01_SC_CNIC-KI_TMT82.raw	ftp://ftp.pride.ebi.ac.uk/pride/data/archive/2026/04/PXD064518/20221019_Ec_01_SC_CNIC-KI_TMT82.raw	TMT129N	1	1	NT=Orbitrap Eclipse;AC=MS:1003029	NT=Data-dependent acquisition;AC=PRIDE:0000627	NT=Trypsin;AC=MS:1001251	TMT131	not applicable	TMT82	NT=collision-induced dissociation;AC=MS:1000133	NT=beam-type collision-induced dissociation;AC=MS:1000422	not available	375m/z-1500m/z	not available	not available	not applicable	NT=TMT6plex;AC=UNIMOD:737;MT=fixed;PP=Any N-term	NT=TMT6plex;AC=UNIMOD:737;MT=fixed;TA=K;PP=Anywhere	NT=Oxidation;AC=UNIMOD:35;MT=variable;TA=M;PP=Anywhere	NT=Acetyl;AC=UNIMOD:1;MT=variable;PP=Protein N-term	v3.0.0	ms-proteomics v1.1.0	vertebrates v1.1.0	single-cell v1.0.0
PXD064518_TMT82_TMT129C	Mus musculus	heart	cardiac muscle cell	not available	cell	single cell	male	not available	adult	not available	not available	not pooled	PXD064518_TMT82_TMT129C	1	manual picking	not available	one cardiomyocyte; channel-to-genotype assignment unavailable	20221019_Ec_01_SC_CNIC-KI_TMT82	proteomic profiling by mass spectrometry	20221019_Ec_01_SC_CNIC-KI_TMT82.raw	ftp://ftp.pride.ebi.ac.uk/pride/data/archive/2026/04/PXD064518/20221019_Ec_01_SC_CNIC-KI_TMT82.raw	TMT129C	1	1	NT=Orbitrap Eclipse;AC=MS:1003029	NT=Data-dependent acquisition;AC=PRIDE:0000627	NT=Trypsin;AC=MS:1001251	TMT131	not applicable	TMT82	NT=collision-induced dissociation;AC=MS:1000133	NT=beam-type collision-induced dissociation;AC=MS:1000422	not available	375m/z-1500m/z	not available	not available	not applicable	NT=TMT6plex;AC=UNIMOD:737;MT=fixed;PP=Any N-term	NT=TMT6plex;AC=UNIMOD:737;MT=fixed;TA=K;PP=Anywhere	NT=Oxidation;AC=UNIMOD:35;MT=variable;TA=M;PP=Anywhere	NT=Acetyl;AC=UNIMOD:1;MT=variable;PP=Protein N-term	v3.0.0	ms-proteomics v1.1.0	vertebrates v1.1.0	single-cell v1.0.0
PXD064518_TMT82_TMT130C	Mus musculus	heart	cardiac muscle cell	not available	cell	single cell	male	not available	adult	not available	not available	not pooled	PXD064518_TMT82_TMT130C	1	manual picking	not available	one cardiomyocyte; channel-to-genotype assignment unavailable	20221019_Ec_01_SC_CNIC-KI_TMT82	proteomic profiling by mass spectrometry	20221019_Ec_01_SC_CNIC-KI_TMT82.raw	ftp://ftp.pride.ebi.ac.uk/pride/data/archive/2026/04/PXD064518/20221019_Ec_01_SC_CNIC-KI_TMT82.raw	TMT130C	1	1	NT=Orbitrap Eclipse;AC=MS:1003029	NT=Data-dependent acquisition;AC=PRIDE:0000627	NT=Trypsin;AC=MS:1001251	TMT131	not applicable	TMT82	NT=collision-induced dissociation;AC=MS:1000133	NT=beam-type collision-induced dissociation;AC=MS:1000422	not available	375m/z-1500m/z	not available	not available	not applicable	NT=TMT6plex;AC=UNIMOD:737;MT=fixed;PP=Any N-term	NT=TMT6plex;AC=UNIMOD:737;MT=fixed;TA=K;PP=Anywhere	NT=Oxidation;AC=UNIMOD:35;MT=variable;TA=M;PP=Anywhere	NT=Acetyl;AC=UNIMOD:1;MT=variable;PP=Protein N-term	v3.0.0	ms-proteomics v1.1.0	vertebrates v1.1.0	single-cell v1.0.0
PXD064518_TMT82_TMT131	Mus musculus	heart	cardiac muscle cell	not available	cell	carrier	male	not available	adult	not available	pooled	pooled	not applicable	200	not available	mixed control and Myc-overexpressing cardiomyocytes	100 control plus 100 Myc-overexpressing cardiomyocytes	20221019_Ec_01_SC_CNIC-KI_TMT82	proteomic profiling by mass spectrometry	20221019_Ec_01_SC_CNIC-KI_TMT82.raw	ftp://ftp.pride.ebi.ac.uk/pride/data/archive/2026/04/PXD064518/20221019_Ec_01_SC_CNIC-KI_TMT82.raw	TMT131	1	1	NT=Orbitrap Eclipse;AC=MS:1003029	NT=Data-dependent acquisition;AC=PRIDE:0000627	NT=Trypsin;AC=MS:1001251	TMT131	not applicable	TMT82	NT=collision-induced dissociation;AC=MS:1000133	NT=beam-type collision-induced dissociation;AC=MS:1000422	not available	375m/z-1500m/z	not available	not available	not applicable	NT=TMT6plex;AC=UNIMOD:737;MT=fixed;PP=Any N-term	NT=TMT6plex;AC=UNIMOD:737;MT=fixed;TA=K;PP=Anywhere	NT=Oxidation;AC=UNIMOD:35;MT=variable;TA=M;PP=Anywhere	NT=Acetyl;AC=UNIMOD:1;MT=variable;PP=Protein N-term	v3.0.0	ms-proteomics v1.1.0	vertebrates v1.1.0	single-cell v1.0.0
PXD064518_TMT83_TMT126	Mus musculus	heart	cardiac muscle cell	not available	cell	single cell	male	not available	adult	not available	not available	not pooled	PXD064518_TMT83_TMT126	1	manual picking	not available	one cardiomyocyte; channel-to-genotype assignment unavailable	20221019_Ec_01_SC_CNIC-KI_TMT83	proteomic profiling by mass spectrometry	20221019_Ec_01_SC_CNIC-KI_TMT83.raw	ftp://ftp.pride.ebi.ac.uk/pride/data/archive/2026/04/PXD064518/20221019_Ec_01_SC_CNIC-KI_TMT83.raw	TMT126	1	1	NT=Orbitrap Eclipse;AC=MS:1003029	NT=Data-dependent acquisition;AC=PRIDE:0000627	NT=Trypsin;AC=MS:1001251	TMT131	not applicable	TMT83	NT=collision-induced dissociation;AC=MS:1000133	NT=beam-type collision-induced dissociation;AC=MS:1000422	not available	375m/z-1500m/z	not available	not available	not applicable	NT=TMT6plex;AC=UNIMOD:737;MT=fixed;PP=Any N-term	NT=TMT6plex;AC=UNIMOD:737;MT=fixed;TA=K;PP=Anywhere	NT=Oxidation;AC=UNIMOD:35;MT=variable;TA=M;PP=Anywhere	NT=Acetyl;AC=UNIMOD:1;MT=variable;PP=Protein N-term	v3.0.0	ms-proteomics v1.1.0	vertebrates v1.1.0	single-cell v1.0.0
PXD064518_TMT83_TMT127N	Mus musculus	heart	cardiac muscle cell	not available	cell	single cell	male	not available	adult	not available	not available	not pooled	PXD064518_TMT83_TMT127N	1	manual picking	not available	one cardiomyocyte; channel-to-genotype assignment unavailable	20221019_Ec_01_SC_CNIC-KI_TMT83	proteomic profiling by mass spectrometry	20221019_Ec_01_SC_CNIC-KI_TMT83.raw	ftp://ftp.pride.ebi.ac.uk/pride/data/archive/2026/04/PXD064518/20221019_Ec_01_SC_CNIC-KI_TMT83.raw	TMT127N	1	1	NT=Orbitrap Eclipse;AC=MS:1003029	NT=Data-dependent acquisition;AC=PRIDE:0000627	NT=Trypsin;AC=MS:1001251	TMT131	not applicable	TMT83	NT=collision-induced dissociation;AC=MS:1000133	NT=beam-type collision-induced dissociation;AC=MS:1000422	not available	375m/z-1500m/z	not available	not available	not applicable	NT=TMT6plex;AC=UNIMOD:737;MT=fixed;PP=Any N-term	NT=TMT6plex;AC=UNIMOD:737;MT=fixed;TA=K;PP=Anywhere	NT=Oxidation;AC=UNIMOD:35;MT=variable;TA=M;PP=Anywhere	NT=Acetyl;AC=UNIMOD:1;MT=variable;PP=Protein N-term	v3.0.0	ms-proteomics v1.1.0	vertebrates v1.1.0	single-cell v1.0.0
PXD064518_TMT83_TMT127C	Mus musculus	heart	cardiac muscle cell	not available	cell	single cell	male	not available	adult	not available	not available	not pooled	PXD064518_TMT83_TMT127C	1	manual picking	not available	one cardiomyocyte; channel-to-genotype assignment unavailable	20221019_Ec_01_SC_CNIC-KI_TMT83	proteomic profiling by mass spectrometry	20221019_Ec_01_SC_CNIC-KI_TMT83.raw	ftp://ftp.pride.ebi.ac.uk/pride/data/archive/2026/04/PXD064518/20221019_Ec_01_SC_CNIC-KI_TMT83.raw	TMT127C	1	1	NT=Orbitrap Eclipse;AC=MS:1003029	NT=Data-dependent acquisition;AC=PRIDE:0000627	NT=Trypsin;AC=MS:1001251	TMT131	not applicable	TMT83	NT=collision-induced dissociation;AC=MS:1000133	NT=beam-type collision-induced dissociation;AC=MS:1000422	not available	375m/z-1500m/z	not available	not available	not applicable	NT=TMT6plex;AC=UNIMOD:737;MT=fixed;PP=Any N-term	NT=TMT6plex;AC=UNIMOD:737;MT=fixed;TA=K;PP=Anywhere	NT=Oxidation;AC=UNIMOD:35;MT=variable;TA=M;PP=Anywhere	NT=Acetyl;AC=UNIMOD:1;MT=variable;PP=Protein N-term	v3.0.0	ms-proteomics v1.1.0	vertebrates v1.1.0	single-cell v1.0.0
PXD064518_TMT83_TMT128N	Mus musculus	heart	cardiac muscle cell	not available	cell	single cell	male	not available	adult	not available	not available	not pooled	PXD064518_TMT83_TMT128N	1	manual picking	not available	one cardiomyocyte; channel-to-genotype assignment unavailable	20221019_Ec_01_SC_CNIC-KI_TMT83	proteomic profiling by mass spectrometry	20221019_Ec_01_SC_CNIC-KI_TMT83.raw	ftp://ftp.pride.ebi.ac.uk/pride/data/archive/2026/04/PXD064518/20221019_Ec_01_SC_CNIC-KI_TMT83.raw	TMT128N	1	1	NT=Orbitrap Eclipse;AC=MS:1003029	NT=Data-dependent acquisition;AC=PRIDE:0000627	NT=Trypsin;AC=MS:1001251	TMT131	not applicable	TMT83	NT=collision-induced dissociation;AC=MS:1000133	NT=beam-type collision-induced dissociation;AC=MS:1000422	not available	375m/z-1500m/z	not available	not available	not applicable	NT=TMT6plex;AC=UNIMOD:737;MT=fixed;PP=Any N-term	NT=TMT6plex;AC=UNIMOD:737;MT=fixed;TA=K;PP=Anywhere	NT=Oxidation;AC=UNIMOD:35;MT=variable;TA=M;PP=Anywhere	NT=Acetyl;AC=UNIMOD:1;MT=variable;PP=Protein N-term	v3.0.0	ms-proteomics v1.1.0	vertebrates v1.1.0	single-cell v1.0.0
PXD064518_TMT83_TMT128C	Mus musculus	heart	cardiac muscle cell	not available	cell	single cell	male	not available	adult	not available	not available	not pooled	PXD064518_TMT83_TMT128C	1	manual picking	not available	one cardiomyocyte; channel-to-genotype assignment unavailable	20221019_Ec_01_SC_CNIC-KI_TMT83	proteomic profiling by mass spectrometry	20221019_Ec_01_SC_CNIC-KI_TMT83.raw	ftp://ftp.pride.ebi.ac.uk/pride/data/archive/2026/04/PXD064518/20221019_Ec_01_SC_CNIC-KI_TMT83.raw	TMT128C	1	1	NT=Orbitrap Eclipse;AC=MS:1003029	NT=Data-dependent acquisition;AC=PRIDE:0000627	NT=Trypsin;AC=MS:1001251	TMT131	not applicable	TMT83	NT=collision-induced dissociation;AC=MS:1000133	NT=beam-type collision-induced dissociation;AC=MS:1000422	not available	375m/z-1500m/z	not available	not available	not applicable	NT=TMT6plex;AC=UNIMOD:737;MT=fixed;PP=Any N-term	NT=TMT6plex;AC=UNIMOD:737;MT=fixed;TA=K;PP=Anywhere	NT=Oxidation;AC=UNIMOD:35;MT=variable;TA=M;PP=Anywhere	NT=Acetyl;AC=UNIMOD:1;MT=variable;PP=Protein N-term	v3.0.0	ms-proteomics v1.1.0	vertebrates v1.1.0	single-cell v1.0.0
PXD064518_TMT83_TMT129N	Mus musculus	heart	cardiac muscle cell	not available	cell	single cell	male	not available	adult	not available	not available	not pooled	PXD064518_TMT83_TMT129N	1	manual picking	not available	one cardiomyocyte; channel-to-genotype assignment unavailable	20221019_Ec_01_SC_CNIC-KI_TMT83	proteomic profiling by mass spectrometry	20221019_Ec_01_SC_CNIC-KI_TMT83.raw	ftp://ftp.pride.ebi.ac.uk/pride/data/archive/2026/04/PXD064518/20221019_Ec_01_SC_CNIC-KI_TMT83.raw	TMT129N	1	1	NT=Orbitrap Eclipse;AC=MS:1003029	NT=Data-dependent acquisition;AC=PRIDE:0000627	NT=Trypsin;AC=MS:1001251	TMT131	not applicable	TMT83	NT=collision-induced dissociation;AC=MS:1000133	NT=beam-type collision-induced dissociation;AC=MS:1000422	not available	375m/z-1500m/z	not available	not available	not applicable	NT=TMT6plex;AC=UNIMOD:737;MT=fixed;PP=Any N-term	NT=TMT6plex;AC=UNIMOD:737;MT=fixed;TA=K;PP=Anywhere	NT=Oxidation;AC=UNIMOD:35;MT=variable;TA=M;PP=Anywhere	NT=Acetyl;AC=UNIMOD:1;MT=variable;PP=Protein N-term	v3.0.0	ms-proteomics v1.1.0	vertebrates v1.1.0	single-cell v1.0.0
PXD064518_TMT83_TMT129C	Mus musculus	heart	cardiac muscle cell	not available	cell	single cell	male	not available	adult	not available	not available	not pooled	PXD064518_TMT83_TMT129C	1	manual picking	not available	one cardiomyocyte; channel-to-genotype assignment unavailable	20221019_Ec_01_SC_CNIC-KI_TMT83	proteomic profiling by mass spectrometry	20221019_Ec_01_SC_CNIC-KI_TMT83.raw	ftp://ftp.pride.ebi.ac.uk/pride/data/archive/2026/04/PXD064518/20221019_Ec_01_SC_CNIC-KI_TMT83.raw	TMT129C	1	1	NT=Orbitrap Eclipse;AC=MS:1003029	NT=Data-dependent acquisition;AC=PRIDE:0000627	NT=Trypsin;AC=MS:1001251	TMT131	not applicable	TMT83	NT=collision-induced dissociation;AC=MS:1000133	NT=beam-type collision-induced dissociation;AC=MS:1000422	not available	375m/z-1500m/z	not available	not available	not applicable	NT=TMT6plex;AC=UNIMOD:737;MT=fixed;PP=Any N-term	NT=TMT6plex;AC=UNIMOD:737;MT=fixed;TA=K;PP=Anywhere	NT=Oxidation;AC=UNIMOD:35;MT=variable;TA=M;PP=Anywhere	NT=Acetyl;AC=UNIMOD:1;MT=variable;PP=Protein N-term	v3.0.0	ms-proteomics v1.1.0	vertebrates v1.1.0	single-cell v1.0.0
PXD064518_TMT83_TMT130C	Mus musculus	heart	cardiac muscle cell	not available	cell	single cell	male	not available	adult	not available	not available	not pooled	PXD064518_TMT83_TMT130C	1	manual picking	not available	one cardiomyocyte; channel-to-genotype assignment unavailable	20221019_Ec_01_SC_CNIC-KI_TMT83	proteomic profiling by mass spectrometry	20221019_Ec_01_SC_CNIC-KI_TMT83.raw	ftp://ftp.pride.ebi.ac.uk/pride/data/archive/2026/04/PXD064518/20221019_Ec_01_SC_CNIC-KI_TMT83.raw	TMT130C	1	1	NT=Orbitrap Eclipse;AC=MS:1003029	NT=Data-dependent acquisition;AC=PRIDE:0000627	NT=Trypsin;AC=MS:1001251	TMT131	not applicable	TMT83	NT=collision-induced dissociation;AC=MS:1000133	NT=beam-type collision-induced dissociation;AC=MS:1000422	not available	375m/z-1500m/z	not available	not available	not applicable	NT=TMT6plex;AC=UNIMOD:737;MT=fixed;PP=Any N-term	NT=TMT6plex;AC=UNIMOD:737;MT=fixed;TA=K;PP=Anywhere	NT=Oxidation;AC=UNIMOD:35;MT=variable;TA=M;PP=Anywhere	NT=Acetyl;AC=UNIMOD:1;MT=variable;PP=Protein N-term	v3.0.0	ms-proteomics v1.1.0	vertebrates v1.1.0	single-cell v1.0.0
PXD064518_TMT83_TMT131	Mus musculus	heart	cardiac muscle cell	not available	cell	carrier	male	not available	adult	not available	pooled	pooled	not applicable	200	not available	mixed control and Myc-overexpressing cardiomyocytes	100 control plus 100 Myc-overexpressing cardiomyocytes	20221019_Ec_01_SC_CNIC-KI_TMT83	proteomic profiling by mass spectrometry	20221019_Ec_01_SC_CNIC-KI_TMT83.raw	ftp://ftp.pride.ebi.ac.uk/pride/data/archive/2026/04/PXD064518/20221019_Ec_01_SC_CNIC-KI_TMT83.raw	TMT131	1	1	NT=Orbitrap Eclipse;AC=MS:1003029	NT=Data-dependent acquisition;AC=PRIDE:0000627	NT=Trypsin;AC=MS:1001251	TMT131	not applicable	TMT83	NT=collision-induced dissociation;AC=MS:1000133	NT=beam-type collision-induced dissociation;AC=MS:1000422	not available	375m/z-1500m/z	not available	not available	not applicable	NT=TMT6plex;AC=UNIMOD:737;MT=fixed;PP=Any N-term	NT=TMT6plex;AC=UNIMOD:737;MT=fixed;TA=K;PP=Anywhere	NT=Oxidation;AC=UNIMOD:35;MT=variable;TA=M;PP=Anywhere	NT=Acetyl;AC=UNIMOD:1;MT=variable;PP=Protein N-term	v3.0.0	ms-proteomics v1.1.0	vertebrates v1.1.0	single-cell v1.0.0
PXD064518_TMT9_TMT126	Mus musculus	heart	cardiac muscle cell	not available	cell	single cell	male	not available	adult	not available	not available	not pooled	PXD064518_TMT9_TMT126	1	manual picking	not available	one cardiomyocyte; channel-to-genotype assignment unavailable	20221019_Ec_01_SC_CNIC-KI_TMT9	proteomic profiling by mass spectrometry	20221019_Ec_01_SC_CNIC-KI_TMT9.raw	ftp://ftp.pride.ebi.ac.uk/pride/data/archive/2026/04/PXD064518/20221019_Ec_01_SC_CNIC-KI_TMT9.raw	TMT126	1	1	NT=Orbitrap Eclipse;AC=MS:1003029	NT=Data-dependent acquisition;AC=PRIDE:0000627	NT=Trypsin;AC=MS:1001251	TMT131	not applicable	TMT9	NT=collision-induced dissociation;AC=MS:1000133	NT=beam-type collision-induced dissociation;AC=MS:1000422	not available	375m/z-1500m/z	not available	not available	not applicable	NT=TMT6plex;AC=UNIMOD:737;MT=fixed;PP=Any N-term	NT=TMT6plex;AC=UNIMOD:737;MT=fixed;TA=K;PP=Anywhere	NT=Oxidation;AC=UNIMOD:35;MT=variable;TA=M;PP=Anywhere	NT=Acetyl;AC=UNIMOD:1;MT=variable;PP=Protein N-term	v3.0.0	ms-proteomics v1.1.0	vertebrates v1.1.0	single-cell v1.0.0
PXD064518_TMT9_TMT127N	Mus musculus	heart	cardiac muscle cell	not available	cell	single cell	male	not available	adult	not available	not available	not pooled	PXD064518_TMT9_TMT127N	1	manual picking	not available	one cardiomyocyte; channel-to-genotype assignment unavailable	20221019_Ec_01_SC_CNIC-KI_TMT9	proteomic profiling by mass spectrometry	20221019_Ec_01_SC_CNIC-KI_TMT9.raw	ftp://ftp.pride.ebi.ac.uk/pride/data/archive/2026/04/PXD064518/20221019_Ec_01_SC_CNIC-KI_TMT9.raw	TMT127N	1	1	NT=Orbitrap Eclipse;AC=MS:1003029	NT=Data-dependent acquisition;AC=PRIDE:0000627	NT=Trypsin;AC=MS:1001251	TMT131	not applicable	TMT9	NT=collision-induced dissociation;AC=MS:1000133	NT=beam-type collision-induced dissociation;AC=MS:1000422	not available	375m/z-1500m/z	not available	not available	not applicable	NT=TMT6plex;AC=UNIMOD:737;MT=fixed;PP=Any N-term	NT=TMT6plex;AC=UNIMOD:737;MT=fixed;TA=K;PP=Anywhere	NT=Oxidation;AC=UNIMOD:35;MT=variable;TA=M;PP=Anywhere	NT=Acetyl;AC=UNIMOD:1;MT=variable;PP=Protein N-term	v3.0.0	ms-proteomics v1.1.0	vertebrates v1.1.0	single-cell v1.0.0
PXD064518_TMT9_TMT127C	Mus musculus	heart	cardiac muscle cell	not available	cell	single cell	male	not available	adult	not available	not available	not pooled	PXD064518_TMT9_TMT127C	1	manual picking	not available	one cardiomyocyte; channel-to-genotype assignment unavailable	20221019_Ec_01_SC_CNIC-KI_TMT9	proteomic profiling by mass spectrometry	20221019_Ec_01_SC_CNIC-KI_TMT9.raw	ftp://ftp.pride.ebi.ac.uk/pride/data/archive/2026/04/PXD064518/20221019_Ec_01_SC_CNIC-KI_TMT9.raw	TMT127C	1	1	NT=Orbitrap Eclipse;AC=MS:1003029	NT=Data-dependent acquisition;AC=PRIDE:0000627	NT=Trypsin;AC=MS:1001251	TMT131	not applicable	TMT9	NT=collision-induced dissociation;AC=MS:1000133	NT=beam-type collision-induced dissociation;AC=MS:1000422	not available	375m/z-1500m/z	not available	not available	not applicable	NT=TMT6plex;AC=UNIMOD:737;MT=fixed;PP=Any N-term	NT=TMT6plex;AC=UNIMOD:737;MT=fixed;TA=K;PP=Anywhere	NT=Oxidation;AC=UNIMOD:35;MT=variable;TA=M;PP=Anywhere	NT=Acetyl;AC=UNIMOD:1;MT=variable;PP=Protein N-term	v3.0.0	ms-proteomics v1.1.0	vertebrates v1.1.0	single-cell v1.0.0
PXD064518_TMT9_TMT128N	Mus musculus	heart	cardiac muscle cell	not available	cell	single cell	male	not available	adult	not available	not available	not pooled	PXD064518_TMT9_TMT128N	1	manual picking	not available	one cardiomyocyte; channel-to-genotype assignment unavailable	20221019_Ec_01_SC_CNIC-KI_TMT9	proteomic profiling by mass spectrometry	20221019_Ec_01_SC_CNIC-KI_TMT9.raw	ftp://ftp.pride.ebi.ac.uk/pride/data/archive/2026/04/PXD064518/20221019_Ec_01_SC_CNIC-KI_TMT9.raw	TMT128N	1	1	NT=Orbitrap Eclipse;AC=MS:1003029	NT=Data-dependent acquisition;AC=PRIDE:0000627	NT=Trypsin;AC=MS:1001251	TMT131	not applicable	TMT9	NT=collision-induced dissociation;AC=MS:1000133	NT=beam-type collision-induced dissociation;AC=MS:1000422	not available	375m/z-1500m/z	not available	not available	not applicable	NT=TMT6plex;AC=UNIMOD:737;MT=fixed;PP=Any N-term	NT=TMT6plex;AC=UNIMOD:737;MT=fixed;TA=K;PP=Anywhere	NT=Oxidation;AC=UNIMOD:35;MT=variable;TA=M;PP=Anywhere	NT=Acetyl;AC=UNIMOD:1;MT=variable;PP=Protein N-term	v3.0.0	ms-proteomics v1.1.0	vertebrates v1.1.0	single-cell v1.0.0
PXD064518_TMT9_TMT128C	Mus musculus	heart	cardiac muscle cell	not available	cell	single cell	male	not available	adult	not available	not available	not pooled	PXD064518_TMT9_TMT128C	1	manual picking	not available	one cardiomyocyte; channel-to-genotype assignment unavailable	20221019_Ec_01_SC_CNIC-KI_TMT9	proteomic profiling by mass spectrometry	20221019_Ec_01_SC_CNIC-KI_TMT9.raw	ftp://ftp.pride.ebi.ac.uk/pride/data/archive/2026/04/PXD064518/20221019_Ec_01_SC_CNIC-KI_TMT9.raw	TMT128C	1	1	NT=Orbitrap Eclipse;AC=MS:1003029	NT=Data-dependent acquisition;AC=PRIDE:0000627	NT=Trypsin;AC=MS:1001251	TMT131	not applicable	TMT9	NT=collision-induced dissociation;AC=MS:1000133	NT=beam-type collision-induced dissociation;AC=MS:1000422	not available	375m/z-1500m/z	not available	not available	not applicable	NT=TMT6plex;AC=UNIMOD:737;MT=fixed;PP=Any N-term	NT=TMT6plex;AC=UNIMOD:737;MT=fixed;TA=K;PP=Anywhere	NT=Oxidation;AC=UNIMOD:35;MT=variable;TA=M;PP=Anywhere	NT=Acetyl;AC=UNIMOD:1;MT=variable;PP=Protein N-term	v3.0.0	ms-proteomics v1.1.0	vertebrates v1.1.0	single-cell v1.0.0
PXD064518_TMT9_TMT129N	Mus musculus	heart	cardiac muscle cell	not available	cell	single cell	male	not available	adult	not available	not available	not pooled	PXD064518_TMT9_TMT129N	1	manual picking	not available	one cardiomyocyte; channel-to-genotype assignment unavailable	20221019_Ec_01_SC_CNIC-KI_TMT9	proteomic profiling by mass spectrometry	20221019_Ec_01_SC_CNIC-KI_TMT9.raw	ftp://ftp.pride.ebi.ac.uk/pride/data/archive/2026/04/PXD064518/20221019_Ec_01_SC_CNIC-KI_TMT9.raw	TMT129N	1	1	NT=Orbitrap Eclipse;AC=MS:1003029	NT=Data-dependent acquisition;AC=PRIDE:0000627	NT=Trypsin;AC=MS:1001251	TMT131	not applicable	TMT9	NT=collision-induced dissociation;AC=MS:1000133	NT=beam-type collision-induced dissociation;AC=MS:1000422	not available	375m/z-1500m/z	not available	not available	not applicable	NT=TMT6plex;AC=UNIMOD:737;MT=fixed;PP=Any N-term	NT=TMT6plex;AC=UNIMOD:737;MT=fixed;TA=K;PP=Anywhere	NT=Oxidation;AC=UNIMOD:35;MT=variable;TA=M;PP=Anywhere	NT=Acetyl;AC=UNIMOD:1;MT=variable;PP=Protein N-term	v3.0.0	ms-proteomics v1.1.0	vertebrates v1.1.0	single-cell v1.0.0
PXD064518_TMT9_TMT129C	Mus musculus	heart	cardiac muscle cell	not available	cell	single cell	male	not available	adult	not available	not available	not pooled	PXD064518_TMT9_TMT129C	1	manual picking	not available	one cardiomyocyte; channel-to-genotype assignment unavailable	20221019_Ec_01_SC_CNIC-KI_TMT9	proteomic profiling by mass spectrometry	20221019_Ec_01_SC_CNIC-KI_TMT9.raw	ftp://ftp.pride.ebi.ac.uk/pride/data/archive/2026/04/PXD064518/20221019_Ec_01_SC_CNIC-KI_TMT9.raw	TMT129C	1	1	NT=Orbitrap Eclipse;AC=MS:1003029	NT=Data-dependent acquisition;AC=PRIDE:0000627	NT=Trypsin;AC=MS:1001251	TMT131	not applicable	TMT9	NT=collision-induced dissociation;AC=MS:1000133	NT=beam-type collision-induced dissociation;AC=MS:1000422	not available	375m/z-1500m/z	not available	not available	not applicable	NT=TMT6plex;AC=UNIMOD:737;MT=fixed;PP=Any N-term	NT=TMT6plex;AC=UNIMOD:737;MT=fixed;TA=K;PP=Anywhere	NT=Oxidation;AC=UNIMOD:35;MT=variable;TA=M;PP=Anywhere	NT=Acetyl;AC=UNIMOD:1;MT=variable;PP=Protein N-term	v3.0.0	ms-proteomics v1.1.0	vertebrates v1.1.0	single-cell v1.0.0
PXD064518_TMT9_TMT130C	Mus musculus	heart	cardiac muscle cell	not available	cell	single cell	male	not available	adult	not available	not available	not pooled	PXD064518_TMT9_TMT130C	1	manual picking	not available	one cardiomyocyte; channel-to-genotype assignment unavailable	20221019_Ec_01_SC_CNIC-KI_TMT9	proteomic profiling by mass spectrometry	20221019_Ec_01_SC_CNIC-KI_TMT9.raw	ftp://ftp.pride.ebi.ac.uk/pride/data/archive/2026/04/PXD064518/20221019_Ec_01_SC_CNIC-KI_TMT9.raw	TMT130C	1	1	NT=Orbitrap Eclipse;AC=MS:1003029	NT=Data-dependent acquisition;AC=PRIDE:0000627	NT=Trypsin;AC=MS:1001251	TMT131	not applicable	TMT9	NT=collision-induced dissociation;AC=MS:1000133	NT=beam-type collision-induced dissociation;AC=MS:1000422	not available	375m/z-1500m/z	not available	not available	not applicable	NT=TMT6plex;AC=UNIMOD:737;MT=fixed;PP=Any N-term	NT=TMT6plex;AC=UNIMOD:737;MT=fixed;TA=K;PP=Anywhere	NT=Oxidation;AC=UNIMOD:35;MT=variable;TA=M;PP=Anywhere	NT=Acetyl;AC=UNIMOD:1;MT=variable;PP=Protein N-term	v3.0.0	ms-proteomics v1.1.0	vertebrates v1.1.0	single-cell v1.0.0
PXD064518_TMT9_TMT131	Mus musculus	heart	cardiac muscle cell	not available	cell	carrier	male	not available	adult	not available	pooled	pooled	not applicable	200	not available	mixed control and Myc-overexpressing cardiomyocytes	100 control plus 100 Myc-overexpressing cardiomyocytes	20221019_Ec_01_SC_CNIC-KI_TMT9	proteomic profiling by mass spectrometry	20221019_Ec_01_SC_CNIC-KI_TMT9.raw	ftp://ftp.pride.ebi.ac.uk/pride/data/archive/2026/04/PXD064518/20221019_Ec_01_SC_CNIC-KI_TMT9.raw	TMT131	1	1	NT=Orbitrap Eclipse;AC=MS:1003029	NT=Data-dependent acquisition;AC=PRIDE:0000627	NT=Trypsin;AC=MS:1001251	TMT131	not applicable	TMT9	NT=collision-induced dissociation;AC=MS:1000133	NT=beam-type collision-induced dissociation;AC=MS:1000422	not available	375m/z-1500m/z	not available	not available	not applicable	NT=TMT6plex;AC=UNIMOD:737;MT=fixed;PP=Any N-term	NT=TMT6plex;AC=UNIMOD:737;MT=fixed;TA=K;PP=Anywhere	NT=Oxidation;AC=UNIMOD:35;MT=variable;TA=M;PP=Anywhere	NT=Acetyl;AC=UNIMOD:1;MT=variable;PP=Protein N-term	v3.0.0	ms-proteomics v1.1.0	vertebrates v1.1.0	single-cell v1.0.0
